platform,token,company,board_url,api_url,open_roles,count_basis,region
ashby,0g,0g,https://jobs.ashbyhq.com/0g,https://api.ashbyhq.com/posting-api/job-board/0g,7,observed,
ashby,10xteam,10xteam,https://jobs.ashbyhq.com/10xteam,https://api.ashbyhq.com/posting-api/job-board/10xteam,133,observed,
ashby,1bios,1bios,https://jobs.ashbyhq.com/1bios,https://api.ashbyhq.com/posting-api/job-board/1bios,1,observed,
ashby,1mind,1mind,https://jobs.ashbyhq.com/1mind,https://api.ashbyhq.com/posting-api/job-board/1mind,8,observed,
ashby,1password,1password,https://jobs.ashbyhq.com/1password,https://api.ashbyhq.com/posting-api/job-board/1password,63,observed,
ashby,1x,1x,https://jobs.ashbyhq.com/1x,https://api.ashbyhq.com/posting-api/job-board/1x,79,observed,
ashby,3imembers,3imembers,https://jobs.ashbyhq.com/3imembers,https://api.ashbyhq.com/posting-api/job-board/3imembers,9,observed,
ashby,42dot,42dot,https://jobs.ashbyhq.com/42dot,https://api.ashbyhq.com/posting-api/job-board/42dot,114,observed,
ashby,5bluesoftware,5bluesoftware,https://jobs.ashbyhq.com/5bluesoftware,https://api.ashbyhq.com/posting-api/job-board/5bluesoftware,6,observed,
ashby,805title,805title,https://jobs.ashbyhq.com/805title,https://api.ashbyhq.com/posting-api/job-board/805title,5,observed,
ashby,8fleet-inc,8fleet-inc,https://jobs.ashbyhq.com/8fleet-inc,https://api.ashbyhq.com/posting-api/job-board/8fleet-inc,11,observed,
ashby,8vc,8vc,https://jobs.ashbyhq.com/8vc,https://api.ashbyhq.com/posting-api/job-board/8vc,4,observed,
ashby,9-mothers,9-mothers,https://jobs.ashbyhq.com/9-mothers,https://api.ashbyhq.com/posting-api/job-board/9-mothers,11,observed,
ashby,9fin,9fin,https://jobs.ashbyhq.com/9fin,https://api.ashbyhq.com/posting-api/job-board/9fin,40,observed,
ashby,a-place-for-mom,a-place-for-mom,https://jobs.ashbyhq.com/a-place-for-mom,https://api.ashbyhq.com/posting-api/job-board/a-place-for-mom,61,observed,
ashby,a-team,a-team,https://jobs.ashbyhq.com/a-team,https://api.ashbyhq.com/posting-api/job-board/a-team,2,observed,
ashby,a16z-new-media,a16z-new-media,https://jobs.ashbyhq.com/a16z-new-media,https://api.ashbyhq.com/posting-api/job-board/a16z-new-media,27,observed,
ashby,Aaron-School,Aaron-School,https://jobs.ashbyhq.com/Aaron-School,https://api.ashbyhq.com/posting-api/job-board/Aaron-School,2,observed,
ashby,abacum,abacum,https://jobs.ashbyhq.com/abacum,https://api.ashbyhq.com/posting-api/job-board/abacum,17,observed,
ashby,abound,abound,https://jobs.ashbyhq.com/abound,https://api.ashbyhq.com/posting-api/job-board/abound,23,observed,
ashby,abridge,abridge,https://jobs.ashbyhq.com/abridge,https://api.ashbyhq.com/posting-api/job-board/abridge,47,observed,
ashby,absci,absci,https://jobs.ashbyhq.com/absci,https://api.ashbyhq.com/posting-api/job-board/absci,3,observed,
ashby,absentia-labs,absentia-labs,https://jobs.ashbyhq.com/absentia-labs,https://api.ashbyhq.com/posting-api/job-board/absentia-labs,2,observed,
ashby,absorblms,absorblms,https://jobs.ashbyhq.com/absorblms,https://api.ashbyhq.com/posting-api/job-board/absorblms,41,observed,
ashby,abundant,abundant,https://jobs.ashbyhq.com/abundant,https://api.ashbyhq.com/posting-api/job-board/abundant,5,observed,
ashby,access,access,https://jobs.ashbyhq.com/access,https://api.ashbyhq.com/posting-api/job-board/access,19,observed,
ashby,Accord,Accord,https://jobs.ashbyhq.com/Accord,https://api.ashbyhq.com/posting-api/job-board/Accord,3,observed,
ashby,accurx,accurx,https://jobs.ashbyhq.com/accurx,https://api.ashbyhq.com/posting-api/job-board/accurx,16,observed,
ashby,ace-1-media,ace-1-media,https://jobs.ashbyhq.com/ace-1-media,https://api.ashbyhq.com/posting-api/job-board/ace-1-media,3,observed,
ashby,aceve,aceve,https://jobs.ashbyhq.com/aceve,https://api.ashbyhq.com/posting-api/job-board/aceve,17,observed,
ashby,achilleshr,achilleshr,https://jobs.ashbyhq.com/achilleshr,https://api.ashbyhq.com/posting-api/job-board/achilleshr,2,observed,
ashby,achira,achira,https://jobs.ashbyhq.com/achira,https://api.ashbyhq.com/posting-api/job-board/achira,8,observed,
ashby,acorns,acorns,https://jobs.ashbyhq.com/acorns,https://api.ashbyhq.com/posting-api/job-board/acorns,11,observed,
ashby,acquisition,acquisition,https://jobs.ashbyhq.com/acquisition,https://api.ashbyhq.com/posting-api/job-board/acquisition,13,observed,
ashby,activesite,activesite,https://jobs.ashbyhq.com/activesite,https://api.ashbyhq.com/posting-api/job-board/activesite,3,observed,
ashby,adaption,adaption,https://jobs.ashbyhq.com/adaption,https://api.ashbyhq.com/posting-api/job-board/adaption,9,observed,
ashby,adaptive,adaptive,https://jobs.ashbyhq.com/adaptive,https://api.ashbyhq.com/posting-api/job-board/adaptive,13,observed,
ashby,adaptive-innovations,adaptive-innovations,https://jobs.ashbyhq.com/adaptive-innovations,https://api.ashbyhq.com/posting-api/job-board/adaptive-innovations,12,observed,
ashby,adaptivesecurity,adaptivesecurity,https://jobs.ashbyhq.com/adaptivesecurity,https://api.ashbyhq.com/posting-api/job-board/adaptivesecurity,16,observed,
ashby,adaptyv,adaptyv,https://jobs.ashbyhq.com/adaptyv,https://api.ashbyhq.com/posting-api/job-board/adaptyv,36,observed,
ashby,addi,addi,https://jobs.ashbyhq.com/addi,https://api.ashbyhq.com/posting-api/job-board/addi,24,observed,
ashby,additiveai,additiveai,https://jobs.ashbyhq.com/additiveai,https://api.ashbyhq.com/posting-api/job-board/additiveai,3,observed,
ashby,aditude,aditude,https://jobs.ashbyhq.com/aditude,https://api.ashbyhq.com/posting-api/job-board/aditude,7,observed,
ashby,adjoe,adjoe,https://jobs.ashbyhq.com/adjoe,https://api.ashbyhq.com/posting-api/job-board/adjoe,49,observed,
ashby,adonis,adonis,https://jobs.ashbyhq.com/adonis,https://api.ashbyhq.com/posting-api/job-board/adonis,7,observed,
ashby,adthena,adthena,https://jobs.ashbyhq.com/adthena,https://api.ashbyhq.com/posting-api/job-board/adthena,10,observed,
ashby,aegis-ai,aegis-ai,https://jobs.ashbyhq.com/aegis-ai,https://api.ashbyhq.com/posting-api/job-board/aegis-ai,22,observed,
ashby,AeroVect,AeroVect,https://jobs.ashbyhq.com/AeroVect,https://api.ashbyhq.com/posting-api/job-board/AeroVect,39,observed,
ashby,aescape,aescape,https://jobs.ashbyhq.com/aescape,https://api.ashbyhq.com/posting-api/job-board/aescape,6,observed,
ashby,afterquery,afterquery,https://jobs.ashbyhq.com/afterquery,https://api.ashbyhq.com/posting-api/job-board/afterquery,28,observed,
ashby,agavegames,agavegames,https://jobs.ashbyhq.com/agavegames,https://api.ashbyhq.com/posting-api/job-board/agavegames,3,observed,
ashby,agent,agent,https://jobs.ashbyhq.com/agent,https://api.ashbyhq.com/posting-api/job-board/agent,29,observed,
ashby,agentio,agentio,https://jobs.ashbyhq.com/agentio,https://api.ashbyhq.com/posting-api/job-board/agentio,17,observed,
ashby,Agentis-Capital-Advisors,Agentis-Capital-Advisors,https://jobs.ashbyhq.com/Agentis-Capital-Advisors,https://api.ashbyhq.com/posting-api/job-board/Agentis-Capital-Advisors,29,observed,
ashby,AgentMail,AgentMail,https://jobs.ashbyhq.com/AgentMail,https://api.ashbyhq.com/posting-api/job-board/AgentMail,6,observed,
ashby,agi-inc,agi-inc,https://jobs.ashbyhq.com/agi-inc,https://api.ashbyhq.com/posting-api/job-board/agi-inc,6,observed,
ashby,agreena,agreena,https://jobs.ashbyhq.com/agreena,https://api.ashbyhq.com/posting-api/job-board/agreena,1,observed,
ashby,aida,aida,https://jobs.ashbyhq.com/aida,https://api.ashbyhq.com/posting-api/job-board/aida,3,observed,
ashby,aidkit,aidkit,https://jobs.ashbyhq.com/aidkit,https://api.ashbyhq.com/posting-api/job-board/aidkit,2,observed,
ashby,aim,aim,https://jobs.ashbyhq.com/aim,https://api.ashbyhq.com/posting-api/job-board/aim,21,observed,
ashby,aios,aios,https://jobs.ashbyhq.com/aios,https://api.ashbyhq.com/posting-api/job-board/aios,17,observed,
ashby,airbyte,airbyte,https://jobs.ashbyhq.com/airbyte,https://api.ashbyhq.com/posting-api/job-board/airbyte,12,observed,
ashby,airgarage,airgarage,https://jobs.ashbyhq.com/airgarage,https://api.ashbyhq.com/posting-api/job-board/airgarage,5,observed,
ashby,airops,airops,https://jobs.ashbyhq.com/airops,https://api.ashbyhq.com/posting-api/job-board/airops,8,observed,
ashby,airspace-intelligence.com,airspace-intelligence.com,https://jobs.ashbyhq.com/airspace-intelligence.com,https://api.ashbyhq.com/posting-api/job-board/airspace-intelligence.com,27,observed,
ashby,airspeed,airspeed,https://jobs.ashbyhq.com/airspeed,https://api.ashbyhq.com/posting-api/job-board/airspeed,4,observed,
ashby,airtasker,airtasker,https://jobs.ashbyhq.com/airtasker,https://api.ashbyhq.com/posting-api/job-board/airtasker,6,observed,
ashby,airwallex,airwallex,https://jobs.ashbyhq.com/airwallex,https://api.ashbyhq.com/posting-api/job-board/airwallex,609,observed,
ashby,aisle,aisle,https://jobs.ashbyhq.com/aisle,https://api.ashbyhq.com/posting-api/job-board/aisle,5,observed,
ashby,aiwyn,aiwyn,https://jobs.ashbyhq.com/aiwyn,https://api.ashbyhq.com/posting-api/job-board/aiwyn,7,observed,
ashby,aka,aka,https://jobs.ashbyhq.com/aka,https://api.ashbyhq.com/posting-api/job-board/aka,5,observed,
ashby,akasa,akasa,https://jobs.ashbyhq.com/akasa,https://api.ashbyhq.com/posting-api/job-board/akasa,12,observed,
ashby,alan,alan,https://jobs.ashbyhq.com/alan,https://api.ashbyhq.com/posting-api/job-board/alan,90,observed,
ashby,alaro,alaro,https://jobs.ashbyhq.com/alaro,https://api.ashbyhq.com/posting-api/job-board/alaro,2,observed,
ashby,alcazar-energy,alcazar-energy,https://jobs.ashbyhq.com/alcazar-energy,https://api.ashbyhq.com/posting-api/job-board/alcazar-energy,13,observed,
ashby,alchemy,alchemy,https://jobs.ashbyhq.com/alchemy,https://api.ashbyhq.com/posting-api/job-board/alchemy,17,observed,
ashby,alembic,alembic,https://jobs.ashbyhq.com/alembic,https://api.ashbyhq.com/posting-api/job-board/alembic,10,observed,
ashby,aleph,aleph,https://jobs.ashbyhq.com/aleph,https://api.ashbyhq.com/posting-api/job-board/aleph,8,observed,
ashby,AlephAlpha,AlephAlpha,https://jobs.ashbyhq.com/AlephAlpha,https://api.ashbyhq.com/posting-api/job-board/AlephAlpha,1,observed,
ashby,alexai,alexai,https://jobs.ashbyhq.com/alexai,https://api.ashbyhq.com/posting-api/job-board/alexai,1,observed,
ashby,allarahealth,allarahealth,https://jobs.ashbyhq.com/allarahealth,https://api.ashbyhq.com/posting-api/job-board/allarahealth,167,observed,
ashby,allica-bank,allica-bank,https://jobs.ashbyhq.com/allica-bank,https://api.ashbyhq.com/posting-api/job-board/allica-bank,39,observed,
ashby,allium,allium,https://jobs.ashbyhq.com/allium,https://api.ashbyhq.com/posting-api/job-board/allium,12,observed,
ashby,alljoined,alljoined,https://jobs.ashbyhq.com/alljoined,https://api.ashbyhq.com/posting-api/job-board/alljoined,7,observed,
ashby,allminds,allminds,https://jobs.ashbyhq.com/allminds,https://api.ashbyhq.com/posting-api/job-board/allminds,1,observed,
ashby,alloyenterprises,alloyenterprises,https://jobs.ashbyhq.com/alloyenterprises,https://api.ashbyhq.com/posting-api/job-board/alloyenterprises,5,observed,
ashby,alloyriver,alloyriver,https://jobs.ashbyhq.com/alloyriver,https://api.ashbyhq.com/posting-api/job-board/alloyriver,1,observed,
ashby,allspice,allspice,https://jobs.ashbyhq.com/allspice,https://api.ashbyhq.com/posting-api/job-board/allspice,8,observed,
ashby,almedia,almedia,https://jobs.ashbyhq.com/almedia,https://api.ashbyhq.com/posting-api/job-board/almedia,55,observed,
ashby,alpenlabs,alpenlabs,https://jobs.ashbyhq.com/alpenlabs,https://api.ashbyhq.com/posting-api/job-board/alpenlabs,4,observed,
ashby,alpha-design-ai-inc,alpha-design-ai-inc,https://jobs.ashbyhq.com/alpha-design-ai-inc,https://api.ashbyhq.com/posting-api/job-board/alpha-design-ai-inc,11,observed,
ashby,alphalifesci,alphalifesci,https://jobs.ashbyhq.com/alphalifesci,https://api.ashbyhq.com/posting-api/job-board/alphalifesci,10,observed,
ashby,alpic,alpic,https://jobs.ashbyhq.com/alpic,https://api.ashbyhq.com/posting-api/job-board/alpic,8,observed,
ashby,alta-ares,alta-ares,https://jobs.ashbyhq.com/alta-ares,https://api.ashbyhq.com/posting-api/job-board/alta-ares,27,observed,
ashby,alternativepayments,alternativepayments,https://jobs.ashbyhq.com/alternativepayments,https://api.ashbyhq.com/posting-api/job-board/alternativepayments,16,observed,
ashby,altimate,altimate,https://jobs.ashbyhq.com/altimate,https://api.ashbyhq.com/posting-api/job-board/altimate,6,observed,
ashby,altruistiq,altruistiq,https://jobs.ashbyhq.com/altruistiq,https://api.ashbyhq.com/posting-api/job-board/altruistiq,1,observed,
ashby,altura,altura,https://jobs.ashbyhq.com/altura,https://api.ashbyhq.com/posting-api/job-board/altura,2,observed,
ashby,amari,amari,https://jobs.ashbyhq.com/amari,https://api.ashbyhq.com/posting-api/job-board/amari,3,observed,
ashby,amber,amber,https://jobs.ashbyhq.com/amber,https://api.ashbyhq.com/posting-api/job-board/amber,23,observed,
ashby,ambiencehealthcare,ambiencehealthcare,https://jobs.ashbyhq.com/ambiencehealthcare,https://api.ashbyhq.com/posting-api/job-board/ambiencehealthcare,19,observed,
ashby,ambient.ai,ambient.ai,https://jobs.ashbyhq.com/ambient.ai,https://api.ashbyhq.com/posting-api/job-board/ambient.ai,16,observed,
ashby,amboss,amboss,https://jobs.ashbyhq.com/amboss,https://api.ashbyhq.com/posting-api/job-board/amboss,23,observed,
ashby,Ambral,Ambral,https://jobs.ashbyhq.com/Ambral,https://api.ashbyhq.com/posting-api/job-board/Ambral,3,observed,
ashby,ambrook,ambrook,https://jobs.ashbyhq.com/ambrook,https://api.ashbyhq.com/posting-api/job-board/ambrook,14,observed,
ashby,ameba,ameba,https://jobs.ashbyhq.com/ameba,https://api.ashbyhq.com/posting-api/job-board/ameba,2,observed,
ashby,american-housing,american-housing,https://jobs.ashbyhq.com/american-housing,https://api.ashbyhq.com/posting-api/job-board/american-housing,14,observed,
ashby,ami,ami,https://jobs.ashbyhq.com/ami,https://api.ashbyhq.com/posting-api/job-board/ami,6,observed,
ashby,amo,amo,https://jobs.ashbyhq.com/amo,https://api.ashbyhq.com/posting-api/job-board/amo,32,observed,
ashby,amplify,amplify,https://jobs.ashbyhq.com/amplify,https://api.ashbyhq.com/posting-api/job-board/amplify,37,observed,
ashby,amplitude,amplitude,https://jobs.ashbyhq.com/amplitude,https://api.ashbyhq.com/posting-api/job-board/amplitude,,,
ashby,amplo,amplo,https://jobs.ashbyhq.com/amplo,https://api.ashbyhq.com/posting-api/job-board/amplo,1,observed,
ashby,Anagram,Anagram,https://jobs.ashbyhq.com/Anagram,https://api.ashbyhq.com/posting-api/job-board/Anagram,5,observed,
ashby,anam,anam,https://jobs.ashbyhq.com/anam,https://api.ashbyhq.com/posting-api/job-board/anam,1,observed,
ashby,anara,anara,https://jobs.ashbyhq.com/anara,https://api.ashbyhq.com/posting-api/job-board/anara,4,observed,
ashby,andela,andela,https://jobs.ashbyhq.com/andela,https://api.ashbyhq.com/posting-api/job-board/andela,17,observed,
ashby,ando,ando,https://jobs.ashbyhq.com/ando,https://api.ashbyhq.com/posting-api/job-board/ando,6,observed,
ashby,andotechnologies,andotechnologies,https://jobs.ashbyhq.com/andotechnologies,https://api.ashbyhq.com/posting-api/job-board/andotechnologies,4,observed,
ashby,andromeda,andromeda,https://jobs.ashbyhq.com/andromeda,https://api.ashbyhq.com/posting-api/job-board/andromeda,18,observed,
ashby,anglehealth,anglehealth,https://jobs.ashbyhq.com/anglehealth,https://api.ashbyhq.com/posting-api/job-board/anglehealth,1,observed,
ashby,ankar,ankar,https://jobs.ashbyhq.com/ankar,https://api.ashbyhq.com/posting-api/job-board/ankar,10,observed,
ashby,Ankorstore,Ankorstore,https://jobs.ashbyhq.com/Ankorstore,https://api.ashbyhq.com/posting-api/job-board/Ankorstore,1,observed,
ashby,annaautismcare,annaautismcare,https://jobs.ashbyhq.com/annaautismcare,https://api.ashbyhq.com/posting-api/job-board/annaautismcare,18,observed,
ashby,Anon,Anon,https://jobs.ashbyhq.com/Anon,https://api.ashbyhq.com/posting-api/job-board/Anon,3,observed,
ashby,anrok,anrok,https://jobs.ashbyhq.com/anrok,https://api.ashbyhq.com/posting-api/job-board/anrok,19,observed,
ashby,answersnow,answersnow,https://jobs.ashbyhq.com/answersnow,https://api.ashbyhq.com/posting-api/job-board/answersnow,6,observed,
ashby,antares,antares,https://jobs.ashbyhq.com/antares,https://api.ashbyhq.com/posting-api/job-board/antares,61,observed,
ashby,anterior,anterior,https://jobs.ashbyhq.com/anterior,https://api.ashbyhq.com/posting-api/job-board/anterior,4,observed,
ashby,antimetal,antimetal,https://jobs.ashbyhq.com/antimetal,https://api.ashbyhq.com/posting-api/job-board/antimetal,9,observed,
ashby,antithesis,antithesis,https://jobs.ashbyhq.com/antithesis,https://api.ashbyhq.com/posting-api/job-board/antithesis,25,observed,
ashby,anuvaya,anuvaya,https://jobs.ashbyhq.com/anuvaya,https://api.ashbyhq.com/posting-api/job-board/anuvaya,7,observed,
ashby,anyone-ai,anyone-ai,https://jobs.ashbyhq.com/anyone-ai,https://api.ashbyhq.com/posting-api/job-board/anyone-ai,201,observed,
ashby,anyscale,anyscale,https://jobs.ashbyhq.com/anyscale,https://api.ashbyhq.com/posting-api/job-board/anyscale,19,observed,
ashby,anysignal,anysignal,https://jobs.ashbyhq.com/anysignal,https://api.ashbyhq.com/posting-api/job-board/anysignal,17,observed,
ashby,anything,anything,https://jobs.ashbyhq.com/anything,https://api.ashbyhq.com/posting-api/job-board/anything,4,observed,
ashby,anyvan,anyvan,https://jobs.ashbyhq.com/anyvan,https://api.ashbyhq.com/posting-api/job-board/anyvan,18,observed,
ashby,apella,apella,https://jobs.ashbyhq.com/apella,https://api.ashbyhq.com/posting-api/job-board/apella,2,observed,
ashby,apex-technology-inc,apex-technology-inc,https://jobs.ashbyhq.com/apex-technology-inc,https://api.ashbyhq.com/posting-api/job-board/apex-technology-inc,84,observed,
ashby,APEXX,APEXX,https://jobs.ashbyhq.com/APEXX,https://api.ashbyhq.com/posting-api/job-board/APEXX,5,observed,
ashby,apify,apify,https://jobs.ashbyhq.com/apify,https://api.ashbyhq.com/posting-api/job-board/apify,12,observed,
ashby,apolink,apolink,https://jobs.ashbyhq.com/apolink,https://api.ashbyhq.com/posting-api/job-board/apolink,2,observed,
ashby,apollo-graphql,apollo-graphql,https://jobs.ashbyhq.com/apollo-graphql,https://api.ashbyhq.com/posting-api/job-board/apollo-graphql,7,observed,
ashby,Applied,Applied,https://jobs.ashbyhq.com/Applied,https://api.ashbyhq.com/posting-api/job-board/Applied,293,observed,
ashby,appliedlabs,appliedlabs,https://jobs.ashbyhq.com/appliedlabs,https://api.ashbyhq.com/posting-api/job-board/appliedlabs,3,observed,
ashby,applike-group,applike-group,https://jobs.ashbyhq.com/applike-group,https://api.ashbyhq.com/posting-api/job-board/applike-group,12,observed,
ashby,april,april,https://jobs.ashbyhq.com/april,https://api.ashbyhq.com/posting-api/job-board/april,17,observed,
ashby,apron,apron,https://jobs.ashbyhq.com/apron,https://api.ashbyhq.com/posting-api/job-board/apron,4,observed,
ashby,Aquant,Aquant,https://jobs.ashbyhq.com/Aquant,https://api.ashbyhq.com/posting-api/job-board/Aquant,3,observed,
ashby,aquarianlp,aquarianlp,https://jobs.ashbyhq.com/aquarianlp,https://api.ashbyhq.com/posting-api/job-board/aquarianlp,2,observed,
ashby,aquark,aquark,https://jobs.ashbyhq.com/aquark,https://api.ashbyhq.com/posting-api/job-board/aquark,1,observed,
ashby,arago,arago,https://jobs.ashbyhq.com/arago,https://api.ashbyhq.com/posting-api/job-board/arago,16,observed,
ashby,arb-interactive,arb-interactive,https://jobs.ashbyhq.com/arb-interactive,https://api.ashbyhq.com/posting-api/job-board/arb-interactive,7,observed,
ashby,arbiter-ai,arbiter-ai,https://jobs.ashbyhq.com/arbiter-ai,https://api.ashbyhq.com/posting-api/job-board/arbiter-ai,1,observed,
ashby,arbor,arbor,https://jobs.ashbyhq.com/arbor,https://api.ashbyhq.com/posting-api/job-board/arbor,2,observed,
ashby,arca,arca,https://jobs.ashbyhq.com/arca,https://api.ashbyhq.com/posting-api/job-board/arca,11,observed,
ashby,arcade,arcade,https://jobs.ashbyhq.com/arcade,https://api.ashbyhq.com/posting-api/job-board/arcade,6,observed,
ashby,arcadeai,arcadeai,https://jobs.ashbyhq.com/arcadeai,https://api.ashbyhq.com/posting-api/job-board/arcadeai,7,observed,
ashby,arch,arch,https://jobs.ashbyhq.com/arch,https://api.ashbyhq.com/posting-api/job-board/arch,6,observed,
ashby,arch.co,arch.co,https://jobs.ashbyhq.com/arch.co,https://api.ashbyhq.com/posting-api/job-board/arch.co,26,observed,
ashby,arcturus,arcturus,https://jobs.ashbyhq.com/arcturus,https://api.ashbyhq.com/posting-api/job-board/arcturus,9,observed,
ashby,arena,arena,https://jobs.ashbyhq.com/arena,https://api.ashbyhq.com/posting-api/job-board/arena,18,observed,
ashby,arenanet,arenanet,https://jobs.ashbyhq.com/arenanet,https://api.ashbyhq.com/posting-api/job-board/arenanet,7,observed,
ashby,argon-ai,argon-ai,https://jobs.ashbyhq.com/argon-ai,https://api.ashbyhq.com/posting-api/job-board/argon-ai,1,observed,
ashby,arketa,arketa,https://jobs.ashbyhq.com/arketa,https://api.ashbyhq.com/posting-api/job-board/arketa,14,observed,
ashby,arlo,arlo,https://jobs.ashbyhq.com/arlo,https://api.ashbyhq.com/posting-api/job-board/arlo,11,observed,
ashby,aro.homes,aro.homes,https://jobs.ashbyhq.com/aro.homes,https://api.ashbyhq.com/posting-api/job-board/aro.homes,8,observed,
ashby,arq,arq,https://jobs.ashbyhq.com/arq,https://api.ashbyhq.com/posting-api/job-board/arq,33,observed,
ashby,array-behavioral-care,array-behavioral-care,https://jobs.ashbyhq.com/array-behavioral-care,https://api.ashbyhq.com/posting-api/job-board/array-behavioral-care,28,observed,
ashby,arrive,arrive,https://jobs.ashbyhq.com/arrive,https://api.ashbyhq.com/posting-api/job-board/arrive,58,observed,
ashby,artafinance,artafinance,https://jobs.ashbyhq.com/artafinance,https://api.ashbyhq.com/posting-api/job-board/artafinance,10,observed,
ashby,artemis,artemis,https://jobs.ashbyhq.com/artemis,https://api.ashbyhq.com/posting-api/job-board/artemis,16,observed,
ashby,artemisanalytics,artemisanalytics,https://jobs.ashbyhq.com/artemisanalytics,https://api.ashbyhq.com/posting-api/job-board/artemisanalytics,3,observed,
ashby,arthur,arthur,https://jobs.ashbyhq.com/arthur,https://api.ashbyhq.com/posting-api/job-board/arthur,1,observed,
ashby,arthur-ai,arthur-ai,https://jobs.ashbyhq.com/arthur-ai,https://api.ashbyhq.com/posting-api/job-board/arthur-ai,2,observed,
ashby,articul8,articul8,https://jobs.ashbyhq.com/articul8,https://api.ashbyhq.com/posting-api/job-board/articul8,20,observed,
ashby,artisan,artisan,https://jobs.ashbyhq.com/artisan,https://api.ashbyhq.com/posting-api/job-board/artisan,4,observed,
ashby,artosai,artosai,https://jobs.ashbyhq.com/artosai,https://api.ashbyhq.com/posting-api/job-board/artosai,7,observed,
ashby,artsy,artsy,https://jobs.ashbyhq.com/artsy,https://api.ashbyhq.com/posting-api/job-board/artsy,8,observed,
ashby,asari.ai,asari.ai,https://jobs.ashbyhq.com/asari.ai,https://api.ashbyhq.com/posting-api/job-board/asari.ai,4,observed,
ashby,ashby,ashby,https://jobs.ashbyhq.com/ashby,https://api.ashbyhq.com/posting-api/job-board/ashby,66,observed,
ashby,ashgro,ashgro,https://jobs.ashbyhq.com/ashgro,https://api.ashbyhq.com/posting-api/job-board/ashgro,1,observed,
ashby,aspora,aspora,https://jobs.ashbyhq.com/aspora,https://api.ashbyhq.com/posting-api/job-board/aspora,6,observed,
ashby,assemble,assemble,https://jobs.ashbyhq.com/assemble,https://api.ashbyhq.com/posting-api/job-board/assemble,1,observed,
ashby,assembledhq,assembledhq,https://jobs.ashbyhq.com/assembledhq,https://api.ashbyhq.com/posting-api/job-board/assembledhq,22,observed,
ashby,assembly,assembly,https://jobs.ashbyhq.com/assembly,https://api.ashbyhq.com/posting-api/job-board/assembly,4,observed,
ashby,assorthealth,assorthealth,https://jobs.ashbyhq.com/assorthealth,https://api.ashbyhq.com/posting-api/job-board/assorthealth,30,observed,
ashby,assured,assured,https://jobs.ashbyhq.com/assured,https://api.ashbyhq.com/posting-api/job-board/assured,35,observed,
ashby,astera,astera,https://jobs.ashbyhq.com/astera,https://api.ashbyhq.com/posting-api/job-board/astera,51,observed,
ashby,asteriai,asteriai,https://jobs.ashbyhq.com/asteriai,https://api.ashbyhq.com/posting-api/job-board/asteriai,5,observed,
ashby,astra,astra,https://jobs.ashbyhq.com/astra,https://api.ashbyhq.com/posting-api/job-board/astra,9,observed,
ashby,astro-mechanica,astro-mechanica,https://jobs.ashbyhq.com/astro-mechanica,https://api.ashbyhq.com/posting-api/job-board/astro-mechanica,41,observed,
ashby,astronomer,astronomer,https://jobs.ashbyhq.com/astronomer,https://api.ashbyhq.com/posting-api/job-board/astronomer,21,observed,
ashby,asula,asula,https://jobs.ashbyhq.com/asula,https://api.ashbyhq.com/posting-api/job-board/asula,3,observed,
ashby,asymmetric.re,asymmetric.re,https://jobs.ashbyhq.com/asymmetric.re,https://api.ashbyhq.com/posting-api/job-board/asymmetric.re,2,observed,
ashby,ataraxis-ai,ataraxis-ai,https://jobs.ashbyhq.com/ataraxis-ai,https://api.ashbyhq.com/posting-api/job-board/ataraxis-ai,12,observed,
ashby,ATG,ATG,https://jobs.ashbyhq.com/ATG,https://api.ashbyhq.com/posting-api/job-board/ATG,7,observed,
ashby,athena-hq,athena-hq,https://jobs.ashbyhq.com/athena-hq,https://api.ashbyhq.com/posting-api/job-board/athena-hq,4,observed,
ashby,atira,atira,https://jobs.ashbyhq.com/atira,https://api.ashbyhq.com/posting-api/job-board/atira,9,observed,
ashby,atlan,atlan,https://jobs.ashbyhq.com/atlan,https://api.ashbyhq.com/posting-api/job-board/atlan,5,observed,
ashby,atlas,atlas,https://jobs.ashbyhq.com/atlas,https://api.ashbyhq.com/posting-api/job-board/atlas,8,observed,
ashby,atlasonc,atlasonc,https://jobs.ashbyhq.com/atlasonc,https://api.ashbyhq.com/posting-api/job-board/atlasonc,4,observed,
ashby,atob,atob,https://jobs.ashbyhq.com/atob,https://api.ashbyhq.com/posting-api/job-board/atob,12,observed,
ashby,Atolio,Atolio,https://jobs.ashbyhq.com/Atolio,https://api.ashbyhq.com/posting-api/job-board/Atolio,4,observed,
ashby,atomic,atomic,https://jobs.ashbyhq.com/atomic,https://api.ashbyhq.com/posting-api/job-board/atomic,9,observed,
ashby,atomic-financial,atomic-financial,https://jobs.ashbyhq.com/atomic-financial,https://api.ashbyhq.com/posting-api/job-board/atomic-financial,4,observed,
ashby,atomic-invest,atomic-invest,https://jobs.ashbyhq.com/atomic-invest,https://api.ashbyhq.com/posting-api/job-board/atomic-invest,1,observed,
ashby,atrato,atrato,https://jobs.ashbyhq.com/atrato,https://api.ashbyhq.com/posting-api/job-board/atrato,3,observed,
ashby,atrix,atrix,https://jobs.ashbyhq.com/atrix,https://api.ashbyhq.com/posting-api/job-board/atrix,1,observed,
ashby,AtroposHealth,AtroposHealth,https://jobs.ashbyhq.com/AtroposHealth,https://api.ashbyhq.com/posting-api/job-board/AtroposHealth,1,observed,
ashby,attention,attention,https://jobs.ashbyhq.com/attention,https://api.ashbyhq.com/posting-api/job-board/attention,2,observed,
ashby,atticus,atticus,https://jobs.ashbyhq.com/atticus,https://api.ashbyhq.com/posting-api/job-board/atticus,10,observed,
ashby,attio,attio,https://jobs.ashbyhq.com/attio,https://api.ashbyhq.com/posting-api/job-board/attio,44,observed,
ashby,auctor,auctor,https://jobs.ashbyhq.com/auctor,https://api.ashbyhq.com/posting-api/job-board/auctor,12,observed,
ashby,audiohook,audiohook,https://jobs.ashbyhq.com/audiohook,https://api.ashbyhq.com/posting-api/job-board/audiohook,13,observed,
ashby,augmodo,augmodo,https://jobs.ashbyhq.com/augmodo,https://api.ashbyhq.com/posting-api/job-board/augmodo,6,observed,
ashby,august,august,https://jobs.ashbyhq.com/august,https://api.ashbyhq.com/posting-api/job-board/august,12,observed,
ashby,august-health,august-health,https://jobs.ashbyhq.com/august-health,https://api.ashbyhq.com/posting-api/job-board/august-health,7,observed,
ashby,aurelian,aurelian,https://jobs.ashbyhq.com/aurelian,https://api.ashbyhq.com/posting-api/job-board/aurelian,11,observed,
ashby,aureliussystems,aureliussystems,https://jobs.ashbyhq.com/aureliussystems,https://api.ashbyhq.com/posting-api/job-board/aureliussystems,17,observed,
ashby,aurorasolar,aurorasolar,https://jobs.ashbyhq.com/aurorasolar,https://api.ashbyhq.com/posting-api/job-board/aurorasolar,9,observed,
ashby,Authorium,Authorium,https://jobs.ashbyhq.com/Authorium,https://api.ashbyhq.com/posting-api/job-board/Authorium,8,observed,
ashby,authzed,authzed,https://jobs.ashbyhq.com/authzed,https://api.ashbyhq.com/posting-api/job-board/authzed,2,observed,
ashby,automat,automat,https://jobs.ashbyhq.com/automat,https://api.ashbyhq.com/posting-api/job-board/automat,7,observed,
ashby,autoscience,autoscience,https://jobs.ashbyhq.com/autoscience,https://api.ashbyhq.com/posting-api/job-board/autoscience,5,observed,
ashby,ava-labs,ava-labs,https://jobs.ashbyhq.com/ava-labs,https://api.ashbyhq.com/posting-api/job-board/ava-labs,5,observed,
ashby,avelios-medical,avelios-medical,https://jobs.ashbyhq.com/avelios-medical,https://api.ashbyhq.com/posting-api/job-board/avelios-medical,54,observed,
ashby,Aven,Aven,https://jobs.ashbyhq.com/Aven,https://api.ashbyhq.com/posting-api/job-board/Aven,7,observed,
ashby,avid4,avid4,https://jobs.ashbyhq.com/avid4,https://api.ashbyhq.com/posting-api/job-board/avid4,1,observed,
ashby,avida,avida,https://jobs.ashbyhq.com/avida,https://api.ashbyhq.com/posting-api/job-board/avida,2,observed,
ashby,avoca,avoca,https://jobs.ashbyhq.com/avoca,https://api.ashbyhq.com/posting-api/job-board/avoca,24,observed,
ashby,away,away,https://jobs.ashbyhq.com/away,https://api.ashbyhq.com/posting-api/job-board/away,17,observed,
ashby,Axel,Axel,https://jobs.ashbyhq.com/Axel,https://api.ashbyhq.com/posting-api/job-board/Axel,1,observed,
ashby,axelera,axelera,https://jobs.ashbyhq.com/axelera,https://api.ashbyhq.com/posting-api/job-board/axelera,11,observed,
ashby,axiom,axiom,https://jobs.ashbyhq.com/axiom,https://api.ashbyhq.com/posting-api/job-board/axiom,3,observed,
ashby,axion,axion,https://jobs.ashbyhq.com/axion,https://api.ashbyhq.com/posting-api/job-board/axion,9,observed,
ashby,axle-careers,axle-careers,https://jobs.ashbyhq.com/axle-careers,https://api.ashbyhq.com/posting-api/job-board/axle-careers,10,observed,
ashby,axle-health,axle-health,https://jobs.ashbyhq.com/axle-health,https://api.ashbyhq.com/posting-api/job-board/axle-health,5,observed,
ashby,axle-mobility,axle-mobility,https://jobs.ashbyhq.com/axle-mobility,https://api.ashbyhq.com/posting-api/job-board/axle-mobility,2,observed,
ashby,b2spin,b2spin,https://jobs.ashbyhq.com/b2spin,https://api.ashbyhq.com/posting-api/job-board/b2spin,17,observed,
ashby,backflip,backflip,https://jobs.ashbyhq.com/backflip,https://api.ashbyhq.com/posting-api/job-board/backflip,2,observed,
ashby,backflip.ai,backflip.ai,https://jobs.ashbyhq.com/backflip.ai,https://api.ashbyhq.com/posting-api/job-board/backflip.ai,1,observed,
ashby,backmarket,backmarket,https://jobs.ashbyhq.com/backmarket,https://api.ashbyhq.com/posting-api/job-board/backmarket,16,observed,
ashby,bankjoy,bankjoy,https://jobs.ashbyhq.com/bankjoy,https://api.ashbyhq.com/posting-api/job-board/bankjoy,8,observed,
ashby,bantamcommunications,bantamcommunications,https://jobs.ashbyhq.com/bantamcommunications,https://api.ashbyhq.com/posting-api/job-board/bantamcommunications,2,observed,
ashby,barkbus,barkbus,https://jobs.ashbyhq.com/barkbus,https://api.ashbyhq.com/posting-api/job-board/barkbus,17,observed,
ashby,barnes,barnes,https://jobs.ashbyhq.com/barnes,https://api.ashbyhq.com/posting-api/job-board/barnes,87,observed,
ashby,basata,basata,https://jobs.ashbyhq.com/basata,https://api.ashbyhq.com/posting-api/job-board/basata,4,observed,
ashby,base,base,https://jobs.ashbyhq.com/base,https://api.ashbyhq.com/posting-api/job-board/base,7,observed,
ashby,base-operations,base-operations,https://jobs.ashbyhq.com/base-operations,https://api.ashbyhq.com/posting-api/job-board/base-operations,4,observed,
ashby,base-power,base-power,https://jobs.ashbyhq.com/base-power,https://api.ashbyhq.com/posting-api/job-board/base-power,177,observed,
ashby,baseten,baseten,https://jobs.ashbyhq.com/baseten,https://api.ashbyhq.com/posting-api/job-board/baseten,76,observed,
ashby,basiccapital,basiccapital,https://jobs.ashbyhq.com/basiccapital,https://api.ashbyhq.com/posting-api/job-board/basiccapital,19,observed,
ashby,basis-ai,basis-ai,https://jobs.ashbyhq.com/basis-ai,https://api.ashbyhq.com/posting-api/job-board/basis-ai,37,observed,
ashby,basis-research,basis-research,https://jobs.ashbyhq.com/basis-research,https://api.ashbyhq.com/posting-api/job-board/basis-research,18,observed,
ashby,Bastion,Bastion,https://jobs.ashbyhq.com/Bastion,https://api.ashbyhq.com/posting-api/job-board/Bastion,6,observed,
ashby,baton,baton,https://jobs.ashbyhq.com/baton,https://api.ashbyhq.com/posting-api/job-board/baton,3,observed,
ashby,batoncorporation,batoncorporation,https://jobs.ashbyhq.com/batoncorporation,https://api.ashbyhq.com/posting-api/job-board/batoncorporation,11,observed,
ashby,bayesianhealth,bayesianhealth,https://jobs.ashbyhq.com/bayesianhealth,https://api.ashbyhq.com/posting-api/job-board/bayesianhealth,10,observed,
ashby,beaconai,beaconai,https://jobs.ashbyhq.com/beaconai,https://api.ashbyhq.com/posting-api/job-board/beaconai,15,observed,
ashby,beacons,beacons,https://jobs.ashbyhq.com/beacons,https://api.ashbyhq.com/posting-api/job-board/beacons,1,observed,
ashby,beaconsoftware,beaconsoftware,https://jobs.ashbyhq.com/beaconsoftware,https://api.ashbyhq.com/posting-api/job-board/beaconsoftware,51,observed,
ashby,beam-up,beam-up,https://jobs.ashbyhq.com/beam-up,https://api.ashbyhq.com/posting-api/job-board/beam-up,20,observed,
ashby,beamery,beamery,https://jobs.ashbyhq.com/beamery,https://api.ashbyhq.com/posting-api/job-board/beamery,8,observed,
ashby,beamimpact,beamimpact,https://jobs.ashbyhq.com/beamimpact,https://api.ashbyhq.com/posting-api/job-board/beamimpact,4,observed,
ashby,bedrock-robotics,bedrock-robotics,https://jobs.ashbyhq.com/bedrock-robotics,https://api.ashbyhq.com/posting-api/job-board/bedrock-robotics,34,observed,
ashby,bedrockocean,bedrockocean,https://jobs.ashbyhq.com/bedrockocean,https://api.ashbyhq.com/posting-api/job-board/bedrockocean,2,observed,
ashby,believer,believer,https://jobs.ashbyhq.com/believer,https://api.ashbyhq.com/posting-api/job-board/believer,1,observed,
ashby,belvo,belvo,https://jobs.ashbyhq.com/belvo,https://api.ashbyhq.com/posting-api/job-board/belvo,6,observed,
ashby,bem,bem,https://jobs.ashbyhq.com/bem,https://api.ashbyhq.com/posting-api/job-board/bem,2,observed,
ashby,ben,ben,https://jobs.ashbyhq.com/ben,https://api.ashbyhq.com/posting-api/job-board/ben,5,observed,
ashby,benchling,benchling,https://jobs.ashbyhq.com/benchling,https://api.ashbyhq.com/posting-api/job-board/benchling,48,observed,
ashby,benepass,benepass,https://jobs.ashbyhq.com/benepass,https://api.ashbyhq.com/posting-api/job-board/benepass,12,observed,
ashby,beparallel,beparallel,https://jobs.ashbyhq.com/beparallel,https://api.ashbyhq.com/posting-api/job-board/beparallel,7,observed,
ashby,bespokelabs,bespokelabs,https://jobs.ashbyhq.com/bespokelabs,https://api.ashbyhq.com/posting-api/job-board/bespokelabs,13,observed,
ashby,bestow,bestow,https://jobs.ashbyhq.com/bestow,https://api.ashbyhq.com/posting-api/job-board/bestow,21,observed,
ashby,bettercloud,bettercloud,https://jobs.ashbyhq.com/bettercloud,https://api.ashbyhq.com/posting-api/job-board/bettercloud,2,observed,
ashby,bettermoney,bettermoney,https://jobs.ashbyhq.com/bettermoney,https://api.ashbyhq.com/posting-api/job-board/bettermoney,6,observed,
ashby,betterup,betterup,https://jobs.ashbyhq.com/betterup,https://api.ashbyhq.com/posting-api/job-board/betterup,18,observed,
ashby,bevel,bevel,https://jobs.ashbyhq.com/bevel,https://api.ashbyhq.com/posting-api/job-board/bevel,5,observed,
ashby,Bhblasted,Bhblasted,https://jobs.ashbyhq.com/Bhblasted,https://api.ashbyhq.com/posting-api/job-board/Bhblasted,2,observed,
ashby,bicara-therapeutics,bicara-therapeutics,https://jobs.ashbyhq.com/bicara-therapeutics,https://api.ashbyhq.com/posting-api/job-board/bicara-therapeutics,9,observed,
ashby,bifrost,bifrost,https://jobs.ashbyhq.com/bifrost,https://api.ashbyhq.com/posting-api/job-board/bifrost,3,observed,
ashby,biggergames,biggergames,https://jobs.ashbyhq.com/biggergames,https://api.ashbyhq.com/posting-api/job-board/biggergames,12,observed,
ashby,bild-ai,bild-ai,https://jobs.ashbyhq.com/bild-ai,https://api.ashbyhq.com/posting-api/job-board/bild-ai,3,observed,
ashby,billie,billie,https://jobs.ashbyhq.com/billie,https://api.ashbyhq.com/posting-api/job-board/billie,2,observed,
ashby,billups,billups,https://jobs.ashbyhq.com/billups,https://api.ashbyhq.com/posting-api/job-board/billups,11,observed,
ashby,binalyze,binalyze,https://jobs.ashbyhq.com/binalyze,https://api.ashbyhq.com/posting-api/job-board/binalyze,1,observed,
ashby,binance.us,binance.us,https://jobs.ashbyhq.com/binance.us,https://api.ashbyhq.com/posting-api/job-board/binance.us,11,observed,
ashby,binti,binti,https://jobs.ashbyhq.com/binti,https://api.ashbyhq.com/posting-api/job-board/binti,12,observed,
ashby,bio,bio,https://jobs.ashbyhq.com/bio,https://api.ashbyhq.com/posting-api/job-board/bio,11,observed,
ashby,bioptimizers,bioptimizers,https://jobs.ashbyhq.com/bioptimizers,https://api.ashbyhq.com/posting-api/job-board/bioptimizers,2,observed,
ashby,birdie,birdie,https://jobs.ashbyhq.com/birdie,https://api.ashbyhq.com/posting-api/job-board/birdie,4,observed,
ashby,bitvavo,bitvavo,https://jobs.ashbyhq.com/bitvavo,https://api.ashbyhq.com/posting-api/job-board/bitvavo,6,observed,
ashby,bivacor-inc,bivacor-inc,https://jobs.ashbyhq.com/bivacor-inc,https://api.ashbyhq.com/posting-api/job-board/bivacor-inc,14,observed,
ashby,bjakcareer,bjakcareer,https://jobs.ashbyhq.com/bjakcareer,https://api.ashbyhq.com/posting-api/job-board/bjakcareer,1713,observed,
ashby,blackbird-labs-inc,blackbird-labs-inc,https://jobs.ashbyhq.com/blackbird-labs-inc,https://api.ashbyhq.com/posting-api/job-board/blackbird-labs-inc,7,observed,
ashby,blackbox-strategies,blackbox-strategies,https://jobs.ashbyhq.com/blackbox-strategies,https://api.ashbyhq.com/posting-api/job-board/blackbox-strategies,18,observed,
ashby,blacksemiconductor,blacksemiconductor,https://jobs.ashbyhq.com/blacksemiconductor,https://api.ashbyhq.com/posting-api/job-board/blacksemiconductor,36,observed,
ashby,blacksmith,blacksmith,https://jobs.ashbyhq.com/blacksmith,https://api.ashbyhq.com/posting-api/job-board/blacksmith,20,observed,
ashby,blackstar,blackstar,https://jobs.ashbyhq.com/blackstar,https://api.ashbyhq.com/posting-api/job-board/blackstar,5,observed,
ashby,bland,bland,https://jobs.ashbyhq.com/bland,https://api.ashbyhq.com/posting-api/job-board/bland,17,observed,
ashby,blankexampleinstance,blankexampleinstance,https://jobs.ashbyhq.com/blankexampleinstance,https://api.ashbyhq.com/posting-api/job-board/blankexampleinstance,1,observed,
ashby,blink,blink,https://jobs.ashbyhq.com/blink,https://api.ashbyhq.com/posting-api/job-board/blink,0,observed,
ashby,bliro,bliro,https://jobs.ashbyhq.com/bliro,https://api.ashbyhq.com/posting-api/job-board/bliro,6,observed,
ashby,blissway,blissway,https://jobs.ashbyhq.com/blissway,https://api.ashbyhq.com/posting-api/job-board/blissway,6,observed,
ashby,blitzy,blitzy,https://jobs.ashbyhq.com/blitzy,https://api.ashbyhq.com/posting-api/job-board/blitzy,46,observed,
ashby,blockdaemon,blockdaemon,https://jobs.ashbyhq.com/blockdaemon,https://api.ashbyhq.com/posting-api/job-board/blockdaemon,2,observed,
ashby,blockhouse,blockhouse,https://jobs.ashbyhq.com/blockhouse,https://api.ashbyhq.com/posting-api/job-board/blockhouse,2,observed,
ashby,blockit,blockit,https://jobs.ashbyhq.com/blockit,https://api.ashbyhq.com/posting-api/job-board/blockit,5,observed,
ashby,blockstream,blockstream,https://jobs.ashbyhq.com/blockstream,https://api.ashbyhq.com/posting-api/job-board/blockstream,51,observed,
ashby,Blockworks,Blockworks,https://jobs.ashbyhq.com/Blockworks,https://api.ashbyhq.com/posting-api/job-board/Blockworks,3,observed,
ashby,blooming-health,blooming-health,https://jobs.ashbyhq.com/blooming-health,https://api.ashbyhq.com/posting-api/job-board/blooming-health,7,observed,
ashby,Blossom-Health,Blossom-Health,https://jobs.ashbyhq.com/Blossom-Health,https://api.ashbyhq.com/posting-api/job-board/Blossom-Health,8,observed,
ashby,blue-energy,blue-energy,https://jobs.ashbyhq.com/blue-energy,https://api.ashbyhq.com/posting-api/job-board/blue-energy,19,observed,
ashby,blueberrypediatrics,blueberrypediatrics,https://jobs.ashbyhq.com/blueberrypediatrics,https://api.ashbyhq.com/posting-api/job-board/blueberrypediatrics,6,observed,
ashby,bluenote,bluenote,https://jobs.ashbyhq.com/bluenote,https://api.ashbyhq.com/posting-api/job-board/bluenote,2,observed,
ashby,blumen,blumen,https://jobs.ashbyhq.com/blumen,https://api.ashbyhq.com/posting-api/job-board/blumen,2,observed,
ashby,boam,boam,https://jobs.ashbyhq.com/boam,https://api.ashbyhq.com/posting-api/job-board/boam,6,observed,
ashby,bobyard,bobyard,https://jobs.ashbyhq.com/bobyard,https://api.ashbyhq.com/posting-api/job-board/bobyard,28,observed,
ashby,bold,bold,https://jobs.ashbyhq.com/bold,https://api.ashbyhq.com/posting-api/job-board/bold,0,observed,
ashby,boldgames,boldgames,https://jobs.ashbyhq.com/boldgames,https://api.ashbyhq.com/posting-api/job-board/boldgames,3,observed,
ashby,bookkeeper360,bookkeeper360,https://jobs.ashbyhq.com/bookkeeper360,https://api.ashbyhq.com/posting-api/job-board/bookkeeper360,3,observed,
ashby,boom,boom,https://jobs.ashbyhq.com/boom,https://api.ashbyhq.com/posting-api/job-board/boom,8,observed,
ashby,boon,boon,https://jobs.ashbyhq.com/boon,https://api.ashbyhq.com/posting-api/job-board/boon,3,observed,
ashby,bounce,bounce,https://jobs.ashbyhq.com/bounce,https://api.ashbyhq.com/posting-api/job-board/bounce,10,observed,
ashby,Braiins,Braiins,https://jobs.ashbyhq.com/Braiins,https://api.ashbyhq.com/posting-api/job-board/Braiins,6,observed,
ashby,brainco,brainco,https://jobs.ashbyhq.com/brainco,https://api.ashbyhq.com/posting-api/job-board/brainco,33,observed,
ashby,brainly,brainly,https://jobs.ashbyhq.com/brainly,https://api.ashbyhq.com/posting-api/job-board/brainly,1,observed,
ashby,braintrust,braintrust,https://jobs.ashbyhq.com/braintrust,https://api.ashbyhq.com/posting-api/job-board/braintrust,24,observed,
ashby,brale,brale,https://jobs.ashbyhq.com/brale,https://api.ashbyhq.com/posting-api/job-board/brale,2,observed,
ashby,branchinsurance,branchinsurance,https://jobs.ashbyhq.com/branchinsurance,https://api.ashbyhq.com/posting-api/job-board/branchinsurance,5,observed,
ashby,BranchLab,BranchLab,https://jobs.ashbyhq.com/BranchLab,https://api.ashbyhq.com/posting-api/job-board/BranchLab,9,observed,
ashby,bratte,bratte,https://jobs.ashbyhq.com/bratte,https://api.ashbyhq.com/posting-api/job-board/bratte,3,observed,
ashby,bravehealth,bravehealth,https://jobs.ashbyhq.com/bravehealth,https://api.ashbyhq.com/posting-api/job-board/bravehealth,39,observed,
ashby,breaker,breaker,https://jobs.ashbyhq.com/breaker,https://api.ashbyhq.com/posting-api/job-board/breaker,3,observed,
ashby,breakmark,breakmark,https://jobs.ashbyhq.com/breakmark,https://api.ashbyhq.com/posting-api/job-board/breakmark,3,observed,
ashby,bree,bree,https://jobs.ashbyhq.com/bree,https://api.ashbyhq.com/posting-api/job-board/bree,11,observed,
ashby,brelle,brelle,https://jobs.ashbyhq.com/brelle,https://api.ashbyhq.com/posting-api/job-board/brelle,4,observed,
ashby,brellium,brellium,https://jobs.ashbyhq.com/brellium,https://api.ashbyhq.com/posting-api/job-board/brellium,10,observed,
ashby,brettonai,brettonai,https://jobs.ashbyhq.com/brettonai,https://api.ashbyhq.com/posting-api/job-board/brettonai,9,observed,
ashby,bridgepoint-consulting,bridgepoint-consulting,https://jobs.ashbyhq.com/bridgepoint-consulting,https://api.ashbyhq.com/posting-api/job-board/bridgepoint-consulting,29,observed,
ashby,bridger,bridger,https://jobs.ashbyhq.com/bridger,https://api.ashbyhq.com/posting-api/job-board/bridger,3,observed,
ashby,brightstar-ai,brightstar-ai,https://jobs.ashbyhq.com/brightstar-ai,https://api.ashbyhq.com/posting-api/job-board/brightstar-ai,1,observed,
ashby,brightwheel,brightwheel,https://jobs.ashbyhq.com/brightwheel,https://api.ashbyhq.com/posting-api/job-board/brightwheel,19,observed,
ashby,brigit,brigit,https://jobs.ashbyhq.com/brigit,https://api.ashbyhq.com/posting-api/job-board/brigit,21,observed,
ashby,brimstone,brimstone,https://jobs.ashbyhq.com/brimstone,https://api.ashbyhq.com/posting-api/job-board/brimstone,1,observed,
ashby,brinc,brinc,https://jobs.ashbyhq.com/brinc,https://api.ashbyhq.com/posting-api/job-board/brinc,30,observed,
ashby,brisk-teaching,brisk-teaching,https://jobs.ashbyhq.com/brisk-teaching,https://api.ashbyhq.com/posting-api/job-board/brisk-teaching,5,observed,
ashby,brm.ai,brm.ai,https://jobs.ashbyhq.com/brm.ai,https://api.ashbyhq.com/posting-api/job-board/brm.ai,3,observed,
ashby,broccoli,broccoli,https://jobs.ashbyhq.com/broccoli,https://api.ashbyhq.com/posting-api/job-board/broccoli,45,observed,
ashby,brooklyn-health,brooklyn-health,https://jobs.ashbyhq.com/brooklyn-health,https://api.ashbyhq.com/posting-api/job-board/brooklyn-health,19,observed,
ashby,browse.ai,browse.ai,https://jobs.ashbyhq.com/browse.ai,https://api.ashbyhq.com/posting-api/job-board/browse.ai,2,observed,
ashby,browserbase,browserbase,https://jobs.ashbyhq.com/browserbase,https://api.ashbyhq.com/posting-api/job-board/browserbase,8,observed,
ashby,brunswick,brunswick,https://jobs.ashbyhq.com/brunswick,https://api.ashbyhq.com/posting-api/job-board/brunswick,6,observed,
ashby,bubble,bubble,https://jobs.ashbyhq.com/bubble,https://api.ashbyhq.com/posting-api/job-board/bubble,10,observed,
ashby,buena,buena,https://jobs.ashbyhq.com/buena,https://api.ashbyhq.com/posting-api/job-board/buena,14,observed,
ashby,buffer,buffer,https://jobs.ashbyhq.com/buffer,https://api.ashbyhq.com/posting-api/job-board/buffer,3,observed,
ashby,builder-prime,builder-prime,https://jobs.ashbyhq.com/builder-prime,https://api.ashbyhq.com/posting-api/job-board/builder-prime,4,observed,
ashby,buildforce,buildforce,https://jobs.ashbyhq.com/buildforce,https://api.ashbyhq.com/posting-api/job-board/buildforce,3,observed,
ashby,built-robotics,built-robotics,https://jobs.ashbyhq.com/built-robotics,https://api.ashbyhq.com/posting-api/job-board/built-robotics,7,observed,
ashby,bunch,bunch,https://jobs.ashbyhq.com/bunch,https://api.ashbyhq.com/posting-api/job-board/bunch,26,observed,
ashby,bunkerhillhealth,bunkerhillhealth,https://jobs.ashbyhq.com/bunkerhillhealth,https://api.ashbyhq.com/posting-api/job-board/bunkerhillhealth,4,observed,
ashby,bureau,bureau,https://jobs.ashbyhq.com/bureau,https://api.ashbyhq.com/posting-api/job-board/bureau,15,observed,
ashby,burklandassociates,burklandassociates,https://jobs.ashbyhq.com/burklandassociates,https://api.ashbyhq.com/posting-api/job-board/burklandassociates,3,observed,
ashby,buspatrol,buspatrol,https://jobs.ashbyhq.com/buspatrol,https://api.ashbyhq.com/posting-api/job-board/buspatrol,15,observed,
ashby,butterflymx,butterflymx,https://jobs.ashbyhq.com/butterflymx,https://api.ashbyhq.com/posting-api/job-board/butterflymx,20,observed,
ashby,bynder,bynder,https://jobs.ashbyhq.com/bynder,https://api.ashbyhq.com/posting-api/job-board/bynder,21,observed,
ashby,c1,c1,https://jobs.ashbyhq.com/c1,https://api.ashbyhq.com/posting-api/job-board/c1,13,observed,
ashby,callosum,callosum,https://jobs.ashbyhq.com/callosum,https://api.ashbyhq.com/posting-api/job-board/callosum,20,observed,
ashby,camber,camber,https://jobs.ashbyhq.com/camber,https://api.ashbyhq.com/posting-api/job-board/camber,13,observed,
ashby,cambio,cambio,https://jobs.ashbyhq.com/cambio,https://api.ashbyhq.com/posting-api/job-board/cambio,6,observed,
ashby,cambium,cambium,https://jobs.ashbyhq.com/cambium,https://api.ashbyhq.com/posting-api/job-board/cambium,7,observed,
ashby,Cambly,Cambly,https://jobs.ashbyhq.com/Cambly,https://api.ashbyhq.com/posting-api/job-board/Cambly,8,observed,
ashby,campfire,campfire,https://jobs.ashbyhq.com/campfire,https://api.ashbyhq.com/posting-api/job-board/campfire,31,observed,
ashby,campus,campus,https://jobs.ashbyhq.com/campus,https://api.ashbyhq.com/posting-api/job-board/campus,17,observed,
ashby,camunda,camunda,https://jobs.ashbyhq.com/camunda,https://api.ashbyhq.com/posting-api/job-board/camunda,31,observed,
ashby,canals,canals,https://jobs.ashbyhq.com/canals,https://api.ashbyhq.com/posting-api/job-board/canals,28,observed,
ashby,candidhealth,candidhealth,https://jobs.ashbyhq.com/candidhealth,https://api.ashbyhq.com/posting-api/job-board/candidhealth,34,observed,
ashby,candidintelligence,candidintelligence,https://jobs.ashbyhq.com/candidintelligence,https://api.ashbyhq.com/posting-api/job-board/candidintelligence,7,observed,
ashby,cantina,cantina,https://jobs.ashbyhq.com/cantina,https://api.ashbyhq.com/posting-api/job-board/cantina,21,observed,
ashby,canvas-medical,canvas-medical,https://jobs.ashbyhq.com/canvas-medical,https://api.ashbyhq.com/posting-api/job-board/canvas-medical,4,observed,
ashby,Capable,Capable,https://jobs.ashbyhq.com/Capable,https://api.ashbyhq.com/posting-api/job-board/Capable,20,observed,
ashby,capchase,capchase,https://jobs.ashbyhq.com/capchase,https://api.ashbyhq.com/posting-api/job-board/capchase,5,observed,
ashby,Cape,Cape,https://jobs.ashbyhq.com/Cape,https://api.ashbyhq.com/posting-api/job-board/Cape,23,observed,
ashby,capimoney,capimoney,https://jobs.ashbyhq.com/capimoney,https://api.ashbyhq.com/posting-api/job-board/capimoney,10,observed,
ashby,capsule,capsule,https://jobs.ashbyhq.com/capsule,https://api.ashbyhq.com/posting-api/job-board/capsule,9,observed,
ashby,cara-ai,cara-ai,https://jobs.ashbyhq.com/cara-ai,https://api.ashbyhq.com/posting-api/job-board/cara-ai,7,observed,
ashby,cardless,cardless,https://jobs.ashbyhq.com/cardless,https://api.ashbyhq.com/posting-api/job-board/cardless,24,observed,
ashby,careers.azx.io,careers.azx.io,https://jobs.ashbyhq.com/careers.azx.io,https://api.ashbyhq.com/posting-api/job-board/careers.azx.io,4,observed,
ashby,careerstrengo,careerstrengo,https://jobs.ashbyhq.com/careerstrengo,https://api.ashbyhq.com/posting-api/job-board/careerstrengo,4,observed,
ashby,careway,careway,https://jobs.ashbyhq.com/careway,https://api.ashbyhq.com/posting-api/job-board/careway,3,observed,
ashby,cargado,cargado,https://jobs.ashbyhq.com/cargado,https://api.ashbyhq.com/posting-api/job-board/cargado,1,observed,
ashby,cargo-one,cargo-one,https://jobs.ashbyhq.com/cargo-one,https://api.ashbyhq.com/posting-api/job-board/cargo-one,2,observed,
ashby,CARIAN,CARIAN,https://jobs.ashbyhq.com/CARIAN,https://api.ashbyhq.com/posting-api/job-board/CARIAN,53,observed,
ashby,caribou,caribou,https://jobs.ashbyhq.com/caribou,https://api.ashbyhq.com/posting-api/job-board/caribou,2,observed,
ashby,carnot-ai,carnot-ai,https://jobs.ashbyhq.com/carnot-ai,https://api.ashbyhq.com/posting-api/job-board/carnot-ai,9,observed,
ashby,cartesia,cartesia,https://jobs.ashbyhq.com/cartesia,https://api.ashbyhq.com/posting-api/job-board/cartesia,30,observed,
ashby,caruso,caruso,https://jobs.ashbyhq.com/caruso,https://api.ashbyhq.com/posting-api/job-board/caruso,2,observed,
ashby,carwow,carwow,https://jobs.ashbyhq.com/carwow,https://api.ashbyhq.com/posting-api/job-board/carwow,32,observed,
ashby,cas,cas,https://jobs.ashbyhq.com/cas,https://api.ashbyhq.com/posting-api/job-board/cas,9,observed,
ashby,casa,casa,https://jobs.ashbyhq.com/casa,https://api.ashbyhq.com/posting-api/job-board/casa,17,observed,
ashby,casca,casca,https://jobs.ashbyhq.com/casca,https://api.ashbyhq.com/posting-api/job-board/casca,5,observed,
ashby,castle,castle,https://jobs.ashbyhq.com/castle,https://api.ashbyhq.com/posting-api/job-board/castle,2,observed,
ashby,catchafire,catchafire,https://jobs.ashbyhq.com/catchafire,https://api.ashbyhq.com/posting-api/job-board/catchafire,3,observed,
ashby,category-labs,category-labs,https://jobs.ashbyhq.com/category-labs,https://api.ashbyhq.com/posting-api/job-board/category-labs,6,observed,
ashby,catena,catena,https://jobs.ashbyhq.com/catena,https://api.ashbyhq.com/posting-api/job-board/catena,4,observed,
ashby,Catio,Catio,https://jobs.ashbyhq.com/Catio,https://api.ashbyhq.com/posting-api/job-board/Catio,1,observed,
ashby,causal,causal,https://jobs.ashbyhq.com/causal,https://api.ashbyhq.com/posting-api/job-board/causal,20,observed,
ashby,causaly,causaly,https://jobs.ashbyhq.com/causaly,https://api.ashbyhq.com/posting-api/job-board/causaly,8,observed,
ashby,cbai,cbai,https://jobs.ashbyhq.com/cbai,https://api.ashbyhq.com/posting-api/job-board/cbai,7,observed,
ashby,cchn,cchn,https://jobs.ashbyhq.com/cchn,https://api.ashbyhq.com/posting-api/job-board/cchn,1,observed,
ashby,ceartas,ceartas,https://jobs.ashbyhq.com/ceartas,https://api.ashbyhq.com/posting-api/job-board/ceartas,3,observed,
ashby,cedar,cedar,https://jobs.ashbyhq.com/cedar,https://api.ashbyhq.com/posting-api/job-board/cedar,3,observed,
ashby,centari,centari,https://jobs.ashbyhq.com/centari,https://api.ashbyhq.com/posting-api/job-board/centari,6,observed,
ashby,centerfield,centerfield,https://jobs.ashbyhq.com/centerfield,https://api.ashbyhq.com/posting-api/job-board/centerfield,16,observed,
ashby,centivo,centivo,https://jobs.ashbyhq.com/centivo,https://api.ashbyhq.com/posting-api/job-board/centivo,15,observed,
ashby,centreforeffectivealtruism,centreforeffectivealtruism,https://jobs.ashbyhq.com/centreforeffectivealtruism,https://api.ashbyhq.com/posting-api/job-board/centreforeffectivealtruism,4,observed,
ashby,cerebras,cerebras,https://jobs.ashbyhq.com/cerebras,https://api.ashbyhq.com/posting-api/job-board/cerebras,122,observed,
ashby,certifyos,certifyos,https://jobs.ashbyhq.com/certifyos,https://api.ashbyhq.com/posting-api/job-board/certifyos,6,observed,
ashby,chaidiscovery,chaidiscovery,https://jobs.ashbyhq.com/chaidiscovery,https://api.ashbyhq.com/posting-api/job-board/chaidiscovery,14,observed,
ashby,chainalysis-careers,chainalysis-careers,https://jobs.ashbyhq.com/chainalysis-careers,https://api.ashbyhq.com/posting-api/job-board/chainalysis-careers,43,observed,
ashby,chakra-labs,chakra-labs,https://jobs.ashbyhq.com/chakra-labs,https://api.ashbyhq.com/posting-api/job-board/chakra-labs,3,observed,
ashby,chambercardio,chambercardio,https://jobs.ashbyhq.com/chambercardio,https://api.ashbyhq.com/posting-api/job-board/chambercardio,6,observed,
ashby,change,change,https://jobs.ashbyhq.com/change,https://api.ashbyhq.com/posting-api/job-board/change,7,observed,
ashby,character,character,https://jobs.ashbyhq.com/character,https://api.ashbyhq.com/posting-api/job-board/character,13,observed,
ashby,charge-robotics,charge-robotics,https://jobs.ashbyhq.com/charge-robotics,https://api.ashbyhq.com/posting-api/job-board/charge-robotics,15,observed,
ashby,chartis,chartis,https://jobs.ashbyhq.com/chartis,https://api.ashbyhq.com/posting-api/job-board/chartis,30,observed,
ashby,chatbase,chatbase,https://jobs.ashbyhq.com/chatbase,https://api.ashbyhq.com/posting-api/job-board/chatbase,3,observed,
ashby,chattermill,chattermill,https://jobs.ashbyhq.com/chattermill,https://api.ashbyhq.com/posting-api/job-board/chattermill,3,observed,
ashby,check-technologies,check-technologies,https://jobs.ashbyhq.com/check-technologies,https://api.ashbyhq.com/posting-api/job-board/check-technologies,15,observed,
ashby,checkatrade,checkatrade,https://jobs.ashbyhq.com/checkatrade,https://api.ashbyhq.com/posting-api/job-board/checkatrade,23,observed,
ashby,checkly,checkly,https://jobs.ashbyhq.com/checkly,https://api.ashbyhq.com/posting-api/job-board/checkly,3,observed,
ashby,checkout.com,checkout.com,https://jobs.ashbyhq.com/checkout.com,https://api.ashbyhq.com/posting-api/job-board/checkout.com,177,observed,
ashby,Chestnut,Chestnut,https://jobs.ashbyhq.com/Chestnut,https://api.ashbyhq.com/posting-api/job-board/Chestnut,4,observed,
ashby,chief,chief,https://jobs.ashbyhq.com/chief,https://api.ashbyhq.com/posting-api/job-board/chief,3,observed,
ashby,chilipiper,chilipiper,https://jobs.ashbyhq.com/chilipiper,https://api.ashbyhq.com/posting-api/job-board/chilipiper,3,observed,
ashby,choco,choco,https://jobs.ashbyhq.com/choco,https://api.ashbyhq.com/posting-api/job-board/choco,9,observed,
ashby,chromatic,chromatic,https://jobs.ashbyhq.com/chromatic,https://api.ashbyhq.com/posting-api/job-board/chromatic,7,observed,
ashby,cinder,cinder,https://jobs.ashbyhq.com/cinder,https://api.ashbyhq.com/posting-api/job-board/cinder,7,observed,
ashby,circuithub,circuithub,https://jobs.ashbyhq.com/circuithub,https://api.ashbyhq.com/posting-api/job-board/circuithub,9,observed,
ashby,ciroos,ciroos,https://jobs.ashbyhq.com/ciroos,https://api.ashbyhq.com/posting-api/job-board/ciroos,7,observed,
ashby,citadel-ai,citadel-ai,https://jobs.ashbyhq.com/citadel-ai,https://api.ashbyhq.com/posting-api/job-board/citadel-ai,2,observed,
ashby,Citizen,Citizen,https://jobs.ashbyhq.com/Citizen,https://api.ashbyhq.com/posting-api/job-board/Citizen,4,observed,
ashby,civicmarketplace,civicmarketplace,https://jobs.ashbyhq.com/civicmarketplace,https://api.ashbyhq.com/posting-api/job-board/civicmarketplace,3,observed,
ashby,civilgrid,civilgrid,https://jobs.ashbyhq.com/civilgrid,https://api.ashbyhq.com/posting-api/job-board/civilgrid,6,observed,
ashby,claim-health,claim-health,https://jobs.ashbyhq.com/claim-health,https://api.ashbyhq.com/posting-api/job-board/claim-health,8,observed,
ashby,claimsorted,claimsorted,https://jobs.ashbyhq.com/claimsorted,https://api.ashbyhq.com/posting-api/job-board/claimsorted,17,observed,
ashby,clarasight,clarasight,https://jobs.ashbyhq.com/clarasight,https://api.ashbyhq.com/posting-api/job-board/clarasight,15,observed,
ashby,clarify,clarify,https://jobs.ashbyhq.com/clarify,https://api.ashbyhq.com/posting-api/job-board/clarify,2,observed,
ashby,clarisights,clarisights,https://jobs.ashbyhq.com/clarisights,https://api.ashbyhq.com/posting-api/job-board/clarisights,2,observed,
ashby,claritypediatrics,claritypediatrics,https://jobs.ashbyhq.com/claritypediatrics,https://api.ashbyhq.com/posting-api/job-board/claritypediatrics,16,observed,
ashby,clarium,clarium,https://jobs.ashbyhq.com/clarium,https://api.ashbyhq.com/posting-api/job-board/clarium,8,observed,
ashby,clasp-group,clasp-group,https://jobs.ashbyhq.com/clasp-group,https://api.ashbyhq.com/posting-api/job-board/clasp-group,10,observed,
ashby,classdojo,classdojo,https://jobs.ashbyhq.com/classdojo,https://api.ashbyhq.com/posting-api/job-board/classdojo,13,observed,
ashby,claylabs,claylabs,https://jobs.ashbyhq.com/claylabs,https://api.ashbyhq.com/posting-api/job-board/claylabs,68,observed,
ashby,clearbank,clearbank,https://jobs.ashbyhq.com/clearbank,https://api.ashbyhq.com/posting-api/job-board/clearbank,10,observed,
ashby,clearco,clearco,https://jobs.ashbyhq.com/clearco,https://api.ashbyhq.com/posting-api/job-board/clearco,3,observed,
ashby,clearly-ai,clearly-ai,https://jobs.ashbyhq.com/clearly-ai,https://api.ashbyhq.com/posting-api/job-board/clearly-ai,1,observed,
ashby,Clera,Clera,https://jobs.ashbyhq.com/Clera,https://api.ashbyhq.com/posting-api/job-board/Clera,304,observed,
ashby,clickhouse,clickhouse,https://jobs.ashbyhq.com/clickhouse,https://api.ashbyhq.com/posting-api/job-board/clickhouse,175,observed,
ashby,clickup,clickup,https://jobs.ashbyhq.com/clickup,https://api.ashbyhq.com/posting-api/job-board/clickup,66,observed,
ashby,climatiq,climatiq,https://jobs.ashbyhq.com/climatiq,https://api.ashbyhq.com/posting-api/job-board/climatiq,3,observed,
ashby,clipboard,clipboard,https://jobs.ashbyhq.com/clipboard,https://api.ashbyhq.com/posting-api/job-board/clipboard,34,observed,
ashby,Clipbook,Clipbook,https://jobs.ashbyhq.com/Clipbook,https://api.ashbyhq.com/posting-api/job-board/Clipbook,7,observed,
ashby,close,close,https://jobs.ashbyhq.com/close,https://api.ashbyhq.com/posting-api/job-board/close,5,observed,
ashby,cloudtrucks,cloudtrucks,https://jobs.ashbyhq.com/cloudtrucks,https://api.ashbyhq.com/posting-api/job-board/cloudtrucks,3,observed,
ashby,CloudZero,CloudZero,https://jobs.ashbyhq.com/CloudZero,https://api.ashbyhq.com/posting-api/job-board/CloudZero,13,observed,
ashby,clubhouse,clubhouse,https://jobs.ashbyhq.com/clubhouse,https://api.ashbyhq.com/posting-api/job-board/clubhouse,3,observed,
ashby,cluely,cluely,https://jobs.ashbyhq.com/cluely,https://api.ashbyhq.com/posting-api/job-board/cluely,4,observed,
ashby,Coastal,Coastal,https://jobs.ashbyhq.com/Coastal,https://api.ashbyhq.com/posting-api/job-board/Coastal,14,observed,
ashby,cobot,cobot,https://jobs.ashbyhq.com/cobot,https://api.ashbyhq.com/posting-api/job-board/cobot,11,observed,
ashby,cocodelivery,cocodelivery,https://jobs.ashbyhq.com/cocodelivery,https://api.ashbyhq.com/posting-api/job-board/cocodelivery,12,observed,
ashby,codat,codat,https://jobs.ashbyhq.com/codat,https://api.ashbyhq.com/posting-api/job-board/codat,4,observed,
ashby,code-metal,code-metal,https://jobs.ashbyhq.com/code-metal,https://api.ashbyhq.com/posting-api/job-board/code-metal,23,observed,
ashby,coder,coder,https://jobs.ashbyhq.com/coder,https://api.ashbyhq.com/posting-api/job-board/coder,28,observed,
ashby,coderabbit,coderabbit,https://jobs.ashbyhq.com/coderabbit,https://api.ashbyhq.com/posting-api/job-board/coderabbit,48,observed,
ashby,codesphere,codesphere,https://jobs.ashbyhq.com/codesphere,https://api.ashbyhq.com/posting-api/job-board/codesphere,15,observed,
ashby,codeway,codeway,https://jobs.ashbyhq.com/codeway,https://api.ashbyhq.com/posting-api/job-board/codeway,15,observed,
ashby,codex,codex,https://jobs.ashbyhq.com/codex,https://api.ashbyhq.com/posting-api/job-board/codex,9,observed,
ashby,coefficientgiving,coefficientgiving,https://jobs.ashbyhq.com/coefficientgiving,https://api.ashbyhq.com/posting-api/job-board/coefficientgiving,2,observed,
ashby,coframe,coframe,https://jobs.ashbyhq.com/coframe,https://api.ashbyhq.com/posting-api/job-board/coframe,14,observed,
ashby,cogent-security,cogent-security,https://jobs.ashbyhq.com/cogent-security,https://api.ashbyhq.com/posting-api/job-board/cogent-security,25,observed,
ashby,cognition,cognition,https://jobs.ashbyhq.com/cognition,https://api.ashbyhq.com/posting-api/job-board/cognition,84,observed,
ashby,cohere,cohere,https://jobs.ashbyhq.com/cohere,https://api.ashbyhq.com/posting-api/job-board/cohere,143,observed,
ashby,Coinflow,Coinflow,https://jobs.ashbyhq.com/Coinflow,https://api.ashbyhq.com/posting-api/job-board/Coinflow,14,observed,
ashby,Coinhako,Coinhako,https://jobs.ashbyhq.com/Coinhako,https://api.ashbyhq.com/posting-api/job-board/Coinhako,10,observed,
ashby,cointracker,cointracker,https://jobs.ashbyhq.com/cointracker,https://api.ashbyhq.com/posting-api/job-board/cointracker,1,observed,
ashby,collective,collective,https://jobs.ashbyhq.com/collective,https://api.ashbyhq.com/posting-api/job-board/collective,16,observed,
ashby,colonist,colonist,https://jobs.ashbyhq.com/colonist,https://api.ashbyhq.com/posting-api/job-board/colonist,7,observed,
ashby,column,column,https://jobs.ashbyhq.com/column,https://api.ashbyhq.com/posting-api/job-board/column,19,observed,
ashby,comfy-org,comfy-org,https://jobs.ashbyhq.com/comfy-org,https://api.ashbyhq.com/posting-api/job-board/comfy-org,13,observed,
ashby,comind,comind,https://jobs.ashbyhq.com/comind,https://api.ashbyhq.com/posting-api/job-board/comind,12,observed,
ashby,comity,comity,https://jobs.ashbyhq.com/comity,https://api.ashbyhq.com/posting-api/job-board/comity,5,observed,
ashby,commonroom,commonroom,https://jobs.ashbyhq.com/commonroom,https://api.ashbyhq.com/posting-api/job-board/commonroom,6,observed,
ashby,commure,commure,https://jobs.ashbyhq.com/commure,https://api.ashbyhq.com/posting-api/job-board/commure,72,observed,
ashby,compa,compa,https://jobs.ashbyhq.com/compa,https://api.ashbyhq.com/posting-api/job-board/compa,2,observed,
ashby,complete,complete,https://jobs.ashbyhq.com/complete,https://api.ashbyhq.com/posting-api/job-board/complete,7,observed,
ashby,composio,composio,https://jobs.ashbyhq.com/composio,https://api.ashbyhq.com/posting-api/job-board/composio,32,observed,
ashby,composite,composite,https://jobs.ashbyhq.com/composite,https://api.ashbyhq.com/posting-api/job-board/composite,1,observed,
ashby,compound,compound,https://jobs.ashbyhq.com/compound,https://api.ashbyhq.com/posting-api/job-board/compound,5,observed,
ashby,compscience,compscience,https://jobs.ashbyhq.com/compscience,https://api.ashbyhq.com/posting-api/job-board/compscience,1,observed,
ashby,comstruct,comstruct,https://jobs.ashbyhq.com/comstruct,https://api.ashbyhq.com/posting-api/job-board/comstruct,11,observed,
ashby,comun,comun,https://jobs.ashbyhq.com/comun,https://api.ashbyhq.com/posting-api/job-board/comun,7,observed,
ashby,Conception,Conception,https://jobs.ashbyhq.com/Conception,https://api.ashbyhq.com/posting-api/job-board/Conception,6,observed,
ashby,concourse,concourse,https://jobs.ashbyhq.com/concourse,https://api.ashbyhq.com/posting-api/job-board/concourse,8,observed,
ashby,condor-software,condor-software,https://jobs.ashbyhq.com/condor-software,https://api.ashbyhq.com/posting-api/job-board/condor-software,5,observed,
ashby,conduct,conduct,https://jobs.ashbyhq.com/conduct,https://api.ashbyhq.com/posting-api/job-board/conduct,12,observed,
ashby,conductorai,conductorai,https://jobs.ashbyhq.com/conductorai,https://api.ashbyhq.com/posting-api/job-board/conductorai,5,observed,
ashby,Conduit,Conduit,https://jobs.ashbyhq.com/Conduit,https://api.ashbyhq.com/posting-api/job-board/Conduit,2,observed,
ashby,conduit-health,conduit-health,https://jobs.ashbyhq.com/conduit-health,https://api.ashbyhq.com/posting-api/job-board/conduit-health,14,observed,
ashby,conetic-group,conetic-group,https://jobs.ashbyhq.com/conetic-group,https://api.ashbyhq.com/posting-api/job-board/conetic-group,4,observed,
ashby,confiant,confiant,https://jobs.ashbyhq.com/confiant,https://api.ashbyhq.com/posting-api/job-board/confiant,2,observed,
ashby,confido,confido,https://jobs.ashbyhq.com/confido,https://api.ashbyhq.com/posting-api/job-board/confido,31,observed,
ashby,confluent,confluent,https://jobs.ashbyhq.com/confluent,https://api.ashbyhq.com/posting-api/job-board/confluent,23,observed,
ashby,console,console,https://jobs.ashbyhq.com/console,https://api.ashbyhq.com/posting-api/job-board/console,16,observed,
ashby,constellation,constellation,https://jobs.ashbyhq.com/constellation,https://api.ashbyhq.com/posting-api/job-board/constellation,6,observed,
ashby,constellationspace,constellationspace,https://jobs.ashbyhq.com/constellationspace,https://api.ashbyhq.com/posting-api/job-board/constellationspace,4,observed,
ashby,constructor,constructor,https://jobs.ashbyhq.com/constructor,https://api.ashbyhq.com/posting-api/job-board/constructor,53,observed,
ashby,contentoo,contentoo,https://jobs.ashbyhq.com/contentoo,https://api.ashbyhq.com/posting-api/job-board/contentoo,3,observed,
ashby,context,context,https://jobs.ashbyhq.com/context,https://api.ashbyhq.com/posting-api/job-board/context,4,observed,
ashby,contoro,contoro,https://jobs.ashbyhq.com/contoro,https://api.ashbyhq.com/posting-api/job-board/contoro,7,observed,
ashby,contra,contra,https://jobs.ashbyhq.com/contra,https://api.ashbyhq.com/posting-api/job-board/contra,5,observed,
ashby,conveo,conveo,https://jobs.ashbyhq.com/conveo,https://api.ashbyhq.com/posting-api/job-board/conveo,19,observed,
ashby,conversion,conversion,https://jobs.ashbyhq.com/conversion,https://api.ashbyhq.com/posting-api/job-board/conversion,10,observed,
ashby,convex-dev,convex-dev,https://jobs.ashbyhq.com/convex-dev,https://api.ashbyhq.com/posting-api/job-board/convex-dev,13,observed,
ashby,copilot-money,copilot-money,https://jobs.ashbyhq.com/copilot-money,https://api.ashbyhq.com/posting-api/job-board/copilot-money,4,observed,
ashby,coralai,coralai,https://jobs.ashbyhq.com/coralai,https://api.ashbyhq.com/posting-api/job-board/coralai,8,observed,
ashby,coram-ai,coram-ai,https://jobs.ashbyhq.com/coram-ai,https://api.ashbyhq.com/posting-api/job-board/coram-ai,35,observed,
ashby,coreflow,coreflow,https://jobs.ashbyhq.com/coreflow,https://api.ashbyhq.com/posting-api/job-board/coreflow,10,observed,
ashby,coreoftheheart,coreoftheheart,https://jobs.ashbyhq.com/coreoftheheart,https://api.ashbyhq.com/posting-api/job-board/coreoftheheart,9,observed,
ashby,corgi,corgi,https://jobs.ashbyhq.com/corgi,https://api.ashbyhq.com/posting-api/job-board/corgi,13,observed,
ashby,corridor,corridor,https://jobs.ashbyhq.com/corridor,https://api.ashbyhq.com/posting-api/job-board/corridor,13,observed,
ashby,corti,corti,https://jobs.ashbyhq.com/corti,https://api.ashbyhq.com/posting-api/job-board/corti,5,observed,
ashby,cosine,cosine,https://jobs.ashbyhq.com/cosine,https://api.ashbyhq.com/posting-api/job-board/cosine,3,observed,
ashby,cosmic-robotics,cosmic-robotics,https://jobs.ashbyhq.com/cosmic-robotics,https://api.ashbyhq.com/posting-api/job-board/cosmic-robotics,4,observed,
ashby,cosuno,cosuno,https://jobs.ashbyhq.com/cosuno,https://api.ashbyhq.com/posting-api/job-board/cosuno,16,observed,
ashby,counsel,counsel,https://jobs.ashbyhq.com/counsel,https://api.ashbyhq.com/posting-api/job-board/counsel,16,observed,
ashby,coursecareers,coursecareers,https://jobs.ashbyhq.com/coursecareers,https://api.ashbyhq.com/posting-api/job-board/coursecareers,8,observed,
ashby,Coverbase,Coverbase,https://jobs.ashbyhq.com/Coverbase,https://api.ashbyhq.com/posting-api/job-board/Coverbase,4,observed,
ashby,cow-dao,cow-dao,https://jobs.ashbyhq.com/cow-dao,https://api.ashbyhq.com/posting-api/job-board/cow-dao,1,observed,
ashby,cowboyspace,cowboyspace,https://jobs.ashbyhq.com/cowboyspace,https://api.ashbyhq.com/posting-api/job-board/cowboyspace,71,observed,
ashby,cradlebio,cradlebio,https://jobs.ashbyhq.com/cradlebio,https://api.ashbyhq.com/posting-api/job-board/cradlebio,7,observed,
ashby,craft.co,craft.co,https://jobs.ashbyhq.com/craft.co,https://api.ashbyhq.com/posting-api/job-board/craft.co,3,observed,
ashby,craftdocs,craftdocs,https://jobs.ashbyhq.com/craftdocs,https://api.ashbyhq.com/posting-api/job-board/craftdocs,3,observed,
ashby,creatify,creatify,https://jobs.ashbyhq.com/creatify,https://api.ashbyhq.com/posting-api/job-board/creatify,9,observed,
ashby,creatoriq,creatoriq,https://jobs.ashbyhq.com/creatoriq,https://api.ashbyhq.com/posting-api/job-board/creatoriq,22,observed,
ashby,creditgenie,creditgenie,https://jobs.ashbyhq.com/creditgenie,https://api.ashbyhq.com/posting-api/job-board/creditgenie,9,observed,
ashby,credo.ai,credo.ai,https://jobs.ashbyhq.com/credo.ai,https://api.ashbyhq.com/posting-api/job-board/credo.ai,4,observed,
ashby,creem,creem,https://jobs.ashbyhq.com/creem,https://api.ashbyhq.com/posting-api/job-board/creem,6,observed,
ashby,crisp,crisp,https://jobs.ashbyhq.com/crisp,https://api.ashbyhq.com/posting-api/job-board/crisp,19,observed,
ashby,critical-energy,critical-energy,https://jobs.ashbyhq.com/critical-energy,https://api.ashbyhq.com/posting-api/job-board/critical-energy,6,observed,
ashby,criticalloop,criticalloop,https://jobs.ashbyhq.com/criticalloop,https://api.ashbyhq.com/posting-api/job-board/criticalloop,8,observed,
ashby,crosby,crosby,https://jobs.ashbyhq.com/crosby,https://api.ashbyhq.com/posting-api/job-board/crosby,17,observed,
ashby,crossjoin-solutions,crossjoin-solutions,https://jobs.ashbyhq.com/crossjoin-solutions,https://api.ashbyhq.com/posting-api/job-board/crossjoin-solutions,8,observed,
ashby,crusoe,crusoe,https://jobs.ashbyhq.com/crusoe,https://api.ashbyhq.com/posting-api/job-board/crusoe,381,observed,
ashby,cruxclimate,cruxclimate,https://jobs.ashbyhq.com/cruxclimate,https://api.ashbyhq.com/posting-api/job-board/cruxclimate,15,observed,
ashby,cryptio,cryptio,https://jobs.ashbyhq.com/cryptio,https://api.ashbyhq.com/posting-api/job-board/cryptio,2,observed,
ashby,ctgt,ctgt,https://jobs.ashbyhq.com/ctgt,https://api.ashbyhq.com/posting-api/job-board/ctgt,3,observed,
ashby,cubesoftware,cubesoftware,https://jobs.ashbyhq.com/cubesoftware,https://api.ashbyhq.com/posting-api/job-board/cubesoftware,4,observed,
ashby,cuesta-partners,cuesta-partners,https://jobs.ashbyhq.com/cuesta-partners,https://api.ashbyhq.com/posting-api/job-board/cuesta-partners,15,observed,
ashby,current-advisors,current-advisors,https://jobs.ashbyhq.com/current-advisors,https://api.ashbyhq.com/posting-api/job-board/current-advisors,83,observed,
ashby,cursor,cursor,https://jobs.ashbyhq.com/cursor,https://api.ashbyhq.com/posting-api/job-board/cursor,115,observed,
ashby,cuspai,cuspai,https://jobs.ashbyhq.com/cuspai,https://api.ashbyhq.com/posting-api/job-board/cuspai,15,observed,
ashby,customuse,customuse,https://jobs.ashbyhq.com/customuse,https://api.ashbyhq.com/posting-api/job-board/customuse,1,observed,
ashby,cybcube,cybcube,https://jobs.ashbyhq.com/cybcube,https://api.ashbyhq.com/posting-api/job-board/cybcube,1,observed,
ashby,cyber.fund,cyber.fund,https://jobs.ashbyhq.com/cyber.fund,https://api.ashbyhq.com/posting-api/job-board/cyber.fund,1,observed,
ashby,cyberhaven,cyberhaven,https://jobs.ashbyhq.com/cyberhaven,https://api.ashbyhq.com/posting-api/job-board/cyberhaven,13,observed,
ashby,cygnify,cygnify,https://jobs.ashbyhq.com/cygnify,https://api.ashbyhq.com/posting-api/job-board/cygnify,63,observed,
ashby,cylake-inc,cylake-inc,https://jobs.ashbyhq.com/cylake-inc,https://api.ashbyhq.com/posting-api/job-board/cylake-inc,12,observed,
ashby,cytora.com,cytora.com,https://jobs.ashbyhq.com/cytora.com,https://api.ashbyhq.com/posting-api/job-board/cytora.com,5,observed,
ashby,cyvl,cyvl,https://jobs.ashbyhq.com/cyvl,https://api.ashbyhq.com/posting-api/job-board/cyvl,6,observed,
ashby,d-matrix,d-matrix,https://jobs.ashbyhq.com/d-matrix,https://api.ashbyhq.com/posting-api/job-board/d-matrix,39,observed,
ashby,dailypay,dailypay,https://jobs.ashbyhq.com/dailypay,https://api.ashbyhq.com/posting-api/job-board/dailypay,25,observed,
ashby,dakota,dakota,https://jobs.ashbyhq.com/dakota,https://api.ashbyhq.com/posting-api/job-board/dakota,4,observed,
ashby,dandelion,dandelion,https://jobs.ashbyhq.com/dandelion,https://api.ashbyhq.com/posting-api/job-board/dandelion,13,observed,
ashby,dandy,dandy,https://jobs.ashbyhq.com/dandy,https://api.ashbyhq.com/posting-api/job-board/dandy,87,observed,
ashby,darkroom,darkroom,https://jobs.ashbyhq.com/darkroom,https://api.ashbyhq.com/posting-api/job-board/darkroom,23,observed,
ashby,darwin,darwin,https://jobs.ashbyhq.com/darwin,https://api.ashbyhq.com/posting-api/job-board/darwin,1,observed,
ashby,dash0,dash0,https://jobs.ashbyhq.com/dash0,https://api.ashbyhq.com/posting-api/job-board/dash0,44,observed,
ashby,datafold,datafold,https://jobs.ashbyhq.com/datafold,https://api.ashbyhq.com/posting-api/job-board/datafold,1,observed,
ashby,datasnipper,datasnipper,https://jobs.ashbyhq.com/datasnipper,https://api.ashbyhq.com/posting-api/job-board/datasnipper,30,observed,
ashby,datatonic,datatonic,https://jobs.ashbyhq.com/datatonic,https://api.ashbyhq.com/posting-api/job-board/datatonic,20,observed,
ashby,datawizz,datawizz,https://jobs.ashbyhq.com/datawizz,https://api.ashbyhq.com/posting-api/job-board/datawizz,7,observed,
ashby,DatologyAI,DatologyAI,https://jobs.ashbyhq.com/DatologyAI,https://api.ashbyhq.com/posting-api/job-board/DatologyAI,14,observed,
ashby,dave,dave,https://jobs.ashbyhq.com/dave,https://api.ashbyhq.com/posting-api/job-board/dave,7,observed,
ashby,david-ai,david-ai,https://jobs.ashbyhq.com/david-ai,https://api.ashbyhq.com/posting-api/job-board/david-ai,11,observed,
ashby,davidenergy,davidenergy,https://jobs.ashbyhq.com/davidenergy,https://api.ashbyhq.com/posting-api/job-board/davidenergy,3,observed,
ashby,davistechnologymanagement,davistechnologymanagement,https://jobs.ashbyhq.com/davistechnologymanagement,https://api.ashbyhq.com/posting-api/job-board/davistechnologymanagement,9,observed,
ashby,daydream,daydream,https://jobs.ashbyhq.com/daydream,https://api.ashbyhq.com/posting-api/job-board/daydream,8,observed,
ashby,daydreamlive,daydreamlive,https://jobs.ashbyhq.com/daydreamlive,https://api.ashbyhq.com/posting-api/job-board/daydreamlive,2,observed,
ashby,decagon,decagon,https://jobs.ashbyhq.com/decagon,https://api.ashbyhq.com/posting-api/job-board/decagon,136,observed,
ashby,decodahealth,decodahealth,https://jobs.ashbyhq.com/decodahealth,https://api.ashbyhq.com/posting-api/job-board/decodahealth,6,observed,
ashby,deductive,deductive,https://jobs.ashbyhq.com/deductive,https://api.ashbyhq.com/posting-api/job-board/deductive,3,observed,
ashby,deepgram,deepgram,https://jobs.ashbyhq.com/deepgram,https://api.ashbyhq.com/posting-api/job-board/deepgram,83,observed,
ashby,deepjudge,deepjudge,https://jobs.ashbyhq.com/deepjudge,https://api.ashbyhq.com/posting-api/job-board/deepjudge,20,observed,
ashby,deepl,deepl,https://jobs.ashbyhq.com/deepl,https://api.ashbyhq.com/posting-api/job-board/deepl,61,observed,
ashby,deeploy,deeploy,https://jobs.ashbyhq.com/deeploy,https://api.ashbyhq.com/posting-api/job-board/deeploy,1,observed,
ashby,Deepnote,Deepnote,https://jobs.ashbyhq.com/Deepnote,https://api.ashbyhq.com/posting-api/job-board/Deepnote,3,observed,
ashby,deepsetai,deepsetai,https://jobs.ashbyhq.com/deepsetai,https://api.ashbyhq.com/posting-api/job-board/deepsetai,5,observed,
ashby,deeptune,deeptune,https://jobs.ashbyhq.com/deeptune,https://api.ashbyhq.com/posting-api/job-board/deeptune,1,observed,
ashby,DehazeLabs,DehazeLabs,https://jobs.ashbyhq.com/DehazeLabs,https://api.ashbyhq.com/posting-api/job-board/DehazeLabs,2,observed,
ashby,delfa,delfa,https://jobs.ashbyhq.com/delfa,https://api.ashbyhq.com/posting-api/job-board/delfa,1,observed,
ashby,delinea,delinea,https://jobs.ashbyhq.com/delinea,https://api.ashbyhq.com/posting-api/job-board/delinea,96,observed,
ashby,deliveroo,deliveroo,https://jobs.ashbyhq.com/deliveroo,https://api.ashbyhq.com/posting-api/job-board/deliveroo,180,observed,
ashby,delphi,delphi,https://jobs.ashbyhq.com/delphi,https://api.ashbyhq.com/posting-api/job-board/delphi,6,observed,
ashby,Delphina,Delphina,https://jobs.ashbyhq.com/Delphina,https://api.ashbyhq.com/posting-api/job-board/Delphina,3,observed,
ashby,delplayagroup,delplayagroup,https://jobs.ashbyhq.com/delplayagroup,https://api.ashbyhq.com/posting-api/job-board/delplayagroup,10,observed,
ashby,demandbase,demandbase,https://jobs.ashbyhq.com/demandbase,https://api.ashbyhq.com/posting-api/job-board/demandbase,16,observed,
ashby,depot,depot,https://jobs.ashbyhq.com/depot,https://api.ashbyhq.com/posting-api/job-board/depot,2,observed,
ashby,depthfirst,depthfirst,https://jobs.ashbyhq.com/depthfirst,https://api.ashbyhq.com/posting-api/job-board/depthfirst,15,observed,
ashby,develop-health,develop-health,https://jobs.ashbyhq.com/develop-health,https://api.ashbyhq.com/posting-api/job-board/develop-health,3,observed,
ashby,devsavant,devsavant,https://jobs.ashbyhq.com/devsavant,https://api.ashbyhq.com/posting-api/job-board/devsavant,12,observed,
ashby,dex,dex,https://jobs.ashbyhq.com/dex,https://api.ashbyhq.com/posting-api/job-board/dex,8,observed,
ashby,dexmate,dexmate,https://jobs.ashbyhq.com/dexmate,https://api.ashbyhq.com/posting-api/job-board/dexmate,36,observed,
ashby,diagrid,diagrid,https://jobs.ashbyhq.com/diagrid,https://api.ashbyhq.com/posting-api/job-board/diagrid,7,observed,
ashby,dialo,dialo,https://jobs.ashbyhq.com/dialo,https://api.ashbyhq.com/posting-api/job-board/dialo,3,observed,
ashby,directive,directive,https://jobs.ashbyhq.com/directive,https://api.ashbyhq.com/posting-api/job-board/directive,74,observed,
ashby,discern,discern,https://jobs.ashbyhq.com/discern,https://api.ashbyhq.com/posting-api/job-board/discern,2,observed,
ashby,dispatch,dispatch,https://jobs.ashbyhq.com/dispatch,https://api.ashbyhq.com/posting-api/job-board/dispatch,9,observed,
ashby,displai,displai,https://jobs.ashbyhq.com/displai,https://api.ashbyhq.com/posting-api/job-board/displai,4,observed,
ashby,distributed-spectrum,distributed-spectrum,https://jobs.ashbyhq.com/distributed-spectrum,https://api.ashbyhq.com/posting-api/job-board/distributed-spectrum,10,observed,
ashby,distyl,distyl,https://jobs.ashbyhq.com/distyl,https://api.ashbyhq.com/posting-api/job-board/distyl,25,observed,
ashby,ditto,ditto,https://jobs.ashbyhq.com/ditto,https://api.ashbyhq.com/posting-api/job-board/ditto,12,observed,
ashby,dittoai,dittoai,https://jobs.ashbyhq.com/dittoai,https://api.ashbyhq.com/posting-api/job-board/dittoai,4,observed,
ashby,DivineResearch,DivineResearch,https://jobs.ashbyhq.com/DivineResearch,https://api.ashbyhq.com/posting-api/job-board/DivineResearch,2,observed,
ashby,docebo,docebo,https://jobs.ashbyhq.com/docebo,https://api.ashbyhq.com/posting-api/job-board/docebo,45,observed,
ashby,docker,docker,https://jobs.ashbyhq.com/docker,https://api.ashbyhq.com/posting-api/job-board/docker,59,observed,
ashby,docplanner,docplanner,https://jobs.ashbyhq.com/docplanner,https://api.ashbyhq.com/posting-api/job-board/docplanner,36,observed,
ashby,doinstruct,doinstruct,https://jobs.ashbyhq.com/doinstruct,https://api.ashbyhq.com/posting-api/job-board/doinstruct,10,observed,
ashby,doji,doji,https://jobs.ashbyhq.com/doji,https://api.ashbyhq.com/posting-api/job-board/doji,11,observed,
ashby,doppel,doppel,https://jobs.ashbyhq.com/doppel,https://api.ashbyhq.com/posting-api/job-board/doppel,18,observed,
ashby,doppler,doppler,https://jobs.ashbyhq.com/doppler,https://api.ashbyhq.com/posting-api/job-board/doppler,1,observed,
ashby,doss,doss,https://jobs.ashbyhq.com/doss,https://api.ashbyhq.com/posting-api/job-board/doss,24,observed,
ashby,dosu,dosu,https://jobs.ashbyhq.com/dosu,https://api.ashbyhq.com/posting-api/job-board/dosu,3,observed,
ashby,dotfile,dotfile,https://jobs.ashbyhq.com/dotfile,https://api.ashbyhq.com/posting-api/job-board/dotfile,2,observed,
ashby,dottxt,dottxt,https://jobs.ashbyhq.com/dottxt,https://api.ashbyhq.com/posting-api/job-board/dottxt,1,observed,
ashby,double-the-donation,double-the-donation,https://jobs.ashbyhq.com/double-the-donation,https://api.ashbyhq.com/posting-api/job-board/double-the-donation,11,observed,
ashby,doublezero,doublezero,https://jobs.ashbyhq.com/doublezero,https://api.ashbyhq.com/posting-api/job-board/doublezero,4,observed,
ashby,dourolabs.xyz,dourolabs.xyz,https://jobs.ashbyhq.com/dourolabs.xyz,https://api.ashbyhq.com/posting-api/job-board/dourolabs.xyz,3,observed,
ashby,dovetail,dovetail,https://jobs.ashbyhq.com/dovetail,https://api.ashbyhq.com/posting-api/job-board/dovetail,4,observed,
ashby,drata,drata,https://jobs.ashbyhq.com/drata,https://api.ashbyhq.com/posting-api/job-board/drata,38,observed,
ashby,dreamthree,dreamthree,https://jobs.ashbyhq.com/dreamthree,https://api.ashbyhq.com/posting-api/job-board/dreamthree,7,observed,
ashby,drogue,drogue,https://jobs.ashbyhq.com/drogue,https://api.ashbyhq.com/posting-api/job-board/drogue,6,observed,
ashby,dryft,dryft,https://jobs.ashbyhq.com/dryft,https://api.ashbyhq.com/posting-api/job-board/dryft,5,observed,
ashby,dualentry,dualentry,https://jobs.ashbyhq.com/dualentry,https://api.ashbyhq.com/posting-api/job-board/dualentry,63,observed,
ashby,DubClub,DubClub,https://jobs.ashbyhq.com/DubClub,https://api.ashbyhq.com/posting-api/job-board/DubClub,3,observed,
ashby,duck-duck-go,duck-duck-go,https://jobs.ashbyhq.com/duck-duck-go,https://api.ashbyhq.com/posting-api/job-board/duck-duck-go,11,observed,
ashby,duet,duet,https://jobs.ashbyhq.com/duet,https://api.ashbyhq.com/posting-api/job-board/duet,12,observed,
ashby,duffel,duffel,https://jobs.ashbyhq.com/duffel,https://api.ashbyhq.com/posting-api/job-board/duffel,12,observed,
ashby,duna,duna,https://jobs.ashbyhq.com/duna,https://api.ashbyhq.com/posting-api/job-board/duna,10,observed,
ashby,dune,dune,https://jobs.ashbyhq.com/dune,https://api.ashbyhq.com/posting-api/job-board/dune,2,observed,
ashby,dusk,dusk,https://jobs.ashbyhq.com/dusk,https://api.ashbyhq.com/posting-api/job-board/dusk,5,observed,
ashby,dust,dust,https://jobs.ashbyhq.com/dust,https://api.ashbyhq.com/posting-api/job-board/dust,23,observed,
ashby,duvo,duvo,https://jobs.ashbyhq.com/duvo,https://api.ashbyhq.com/posting-api/job-board/duvo,14,observed,
ashby,dyna-robotics,dyna-robotics,https://jobs.ashbyhq.com/dyna-robotics,https://api.ashbyhq.com/posting-api/job-board/dyna-robotics,31,observed,
ashby,e-source,e-source,https://jobs.ashbyhq.com/e-source,https://api.ashbyhq.com/posting-api/job-board/e-source,10,observed,
ashby,e2b,e2b,https://jobs.ashbyhq.com/e2b,https://api.ashbyhq.com/posting-api/job-board/e2b,11,observed,
ashby,eagle,eagle,https://jobs.ashbyhq.com/eagle,https://api.ashbyhq.com/posting-api/job-board/eagle,2,observed,
ashby,easygenerator,easygenerator,https://jobs.ashbyhq.com/easygenerator,https://api.ashbyhq.com/posting-api/job-board/easygenerator,18,observed,
ashby,easyllama.com,easyllama.com,https://jobs.ashbyhq.com/easyllama.com,https://api.ashbyhq.com/posting-api/job-board/easyllama.com,3,observed,
ashby,ecosia.org,ecosia.org,https://jobs.ashbyhq.com/ecosia.org,https://api.ashbyhq.com/posting-api/job-board/ecosia.org,1,observed,
ashby,edia,edia,https://jobs.ashbyhq.com/edia,https://api.ashbyhq.com/posting-api/job-board/edia,6,observed,
ashby,edited,edited,https://jobs.ashbyhq.com/edited,https://api.ashbyhq.com/posting-api/job-board/edited,3,observed,
ashby,egra,egra,https://jobs.ashbyhq.com/egra,https://api.ashbyhq.com/posting-api/job-board/egra,1,observed,
ashby,eigen-labs,eigen-labs,https://jobs.ashbyhq.com/eigen-labs,https://api.ashbyhq.com/posting-api/job-board/eigen-labs,2,observed,
ashby,eightsleep,eightsleep,https://jobs.ashbyhq.com/eightsleep,https://api.ashbyhq.com/posting-api/job-board/eightsleep,50,observed,
ashby,eisen,eisen,https://jobs.ashbyhq.com/eisen,https://api.ashbyhq.com/posting-api/job-board/eisen,6,observed,
ashby,ekarobotics,ekarobotics,https://jobs.ashbyhq.com/ekarobotics,https://api.ashbyhq.com/posting-api/job-board/ekarobotics,8,observed,
ashby,ekho,ekho,https://jobs.ashbyhq.com/ekho,https://api.ashbyhq.com/posting-api/job-board/ekho,4,observed,
ashby,ekumenlabs,ekumenlabs,https://jobs.ashbyhq.com/ekumenlabs,https://api.ashbyhq.com/posting-api/job-board/ekumenlabs,4,observed,
ashby,Electric,Electric,https://jobs.ashbyhq.com/Electric,https://api.ashbyhq.com/posting-api/job-board/Electric,1,observed,
ashby,electricplant,electricplant,https://jobs.ashbyhq.com/electricplant,https://api.ashbyhq.com/posting-api/job-board/electricplant,2,observed,
ashby,ElectronX,ElectronX,https://jobs.ashbyhq.com/ElectronX,https://api.ashbyhq.com/posting-api/job-board/ElectronX,4,observed,
ashby,element451,element451,https://jobs.ashbyhq.com/element451,https://api.ashbyhq.com/posting-api/job-board/element451,7,observed,
ashby,element84,element84,https://jobs.ashbyhq.com/element84,https://api.ashbyhq.com/posting-api/job-board/element84,5,observed,
ashby,eleos,eleos,https://jobs.ashbyhq.com/eleos,https://api.ashbyhq.com/posting-api/job-board/eleos,2,observed,
ashby,ElevenLabs,ElevenLabs,https://jobs.ashbyhq.com/ElevenLabs,https://api.ashbyhq.com/posting-api/job-board/ElevenLabs,255,observed,
ashby,eli,eli,https://jobs.ashbyhq.com/eli,https://api.ashbyhq.com/posting-api/job-board/eli,1,observed,
ashby,elicit,elicit,https://jobs.ashbyhq.com/elicit,https://api.ashbyhq.com/posting-api/job-board/elicit,10,observed,
ashby,eliseai,eliseai,https://jobs.ashbyhq.com/eliseai,https://api.ashbyhq.com/posting-api/job-board/eliseai,105,observed,
ashby,eliza,eliza,https://jobs.ashbyhq.com/eliza,https://api.ashbyhq.com/posting-api/job-board/eliza,11,observed,
ashby,ellamind,ellamind,https://jobs.ashbyhq.com/ellamind,https://api.ashbyhq.com/posting-api/job-board/ellamind,3,observed,
ashby,ellipsislabs,ellipsislabs,https://jobs.ashbyhq.com/ellipsislabs,https://api.ashbyhq.com/posting-api/job-board/ellipsislabs,12,observed,
ashby,elliptic,elliptic,https://jobs.ashbyhq.com/elliptic,https://api.ashbyhq.com/posting-api/job-board/elliptic,31,observed,
ashby,ello,ello,https://jobs.ashbyhq.com/ello,https://api.ashbyhq.com/posting-api/job-board/ello,4,observed,
ashby,eloquentai,eloquentai,https://jobs.ashbyhq.com/eloquentai,https://api.ashbyhq.com/posting-api/job-board/eloquentai,12,observed,
ashby,ema,ema,https://jobs.ashbyhq.com/ema,https://api.ashbyhq.com/posting-api/job-board/ema,41,observed,
ashby,embedding-vc,embedding-vc,https://jobs.ashbyhq.com/embedding-vc,https://api.ashbyhq.com/posting-api/job-board/embedding-vc,26,observed,
ashby,emerald-ai,emerald-ai,https://jobs.ashbyhq.com/emerald-ai,https://api.ashbyhq.com/posting-api/job-board/emerald-ai,11,observed,
ashby,emergence,emergence,https://jobs.ashbyhq.com/emergence,https://api.ashbyhq.com/posting-api/job-board/emergence,17,observed,
ashby,emergence-capital-partners,emergence-capital-partners,https://jobs.ashbyhq.com/emergence-capital-partners,https://api.ashbyhq.com/posting-api/job-board/emergence-capital-partners,6,observed,
ashby,empirical,empirical,https://jobs.ashbyhq.com/empirical,https://api.ashbyhq.com/posting-api/job-board/empirical,11,observed,
ashby,empora,empora,https://jobs.ashbyhq.com/empora,https://api.ashbyhq.com/posting-api/job-board/empora,2,observed,
ashby,encord,encord,https://jobs.ashbyhq.com/encord,https://api.ashbyhq.com/posting-api/job-board/encord,32,observed,
ashby,endex,endex,https://jobs.ashbyhq.com/endex,https://api.ashbyhq.com/posting-api/job-board/endex,9,observed,
ashby,endgame,endgame,https://jobs.ashbyhq.com/endgame,https://api.ashbyhq.com/posting-api/job-board/endgame,4,observed,
ashby,endra,endra,https://jobs.ashbyhq.com/endra,https://api.ashbyhq.com/posting-api/job-board/endra,14,observed,
ashby,endurance-energy,endurance-energy,https://jobs.ashbyhq.com/endurance-energy,https://api.ashbyhq.com/posting-api/job-board/endurance-energy,18,observed,
ashby,engflow,engflow,https://jobs.ashbyhq.com/engflow,https://api.ashbyhq.com/posting-api/job-board/engflow,9,observed,
ashby,enode,enode,https://jobs.ashbyhq.com/enode,https://api.ashbyhq.com/posting-api/job-board/enode,9,observed,
ashby,enpal,enpal,https://jobs.ashbyhq.com/enpal,https://api.ashbyhq.com/posting-api/job-board/enpal,145,observed,
ashby,ent-security,ent-security,https://jobs.ashbyhq.com/ent-security,https://api.ashbyhq.com/posting-api/job-board/ent-security,7,observed,
ashby,enter-ai,enter-ai,https://jobs.ashbyhq.com/enter-ai,https://api.ashbyhq.com/posting-api/job-board/enter-ai,25,observed,
ashby,envoy,envoy,https://jobs.ashbyhq.com/envoy,https://api.ashbyhq.com/posting-api/job-board/envoy,21,observed,
ashby,eon,eon,https://jobs.ashbyhq.com/eon,https://api.ashbyhq.com/posting-api/job-board/eon,7,observed,
ashby,epidemic-sound,epidemic-sound,https://jobs.ashbyhq.com/epidemic-sound,https://api.ashbyhq.com/posting-api/job-board/epidemic-sound,21,observed,
ashby,epsilon-health,epsilon-health,https://jobs.ashbyhq.com/epsilon-health,https://api.ashbyhq.com/posting-api/job-board/epsilon-health,8,observed,
ashby,equal-ventures,equal-ventures,https://jobs.ashbyhq.com/equal-ventures,https://api.ashbyhq.com/posting-api/job-board/equal-ventures,3,observed,
ashby,equal1,equal1,https://jobs.ashbyhq.com/equal1,https://api.ashbyhq.com/posting-api/job-board/equal1,11,observed,
ashby,equi,equi,https://jobs.ashbyhq.com/equi,https://api.ashbyhq.com/posting-api/job-board/equi,1,observed,
ashby,equip,equip,https://jobs.ashbyhq.com/equip,https://api.ashbyhq.com/posting-api/job-board/equip,65,observed,
ashby,erp.ai,erp.ai,https://jobs.ashbyhq.com/erp.ai,https://api.ashbyhq.com/posting-api/job-board/erp.ai,1,observed,
ashby,espresso,espresso,https://jobs.ashbyhq.com/espresso,https://api.ashbyhq.com/posting-api/job-board/espresso,2,observed,
ashby,etched,etched,https://jobs.ashbyhq.com/etched,https://api.ashbyhq.com/posting-api/job-board/etched,106,observed,
ashby,ether.fi,ether.fi,https://jobs.ashbyhq.com/ether.fi,https://api.ashbyhq.com/posting-api/job-board/ether.fi,10,observed,
ashby,ethereum-foundation,ethereum-foundation,https://jobs.ashbyhq.com/ethereum-foundation,https://api.ashbyhq.com/posting-api/job-board/ethereum-foundation,3,observed,
ashby,ethglobal,ethglobal,https://jobs.ashbyhq.com/ethglobal,https://api.ashbyhq.com/posting-api/job-board/ethglobal,1,observed,
ashby,euclid-power,euclid-power,https://jobs.ashbyhq.com/euclid-power,https://api.ashbyhq.com/posting-api/job-board/euclid-power,13,observed,
ashby,euphoric,euphoric,https://jobs.ashbyhq.com/euphoric,https://api.ashbyhq.com/posting-api/job-board/euphoric,5,observed,
ashby,eventualcomputing,eventualcomputing,https://jobs.ashbyhq.com/eventualcomputing,https://api.ashbyhq.com/posting-api/job-board/eventualcomputing,6,observed,
ashby,everai,everai,https://jobs.ashbyhq.com/everai,https://api.ashbyhq.com/posting-api/job-board/everai,65,observed,
ashby,everfield,everfield,https://jobs.ashbyhq.com/everfield,https://api.ashbyhq.com/posting-api/job-board/everfield,16,observed,
ashby,everis,everis,https://jobs.ashbyhq.com/everis,https://api.ashbyhq.com/posting-api/job-board/everis,2,observed,
ashby,everstar,everstar,https://jobs.ashbyhq.com/everstar,https://api.ashbyhq.com/posting-api/job-board/everstar,3,observed,
ashby,evertune,evertune,https://jobs.ashbyhq.com/evertune,https://api.ashbyhq.com/posting-api/job-board/evertune,7,observed,
ashby,evervault,evervault,https://jobs.ashbyhq.com/evervault,https://api.ashbyhq.com/posting-api/job-board/evervault,4,observed,
ashby,exa,exa,https://jobs.ashbyhq.com/exa,https://api.ashbyhq.com/posting-api/job-board/exa,50,observed,
ashby,excelerate,excelerate,https://jobs.ashbyhq.com/excelerate,https://api.ashbyhq.com/posting-api/job-board/excelerate,4,observed,
ashby,expa,expa,https://jobs.ashbyhq.com/expa,https://api.ashbyhq.com/posting-api/job-board/expa,12,observed,
ashby,expressable,expressable,https://jobs.ashbyhq.com/expressable,https://api.ashbyhq.com/posting-api/job-board/expressable,25,observed,
ashby,extend,extend,https://jobs.ashbyhq.com/extend,https://api.ashbyhq.com/posting-api/job-board/extend,10,observed,
ashby,extropic,extropic,https://jobs.ashbyhq.com/extropic,https://api.ashbyhq.com/posting-api/job-board/extropic,8,observed,
ashby,eye-security,eye-security,https://jobs.ashbyhq.com/eye-security,https://api.ashbyhq.com/posting-api/job-board/eye-security,24,observed,
ashby,eyebot,eyebot,https://jobs.ashbyhq.com/eyebot,https://api.ashbyhq.com/posting-api/job-board/eyebot,1,observed,
ashby,f2-ai,f2-ai,https://jobs.ashbyhq.com/f2-ai,https://api.ashbyhq.com/posting-api/job-board/f2-ai,10,observed,
ashby,fable,fable,https://jobs.ashbyhq.com/fable,https://api.ashbyhq.com/posting-api/job-board/fable,7,observed,
ashby,faction,faction,https://jobs.ashbyhq.com/faction,https://api.ashbyhq.com/posting-api/job-board/faction,2,observed,
ashby,factory,factory,https://jobs.ashbyhq.com/factory,https://api.ashbyhq.com/posting-api/job-board/factory,49,observed,
ashby,faculty,faculty,https://jobs.ashbyhq.com/faculty,https://api.ashbyhq.com/posting-api/job-board/faculty,67,observed,
ashby,fal-ai,fal-ai,https://jobs.ashbyhq.com/fal-ai,https://api.ashbyhq.com/posting-api/job-board/fal-ai,32,observed,
ashby,falconer,falconer,https://jobs.ashbyhq.com/falconer,https://api.ashbyhq.com/posting-api/job-board/falconer,3,observed,
ashby,fanvue.com,fanvue.com,https://jobs.ashbyhq.com/fanvue.com,https://api.ashbyhq.com/posting-api/job-board/fanvue.com,10,observed,
ashby,far.ai,far.ai,https://jobs.ashbyhq.com/far.ai,https://api.ashbyhq.com/posting-api/job-board/far.ai,15,observed,
ashby,faros-ai,faros-ai,https://jobs.ashbyhq.com/faros-ai,https://api.ashbyhq.com/posting-api/job-board/faros-ai,12,observed,
ashby,fathom.video,fathom.video,https://jobs.ashbyhq.com/fathom.video,https://api.ashbyhq.com/posting-api/job-board/fathom.video,5,observed,
ashby,favorited,favorited,https://jobs.ashbyhq.com/favorited,https://api.ashbyhq.com/posting-api/job-board/favorited,14,observed,
ashby,featherlessai,featherlessai,https://jobs.ashbyhq.com/featherlessai,https://api.ashbyhq.com/posting-api/job-board/featherlessai,15,observed,
ashby,feathery,feathery,https://jobs.ashbyhq.com/feathery,https://api.ashbyhq.com/posting-api/job-board/feathery,18,observed,
ashby,feathr,feathr,https://jobs.ashbyhq.com/feathr,https://api.ashbyhq.com/posting-api/job-board/feathr,4,observed,
ashby,feedbackfruits,feedbackfruits,https://jobs.ashbyhq.com/feedbackfruits,https://api.ashbyhq.com/posting-api/job-board/feedbackfruits,5,observed,
ashby,feldera,feldera,https://jobs.ashbyhq.com/feldera,https://api.ashbyhq.com/posting-api/job-board/feldera,3,observed,
ashby,felix,felix,https://jobs.ashbyhq.com/felix,https://api.ashbyhq.com/posting-api/job-board/felix,33,observed,
ashby,fence-masters-inc,fence-masters-inc,https://jobs.ashbyhq.com/fence-masters-inc,https://api.ashbyhq.com/posting-api/job-board/fence-masters-inc,1,observed,
ashby,ferryhealth,ferryhealth,https://jobs.ashbyhq.com/ferryhealth,https://api.ashbyhq.com/posting-api/job-board/ferryhealth,2,observed,
ashby,fetch-pet-health,fetch-pet-health,https://jobs.ashbyhq.com/fetch-pet-health,https://api.ashbyhq.com/posting-api/job-board/fetch-pet-health,7,observed,
ashby,fiddler-ai,fiddler-ai,https://jobs.ashbyhq.com/fiddler-ai,https://api.ashbyhq.com/posting-api/job-board/fiddler-ai,8,observed,
ashby,Fiducial,Fiducial,https://jobs.ashbyhq.com/Fiducial,https://api.ashbyhq.com/posting-api/job-board/Fiducial,15,observed,
ashby,fieldguide,fieldguide,https://jobs.ashbyhq.com/fieldguide,https://api.ashbyhq.com/posting-api/job-board/fieldguide,44,observed,
ashby,filigran,filigran,https://jobs.ashbyhq.com/filigran,https://api.ashbyhq.com/posting-api/job-board/filigran,20,observed,
ashby,filmhub,filmhub,https://jobs.ashbyhq.com/filmhub,https://api.ashbyhq.com/posting-api/job-board/filmhub,2,observed,
ashby,fin,fin,https://jobs.ashbyhq.com/fin,https://api.ashbyhq.com/posting-api/job-board/fin,8,observed,
ashby,finary,finary,https://jobs.ashbyhq.com/finary,https://api.ashbyhq.com/posting-api/job-board/finary,8,observed,
ashby,fincentify,fincentify,https://jobs.ashbyhq.com/fincentify,https://api.ashbyhq.com/posting-api/job-board/fincentify,2,observed,
ashby,finch,finch,https://jobs.ashbyhq.com/finch,https://api.ashbyhq.com/posting-api/job-board/finch,3,observed,
ashby,finch-legal,finch-legal,https://jobs.ashbyhq.com/finch-legal,https://api.ashbyhq.com/posting-api/job-board/finch-legal,19,observed,
ashby,findanomaly,findanomaly,https://jobs.ashbyhq.com/findanomaly,https://api.ashbyhq.com/posting-api/job-board/findanomaly,1,observed,
ashby,findarbor,findarbor,https://jobs.ashbyhq.com/findarbor,https://api.ashbyhq.com/posting-api/job-board/findarbor,2,observed,
ashby,finni-health,finni-health,https://jobs.ashbyhq.com/finni-health,https://api.ashbyhq.com/posting-api/job-board/finni-health,116,observed,
ashby,finout,finout,https://jobs.ashbyhq.com/finout,https://api.ashbyhq.com/posting-api/job-board/finout,12,observed,
ashby,finto,finto,https://jobs.ashbyhq.com/finto,https://api.ashbyhq.com/posting-api/job-board/finto,7,observed,
ashby,finvest,finvest,https://jobs.ashbyhq.com/finvest,https://api.ashbyhq.com/posting-api/job-board/finvest,5,observed,
ashby,fira-health,fira-health,https://jobs.ashbyhq.com/fira-health,https://api.ashbyhq.com/posting-api/job-board/fira-health,250,observed,
ashby,firecrawl,firecrawl,https://jobs.ashbyhq.com/firecrawl,https://api.ashbyhq.com/posting-api/job-board/firecrawl,18,observed,
ashby,firetiger,firetiger,https://jobs.ashbyhq.com/firetiger,https://api.ashbyhq.com/posting-api/job-board/firetiger,4,observed,
ashby,first-resonance,first-resonance,https://jobs.ashbyhq.com/first-resonance,https://api.ashbyhq.com/posting-api/job-board/first-resonance,15,observed,
ashby,firsthand,firsthand,https://jobs.ashbyhq.com/firsthand,https://api.ashbyhq.com/posting-api/job-board/firsthand,3,observed,
ashby,firststreet,firststreet,https://jobs.ashbyhq.com/firststreet,https://api.ashbyhq.com/posting-api/job-board/firststreet,4,observed,
ashby,fitt,fitt,https://jobs.ashbyhq.com/fitt,https://api.ashbyhq.com/posting-api/job-board/fitt,12,observed,
ashby,fizz,fizz,https://jobs.ashbyhq.com/fizz,https://api.ashbyhq.com/posting-api/job-board/fizz,4,observed,
ashby,flaglerhealth,flaglerhealth,https://jobs.ashbyhq.com/flaglerhealth,https://api.ashbyhq.com/posting-api/job-board/flaglerhealth,18,observed,
ashby,flagright.com,flagright.com,https://jobs.ashbyhq.com/flagright.com,https://api.ashbyhq.com/posting-api/job-board/flagright.com,25,observed,
ashby,flagstone,flagstone,https://jobs.ashbyhq.com/flagstone,https://api.ashbyhq.com/posting-api/job-board/flagstone,22,observed,
ashby,flai,flai,https://jobs.ashbyhq.com/flai,https://api.ashbyhq.com/posting-api/job-board/flai,4,observed,
ashby,flashpoint.io,flashpoint.io,https://jobs.ashbyhq.com/flashpoint.io,https://api.ashbyhq.com/posting-api/job-board/flashpoint.io,6,observed,
ashby,fleetcraft,fleetcraft,https://jobs.ashbyhq.com/fleetcraft,https://api.ashbyhq.com/posting-api/job-board/fleetcraft,2,observed,
ashby,fleetpulse,fleetpulse,https://jobs.ashbyhq.com/fleetpulse,https://api.ashbyhq.com/posting-api/job-board/fleetpulse,4,observed,
ashby,FleetWorks,FleetWorks,https://jobs.ashbyhq.com/FleetWorks,https://api.ashbyhq.com/posting-api/job-board/FleetWorks,7,observed,
ashby,flink,flink,https://jobs.ashbyhq.com/flink,https://api.ashbyhq.com/posting-api/job-board/flink,3,observed,
ashby,flint,flint,https://jobs.ashbyhq.com/flint,https://api.ashbyhq.com/posting-api/job-board/flint,10,observed,
ashby,flipper,flipper,https://jobs.ashbyhq.com/flipper,https://api.ashbyhq.com/posting-api/job-board/flipper,6,observed,
ashby,flipturn,flipturn,https://jobs.ashbyhq.com/flipturn,https://api.ashbyhq.com/posting-api/job-board/flipturn,4,observed,
ashby,FloatMe,FloatMe,https://jobs.ashbyhq.com/FloatMe,https://api.ashbyhq.com/posting-api/job-board/FloatMe,10,observed,
ashby,flock,flock,https://jobs.ashbyhq.com/flock,https://api.ashbyhq.com/posting-api/job-board/flock,6,observed,
ashby,flosports,flosports,https://jobs.ashbyhq.com/flosports,https://api.ashbyhq.com/posting-api/job-board/flosports,26,observed,
ashby,flowengineering,flowengineering,https://jobs.ashbyhq.com/flowengineering,https://api.ashbyhq.com/posting-api/job-board/flowengineering,21,observed,
ashby,flox,flox,https://jobs.ashbyhq.com/flox,https://api.ashbyhq.com/posting-api/job-board/flox,5,observed,
ashby,fluency,fluency,https://jobs.ashbyhq.com/fluency,https://api.ashbyhq.com/posting-api/job-board/fluency,2,observed,
ashby,fluidstack,fluidstack,https://jobs.ashbyhq.com/fluidstack,https://api.ashbyhq.com/posting-api/job-board/fluidstack,247,observed,
ashby,FlutterFlow,FlutterFlow,https://jobs.ashbyhq.com/FlutterFlow,https://api.ashbyhq.com/posting-api/job-board/FlutterFlow,3,observed,
ashby,flux,flux,https://jobs.ashbyhq.com/flux,https://api.ashbyhq.com/posting-api/job-board/flux,10,observed,
ashby,fnatic,fnatic,https://jobs.ashbyhq.com/fnatic,https://api.ashbyhq.com/posting-api/job-board/fnatic,1,observed,
ashby,focal,focal,https://jobs.ashbyhq.com/focal,https://api.ashbyhq.com/posting-api/job-board/focal,2,observed,
ashby,focus,focus,https://jobs.ashbyhq.com/focus,https://api.ashbyhq.com/posting-api/job-board/focus,2,observed,
ashby,foley,foley,https://jobs.ashbyhq.com/foley,https://api.ashbyhq.com/posting-api/job-board/foley,7,observed,
ashby,fomo-labs,fomo-labs,https://jobs.ashbyhq.com/fomo-labs,https://api.ashbyhq.com/posting-api/job-board/fomo-labs,2,observed,
ashby,fonio,fonio,https://jobs.ashbyhq.com/fonio,https://api.ashbyhq.com/posting-api/job-board/fonio,70,observed,
ashby,fonoa,fonoa,https://jobs.ashbyhq.com/fonoa,https://api.ashbyhq.com/posting-api/job-board/fonoa,30,observed,
ashby,foresight,foresight,https://jobs.ashbyhq.com/foresight,https://api.ashbyhq.com/posting-api/job-board/foresight,1,observed,
ashby,forma,forma,https://jobs.ashbyhq.com/forma,https://api.ashbyhq.com/posting-api/job-board/forma,2,observed,
ashby,formenergy,formenergy,https://jobs.ashbyhq.com/formenergy,https://api.ashbyhq.com/posting-api/job-board/formenergy,179,observed,
ashby,formula,formula,https://jobs.ashbyhq.com/formula,https://api.ashbyhq.com/posting-api/job-board/formula,1,observed,
ashby,fortreum,fortreum,https://jobs.ashbyhq.com/fortreum,https://api.ashbyhq.com/posting-api/job-board/fortreum,12,observed,
ashby,forum-ventures,forum-ventures,https://jobs.ashbyhq.com/forum-ventures,https://api.ashbyhq.com/posting-api/job-board/forum-ventures,16,observed,
ashby,forus,forus,https://jobs.ashbyhq.com/forus,https://api.ashbyhq.com/posting-api/job-board/forus,48,observed,
ashby,found,found,https://jobs.ashbyhq.com/found,https://api.ashbyhq.com/posting-api/job-board/found,5,observed,
ashby,foundation,foundation,https://jobs.ashbyhq.com/foundation,https://api.ashbyhq.com/posting-api/job-board/foundation,4,observed,
ashby,foundationhealthcareers,foundationhealthcareers,https://jobs.ashbyhq.com/foundationhealthcareers,https://api.ashbyhq.com/posting-api/job-board/foundationhealthcareers,15,observed,
ashby,foundry-for-good,foundry-for-good,https://jobs.ashbyhq.com/foundry-for-good,https://api.ashbyhq.com/posting-api/job-board/foundry-for-good,28,observed,
ashby,foundry-robotics,foundry-robotics,https://jobs.ashbyhq.com/foundry-robotics,https://api.ashbyhq.com/posting-api/job-board/foundry-robotics,20,observed,
ashby,Fourier,Fourier,https://jobs.ashbyhq.com/Fourier,https://api.ashbyhq.com/posting-api/job-board/Fourier,7,observed,
ashby,foxelligroup,foxelligroup,https://jobs.ashbyhq.com/foxelligroup,https://api.ashbyhq.com/posting-api/job-board/foxelligroup,7,observed,
ashby,foxglove,foxglove,https://jobs.ashbyhq.com/foxglove,https://api.ashbyhq.com/posting-api/job-board/foxglove,3,observed,
ashby,freda,freda,https://jobs.ashbyhq.com/freda,https://api.ashbyhq.com/posting-api/job-board/freda,7,observed,
ashby,freed,freed,https://jobs.ashbyhq.com/freed,https://api.ashbyhq.com/posting-api/job-board/freed,5,observed,
ashby,friendliai,friendliai,https://jobs.ashbyhq.com/friendliai,https://api.ashbyhq.com/posting-api/job-board/friendliai,20,observed,
ashby,frontcareers,frontcareers,https://jobs.ashbyhq.com/frontcareers,https://api.ashbyhq.com/posting-api/job-board/frontcareers,24,observed,
ashby,ftmo,ftmo,https://jobs.ashbyhq.com/ftmo,https://api.ashbyhq.com/posting-api/job-board/ftmo,27,observed,
ashby,fuel-cycle,fuel-cycle,https://jobs.ashbyhq.com/fuel-cycle,https://api.ashbyhq.com/posting-api/job-board/fuel-cycle,17,observed,
ashby,Fulcrum,Fulcrum,https://jobs.ashbyhq.com/Fulcrum,https://api.ashbyhq.com/posting-api/job-board/Fulcrum,11,observed,
ashby,fulcrum-inc,fulcrum-inc,https://jobs.ashbyhq.com/fulcrum-inc,https://api.ashbyhq.com/posting-api/job-board/fulcrum-inc,3,observed,
ashby,fullstory,fullstory,https://jobs.ashbyhq.com/fullstory,https://api.ashbyhq.com/posting-api/job-board/fullstory,3,observed,
ashby,fundamental,fundamental,https://jobs.ashbyhq.com/fundamental,https://api.ashbyhq.com/posting-api/job-board/fundamental,18,observed,
ashby,FundamentalXR,FundamentalXR,https://jobs.ashbyhq.com/FundamentalXR,https://api.ashbyhq.com/posting-api/job-board/FundamentalXR,2,observed,
ashby,fundingcircle,fundingcircle,https://jobs.ashbyhq.com/fundingcircle,https://api.ashbyhq.com/posting-api/job-board/fundingcircle,25,observed,
ashby,furiosa-ai,furiosa-ai,https://jobs.ashbyhq.com/furiosa-ai,https://api.ashbyhq.com/posting-api/job-board/furiosa-ai,1,observed,
ashby,furo,furo,https://jobs.ashbyhq.com/furo,https://api.ashbyhq.com/posting-api/job-board/furo,5,observed,
ashby,further,further,https://jobs.ashbyhq.com/further,https://api.ashbyhq.com/posting-api/job-board/further,2,observed,
ashby,furtherai,furtherai,https://jobs.ashbyhq.com/furtherai,https://api.ashbyhq.com/posting-api/job-board/furtherai,11,observed,
ashby,fuse,fuse,https://jobs.ashbyhq.com/fuse,https://api.ashbyhq.com/posting-api/job-board/fuse,38,observed,
ashby,futurefitai,futurefitai,https://jobs.ashbyhq.com/futurefitai,https://api.ashbyhq.com/posting-api/job-board/futurefitai,7,observed,
ashby,fyxer,fyxer,https://jobs.ashbyhq.com/fyxer,https://api.ashbyhq.com/posting-api/job-board/fyxer,1,observed,
ashby,g2,g2,https://jobs.ashbyhq.com/g2,https://api.ashbyhq.com/posting-api/job-board/g2,34,observed,
ashby,g2i,g2i,https://jobs.ashbyhq.com/g2i,https://api.ashbyhq.com/posting-api/job-board/g2i,12,observed,
ashby,gaiafamily,gaiafamily,https://jobs.ashbyhq.com/gaiafamily,https://api.ashbyhq.com/posting-api/job-board/gaiafamily,5,observed,
ashby,gainsight,gainsight,https://jobs.ashbyhq.com/gainsight,https://api.ashbyhq.com/posting-api/job-board/gainsight,11,observed,
ashby,gallatin,gallatin,https://jobs.ashbyhq.com/gallatin,https://api.ashbyhq.com/posting-api/job-board/gallatin,19,observed,
ashby,galvany,galvany,https://jobs.ashbyhq.com/galvany,https://api.ashbyhq.com/posting-api/job-board/galvany,21,observed,
ashby,gamechanger,gamechanger,https://jobs.ashbyhq.com/gamechanger,https://api.ashbyhq.com/posting-api/job-board/gamechanger,7,observed,
ashby,gamma,gamma,https://jobs.ashbyhq.com/gamma,https://api.ashbyhq.com/posting-api/job-board/gamma,32,observed,
ashby,gamut,gamut,https://jobs.ashbyhq.com/gamut,https://api.ashbyhq.com/posting-api/job-board/gamut,7,observed,
ashby,garage,garage,https://jobs.ashbyhq.com/garage,https://api.ashbyhq.com/posting-api/job-board/garage,16,observed,
ashby,gc-ai,gc-ai,https://jobs.ashbyhq.com/gc-ai,https://api.ashbyhq.com/posting-api/job-board/gc-ai,26,observed,
ashby,gearset,gearset,https://jobs.ashbyhq.com/gearset,https://api.ashbyhq.com/posting-api/job-board/gearset,8,observed,
ashby,gecko-robotics,gecko-robotics,https://jobs.ashbyhq.com/gecko-robotics,https://api.ashbyhq.com/posting-api/job-board/gecko-robotics,18,observed,
ashby,gen-digital,gen-digital,https://jobs.ashbyhq.com/gen-digital,https://api.ashbyhq.com/posting-api/job-board/gen-digital,122,observed,
ashby,general-medicine,general-medicine,https://jobs.ashbyhq.com/general-medicine,https://api.ashbyhq.com/posting-api/job-board/general-medicine,15,observed,
ashby,generalintelligencecompany,generalintelligencecompany,https://jobs.ashbyhq.com/generalintelligencecompany,https://api.ashbyhq.com/posting-api/job-board/generalintelligencecompany,5,observed,
ashby,generalist,generalist,https://jobs.ashbyhq.com/generalist,https://api.ashbyhq.com/posting-api/job-board/generalist,15,observed,
ashby,generalrobotics,generalrobotics,https://jobs.ashbyhq.com/generalrobotics,https://api.ashbyhq.com/posting-api/job-board/generalrobotics,9,observed,
ashby,generaltranslation,generaltranslation,https://jobs.ashbyhq.com/generaltranslation,https://api.ashbyhq.com/posting-api/job-board/generaltranslation,1,observed,
ashby,generate,generate,https://jobs.ashbyhq.com/generate,https://api.ashbyhq.com/posting-api/job-board/generate,10,observed,
ashby,genesis,genesis,https://jobs.ashbyhq.com/genesis,https://api.ashbyhq.com/posting-api/job-board/genesis,49,observed,
ashby,genies,genies,https://jobs.ashbyhq.com/genies,https://api.ashbyhq.com/posting-api/job-board/genies,1,observed,
ashby,genmo,genmo,https://jobs.ashbyhq.com/genmo,https://api.ashbyhq.com/posting-api/job-board/genmo,5,observed,
ashby,genomics,genomics,https://jobs.ashbyhq.com/genomics,https://api.ashbyhq.com/posting-api/job-board/genomics,13,observed,
ashby,Geoforce,Geoforce,https://jobs.ashbyhq.com/Geoforce,https://api.ashbyhq.com/posting-api/job-board/Geoforce,3,observed,
ashby,getground,getground,https://jobs.ashbyhq.com/getground,https://api.ashbyhq.com/posting-api/job-board/getground,10,observed,
ashby,getscope,getscope,https://jobs.ashbyhq.com/getscope,https://api.ashbyhq.com/posting-api/job-board/getscope,4,observed,
ashby,getting-attention,getting-attention,https://jobs.ashbyhq.com/getting-attention,https://api.ashbyhq.com/posting-api/job-board/getting-attention,3,observed,
ashby,ghost,ghost,https://jobs.ashbyhq.com/ghost,https://api.ashbyhq.com/posting-api/job-board/ghost,1,observed,
ashby,gigaml,gigaml,https://jobs.ashbyhq.com/gigaml,https://api.ashbyhq.com/posting-api/job-board/gigaml,30,observed,
ashby,gigaton,gigaton,https://jobs.ashbyhq.com/gigaton,https://api.ashbyhq.com/posting-api/job-board/gigaton,6,observed,
ashby,gimlet,gimlet,https://jobs.ashbyhq.com/gimlet,https://api.ashbyhq.com/posting-api/job-board/gimlet,10,observed,
ashby,GitBook,GitBook,https://jobs.ashbyhq.com/GitBook,https://api.ashbyhq.com/posting-api/job-board/GitBook,1,observed,
ashby,givebutter,givebutter,https://jobs.ashbyhq.com/givebutter,https://api.ashbyhq.com/posting-api/job-board/givebutter,3,observed,
ashby,glacier,glacier,https://jobs.ashbyhq.com/glacier,https://api.ashbyhq.com/posting-api/job-board/glacier,4,observed,
ashby,glacis-ai,glacis-ai,https://jobs.ashbyhq.com/glacis-ai,https://api.ashbyhq.com/posting-api/job-board/glacis-ai,2,observed,
ashby,glia,glia,https://jobs.ashbyhq.com/glia,https://api.ashbyhq.com/posting-api/job-board/glia,30,observed,
ashby,glide,glide,https://jobs.ashbyhq.com/glide,https://api.ashbyhq.com/posting-api/job-board/glide,10,observed,
ashby,glimp-se,glimp-se,https://jobs.ashbyhq.com/glimp-se,https://api.ashbyhq.com/posting-api/job-board/glimp-se,4,observed,
ashby,glimpse,glimpse,https://jobs.ashbyhq.com/glimpse,https://api.ashbyhq.com/posting-api/job-board/glimpse,10,observed,
ashby,glinttglobal,glinttglobal,https://jobs.ashbyhq.com/glinttglobal,https://api.ashbyhq.com/posting-api/job-board/glinttglobal,29,observed,
ashby,glomo,glomo,https://jobs.ashbyhq.com/glomo,https://api.ashbyhq.com/posting-api/job-board/glomo,9,observed,
ashby,glow,glow,https://jobs.ashbyhq.com/glow,https://api.ashbyhq.com/posting-api/job-board/glow,16,observed,
ashby,glow25,glow25,https://jobs.ashbyhq.com/glow25,https://api.ashbyhq.com/posting-api/job-board/glow25,3,observed,
ashby,go-nimbly,go-nimbly,https://jobs.ashbyhq.com/go-nimbly,https://api.ashbyhq.com/posting-api/job-board/go-nimbly,2,observed,
ashby,goanagram,goanagram,https://jobs.ashbyhq.com/goanagram,https://api.ashbyhq.com/posting-api/job-board/goanagram,3,observed,
ashby,going,going,https://jobs.ashbyhq.com/going,https://api.ashbyhq.com/posting-api/job-board/going,2,observed,
ashby,goldsky,goldsky,https://jobs.ashbyhq.com/goldsky,https://api.ashbyhq.com/posting-api/job-board/goldsky,3,observed,
ashby,goodie-ai,goodie-ai,https://jobs.ashbyhq.com/goodie-ai,https://api.ashbyhq.com/posting-api/job-board/goodie-ai,7,observed,
ashby,goodparty,goodparty,https://jobs.ashbyhq.com/goodparty,https://api.ashbyhq.com/posting-api/job-board/goodparty,3,observed,
ashby,goodship,goodship,https://jobs.ashbyhq.com/goodship,https://api.ashbyhq.com/posting-api/job-board/goodship,3,observed,
ashby,goodstack,goodstack,https://jobs.ashbyhq.com/goodstack,https://api.ashbyhq.com/posting-api/job-board/goodstack,7,observed,
ashby,goody,goody,https://jobs.ashbyhq.com/goody,https://api.ashbyhq.com/posting-api/job-board/goody,3,observed,
ashby,gorgias,gorgias,https://jobs.ashbyhq.com/gorgias,https://api.ashbyhq.com/posting-api/job-board/gorgias,18,observed,
ashby,gorilla,gorilla,https://jobs.ashbyhq.com/gorilla,https://api.ashbyhq.com/posting-api/job-board/gorilla,4,observed,
ashby,govdash,govdash,https://jobs.ashbyhq.com/govdash,https://api.ashbyhq.com/posting-api/job-board/govdash,7,observed,
ashby,goventi,goventi,https://jobs.ashbyhq.com/goventi,https://api.ashbyhq.com/posting-api/job-board/goventi,33,observed,
ashby,GovWell,GovWell,https://jobs.ashbyhq.com/GovWell,https://api.ashbyhq.com/posting-api/job-board/GovWell,17,observed,
ashby,govworx,govworx,https://jobs.ashbyhq.com/govworx,https://api.ashbyhq.com/posting-api/job-board/govworx,6,observed,
ashby,GPTZero,GPTZero,https://jobs.ashbyhq.com/GPTZero,https://api.ashbyhq.com/posting-api/job-board/GPTZero,9,observed,
ashby,grabagun,grabagun,https://jobs.ashbyhq.com/grabagun,https://api.ashbyhq.com/posting-api/job-board/grabagun,9,observed,
ashby,gradient,gradient,https://jobs.ashbyhq.com/gradient,https://api.ashbyhq.com/posting-api/job-board/gradient,5,observed,
ashby,gradient-labs,gradient-labs,https://jobs.ashbyhq.com/gradient-labs,https://api.ashbyhq.com/posting-api/job-board/gradient-labs,9,observed,
ashby,gradientrobotics,gradientrobotics,https://jobs.ashbyhq.com/gradientrobotics,https://api.ashbyhq.com/posting-api/job-board/gradientrobotics,10,observed,
ashby,grai,grai,https://jobs.ashbyhq.com/grai,https://api.ashbyhq.com/posting-api/job-board/grai,4,observed,
ashby,grand,grand,https://jobs.ashbyhq.com/grand,https://api.ashbyhq.com/posting-api/job-board/grand,3,observed,
ashby,granica,granica,https://jobs.ashbyhq.com/granica,https://api.ashbyhq.com/posting-api/job-board/granica,9,observed,
ashby,granola,granola,https://jobs.ashbyhq.com/granola,https://api.ashbyhq.com/posting-api/job-board/granola,16,observed,
ashby,granted,granted,https://jobs.ashbyhq.com/granted,https://api.ashbyhq.com/posting-api/job-board/granted,6,observed,
ashby,granular-energy.com,granular-energy.com,https://jobs.ashbyhq.com/granular-energy.com,https://api.ashbyhq.com/posting-api/job-board/granular-energy.com,1,observed,
ashby,grapevine,grapevine,https://jobs.ashbyhq.com/grapevine,https://api.ashbyhq.com/posting-api/job-board/grapevine,3,observed,
ashby,graphite,graphite,https://jobs.ashbyhq.com/graphite,https://api.ashbyhq.com/posting-api/job-board/graphite,7,observed,
ashby,graphitehq,graphitehq,https://jobs.ashbyhq.com/graphitehq,https://api.ashbyhq.com/posting-api/job-board/graphitehq,5,observed,
ashby,gratia,gratia,https://jobs.ashbyhq.com/gratia,https://api.ashbyhq.com/posting-api/job-board/gratia,5,observed,
ashby,gravie,gravie,https://jobs.ashbyhq.com/gravie,https://api.ashbyhq.com/posting-api/job-board/gravie,26,observed,
ashby,gravity,gravity,https://jobs.ashbyhq.com/gravity,https://api.ashbyhq.com/posting-api/job-board/gravity,1,observed,
ashby,gravityclimate,gravityclimate,https://jobs.ashbyhq.com/gravityclimate,https://api.ashbyhq.com/posting-api/job-board/gravityclimate,5,observed,
ashby,graymatter-robotics,graymatter-robotics,https://jobs.ashbyhq.com/graymatter-robotics,https://api.ashbyhq.com/posting-api/job-board/graymatter-robotics,13,observed,
ashby,greatquestion,greatquestion,https://jobs.ashbyhq.com/greatquestion,https://api.ashbyhq.com/posting-api/job-board/greatquestion,2,observed,
ashby,Green-Tree-School-and-Services,Green-Tree-School-and-Services,https://jobs.ashbyhq.com/Green-Tree-School-and-Services,https://api.ashbyhq.com/posting-api/job-board/Green-Tree-School-and-Services,3,observed,
ashby,greenlight-workforce-solutions,greenlight-workforce-solutions,https://jobs.ashbyhq.com/greenlight-workforce-solutions,https://api.ashbyhq.com/posting-api/job-board/greenlight-workforce-solutions,16,observed,
ashby,greenlitecareers,greenlitecareers,https://jobs.ashbyhq.com/greenlitecareers,https://api.ashbyhq.com/posting-api/job-board/greenlitecareers,8,observed,
ashby,gridcare,gridcare,https://jobs.ashbyhq.com/gridcare,https://api.ashbyhq.com/posting-api/job-board/gridcare,7,observed,
ashby,gridunity,gridunity,https://jobs.ashbyhq.com/gridunity,https://api.ashbyhq.com/posting-api/job-board/gridunity,6,observed,
ashby,gridverify,gridverify,https://jobs.ashbyhq.com/gridverify,https://api.ashbyhq.com/posting-api/job-board/gridverify,5,observed,
ashby,griffin,griffin,https://jobs.ashbyhq.com/griffin,https://api.ashbyhq.com/posting-api/job-board/griffin,3,observed,
ashby,gritt,gritt,https://jobs.ashbyhq.com/gritt,https://api.ashbyhq.com/posting-api/job-board/gritt,22,observed,
ashby,grotto,grotto,https://jobs.ashbyhq.com/grotto,https://api.ashbyhq.com/posting-api/job-board/grotto,8,observed,
ashby,groundnews,groundnews,https://jobs.ashbyhq.com/groundnews,https://api.ashbyhq.com/posting-api/job-board/groundnews,2,observed,
ashby,grow-therapy,grow-therapy,https://jobs.ashbyhq.com/grow-therapy,https://api.ashbyhq.com/posting-api/job-board/grow-therapy,29,observed,
ashby,growthprotocol,growthprotocol,https://jobs.ashbyhq.com/growthprotocol,https://api.ashbyhq.com/posting-api/job-board/growthprotocol,10,observed,
ashby,gt-hq,gt-hq,https://jobs.ashbyhq.com/gt-hq,https://api.ashbyhq.com/posting-api/job-board/gt-hq,8,observed,
ashby,guidelabs.ai,guidelabs.ai,https://jobs.ashbyhq.com/guidelabs.ai,https://api.ashbyhq.com/posting-api/job-board/guidelabs.ai,1,observed,
ashby,guild,guild,https://jobs.ashbyhq.com/guild,https://api.ashbyhq.com/posting-api/job-board/guild,2,observed,
ashby,gumloop,gumloop,https://jobs.ashbyhq.com/gumloop,https://api.ashbyhq.com/posting-api/job-board/gumloop,9,observed,
ashby,h2analytics,h2analytics,https://jobs.ashbyhq.com/h2analytics,https://api.ashbyhq.com/posting-api/job-board/h2analytics,5,observed,
ashby,h3x-technologies,h3x-technologies,https://jobs.ashbyhq.com/h3x-technologies,https://api.ashbyhq.com/posting-api/job-board/h3x-technologies,13,observed,
ashby,haast,haast,https://jobs.ashbyhq.com/haast,https://api.ashbyhq.com/posting-api/job-board/haast,7,observed,
ashby,hackerone,hackerone,https://jobs.ashbyhq.com/hackerone,https://api.ashbyhq.com/posting-api/job-board/hackerone,25,observed,
ashby,hadrian-automation,hadrian-automation,https://jobs.ashbyhq.com/hadrian-automation,https://api.ashbyhq.com/posting-api/job-board/hadrian-automation,138,observed,
ashby,halliday,halliday,https://jobs.ashbyhq.com/halliday,https://api.ashbyhq.com/posting-api/job-board/halliday,4,observed,
ashby,halobraid,halobraid,https://jobs.ashbyhq.com/halobraid,https://api.ashbyhq.com/posting-api/job-board/halobraid,4,observed,
ashby,halter,halter,https://jobs.ashbyhq.com/halter,https://api.ashbyhq.com/posting-api/job-board/halter,232,observed,
ashby,hamilton-ai,hamilton-ai,https://jobs.ashbyhq.com/hamilton-ai,https://api.ashbyhq.com/posting-api/job-board/hamilton-ai,3,observed,
ashby,hamster,hamster,https://jobs.ashbyhq.com/hamster,https://api.ashbyhq.com/posting-api/job-board/hamster,4,observed,
ashby,handshake,handshake,https://jobs.ashbyhq.com/handshake,https://api.ashbyhq.com/posting-api/job-board/handshake,66,observed,
ashby,handspring,handspring,https://jobs.ashbyhq.com/handspring,https://api.ashbyhq.com/posting-api/job-board/handspring,13,observed,
ashby,hang,hang,https://jobs.ashbyhq.com/hang,https://api.ashbyhq.com/posting-api/job-board/hang,6,observed,
ashby,hanover-park,hanover-park,https://jobs.ashbyhq.com/hanover-park,https://api.ashbyhq.com/posting-api/job-board/hanover-park,10,observed,
ashby,happl,happl,https://jobs.ashbyhq.com/happl,https://api.ashbyhq.com/posting-api/job-board/happl,8,observed,
ashby,happyrobot.ai,happyrobot.ai,https://jobs.ashbyhq.com/happyrobot.ai,https://api.ashbyhq.com/posting-api/job-board/happyrobot.ai,77,observed,
ashby,happyscribe.com,happyscribe.com,https://jobs.ashbyhq.com/happyscribe.com,https://api.ashbyhq.com/posting-api/job-board/happyscribe.com,1,observed,
ashby,harmattan-ai,harmattan-ai,https://jobs.ashbyhq.com/harmattan-ai,https://api.ashbyhq.com/posting-api/job-board/harmattan-ai,166,observed,
ashby,harmonic,harmonic,https://jobs.ashbyhq.com/harmonic,https://api.ashbyhq.com/posting-api/job-board/harmonic,10,observed,
ashby,harmonic-security-inc,harmonic-security-inc,https://jobs.ashbyhq.com/harmonic-security-inc,https://api.ashbyhq.com/posting-api/job-board/harmonic-security-inc,7,observed,
ashby,harmony,harmony,https://jobs.ashbyhq.com/harmony,https://api.ashbyhq.com/posting-api/job-board/harmony,9,observed,
ashby,harperinsure,harperinsure,https://jobs.ashbyhq.com/harperinsure,https://api.ashbyhq.com/posting-api/job-board/harperinsure,24,observed,
ashby,Harrison.ai,Harrison.ai,https://jobs.ashbyhq.com/Harrison.ai,https://api.ashbyhq.com/posting-api/job-board/Harrison.ai,13,observed,
ashby,Hartbeat,Hartbeat,https://jobs.ashbyhq.com/Hartbeat,https://api.ashbyhq.com/posting-api/job-board/Hartbeat,1,observed,
ashby,harvey,harvey,https://jobs.ashbyhq.com/harvey,https://api.ashbyhq.com/posting-api/job-board/harvey,332,observed,
ashby,Hatch,Hatch,https://jobs.ashbyhq.com/Hatch,https://api.ashbyhq.com/posting-api/job-board/Hatch,11,observed,
ashby,havocai,havocai,https://jobs.ashbyhq.com/havocai,https://api.ashbyhq.com/posting-api/job-board/havocai,17,observed,
ashby,hawk,hawk,https://jobs.ashbyhq.com/hawk,https://api.ashbyhq.com/posting-api/job-board/hawk,17,observed,
ashby,hawkeyeinnovations,hawkeyeinnovations,https://jobs.ashbyhq.com/hawkeyeinnovations,https://api.ashbyhq.com/posting-api/job-board/hawkeyeinnovations,47,observed,
ashby,haydenai,haydenai,https://jobs.ashbyhq.com/haydenai,https://api.ashbyhq.com/posting-api/job-board/haydenai,14,observed,
ashby,haystacknews,haystacknews,https://jobs.ashbyhq.com/haystacknews,https://api.ashbyhq.com/posting-api/job-board/haystacknews,19,observed,
ashby,hcompany,hcompany,https://jobs.ashbyhq.com/hcompany,https://api.ashbyhq.com/posting-api/job-board/hcompany,22,observed,
ashby,Headstart,Headstart,https://jobs.ashbyhq.com/Headstart,https://api.ashbyhq.com/posting-api/job-board/Headstart,3,observed,
ashby,healthaxis,healthaxis,https://jobs.ashbyhq.com/healthaxis,https://api.ashbyhq.com/posting-api/job-board/healthaxis,1,observed,
ashby,healthleap,healthleap,https://jobs.ashbyhq.com/healthleap,https://api.ashbyhq.com/posting-api/job-board/healthleap,7,observed,
ashby,Healthtech-1,Healthtech-1,https://jobs.ashbyhq.com/Healthtech-1,https://api.ashbyhq.com/posting-api/job-board/Healthtech-1,8,observed,
ashby,hebbia-ai,hebbia-ai,https://jobs.ashbyhq.com/hebbia-ai,https://api.ashbyhq.com/posting-api/job-board/hebbia-ai,22,observed,
ashby,hedra,hedra,https://jobs.ashbyhq.com/hedra,https://api.ashbyhq.com/posting-api/job-board/hedra,8,observed,
ashby,heidihealth.com.au,heidihealth.com.au,https://jobs.ashbyhq.com/heidihealth.com.au,https://api.ashbyhq.com/posting-api/job-board/heidihealth.com.au,86,observed,
ashby,heirloomcarbon,heirloomcarbon,https://jobs.ashbyhq.com/heirloomcarbon,https://api.ashbyhq.com/posting-api/job-board/heirloomcarbon,2,observed,
ashby,helion,helion,https://jobs.ashbyhq.com/helion,https://api.ashbyhq.com/posting-api/job-board/helion,100,observed,
ashby,helius,helius,https://jobs.ashbyhq.com/helius,https://api.ashbyhq.com/posting-api/job-board/helius,4,observed,
ashby,heliux,heliux,https://jobs.ashbyhq.com/heliux,https://api.ashbyhq.com/posting-api/job-board/heliux,8,observed,
ashby,hellobrightline,hellobrightline,https://jobs.ashbyhq.com/hellobrightline,https://api.ashbyhq.com/posting-api/job-board/hellobrightline,10,observed,
ashby,hellopatient,hellopatient,https://jobs.ashbyhq.com/hellopatient,https://api.ashbyhq.com/posting-api/job-board/hellopatient,16,observed,
ashby,hellyeah,hellyeah,https://jobs.ashbyhq.com/hellyeah,https://api.ashbyhq.com/posting-api/job-board/hellyeah,15,observed,
ashby,helpscout,helpscout,https://jobs.ashbyhq.com/helpscout,https://api.ashbyhq.com/posting-api/job-board/helpscout,11,observed,
ashby,hercules,hercules,https://jobs.ashbyhq.com/hercules,https://api.ashbyhq.com/posting-api/job-board/hercules,25,observed,
ashby,heron-power,heron-power,https://jobs.ashbyhq.com/heron-power,https://api.ashbyhq.com/posting-api/job-board/heron-power,41,observed,
ashby,herondata,herondata,https://jobs.ashbyhq.com/herondata,https://api.ashbyhq.com/posting-api/job-board/herondata,5,observed,
ashby,hex,hex,https://jobs.ashbyhq.com/hex,https://api.ashbyhq.com/posting-api/job-board/hex,30,observed,
ashby,heymilo,heymilo,https://jobs.ashbyhq.com/heymilo,https://api.ashbyhq.com/posting-api/job-board/heymilo,5,observed,
ashby,higgsfieldai,higgsfieldai,https://jobs.ashbyhq.com/higgsfieldai,https://api.ashbyhq.com/posting-api/job-board/higgsfieldai,69,observed,
ashby,higharc,higharc,https://jobs.ashbyhq.com/higharc,https://api.ashbyhq.com/posting-api/job-board/higharc,22,observed,
ashby,highbeam,highbeam,https://jobs.ashbyhq.com/highbeam,https://api.ashbyhq.com/posting-api/job-board/highbeam,6,observed,
ashby,highlightai,highlightai,https://jobs.ashbyhq.com/highlightai,https://api.ashbyhq.com/posting-api/job-board/highlightai,7,observed,
ashby,highlightta,highlightta,https://jobs.ashbyhq.com/highlightta,https://api.ashbyhq.com/posting-api/job-board/highlightta,18,observed,
ashby,hightouch,hightouch,https://jobs.ashbyhq.com/hightouch,https://api.ashbyhq.com/posting-api/job-board/hightouch,1,observed,
ashby,hiive,hiive,https://jobs.ashbyhq.com/hiive,https://api.ashbyhq.com/posting-api/job-board/hiive,23,observed,
ashby,hike-medical,hike-medical,https://jobs.ashbyhq.com/hike-medical,https://api.ashbyhq.com/posting-api/job-board/hike-medical,15,observed,
ashby,hilberts,hilberts,https://jobs.ashbyhq.com/hilberts,https://api.ashbyhq.com/posting-api/job-board/hilberts,11,observed,
ashby,hims-and-hers,hims-and-hers,https://jobs.ashbyhq.com/hims-and-hers,https://api.ashbyhq.com/posting-api/job-board/hims-and-hers,108,observed,
ashby,hinge-health,hinge-health,https://jobs.ashbyhq.com/hinge-health,https://api.ashbyhq.com/posting-api/job-board/hinge-health,71,observed,
ashby,hinoki,hinoki,https://jobs.ashbyhq.com/hinoki,https://api.ashbyhq.com/posting-api/job-board/hinoki,3,observed,
ashby,hirehangar,hirehangar,https://jobs.ashbyhq.com/hirehangar,https://api.ashbyhq.com/posting-api/job-board/hirehangar,102,observed,
ashby,hirehire,hirehire,https://jobs.ashbyhq.com/hirehire,https://api.ashbyhq.com/posting-api/job-board/hirehire,8,observed,
ashby,hiring-cafe,hiring-cafe,https://jobs.ashbyhq.com/hiring-cafe,https://api.ashbyhq.com/posting-api/job-board/hiring-cafe,8,observed,
ashby,hive.co,hive.co,https://jobs.ashbyhq.com/hive.co,https://api.ashbyhq.com/posting-api/job-board/hive.co,5,observed,
ashby,hived,hived,https://jobs.ashbyhq.com/hived,https://api.ashbyhq.com/posting-api/job-board/hived,18,observed,
ashby,hivehealth,hivehealth,https://jobs.ashbyhq.com/hivehealth,https://api.ashbyhq.com/posting-api/job-board/hivehealth,13,observed,
ashby,hivemq,hivemq,https://jobs.ashbyhq.com/hivemq,https://api.ashbyhq.com/posting-api/job-board/hivemq,4,observed,
ashby,hiverge,hiverge,https://jobs.ashbyhq.com/hiverge,https://api.ashbyhq.com/posting-api/job-board/hiverge,4,observed,
ashby,hiya,hiya,https://jobs.ashbyhq.com/hiya,https://api.ashbyhq.com/posting-api/job-board/hiya,17,observed,
ashby,hockeystack,hockeystack,https://jobs.ashbyhq.com/hockeystack,https://api.ashbyhq.com/posting-api/job-board/hockeystack,2,observed,
ashby,holywater,holywater,https://jobs.ashbyhq.com/holywater,https://api.ashbyhq.com/posting-api/job-board/holywater,30,observed,
ashby,homebase,homebase,https://jobs.ashbyhq.com/homebase,https://api.ashbyhq.com/posting-api/job-board/homebase,16,observed,
ashby,homebound,homebound,https://jobs.ashbyhq.com/homebound,https://api.ashbyhq.com/posting-api/job-board/homebound,9,observed,
ashby,homevision,homevision,https://jobs.ashbyhq.com/homevision,https://api.ashbyhq.com/posting-api/job-board/homevision,6,observed,
ashby,honeybook,honeybook,https://jobs.ashbyhq.com/honeybook,https://api.ashbyhq.com/posting-api/job-board/honeybook,10,observed,
ashby,honeydew,honeydew,https://jobs.ashbyhq.com/honeydew,https://api.ashbyhq.com/posting-api/job-board/honeydew,5,observed,
ashby,hook,hook,https://jobs.ashbyhq.com/hook,https://api.ashbyhq.com/posting-api/job-board/hook,3,observed,
ashby,hopae,hopae,https://jobs.ashbyhq.com/hopae,https://api.ashbyhq.com/posting-api/job-board/hopae,10,observed,
ashby,hopper,hopper,https://jobs.ashbyhq.com/hopper,https://api.ashbyhq.com/posting-api/job-board/hopper,36,observed,
ashby,horizon3ai,horizon3ai,https://jobs.ashbyhq.com/horizon3ai,https://api.ashbyhq.com/posting-api/job-board/horizon3ai,82,observed,
ashby,hostinger,hostinger,https://jobs.ashbyhq.com/hostinger,https://api.ashbyhq.com/posting-api/job-board/hostinger,71,observed,
ashby,hotplate,hotplate,https://jobs.ashbyhq.com/hotplate,https://api.ashbyhq.com/posting-api/job-board/hotplate,2,observed,
ashby,hoxhunt,hoxhunt,https://jobs.ashbyhq.com/hoxhunt,https://api.ashbyhq.com/posting-api/job-board/hoxhunt,17,observed,
ashby,httpie,httpie,https://jobs.ashbyhq.com/httpie,https://api.ashbyhq.com/posting-api/job-board/httpie,5,observed,
ashby,hud,hud,https://jobs.ashbyhq.com/hud,https://api.ashbyhq.com/posting-api/job-board/hud,11,observed,
ashby,hudson-pacific-properties,hudson-pacific-properties,https://jobs.ashbyhq.com/hudson-pacific-properties,https://api.ashbyhq.com/posting-api/job-board/hudson-pacific-properties,9,observed,
ashby,hudu,hudu,https://jobs.ashbyhq.com/hudu,https://api.ashbyhq.com/posting-api/job-board/hudu,3,observed,
ashby,hum-ai,hum-ai,https://jobs.ashbyhq.com/hum-ai,https://api.ashbyhq.com/posting-api/job-board/hum-ai,2,observed,
ashby,humaans,humaans,https://jobs.ashbyhq.com/humaans,https://api.ashbyhq.com/posting-api/job-board/humaans,19,observed,
ashby,HUMAN,HUMAN,https://jobs.ashbyhq.com/HUMAN,https://api.ashbyhq.com/posting-api/job-board/HUMAN,10,observed,
ashby,human-computer-lab,human-computer-lab,https://jobs.ashbyhq.com/human-computer-lab,https://api.ashbyhq.com/posting-api/job-board/human-computer-lab,13,observed,
ashby,humanarchive,humanarchive,https://jobs.ashbyhq.com/humanarchive,https://api.ashbyhq.com/posting-api/job-board/humanarchive,19,observed,
ashby,humans-and,humans-and,https://jobs.ashbyhq.com/humans-and,https://api.ashbyhq.com/posting-api/job-board/humans-and,2,observed,
ashby,humatahealth,humatahealth,https://jobs.ashbyhq.com/humatahealth,https://api.ashbyhq.com/posting-api/job-board/humatahealth,2,observed,
ashby,hyde,hyde,https://jobs.ashbyhq.com/hyde,https://api.ashbyhq.com/posting-api/job-board/hyde,5,observed,
ashby,hyperbolic,hyperbolic,https://jobs.ashbyhq.com/hyperbolic,https://api.ashbyhq.com/posting-api/job-board/hyperbolic,14,observed,
ashby,Hyperbound,Hyperbound,https://jobs.ashbyhq.com/Hyperbound,https://api.ashbyhq.com/posting-api/job-board/Hyperbound,3,observed,
ashby,hypercubic,hypercubic,https://jobs.ashbyhq.com/hypercubic,https://api.ashbyhq.com/posting-api/job-board/hypercubic,2,observed,
ashby,hyperexponential,hyperexponential,https://jobs.ashbyhq.com/hyperexponential,https://api.ashbyhq.com/posting-api/job-board/hyperexponential,23,observed,
ashby,hyperscale,hyperscale,https://jobs.ashbyhq.com/hyperscale,https://api.ashbyhq.com/posting-api/job-board/hyperscale,5,observed,
ashby,Hyperscience,Hyperscience,https://jobs.ashbyhq.com/Hyperscience,https://api.ashbyhq.com/posting-api/job-board/Hyperscience,2,observed,
ashby,hypha,hypha,https://jobs.ashbyhq.com/hypha,https://api.ashbyhq.com/posting-api/job-board/hypha,7,observed,
ashby,i3d,i3d,https://jobs.ashbyhq.com/i3d,https://api.ashbyhq.com/posting-api/job-board/i3d,11,observed,
ashby,i6,i6,https://jobs.ashbyhq.com/i6,https://api.ashbyhq.com/posting-api/job-board/i6,1,observed,
ashby,iambic-therapeutics,iambic-therapeutics,https://jobs.ashbyhq.com/iambic-therapeutics,https://api.ashbyhq.com/posting-api/job-board/iambic-therapeutics,19,observed,
ashby,ibotta,ibotta,https://jobs.ashbyhq.com/ibotta,https://api.ashbyhq.com/posting-api/job-board/ibotta,36,observed,
ashby,iceye,iceye,https://jobs.ashbyhq.com/iceye,https://api.ashbyhq.com/posting-api/job-board/iceye,184,observed,
ashby,icon,icon,https://jobs.ashbyhq.com/icon,https://api.ashbyhq.com/posting-api/job-board/icon,6,observed,
ashby,iddqd,iddqd,https://jobs.ashbyhq.com/iddqd,https://api.ashbyhq.com/posting-api/job-board/iddqd,1,observed,
ashby,ideals,ideals,https://jobs.ashbyhq.com/ideals,https://api.ashbyhq.com/posting-api/job-board/ideals,41,observed,
ashby,ideogram,ideogram,https://jobs.ashbyhq.com/ideogram,https://api.ashbyhq.com/posting-api/job-board/ideogram,3,observed,
ashby,ignite-reading,ignite-reading,https://jobs.ashbyhq.com/ignite-reading,https://api.ashbyhq.com/posting-api/job-board/ignite-reading,7,observed,
ashby,illumio,illumio,https://jobs.ashbyhq.com/illumio,https://api.ashbyhq.com/posting-api/job-board/illumio,73,observed,
ashby,imagineart,imagineart,https://jobs.ashbyhq.com/imagineart,https://api.ashbyhq.com/posting-api/job-board/imagineart,32,observed,
ashby,immersivelabs,immersivelabs,https://jobs.ashbyhq.com/immersivelabs,https://api.ashbyhq.com/posting-api/job-board/immersivelabs,9,observed,
ashby,imprint,imprint,https://jobs.ashbyhq.com/imprint,https://api.ashbyhq.com/posting-api/job-board/imprint,27,observed,
ashby,improbable,improbable,https://jobs.ashbyhq.com/improbable,https://api.ashbyhq.com/posting-api/job-board/improbable,6,observed,
ashby,impulse,impulse,https://jobs.ashbyhq.com/impulse,https://api.ashbyhq.com/posting-api/job-board/impulse,3,observed,
ashby,imubiosciences,imubiosciences,https://jobs.ashbyhq.com/imubiosciences,https://api.ashbyhq.com/posting-api/job-board/imubiosciences,2,observed,
ashby,inato,inato,https://jobs.ashbyhq.com/inato,https://api.ashbyhq.com/posting-api/job-board/inato,8,observed,
ashby,inbeat-agency,inbeat-agency,https://jobs.ashbyhq.com/inbeat-agency,https://api.ashbyhq.com/posting-api/job-board/inbeat-agency,16,observed,
ashby,incandescent,incandescent,https://jobs.ashbyhq.com/incandescent,https://api.ashbyhq.com/posting-api/job-board/incandescent,3,observed,
ashby,incard,incard,https://jobs.ashbyhq.com/incard,https://api.ashbyhq.com/posting-api/job-board/incard,15,observed,
ashby,incident,incident,https://jobs.ashbyhq.com/incident,https://api.ashbyhq.com/posting-api/job-board/incident,18,observed,
ashby,industrious,industrious,https://jobs.ashbyhq.com/industrious,https://api.ashbyhq.com/posting-api/job-board/industrious,66,observed,
ashby,inertia,inertia,https://jobs.ashbyhq.com/inertia,https://api.ashbyhq.com/posting-api/job-board/inertia,10,observed,
ashby,inferact,inferact,https://jobs.ashbyhq.com/inferact,https://api.ashbyhq.com/posting-api/job-board/inferact,20,observed,
ashby,infinite-machine,infinite-machine,https://jobs.ashbyhq.com/infinite-machine,https://api.ashbyhq.com/posting-api/job-board/infinite-machine,2,observed,
ashby,infinitefield,infinitefield,https://jobs.ashbyhq.com/infinitefield,https://api.ashbyhq.com/posting-api/job-board/infinitefield,2,observed,
ashby,infinitus,infinitus,https://jobs.ashbyhq.com/infinitus,https://api.ashbyhq.com/posting-api/job-board/infinitus,8,observed,
ashby,infinity-constellation,infinity-constellation,https://jobs.ashbyhq.com/infinity-constellation,https://api.ashbyhq.com/posting-api/job-board/infinity-constellation,21,observed,
ashby,infisical,infisical,https://jobs.ashbyhq.com/infisical,https://api.ashbyhq.com/posting-api/job-board/infisical,8,observed,
ashby,inflectionio,inflectionio,https://jobs.ashbyhq.com/inflectionio,https://api.ashbyhq.com/posting-api/job-board/inflectionio,2,observed,
ashby,influxdata,influxdata,https://jobs.ashbyhq.com/influxdata,https://api.ashbyhq.com/posting-api/job-board/influxdata,3,observed,
ashby,injective,injective,https://jobs.ashbyhq.com/injective,https://api.ashbyhq.com/posting-api/job-board/injective,16,observed,
ashby,injective-labs,injective-labs,https://jobs.ashbyhq.com/injective-labs,https://api.ashbyhq.com/posting-api/job-board/injective-labs,9,observed,
ashby,innatera,innatera,https://jobs.ashbyhq.com/innatera,https://api.ashbyhq.com/posting-api/job-board/innatera,8,observed,
ashby,InscribeAI,InscribeAI,https://jobs.ashbyhq.com/InscribeAI,https://api.ashbyhq.com/posting-api/job-board/InscribeAI,1,observed,
ashby,inspectiv,inspectiv,https://jobs.ashbyhq.com/inspectiv,https://api.ashbyhq.com/posting-api/job-board/inspectiv,1,observed,
ashby,inspiration-commerce-group,inspiration-commerce-group,https://jobs.ashbyhq.com/inspiration-commerce-group,https://api.ashbyhq.com/posting-api/job-board/inspiration-commerce-group,6,observed,
ashby,instructure,instructure,https://jobs.ashbyhq.com/instructure,https://api.ashbyhq.com/posting-api/job-board/instructure,45,observed,
ashby,intangible.ai,intangible.ai,https://jobs.ashbyhq.com/intangible.ai,https://api.ashbyhq.com/posting-api/job-board/intangible.ai,4,observed,
ashby,Intellistack,Intellistack,https://jobs.ashbyhq.com/Intellistack,https://api.ashbyhq.com/posting-api/job-board/Intellistack,8,observed,
ashby,interface,interface,https://jobs.ashbyhq.com/interface,https://api.ashbyhq.com/posting-api/job-board/interface,3,observed,
ashby,interface-ai,interface-ai,https://jobs.ashbyhq.com/interface-ai,https://api.ashbyhq.com/posting-api/job-board/interface-ai,27,observed,
ashby,interplay,interplay,https://jobs.ashbyhq.com/interplay,https://api.ashbyhq.com/posting-api/job-board/interplay,13,observed,
ashby,interrahealth,interrahealth,https://jobs.ashbyhq.com/interrahealth,https://api.ashbyhq.com/posting-api/job-board/interrahealth,16,observed,
ashby,intology,intology,https://jobs.ashbyhq.com/intology,https://api.ashbyhq.com/posting-api/job-board/intology,2,observed,
ashby,intrinsic-safety,intrinsic-safety,https://jobs.ashbyhq.com/intrinsic-safety,https://api.ashbyhq.com/posting-api/job-board/intrinsic-safety,12,observed,
ashby,intro,intro,https://jobs.ashbyhq.com/intro,https://api.ashbyhq.com/posting-api/job-board/intro,9,observed,
ashby,intus,intus,https://jobs.ashbyhq.com/intus,https://api.ashbyhq.com/posting-api/job-board/intus,8,observed,
ashby,invert,invert,https://jobs.ashbyhq.com/invert,https://api.ashbyhq.com/posting-api/job-board/invert,6,observed,
ashby,inworld-ai,inworld-ai,https://jobs.ashbyhq.com/inworld-ai,https://api.ashbyhq.com/posting-api/job-board/inworld-ai,18,observed,
ashby,ironcladhq,ironcladhq,https://jobs.ashbyhq.com/ironcladhq,https://api.ashbyhq.com/posting-api/job-board/ironcladhq,28,observed,
ashby,Irregular,Irregular,https://jobs.ashbyhq.com/Irregular,https://api.ashbyhq.com/posting-api/job-board/Irregular,10,observed,
ashby,isometric,isometric,https://jobs.ashbyhq.com/isometric,https://api.ashbyhq.com/posting-api/job-board/isometric,5,observed,
ashby,iterable,iterable,https://jobs.ashbyhq.com/iterable,https://api.ashbyhq.com/posting-api/job-board/iterable,20,observed,
ashby,iverify,iverify,https://jobs.ashbyhq.com/iverify,https://api.ashbyhq.com/posting-api/job-board/iverify,4,observed,
ashby,ivo-inc,ivo-inc,https://jobs.ashbyhq.com/ivo-inc,https://api.ashbyhq.com/posting-api/job-board/ivo-inc,45,observed,
ashby,iwoca.co.uk,iwoca.co.uk,https://jobs.ashbyhq.com/iwoca.co.uk,https://api.ashbyhq.com/posting-api/job-board/iwoca.co.uk,51,observed,
ashby,jack-jill-external-ats,jack-jill-external-ats,https://jobs.ashbyhq.com/jack-jill-external-ats,https://api.ashbyhq.com/posting-api/job-board/jack-jill-external-ats,6,observed,
ashby,jampack-ai,jampack-ai,https://jobs.ashbyhq.com/jampack-ai,https://api.ashbyhq.com/posting-api/job-board/jampack-ai,4,observed,
ashby,jane,jane,https://jobs.ashbyhq.com/jane,https://api.ashbyhq.com/posting-api/job-board/jane,25,observed,
ashby,january,january,https://jobs.ashbyhq.com/january,https://api.ashbyhq.com/posting-api/job-board/january,12,observed,
ashby,jbs-dev,jbs-dev,https://jobs.ashbyhq.com/jbs-dev,https://api.ashbyhq.com/posting-api/job-board/jbs-dev,2,observed,
ashby,jellyfish,jellyfish,https://jobs.ashbyhq.com/jellyfish,https://api.ashbyhq.com/posting-api/job-board/jellyfish,6,observed,
ashby,jellyfishcareers,jellyfishcareers,https://jobs.ashbyhq.com/jellyfishcareers,https://api.ashbyhq.com/posting-api/job-board/jellyfishcareers,55,observed,
ashby,jerry.ai,jerry.ai,https://jobs.ashbyhq.com/jerry.ai,https://api.ashbyhq.com/posting-api/job-board/jerry.ai,43,observed,
ashby,jitter-video,jitter-video,https://jobs.ashbyhq.com/jitter-video,https://api.ashbyhq.com/posting-api/job-board/jitter-video,3,observed,
ashby,jobber,jobber,https://jobs.ashbyhq.com/jobber,https://api.ashbyhq.com/posting-api/job-board/jobber,36,observed,
ashby,jobs-page-4dc2685b-eb82-46d1-a3f9-1f0764dba814,jobs-page-4dc2685b-eb82-46d1-a3f9-1f0764dba814,https://jobs.ashbyhq.com/jobs-page-4dc2685b-eb82-46d1-a3f9-1f0764dba814,https://api.ashbyhq.com/posting-api/job-board/jobs-page-4dc2685b-eb82-46d1-a3f9-1f0764dba814,51,observed,
ashby,jobs-valence,jobs-valence,https://jobs.ashbyhq.com/jobs-valence,https://api.ashbyhq.com/posting-api/job-board/jobs-valence,20,observed,
ashby,join9am,join9am,https://jobs.ashbyhq.com/join9am,https://api.ashbyhq.com/posting-api/job-board/join9am,18,observed,
ashby,joinbetter,joinbetter,https://jobs.ashbyhq.com/joinbetter,https://api.ashbyhq.com/posting-api/job-board/joinbetter,3,observed,
ashby,joinpogo,joinpogo,https://jobs.ashbyhq.com/joinpogo,https://api.ashbyhq.com/posting-api/job-board/joinpogo,9,observed,
ashby,joko,joko,https://jobs.ashbyhq.com/joko,https://api.ashbyhq.com/posting-api/job-board/joko,52,observed,
ashby,joor,joor,https://jobs.ashbyhq.com/joor,https://api.ashbyhq.com/posting-api/job-board/joor,1,observed,
ashby,joyfulhealth,joyfulhealth,https://jobs.ashbyhq.com/joyfulhealth,https://api.ashbyhq.com/posting-api/job-board/joyfulhealth,13,observed,
ashby,joyteractive,joyteractive,https://jobs.ashbyhq.com/joyteractive,https://api.ashbyhq.com/posting-api/job-board/joyteractive,1,observed,
ashby,judgmentlabs,judgmentlabs,https://jobs.ashbyhq.com/judgmentlabs,https://api.ashbyhq.com/posting-api/job-board/judgmentlabs,5,observed,
ashby,juicebox,juicebox,https://jobs.ashbyhq.com/juicebox,https://api.ashbyhq.com/posting-api/job-board/juicebox,20,observed,
ashby,julius,julius,https://jobs.ashbyhq.com/julius,https://api.ashbyhq.com/posting-api/job-board/julius,4,observed,
ashby,jump,jump,https://jobs.ashbyhq.com/jump,https://api.ashbyhq.com/posting-api/job-board/jump,3,observed,
ashby,jump-app,jump-app,https://jobs.ashbyhq.com/jump-app,https://api.ashbyhq.com/posting-api/job-board/jump-app,11,observed,
ashby,junction,junction,https://jobs.ashbyhq.com/junction,https://api.ashbyhq.com/posting-api/job-board/junction,11,observed,
ashby,junior,junior,https://jobs.ashbyhq.com/junior,https://api.ashbyhq.com/posting-api/job-board/junior,19,observed,
ashby,junipersquare,junipersquare,https://jobs.ashbyhq.com/junipersquare,https://api.ashbyhq.com/posting-api/job-board/junipersquare,44,observed,
ashby,jupus,jupus,https://jobs.ashbyhq.com/jupus,https://api.ashbyhq.com/posting-api/job-board/jupus,12,observed,
ashby,juro,juro,https://jobs.ashbyhq.com/juro,https://api.ashbyhq.com/posting-api/job-board/juro,2,observed,
ashby,justplay-gmbh,justplay-gmbh,https://jobs.ashbyhq.com/justplay-gmbh,https://api.ashbyhq.com/posting-api/job-board/justplay-gmbh,9,observed,
ashby,justtrack,justtrack,https://jobs.ashbyhq.com/justtrack,https://api.ashbyhq.com/posting-api/job-board/justtrack,1,observed,
ashby,k-id,k-id,https://jobs.ashbyhq.com/k-id,https://api.ashbyhq.com/posting-api/job-board/k-id,9,observed,
ashby,kairos-project,kairos-project,https://jobs.ashbyhq.com/kairos-project,https://api.ashbyhq.com/posting-api/job-board/kairos-project,5,observed,
ashby,kaizenlabs,kaizenlabs,https://jobs.ashbyhq.com/kaizenlabs,https://api.ashbyhq.com/posting-api/job-board/kaizenlabs,14,observed,
ashby,kale,kale,https://jobs.ashbyhq.com/kale,https://api.ashbyhq.com/posting-api/job-board/kale,3,observed,
ashby,kalibri-labs,kalibri-labs,https://jobs.ashbyhq.com/kalibri-labs,https://api.ashbyhq.com/posting-api/job-board/kalibri-labs,2,observed,
ashby,kalshi,kalshi,https://jobs.ashbyhq.com/kalshi,https://api.ashbyhq.com/posting-api/job-board/kalshi,45,observed,
ashby,kayak,kayak,https://jobs.ashbyhq.com/kayak,https://api.ashbyhq.com/posting-api/job-board/kayak,44,observed,
ashby,kelluu,kelluu,https://jobs.ashbyhq.com/kelluu,https://api.ashbyhq.com/posting-api/job-board/kelluu,1,observed,
ashby,kernel,kernel,https://jobs.ashbyhq.com/kernel,https://api.ashbyhq.com/posting-api/job-board/kernel,6,observed,
ashby,kestra,kestra,https://jobs.ashbyhq.com/kestra,https://api.ashbyhq.com/posting-api/job-board/kestra,10,observed,
ashby,keycard-labs,keycard-labs,https://jobs.ashbyhq.com/keycard-labs,https://api.ashbyhq.com/posting-api/job-board/keycard-labs,5,observed,
ashby,keyrock,keyrock,https://jobs.ashbyhq.com/keyrock,https://api.ashbyhq.com/posting-api/job-board/keyrock,9,observed,
ashby,kiddom,kiddom,https://jobs.ashbyhq.com/kiddom,https://api.ashbyhq.com/posting-api/job-board/kiddom,9,observed,
ashby,kin,kin,https://jobs.ashbyhq.com/kin,https://api.ashbyhq.com/posting-api/job-board/kin,22,observed,
ashby,kindred,kindred,https://jobs.ashbyhq.com/kindred,https://api.ashbyhq.com/posting-api/job-board/kindred,7,observed,
ashby,kinetic,kinetic,https://jobs.ashbyhq.com/kinetic,https://api.ashbyhq.com/posting-api/job-board/kinetic,2,observed,
ashby,kineticsystems,kineticsystems,https://jobs.ashbyhq.com/kineticsystems,https://api.ashbyhq.com/posting-api/job-board/kineticsystems,6,observed,
ashby,kingdom,kingdom,https://jobs.ashbyhq.com/kingdom,https://api.ashbyhq.com/posting-api/job-board/kingdom,4,observed,
ashby,kins,kins,https://jobs.ashbyhq.com/kins,https://api.ashbyhq.com/posting-api/job-board/kins,28,observed,
ashby,kira,kira,https://jobs.ashbyhq.com/kira,https://api.ashbyhq.com/posting-api/job-board/kira,7,observed,
ashby,kissmyapps,kissmyapps,https://jobs.ashbyhq.com/kissmyapps,https://api.ashbyhq.com/posting-api/job-board/kissmyapps,25,observed,
ashby,kit,kit,https://jobs.ashbyhq.com/kit,https://api.ashbyhq.com/posting-api/job-board/kit,3,observed,
ashby,kled-ai,kled-ai,https://jobs.ashbyhq.com/kled-ai,https://api.ashbyhq.com/posting-api/job-board/kled-ai,4,observed,
ashby,klim,klim,https://jobs.ashbyhq.com/klim,https://api.ashbyhq.com/posting-api/job-board/klim,12,observed,
ashby,klue,klue,https://jobs.ashbyhq.com/klue,https://api.ashbyhq.com/posting-api/job-board/klue,10,observed,
ashby,knock,knock,https://jobs.ashbyhq.com/knock,https://api.ashbyhq.com/posting-api/job-board/knock,3,observed,
ashby,knoetic,knoetic,https://jobs.ashbyhq.com/knoetic,https://api.ashbyhq.com/posting-api/job-board/knoetic,2,observed,
ashby,knot,knot,https://jobs.ashbyhq.com/knot,https://api.ashbyhq.com/posting-api/job-board/knot,11,observed,
ashby,knownwell,knownwell,https://jobs.ashbyhq.com/knownwell,https://api.ashbyhq.com/posting-api/job-board/knownwell,11,observed,
ashby,knox-systems,knox-systems,https://jobs.ashbyhq.com/knox-systems,https://api.ashbyhq.com/posting-api/job-board/knox-systems,6,observed,
ashby,koahlabs,koahlabs,https://jobs.ashbyhq.com/koahlabs,https://api.ashbyhq.com/posting-api/job-board/koahlabs,10,observed,
ashby,kodex,kodex,https://jobs.ashbyhq.com/kodex,https://api.ashbyhq.com/posting-api/job-board/kodex,5,observed,
ashby,kog,kog,https://jobs.ashbyhq.com/kog,https://api.ashbyhq.com/posting-api/job-board/kog,2,observed,
ashby,kognitos,kognitos,https://jobs.ashbyhq.com/kognitos,https://api.ashbyhq.com/posting-api/job-board/kognitos,6,observed,
ashby,kognity,kognity,https://jobs.ashbyhq.com/kognity,https://api.ashbyhq.com/posting-api/job-board/kognity,5,observed,
ashby,koho,koho,https://jobs.ashbyhq.com/koho,https://api.ashbyhq.com/posting-api/job-board/koho,10,observed,
ashby,kojo,kojo,https://jobs.ashbyhq.com/kojo,https://api.ashbyhq.com/posting-api/job-board/kojo,6,observed,
ashby,kombo,kombo,https://jobs.ashbyhq.com/kombo,https://api.ashbyhq.com/posting-api/job-board/kombo,12,observed,
ashby,kong,kong,https://jobs.ashbyhq.com/kong,https://api.ashbyhq.com/posting-api/job-board/kong,81,observed,
ashby,konvu,konvu,https://jobs.ashbyhq.com/konvu,https://api.ashbyhq.com/posting-api/job-board/konvu,2,observed,
ashby,kota,kota,https://jobs.ashbyhq.com/kota,https://api.ashbyhq.com/posting-api/job-board/kota,12,observed,
ashby,kovo,kovo,https://jobs.ashbyhq.com/kovo,https://api.ashbyhq.com/posting-api/job-board/kovo,2,observed,
ashby,Koyfin,Koyfin,https://jobs.ashbyhq.com/Koyfin,https://api.ashbyhq.com/posting-api/job-board/Koyfin,1,observed,
ashby,kpr,kpr,https://jobs.ashbyhq.com/kpr,https://api.ashbyhq.com/posting-api/job-board/kpr,36,observed,
ashby,kraken-kinetics,kraken-kinetics,https://jobs.ashbyhq.com/kraken-kinetics,https://api.ashbyhq.com/posting-api/job-board/kraken-kinetics,18,observed,
ashby,kraken.com,kraken.com,https://jobs.ashbyhq.com/kraken.com,https://api.ashbyhq.com/posting-api/job-board/kraken.com,89,observed,
ashby,kranz-consulting,kranz-consulting,https://jobs.ashbyhq.com/kranz-consulting,https://api.ashbyhq.com/posting-api/job-board/kranz-consulting,6,observed,
ashby,krea,krea,https://jobs.ashbyhq.com/krea,https://api.ashbyhq.com/posting-api/job-board/krea,9,observed,
ashby,krew,krew,https://jobs.ashbyhq.com/krew,https://api.ashbyhq.com/posting-api/job-board/krew,5,observed,
ashby,kunin,kunin,https://jobs.ashbyhq.com/kunin,https://api.ashbyhq.com/posting-api/job-board/kunin,4,observed,
ashby,kustomer,kustomer,https://jobs.ashbyhq.com/kustomer,https://api.ashbyhq.com/posting-api/job-board/kustomer,8,observed,
ashby,kyra,kyra,https://jobs.ashbyhq.com/kyra,https://api.ashbyhq.com/posting-api/job-board/kyra,10,observed,
ashby,labhouse,labhouse,https://jobs.ashbyhq.com/labhouse,https://api.ashbyhq.com/posting-api/job-board/labhouse,18,observed,
ashby,ladder,ladder,https://jobs.ashbyhq.com/ladder,https://api.ashbyhq.com/posting-api/job-board/ladder,4,observed,
ashby,lago,lago,https://jobs.ashbyhq.com/lago,https://api.ashbyhq.com/posting-api/job-board/lago,4,observed,
ashby,lambda,lambda,https://jobs.ashbyhq.com/lambda,https://api.ashbyhq.com/posting-api/job-board/lambda,77,observed,
ashby,lancedb,lancedb,https://jobs.ashbyhq.com/lancedb,https://api.ashbyhq.com/posting-api/job-board/lancedb,10,observed,
ashby,langchain,langchain,https://jobs.ashbyhq.com/langchain,https://api.ashbyhq.com/posting-api/job-board/langchain,103,observed,
ashby,langdock,langdock,https://jobs.ashbyhq.com/langdock,https://api.ashbyhq.com/posting-api/job-board/langdock,20,observed,
ashby,langfuse,langfuse,https://jobs.ashbyhq.com/langfuse,https://api.ashbyhq.com/posting-api/job-board/langfuse,7,observed,
ashby,lark,lark,https://jobs.ashbyhq.com/lark,https://api.ashbyhq.com/posting-api/job-board/lark,2,observed,
ashby,lassie,lassie,https://jobs.ashbyhq.com/lassie,https://api.ashbyhq.com/posting-api/job-board/lassie,16,observed,
ashby,latamcent,latamcent,https://jobs.ashbyhq.com/latamcent,https://api.ashbyhq.com/posting-api/job-board/latamcent,18,observed,
ashby,LatchBio,LatchBio,https://jobs.ashbyhq.com/LatchBio,https://api.ashbyhq.com/posting-api/job-board/LatchBio,15,observed,
ashby,latent,latent,https://jobs.ashbyhq.com/latent,https://api.ashbyhq.com/posting-api/job-board/latent,20,observed,
ashby,latentlabs,latentlabs,https://jobs.ashbyhq.com/latentlabs,https://api.ashbyhq.com/posting-api/job-board/latentlabs,10,observed,
ashby,laurel,laurel,https://jobs.ashbyhq.com/laurel,https://api.ashbyhq.com/posting-api/job-board/laurel,17,observed,
ashby,lavendo,lavendo,https://jobs.ashbyhq.com/lavendo,https://api.ashbyhq.com/posting-api/job-board/lavendo,13,observed,
ashby,lawhive,lawhive,https://jobs.ashbyhq.com/lawhive,https://api.ashbyhq.com/posting-api/job-board/lawhive,9,observed,
ashby,layerfi,layerfi,https://jobs.ashbyhq.com/layerfi,https://api.ashbyhq.com/posting-api/job-board/layerfi,5,observed,
ashby,lazer,lazer,https://jobs.ashbyhq.com/lazer,https://api.ashbyhq.com/posting-api/job-board/lazer,9,observed,
ashby,leadbank,leadbank,https://jobs.ashbyhq.com/leadbank,https://api.ashbyhq.com/posting-api/job-board/leadbank,17,observed,
ashby,leandata,leandata,https://jobs.ashbyhq.com/leandata,https://api.ashbyhq.com/posting-api/job-board/leandata,13,observed,
ashby,LeanLayer,LeanLayer,https://jobs.ashbyhq.com/LeanLayer,https://api.ashbyhq.com/posting-api/job-board/LeanLayer,6,observed,
ashby,LeanTech,LeanTech,https://jobs.ashbyhq.com/LeanTech,https://api.ashbyhq.com/posting-api/job-board/LeanTech,5,observed,
ashby,leap,leap,https://jobs.ashbyhq.com/leap,https://api.ashbyhq.com/posting-api/job-board/leap,18,observed,
ashby,Leapsome,Leapsome,https://jobs.ashbyhq.com/Leapsome,https://api.ashbyhq.com/posting-api/job-board/Leapsome,18,observed,
ashby,ledger,ledger,https://jobs.ashbyhq.com/ledger,https://api.ashbyhq.com/posting-api/job-board/ledger,8,observed,
ashby,legend-xyz,legend-xyz,https://jobs.ashbyhq.com/legend-xyz,https://api.ashbyhq.com/posting-api/job-board/legend-xyz,2,observed,
ashby,legionhealth,legionhealth,https://jobs.ashbyhq.com/legionhealth,https://api.ashbyhq.com/posting-api/job-board/legionhealth,154,observed,
ashby,legora,legora,https://jobs.ashbyhq.com/legora,https://api.ashbyhq.com/posting-api/job-board/legora,269,observed,
ashby,leland,leland,https://jobs.ashbyhq.com/leland,https://api.ashbyhq.com/posting-api/job-board/leland,188,observed,
ashby,lemfi,lemfi,https://jobs.ashbyhq.com/lemfi,https://api.ashbyhq.com/posting-api/job-board/lemfi,22,observed,
ashby,lemlist,lemlist,https://jobs.ashbyhq.com/lemlist,https://api.ashbyhq.com/posting-api/job-board/lemlist,9,observed,
ashby,lemonade,lemonade,https://jobs.ashbyhq.com/lemonade,https://api.ashbyhq.com/posting-api/job-board/lemonade,32,observed,
ashby,lendable,lendable,https://jobs.ashbyhq.com/lendable,https://api.ashbyhq.com/posting-api/job-board/lendable,70,observed,
ashby,lens,lens,https://jobs.ashbyhq.com/lens,https://api.ashbyhq.com/posting-api/job-board/lens,7,observed,
ashby,leona,leona,https://jobs.ashbyhq.com/leona,https://api.ashbyhq.com/posting-api/job-board/leona,5,observed,
ashby,leopard,leopard,https://jobs.ashbyhq.com/leopard,https://api.ashbyhq.com/posting-api/job-board/leopard,5,observed,
ashby,letta,letta,https://jobs.ashbyhq.com/letta,https://api.ashbyhq.com/posting-api/job-board/letta,4,observed,
ashby,levelpath,levelpath,https://jobs.ashbyhq.com/levelpath,https://api.ashbyhq.com/posting-api/job-board/levelpath,17,observed,
ashby,lexroom,lexroom,https://jobs.ashbyhq.com/lexroom,https://api.ashbyhq.com/posting-api/job-board/lexroom,21,observed,
ashby,lido.fi,lido.fi,https://jobs.ashbyhq.com/lido.fi,https://api.ashbyhq.com/posting-api/job-board/lido.fi,3,observed,
ashby,light,light,https://jobs.ashbyhq.com/light,https://api.ashbyhq.com/posting-api/job-board/light,12,observed,
ashby,light-inc,light-inc,https://jobs.ashbyhq.com/light-inc,https://api.ashbyhq.com/posting-api/job-board/light-inc,19,observed,
ashby,lightdash,lightdash,https://jobs.ashbyhq.com/lightdash,https://api.ashbyhq.com/posting-api/job-board/lightdash,4,observed,
ashby,lightfield,lightfield,https://jobs.ashbyhq.com/lightfield,https://api.ashbyhq.com/posting-api/job-board/lightfield,19,observed,
ashby,lighthousehq,lighthousehq,https://jobs.ashbyhq.com/lighthousehq,https://api.ashbyhq.com/posting-api/job-board/lighthousehq,3,observed,
ashby,lightning,lightning,https://jobs.ashbyhq.com/lightning,https://api.ashbyhq.com/posting-api/job-board/lightning,13,observed,
ashby,lightspark,lightspark,https://jobs.ashbyhq.com/lightspark,https://api.ashbyhq.com/posting-api/job-board/lightspark,2,observed,
ashby,lightspeed,lightspeed,https://jobs.ashbyhq.com/lightspeed,https://api.ashbyhq.com/posting-api/job-board/lightspeed,4,observed,
ashby,lightspeedhq,lightspeedhq,https://jobs.ashbyhq.com/lightspeedhq,https://api.ashbyhq.com/posting-api/job-board/lightspeedhq,157,observed,
ashby,lilt-corporate,lilt-corporate,https://jobs.ashbyhq.com/lilt-corporate,https://api.ashbyhq.com/posting-api/job-board/lilt-corporate,10,observed,
ashby,lilt-production,lilt-production,https://jobs.ashbyhq.com/lilt-production,https://api.ashbyhq.com/posting-api/job-board/lilt-production,387,observed,
ashby,limbic,limbic,https://jobs.ashbyhq.com/limbic,https://api.ashbyhq.com/posting-api/job-board/limbic,5,observed,
ashby,limble,limble,https://jobs.ashbyhq.com/limble,https://api.ashbyhq.com/posting-api/job-board/limble,12,observed,
ashby,limelight-steel,limelight-steel,https://jobs.ashbyhq.com/limelight-steel,https://api.ashbyhq.com/posting-api/job-board/limelight-steel,1,observed,
ashby,lindus,lindus,https://jobs.ashbyhq.com/lindus,https://api.ashbyhq.com/posting-api/job-board/lindus,4,observed,
ashby,Linear,Linear,https://jobs.ashbyhq.com/Linear,https://api.ashbyhq.com/posting-api/job-board/Linear,32,observed,
ashby,Links-Academy,Links-Academy,https://jobs.ashbyhq.com/Links-Academy,https://api.ashbyhq.com/posting-api/job-board/Links-Academy,1,observed,
ashby,Linkup,Linkup,https://jobs.ashbyhq.com/Linkup,https://api.ashbyhq.com/posting-api/job-board/Linkup,12,observed,
ashby,lio,lio,https://jobs.ashbyhq.com/lio,https://api.ashbyhq.com/posting-api/job-board/lio,27,observed,
ashby,liquid,liquid,https://jobs.ashbyhq.com/liquid,https://api.ashbyhq.com/posting-api/job-board/liquid,2,observed,
ashby,liquid-ai,liquid-ai,https://jobs.ashbyhq.com/liquid-ai,https://api.ashbyhq.com/posting-api/job-board/liquid-ai,19,observed,
ashby,listenlabs,listenlabs,https://jobs.ashbyhq.com/listenlabs,https://api.ashbyhq.com/posting-api/job-board/listenlabs,31,observed,
ashby,litellm,litellm,https://jobs.ashbyhq.com/litellm,https://api.ashbyhq.com/posting-api/job-board/litellm,15,observed,
ashby,litmus,litmus,https://jobs.ashbyhq.com/litmus,https://api.ashbyhq.com/posting-api/job-board/litmus,30,observed,
ashby,liveflow,liveflow,https://jobs.ashbyhq.com/liveflow,https://api.ashbyhq.com/posting-api/job-board/liveflow,4,observed,
ashby,livekit,livekit,https://jobs.ashbyhq.com/livekit,https://api.ashbyhq.com/posting-api/job-board/livekit,30,observed,
ashby,livinghr,livinghr,https://jobs.ashbyhq.com/livinghr,https://api.ashbyhq.com/posting-api/job-board/livinghr,23,observed,
ashby,llamaindex,llamaindex,https://jobs.ashbyhq.com/llamaindex,https://api.ashbyhq.com/posting-api/job-board/llamaindex,15,observed,
ashby,lm-studio,lm-studio,https://jobs.ashbyhq.com/lm-studio,https://api.ashbyhq.com/posting-api/job-board/lm-studio,4,observed,
ashby,loancrate,loancrate,https://jobs.ashbyhq.com/loancrate,https://api.ashbyhq.com/posting-api/job-board/loancrate,5,observed,
ashby,logos-space,logos-space,https://jobs.ashbyhq.com/logos-space,https://api.ashbyhq.com/posting-api/job-board/logos-space,36,observed,
ashby,loki,loki,https://jobs.ashbyhq.com/loki,https://api.ashbyhq.com/posting-api/job-board/loki,9,observed,
ashby,long-lake,long-lake,https://jobs.ashbyhq.com/long-lake,https://api.ashbyhq.com/posting-api/job-board/long-lake,2,observed,
ashby,loopio,loopio,https://jobs.ashbyhq.com/loopio,https://api.ashbyhq.com/posting-api/job-board/loopio,10,observed,
ashby,loot-labs,loot-labs,https://jobs.ashbyhq.com/loot-labs,https://api.ashbyhq.com/posting-api/job-board/loot-labs,5,observed,
ashby,lorikeet,lorikeet,https://jobs.ashbyhq.com/lorikeet,https://api.ashbyhq.com/posting-api/job-board/lorikeet,10,observed,
ashby,lottie,lottie,https://jobs.ashbyhq.com/lottie,https://api.ashbyhq.com/posting-api/job-board/lottie,6,observed,
ashby,lotushealth,lotushealth,https://jobs.ashbyhq.com/lotushealth,https://api.ashbyhq.com/posting-api/job-board/lotushealth,8,observed,
ashby,lovable,lovable,https://jobs.ashbyhq.com/lovable,https://api.ashbyhq.com/posting-api/job-board/lovable,78,observed,
ashby,loveholidays,loveholidays,https://jobs.ashbyhq.com/loveholidays,https://api.ashbyhq.com/posting-api/job-board/loveholidays,14,observed,
ashby,lovelace,lovelace,https://jobs.ashbyhq.com/lovelace,https://api.ashbyhq.com/posting-api/job-board/lovelace,3,observed,
ashby,lpadesignstudios,lpadesignstudios,https://jobs.ashbyhq.com/lpadesignstudios,https://api.ashbyhq.com/posting-api/job-board/lpadesignstudios,30,observed,
ashby,ltv,ltv,https://jobs.ashbyhq.com/ltv,https://api.ashbyhq.com/posting-api/job-board/ltv,6,observed,
ashby,lua,lua,https://jobs.ashbyhq.com/lua,https://api.ashbyhq.com/posting-api/job-board/lua,1,observed,
ashby,lucidlink,lucidlink,https://jobs.ashbyhq.com/lucidlink,https://api.ashbyhq.com/posting-api/job-board/lucidlink,13,observed,
ashby,lucis,lucis,https://jobs.ashbyhq.com/lucis,https://api.ashbyhq.com/posting-api/job-board/lucis,9,observed,
ashby,lumen.energy,lumen.energy,https://jobs.ashbyhq.com/lumen.energy,https://api.ashbyhq.com/posting-api/job-board/lumen.energy,2,observed,
ashby,lumilens,lumilens,https://jobs.ashbyhq.com/lumilens,https://api.ashbyhq.com/posting-api/job-board/lumilens,141,observed,
ashby,luminai,luminai,https://jobs.ashbyhq.com/luminai,https://api.ashbyhq.com/posting-api/job-board/luminai,10,observed,
ashby,luminovo,luminovo,https://jobs.ashbyhq.com/luminovo,https://api.ashbyhq.com/posting-api/job-board/luminovo,4,observed,
ashby,lunar,lunar,https://jobs.ashbyhq.com/lunar,https://api.ashbyhq.com/posting-api/job-board/lunar,14,observed,
ashby,luxor,luxor,https://jobs.ashbyhq.com/luxor,https://api.ashbyhq.com/posting-api/job-board/luxor,2,observed,
ashby,lydian,lydian,https://jobs.ashbyhq.com/lydian,https://api.ashbyhq.com/posting-api/job-board/lydian,5,observed,
ashby,Lynk,Lynk,https://jobs.ashbyhq.com/Lynk,https://api.ashbyhq.com/posting-api/job-board/Lynk,20,observed,
ashby,lyrebird-health,lyrebird-health,https://jobs.ashbyhq.com/lyrebird-health,https://api.ashbyhq.com/posting-api/job-board/lyrebird-health,12,observed,
ashby,lyric,lyric,https://jobs.ashbyhq.com/lyric,https://api.ashbyhq.com/posting-api/job-board/lyric,19,observed,
ashby,m-kopa,m-kopa,https://jobs.ashbyhq.com/m-kopa,https://api.ashbyhq.com/posting-api/job-board/m-kopa,30,observed,
ashby,m13,m13,https://jobs.ashbyhq.com/m13,https://api.ashbyhq.com/posting-api/job-board/m13,2,observed,
ashby,mach,mach,https://jobs.ashbyhq.com/mach,https://api.ashbyhq.com/posting-api/job-board/mach,100,observed,
ashby,madecard,madecard,https://jobs.ashbyhq.com/madecard,https://api.ashbyhq.com/posting-api/job-board/madecard,11,observed,
ashby,madhive,madhive,https://jobs.ashbyhq.com/madhive,https://api.ashbyhq.com/posting-api/job-board/madhive,10,observed,
ashby,magentic,magentic,https://jobs.ashbyhq.com/magentic,https://api.ashbyhq.com/posting-api/job-board/magentic,6,observed,
ashby,magic.dev,magic.dev,https://jobs.ashbyhq.com/magic.dev,https://api.ashbyhq.com/posting-api/job-board/magic.dev,11,observed,
ashby,magical,magical,https://jobs.ashbyhq.com/magical,https://api.ashbyhq.com/posting-api/job-board/magical,10,observed,
ashby,magiceden,magiceden,https://jobs.ashbyhq.com/magiceden,https://api.ashbyhq.com/posting-api/job-board/magiceden,3,observed,
ashby,magicpatterns,magicpatterns,https://jobs.ashbyhq.com/magicpatterns,https://api.ashbyhq.com/posting-api/job-board/magicpatterns,7,observed,
ashby,magicschool,magicschool,https://jobs.ashbyhq.com/magicschool,https://api.ashbyhq.com/posting-api/job-board/magicschool,1,observed,
ashby,mai,mai,https://jobs.ashbyhq.com/mai,https://api.ashbyhq.com/posting-api/job-board/mai,7,observed,
ashby,maincode,maincode,https://jobs.ashbyhq.com/maincode,https://api.ashbyhq.com/posting-api/job-board/maincode,12,observed,
ashby,maintainx,maintainx,https://jobs.ashbyhq.com/maintainx,https://api.ashbyhq.com/posting-api/job-board/maintainx,143,observed,
ashby,makermaker.ai,makermaker.ai,https://jobs.ashbyhq.com/makermaker.ai,https://api.ashbyhq.com/posting-api/job-board/makermaker.ai,7,observed,
ashby,maki,maki,https://jobs.ashbyhq.com/maki,https://api.ashbyhq.com/posting-api/job-board/maki,6,observed,
ashby,mandolin,mandolin,https://jobs.ashbyhq.com/mandolin,https://api.ashbyhq.com/posting-api/job-board/mandolin,5,observed,
ashby,mandrel,mandrel,https://jobs.ashbyhq.com/mandrel,https://api.ashbyhq.com/posting-api/job-board/mandrel,2,observed,
ashby,manex,manex,https://jobs.ashbyhq.com/manex,https://api.ashbyhq.com/posting-api/job-board/manex,11,observed,
ashby,mangomint,mangomint,https://jobs.ashbyhq.com/mangomint,https://api.ashbyhq.com/posting-api/job-board/mangomint,1,observed,
ashby,manifest-os,manifest-os,https://jobs.ashbyhq.com/manifest-os,https://api.ashbyhq.com/posting-api/job-board/manifest-os,12,observed,
ashby,mapbox,mapbox,https://jobs.ashbyhq.com/mapbox,https://api.ashbyhq.com/posting-api/job-board/mapbox,54,observed,
ashby,maple,maple,https://jobs.ashbyhq.com/maple,https://api.ashbyhq.com/posting-api/job-board/maple,14,observed,
ashby,marble,marble,https://jobs.ashbyhq.com/marble,https://api.ashbyhq.com/posting-api/job-board/marble,5,observed,
ashby,marblehealth,marblehealth,https://jobs.ashbyhq.com/marblehealth,https://api.ashbyhq.com/posting-api/job-board/marblehealth,6,observed,
ashby,marianaminerals,marianaminerals,https://jobs.ashbyhq.com/marianaminerals,https://api.ashbyhq.com/posting-api/job-board/marianaminerals,56,observed,
ashby,mariner-careers,mariner-careers,https://jobs.ashbyhq.com/mariner-careers,https://api.ashbyhq.com/posting-api/job-board/mariner-careers,44,observed,
ashby,marloo,marloo,https://jobs.ashbyhq.com/marloo,https://api.ashbyhq.com/posting-api/job-board/marloo,8,observed,
ashby,masabi,masabi,https://jobs.ashbyhq.com/masabi,https://api.ashbyhq.com/posting-api/job-board/masabi,21,observed,
ashby,mast,mast,https://jobs.ashbyhq.com/mast,https://api.ashbyhq.com/posting-api/job-board/mast,3,observed,
ashby,Mastra,Mastra,https://jobs.ashbyhq.com/Mastra,https://api.ashbyhq.com/posting-api/job-board/Mastra,2,observed,
ashby,material,material,https://jobs.ashbyhq.com/material,https://api.ashbyhq.com/posting-api/job-board/material,8,observed,
ashby,materialsecurity,materialsecurity,https://jobs.ashbyhq.com/materialsecurity,https://api.ashbyhq.com/posting-api/job-board/materialsecurity,6,observed,
ashby,matia,matia,https://jobs.ashbyhq.com/matia,https://api.ashbyhq.com/posting-api/job-board/matia,11,observed,
ashby,Maticrobots,Maticrobots,https://jobs.ashbyhq.com/Maticrobots,https://api.ashbyhq.com/posting-api/job-board/Maticrobots,20,observed,
ashby,matrix,matrix,https://jobs.ashbyhq.com/matrix,https://api.ashbyhq.com/posting-api/job-board/matrix,1,observed,
ashby,matter-intelligence,matter-intelligence,https://jobs.ashbyhq.com/matter-intelligence,https://api.ashbyhq.com/posting-api/job-board/matter-intelligence,6,observed,
ashby,matter-labs,matter-labs,https://jobs.ashbyhq.com/matter-labs,https://api.ashbyhq.com/posting-api/job-board/matter-labs,1,observed,
ashby,matterworks,matterworks,https://jobs.ashbyhq.com/matterworks,https://api.ashbyhq.com/posting-api/job-board/matterworks,4,observed,
ashby,maven-agi,maven-agi,https://jobs.ashbyhq.com/maven-agi,https://api.ashbyhq.com/posting-api/job-board/maven-agi,16,observed,
ashby,maxima,maxima,https://jobs.ashbyhq.com/maxima,https://api.ashbyhq.com/posting-api/job-board/maxima,24,observed,
ashby,maximustribe,maximustribe,https://jobs.ashbyhq.com/maximustribe,https://api.ashbyhq.com/posting-api/job-board/maximustribe,1,observed,
ashby,maybern,maybern,https://jobs.ashbyhq.com/maybern,https://api.ashbyhq.com/posting-api/job-board/maybern,14,observed,
ashby,mazedesign,mazedesign,https://jobs.ashbyhq.com/mazedesign,https://api.ashbyhq.com/posting-api/job-board/mazedesign,5,observed,
ashby,mazehq,mazehq,https://jobs.ashbyhq.com/mazehq,https://api.ashbyhq.com/posting-api/job-board/mazehq,7,observed,
ashby,mdcalc,mdcalc,https://jobs.ashbyhq.com/mdcalc,https://api.ashbyhq.com/posting-api/job-board/mdcalc,5,observed,
ashby,Meadow,Meadow,https://jobs.ashbyhq.com/Meadow,https://api.ashbyhq.com/posting-api/job-board/Meadow,5,observed,
ashby,mebe,mebe,https://jobs.ashbyhq.com/mebe,https://api.ashbyhq.com/posting-api/job-board/mebe,85,observed,
ashby,mechanism-ventures,mechanism-ventures,https://jobs.ashbyhq.com/mechanism-ventures,https://api.ashbyhq.com/posting-api/job-board/mechanism-ventures,3,observed,
ashby,mechanize,mechanize,https://jobs.ashbyhq.com/mechanize,https://api.ashbyhq.com/posting-api/job-board/mechanize,4,observed,
ashby,mecka.ai,mecka.ai,https://jobs.ashbyhq.com/mecka.ai,https://api.ashbyhq.com/posting-api/job-board/mecka.ai,35,observed,
ashby,medely,medely,https://jobs.ashbyhq.com/medely,https://api.ashbyhq.com/posting-api/job-board/medely,5,observed,
ashby,media-mogul,media-mogul,https://jobs.ashbyhq.com/media-mogul,https://api.ashbyhq.com/posting-api/job-board/media-mogul,1,observed,
ashby,mediatech,mediatech,https://jobs.ashbyhq.com/mediatech,https://api.ashbyhq.com/posting-api/job-board/mediatech,23,observed,
ashby,medraai,medraai,https://jobs.ashbyhq.com/medraai,https://api.ashbyhq.com/posting-api/job-board/medraai,15,observed,
ashby,medscout,medscout,https://jobs.ashbyhq.com/medscout,https://api.ashbyhq.com/posting-api/job-board/medscout,5,observed,
ashby,meetmarvin,meetmarvin,https://jobs.ashbyhq.com/meetmarvin,https://api.ashbyhq.com/posting-api/job-board/meetmarvin,5,observed,
ashby,Meliora-Academy,Meliora-Academy,https://jobs.ashbyhq.com/Meliora-Academy,https://api.ashbyhq.com/posting-api/job-board/Meliora-Academy,1,observed,
ashby,melotech,melotech,https://jobs.ashbyhq.com/melotech,https://api.ashbyhq.com/posting-api/job-board/melotech,13,observed,
ashby,mem0,mem0,https://jobs.ashbyhq.com/mem0,https://api.ashbyhq.com/posting-api/job-board/mem0,3,observed,
ashby,menlo,menlo,https://jobs.ashbyhq.com/menlo,https://api.ashbyhq.com/posting-api/job-board/menlo,20,observed,
ashby,menlosecurity,menlosecurity,https://jobs.ashbyhq.com/menlosecurity,https://api.ashbyhq.com/posting-api/job-board/menlosecurity,22,observed,
ashby,mento,mento,https://jobs.ashbyhq.com/mento,https://api.ashbyhq.com/posting-api/job-board/mento,29,observed,
ashby,meow,meow,https://jobs.ashbyhq.com/meow,https://api.ashbyhq.com/posting-api/job-board/meow,5,observed,
ashby,mercator,mercator,https://jobs.ashbyhq.com/mercator,https://api.ashbyhq.com/posting-api/job-board/mercator,5,observed,
ashby,mercor,mercor,https://jobs.ashbyhq.com/mercor,https://api.ashbyhq.com/posting-api/job-board/mercor,87,observed,
ashby,mercura,mercura,https://jobs.ashbyhq.com/mercura,https://api.ashbyhq.com/posting-api/job-board/mercura,12,observed,
ashby,merge,merge,https://jobs.ashbyhq.com/merge,https://api.ashbyhq.com/posting-api/job-board/merge,17,observed,
ashby,mergemoney,mergemoney,https://jobs.ashbyhq.com/mergemoney,https://api.ashbyhq.com/posting-api/job-board/mergemoney,4,observed,
ashby,meridianlink,meridianlink,https://jobs.ashbyhq.com/meridianlink,https://api.ashbyhq.com/posting-api/job-board/meridianlink,34,observed,
ashby,meridio,meridio,https://jobs.ashbyhq.com/meridio,https://api.ashbyhq.com/posting-api/job-board/meridio,1,observed,
ashby,meshy,meshy,https://jobs.ashbyhq.com/meshy,https://api.ashbyhq.com/posting-api/job-board/meshy,23,observed,
ashby,metaforms,metaforms,https://jobs.ashbyhq.com/metaforms,https://api.ashbyhq.com/posting-api/job-board/metaforms,6,observed,
ashby,metaview,metaview,https://jobs.ashbyhq.com/metaview,https://api.ashbyhq.com/posting-api/job-board/metaview,32,observed,
ashby,meter,meter,https://jobs.ashbyhq.com/meter,https://api.ashbyhq.com/posting-api/job-board/meter,44,observed,
ashby,method,method,https://jobs.ashbyhq.com/method,https://api.ashbyhq.com/posting-api/job-board/method,11,observed,
ashby,meticulous,meticulous,https://jobs.ashbyhq.com/meticulous,https://api.ashbyhq.com/posting-api/job-board/meticulous,8,observed,
ashby,metriport,metriport,https://jobs.ashbyhq.com/metriport,https://api.ashbyhq.com/posting-api/job-board/metriport,16,observed,
ashby,mia-labs,mia-labs,https://jobs.ashbyhq.com/mia-labs,https://api.ashbyhq.com/posting-api/job-board/mia-labs,4,observed,
ashby,middesk,middesk,https://jobs.ashbyhq.com/middesk,https://api.ashbyhq.com/posting-api/job-board/middesk,21,observed,
ashby,midpage,midpage,https://jobs.ashbyhq.com/midpage,https://api.ashbyhq.com/posting-api/job-board/midpage,2,observed,
ashby,mimica,mimica,https://jobs.ashbyhq.com/mimica,https://api.ashbyhq.com/posting-api/job-board/mimica,14,observed,
ashby,mindly,mindly,https://jobs.ashbyhq.com/mindly,https://api.ashbyhq.com/posting-api/job-board/mindly,9,observed,
ashby,mindrobotics,mindrobotics,https://jobs.ashbyhq.com/mindrobotics,https://api.ashbyhq.com/posting-api/job-board/mindrobotics,27,observed,
ashby,mindvalley,mindvalley,https://jobs.ashbyhq.com/mindvalley,https://api.ashbyhq.com/posting-api/job-board/mindvalley,6,observed,
ashby,minerva,minerva,https://jobs.ashbyhq.com/minerva,https://api.ashbyhq.com/posting-api/job-board/minerva,8,observed,
ashby,mintlify,mintlify,https://jobs.ashbyhq.com/mintlify,https://api.ashbyhq.com/posting-api/job-board/mintlify,21,observed,
ashby,mintmcp,mintmcp,https://jobs.ashbyhq.com/mintmcp,https://api.ashbyhq.com/posting-api/job-board/mintmcp,3,observed,
ashby,MioDottore,MioDottore,https://jobs.ashbyhq.com/MioDottore,https://api.ashbyhq.com/posting-api/job-board/MioDottore,22,observed,
ashby,mirage,mirage,https://jobs.ashbyhq.com/mirage,https://api.ashbyhq.com/posting-api/job-board/mirage,8,observed,
ashby,miramace,miramace,https://jobs.ashbyhq.com/miramace,https://api.ashbyhq.com/posting-api/job-board/miramace,11,observed,
ashby,miri,miri,https://jobs.ashbyhq.com/miri,https://api.ashbyhq.com/posting-api/job-board/miri,1,observed,
ashby,miro,miro,https://jobs.ashbyhq.com/miro,https://api.ashbyhq.com/posting-api/job-board/miro,38,observed,
ashby,mirror-physics,mirror-physics,https://jobs.ashbyhq.com/mirror-physics,https://api.ashbyhq.com/posting-api/job-board/mirror-physics,2,observed,
ashby,misfitsandmachines,misfitsandmachines,https://jobs.ashbyhq.com/misfitsandmachines,https://api.ashbyhq.com/posting-api/job-board/misfitsandmachines,2,observed,
ashby,miter,miter,https://jobs.ashbyhq.com/miter,https://api.ashbyhq.com/posting-api/job-board/miter,10,observed,
ashby,mithrl,mithrl,https://jobs.ashbyhq.com/mithrl,https://api.ashbyhq.com/posting-api/job-board/mithrl,16,observed,
ashby,moab,moab,https://jobs.ashbyhq.com/moab,https://api.ashbyhq.com/posting-api/job-board/moab,8,observed,
ashby,mobbin.com,mobbin.com,https://jobs.ashbyhq.com/mobbin.com,https://api.ashbyhq.com/posting-api/job-board/mobbin.com,3,observed,
ashby,mobilefirst,mobilefirst,https://jobs.ashbyhq.com/mobilefirst,https://api.ashbyhq.com/posting-api/job-board/mobilefirst,9,observed,
ashby,modal,modal,https://jobs.ashbyhq.com/modal,https://api.ashbyhq.com/posting-api/job-board/modal,30,observed,
ashby,modernfi,modernfi,https://jobs.ashbyhq.com/modernfi,https://api.ashbyhq.com/posting-api/job-board/modernfi,8,observed,
ashby,moderntreasury,moderntreasury,https://jobs.ashbyhq.com/moderntreasury,https://api.ashbyhq.com/posting-api/job-board/moderntreasury,8,observed,
ashby,modus,modus,https://jobs.ashbyhq.com/modus,https://api.ashbyhq.com/posting-api/job-board/modus,12,observed,
ashby,moego,moego,https://jobs.ashbyhq.com/moego,https://api.ashbyhq.com/posting-api/job-board/moego,1,observed,
ashby,molecule,molecule,https://jobs.ashbyhq.com/molecule,https://api.ashbyhq.com/posting-api/job-board/molecule,4,observed,
ashby,Molg,Molg,https://jobs.ashbyhq.com/Molg,https://api.ashbyhq.com/posting-api/job-board/Molg,10,observed,
ashby,mollie,mollie,https://jobs.ashbyhq.com/mollie,https://api.ashbyhq.com/posting-api/job-board/mollie,48,observed,
ashby,moment,moment,https://jobs.ashbyhq.com/moment,https://api.ashbyhq.com/posting-api/job-board/moment,15,observed,
ashby,monaco,monaco,https://jobs.ashbyhq.com/monaco,https://api.ashbyhq.com/posting-api/job-board/monaco,15,observed,
ashby,monad.foundation,monad.foundation,https://jobs.ashbyhq.com/monad.foundation,https://api.ashbyhq.com/posting-api/job-board/monad.foundation,8,observed,
ashby,monarchcrops,monarchcrops,https://jobs.ashbyhq.com/monarchcrops,https://api.ashbyhq.com/posting-api/job-board/monarchcrops,4,observed,
ashby,monarchmoney,monarchmoney,https://jobs.ashbyhq.com/monarchmoney,https://api.ashbyhq.com/posting-api/job-board/monarchmoney,6,observed,
ashby,mondoo,mondoo,https://jobs.ashbyhq.com/mondoo,https://api.ashbyhq.com/posting-api/job-board/mondoo,1,observed,
ashby,monei,monei,https://jobs.ashbyhq.com/monei,https://api.ashbyhq.com/posting-api/job-board/monei,4,observed,
ashby,monk,monk,https://jobs.ashbyhq.com/monk,https://api.ashbyhq.com/posting-api/job-board/monk,7,observed,
ashby,montauk-capital,montauk-capital,https://jobs.ashbyhq.com/montauk-capital,https://api.ashbyhq.com/posting-api/job-board/montauk-capital,15,observed,
ashby,montecarlodata,montecarlodata,https://jobs.ashbyhq.com/montecarlodata,https://api.ashbyhq.com/posting-api/job-board/montecarlodata,7,observed,
ashby,montu-uk,montu-uk,https://jobs.ashbyhq.com/montu-uk,https://api.ashbyhq.com/posting-api/job-board/montu-uk,48,observed,
ashby,monumental,monumental,https://jobs.ashbyhq.com/monumental,https://api.ashbyhq.com/posting-api/job-board/monumental,19,observed,
ashby,moonlake,moonlake,https://jobs.ashbyhq.com/moonlake,https://api.ashbyhq.com/posting-api/job-board/moonlake,6,observed,
ashby,moonshot,moonshot,https://jobs.ashbyhq.com/moonshot,https://api.ashbyhq.com/posting-api/job-board/moonshot,3,observed,
ashby,moonshot-ai,moonshot-ai,https://jobs.ashbyhq.com/moonshot-ai,https://api.ashbyhq.com/posting-api/job-board/moonshot-ai,4,observed,
ashby,morningconsult,morningconsult,https://jobs.ashbyhq.com/morningconsult,https://api.ashbyhq.com/posting-api/job-board/morningconsult,11,observed,
ashby,morpho,morpho,https://jobs.ashbyhq.com/morpho,https://api.ashbyhq.com/posting-api/job-board/morpho,15,observed,
ashby,mosaic,mosaic,https://jobs.ashbyhq.com/mosaic,https://api.ashbyhq.com/posting-api/job-board/mosaic,7,observed,
ashby,moss,moss,https://jobs.ashbyhq.com/moss,https://api.ashbyhq.com/posting-api/job-board/moss,34,observed,
ashby,motherduck,motherduck,https://jobs.ashbyhq.com/motherduck,https://api.ashbyhq.com/posting-api/job-board/motherduck,7,observed,
ashby,motorway,motorway,https://jobs.ashbyhq.com/motorway,https://api.ashbyhq.com/posting-api/job-board/motorway,16,observed,
ashby,movement,movement,https://jobs.ashbyhq.com/movement,https://api.ashbyhq.com/posting-api/job-board/movement,5,observed,
ashby,moxfive,moxfive,https://jobs.ashbyhq.com/moxfive,https://api.ashbyhq.com/posting-api/job-board/moxfive,12,observed,
ashby,moxie,moxie,https://jobs.ashbyhq.com/moxie,https://api.ashbyhq.com/posting-api/job-board/moxie,6,observed,
ashby,mubi,mubi,https://jobs.ashbyhq.com/mubi,https://api.ashbyhq.com/posting-api/job-board/mubi,3,observed,
ashby,mudflap,mudflap,https://jobs.ashbyhq.com/mudflap,https://api.ashbyhq.com/posting-api/job-board/mudflap,19,observed,
ashby,multiverse,multiverse,https://jobs.ashbyhq.com/multiverse,https://api.ashbyhq.com/posting-api/job-board/multiverse,28,observed,
ashby,mural,mural,https://jobs.ashbyhq.com/mural,https://api.ashbyhq.com/posting-api/job-board/mural,11,observed,
ashby,mutiny,mutiny,https://jobs.ashbyhq.com/mutiny,https://api.ashbyhq.com/posting-api/job-board/mutiny,9,observed,
ashby,mux,mux,https://jobs.ashbyhq.com/mux,https://api.ashbyhq.com/posting-api/job-board/mux,2,observed,
ashby,mycroft,mycroft,https://jobs.ashbyhq.com/mycroft,https://api.ashbyhq.com/posting-api/job-board/mycroft,6,observed,
ashby,myedspacecareers,myedspacecareers,https://jobs.ashbyhq.com/myedspacecareers,https://api.ashbyhq.com/posting-api/job-board/myedspacecareers,17,observed,
ashby,mymoneymatters,mymoneymatters,https://jobs.ashbyhq.com/mymoneymatters,https://api.ashbyhq.com/posting-api/job-board/mymoneymatters,2,observed,
ashby,myriad-ai,myriad-ai,https://jobs.ashbyhq.com/myriad-ai,https://api.ashbyhq.com/posting-api/job-board/myriad-ai,5,observed,
ashby,mystenlabs,mystenlabs,https://jobs.ashbyhq.com/mystenlabs,https://api.ashbyhq.com/posting-api/job-board/mystenlabs,2,observed,
ashby,mytomorrows,mytomorrows,https://jobs.ashbyhq.com/mytomorrows,https://api.ashbyhq.com/posting-api/job-board/mytomorrows,9,observed,
ashby,n1,n1,https://jobs.ashbyhq.com/n1,https://api.ashbyhq.com/posting-api/job-board/n1,9,observed,
ashby,n8n,n8n,https://jobs.ashbyhq.com/n8n,https://api.ashbyhq.com/posting-api/job-board/n8n,35,observed,
ashby,nabla,nabla,https://jobs.ashbyhq.com/nabla,https://api.ashbyhq.com/posting-api/job-board/nabla,15,observed,
ashby,nabucasa,nabucasa,https://jobs.ashbyhq.com/nabucasa,https://api.ashbyhq.com/posting-api/job-board/nabucasa,4,observed,
ashby,nace.ai,nace.ai,https://jobs.ashbyhq.com/nace.ai,https://api.ashbyhq.com/posting-api/job-board/nace.ai,15,observed,
ashby,Nango,Nango,https://jobs.ashbyhq.com/Nango,https://api.ashbyhq.com/posting-api/job-board/Nango,4,observed,
ashby,Nash,Nash,https://jobs.ashbyhq.com/Nash,https://api.ashbyhq.com/posting-api/job-board/Nash,26,observed,
ashby,nationgraph,nationgraph,https://jobs.ashbyhq.com/nationgraph,https://api.ashbyhq.com/posting-api/job-board/nationgraph,2,observed,
ashby,Natter,Natter,https://jobs.ashbyhq.com/Natter,https://api.ashbyhq.com/posting-api/job-board/Natter,3,observed,
ashby,nava-benefits,nava-benefits,https://jobs.ashbyhq.com/nava-benefits,https://api.ashbyhq.com/posting-api/job-board/nava-benefits,1,observed,
ashby,neara,neara,https://jobs.ashbyhq.com/neara,https://api.ashbyhq.com/posting-api/job-board/neara,40,observed,
ashby,nebulock,nebulock,https://jobs.ashbyhq.com/nebulock,https://api.ashbyhq.com/posting-api/job-board/nebulock,7,observed,
ashby,nectar-social,nectar-social,https://jobs.ashbyhq.com/nectar-social,https://api.ashbyhq.com/posting-api/job-board/nectar-social,28,observed,
ashby,negotiate-ai,negotiate-ai,https://jobs.ashbyhq.com/negotiate-ai,https://api.ashbyhq.com/posting-api/job-board/negotiate-ai,2,observed,
ashby,neighborly-software,neighborly-software,https://jobs.ashbyhq.com/neighborly-software,https://api.ashbyhq.com/posting-api/job-board/neighborly-software,11,observed,
ashby,neko-health,neko-health,https://jobs.ashbyhq.com/neko-health,https://api.ashbyhq.com/posting-api/job-board/neko-health,106,observed,
ashby,nelo,nelo,https://jobs.ashbyhq.com/nelo,https://api.ashbyhq.com/posting-api/job-board/nelo,10,observed,
ashby,nen-creative,nen-creative,https://jobs.ashbyhq.com/nen-creative,https://api.ashbyhq.com/posting-api/job-board/nen-creative,14,observed,
ashby,neofinancial,neofinancial,https://jobs.ashbyhq.com/neofinancial,https://api.ashbyhq.com/posting-api/job-board/neofinancial,96,observed,
ashby,neon,neon,https://jobs.ashbyhq.com/neon,https://api.ashbyhq.com/posting-api/job-board/neon,6,observed,
ashby,neon-health,neon-health,https://jobs.ashbyhq.com/neon-health,https://api.ashbyhq.com/posting-api/job-board/neon-health,11,observed,
ashby,neptune,neptune,https://jobs.ashbyhq.com/neptune,https://api.ashbyhq.com/posting-api/job-board/neptune,5,observed,
ashby,nerdwallet,nerdwallet,https://jobs.ashbyhq.com/nerdwallet,https://api.ashbyhq.com/posting-api/job-board/nerdwallet,19,observed,
ashby,nest-health,nest-health,https://jobs.ashbyhq.com/nest-health,https://api.ashbyhq.com/posting-api/job-board/nest-health,12,observed,
ashby,nestmed,nestmed,https://jobs.ashbyhq.com/nestmed,https://api.ashbyhq.com/posting-api/job-board/nestmed,4,observed,
ashby,netbird,netbird,https://jobs.ashbyhq.com/netbird,https://api.ashbyhq.com/posting-api/job-board/netbird,11,observed,
ashby,netboxlabs,netboxlabs,https://jobs.ashbyhq.com/netboxlabs,https://api.ashbyhq.com/posting-api/job-board/netboxlabs,11,observed,
ashby,netgear,netgear,https://jobs.ashbyhq.com/netgear,https://api.ashbyhq.com/posting-api/job-board/netgear,44,observed,
ashby,nethermind,nethermind,https://jobs.ashbyhq.com/nethermind,https://api.ashbyhq.com/posting-api/job-board/nethermind,2,observed,
ashby,netpreme,netpreme,https://jobs.ashbyhq.com/netpreme,https://api.ashbyhq.com/posting-api/job-board/netpreme,3,observed,
ashby,netwealth,netwealth,https://jobs.ashbyhq.com/netwealth,https://api.ashbyhq.com/posting-api/job-board/netwealth,23,observed,
ashby,neudata,neudata,https://jobs.ashbyhq.com/neudata,https://api.ashbyhq.com/posting-api/job-board/neudata,5,observed,
ashby,neura-robotics-gmbh,neura-robotics-gmbh,https://jobs.ashbyhq.com/neura-robotics-gmbh,https://api.ashbyhq.com/posting-api/job-board/neura-robotics-gmbh,399,observed,
ashby,neural-earth,neural-earth,https://jobs.ashbyhq.com/neural-earth,https://api.ashbyhq.com/posting-api/job-board/neural-earth,9,observed,
ashby,neuroscale,neuroscale,https://jobs.ashbyhq.com/neuroscale,https://api.ashbyhq.com/posting-api/job-board/neuroscale,8,observed,
ashby,New-Story-Schools-OH,New-Story-Schools-OH,https://jobs.ashbyhq.com/New-Story-Schools-OH,https://api.ashbyhq.com/posting-api/job-board/New-Story-Schools-OH,14,observed,
ashby,nextdata,nextdata,https://jobs.ashbyhq.com/nextdata,https://api.ashbyhq.com/posting-api/job-board/nextdata,3,observed,
ashby,nextlinklabs,nextlinklabs,https://jobs.ashbyhq.com/nextlinklabs,https://api.ashbyhq.com/posting-api/job-board/nextlinklabs,3,observed,
ashby,nextpatient,nextpatient,https://jobs.ashbyhq.com/nextpatient,https://api.ashbyhq.com/posting-api/job-board/nextpatient,6,observed,
ashby,nexus.xyz,nexus.xyz,https://jobs.ashbyhq.com/nexus.xyz,https://api.ashbyhq.com/posting-api/job-board/nexus.xyz,5,observed,
ashby,nexxa,nexxa,https://jobs.ashbyhq.com/nexxa,https://api.ashbyhq.com/posting-api/job-board/nexxa,7,observed,
ashby,nexxen,nexxen,https://jobs.ashbyhq.com/nexxen,https://api.ashbyhq.com/posting-api/job-board/nexxen,27,observed,
ashby,niantic-spatial,niantic-spatial,https://jobs.ashbyhq.com/niantic-spatial,https://api.ashbyhq.com/posting-api/job-board/niantic-spatial,10,observed,
ashby,nightfall-ai,nightfall-ai,https://jobs.ashbyhq.com/nightfall-ai,https://api.ashbyhq.com/posting-api/job-board/nightfall-ai,27,observed,
ashby,nimbl,nimbl,https://jobs.ashbyhq.com/nimbl,https://api.ashbyhq.com/posting-api/job-board/nimbl,1,observed,
ashby,niramedical,niramedical,https://jobs.ashbyhq.com/niramedical,https://api.ashbyhq.com/posting-api/job-board/niramedical,19,observed,
ashby,nirvana,nirvana,https://jobs.ashbyhq.com/nirvana,https://api.ashbyhq.com/posting-api/job-board/nirvana,8,observed,
ashby,nivoda,nivoda,https://jobs.ashbyhq.com/nivoda,https://api.ashbyhq.com/posting-api/job-board/nivoda,25,observed,
ashby,noda-ai,noda-ai,https://jobs.ashbyhq.com/noda-ai,https://api.ashbyhq.com/posting-api/job-board/noda-ai,35,observed,
ashby,noise-labs,noise-labs,https://jobs.ashbyhq.com/noise-labs,https://api.ashbyhq.com/posting-api/job-board/noise-labs,2,observed,
ashby,nollahealth,nollahealth,https://jobs.ashbyhq.com/nollahealth,https://api.ashbyhq.com/posting-api/job-board/nollahealth,2,observed,
ashby,nomad,nomad,https://jobs.ashbyhq.com/nomad,https://api.ashbyhq.com/posting-api/job-board/nomad,3,observed,
ashby,nomic,nomic,https://jobs.ashbyhq.com/nomic,https://api.ashbyhq.com/posting-api/job-board/nomic,6,observed,
ashby,nomic.ai,nomic.ai,https://jobs.ashbyhq.com/nomic.ai,https://api.ashbyhq.com/posting-api/job-board/nomic.ai,11,observed,
ashby,nomic.foundation,nomic.foundation,https://jobs.ashbyhq.com/nomic.foundation,https://api.ashbyhq.com/posting-api/job-board/nomic.foundation,2,observed,
ashby,nooks,nooks,https://jobs.ashbyhq.com/nooks,https://api.ashbyhq.com/posting-api/job-board/nooks,47,observed,
ashby,nord-security,nord-security,https://jobs.ashbyhq.com/nord-security,https://api.ashbyhq.com/posting-api/job-board/nord-security,131,observed,
ashby,norm-ai,norm-ai,https://jobs.ashbyhq.com/norm-ai,https://api.ashbyhq.com/posting-api/job-board/norm-ai,15,observed,
ashby,NormalComputing,NormalComputing,https://jobs.ashbyhq.com/NormalComputing,https://api.ashbyhq.com/posting-api/job-board/NormalComputing,21,observed,
ashby,normlaw,normlaw,https://jobs.ashbyhq.com/normlaw,https://api.ashbyhq.com/posting-api/job-board/normlaw,9,observed,
ashby,northvectordynamics,northvectordynamics,https://jobs.ashbyhq.com/northvectordynamics,https://api.ashbyhq.com/posting-api/job-board/northvectordynamics,3,observed,
ashby,northwoodspace,northwoodspace,https://jobs.ashbyhq.com/northwoodspace,https://api.ashbyhq.com/posting-api/job-board/northwoodspace,71,observed,
ashby,nosisbio,nosisbio,https://jobs.ashbyhq.com/nosisbio,https://api.ashbyhq.com/posting-api/job-board/nosisbio,1,observed,
ashby,notabene,notabene,https://jobs.ashbyhq.com/notabene,https://api.ashbyhq.com/posting-api/job-board/notabene,7,observed,
ashby,notable,notable,https://jobs.ashbyhq.com/notable,https://api.ashbyhq.com/posting-api/job-board/notable,10,observed,
ashby,notion,notion,https://jobs.ashbyhq.com/notion,https://api.ashbyhq.com/posting-api/job-board/notion,132,observed,
ashby,novaintelligence,novaintelligence,https://jobs.ashbyhq.com/novaintelligence,https://api.ashbyhq.com/posting-api/job-board/novaintelligence,9,observed,
ashby,novel,novel,https://jobs.ashbyhq.com/novel,https://api.ashbyhq.com/posting-api/job-board/novel,5,observed,
ashby,novita-ai,novita-ai,https://jobs.ashbyhq.com/novita-ai,https://api.ashbyhq.com/posting-api/job-board/novita-ai,2,observed,
ashby,novo,novo,https://jobs.ashbyhq.com/novo,https://api.ashbyhq.com/posting-api/job-board/novo,7,observed,
ashby,nox-metals,nox-metals,https://jobs.ashbyhq.com/nox-metals,https://api.ashbyhq.com/posting-api/job-board/nox-metals,13,observed,
ashby,noyo,noyo,https://jobs.ashbyhq.com/noyo,https://api.ashbyhq.com/posting-api/job-board/noyo,1,observed,
ashby,NPX,NPX,https://jobs.ashbyhq.com/NPX,https://api.ashbyhq.com/posting-api/job-board/NPX,14,observed,
ashby,ntt-data-aivista,ntt-data-aivista,https://jobs.ashbyhq.com/ntt-data-aivista,https://api.ashbyhq.com/posting-api/job-board/ntt-data-aivista,9,observed,
ashby,nubank,nubank,https://jobs.ashbyhq.com/nubank,https://api.ashbyhq.com/posting-api/job-board/nubank,117,observed,
ashby,nuclearn,nuclearn,https://jobs.ashbyhq.com/nuclearn,https://api.ashbyhq.com/posting-api/job-board/nuclearn,2,observed,
ashby,nudge,nudge,https://jobs.ashbyhq.com/nudge,https://api.ashbyhq.com/posting-api/job-board/nudge,27,observed,
ashby,nudgesecurity,nudgesecurity,https://jobs.ashbyhq.com/nudgesecurity,https://api.ashbyhq.com/posting-api/job-board/nudgesecurity,3,observed,
ashby,numeral,numeral,https://jobs.ashbyhq.com/numeral,https://api.ashbyhq.com/posting-api/job-board/numeral,19,observed,
ashby,numeric,numeric,https://jobs.ashbyhq.com/numeric,https://api.ashbyhq.com/posting-api/job-board/numeric,20,observed,
ashby,numerixs-quant,numerixs-quant,https://jobs.ashbyhq.com/numerixs-quant,https://api.ashbyhq.com/posting-api/job-board/numerixs-quant,3,observed,
ashby,nuna,nuna,https://jobs.ashbyhq.com/nuna,https://api.ashbyhq.com/posting-api/job-board/nuna,6,observed,
ashby,nursa,nursa,https://jobs.ashbyhq.com/nursa,https://api.ashbyhq.com/posting-api/job-board/nursa,1,observed,
ashby,nylas,nylas,https://jobs.ashbyhq.com/nylas,https://api.ashbyhq.com/posting-api/job-board/nylas,7,observed,
ashby,oakslab,oakslab,https://jobs.ashbyhq.com/oakslab,https://api.ashbyhq.com/posting-api/job-board/oakslab,15,observed,
ashby,oath,oath,https://jobs.ashbyhq.com/oath,https://api.ashbyhq.com/posting-api/job-board/oath,4,observed,
ashby,OBRIO,OBRIO,https://jobs.ashbyhq.com/OBRIO,https://api.ashbyhq.com/posting-api/job-board/OBRIO,15,observed,
ashby,observable-space,observable-space,https://jobs.ashbyhq.com/observable-space,https://api.ashbyhq.com/posting-api/job-board/observable-space,29,observed,
ashby,obsidiansystems,obsidiansystems,https://jobs.ashbyhq.com/obsidiansystems,https://api.ashbyhq.com/posting-api/job-board/obsidiansystems,3,observed,
ashby,obviant,obviant,https://jobs.ashbyhq.com/obviant,https://api.ashbyhq.com/posting-api/job-board/obviant,4,observed,
ashby,obvio,obvio,https://jobs.ashbyhq.com/obvio,https://api.ashbyhq.com/posting-api/job-board/obvio,6,observed,
ashby,ocean,ocean,https://jobs.ashbyhq.com/ocean,https://api.ashbyhq.com/posting-api/job-board/ocean,1,observed,
ashby,oceanus,oceanus,https://jobs.ashbyhq.com/oceanus,https://api.ashbyhq.com/posting-api/job-board/oceanus,3,observed,
ashby,oden-technologies,oden-technologies,https://jobs.ashbyhq.com/oden-technologies,https://api.ashbyhq.com/posting-api/job-board/oden-technologies,3,observed,
ashby,odin,odin,https://jobs.ashbyhq.com/odin,https://api.ashbyhq.com/posting-api/job-board/odin,9,observed,
ashby,odys-aviation,odys-aviation,https://jobs.ashbyhq.com/odys-aviation,https://api.ashbyhq.com/posting-api/job-board/odys-aviation,12,observed,
ashby,odyssey,odyssey,https://jobs.ashbyhq.com/odyssey,https://api.ashbyhq.com/posting-api/job-board/odyssey,6,observed,
ashby,odysseyml,odysseyml,https://jobs.ashbyhq.com/odysseyml,https://api.ashbyhq.com/posting-api/job-board/odysseyml,23,observed,
ashby,offdeal,offdeal,https://jobs.ashbyhq.com/offdeal,https://api.ashbyhq.com/posting-api/job-board/offdeal,5,observed,
ashby,office-hours,office-hours,https://jobs.ashbyhq.com/office-hours,https://api.ashbyhq.com/posting-api/job-board/office-hours,9,observed,
ashby,oligo,oligo,https://jobs.ashbyhq.com/oligo,https://api.ashbyhq.com/posting-api/job-board/oligo,15,observed,
ashby,OLIX,OLIX,https://jobs.ashbyhq.com/OLIX,https://api.ashbyhq.com/posting-api/job-board/OLIX,22,observed,
ashby,olly-olly,olly-olly,https://jobs.ashbyhq.com/olly-olly,https://api.ashbyhq.com/posting-api/job-board/olly-olly,4,observed,
ashby,omaze,omaze,https://jobs.ashbyhq.com/omaze,https://api.ashbyhq.com/posting-api/job-board/omaze,16,observed,
ashby,omi,omi,https://jobs.ashbyhq.com/omi,https://api.ashbyhq.com/posting-api/job-board/omi,8,observed,
ashby,omnea,omnea,https://jobs.ashbyhq.com/omnea,https://api.ashbyhq.com/posting-api/job-board/omnea,41,observed,
ashby,omni,omni,https://jobs.ashbyhq.com/omni,https://api.ashbyhq.com/posting-api/job-board/omni,24,observed,
ashby,omnilex,omnilex,https://jobs.ashbyhq.com/omnilex,https://api.ashbyhq.com/posting-api/job-board/omnilex,7,observed,
ashby,omniscient,omniscient,https://jobs.ashbyhq.com/omniscient,https://api.ashbyhq.com/posting-api/job-board/omniscient,15,observed,
ashby,oneapp,oneapp,https://jobs.ashbyhq.com/oneapp,https://api.ashbyhq.com/posting-api/job-board/oneapp,37,observed,
ashby,onebrief,onebrief,https://jobs.ashbyhq.com/onebrief,https://api.ashbyhq.com/posting-api/job-board/onebrief,27,observed,
ashby,oneleet,oneleet,https://jobs.ashbyhq.com/oneleet,https://api.ashbyhq.com/posting-api/job-board/oneleet,18,observed,
ashby,onhires,onhires,https://jobs.ashbyhq.com/onhires,https://api.ashbyhq.com/posting-api/job-board/onhires,51,observed,
ashby,onoshealth,onoshealth,https://jobs.ashbyhq.com/onoshealth,https://api.ashbyhq.com/posting-api/job-board/onoshealth,7,observed,
ashby,onramp,onramp,https://jobs.ashbyhq.com/onramp,https://api.ashbyhq.com/posting-api/job-board/onramp,3,observed,
ashby,ontic,ontic,https://jobs.ashbyhq.com/ontic,https://api.ashbyhq.com/posting-api/job-board/ontic,14,observed,
ashby,onton,onton,https://jobs.ashbyhq.com/onton,https://api.ashbyhq.com/posting-api/job-board/onton,3,observed,
ashby,onyx,onyx,https://jobs.ashbyhq.com/onyx,https://api.ashbyhq.com/posting-api/job-board/onyx,4,observed,
ashby,opal,opal,https://jobs.ashbyhq.com/opal,https://api.ashbyhq.com/posting-api/job-board/opal,20,observed,
ashby,Opal-OS,Opal-OS,https://jobs.ashbyhq.com/Opal-OS,https://api.ashbyhq.com/posting-api/job-board/Opal-OS,1,observed,
ashby,openai,openai,https://jobs.ashbyhq.com/openai,https://api.ashbyhq.com/posting-api/job-board/openai,766,observed,
ashby,openevidence,openevidence,https://jobs.ashbyhq.com/openevidence,https://api.ashbyhq.com/posting-api/job-board/openevidence,7,observed,
ashby,opengov,opengov,https://jobs.ashbyhq.com/opengov,https://api.ashbyhq.com/posting-api/job-board/opengov,45,observed,
ashby,OpenHands,OpenHands,https://jobs.ashbyhq.com/OpenHands,https://api.ashbyhq.com/posting-api/job-board/OpenHands,2,observed,
ashby,openhomefoundation,openhomefoundation,https://jobs.ashbyhq.com/openhomefoundation,https://api.ashbyhq.com/posting-api/job-board/openhomefoundation,2,observed,
ashby,openloophealth,openloophealth,https://jobs.ashbyhq.com/openloophealth,https://api.ashbyhq.com/posting-api/job-board/openloophealth,48,observed,
ashby,openlooppartners,openlooppartners,https://jobs.ashbyhq.com/openlooppartners,https://api.ashbyhq.com/posting-api/job-board/openlooppartners,9,observed,
ashby,openmind,openmind,https://jobs.ashbyhq.com/openmind,https://api.ashbyhq.com/posting-api/job-board/openmind,5,observed,
ashby,openrouter,openrouter,https://jobs.ashbyhq.com/openrouter,https://api.ashbyhq.com/posting-api/job-board/openrouter,23,observed,
ashby,OpenSea,OpenSea,https://jobs.ashbyhq.com/OpenSea,https://api.ashbyhq.com/posting-api/job-board/OpenSea,2,observed,
ashby,oplabs,oplabs,https://jobs.ashbyhq.com/oplabs,https://api.ashbyhq.com/posting-api/job-board/oplabs,7,observed,
ashby,optimum,optimum,https://jobs.ashbyhq.com/optimum,https://api.ashbyhq.com/posting-api/job-board/optimum,1,observed,
ashby,optro,optro,https://jobs.ashbyhq.com/optro,https://api.ashbyhq.com/posting-api/job-board/optro,26,observed,
ashby,opus-training,opus-training,https://jobs.ashbyhq.com/opus-training,https://api.ashbyhq.com/posting-api/job-board/opus-training,5,observed,
ashby,Opus1,Opus1,https://jobs.ashbyhq.com/Opus1,https://api.ashbyhq.com/posting-api/job-board/Opus1,2,observed,
ashby,opusclip,opusclip,https://jobs.ashbyhq.com/opusclip,https://api.ashbyhq.com/posting-api/job-board/opusclip,10,observed,
ashby,orb,orb,https://jobs.ashbyhq.com/orb,https://api.ashbyhq.com/posting-api/job-board/orb,23,observed,
ashby,orbit,orbit,https://jobs.ashbyhq.com/orbit,https://api.ashbyhq.com/posting-api/job-board/orbit,2,observed,
ashby,orbital,orbital,https://jobs.ashbyhq.com/orbital,https://api.ashbyhq.com/posting-api/job-board/orbital,26,observed,
ashby,orbitalindustries,orbitalindustries,https://jobs.ashbyhq.com/orbitalindustries,https://api.ashbyhq.com/posting-api/job-board/orbitalindustries,7,observed,
ashby,orca,orca,https://jobs.ashbyhq.com/orca,https://api.ashbyhq.com/posting-api/job-board/orca,1,observed,
ashby,orchard,orchard,https://jobs.ashbyhq.com/orchard,https://api.ashbyhq.com/posting-api/job-board/orchard,25,observed,
ashby,originhq,originhq,https://jobs.ashbyhq.com/originhq,https://api.ashbyhq.com/posting-api/job-board/originhq,9,observed,
ashby,oscilar,oscilar,https://jobs.ashbyhq.com/oscilar,https://api.ashbyhq.com/posting-api/job-board/oscilar,24,observed,
ashby,osmo,osmo,https://jobs.ashbyhq.com/osmo,https://api.ashbyhq.com/posting-api/job-board/osmo,15,observed,
ashby,Oso,Oso,https://jobs.ashbyhq.com/Oso,https://api.ashbyhq.com/posting-api/job-board/Oso,7,observed,
ashby,oumi,oumi,https://jobs.ashbyhq.com/oumi,https://api.ashbyhq.com/posting-api/job-board/oumi,3,observed,
ashby,outersignal,outersignal,https://jobs.ashbyhq.com/outersignal,https://api.ashbyhq.com/posting-api/job-board/outersignal,6,observed,
ashby,outmarket,outmarket,https://jobs.ashbyhq.com/outmarket,https://api.ashbyhq.com/posting-api/job-board/outmarket,22,observed,
ashby,outpostnow,outpostnow,https://jobs.ashbyhq.com/outpostnow,https://api.ashbyhq.com/posting-api/job-board/outpostnow,24,observed,
ashby,outro-health,outro-health,https://jobs.ashbyhq.com/outro-health,https://api.ashbyhq.com/posting-api/job-board/outro-health,5,observed,
ashby,outset,outset,https://jobs.ashbyhq.com/outset,https://api.ashbyhq.com/posting-api/job-board/outset,16,observed,
ashby,outtake,outtake,https://jobs.ashbyhq.com/outtake,https://api.ashbyhq.com/posting-api/job-board/outtake,12,observed,
ashby,overflow,overflow,https://jobs.ashbyhq.com/overflow,https://api.ashbyhq.com/posting-api/job-board/overflow,10,observed,
ashby,overjet,overjet,https://jobs.ashbyhq.com/overjet,https://api.ashbyhq.com/posting-api/job-board/overjet,22,observed,
ashby,overtone,overtone,https://jobs.ashbyhq.com/overtone,https://api.ashbyhq.com/posting-api/job-board/overtone,1,observed,
ashby,overviewenergy,overviewenergy,https://jobs.ashbyhq.com/overviewenergy,https://api.ashbyhq.com/posting-api/job-board/overviewenergy,2,observed,
ashby,owkin,owkin,https://jobs.ashbyhq.com/owkin,https://api.ashbyhq.com/posting-api/job-board/owkin,5,observed,
ashby,owner,owner,https://jobs.ashbyhq.com/owner,https://api.ashbyhq.com/posting-api/job-board/owner,51,observed,
ashby,oxio,oxio,https://jobs.ashbyhq.com/oxio,https://api.ashbyhq.com/posting-api/job-board/oxio,15,observed,
ashby,oxman,oxman,https://jobs.ashbyhq.com/oxman,https://api.ashbyhq.com/posting-api/job-board/oxman,12,observed,
ashby,oyster,oyster,https://jobs.ashbyhq.com/oyster,https://api.ashbyhq.com/posting-api/job-board/oyster,23,observed,
ashby,p2p.org,p2p.org,https://jobs.ashbyhq.com/p2p.org,https://api.ashbyhq.com/posting-api/job-board/p2p.org,4,observed,
ashby,pactfi,pactfi,https://jobs.ashbyhq.com/pactfi,https://api.ashbyhq.com/posting-api/job-board/pactfi,11,observed,
ashby,paddle,paddle,https://jobs.ashbyhq.com/paddle,https://api.ashbyhq.com/posting-api/job-board/paddle,19,observed,
ashby,padlet,padlet,https://jobs.ashbyhq.com/padlet,https://api.ashbyhq.com/posting-api/job-board/padlet,18,observed,
ashby,paid,paid,https://jobs.ashbyhq.com/paid,https://api.ashbyhq.com/posting-api/job-board/paid,2,observed,
ashby,paireyewear,paireyewear,https://jobs.ashbyhq.com/paireyewear,https://api.ashbyhq.com/posting-api/job-board/paireyewear,10,observed,
ashby,pallon.com,pallon.com,https://jobs.ashbyhq.com/pallon.com,https://api.ashbyhq.com/posting-api/job-board/pallon.com,2,observed,
ashby,pangramlabs,pangramlabs,https://jobs.ashbyhq.com/pangramlabs,https://api.ashbyhq.com/posting-api/job-board/pangramlabs,6,observed,
ashby,pano-ai,pano-ai,https://jobs.ashbyhq.com/pano-ai,https://api.ashbyhq.com/posting-api/job-board/pano-ai,14,observed,
ashby,panoptyc,panoptyc,https://jobs.ashbyhq.com/panoptyc,https://api.ashbyhq.com/posting-api/job-board/panoptyc,6,observed,
ashby,parabola-io,parabola-io,https://jobs.ashbyhq.com/parabola-io,https://api.ashbyhq.com/posting-api/job-board/parabola-io,3,observed,
ashby,paradigm,paradigm,https://jobs.ashbyhq.com/paradigm,https://api.ashbyhq.com/posting-api/job-board/paradigm,6,observed,
ashby,paradox,paradox,https://jobs.ashbyhq.com/paradox,https://api.ashbyhq.com/posting-api/job-board/paradox,7,observed,
ashby,parafin,parafin,https://jobs.ashbyhq.com/parafin,https://api.ashbyhq.com/posting-api/job-board/parafin,21,observed,
ashby,paraform,paraform,https://jobs.ashbyhq.com/paraform,https://api.ashbyhq.com/posting-api/job-board/paraform,26,observed,
ashby,parallel,parallel,https://jobs.ashbyhq.com/parallel,https://api.ashbyhq.com/posting-api/job-board/parallel,19,observed,
ashby,parallel-bio,parallel-bio,https://jobs.ashbyhq.com/parallel-bio,https://api.ashbyhq.com/posting-api/job-board/parallel-bio,3,observed,
ashby,parasail,parasail,https://jobs.ashbyhq.com/parasail,https://api.ashbyhq.com/posting-api/job-board/parasail,8,observed,
ashby,pareto-ai,pareto-ai,https://jobs.ashbyhq.com/pareto-ai,https://api.ashbyhq.com/posting-api/job-board/pareto-ai,3,observed,
ashby,parity,parity,https://jobs.ashbyhq.com/parity,https://api.ashbyhq.com/posting-api/job-board/parity,5,observed,
ashby,pariveda,pariveda,https://jobs.ashbyhq.com/pariveda,https://api.ashbyhq.com/posting-api/job-board/pariveda,26,observed,
ashby,parkade,parkade,https://jobs.ashbyhq.com/parkade,https://api.ashbyhq.com/posting-api/job-board/parkade,4,observed,
ashby,parker,parker,https://jobs.ashbyhq.com/parker,https://api.ashbyhq.com/posting-api/job-board/parker,13,observed,
ashby,parspec,parspec,https://jobs.ashbyhq.com/parspec,https://api.ashbyhq.com/posting-api/job-board/parspec,5,observed,
ashby,partiful,partiful,https://jobs.ashbyhq.com/partiful,https://api.ashbyhq.com/posting-api/job-board/partiful,12,observed,
ashby,partly.com,partly.com,https://jobs.ashbyhq.com/partly.com,https://api.ashbyhq.com/posting-api/job-board/partly.com,41,observed,
ashby,partsbase,partsbase,https://jobs.ashbyhq.com/partsbase,https://api.ashbyhq.com/posting-api/job-board/partsbase,12,observed,
ashby,partyhat,partyhat,https://jobs.ashbyhq.com/partyhat,https://api.ashbyhq.com/posting-api/job-board/partyhat,21,observed,
ashby,passage,passage,https://jobs.ashbyhq.com/passage,https://api.ashbyhq.com/posting-api/job-board/passage,16,observed,
ashby,passes,passes,https://jobs.ashbyhq.com/passes,https://api.ashbyhq.com/posting-api/job-board/passes,1,observed,
ashby,passport,passport,https://jobs.ashbyhq.com/passport,https://api.ashbyhq.com/posting-api/job-board/passport,7,observed,
ashby,patch.io,patch.io,https://jobs.ashbyhq.com/patch.io,https://api.ashbyhq.com/posting-api/job-board/patch.io,13,observed,
ashby,patlytics,patlytics,https://jobs.ashbyhq.com/patlytics,https://api.ashbyhq.com/posting-api/job-board/patlytics,14,observed,
ashby,patreon,patreon,https://jobs.ashbyhq.com/patreon,https://api.ashbyhq.com/posting-api/job-board/patreon,9,observed,
ashby,patrianna,patrianna,https://jobs.ashbyhq.com/patrianna,https://api.ashbyhq.com/posting-api/job-board/patrianna,32,observed,
ashby,pavebank,pavebank,https://jobs.ashbyhq.com/pavebank,https://api.ashbyhq.com/posting-api/job-board/pavebank,20,observed,
ashby,paxos,paxos,https://jobs.ashbyhq.com/paxos,https://api.ashbyhq.com/posting-api/job-board/paxos,13,observed,
ashby,paxoslabs,paxoslabs,https://jobs.ashbyhq.com/paxoslabs,https://api.ashbyhq.com/posting-api/job-board/paxoslabs,7,observed,
ashby,payabli,payabli,https://jobs.ashbyhq.com/payabli,https://api.ashbyhq.com/posting-api/job-board/payabli,10,observed,
ashby,payrails,payrails,https://jobs.ashbyhq.com/payrails,https://api.ashbyhq.com/posting-api/job-board/payrails,2,observed,
ashby,payscale,payscale,https://jobs.ashbyhq.com/payscale,https://api.ashbyhq.com/posting-api/job-board/payscale,18,observed,
ashby,payzen-inc,payzen-inc,https://jobs.ashbyhq.com/payzen-inc,https://api.ashbyhq.com/posting-api/job-board/payzen-inc,8,observed,
ashby,pear-vc,pear-vc,https://jobs.ashbyhq.com/pear-vc,https://api.ashbyhq.com/posting-api/job-board/pear-vc,98,observed,
ashby,pearl,pearl,https://jobs.ashbyhq.com/pearl,https://api.ashbyhq.com/posting-api/job-board/pearl,7,observed,
ashby,pearlhealth,pearlhealth,https://jobs.ashbyhq.com/pearlhealth,https://api.ashbyhq.com/posting-api/job-board/pearlhealth,6,observed,
ashby,pearmill,pearmill,https://jobs.ashbyhq.com/pearmill,https://api.ashbyhq.com/posting-api/job-board/pearmill,5,observed,
ashby,pearpop,pearpop,https://jobs.ashbyhq.com/pearpop,https://api.ashbyhq.com/posting-api/job-board/pearpop,5,observed,
ashby,pebl,pebl,https://jobs.ashbyhq.com/pebl,https://api.ashbyhq.com/posting-api/job-board/pebl,39,observed,
ashby,peec,peec,https://jobs.ashbyhq.com/peec,https://api.ashbyhq.com/posting-api/job-board/peec,30,observed,
ashby,peek,peek,https://jobs.ashbyhq.com/peek,https://api.ashbyhq.com/posting-api/job-board/peek,14,observed,
ashby,pennylane,pennylane,https://jobs.ashbyhq.com/pennylane,https://api.ashbyhq.com/posting-api/job-board/pennylane,130,observed,
ashby,pensive,pensive,https://jobs.ashbyhq.com/pensive,https://api.ashbyhq.com/posting-api/job-board/pensive,4,observed,
ashby,percepta,percepta,https://jobs.ashbyhq.com/percepta,https://api.ashbyhq.com/posting-api/job-board/percepta,10,observed,
ashby,perchwell,perchwell,https://jobs.ashbyhq.com/perchwell,https://api.ashbyhq.com/posting-api/job-board/perchwell,4,observed,
ashby,percona,percona,https://jobs.ashbyhq.com/percona,https://api.ashbyhq.com/posting-api/job-board/percona,8,observed,
ashby,pergolux,pergolux,https://jobs.ashbyhq.com/pergolux,https://api.ashbyhq.com/posting-api/job-board/pergolux,16,observed,
ashby,periodic-labs,periodic-labs,https://jobs.ashbyhq.com/periodic-labs,https://api.ashbyhq.com/posting-api/job-board/periodic-labs,28,observed,
ashby,perk,perk,https://jobs.ashbyhq.com/perk,https://api.ashbyhq.com/posting-api/job-board/perk,137,observed,
ashby,permitflow,permitflow,https://jobs.ashbyhq.com/permitflow,https://api.ashbyhq.com/posting-api/job-board/permitflow,41,observed,
ashby,permutive,permutive,https://jobs.ashbyhq.com/permutive,https://api.ashbyhq.com/posting-api/job-board/permutive,5,observed,
ashby,perplexity,perplexity,https://jobs.ashbyhq.com/perplexity,https://api.ashbyhq.com/posting-api/job-board/perplexity,100,observed,
ashby,persona,persona,https://jobs.ashbyhq.com/persona,https://api.ashbyhq.com/posting-api/job-board/persona,16,observed,
ashby,phantom,phantom,https://jobs.ashbyhq.com/phantom,https://api.ashbyhq.com/posting-api/job-board/phantom,16,observed,
ashby,phasebiolabs,phasebiolabs,https://jobs.ashbyhq.com/phasebiolabs,https://api.ashbyhq.com/posting-api/job-board/phasebiolabs,1,observed,
ashby,phia,phia,https://jobs.ashbyhq.com/phia,https://api.ashbyhq.com/posting-api/job-board/phia,1,observed,
ashby,phil,phil,https://jobs.ashbyhq.com/phil,https://api.ashbyhq.com/posting-api/job-board/phil,24,observed,
ashby,Phinitylabs,Phinitylabs,https://jobs.ashbyhq.com/Phinitylabs,https://api.ashbyhq.com/posting-api/job-board/Phinitylabs,3,observed,
ashby,phlair,phlair,https://jobs.ashbyhq.com/phlair,https://api.ashbyhq.com/posting-api/job-board/phlair,4,observed,
ashby,phoebe-work,phoebe-work,https://jobs.ashbyhq.com/phoebe-work,https://api.ashbyhq.com/posting-api/job-board/phoebe-work,10,observed,
ashby,phoenix,phoenix,https://jobs.ashbyhq.com/phoenix,https://api.ashbyhq.com/posting-api/job-board/phoenix,8,observed,
ashby,phonely,phonely,https://jobs.ashbyhq.com/phonely,https://api.ashbyhq.com/posting-api/job-board/phonely,18,observed,
ashby,phonic,phonic,https://jobs.ashbyhq.com/phonic,https://api.ashbyhq.com/posting-api/job-board/phonic,7,observed,
ashby,photoroom,photoroom,https://jobs.ashbyhq.com/photoroom,https://api.ashbyhq.com/posting-api/job-board/photoroom,15,observed,
ashby,physicalintelligence,physicalintelligence,https://jobs.ashbyhq.com/physicalintelligence,https://api.ashbyhq.com/posting-api/job-board/physicalintelligence,31,observed,
ashby,picogrid,picogrid,https://jobs.ashbyhq.com/picogrid,https://api.ashbyhq.com/posting-api/job-board/picogrid,22,observed,
ashby,pika,pika,https://jobs.ashbyhq.com/pika,https://api.ashbyhq.com/posting-api/job-board/pika,10,observed,
ashby,pilot-fiber,pilot-fiber,https://jobs.ashbyhq.com/pilot-fiber,https://api.ashbyhq.com/posting-api/job-board/pilot-fiber,8,observed,
ashby,pinecone,pinecone,https://jobs.ashbyhq.com/pinecone,https://api.ashbyhq.com/posting-api/job-board/pinecone,6,observed,
ashby,pingo,pingo,https://jobs.ashbyhq.com/pingo,https://api.ashbyhq.com/posting-api/job-board/pingo,1,observed,
ashby,pivot,pivot,https://jobs.ashbyhq.com/pivot,https://api.ashbyhq.com/posting-api/job-board/pivot,6,observed,
ashby,pivotal-health,pivotal-health,https://jobs.ashbyhq.com/pivotal-health,https://api.ashbyhq.com/posting-api/job-board/pivotal-health,29,observed,
ashby,pivotrobotics,pivotrobotics,https://jobs.ashbyhq.com/pivotrobotics,https://api.ashbyhq.com/posting-api/job-board/pivotrobotics,5,observed,
ashby,plaid,plaid,https://jobs.ashbyhq.com/plaid,https://api.ashbyhq.com/posting-api/job-board/plaid,104,observed,
ashby,plain,plain,https://jobs.ashbyhq.com/plain,https://api.ashbyhq.com/posting-api/job-board/plain,11,observed,
ashby,plane,plane,https://jobs.ashbyhq.com/plane,https://api.ashbyhq.com/posting-api/job-board/plane,31,observed,
ashby,planera,planera,https://jobs.ashbyhq.com/planera,https://api.ashbyhq.com/posting-api/job-board/planera,11,observed,
ashby,plasiv,plasiv,https://jobs.ashbyhq.com/plasiv,https://api.ashbyhq.com/posting-api/job-board/plasiv,1,observed,
ashby,plasmidsaurus,plasmidsaurus,https://jobs.ashbyhq.com/plasmidsaurus,https://api.ashbyhq.com/posting-api/job-board/plasmidsaurus,18,observed,
ashby,platformed,platformed,https://jobs.ashbyhq.com/platformed,https://api.ashbyhq.com/posting-api/job-board/platformed,1,observed,
ashby,plaud,plaud,https://jobs.ashbyhq.com/plaud,https://api.ashbyhq.com/posting-api/job-board/plaud,64,observed,
ashby,Playbook,Playbook,https://jobs.ashbyhq.com/Playbook,https://api.ashbyhq.com/posting-api/job-board/Playbook,3,observed,
ashby,playground,playground,https://jobs.ashbyhq.com/playground,https://api.ashbyhq.com/posting-api/job-board/playground,12,observed,
ashby,Playlab,Playlab,https://jobs.ashbyhq.com/Playlab,https://api.ashbyhq.com/posting-api/job-board/Playlab,8,observed,
ashby,playpowerlabs,playpowerlabs,https://jobs.ashbyhq.com/playpowerlabs,https://api.ashbyhq.com/posting-api/job-board/playpowerlabs,2,observed,
ashby,playson,playson,https://jobs.ashbyhq.com/playson,https://api.ashbyhq.com/posting-api/job-board/playson,26,observed,
ashby,pleo,pleo,https://jobs.ashbyhq.com/pleo,https://api.ashbyhq.com/posting-api/job-board/pleo,37,observed,
ashby,pliant,pliant,https://jobs.ashbyhq.com/pliant,https://api.ashbyhq.com/posting-api/job-board/pliant,39,observed,
ashby,plinth,plinth,https://jobs.ashbyhq.com/plinth,https://api.ashbyhq.com/posting-api/job-board/plinth,4,observed,
ashby,plot,plot,https://jobs.ashbyhq.com/plot,https://api.ashbyhq.com/posting-api/job-board/plot,4,observed,
ashby,plot-pointe,plot-pointe,https://jobs.ashbyhq.com/plot-pointe,https://api.ashbyhq.com/posting-api/job-board/plot-pointe,2,observed,
ashby,plumerai,plumerai,https://jobs.ashbyhq.com/plumerai,https://api.ashbyhq.com/posting-api/job-board/plumerai,5,observed,
ashby,pluralfinance,pluralfinance,https://jobs.ashbyhq.com/pluralfinance,https://api.ashbyhq.com/posting-api/job-board/pluralfinance,2,observed,
ashby,pluralis-research,pluralis-research,https://jobs.ashbyhq.com/pluralis-research,https://api.ashbyhq.com/posting-api/job-board/pluralis-research,11,observed,
ashby,pluto-health,pluto-health,https://jobs.ashbyhq.com/pluto-health,https://api.ashbyhq.com/posting-api/job-board/pluto-health,2,observed,
ashby,pod-network,pod-network,https://jobs.ashbyhq.com/pod-network,https://api.ashbyhq.com/posting-api/job-board/pod-network,4,observed,
ashby,podium-automation,podium-automation,https://jobs.ashbyhq.com/podium-automation,https://api.ashbyhq.com/posting-api/job-board/podium-automation,8,observed,
ashby,poesis,poesis,https://jobs.ashbyhq.com/poesis,https://api.ashbyhq.com/posting-api/job-board/poesis,4,observed,
ashby,poetiq,poetiq,https://jobs.ashbyhq.com/poetiq,https://api.ashbyhq.com/posting-api/job-board/poetiq,2,observed,
ashby,pointfive,pointfive,https://jobs.ashbyhq.com/pointfive,https://api.ashbyhq.com/posting-api/job-board/pointfive,12,observed,
ashby,pointr,pointr,https://jobs.ashbyhq.com/pointr,https://api.ashbyhq.com/posting-api/job-board/pointr,10,observed,
ashby,polar,polar,https://jobs.ashbyhq.com/polar,https://api.ashbyhq.com/posting-api/job-board/polar,5,observed,
ashby,polaranalytics,polaranalytics,https://jobs.ashbyhq.com/polaranalytics,https://api.ashbyhq.com/posting-api/job-board/polaranalytics,5,observed,
ashby,Polarsteps,Polarsteps,https://jobs.ashbyhq.com/Polarsteps,https://api.ashbyhq.com/posting-api/job-board/Polarsteps,3,observed,
ashby,polygon-labs,polygon-labs,https://jobs.ashbyhq.com/polygon-labs,https://api.ashbyhq.com/posting-api/job-board/polygon-labs,3,observed,
ashby,polymarket,polymarket,https://jobs.ashbyhq.com/polymarket,https://api.ashbyhq.com/posting-api/job-board/polymarket,72,observed,
ashby,polymath,polymath,https://jobs.ashbyhq.com/polymath,https://api.ashbyhq.com/posting-api/job-board/polymath,5,observed,
ashby,poolside,poolside,https://jobs.ashbyhq.com/poolside,https://api.ashbyhq.com/posting-api/job-board/poolside,15,observed,
ashby,popl,popl,https://jobs.ashbyhq.com/popl,https://api.ashbyhq.com/posting-api/job-board/popl,5,observed,
ashby,poseidonaero,poseidonaero,https://jobs.ashbyhq.com/poseidonaero,https://api.ashbyhq.com/posting-api/job-board/poseidonaero,18,observed,
ashby,posh,posh,https://jobs.ashbyhq.com/posh,https://api.ashbyhq.com/posting-api/job-board/posh,13,observed,
ashby,posh-ai,posh-ai,https://jobs.ashbyhq.com/posh-ai,https://api.ashbyhq.com/posting-api/job-board/posh-ai,6,observed,
ashby,poshmark,poshmark,https://jobs.ashbyhq.com/poshmark,https://api.ashbyhq.com/posting-api/job-board/poshmark,29,observed,
ashby,positive-development,positive-development,https://jobs.ashbyhq.com/positive-development,https://api.ashbyhq.com/posting-api/job-board/positive-development,61,observed,
ashby,possible-finance,possible-finance,https://jobs.ashbyhq.com/possible-finance,https://api.ashbyhq.com/posting-api/job-board/possible-finance,6,observed,
ashby,post,post,https://jobs.ashbyhq.com/post,https://api.ashbyhq.com/posting-api/job-board/post,4,observed,
ashby,posthog,posthog,https://jobs.ashbyhq.com/posthog,https://api.ashbyhq.com/posting-api/job-board/posthog,11,observed,
ashby,powerlattice,powerlattice,https://jobs.ashbyhq.com/powerlattice,https://api.ashbyhq.com/posting-api/job-board/powerlattice,7,observed,
ashby,powerline,powerline,https://jobs.ashbyhq.com/powerline,https://api.ashbyhq.com/posting-api/job-board/powerline,5,observed,
ashby,powerus,powerus,https://jobs.ashbyhq.com/powerus,https://api.ashbyhq.com/posting-api/job-board/powerus,3,observed,
ashby,pplwise,pplwise,https://jobs.ashbyhq.com/pplwise,https://api.ashbyhq.com/posting-api/job-board/pplwise,12,observed,
ashby,pragmatike,pragmatike,https://jobs.ashbyhq.com/pragmatike,https://api.ashbyhq.com/posting-api/job-board/pragmatike,70,observed,
ashby,pravah,pravah,https://jobs.ashbyhq.com/pravah,https://api.ashbyhq.com/posting-api/job-board/pravah,6,observed,
ashby,prefect,prefect,https://jobs.ashbyhq.com/prefect,https://api.ashbyhq.com/posting-api/job-board/prefect,7,observed,
ashby,Preference-Model,Preference-Model,https://jobs.ashbyhq.com/Preference-Model,https://api.ashbyhq.com/posting-api/job-board/Preference-Model,7,observed,
ashby,Prelude,Prelude,https://jobs.ashbyhq.com/Prelude,https://api.ashbyhq.com/posting-api/job-board/Prelude,16,observed,
ashby,preply,preply,https://jobs.ashbyhq.com/preply,https://api.ashbyhq.com/posting-api/job-board/preply,118,observed,
ashby,prevail-fund,prevail-fund,https://jobs.ashbyhq.com/prevail-fund,https://api.ashbyhq.com/posting-api/job-board/prevail-fund,4,observed,
ashby,primary,primary,https://jobs.ashbyhq.com/primary,https://api.ashbyhq.com/posting-api/job-board/primary,2,observed,
ashby,primeintellect,primeintellect,https://jobs.ashbyhq.com/primeintellect,https://api.ashbyhq.com/posting-api/job-board/primeintellect,25,observed,
ashby,primer,primer,https://jobs.ashbyhq.com/primer,https://api.ashbyhq.com/posting-api/job-board/primer,19,observed,
ashby,primer.io,primer.io,https://jobs.ashbyhq.com/primer.io,https://api.ashbyhq.com/posting-api/job-board/primer.io,32,observed,
ashby,prior-labs,prior-labs,https://jobs.ashbyhq.com/prior-labs,https://api.ashbyhq.com/posting-api/job-board/prior-labs,20,observed,
ashby,probablygenetic,probablygenetic,https://jobs.ashbyhq.com/probablygenetic,https://api.ashbyhq.com/posting-api/job-board/probablygenetic,7,observed,
ashby,probook,probook,https://jobs.ashbyhq.com/probook,https://api.ashbyhq.com/posting-api/job-board/probook,14,observed,
ashby,procurementsciences,procurementsciences,https://jobs.ashbyhq.com/procurementsciences,https://api.ashbyhq.com/posting-api/job-board/procurementsciences,1,observed,
ashby,procurify,procurify,https://jobs.ashbyhq.com/procurify,https://api.ashbyhq.com/posting-api/job-board/procurify,7,observed,
ashby,profound,profound,https://jobs.ashbyhq.com/profound,https://api.ashbyhq.com/posting-api/job-board/profound,83,observed,
ashby,projectsbyif,projectsbyif,https://jobs.ashbyhq.com/projectsbyif,https://api.ashbyhq.com/posting-api/job-board/projectsbyif,1,observed,
ashby,prokeep,prokeep,https://jobs.ashbyhq.com/prokeep,https://api.ashbyhq.com/posting-api/job-board/prokeep,2,observed,
ashby,Promise,Promise,https://jobs.ashbyhq.com/Promise,https://api.ashbyhq.com/posting-api/job-board/Promise,15,observed,
ashby,promise-studios,promise-studios,https://jobs.ashbyhq.com/promise-studios,https://api.ashbyhq.com/posting-api/job-board/promise-studios,3,observed,
ashby,prompt,prompt,https://jobs.ashbyhq.com/prompt,https://api.ashbyhq.com/posting-api/job-board/prompt,44,observed,
ashby,propel,propel,https://jobs.ashbyhq.com/propel,https://api.ashbyhq.com/posting-api/job-board/propel,10,observed,
ashby,propelus,propelus,https://jobs.ashbyhq.com/propelus,https://api.ashbyhq.com/posting-api/job-board/propelus,3,observed,
ashby,prophet-security,prophet-security,https://jobs.ashbyhq.com/prophet-security,https://api.ashbyhq.com/posting-api/job-board/prophet-security,6,observed,
ashby,prorata,prorata,https://jobs.ashbyhq.com/prorata,https://api.ashbyhq.com/posting-api/job-board/prorata,9,observed,
ashby,prose,prose,https://jobs.ashbyhq.com/prose,https://api.ashbyhq.com/posting-api/job-board/prose,2,observed,
ashby,prosper-ai,prosper-ai,https://jobs.ashbyhq.com/prosper-ai,https://api.ashbyhq.com/posting-api/job-board/prosper-ai,11,observed,
ashby,protege,protege,https://jobs.ashbyhq.com/protege,https://api.ashbyhq.com/posting-api/job-board/protege,17,observed,
ashby,protegrity,protegrity,https://jobs.ashbyhq.com/protegrity,https://api.ashbyhq.com/posting-api/job-board/protegrity,10,observed,
ashby,proterahealth,proterahealth,https://jobs.ashbyhq.com/proterahealth,https://api.ashbyhq.com/posting-api/job-board/proterahealth,9,observed,
ashby,proto-town,proto-town,https://jobs.ashbyhq.com/proto-town,https://api.ashbyhq.com/posting-api/job-board/proto-town,7,observed,
ashby,protocol-cares,protocol-cares,https://jobs.ashbyhq.com/protocol-cares,https://api.ashbyhq.com/posting-api/job-board/protocol-cares,11,observed,
ashby,provable,provable,https://jobs.ashbyhq.com/provable,https://api.ashbyhq.com/posting-api/job-board/provable,3,observed,
ashby,proxima-fusion,proxima-fusion,https://jobs.ashbyhq.com/proxima-fusion,https://api.ashbyhq.com/posting-api/job-board/proxima-fusion,48,observed,
ashby,ProximaAI,ProximaAI,https://jobs.ashbyhq.com/ProximaAI,https://api.ashbyhq.com/posting-api/job-board/ProximaAI,1,observed,
ashby,pryzm,pryzm,https://jobs.ashbyhq.com/pryzm,https://api.ashbyhq.com/posting-api/job-board/pryzm,9,observed,
ashby,psi,psi,https://jobs.ashbyhq.com/psi,https://api.ashbyhq.com/posting-api/job-board/psi,17,observed,
ashby,publiccloudgroup,publiccloudgroup,https://jobs.ashbyhq.com/publiccloudgroup,https://api.ashbyhq.com/posting-api/job-board/publiccloudgroup,16,observed,
ashby,pulse,pulse,https://jobs.ashbyhq.com/pulse,https://api.ashbyhq.com/posting-api/job-board/pulse,9,observed,
ashby,pure,pure,https://jobs.ashbyhq.com/pure,https://api.ashbyhq.com/posting-api/job-board/pure,3,observed,
ashby,pursuit,pursuit,https://jobs.ashbyhq.com/pursuit,https://api.ashbyhq.com/posting-api/job-board/pursuit,1,observed,
ashby,puzzle.io,puzzle.io,https://jobs.ashbyhq.com/puzzle.io,https://api.ashbyhq.com/posting-api/job-board/puzzle.io,2,observed,
ashby,pylon,pylon,https://jobs.ashbyhq.com/pylon,https://api.ashbyhq.com/posting-api/job-board/pylon,12,observed,
ashby,pylon-labs,pylon-labs,https://jobs.ashbyhq.com/pylon-labs,https://api.ashbyhq.com/posting-api/job-board/pylon-labs,21,observed,
ashby,pytho-ai,pytho-ai,https://jobs.ashbyhq.com/pytho-ai,https://api.ashbyhq.com/posting-api/job-board/pytho-ai,1,observed,
ashby,qawolf,qawolf,https://jobs.ashbyhq.com/qawolf,https://api.ashbyhq.com/posting-api/job-board/qawolf,2,observed,
ashby,qdrant.tech,qdrant.tech,https://jobs.ashbyhq.com/qdrant.tech,https://api.ashbyhq.com/posting-api/job-board/qdrant.tech,11,observed,
ashby,qualified-health-pbc,qualified-health-pbc,https://jobs.ashbyhq.com/qualified-health-pbc,https://api.ashbyhq.com/posting-api/job-board/qualified-health-pbc,26,observed,
ashby,quanta,quanta,https://jobs.ashbyhq.com/quanta,https://api.ashbyhq.com/posting-api/job-board/quanta,7,observed,
ashby,quantum,quantum,https://jobs.ashbyhq.com/quantum,https://api.ashbyhq.com/posting-api/job-board/quantum,11,observed,
ashby,quantware,quantware,https://jobs.ashbyhq.com/quantware,https://api.ashbyhq.com/posting-api/job-board/quantware,26,observed,
ashby,quarks-tech,quarks-tech,https://jobs.ashbyhq.com/quarks-tech,https://api.ashbyhq.com/posting-api/job-board/quarks-tech,7,observed,
ashby,quartermaster,quartermaster,https://jobs.ashbyhq.com/quartermaster,https://api.ashbyhq.com/posting-api/job-board/quartermaster,15,observed,
ashby,quilter,quilter,https://jobs.ashbyhq.com/quilter,https://api.ashbyhq.com/posting-api/job-board/quilter,5,observed,
ashby,quora,quora,https://jobs.ashbyhq.com/quora,https://api.ashbyhq.com/posting-api/job-board/quora,6,observed,
ashby,quorum,quorum,https://jobs.ashbyhq.com/quorum,https://api.ashbyhq.com/posting-api/job-board/quorum,6,observed,
ashby,quotewell,quotewell,https://jobs.ashbyhq.com/quotewell,https://api.ashbyhq.com/posting-api/job-board/quotewell,4,observed,
ashby,radai,radai,https://jobs.ashbyhq.com/radai,https://api.ashbyhq.com/posting-api/job-board/radai,16,observed,
ashby,radar,radar,https://jobs.ashbyhq.com/radar,https://api.ashbyhq.com/posting-api/job-board/radar,19,observed,
ashby,radiant,radiant,https://jobs.ashbyhq.com/radiant,https://api.ashbyhq.com/posting-api/job-board/radiant,30,observed,
ashby,radiant-industries,radiant-industries,https://jobs.ashbyhq.com/radiant-industries,https://api.ashbyhq.com/posting-api/job-board/radiant-industries,93,observed,
ashby,raiku,raiku,https://jobs.ashbyhq.com/raiku,https://api.ashbyhq.com/posting-api/job-board/raiku,2,observed,
ashby,railway,railway,https://jobs.ashbyhq.com/railway,https://api.ashbyhq.com/posting-api/job-board/railway,8,observed,
ashby,rain,rain,https://jobs.ashbyhq.com/rain,https://api.ashbyhq.com/posting-api/job-board/rain,46,observed,
ashby,rain-technologies,rain-technologies,https://jobs.ashbyhq.com/rain-technologies,https://api.ashbyhq.com/posting-api/job-board/rain-technologies,11,observed,
ashby,rainforest-pay,rainforest-pay,https://jobs.ashbyhq.com/rainforest-pay,https://api.ashbyhq.com/posting-api/job-board/rainforest-pay,4,observed,
ashby,rainmaker,rainmaker,https://jobs.ashbyhq.com/rainmaker,https://api.ashbyhq.com/posting-api/job-board/rainmaker,22,observed,
ashby,ramp,ramp,https://jobs.ashbyhq.com/ramp,https://api.ashbyhq.com/posting-api/job-board/ramp,140,observed,
ashby,range,range,https://jobs.ashbyhq.com/range,https://api.ashbyhq.com/posting-api/job-board/range,56,observed,
ashby,rapdev,rapdev,https://jobs.ashbyhq.com/rapdev,https://api.ashbyhq.com/posting-api/job-board/rapdev,5,observed,
ashby,rarecandy,rarecandy,https://jobs.ashbyhq.com/rarecandy,https://api.ashbyhq.com/posting-api/job-board/rarecandy,3,observed,
ashby,rasa,rasa,https://jobs.ashbyhq.com/rasa,https://api.ashbyhq.com/posting-api/job-board/rasa,3,observed,
ashby,ravenna,ravenna,https://jobs.ashbyhq.com/ravenna,https://api.ashbyhq.com/posting-api/job-board/ravenna,8,observed,
ashby,ravio,ravio,https://jobs.ashbyhq.com/ravio,https://api.ashbyhq.com/posting-api/job-board/ravio,3,observed,
ashby,raylu-ai,raylu-ai,https://jobs.ashbyhq.com/raylu-ai,https://api.ashbyhq.com/posting-api/job-board/raylu-ai,6,observed,
ashby,read-ai,read-ai,https://jobs.ashbyhq.com/read-ai,https://api.ashbyhq.com/posting-api/job-board/read-ai,16,observed,
ashby,readme,readme,https://jobs.ashbyhq.com/readme,https://api.ashbyhq.com/posting-api/job-board/readme,1,observed,
ashby,ready,ready,https://jobs.ashbyhq.com/ready,https://api.ashbyhq.com/posting-api/job-board/ready,7,observed,
ashby,real,real,https://jobs.ashbyhq.com/real,https://api.ashbyhq.com/posting-api/job-board/real,8,observed,
ashby,realfast,realfast,https://jobs.ashbyhq.com/realfast,https://api.ashbyhq.com/posting-api/job-board/realfast,2,observed,
ashby,realitydefender,realitydefender,https://jobs.ashbyhq.com/realitydefender,https://api.ashbyhq.com/posting-api/job-board/realitydefender,6,observed,
ashby,realmalliance,realmalliance,https://jobs.ashbyhq.com/realmalliance,https://api.ashbyhq.com/posting-api/job-board/realmalliance,11,observed,
ashby,Rebecca-School,Rebecca-School,https://jobs.ashbyhq.com/Rebecca-School,https://api.ashbyhq.com/posting-api/job-board/Rebecca-School,10,observed,
ashby,rebel-space-technologies,rebel-space-technologies,https://jobs.ashbyhq.com/rebel-space-technologies,https://api.ashbyhq.com/posting-api/job-board/rebel-space-technologies,1,observed,
ashby,rebuy,rebuy,https://jobs.ashbyhq.com/rebuy,https://api.ashbyhq.com/posting-api/job-board/rebuy,1,observed,
ashby,recharge,recharge,https://jobs.ashbyhq.com/recharge,https://api.ashbyhq.com/posting-api/job-board/recharge,6,observed,
ashby,recraft,recraft,https://jobs.ashbyhq.com/recraft,https://api.ashbyhq.com/posting-api/job-board/recraft,2,observed,
ashby,red-gate,red-gate,https://jobs.ashbyhq.com/red-gate,https://api.ashbyhq.com/posting-api/job-board/red-gate,14,observed,
ashby,red6,red6,https://jobs.ashbyhq.com/red6,https://api.ashbyhq.com/posting-api/job-board/red6,12,observed,
ashby,redmetals,redmetals,https://jobs.ashbyhq.com/redmetals,https://api.ashbyhq.com/posting-api/job-board/redmetals,4,observed,
ashby,redpine,redpine,https://jobs.ashbyhq.com/redpine,https://api.ashbyhq.com/posting-api/job-board/redpine,7,observed,
ashby,reducto,reducto,https://jobs.ashbyhq.com/reducto,https://api.ashbyhq.com/posting-api/job-board/reducto,41,observed,
ashby,reedsy,reedsy,https://jobs.ashbyhq.com/reedsy,https://api.ashbyhq.com/posting-api/job-board/reedsy,15,observed,
ashby,reevo,reevo,https://jobs.ashbyhq.com/reevo,https://api.ashbyhq.com/posting-api/job-board/reevo,21,observed,
ashby,reflect-orbital,reflect-orbital,https://jobs.ashbyhq.com/reflect-orbital,https://api.ashbyhq.com/posting-api/job-board/reflect-orbital,19,observed,
ashby,reflectionai,reflectionai,https://jobs.ashbyhq.com/reflectionai,https://api.ashbyhq.com/posting-api/job-board/reflectionai,53,observed,
ashby,ReflexRobotics,ReflexRobotics,https://jobs.ashbyhq.com/ReflexRobotics,https://api.ashbyhq.com/posting-api/job-board/ReflexRobotics,6,observed,
ashby,reflow,reflow,https://jobs.ashbyhq.com/reflow,https://api.ashbyhq.com/posting-api/job-board/reflow,18,observed,
ashby,reframesystems,reframesystems,https://jobs.ashbyhq.com/reframesystems,https://api.ashbyhq.com/posting-api/job-board/reframesystems,44,observed,
ashby,regent,regent,https://jobs.ashbyhq.com/regent,https://api.ashbyhq.com/posting-api/job-board/regent,9,observed,
ashby,rehire,rehire,https://jobs.ashbyhq.com/rehire,https://api.ashbyhq.com/posting-api/job-board/rehire,79,observed,
ashby,reinforce-labs-inc,reinforce-labs-inc,https://jobs.ashbyhq.com/reinforce-labs-inc,https://api.ashbyhq.com/posting-api/job-board/reinforce-labs-inc,1,observed,
ashby,reka,reka,https://jobs.ashbyhq.com/reka,https://api.ashbyhq.com/posting-api/job-board/reka,9,observed,
ashby,relace,relace,https://jobs.ashbyhq.com/relace,https://api.ashbyhq.com/posting-api/job-board/relace,6,observed,
ashby,relationrx,relationrx,https://jobs.ashbyhq.com/relationrx,https://api.ashbyhq.com/posting-api/job-board/relationrx,19,observed,
ashby,relay,relay,https://jobs.ashbyhq.com/relay,https://api.ashbyhq.com/posting-api/job-board/relay,28,observed,
ashby,relayfi,relayfi,https://jobs.ashbyhq.com/relayfi,https://api.ashbyhq.com/posting-api/job-board/relayfi,39,observed,
ashby,relevanceai,relevanceai,https://jobs.ashbyhq.com/relevanceai,https://api.ashbyhq.com/posting-api/job-board/relevanceai,11,observed,
ashby,reliable-robotics,reliable-robotics,https://jobs.ashbyhq.com/reliable-robotics,https://api.ashbyhq.com/posting-api/job-board/reliable-robotics,51,observed,
ashby,remarcable-inc,remarcable-inc,https://jobs.ashbyhq.com/remarcable-inc,https://api.ashbyhq.com/posting-api/job-board/remarcable-inc,13,observed,
ashby,remberg,remberg,https://jobs.ashbyhq.com/remberg,https://api.ashbyhq.com/posting-api/job-board/remberg,5,observed,
ashby,remedyrobotics,remedyrobotics,https://jobs.ashbyhq.com/remedyrobotics,https://api.ashbyhq.com/posting-api/job-board/remedyrobotics,10,observed,
ashby,remilia,remilia,https://jobs.ashbyhq.com/remilia,https://api.ashbyhq.com/posting-api/job-board/remilia,7,observed,
ashby,render,render,https://jobs.ashbyhq.com/render,https://api.ashbyhq.com/posting-api/job-board/render,34,observed,
ashby,rennscotmfg,rennscotmfg,https://jobs.ashbyhq.com/rennscotmfg,https://api.ashbyhq.com/posting-api/job-board/rennscotmfg,9,observed,
ashby,rentana-io,rentana-io,https://jobs.ashbyhq.com/rentana-io,https://api.ashbyhq.com/posting-api/job-board/rentana-io,2,observed,
ashby,renuity,renuity,https://jobs.ashbyhq.com/renuity,https://api.ashbyhq.com/posting-api/job-board/renuity,441,observed,
ashby,reonic,reonic,https://jobs.ashbyhq.com/reonic,https://api.ashbyhq.com/posting-api/job-board/reonic,33,observed,
ashby,repeatbuilders,repeatbuilders,https://jobs.ashbyhq.com/repeatbuilders,https://api.ashbyhq.com/posting-api/job-board/repeatbuilders,1,observed,
ashby,Replicant,Replicant,https://jobs.ashbyhq.com/Replicant,https://api.ashbyhq.com/posting-api/job-board/Replicant,6,observed,
ashby,replimune,replimune,https://jobs.ashbyhq.com/replimune,https://api.ashbyhq.com/posting-api/job-board/replimune,51,observed,
ashby,replit,replit,https://jobs.ashbyhq.com/replit,https://api.ashbyhq.com/posting-api/job-board/replit,74,observed,
ashby,replo,replo,https://jobs.ashbyhq.com/replo,https://api.ashbyhq.com/posting-api/job-board/replo,2,observed,
ashby,rerun,rerun,https://jobs.ashbyhq.com/rerun,https://api.ashbyhq.com/posting-api/job-board/rerun,6,observed,
ashby,rescale,rescale,https://jobs.ashbyhq.com/rescale,https://api.ashbyhq.com/posting-api/job-board/rescale,21,observed,
ashby,resend,resend,https://jobs.ashbyhq.com/resend,https://api.ashbyhq.com/posting-api/job-board/resend,11,observed,
ashby,reserve,reserve,https://jobs.ashbyhq.com/reserve,https://api.ashbyhq.com/posting-api/job-board/reserve,1,observed,
ashby,resolution,resolution,https://jobs.ashbyhq.com/resolution,https://api.ashbyhq.com/posting-api/job-board/resolution,4,observed,
ashby,reson8,reson8,https://jobs.ashbyhq.com/reson8,https://api.ashbyhq.com/posting-api/job-board/reson8,1,observed,
ashby,resorcer.com,resorcer.com,https://jobs.ashbyhq.com/resorcer.com,https://api.ashbyhq.com/posting-api/job-board/resorcer.com,9,observed,
ashby,resq,resq,https://jobs.ashbyhq.com/resq,https://api.ashbyhq.com/posting-api/job-board/resq,3,observed,
ashby,restate,restate,https://jobs.ashbyhq.com/restate,https://api.ashbyhq.com/posting-api/job-board/restate,5,observed,
ashby,restream,restream,https://jobs.ashbyhq.com/restream,https://api.ashbyhq.com/posting-api/job-board/restream,8,observed,
ashby,retell-ai,retell-ai,https://jobs.ashbyhq.com/retell-ai,https://api.ashbyhq.com/posting-api/job-board/retell-ai,35,observed,
ashby,rev,rev,https://jobs.ashbyhq.com/rev,https://api.ashbyhq.com/posting-api/job-board/rev,2,observed,
ashby,revenuebase-inc,revenuebase-inc,https://jobs.ashbyhq.com/revenuebase-inc,https://api.ashbyhq.com/posting-api/job-board/revenuebase-inc,6,observed,
ashby,revenuecat,revenuecat,https://jobs.ashbyhq.com/revenuecat,https://api.ashbyhq.com/posting-api/job-board/revenuecat,19,observed,
ashby,RevenueVessel,RevenueVessel,https://jobs.ashbyhq.com/RevenueVessel,https://api.ashbyhq.com/posting-api/job-board/RevenueVessel,1,observed,
ashby,revic,revic,https://jobs.ashbyhq.com/revic,https://api.ashbyhq.com/posting-api/job-board/revic,6,observed,
ashby,revive,revive,https://jobs.ashbyhq.com/revive,https://api.ashbyhq.com/posting-api/job-board/revive,1,observed,
ashby,rewind,rewind,https://jobs.ashbyhq.com/rewind,https://api.ashbyhq.com/posting-api/job-board/rewind,2,observed,
ashby,rewst,rewst,https://jobs.ashbyhq.com/rewst,https://api.ashbyhq.com/posting-api/job-board/rewst,2,observed,
ashby,rho,rho,https://jobs.ashbyhq.com/rho,https://api.ashbyhq.com/posting-api/job-board/rho,41,observed,
ashby,rhoda-ai,rhoda-ai,https://jobs.ashbyhq.com/rhoda-ai,https://api.ashbyhq.com/posting-api/job-board/rhoda-ai,53,observed,
ashby,Rhythms,Rhythms,https://jobs.ashbyhq.com/Rhythms,https://api.ashbyhq.com/posting-api/job-board/Rhythms,2,observed,
ashby,Ridealso,Ridealso,https://jobs.ashbyhq.com/Ridealso,https://api.ashbyhq.com/posting-api/job-board/Ridealso,42,observed,
ashby,rilla,rilla,https://jobs.ashbyhq.com/rilla,https://api.ashbyhq.com/posting-api/job-board/rilla,32,observed,
ashby,rillet,rillet,https://jobs.ashbyhq.com/rillet,https://api.ashbyhq.com/posting-api/job-board/rillet,25,observed,
ashby,risklabs,risklabs,https://jobs.ashbyhq.com/risklabs,https://api.ashbyhq.com/posting-api/job-board/risklabs,1,observed,
ashby,river,river,https://jobs.ashbyhq.com/river,https://api.ashbyhq.com/posting-api/job-board/river,1,observed,
ashby,River-Rock-Academy,River-Rock-Academy,https://jobs.ashbyhq.com/River-Rock-Academy,https://api.ashbyhq.com/posting-api/job-board/River-Rock-Academy,13,observed,
ashby,riveron,riveron,https://jobs.ashbyhq.com/riveron,https://api.ashbyhq.com/posting-api/job-board/riveron,70,observed,
ashby,rivianvw.tech,rivianvw.tech,https://jobs.ashbyhq.com/rivianvw.tech,https://api.ashbyhq.com/posting-api/job-board/rivianvw.tech,114,observed,
ashby,rnrs.solutions,rnrs.solutions,https://jobs.ashbyhq.com/rnrs.solutions,https://api.ashbyhq.com/posting-api/job-board/rnrs.solutions,10,observed,
ashby,Roadrunner,Roadrunner,https://jobs.ashbyhq.com/Roadrunner,https://api.ashbyhq.com/posting-api/job-board/Roadrunner,9,observed,
ashby,roadsurfer.com,roadsurfer.com,https://jobs.ashbyhq.com/roadsurfer.com,https://api.ashbyhq.com/posting-api/job-board/roadsurfer.com,141,observed,
ashby,robin-radar,robin-radar,https://jobs.ashbyhq.com/robin-radar,https://api.ashbyhq.com/posting-api/job-board/robin-radar,28,observed,
ashby,roboflow,roboflow,https://jobs.ashbyhq.com/roboflow,https://api.ashbyhq.com/posting-api/job-board/roboflow,27,observed,
ashby,rocketsciencegg,rocketsciencegg,https://jobs.ashbyhq.com/rocketsciencegg,https://api.ashbyhq.com/posting-api/job-board/rocketsciencegg,10,observed,
ashby,rogo,rogo,https://jobs.ashbyhq.com/rogo,https://api.ashbyhq.com/posting-api/job-board/rogo,77,observed,
ashby,rohlik,rohlik,https://jobs.ashbyhq.com/rohlik,https://api.ashbyhq.com/posting-api/job-board/rohlik,83,observed,
ashby,roompricegenie,roompricegenie,https://jobs.ashbyhq.com/roompricegenie,https://api.ashbyhq.com/posting-api/job-board/roompricegenie,1,observed,
ashby,root-access,root-access,https://jobs.ashbyhq.com/root-access,https://api.ashbyhq.com/posting-api/job-board/root-access,3,observed,
ashby,rootglobal,rootglobal,https://jobs.ashbyhq.com/rootglobal,https://api.ashbyhq.com/posting-api/job-board/rootglobal,2,observed,
ashby,rossum.ai,rossum.ai,https://jobs.ashbyhq.com/rossum.ai,https://api.ashbyhq.com/posting-api/job-board/rossum.ai,4,observed,
ashby,rothys,rothys,https://jobs.ashbyhq.com/rothys,https://api.ashbyhq.com/posting-api/job-board/rothys,72,observed,
ashby,rowspace,rowspace,https://jobs.ashbyhq.com/rowspace,https://api.ashbyhq.com/posting-api/job-board/rowspace,17,observed,
ashby,Rox-Data-Corp,Rox-Data-Corp,https://jobs.ashbyhq.com/Rox-Data-Corp,https://api.ashbyhq.com/posting-api/job-board/Rox-Data-Corp,23,observed,
ashby,rubiconmd,rubiconmd,https://jobs.ashbyhq.com/rubiconmd,https://api.ashbyhq.com/posting-api/job-board/rubiconmd,1,observed,
ashby,ruby-labs,ruby-labs,https://jobs.ashbyhq.com/ruby-labs,https://api.ashbyhq.com/posting-api/job-board/ruby-labs,38,observed,
ashby,rula,rula,https://jobs.ashbyhq.com/rula,https://api.ashbyhq.com/posting-api/job-board/rula,44,observed,
ashby,rundoo,rundoo,https://jobs.ashbyhq.com/rundoo,https://api.ashbyhq.com/posting-api/job-board/rundoo,13,observed,
ashby,runlayer,runlayer,https://jobs.ashbyhq.com/runlayer,https://api.ashbyhq.com/posting-api/job-board/runlayer,17,observed,
ashby,runpod,runpod,https://jobs.ashbyhq.com/runpod,https://api.ashbyhq.com/posting-api/job-board/runpod,20,observed,
ashby,runsybil-jobs,runsybil-jobs,https://jobs.ashbyhq.com/runsybil-jobs,https://api.ashbyhq.com/posting-api/job-board/runsybil-jobs,9,observed,
ashby,runway,runway,https://jobs.ashbyhq.com/runway,https://api.ashbyhq.com/posting-api/job-board/runway,4,observed,
ashby,runway-ml,runway-ml,https://jobs.ashbyhq.com/runway-ml,https://api.ashbyhq.com/posting-api/job-board/runway-ml,42,observed,
ashby,rutter,rutter,https://jobs.ashbyhq.com/rutter,https://api.ashbyhq.com/posting-api/job-board/rutter,1,observed,
ashby,rwa.xyz,rwa.xyz,https://jobs.ashbyhq.com/rwa.xyz,https://api.ashbyhq.com/posting-api/job-board/rwa.xyz,2,observed,
ashby,rwazi,rwazi,https://jobs.ashbyhq.com/rwazi,https://api.ashbyhq.com/posting-api/job-board/rwazi,25,observed,
ashby,sabi,sabi,https://jobs.ashbyhq.com/sabi,https://api.ashbyhq.com/posting-api/job-board/sabi,9,observed,
ashby,sable,sable,https://jobs.ashbyhq.com/sable,https://api.ashbyhq.com/posting-api/job-board/sable,6,observed,
ashby,safelease,safelease,https://jobs.ashbyhq.com/safelease,https://api.ashbyhq.com/posting-api/job-board/safelease,15,observed,
ashby,safetykit,safetykit,https://jobs.ashbyhq.com/safetykit,https://api.ashbyhq.com/posting-api/job-board/safetykit,9,observed,
ashby,sagetap,sagetap,https://jobs.ashbyhq.com/sagetap,https://api.ashbyhq.com/posting-api/job-board/sagetap,1,observed,
ashby,Sahara,Sahara,https://jobs.ashbyhq.com/Sahara,https://api.ashbyhq.com/posting-api/job-board/Sahara,3,observed,
ashby,sail,sail,https://jobs.ashbyhq.com/sail,https://api.ashbyhq.com/posting-api/job-board/sail,5,observed,
ashby,sailorhealth,sailorhealth,https://jobs.ashbyhq.com/sailorhealth,https://api.ashbyhq.com/posting-api/job-board/sailorhealth,155,observed,
ashby,sailpeak,sailpeak,https://jobs.ashbyhq.com/sailpeak,https://api.ashbyhq.com/posting-api/job-board/sailpeak,6,observed,
ashby,salesape-ai,salesape-ai,https://jobs.ashbyhq.com/salesape-ai,https://api.ashbyhq.com/posting-api/job-board/salesape-ai,5,observed,
ashby,salient,salient,https://jobs.ashbyhq.com/salient,https://api.ashbyhq.com/posting-api/job-board/salient,12,observed,
ashby,salma-health,salma-health,https://jobs.ashbyhq.com/salma-health,https://api.ashbyhq.com/posting-api/job-board/salma-health,16,observed,
ashby,salmon-group,salmon-group,https://jobs.ashbyhq.com/salmon-group,https://api.ashbyhq.com/posting-api/job-board/salmon-group,124,observed,
ashby,salonkee,salonkee,https://jobs.ashbyhq.com/salonkee,https://api.ashbyhq.com/posting-api/job-board/salonkee,53,observed,
ashby,sana-roles,sana-roles,https://jobs.ashbyhq.com/sana-roles,https://api.ashbyhq.com/posting-api/job-board/sana-roles,31,observed,
ashby,sandbar,sandbar,https://jobs.ashbyhq.com/sandbar,https://api.ashbyhq.com/posting-api/job-board/sandbar,13,observed,
ashby,sandboxaq,sandboxaq,https://jobs.ashbyhq.com/sandboxaq,https://api.ashbyhq.com/posting-api/job-board/sandboxaq,28,observed,
ashby,sanity,sanity,https://jobs.ashbyhq.com/sanity,https://api.ashbyhq.com/posting-api/job-board/sanity,27,observed,
ashby,sardine,sardine,https://jobs.ashbyhq.com/sardine,https://api.ashbyhq.com/posting-api/job-board/sardine,37,observed,
ashby,saris-ai,saris-ai,https://jobs.ashbyhq.com/saris-ai,https://api.ashbyhq.com/posting-api/job-board/saris-ai,3,observed,
ashby,saronic,saronic,https://jobs.ashbyhq.com/saronic,https://api.ashbyhq.com/posting-api/job-board/saronic,226,observed,
ashby,sarvam,sarvam,https://jobs.ashbyhq.com/sarvam,https://api.ashbyhq.com/posting-api/job-board/sarvam,59,observed,
ashby,satispay,satispay,https://jobs.ashbyhq.com/satispay,https://api.ashbyhq.com/posting-api/job-board/satispay,80,observed,
ashby,satoshilabs,satoshilabs,https://jobs.ashbyhq.com/satoshilabs,https://api.ashbyhq.com/posting-api/job-board/satoshilabs,5,observed,
ashby,sauna.ai,sauna.ai,https://jobs.ashbyhq.com/sauna.ai,https://api.ashbyhq.com/posting-api/job-board/sauna.ai,10,observed,
ashby,savvy,savvy,https://jobs.ashbyhq.com/savvy,https://api.ashbyhq.com/posting-api/job-board/savvy,25,observed,
ashby,sazabi,sazabi,https://jobs.ashbyhq.com/sazabi,https://api.ashbyhq.com/posting-api/job-board/sazabi,8,observed,
ashby,scalar,scalar,https://jobs.ashbyhq.com/scalar,https://api.ashbyhq.com/posting-api/job-board/scalar,5,observed,
ashby,scalemath,scalemath,https://jobs.ashbyhq.com/scalemath,https://api.ashbyhq.com/posting-api/job-board/scalemath,4,observed,
ashby,scan-com,scan-com,https://jobs.ashbyhq.com/scan-com,https://api.ashbyhq.com/posting-api/job-board/scan-com,13,observed,
ashby,scarlet,scarlet,https://jobs.ashbyhq.com/scarlet,https://api.ashbyhq.com/posting-api/job-board/scarlet,14,observed,
ashby,scientech-research,scientech-research,https://jobs.ashbyhq.com/scientech-research,https://api.ashbyhq.com/posting-api/job-board/scientech-research,18,observed,
ashby,scoreplay,scoreplay,https://jobs.ashbyhq.com/scoreplay,https://api.ashbyhq.com/posting-api/job-board/scoreplay,4,observed,
ashby,scorewarrior,scorewarrior,https://jobs.ashbyhq.com/scorewarrior,https://api.ashbyhq.com/posting-api/job-board/scorewarrior,26,observed,
ashby,ScribdInc,ScribdInc,https://jobs.ashbyhq.com/ScribdInc,https://api.ashbyhq.com/posting-api/job-board/ScribdInc,17,observed,
ashby,scribe,scribe,https://jobs.ashbyhq.com/scribe,https://api.ashbyhq.com/posting-api/job-board/scribe,37,observed,
ashby,scrunch,scrunch,https://jobs.ashbyhq.com/scrunch,https://api.ashbyhq.com/posting-api/job-board/scrunch,14,observed,
ashby,se3,se3,https://jobs.ashbyhq.com/se3,https://api.ashbyhq.com/posting-api/job-board/se3,13,observed,
ashby,sea12,sea12,https://jobs.ashbyhq.com/sea12,https://api.ashbyhq.com/posting-api/job-board/sea12,4,observed,
ashby,seamflow,seamflow,https://jobs.ashbyhq.com/seamflow,https://api.ashbyhq.com/posting-api/job-board/seamflow,7,observed,
ashby,searchable,searchable,https://jobs.ashbyhq.com/searchable,https://api.ashbyhq.com/posting-api/job-board/searchable,10,observed,
ashby,SearchApi,SearchApi,https://jobs.ashbyhq.com/SearchApi,https://api.ashbyhq.com/posting-api/job-board/SearchApi,12,observed,
ashby,searchstax,searchstax,https://jobs.ashbyhq.com/searchstax,https://api.ashbyhq.com/posting-api/job-board/searchstax,3,observed,
ashby,seccl,seccl,https://jobs.ashbyhq.com/seccl,https://api.ashbyhq.com/posting-api/job-board/seccl,12,observed,
ashby,secfix,secfix,https://jobs.ashbyhq.com/secfix,https://api.ashbyhq.com/posting-api/job-board/secfix,16,observed,
ashby,Second-Front-Systems,Second-Front-Systems,https://jobs.ashbyhq.com/Second-Front-Systems,https://api.ashbyhq.com/posting-api/job-board/Second-Front-Systems,16,observed,
ashby,second-nature,second-nature,https://jobs.ashbyhq.com/second-nature,https://api.ashbyhq.com/posting-api/job-board/second-nature,10,observed,
ashby,seconddinner,seconddinner,https://jobs.ashbyhq.com/seconddinner,https://api.ashbyhq.com/posting-api/job-board/seconddinner,1,observed,
ashby,secureframe,secureframe,https://jobs.ashbyhq.com/secureframe,https://api.ashbyhq.com/posting-api/job-board/secureframe,14,observed,
ashby,security-level-5,security-level-5,https://jobs.ashbyhq.com/security-level-5,https://api.ashbyhq.com/posting-api/job-board/security-level-5,14,observed,
ashby,sei-labs,sei-labs,https://jobs.ashbyhq.com/sei-labs,https://api.ashbyhq.com/posting-api/job-board/sei-labs,7,observed,
ashby,seifoundation,seifoundation,https://jobs.ashbyhq.com/seifoundation,https://api.ashbyhq.com/posting-api/job-board/seifoundation,3,observed,
ashby,sema4.ai,sema4.ai,https://jobs.ashbyhq.com/sema4.ai,https://api.ashbyhq.com/posting-api/job-board/sema4.ai,5,observed,
ashby,semgrep,semgrep,https://jobs.ashbyhq.com/semgrep,https://api.ashbyhq.com/posting-api/job-board/semgrep,10,observed,
ashby,semperis,semperis,https://jobs.ashbyhq.com/semperis,https://api.ashbyhq.com/posting-api/job-board/semperis,23,observed,
ashby,seneca,seneca,https://jobs.ashbyhq.com/seneca,https://api.ashbyhq.com/posting-api/job-board/seneca,6,observed,
ashby,sent,sent,https://jobs.ashbyhq.com/sent,https://api.ashbyhq.com/posting-api/job-board/sent,14,observed,
ashby,sentient,sentient,https://jobs.ashbyhq.com/sentient,https://api.ashbyhq.com/posting-api/job-board/sentient,2,observed,
ashby,sentient-foundation,sentient-foundation,https://jobs.ashbyhq.com/sentient-foundation,https://api.ashbyhq.com/posting-api/job-board/sentient-foundation,2,observed,
ashby,sentilink,sentilink,https://jobs.ashbyhq.com/sentilink,https://api.ashbyhq.com/posting-api/job-board/sentilink,56,observed,
ashby,sentra,sentra,https://jobs.ashbyhq.com/sentra,https://api.ashbyhq.com/posting-api/job-board/sentra,3,observed,
ashby,Sentradel,Sentradel,https://jobs.ashbyhq.com/Sentradel,https://api.ashbyhq.com/posting-api/job-board/Sentradel,7,observed,
ashby,sentry,sentry,https://jobs.ashbyhq.com/sentry,https://api.ashbyhq.com/posting-api/job-board/sentry,39,observed,
ashby,seon,seon,https://jobs.ashbyhq.com/seon,https://api.ashbyhq.com/posting-api/job-board/seon,5,observed,
ashby,seqera.io,seqera.io,https://jobs.ashbyhq.com/seqera.io,https://api.ashbyhq.com/posting-api/job-board/seqera.io,4,observed,
ashby,sequence,sequence,https://jobs.ashbyhq.com/sequence,https://api.ashbyhq.com/posting-api/job-board/sequence,13,observed,
ashby,sequoia,sequoia,https://jobs.ashbyhq.com/sequoia,https://api.ashbyhq.com/posting-api/job-board/sequoia,14,observed,
ashby,sereact,sereact,https://jobs.ashbyhq.com/sereact,https://api.ashbyhq.com/posting-api/job-board/sereact,45,observed,
ashby,Serval,Serval,https://jobs.ashbyhq.com/Serval,https://api.ashbyhq.com/posting-api/job-board/Serval,42,observed,
ashby,serverobotics,serverobotics,https://jobs.ashbyhq.com/serverobotics,https://api.ashbyhq.com/posting-api/job-board/serverobotics,42,observed,
ashby,sesame,sesame,https://jobs.ashbyhq.com/sesame,https://api.ashbyhq.com/posting-api/job-board/sesame,26,observed,
ashby,sevenai,sevenai,https://jobs.ashbyhq.com/sevenai,https://api.ashbyhq.com/posting-api/job-board/sevenai,31,observed,
ashby,seyna,seyna,https://jobs.ashbyhq.com/seyna,https://api.ashbyhq.com/posting-api/job-board/seyna,13,observed,
ashby,sfcompute,sfcompute,https://jobs.ashbyhq.com/sfcompute,https://api.ashbyhq.com/posting-api/job-board/sfcompute,7,observed,
ashby,sfg20,sfg20,https://jobs.ashbyhq.com/sfg20,https://api.ashbyhq.com/posting-api/job-board/sfg20,5,observed,
ashby,shapes,shapes,https://jobs.ashbyhq.com/shapes,https://api.ashbyhq.com/posting-api/job-board/shapes,6,observed,
ashby,shapr3d,shapr3d,https://jobs.ashbyhq.com/shapr3d,https://api.ashbyhq.com/posting-api/job-board/shapr3d,4,observed,
ashby,sharedcontextlab,sharedcontextlab,https://jobs.ashbyhq.com/sharedcontextlab,https://api.ashbyhq.com/posting-api/job-board/sharedcontextlab,1,observed,
ashby,Shasqi,Shasqi,https://jobs.ashbyhq.com/Shasqi,https://api.ashbyhq.com/posting-api/job-board/Shasqi,1,observed,
ashby,shepherd,shepherd,https://jobs.ashbyhq.com/shepherd,https://api.ashbyhq.com/posting-api/job-board/shepherd,18,observed,
ashby,shield-ai,shield-ai,https://jobs.ashbyhq.com/shield-ai,https://api.ashbyhq.com/posting-api/job-board/shield-ai,438,observed,
ashby,shift,shift,https://jobs.ashbyhq.com/shift,https://api.ashbyhq.com/posting-api/job-board/shift,15,observed,
ashby,shiftkey,shiftkey,https://jobs.ashbyhq.com/shiftkey,https://api.ashbyhq.com/posting-api/job-board/shiftkey,8,observed,
ashby,shiftsmart,shiftsmart,https://jobs.ashbyhq.com/shiftsmart,https://api.ashbyhq.com/posting-api/job-board/shiftsmart,7,observed,
ashby,shook,shook,https://jobs.ashbyhq.com/shook,https://api.ashbyhq.com/posting-api/job-board/shook,4,observed,
ashby,ShortStory,ShortStory,https://jobs.ashbyhq.com/ShortStory,https://api.ashbyhq.com/posting-api/job-board/ShortStory,18,observed,
ashby,sibill,sibill,https://jobs.ashbyhq.com/sibill,https://api.ashbyhq.com/posting-api/job-board/sibill,10,observed,
ashby,siena,siena,https://jobs.ashbyhq.com/siena,https://api.ashbyhq.com/posting-api/job-board/siena,17,observed,
ashby,sierra,sierra,https://jobs.ashbyhq.com/sierra,https://api.ashbyhq.com/posting-api/job-board/sierra,190,observed,
ashby,sierra-studio,sierra-studio,https://jobs.ashbyhq.com/sierra-studio,https://api.ashbyhq.com/posting-api/job-board/sierra-studio,11,observed,
ashby,sift,sift,https://jobs.ashbyhq.com/sift,https://api.ashbyhq.com/posting-api/job-board/sift,8,observed,
ashby,siftstack,siftstack,https://jobs.ashbyhq.com/siftstack,https://api.ashbyhq.com/posting-api/job-board/siftstack,44,observed,
ashby,siftwell-analytics,siftwell-analytics,https://jobs.ashbyhq.com/siftwell-analytics,https://api.ashbyhq.com/posting-api/job-board/siftwell-analytics,2,observed,
ashby,signal-ai,signal-ai,https://jobs.ashbyhq.com/signal-ai,https://api.ashbyhq.com/posting-api/job-board/signal-ai,4,observed,
ashby,SigNoz,SigNoz,https://jobs.ashbyhq.com/SigNoz,https://api.ashbyhq.com/posting-api/job-board/SigNoz,16,observed,
ashby,sigp,sigp,https://jobs.ashbyhq.com/sigp,https://api.ashbyhq.com/posting-api/job-board/sigp,1,observed,
ashby,silnahealth.com,silnahealth.com,https://jobs.ashbyhq.com/silnahealth.com,https://api.ashbyhq.com/posting-api/job-board/silnahealth.com,10,observed,
ashby,silver,silver,https://jobs.ashbyhq.com/silver,https://api.ashbyhq.com/posting-api/job-board/silver,45,observed,
ashby,simple-ai,simple-ai,https://jobs.ashbyhq.com/simple-ai,https://api.ashbyhq.com/posting-api/job-board/simple-ai,8,observed,
ashby,simpleclosure,simpleclosure,https://jobs.ashbyhq.com/simpleclosure,https://api.ashbyhq.com/posting-api/job-board/simpleclosure,13,observed,
ashby,simular,simular,https://jobs.ashbyhq.com/simular,https://api.ashbyhq.com/posting-api/job-board/simular,22,observed,
ashby,singular,singular,https://jobs.ashbyhq.com/singular,https://api.ashbyhq.com/posting-api/job-board/singular,18,observed,
ashby,sintra,sintra,https://jobs.ashbyhq.com/sintra,https://api.ashbyhq.com/posting-api/job-board/sintra,10,observed,
ashby,siro,siro,https://jobs.ashbyhq.com/siro,https://api.ashbyhq.com/posting-api/job-board/siro,11,observed,
ashby,sitemate,sitemate,https://jobs.ashbyhq.com/sitemate,https://api.ashbyhq.com/posting-api/job-board/sitemate,7,observed,
ashby,siteminder,siteminder,https://jobs.ashbyhq.com/siteminder,https://api.ashbyhq.com/posting-api/job-board/siteminder,41,observed,
ashby,skelar,skelar,https://jobs.ashbyhq.com/skelar,https://api.ashbyhq.com/posting-api/job-board/skelar,134,observed,
ashby,skip-loans,skip-loans,https://jobs.ashbyhq.com/skip-loans,https://api.ashbyhq.com/posting-api/job-board/skip-loans,2,observed,
ashby,skydio,skydio,https://jobs.ashbyhq.com/skydio,https://api.ashbyhq.com/posting-api/job-board/skydio,127,observed,
ashby,Skydropx,Skydropx,https://jobs.ashbyhq.com/Skydropx,https://api.ashbyhq.com/posting-api/job-board/Skydropx,31,observed,
ashby,skyflow,skyflow,https://jobs.ashbyhq.com/skyflow,https://api.ashbyhq.com/posting-api/job-board/skyflow,9,observed,
ashby,skylo,skylo,https://jobs.ashbyhq.com/skylo,https://api.ashbyhq.com/posting-api/job-board/skylo,53,observed,
ashby,skymavis,skymavis,https://jobs.ashbyhq.com/skymavis,https://api.ashbyhq.com/posting-api/job-board/skymavis,6,observed,
ashby,skywatch,skywatch,https://jobs.ashbyhq.com/skywatch,https://api.ashbyhq.com/posting-api/job-board/skywatch,3,observed,
ashby,slant,slant,https://jobs.ashbyhq.com/slant,https://api.ashbyhq.com/posting-api/job-board/slant,6,observed,
ashby,slash-financial,slash-financial,https://jobs.ashbyhq.com/slash-financial,https://api.ashbyhq.com/posting-api/job-board/slash-financial,18,observed,
ashby,slate,slate,https://jobs.ashbyhq.com/slate,https://api.ashbyhq.com/posting-api/job-board/slate,3,observed,
ashby,sleeper,sleeper,https://jobs.ashbyhq.com/sleeper,https://api.ashbyhq.com/posting-api/job-board/sleeper,13,observed,
ashby,SlingshotAI,SlingshotAI,https://jobs.ashbyhq.com/SlingshotAI,https://api.ashbyhq.com/posting-api/job-board/SlingshotAI,5,observed,
ashby,slope,slope,https://jobs.ashbyhq.com/slope,https://api.ashbyhq.com/posting-api/job-board/slope,1,observed,
ashby,small-door-veterinary,small-door-veterinary,https://jobs.ashbyhq.com/small-door-veterinary,https://api.ashbyhq.com/posting-api/job-board/small-door-veterinary,67,observed,
ashby,smallpdf,smallpdf,https://jobs.ashbyhq.com/smallpdf,https://api.ashbyhq.com/posting-api/job-board/smallpdf,2,observed,
ashby,smalls,smalls,https://jobs.ashbyhq.com/smalls,https://api.ashbyhq.com/posting-api/job-board/smalls,5,observed,
ashby,smarkets,smarkets,https://jobs.ashbyhq.com/smarkets,https://api.ashbyhq.com/posting-api/job-board/smarkets,8,observed,
ashby,snapdocs,snapdocs,https://jobs.ashbyhq.com/snapdocs,https://api.ashbyhq.com/posting-api/job-board/snapdocs,6,observed,
ashby,snowball,snowball,https://jobs.ashbyhq.com/snowball,https://api.ashbyhq.com/posting-api/job-board/snowball,11,observed,
ashby,Snowflake,Snowflake,https://jobs.ashbyhq.com/Snowflake,https://api.ashbyhq.com/posting-api/job-board/Snowflake,389,observed,
ashby,sobek-ai,sobek-ai,https://jobs.ashbyhq.com/sobek-ai,https://api.ashbyhq.com/posting-api/job-board/sobek-ai,1,observed,
ashby,socket,socket,https://jobs.ashbyhq.com/socket,https://api.ashbyhq.com/posting-api/job-board/socket,23,observed,
ashby,socure,socure,https://jobs.ashbyhq.com/socure,https://api.ashbyhq.com/posting-api/job-board/socure,99,observed,
ashby,sofarocean,sofarocean,https://jobs.ashbyhq.com/sofarocean,https://api.ashbyhq.com/posting-api/job-board/sofarocean,8,observed,
ashby,sol,sol,https://jobs.ashbyhq.com/sol,https://api.ashbyhq.com/posting-api/job-board/sol,2,observed,
ashby,sola,sola,https://jobs.ashbyhq.com/sola,https://api.ashbyhq.com/posting-api/job-board/sola,5,observed,
ashby,sola-insurance,sola-insurance,https://jobs.ashbyhq.com/sola-insurance,https://api.ashbyhq.com/posting-api/job-board/sola-insurance,4,observed,
ashby,solace,solace,https://jobs.ashbyhq.com/solace,https://api.ashbyhq.com/posting-api/job-board/solace,16,observed,
ashby,solanalabs,solanalabs,https://jobs.ashbyhq.com/solanalabs,https://api.ashbyhq.com/posting-api/job-board/solanalabs,2,observed,
ashby,solcoa,solcoa,https://jobs.ashbyhq.com/solcoa,https://api.ashbyhq.com/posting-api/job-board/solcoa,11,observed,
ashby,solidroad,solidroad,https://jobs.ashbyhq.com/solidroad,https://api.ashbyhq.com/posting-api/job-board/solidroad,8,observed,
ashby,solink,solink,https://jobs.ashbyhq.com/solink,https://api.ashbyhq.com/posting-api/job-board/solink,17,observed,
ashby,solstice,solstice,https://jobs.ashbyhq.com/solstice,https://api.ashbyhq.com/posting-api/job-board/solstice,16,observed,
ashby,solva,solva,https://jobs.ashbyhq.com/solva,https://api.ashbyhq.com/posting-api/job-board/solva,2,observed,
ashby,Solvd,Solvd,https://jobs.ashbyhq.com/Solvd,https://api.ashbyhq.com/posting-api/job-board/Solvd,26,observed,
ashby,solveintelligence,solveintelligence,https://jobs.ashbyhq.com/solveintelligence,https://api.ashbyhq.com/posting-api/job-board/solveintelligence,15,observed,
ashby,somethings,somethings,https://jobs.ashbyhq.com/somethings,https://api.ashbyhq.com/posting-api/job-board/somethings,7,observed,
ashby,somnia,somnia,https://jobs.ashbyhq.com/somnia,https://api.ashbyhq.com/posting-api/job-board/somnia,8,observed,
ashby,sona,sona,https://jobs.ashbyhq.com/sona,https://api.ashbyhq.com/posting-api/job-board/sona,12,observed,
ashby,sonio,sonio,https://jobs.ashbyhq.com/sonio,https://api.ashbyhq.com/posting-api/job-board/sonio,6,observed,
ashby,sorare,sorare,https://jobs.ashbyhq.com/sorare,https://api.ashbyhq.com/posting-api/job-board/sorare,4,observed,
ashby,sosafe,sosafe,https://jobs.ashbyhq.com/sosafe,https://api.ashbyhq.com/posting-api/job-board/sosafe,25,observed,
ashby,soterinsure,soterinsure,https://jobs.ashbyhq.com/soterinsure,https://api.ashbyhq.com/posting-api/job-board/soterinsure,1,observed,
ashby,sound.xyz,sound.xyz,https://jobs.ashbyhq.com/sound.xyz,https://api.ashbyhq.com/posting-api/job-board/sound.xyz,2,observed,
ashby,sourgum,sourgum,https://jobs.ashbyhq.com/sourgum,https://api.ashbyhq.com/posting-api/job-board/sourgum,15,observed,
ashby,southgeeks,southgeeks,https://jobs.ashbyhq.com/southgeeks,https://api.ashbyhq.com/posting-api/job-board/southgeeks,9,observed,
ashby,sovra,sovra,https://jobs.ashbyhq.com/sovra,https://api.ashbyhq.com/posting-api/job-board/sovra,8,observed,
ashby,spade,spade,https://jobs.ashbyhq.com/spade,https://api.ashbyhq.com/posting-api/job-board/spade,7,observed,
ashby,spaice-tech,spaice-tech,https://jobs.ashbyhq.com/spaice-tech,https://api.ashbyhq.com/posting-api/job-board/spaice-tech,1,observed,
ashby,spaitial,spaitial,https://jobs.ashbyhq.com/spaitial,https://api.ashbyhq.com/posting-api/job-board/spaitial,9,observed,
ashby,span,span,https://jobs.ashbyhq.com/span,https://api.ashbyhq.com/posting-api/job-board/span,36,observed,
ashby,span.app,span.app,https://jobs.ashbyhq.com/span.app,https://api.ashbyhq.com/posting-api/job-board/span.app,7,observed,
ashby,spara,spara,https://jobs.ashbyhq.com/spara,https://api.ashbyhq.com/posting-api/job-board/spara,2,observed,
ashby,spare,spare,https://jobs.ashbyhq.com/spare,https://api.ashbyhq.com/posting-api/job-board/spare,3,observed,
ashby,sparrow,sparrow,https://jobs.ashbyhq.com/sparrow,https://api.ashbyhq.com/posting-api/job-board/sparrow,11,observed,
ashby,speak,speak,https://jobs.ashbyhq.com/speak,https://api.ashbyhq.com/posting-api/job-board/speak,39,observed,
ashby,speakeasy,speakeasy,https://jobs.ashbyhq.com/speakeasy,https://api.ashbyhq.com/posting-api/job-board/speakeasy,5,observed,
ashby,spear-ai,spear-ai,https://jobs.ashbyhq.com/spear-ai,https://api.ashbyhq.com/posting-api/job-board/spear-ai,21,observed,
ashby,spearbio,spearbio,https://jobs.ashbyhq.com/spearbio,https://api.ashbyhq.com/posting-api/job-board/spearbio,12,observed,
ashby,speckle,speckle,https://jobs.ashbyhq.com/speckle,https://api.ashbyhq.com/posting-api/job-board/speckle,3,observed,
ashby,specright,specright,https://jobs.ashbyhq.com/specright,https://api.ashbyhq.com/posting-api/job-board/specright,11,observed,
ashby,specter,specter,https://jobs.ashbyhq.com/specter,https://api.ashbyhq.com/posting-api/job-board/specter,34,observed,
ashby,spekit,spekit,https://jobs.ashbyhq.com/spekit,https://api.ashbyhq.com/posting-api/job-board/spekit,1,observed,
ashby,spellbrush,spellbrush,https://jobs.ashbyhq.com/spellbrush,https://api.ashbyhq.com/posting-api/job-board/spellbrush,11,observed,
ashby,sphere,sphere,https://jobs.ashbyhq.com/sphere,https://api.ashbyhq.com/posting-api/job-board/sphere,16,observed,
ashby,spherecast,spherecast,https://jobs.ashbyhq.com/spherecast,https://api.ashbyhq.com/posting-api/job-board/spherecast,1,observed,
ashby,sphinx,sphinx,https://jobs.ashbyhq.com/sphinx,https://api.ashbyhq.com/posting-api/job-board/sphinx,8,observed,
ashby,spiral,spiral,https://jobs.ashbyhq.com/spiral,https://api.ashbyhq.com/posting-api/job-board/spiral,4,observed,
ashby,spoton,spoton,https://jobs.ashbyhq.com/spoton,https://api.ashbyhq.com/posting-api/job-board/spoton,85,observed,
ashby,sprig,sprig,https://jobs.ashbyhq.com/sprig,https://api.ashbyhq.com/posting-api/job-board/sprig,4,observed,
ashby,sprinter-health,sprinter-health,https://jobs.ashbyhq.com/sprinter-health,https://api.ashbyhq.com/posting-api/job-board/sprinter-health,95,observed,
ashby,spruce,spruce,https://jobs.ashbyhq.com/spruce,https://api.ashbyhq.com/posting-api/job-board/spruce,6,observed,
ashby,spruceid,spruceid,https://jobs.ashbyhq.com/spruceid,https://api.ashbyhq.com/posting-api/job-board/spruceid,5,observed,
ashby,squadai,squadai,https://jobs.ashbyhq.com/squadai,https://api.ashbyhq.com/posting-api/job-board/squadai,4,observed,
ashby,squadformers,squadformers,https://jobs.ashbyhq.com/squadformers,https://api.ashbyhq.com/posting-api/job-board/squadformers,3,observed,
ashby,squads,squads,https://jobs.ashbyhq.com/squads,https://api.ashbyhq.com/posting-api/job-board/squads,6,observed,
ashby,squint.ai,squint.ai,https://jobs.ashbyhq.com/squint.ai,https://api.ashbyhq.com/posting-api/job-board/squint.ai,11,observed,
ashby,st-labs,st-labs,https://jobs.ashbyhq.com/st-labs,https://api.ashbyhq.com/posting-api/job-board/st-labs,13,observed,
ashby,stable,stable,https://jobs.ashbyhq.com/stable,https://api.ashbyhq.com/posting-api/job-board/stable,6,observed,
ashby,stack-ai,stack-ai,https://jobs.ashbyhq.com/stack-ai,https://api.ashbyhq.com/posting-api/job-board/stack-ai,20,observed,
ashby,stacker,stacker,https://jobs.ashbyhq.com/stacker,https://api.ashbyhq.com/posting-api/job-board/stacker,4,observed,
ashby,stackone,stackone,https://jobs.ashbyhq.com/stackone,https://api.ashbyhq.com/posting-api/job-board/stackone,5,observed,
ashby,stacks,stacks,https://jobs.ashbyhq.com/stacks,https://api.ashbyhq.com/posting-api/job-board/stacks,7,observed,
ashby,Stand,Stand,https://jobs.ashbyhq.com/Stand,https://api.ashbyhq.com/posting-api/job-board/Stand,1,observed,
ashby,StandardBots,StandardBots,https://jobs.ashbyhq.com/StandardBots,https://api.ashbyhq.com/posting-api/job-board/StandardBots,36,observed,
ashby,standardfleet,standardfleet,https://jobs.ashbyhq.com/standardfleet,https://api.ashbyhq.com/posting-api/job-board/standardfleet,2,observed,
ashby,standardsubsea,standardsubsea,https://jobs.ashbyhq.com/standardsubsea,https://api.ashbyhq.com/posting-api/job-board/standardsubsea,2,observed,
ashby,StandInsurance,StandInsurance,https://jobs.ashbyhq.com/StandInsurance,https://api.ashbyhq.com/posting-api/job-board/StandInsurance,9,observed,
ashby,starbridge,starbridge,https://jobs.ashbyhq.com/starbridge,https://api.ashbyhq.com/posting-api/job-board/starbridge,13,observed,
ashby,starfish-space-inc,starfish-space-inc,https://jobs.ashbyhq.com/starfish-space-inc,https://api.ashbyhq.com/posting-api/job-board/starfish-space-inc,13,observed,
ashby,stargate-foundation,stargate-foundation,https://jobs.ashbyhq.com/stargate-foundation,https://api.ashbyhq.com/posting-api/job-board/stargate-foundation,3,observed,
ashby,starpath.space,starpath.space,https://jobs.ashbyhq.com/starpath.space,https://api.ashbyhq.com/posting-api/job-board/starpath.space,22,observed,
ashby,statista,statista,https://jobs.ashbyhq.com/statista,https://api.ashbyhq.com/posting-api/job-board/statista,45,observed,
ashby,stayai,stayai,https://jobs.ashbyhq.com/stayai,https://api.ashbyhq.com/posting-api/job-board/stayai,1,observed,
ashby,steadily,steadily,https://jobs.ashbyhq.com/steadily,https://api.ashbyhq.com/posting-api/job-board/steadily,33,observed,
ashby,stedi,stedi,https://jobs.ashbyhq.com/stedi,https://api.ashbyhq.com/posting-api/job-board/stedi,14,observed,
ashby,steel,steel,https://jobs.ashbyhq.com/steel,https://api.ashbyhq.com/posting-api/job-board/steel,2,observed,
ashby,stellar,stellar,https://jobs.ashbyhq.com/stellar,https://api.ashbyhq.com/posting-api/job-board/stellar,30,observed,
ashby,stellar-health,stellar-health,https://jobs.ashbyhq.com/stellar-health,https://api.ashbyhq.com/posting-api/job-board/stellar-health,7,observed,
ashby,stellarentertainment,stellarentertainment,https://jobs.ashbyhq.com/stellarentertainment,https://api.ashbyhq.com/posting-api/job-board/stellarentertainment,11,observed,
ashby,stellic,stellic,https://jobs.ashbyhq.com/stellic,https://api.ashbyhq.com/posting-api/job-board/stellic,10,observed,
ashby,stensul,stensul,https://jobs.ashbyhq.com/stensul,https://api.ashbyhq.com/posting-api/job-board/stensul,4,observed,
ashby,stepful,stepful,https://jobs.ashbyhq.com/stepful,https://api.ashbyhq.com/posting-api/job-board/stepful,39,observed,
ashby,stickermule,stickermule,https://jobs.ashbyhq.com/stickermule,https://api.ashbyhq.com/posting-api/job-board/stickermule,6,observed,
ashby,stora,stora,https://jobs.ashbyhq.com/stora,https://api.ashbyhq.com/posting-api/job-board/stora,3,observed,
ashby,stotles.com,stotles.com,https://jobs.ashbyhq.com/stotles.com,https://api.ashbyhq.com/posting-api/job-board/stotles.com,1,observed,
ashby,stradahq,stradahq,https://jobs.ashbyhq.com/stradahq,https://api.ashbyhq.com/posting-api/job-board/stradahq,4,observed,
ashby,Straia,Straia,https://jobs.ashbyhq.com/Straia,https://api.ashbyhq.com/posting-api/job-board/Straia,2,observed,
ashby,strala-ai,strala-ai,https://jobs.ashbyhq.com/strala-ai,https://api.ashbyhq.com/posting-api/job-board/strala-ai,12,observed,
ashby,strategic-growth-partners,strategic-growth-partners,https://jobs.ashbyhq.com/strategic-growth-partners,https://api.ashbyhq.com/posting-api/job-board/strategic-growth-partners,22,observed,
ashby,stratum-ai,stratum-ai,https://jobs.ashbyhq.com/stratum-ai,https://api.ashbyhq.com/posting-api/job-board/stratum-ai,11,observed,
ashby,strava,strava,https://jobs.ashbyhq.com/strava,https://api.ashbyhq.com/posting-api/job-board/strava,30,observed,
ashby,stream,stream,https://jobs.ashbyhq.com/stream,https://api.ashbyhq.com/posting-api/job-board/stream,5,observed,
ashby,strella,strella,https://jobs.ashbyhq.com/strella,https://api.ashbyhq.com/posting-api/job-board/strella,2,observed,
ashby,strider-technologies,strider-technologies,https://jobs.ashbyhq.com/strider-technologies,https://api.ashbyhq.com/posting-api/job-board/strider-technologies,14,observed,
ashby,stronghold,stronghold,https://jobs.ashbyhq.com/stronghold,https://api.ashbyhq.com/posting-api/job-board/stronghold,4,observed,
ashby,stytch,stytch,https://jobs.ashbyhq.com/stytch,https://api.ashbyhq.com/posting-api/job-board/stytch,5,observed,
ashby,substack,substack,https://jobs.ashbyhq.com/substack,https://api.ashbyhq.com/posting-api/job-board/substack,13,observed,
ashby,subzero,subzero,https://jobs.ashbyhq.com/subzero,https://api.ashbyhq.com/posting-api/job-board/subzero,1,observed,
ashby,succinct,succinct,https://jobs.ashbyhq.com/succinct,https://api.ashbyhq.com/posting-api/job-board/succinct,1,observed,
ashby,suite-studios,suite-studios,https://jobs.ashbyhq.com/suite-studios,https://api.ashbyhq.com/posting-api/job-board/suite-studios,6,observed,
ashby,summation,summation,https://jobs.ashbyhq.com/summation,https://api.ashbyhq.com/posting-api/job-board/summation,8,observed,
ashby,summerhealth,summerhealth,https://jobs.ashbyhq.com/summerhealth,https://api.ashbyhq.com/posting-api/job-board/summerhealth,2,observed,
ashby,sunday,sunday,https://jobs.ashbyhq.com/sunday,https://api.ashbyhq.com/posting-api/job-board/sunday,29,observed,
ashby,Sunday-GmbH,Sunday-GmbH,https://jobs.ashbyhq.com/Sunday-GmbH,https://api.ashbyhq.com/posting-api/job-board/Sunday-GmbH,3,observed,
ashby,sunday-natural,sunday-natural,https://jobs.ashbyhq.com/sunday-natural,https://api.ashbyhq.com/posting-api/job-board/sunday-natural,27,observed,
ashby,SunnyData,SunnyData,https://jobs.ashbyhq.com/SunnyData,https://api.ashbyhq.com/posting-api/job-board/SunnyData,26,observed,
ashby,suno,suno,https://jobs.ashbyhq.com/suno,https://api.ashbyhq.com/posting-api/job-board/suno,60,observed,
ashby,sunrise,sunrise,https://jobs.ashbyhq.com/sunrise,https://api.ashbyhq.com/posting-api/job-board/sunrise,14,observed,
ashby,sunset,sunset,https://jobs.ashbyhq.com/sunset,https://api.ashbyhq.com/posting-api/job-board/sunset,12,observed,
ashby,supa,supa,https://jobs.ashbyhq.com/supa,https://api.ashbyhq.com/posting-api/job-board/supa,3,observed,
ashby,supabase,supabase,https://jobs.ashbyhq.com/supabase,https://api.ashbyhq.com/posting-api/job-board/supabase,60,observed,
ashby,super.com,super.com,https://jobs.ashbyhq.com/super.com,https://api.ashbyhq.com/posting-api/job-board/super.com,14,observed,
ashby,supercell,supercell,https://jobs.ashbyhq.com/supercell,https://api.ashbyhq.com/posting-api/job-board/supercell,45,observed,
ashby,superconductor,superconductor,https://jobs.ashbyhq.com/superconductor,https://api.ashbyhq.com/posting-api/job-board/superconductor,3,observed,
ashby,superdial,superdial,https://jobs.ashbyhq.com/superdial,https://api.ashbyhq.com/posting-api/job-board/superdial,18,observed,
ashby,superpower,superpower,https://jobs.ashbyhq.com/superpower,https://api.ashbyhq.com/posting-api/job-board/superpower,23,observed,
ashby,surgimate,surgimate,https://jobs.ashbyhq.com/surgimate,https://api.ashbyhq.com/posting-api/job-board/surgimate,2,observed,
ashby,swans,swans,https://jobs.ashbyhq.com/swans,https://api.ashbyhq.com/posting-api/job-board/swans,6,observed,
ashby,swarmaero,swarmaero,https://jobs.ashbyhq.com/swarmaero,https://api.ashbyhq.com/posting-api/job-board/swarmaero,23,observed,
ashby,swarmer,swarmer,https://jobs.ashbyhq.com/swarmer,https://api.ashbyhq.com/posting-api/job-board/swarmer,12,observed,
ashby,swarmia,swarmia,https://jobs.ashbyhq.com/swarmia,https://api.ashbyhq.com/posting-api/job-board/swarmia,4,observed,
ashby,sweatpals,sweatpals,https://jobs.ashbyhq.com/sweatpals,https://api.ashbyhq.com/posting-api/job-board/sweatpals,5,observed,
ashby,sweedpos.com,sweedpos.com,https://jobs.ashbyhq.com/sweedpos.com,https://api.ashbyhq.com/posting-api/job-board/sweedpos.com,9,observed,
ashby,sweep,sweep,https://jobs.ashbyhq.com/sweep,https://api.ashbyhq.com/posting-api/job-board/sweep,7,observed,
ashby,sybill-ai,sybill-ai,https://jobs.ashbyhq.com/sybill-ai,https://api.ashbyhq.com/posting-api/job-board/sybill-ai,7,observed,
ashby,sydecar,sydecar,https://jobs.ashbyhq.com/sydecar,https://api.ashbyhq.com/posting-api/job-board/sydecar,7,observed,
ashby,sygaldry-technologies,sygaldry-technologies,https://jobs.ashbyhq.com/sygaldry-technologies,https://api.ashbyhq.com/posting-api/job-board/sygaldry-technologies,11,observed,
ashby,sylvera,sylvera,https://jobs.ashbyhq.com/sylvera,https://api.ashbyhq.com/posting-api/job-board/sylvera,3,observed,
ashby,symbiotic,symbiotic,https://jobs.ashbyhq.com/symbiotic,https://api.ashbyhq.com/posting-api/job-board/symbiotic,5,observed,
ashby,syndica,syndica,https://jobs.ashbyhq.com/syndica,https://api.ashbyhq.com/posting-api/job-board/syndica,4,observed,
ashby,synthesia,synthesia,https://jobs.ashbyhq.com/synthesia,https://api.ashbyhq.com/posting-api/job-board/synthesia,59,observed,
ashby,t1energy,t1energy,https://jobs.ashbyhq.com/t1energy,https://api.ashbyhq.com/posting-api/job-board/t1energy,52,observed,
ashby,taaraconnect,taaraconnect,https://jobs.ashbyhq.com/taaraconnect,https://api.ashbyhq.com/posting-api/job-board/taaraconnect,20,observed,
ashby,Tabs,Tabs,https://jobs.ashbyhq.com/Tabs,https://api.ashbyhq.com/posting-api/job-board/Tabs,27,observed,
ashby,tacto,tacto,https://jobs.ashbyhq.com/tacto,https://api.ashbyhq.com/posting-api/job-board/tacto,29,observed,
ashby,taekus,taekus,https://jobs.ashbyhq.com/taekus,https://api.ashbyhq.com/posting-api/job-board/taekus,8,observed,
ashby,take2,take2,https://jobs.ashbyhq.com/take2,https://api.ashbyhq.com/posting-api/job-board/take2,5,observed,
ashby,tako,tako,https://jobs.ashbyhq.com/tako,https://api.ashbyhq.com/posting-api/job-board/tako,18,observed,
ashby,taktile,taktile,https://jobs.ashbyhq.com/taktile,https://api.ashbyhq.com/posting-api/job-board/taktile,45,observed,
ashby,talentsafari,talentsafari,https://jobs.ashbyhq.com/talentsafari,https://api.ashbyhq.com/posting-api/job-board/talentsafari,12,observed,
ashby,talkiatry,talkiatry,https://jobs.ashbyhq.com/talkiatry,https://api.ashbyhq.com/posting-api/job-board/talkiatry,185,observed,
ashby,talos-trading,talos-trading,https://jobs.ashbyhq.com/talos-trading,https://api.ashbyhq.com/posting-api/job-board/talos-trading,15,observed,
ashby,tandem-health,tandem-health,https://jobs.ashbyhq.com/tandem-health,https://api.ashbyhq.com/posting-api/job-board/tandem-health,48,observed,
ashby,tandempv,tandempv,https://jobs.ashbyhq.com/tandempv,https://api.ashbyhq.com/posting-api/job-board/tandempv,1,observed,
ashby,tango,tango,https://jobs.ashbyhq.com/tango,https://api.ashbyhq.com/posting-api/job-board/tango,2,observed,
ashby,tapblaze,tapblaze,https://jobs.ashbyhq.com/tapblaze,https://api.ashbyhq.com/posting-api/job-board/tapblaze,5,observed,
ashby,tapcart,tapcart,https://jobs.ashbyhq.com/tapcart,https://api.ashbyhq.com/posting-api/job-board/tapcart,11,observed,
ashby,taptapsend,taptapsend,https://jobs.ashbyhq.com/taptapsend,https://api.ashbyhq.com/posting-api/job-board/taptapsend,32,observed,
ashby,tarro,tarro,https://jobs.ashbyhq.com/tarro,https://api.ashbyhq.com/posting-api/job-board/tarro,35,observed,
ashby,tavahealth,tavahealth,https://jobs.ashbyhq.com/tavahealth,https://api.ashbyhq.com/posting-api/job-board/tavahealth,4,observed,
ashby,tavily,tavily,https://jobs.ashbyhq.com/tavily,https://api.ashbyhq.com/posting-api/job-board/tavily,18,observed,
ashby,tavrn,tavrn,https://jobs.ashbyhq.com/tavrn,https://api.ashbyhq.com/posting-api/job-board/tavrn,7,observed,
ashby,tavus,tavus,https://jobs.ashbyhq.com/tavus,https://api.ashbyhq.com/posting-api/job-board/tavus,15,observed,
ashby,taxfix.com,taxfix.com,https://jobs.ashbyhq.com/taxfix.com,https://api.ashbyhq.com/posting-api/job-board/taxfix.com,22,observed,
ashby,Taxo,Taxo,https://jobs.ashbyhq.com/Taxo,https://api.ashbyhq.com/posting-api/job-board/Taxo,3,observed,
ashby,taxwire,taxwire,https://jobs.ashbyhq.com/taxwire,https://api.ashbyhq.com/posting-api/job-board/taxwire,10,observed,
ashby,tbc,tbc,https://jobs.ashbyhq.com/tbc,https://api.ashbyhq.com/posting-api/job-board/tbc,4,observed,
ashby,tdv,tdv,https://jobs.ashbyhq.com/tdv,https://api.ashbyhq.com/posting-api/job-board/tdv,2,observed,
ashby,teal-health,teal-health,https://jobs.ashbyhq.com/teal-health,https://api.ashbyhq.com/posting-api/job-board/teal-health,2,observed,
ashby,teamdynamix,teamdynamix,https://jobs.ashbyhq.com/teamdynamix,https://api.ashbyhq.com/posting-api/job-board/teamdynamix,2,observed,
ashby,teameigen,teameigen,https://jobs.ashbyhq.com/teameigen,https://api.ashbyhq.com/posting-api/job-board/teameigen,3,observed,
ashby,teamworks,teamworks,https://jobs.ashbyhq.com/teamworks,https://api.ashbyhq.com/posting-api/job-board/teamworks,17,observed,
ashby,tebi,tebi,https://jobs.ashbyhq.com/tebi,https://api.ashbyhq.com/posting-api/job-board/tebi,3,observed,
ashby,techtorch,techtorch,https://jobs.ashbyhq.com/techtorch,https://api.ashbyhq.com/posting-api/job-board/techtorch,9,observed,
ashby,teero,teero,https://jobs.ashbyhq.com/teero,https://api.ashbyhq.com/posting-api/job-board/teero,4,observed,
ashby,telepatia,telepatia,https://jobs.ashbyhq.com/telepatia,https://api.ashbyhq.com/posting-api/job-board/telepatia,20,observed,
ashby,telli,telli,https://jobs.ashbyhq.com/telli,https://api.ashbyhq.com/posting-api/job-board/telli,18,observed,
ashby,tellos,tellos,https://jobs.ashbyhq.com/tellos,https://api.ashbyhq.com/posting-api/job-board/tellos,29,observed,
ashby,telus-digital,telus-digital,https://jobs.ashbyhq.com/telus-digital,https://api.ashbyhq.com/posting-api/job-board/telus-digital,93,observed,
ashby,tem,tem,https://jobs.ashbyhq.com/tem,https://api.ashbyhq.com/posting-api/job-board/tem,16,observed,
ashby,Tembo-Health,Tembo-Health,https://jobs.ashbyhq.com/Tembo-Health,https://api.ashbyhq.com/posting-api/job-board/Tembo-Health,3,observed,
ashby,temper,temper,https://jobs.ashbyhq.com/temper,https://api.ashbyhq.com/posting-api/job-board/temper,5,observed,
ashby,tempo,tempo,https://jobs.ashbyhq.com/tempo,https://api.ashbyhq.com/posting-api/job-board/tempo,9,observed,
ashby,tempo-io,tempo-io,https://jobs.ashbyhq.com/tempo-io,https://api.ashbyhq.com/posting-api/job-board/tempo-io,22,observed,
ashby,tempo-xyz,tempo-xyz,https://jobs.ashbyhq.com/tempo-xyz,https://api.ashbyhq.com/posting-api/job-board/tempo-xyz,14,observed,
ashby,tenderly,tenderly,https://jobs.ashbyhq.com/tenderly,https://api.ashbyhq.com/posting-api/job-board/tenderly,2,observed,
ashby,tenex,tenex,https://jobs.ashbyhq.com/tenex,https://api.ashbyhq.com/posting-api/job-board/tenex,59,observed,
ashby,tenexlabs,tenexlabs,https://jobs.ashbyhq.com/tenexlabs,https://api.ashbyhq.com/posting-api/job-board/tenexlabs,22,observed,
ashby,tennr,tennr,https://jobs.ashbyhq.com/tennr,https://api.ashbyhq.com/posting-api/job-board/tennr,19,observed,
ashby,tensec,tensec,https://jobs.ashbyhq.com/tensec,https://api.ashbyhq.com/posting-api/job-board/tensec,11,observed,
ashby,tensorwave,tensorwave,https://jobs.ashbyhq.com/tensorwave,https://api.ashbyhq.com/posting-api/job-board/tensorwave,40,observed,
ashby,terac,terac,https://jobs.ashbyhq.com/terac,https://api.ashbyhq.com/posting-api/job-board/terac,77,observed,
ashby,terminal-industries,terminal-industries,https://jobs.ashbyhq.com/terminal-industries,https://api.ashbyhq.com/posting-api/job-board/terminal-industries,2,observed,
ashby,terra,terra,https://jobs.ashbyhq.com/terra,https://api.ashbyhq.com/posting-api/job-board/terra,3,observed,
ashby,Terranova,Terranova,https://jobs.ashbyhq.com/Terranova,https://api.ashbyhq.com/posting-api/job-board/Terranova,15,observed,
ashby,tessera-labs,tessera-labs,https://jobs.ashbyhq.com/tessera-labs,https://api.ashbyhq.com/posting-api/job-board/tessera-labs,11,observed,
ashby,tesslcareers,tesslcareers,https://jobs.ashbyhq.com/tesslcareers,https://api.ashbyhq.com/posting-api/job-board/tesslcareers,8,observed,
ashby,testgorilla,testgorilla,https://jobs.ashbyhq.com/testgorilla,https://api.ashbyhq.com/posting-api/job-board/testgorilla,3,observed,
ashby,teton,teton,https://jobs.ashbyhq.com/teton,https://api.ashbyhq.com/posting-api/job-board/teton,18,observed,
ashby,texture,texture,https://jobs.ashbyhq.com/texture,https://api.ashbyhq.com/posting-api/job-board/texture,7,observed,
ashby,teya,teya,https://jobs.ashbyhq.com/teya,https://api.ashbyhq.com/posting-api/job-board/teya,132,observed,
ashby,tgc,tgc,https://jobs.ashbyhq.com/tgc,https://api.ashbyhq.com/posting-api/job-board/tgc,9,observed,
ashby,thaleron,thaleron,https://jobs.ashbyhq.com/thaleron,https://api.ashbyhq.com/posting-api/job-board/thaleron,2,observed,
ashby,the-exploration-company,the-exploration-company,https://jobs.ashbyhq.com/the-exploration-company,https://api.ashbyhq.com/posting-api/job-board/the-exploration-company,109,observed,
ashby,the-flex,the-flex,https://jobs.ashbyhq.com/the-flex,https://api.ashbyhq.com/posting-api/job-board/the-flex,7,observed,
ashby,the-global-talent-co,the-global-talent-co,https://jobs.ashbyhq.com/the-global-talent-co,https://api.ashbyhq.com/posting-api/job-board/the-global-talent-co,78,observed,
ashby,The-Learning-Spectrum,The-Learning-Spectrum,https://jobs.ashbyhq.com/The-Learning-Spectrum,https://api.ashbyhq.com/posting-api/job-board/The-Learning-Spectrum,6,observed,
ashby,The-Pinnacle-School,The-Pinnacle-School,https://jobs.ashbyhq.com/The-Pinnacle-School,https://api.ashbyhq.com/posting-api/job-board/The-Pinnacle-School,2,observed,
ashby,The-Spire-School,The-Spire-School,https://jobs.ashbyhq.com/The-Spire-School,https://api.ashbyhq.com/posting-api/job-board/The-Spire-School,3,observed,
ashby,the-studio,the-studio,https://jobs.ashbyhq.com/the-studio,https://api.ashbyhq.com/posting-api/job-board/the-studio,3,observed,
ashby,the-suite,the-suite,https://jobs.ashbyhq.com/the-suite,https://api.ashbyhq.com/posting-api/job-board/the-suite,4,observed,
ashby,the-token-company,the-token-company,https://jobs.ashbyhq.com/the-token-company,https://api.ashbyhq.com/posting-api/job-board/the-token-company,3,observed,
ashby,thebotcompany,thebotcompany,https://jobs.ashbyhq.com/thebotcompany,https://api.ashbyhq.com/posting-api/job-board/thebotcompany,9,observed,
ashby,themindcompany,themindcompany,https://jobs.ashbyhq.com/themindcompany,https://api.ashbyhq.com/posting-api/job-board/themindcompany,2,observed,
ashby,theori,theori,https://jobs.ashbyhq.com/theori,https://api.ashbyhq.com/posting-api/job-board/theori,2,observed,
ashby,third-space-therapy,third-space-therapy,https://jobs.ashbyhq.com/third-space-therapy,https://api.ashbyhq.com/posting-api/job-board/third-space-therapy,39,observed,
ashby,thndr,thndr,https://jobs.ashbyhq.com/thndr,https://api.ashbyhq.com/posting-api/job-board/thndr,5,observed,
ashby,thought-machine,thought-machine,https://jobs.ashbyhq.com/thought-machine,https://api.ashbyhq.com/posting-api/job-board/thought-machine,41,observed,
ashby,thread-ai,thread-ai,https://jobs.ashbyhq.com/thread-ai,https://api.ashbyhq.com/posting-api/job-board/thread-ai,13,observed,
ashby,thrill-labs,thrill-labs,https://jobs.ashbyhq.com/thrill-labs,https://api.ashbyhq.com/posting-api/job-board/thrill-labs,6,observed,
ashby,Thrive-Alliance-Group,Thrive-Alliance-Group,https://jobs.ashbyhq.com/Thrive-Alliance-Group,https://api.ashbyhq.com/posting-api/job-board/Thrive-Alliance-Group,1,observed,
ashby,thumbtack,thumbtack,https://jobs.ashbyhq.com/thumbtack,https://api.ashbyhq.com/posting-api/job-board/thumbtack,48,observed,
ashby,tiger,tiger,https://jobs.ashbyhq.com/tiger,https://api.ashbyhq.com/posting-api/job-board/tiger,4,observed,
ashby,tigerdata,tigerdata,https://jobs.ashbyhq.com/tigerdata,https://api.ashbyhq.com/posting-api/job-board/tigerdata,19,observed,
ashby,tight,tight,https://jobs.ashbyhq.com/tight,https://api.ashbyhq.com/posting-api/job-board/tight,6,observed,
ashby,tilderesearch,tilderesearch,https://jobs.ashbyhq.com/tilderesearch,https://api.ashbyhq.com/posting-api/job-board/tilderesearch,3,observed,
ashby,tillo,tillo,https://jobs.ashbyhq.com/tillo,https://api.ashbyhq.com/posting-api/job-board/tillo,12,observed,
ashby,tilt,tilt,https://jobs.ashbyhq.com/tilt,https://api.ashbyhq.com/posting-api/job-board/tilt,9,observed,
ashby,tilthq,tilthq,https://jobs.ashbyhq.com/tilthq,https://api.ashbyhq.com/posting-api/job-board/tilthq,28,observed,
ashby,timely,timely,https://jobs.ashbyhq.com/timely,https://api.ashbyhq.com/posting-api/job-board/timely,3,observed,
ashby,tin-can,tin-can,https://jobs.ashbyhq.com/tin-can,https://api.ashbyhq.com/posting-api/job-board/tin-can,14,observed,
ashby,tinkermode,tinkermode,https://jobs.ashbyhq.com/tinkermode,https://api.ashbyhq.com/posting-api/job-board/tinkermode,4,observed,
ashby,titan,titan,https://jobs.ashbyhq.com/titan,https://api.ashbyhq.com/posting-api/job-board/titan,10,observed,
ashby,titan-ai,titan-ai,https://jobs.ashbyhq.com/titan-ai,https://api.ashbyhq.com/posting-api/job-board/titan-ai,12,observed,
ashby,titan-msp,titan-msp,https://jobs.ashbyhq.com/titan-msp,https://api.ashbyhq.com/posting-api/job-board/titan-msp,16,observed,
ashby,tivita,tivita,https://jobs.ashbyhq.com/tivita,https://api.ashbyhq.com/posting-api/job-board/tivita,5,observed,
ashby,tldr.tech,tldr.tech,https://jobs.ashbyhq.com/tldr.tech,https://api.ashbyhq.com/posting-api/job-board/tldr.tech,8,observed,
ashby,tldraw,tldraw,https://jobs.ashbyhq.com/tldraw,https://api.ashbyhq.com/posting-api/job-board/tldraw,3,observed,
ashby,todyl,todyl,https://jobs.ashbyhq.com/todyl,https://api.ashbyhq.com/posting-api/job-board/todyl,7,observed,
ashby,Toku,Toku,https://jobs.ashbyhq.com/Toku,https://api.ashbyhq.com/posting-api/job-board/Toku,19,observed,
ashby,tolken,tolken,https://jobs.ashbyhq.com/tolken,https://api.ashbyhq.com/posting-api/job-board/tolken,4,observed,
ashby,tomo,tomo,https://jobs.ashbyhq.com/tomo,https://api.ashbyhq.com/posting-api/job-board/tomo,14,observed,
ashby,toms,toms,https://jobs.ashbyhq.com/toms,https://api.ashbyhq.com/posting-api/job-board/toms,3,observed,
ashby,tonal,tonal,https://jobs.ashbyhq.com/tonal,https://api.ashbyhq.com/posting-api/job-board/tonal,23,observed,
ashby,TonicAI,TonicAI,https://jobs.ashbyhq.com/TonicAI,https://api.ashbyhq.com/posting-api/job-board/TonicAI,1,observed,
ashby,toogeza,toogeza,https://jobs.ashbyhq.com/toogeza,https://api.ashbyhq.com/posting-api/job-board/toogeza,41,observed,
ashby,top-hat,top-hat,https://jobs.ashbyhq.com/top-hat,https://api.ashbyhq.com/posting-api/job-board/top-hat,7,observed,
ashby,topline-pro,topline-pro,https://jobs.ashbyhq.com/topline-pro,https://api.ashbyhq.com/posting-api/job-board/topline-pro,13,observed,
ashby,tortus,tortus,https://jobs.ashbyhq.com/tortus,https://api.ashbyhq.com/posting-api/job-board/tortus,2,observed,
ashby,traba,traba,https://jobs.ashbyhq.com/traba,https://api.ashbyhq.com/posting-api/job-board/traba,26,observed,
ashby,tracebit,tracebit,https://jobs.ashbyhq.com/tracebit,https://api.ashbyhq.com/posting-api/job-board/tracebit,7,observed,
ashby,tracelabs,tracelabs,https://jobs.ashbyhq.com/tracelabs,https://api.ashbyhq.com/posting-api/job-board/tracelabs,4,observed,
ashby,tractable,tractable,https://jobs.ashbyhq.com/tractable,https://api.ashbyhq.com/posting-api/job-board/tractable,5,observed,
ashby,tradeify,tradeify,https://jobs.ashbyhq.com/tradeify,https://api.ashbyhq.com/posting-api/job-board/tradeify,11,observed,
ashby,trading212,trading212,https://jobs.ashbyhq.com/trading212,https://api.ashbyhq.com/posting-api/job-board/trading212,30,observed,
ashby,trainline,trainline,https://jobs.ashbyhq.com/trainline,https://api.ashbyhq.com/posting-api/job-board/trainline,41,observed,
ashby,trajectory,trajectory,https://jobs.ashbyhq.com/trajectory,https://api.ashbyhq.com/posting-api/job-board/trajectory,3,observed,
ashby,Transfr,Transfr,https://jobs.ashbyhq.com/Transfr,https://api.ashbyhq.com/posting-api/job-board/Transfr,3,observed,
ashby,traversal,traversal,https://jobs.ashbyhq.com/traversal,https://api.ashbyhq.com/posting-api/job-board/traversal,16,observed,
ashby,trawa,trawa,https://jobs.ashbyhq.com/trawa,https://api.ashbyhq.com/posting-api/job-board/trawa,22,observed,
ashby,tray-ai,tray-ai,https://jobs.ashbyhq.com/tray-ai,https://api.ashbyhq.com/posting-api/job-board/tray-ai,2,observed,
ashby,tread,tread,https://jobs.ashbyhq.com/tread,https://api.ashbyhq.com/posting-api/job-board/tread,7,observed,
ashby,treeswift,treeswift,https://jobs.ashbyhq.com/treeswift,https://api.ashbyhq.com/posting-api/job-board/treeswift,19,observed,
ashby,Tremendous,Tremendous,https://jobs.ashbyhq.com/Tremendous,https://api.ashbyhq.com/posting-api/job-board/Tremendous,24,observed,
ashby,trenchant,trenchant,https://jobs.ashbyhq.com/trenchant,https://api.ashbyhq.com/posting-api/job-board/trenchant,6,observed,
ashby,triedge-investments,triedge-investments,https://jobs.ashbyhq.com/triedge-investments,https://api.ashbyhq.com/posting-api/job-board/triedge-investments,6,observed,
ashby,triumph-arcade,triumph-arcade,https://jobs.ashbyhq.com/triumph-arcade,https://api.ashbyhq.com/posting-api/job-board/triumph-arcade,16,observed,
ashby,trm-labs,trm-labs,https://jobs.ashbyhq.com/trm-labs,https://api.ashbyhq.com/posting-api/job-board/trm-labs,114,observed,
ashby,troveo,troveo,https://jobs.ashbyhq.com/troveo,https://api.ashbyhq.com/posting-api/job-board/troveo,2,observed,
ashby,truelinkfinancial,truelinkfinancial,https://jobs.ashbyhq.com/truelinkfinancial,https://api.ashbyhq.com/posting-api/job-board/truelinkfinancial,3,observed,
ashby,truelogic,truelogic,https://jobs.ashbyhq.com/truelogic,https://api.ashbyhq.com/posting-api/job-board/truelogic,158,observed,
ashby,trust-wallet,trust-wallet,https://jobs.ashbyhq.com/trust-wallet,https://api.ashbyhq.com/posting-api/job-board/trust-wallet,10,observed,
ashby,trustedhealth,trustedhealth,https://jobs.ashbyhq.com/trustedhealth,https://api.ashbyhq.com/posting-api/job-board/trustedhealth,3,observed,
ashby,truthsystems,truthsystems,https://jobs.ashbyhq.com/truthsystems,https://api.ashbyhq.com/posting-api/job-board/truthsystems,4,observed,
ashby,tryalma,tryalma,https://jobs.ashbyhq.com/tryalma,https://api.ashbyhq.com/posting-api/job-board/tryalma,8,observed,
ashby,turbopuffer,turbopuffer,https://jobs.ashbyhq.com/turbopuffer,https://api.ashbyhq.com/posting-api/job-board/turbopuffer,4,observed,
ashby,turion-space,turion-space,https://jobs.ashbyhq.com/turion-space,https://api.ashbyhq.com/posting-api/job-board/turion-space,14,observed,
ashby,turnkey,turnkey,https://jobs.ashbyhq.com/turnkey,https://api.ashbyhq.com/posting-api/job-board/turnkey,13,observed,
ashby,turquoise-health,turquoise-health,https://jobs.ashbyhq.com/turquoise-health,https://api.ashbyhq.com/posting-api/job-board/turquoise-health,14,observed,
ashby,twelve,twelve,https://jobs.ashbyhq.com/twelve,https://api.ashbyhq.com/posting-api/job-board/twelve,7,observed,
ashby,twelve-labs,twelve-labs,https://jobs.ashbyhq.com/twelve-labs,https://api.ashbyhq.com/posting-api/job-board/twelve-labs,17,observed,
ashby,twenty,twenty,https://jobs.ashbyhq.com/twenty,https://api.ashbyhq.com/posting-api/job-board/twenty,28,observed,
ashby,twin-so,twin-so,https://jobs.ashbyhq.com/twin-so,https://api.ashbyhq.com/posting-api/job-board/twin-so,3,observed,
ashby,TwoStepTx,TwoStepTx,https://jobs.ashbyhq.com/TwoStepTx,https://api.ashbyhq.com/posting-api/job-board/TwoStepTx,1,observed,
ashby,tyba,tyba,https://jobs.ashbyhq.com/tyba,https://api.ashbyhq.com/posting-api/job-board/tyba,7,observed,
ashby,tycho-ai,tycho-ai,https://jobs.ashbyhq.com/tycho-ai,https://api.ashbyhq.com/posting-api/job-board/tycho-ai,10,observed,
ashby,typesafe-ai,typesafe-ai,https://jobs.ashbyhq.com/typesafe-ai,https://api.ashbyhq.com/posting-api/job-board/typesafe-ai,9,observed,
ashby,tzafon,tzafon,https://jobs.ashbyhq.com/tzafon,https://api.ashbyhq.com/posting-api/job-board/tzafon,3,observed,
ashby,uipath,uipath,https://jobs.ashbyhq.com/uipath,https://api.ashbyhq.com/posting-api/job-board/uipath,121,observed,
ashby,ultra,ultra,https://jobs.ashbyhq.com/ultra,https://api.ashbyhq.com/posting-api/job-board/ultra,8,observed,
ashby,ultralytics,ultralytics,https://jobs.ashbyhq.com/ultralytics,https://api.ashbyhq.com/posting-api/job-board/ultralytics,15,observed,
ashby,umbrel,umbrel,https://jobs.ashbyhq.com/umbrel,https://api.ashbyhq.com/posting-api/job-board/umbrel,11,observed,
ashby,unblocked,unblocked,https://jobs.ashbyhq.com/unblocked,https://api.ashbyhq.com/posting-api/job-board/unblocked,3,observed,
ashby,uncountable,uncountable,https://jobs.ashbyhq.com/uncountable,https://api.ashbyhq.com/posting-api/job-board/uncountable,33,observed,
ashby,unicornpro,unicornpro,https://jobs.ashbyhq.com/unicornpro,https://api.ashbyhq.com/posting-api/job-board/unicornpro,10,observed,
ashby,unicourt,unicourt,https://jobs.ashbyhq.com/unicourt,https://api.ashbyhq.com/posting-api/job-board/unicourt,4,observed,
ashby,unify,unify,https://jobs.ashbyhq.com/unify,https://api.ashbyhq.com/posting-api/job-board/unify,7,observed,
ashby,union,union,https://jobs.ashbyhq.com/union,https://api.ashbyhq.com/posting-api/job-board/union,3,observed,
ashby,union-tech,union-tech,https://jobs.ashbyhq.com/union-tech,https://api.ashbyhq.com/posting-api/job-board/union-tech,13,observed,
ashby,uniswap,uniswap,https://jobs.ashbyhq.com/uniswap,https://api.ashbyhq.com/posting-api/job-board/uniswap,8,observed,
ashby,unit,unit,https://jobs.ashbyhq.com/unit,https://api.ashbyhq.com/posting-api/job-board/unit,4,observed,
ashby,united-talent-agency,united-talent-agency,https://jobs.ashbyhq.com/united-talent-agency,https://api.ashbyhq.com/posting-api/job-board/united-talent-agency,44,observed,
ashby,uniti,uniti,https://jobs.ashbyhq.com/uniti,https://api.ashbyhq.com/posting-api/job-board/uniti,10,observed,
ashby,unitxlabs,unitxlabs,https://jobs.ashbyhq.com/unitxlabs,https://api.ashbyhq.com/posting-api/job-board/unitxlabs,11,observed,
ashby,unity-advisory,unity-advisory,https://jobs.ashbyhq.com/unity-advisory,https://api.ashbyhq.com/posting-api/job-board/unity-advisory,20,observed,
ashby,universe,universe,https://jobs.ashbyhq.com/universe,https://api.ashbyhq.com/posting-api/job-board/universe,16,observed,
ashby,Unlearn,Unlearn,https://jobs.ashbyhq.com/Unlearn,https://api.ashbyhq.com/posting-api/job-board/Unlearn,6,observed,
ashby,unstructured,unstructured,https://jobs.ashbyhq.com/unstructured,https://api.ashbyhq.com/posting-api/job-board/unstructured,5,observed,
ashby,unto-labs,unto-labs,https://jobs.ashbyhq.com/unto-labs,https://api.ashbyhq.com/posting-api/job-board/unto-labs,3,observed,
ashby,Unwrap,Unwrap,https://jobs.ashbyhq.com/Unwrap,https://api.ashbyhq.com/posting-api/job-board/Unwrap,6,observed,
ashby,upchurch,upchurch,https://jobs.ashbyhq.com/upchurch,https://api.ashbyhq.com/posting-api/job-board/upchurch,107,observed,
ashby,upcodes,upcodes,https://jobs.ashbyhq.com/upcodes,https://api.ashbyhq.com/posting-api/job-board/upcodes,2,observed,
ashby,upside,upside,https://jobs.ashbyhq.com/upside,https://api.ashbyhq.com/posting-api/job-board/upside,18,observed,
ashby,upvest,upvest,https://jobs.ashbyhq.com/upvest,https://api.ashbyhq.com/posting-api/job-board/upvest,27,observed,
ashby,usul,usul,https://jobs.ashbyhq.com/usul,https://api.ashbyhq.com/posting-api/job-board/usul,6,observed,
ashby,v7labs.com,v7labs.com,https://jobs.ashbyhq.com/v7labs.com,https://api.ashbyhq.com/posting-api/job-board/v7labs.com,3,observed,
ashby,valency,valency,https://jobs.ashbyhq.com/valency,https://api.ashbyhq.com/posting-api/job-board/valency,10,observed,
ashby,valeriehealth,valeriehealth,https://jobs.ashbyhq.com/valeriehealth,https://api.ashbyhq.com/posting-api/job-board/valeriehealth,15,observed,
ashby,valinor,valinor,https://jobs.ashbyhq.com/valinor,https://api.ashbyhq.com/posting-api/job-board/valinor,11,observed,
ashby,valon,valon,https://jobs.ashbyhq.com/valon,https://api.ashbyhq.com/posting-api/job-board/valon,21,observed,
ashby,vals-ai,vals-ai,https://jobs.ashbyhq.com/vals-ai,https://api.ashbyhq.com/posting-api/job-board/vals-ai,5,observed,
ashby,valthos,valthos,https://jobs.ashbyhq.com/valthos,https://api.ashbyhq.com/posting-api/job-board/valthos,8,observed,
ashby,vandenboomassociates,vandenboomassociates,https://jobs.ashbyhq.com/vandenboomassociates,https://api.ashbyhq.com/posting-api/job-board/vandenboomassociates,4,observed,
ashby,vanilla,vanilla,https://jobs.ashbyhq.com/vanilla,https://api.ashbyhq.com/posting-api/job-board/vanilla,3,observed,
ashby,vanna-health-inc,vanna-health-inc,https://jobs.ashbyhq.com/vanna-health-inc,https://api.ashbyhq.com/posting-api/job-board/vanna-health-inc,5,observed,
ashby,vanta,vanta,https://jobs.ashbyhq.com/vanta,https://api.ashbyhq.com/posting-api/job-board/vanta,110,observed,
ashby,vantage,vantage,https://jobs.ashbyhq.com/vantage,https://api.ashbyhq.com/posting-api/job-board/vantage,7,observed,
ashby,vantageanalytics,vantageanalytics,https://jobs.ashbyhq.com/vantageanalytics,https://api.ashbyhq.com/posting-api/job-board/vantageanalytics,3,observed,
ashby,vantheon,vantheon,https://jobs.ashbyhq.com/vantheon,https://api.ashbyhq.com/posting-api/job-board/vantheon,1,observed,
ashby,vapi,vapi,https://jobs.ashbyhq.com/vapi,https://api.ashbyhq.com/posting-api/job-board/vapi,31,observed,
ashby,varick-agents,varick-agents,https://jobs.ashbyhq.com/varick-agents,https://api.ashbyhq.com/posting-api/job-board/varick-agents,4,observed,
ashby,vasco,vasco,https://jobs.ashbyhq.com/vasco,https://api.ashbyhq.com/posting-api/job-board/vasco,1,observed,
ashby,vclusterlabs,vclusterlabs,https://jobs.ashbyhq.com/vclusterlabs,https://api.ashbyhq.com/posting-api/job-board/vclusterlabs,21,observed,
ashby,vector,vector,https://jobs.ashbyhq.com/vector,https://api.ashbyhq.com/posting-api/job-board/vector,6,observed,
ashby,veezu,veezu,https://jobs.ashbyhq.com/veezu,https://api.ashbyhq.com/posting-api/job-board/veezu,12,observed,
ashby,vega,vega,https://jobs.ashbyhq.com/vega,https://api.ashbyhq.com/posting-api/job-board/vega,7,observed,
ashby,velocity,velocity,https://jobs.ashbyhq.com/velocity,https://api.ashbyhq.com/posting-api/job-board/velocity,8,observed,
ashby,vend-park,vend-park,https://jobs.ashbyhq.com/vend-park,https://api.ashbyhq.com/posting-api/job-board/vend-park,1,observed,
ashby,vendelux,vendelux,https://jobs.ashbyhq.com/vendelux,https://api.ashbyhq.com/posting-api/job-board/vendelux,31,observed,
ashby,venn,venn,https://jobs.ashbyhq.com/venn,https://api.ashbyhq.com/posting-api/job-board/venn,11,observed,
ashby,ventuals,ventuals,https://jobs.ashbyhq.com/ventuals,https://api.ashbyhq.com/posting-api/job-board/ventuals,1,observed,
ashby,verge-genomics,verge-genomics,https://jobs.ashbyhq.com/verge-genomics,https://api.ashbyhq.com/posting-api/job-board/verge-genomics,1,observed,
ashby,verisoul,verisoul,https://jobs.ashbyhq.com/verisoul,https://api.ashbyhq.com/posting-api/job-board/verisoul,10,observed,
ashby,versemedical,versemedical,https://jobs.ashbyhq.com/versemedical,https://api.ashbyhq.com/posting-api/job-board/versemedical,20,observed,
ashby,vertical-aerospace,vertical-aerospace,https://jobs.ashbyhq.com/vertical-aerospace,https://api.ashbyhq.com/posting-api/job-board/vertical-aerospace,20,observed,
ashby,verticalsemi,verticalsemi,https://jobs.ashbyhq.com/verticalsemi,https://api.ashbyhq.com/posting-api/job-board/verticalsemi,6,observed,
ashby,vertice,vertice,https://jobs.ashbyhq.com/vertice,https://api.ashbyhq.com/posting-api/job-board/vertice,29,observed,
ashby,verto,verto,https://jobs.ashbyhq.com/verto,https://api.ashbyhq.com/posting-api/job-board/verto,4,observed,
ashby,vesta,vesta,https://jobs.ashbyhq.com/vesta,https://api.ashbyhq.com/posting-api/job-board/vesta,10,observed,
ashby,vetcove,vetcove,https://jobs.ashbyhq.com/vetcove,https://api.ashbyhq.com/posting-api/job-board/vetcove,26,observed,
ashby,vibe,vibe,https://jobs.ashbyhq.com/vibe,https://api.ashbyhq.com/posting-api/job-board/vibe,18,observed,
ashby,Vic.ai,Vic.ai,https://jobs.ashbyhq.com/Vic.ai,https://api.ashbyhq.com/posting-api/job-board/Vic.ai,6,observed,
ashby,victorious,victorious,https://jobs.ashbyhq.com/victorious,https://api.ashbyhq.com/posting-api/job-board/victorious,4,observed,
ashby,videa.ai,videa.ai,https://jobs.ashbyhq.com/videa.ai,https://api.ashbyhq.com/posting-api/job-board/videa.ai,11,observed,
ashby,vidmob,vidmob,https://jobs.ashbyhq.com/vidmob,https://api.ashbyhq.com/posting-api/job-board/vidmob,9,observed,
ashby,viktor,viktor,https://jobs.ashbyhq.com/viktor,https://api.ashbyhq.com/posting-api/job-board/viktor,27,observed,
ashby,vinci4d,vinci4d,https://jobs.ashbyhq.com/vinci4d,https://api.ashbyhq.com/posting-api/job-board/vinci4d,22,observed,
ashby,vio,vio,https://jobs.ashbyhq.com/vio,https://api.ashbyhq.com/posting-api/job-board/vio,6,observed,
ashby,virahealth,virahealth,https://jobs.ashbyhq.com/virahealth,https://api.ashbyhq.com/posting-api/job-board/virahealth,15,observed,
ashby,virio,virio,https://jobs.ashbyhq.com/virio,https://api.ashbyhq.com/posting-api/job-board/virio,10,observed,
ashby,virtahealth,virtahealth,https://jobs.ashbyhq.com/virtahealth,https://api.ashbyhq.com/posting-api/job-board/virtahealth,19,observed,
ashby,virtuous,virtuous,https://jobs.ashbyhq.com/virtuous,https://api.ashbyhq.com/posting-api/job-board/virtuous,15,observed,
ashby,vistar,vistar,https://jobs.ashbyhq.com/vistar,https://api.ashbyhq.com/posting-api/job-board/vistar,14,observed,
ashby,vital-lyfe,vital-lyfe,https://jobs.ashbyhq.com/vital-lyfe,https://api.ashbyhq.com/posting-api/job-board/vital-lyfe,12,observed,
ashby,vitalize,vitalize,https://jobs.ashbyhq.com/vitalize,https://api.ashbyhq.com/posting-api/job-board/vitalize,8,observed,
ashby,vitvio,vitvio,https://jobs.ashbyhq.com/vitvio,https://api.ashbyhq.com/posting-api/job-board/vitvio,2,observed,
ashby,vivian-health,vivian-health,https://jobs.ashbyhq.com/vivian-health,https://api.ashbyhq.com/posting-api/job-board/vivian-health,1,observed,
ashby,vivun,vivun,https://jobs.ashbyhq.com/vivun,https://api.ashbyhq.com/posting-api/job-board/vivun,2,observed,
ashby,Viz.ai,Viz.ai,https://jobs.ashbyhq.com/Viz.ai,https://api.ashbyhq.com/posting-api/job-board/Viz.ai,14,observed,
ashby,vizcom,vizcom,https://jobs.ashbyhq.com/vizcom,https://api.ashbyhq.com/posting-api/job-board/vizcom,12,observed,
ashby,vocca,vocca,https://jobs.ashbyhq.com/vocca,https://api.ashbyhq.com/posting-api/job-board/vocca,12,observed,
ashby,Vogel,Vogel,https://jobs.ashbyhq.com/Vogel,https://api.ashbyhq.com/posting-api/job-board/Vogel,27,observed,
ashby,voize,voize,https://jobs.ashbyhq.com/voize,https://api.ashbyhq.com/posting-api/job-board/voize,39,observed,
ashby,volka,volka,https://jobs.ashbyhq.com/volka,https://api.ashbyhq.com/posting-api/job-board/volka,12,observed,
ashby,voltai.careers,voltai.careers,https://jobs.ashbyhq.com/voltai.careers,https://api.ashbyhq.com/posting-api/job-board/voltai.careers,30,observed,
ashby,voltrac,voltrac,https://jobs.ashbyhq.com/voltrac,https://api.ashbyhq.com/posting-api/job-board/voltrac,5,observed,
ashby,voodoo,voodoo,https://jobs.ashbyhq.com/voodoo,https://api.ashbyhq.com/posting-api/job-board/voodoo,108,observed,
ashby,vooma,vooma,https://jobs.ashbyhq.com/vooma,https://api.ashbyhq.com/posting-api/job-board/vooma,11,observed,
ashby,Vori,Vori,https://jobs.ashbyhq.com/Vori,https://api.ashbyhq.com/posting-api/job-board/Vori,11,observed,
ashby,vow,vow,https://jobs.ashbyhq.com/vow,https://api.ashbyhq.com/posting-api/job-board/vow,2,observed,
ashby,voxel,voxel,https://jobs.ashbyhq.com/voxel,https://api.ashbyhq.com/posting-api/job-board/voxel,8,observed,
ashby,voyfai,voyfai,https://jobs.ashbyhq.com/voyfai,https://api.ashbyhq.com/posting-api/job-board/voyfai,6,observed,
ashby,VREY,VREY,https://jobs.ashbyhq.com/VREY,https://api.ashbyhq.com/posting-api/job-board/VREY,35,observed,
ashby,vultr,vultr,https://jobs.ashbyhq.com/vultr,https://api.ashbyhq.com/posting-api/job-board/vultr,59,observed,
ashby,vyn,vyn,https://jobs.ashbyhq.com/vyn,https://api.ashbyhq.com/posting-api/job-board/vyn,1,observed,
ashby,vynca,vynca,https://jobs.ashbyhq.com/vynca,https://api.ashbyhq.com/posting-api/job-board/vynca,45,observed,
ashby,WA.Technology,WA.Technology,https://jobs.ashbyhq.com/WA.Technology,https://api.ashbyhq.com/posting-api/job-board/WA.Technology,4,observed,
ashby,wafer,wafer,https://jobs.ashbyhq.com/wafer,https://api.ashbyhq.com/posting-api/job-board/wafer,2,observed,
ashby,wagmo,wagmo,https://jobs.ashbyhq.com/wagmo,https://api.ashbyhq.com/posting-api/job-board/wagmo,2,observed,
ashby,wallbit,wallbit,https://jobs.ashbyhq.com/wallbit,https://api.ashbyhq.com/posting-api/job-board/wallbit,3,observed,
ashby,walrus,walrus,https://jobs.ashbyhq.com/walrus,https://api.ashbyhq.com/posting-api/job-board/walrus,3,observed,
ashby,walrusfi,walrusfi,https://jobs.ashbyhq.com/walrusfi,https://api.ashbyhq.com/posting-api/job-board/walrusfi,3,observed,
ashby,warp,warp,https://jobs.ashbyhq.com/warp,https://api.ashbyhq.com/posting-api/job-board/warp,19,observed,
ashby,warren,warren,https://jobs.ashbyhq.com/warren,https://api.ashbyhq.com/posting-api/job-board/warren,16,observed,
ashby,Watershed,Watershed,https://jobs.ashbyhq.com/Watershed,https://api.ashbyhq.com/posting-api/job-board/Watershed,33,observed,
ashby,watney,watney,https://jobs.ashbyhq.com/watney,https://api.ashbyhq.com/posting-api/job-board/watney,13,observed,
ashby,wayflyer,wayflyer,https://jobs.ashbyhq.com/wayflyer,https://api.ashbyhq.com/posting-api/job-board/wayflyer,15,observed,
ashby,wealth-com,wealth-com,https://jobs.ashbyhq.com/wealth-com,https://api.ashbyhq.com/posting-api/job-board/wealth-com,20,observed,
ashby,wealthsimple,wealthsimple,https://jobs.ashbyhq.com/wealthsimple,https://api.ashbyhq.com/posting-api/job-board/wealthsimple,40,observed,
ashby,weave,weave,https://jobs.ashbyhq.com/weave,https://api.ashbyhq.com/posting-api/job-board/weave,28,observed,
ashby,weave-grid,weave-grid,https://jobs.ashbyhq.com/weave-grid,https://api.ashbyhq.com/posting-api/job-board/weave-grid,4,observed,
ashby,weaviate,weaviate,https://jobs.ashbyhq.com/weaviate,https://api.ashbyhq.com/posting-api/job-board/weaviate,1,observed,
ashby,webai,webai,https://jobs.ashbyhq.com/webai,https://api.ashbyhq.com/posting-api/job-board/webai,21,observed,
ashby,welltech,welltech,https://jobs.ashbyhq.com/welltech,https://api.ashbyhq.com/posting-api/job-board/welltech,14,observed,
ashby,welltheory,welltheory,https://jobs.ashbyhq.com/welltheory,https://api.ashbyhq.com/posting-api/job-board/welltheory,14,observed,
ashby,wemolo,wemolo,https://jobs.ashbyhq.com/wemolo,https://api.ashbyhq.com/posting-api/job-board/wemolo,20,observed,
ashby,wetravel,wetravel,https://jobs.ashbyhq.com/wetravel,https://api.ashbyhq.com/posting-api/job-board/wetravel,22,observed,
ashby,what3words,what3words,https://jobs.ashbyhq.com/what3words,https://api.ashbyhq.com/posting-api/job-board/what3words,7,observed,
ashby,wheel,wheel,https://jobs.ashbyhq.com/wheel,https://api.ashbyhq.com/posting-api/job-board/wheel,2,observed,
ashby,whetstoneresearch,whetstoneresearch,https://jobs.ashbyhq.com/whetstoneresearch,https://api.ashbyhq.com/posting-api/job-board/whetstoneresearch,5,observed,
ashby,whippy,whippy,https://jobs.ashbyhq.com/whippy,https://api.ashbyhq.com/posting-api/job-board/whippy,9,observed,
ashby,whitecircle,whitecircle,https://jobs.ashbyhq.com/whitecircle,https://api.ashbyhq.com/posting-api/job-board/whitecircle,20,observed,
ashby,whoop,whoop,https://jobs.ashbyhq.com/whoop,https://api.ashbyhq.com/posting-api/job-board/whoop,159,observed,
ashby,whop,whop,https://jobs.ashbyhq.com/whop,https://api.ashbyhq.com/posting-api/job-board/whop,3,observed,
ashby,willow-health,willow-health,https://jobs.ashbyhq.com/willow-health,https://api.ashbyhq.com/posting-api/job-board/willow-health,8,observed,
ashby,wincent,wincent,https://jobs.ashbyhq.com/wincent,https://api.ashbyhq.com/posting-api/job-board/wincent,16,observed,
ashby,windborne-systems,windborne-systems,https://jobs.ashbyhq.com/windborne-systems,https://api.ashbyhq.com/posting-api/job-board/windborne-systems,24,observed,
ashby,windfall,windfall,https://jobs.ashbyhq.com/windfall,https://api.ashbyhq.com/posting-api/job-board/windfall,3,observed,
ashby,windmill,windmill,https://jobs.ashbyhq.com/windmill,https://api.ashbyhq.com/posting-api/job-board/windmill,3,observed,
ashby,windranger,windranger,https://jobs.ashbyhq.com/windranger,https://api.ashbyhq.com/posting-api/job-board/windranger,7,observed,
ashby,Winona,Winona,https://jobs.ashbyhq.com/Winona,https://api.ashbyhq.com/posting-api/job-board/Winona,3,observed,
ashby,wirescreen,wirescreen,https://jobs.ashbyhq.com/wirescreen,https://api.ashbyhq.com/posting-api/job-board/wirescreen,7,observed,
ashby,Wisdom-AI,Wisdom-AI,https://jobs.ashbyhq.com/Wisdom-AI,https://api.ashbyhq.com/posting-api/job-board/Wisdom-AI,19,observed,
ashby,wispr-flow,wispr-flow,https://jobs.ashbyhq.com/wispr-flow,https://api.ashbyhq.com/posting-api/job-board/wispr-flow,24,observed,
ashby,withclutch,withclutch,https://jobs.ashbyhq.com/withclutch,https://api.ashbyhq.com/posting-api/job-board/withclutch,13,observed,
ashby,withpace,withpace,https://jobs.ashbyhq.com/withpace,https://api.ashbyhq.com/posting-api/job-board/withpace,19,observed,
ashby,withpulley,withpulley,https://jobs.ashbyhq.com/withpulley,https://api.ashbyhq.com/posting-api/job-board/withpulley,34,observed,
ashby,witnessai,witnessai,https://jobs.ashbyhq.com/witnessai,https://api.ashbyhq.com/posting-api/job-board/witnessai,5,observed,
ashby,wonderly,wonderly,https://jobs.ashbyhq.com/wonderly,https://api.ashbyhq.com/posting-api/job-board/wonderly,17,observed,
ashby,wordsmith,wordsmith,https://jobs.ashbyhq.com/wordsmith,https://api.ashbyhq.com/posting-api/job-board/wordsmith,20,observed,
ashby,workerbase,workerbase,https://jobs.ashbyhq.com/workerbase,https://api.ashbyhq.com/posting-api/job-board/workerbase,5,observed,
ashby,workhero,workhero,https://jobs.ashbyhq.com/workhero,https://api.ashbyhq.com/posting-api/job-board/workhero,6,observed,
ashby,workos,workos,https://jobs.ashbyhq.com/workos,https://api.ashbyhq.com/posting-api/job-board/workos,28,observed,
ashby,workwhilejobs,workwhilejobs,https://jobs.ashbyhq.com/workwhilejobs,https://api.ashbyhq.com/posting-api/job-board/workwhilejobs,10,observed,
ashby,workyard,workyard,https://jobs.ashbyhq.com/workyard,https://api.ashbyhq.com/posting-api/job-board/workyard,4,observed,
ashby,worldly,worldly,https://jobs.ashbyhq.com/worldly,https://api.ashbyhq.com/posting-api/job-board/worldly,5,observed,
ashby,wormholelabs,wormholelabs,https://jobs.ashbyhq.com/wormholelabs,https://api.ashbyhq.com/posting-api/job-board/wormholelabs,6,observed,
ashby,wraithwatch,wraithwatch,https://jobs.ashbyhq.com/wraithwatch,https://api.ashbyhq.com/posting-api/job-board/wraithwatch,6,observed,
ashby,wrapbook,wrapbook,https://jobs.ashbyhq.com/wrapbook,https://api.ashbyhq.com/posting-api/job-board/wrapbook,14,observed,
ashby,writer,writer,https://jobs.ashbyhq.com/writer,https://api.ashbyhq.com/posting-api/job-board/writer,51,observed,
ashby,wynd-labs,wynd-labs,https://jobs.ashbyhq.com/wynd-labs,https://api.ashbyhq.com/posting-api/job-board/wynd-labs,8,observed,
ashby,xbowcareers,xbowcareers,https://jobs.ashbyhq.com/xbowcareers,https://api.ashbyhq.com/posting-api/job-board/xbowcareers,4,observed,
ashby,xds,xds,https://jobs.ashbyhq.com/xds,https://api.ashbyhq.com/posting-api/job-board/xds,14,observed,
ashby,xenon,xenon,https://jobs.ashbyhq.com/xenon,https://api.ashbyhq.com/posting-api/job-board/xenon,43,observed,
ashby,xero,xero,https://jobs.ashbyhq.com/xero,https://api.ashbyhq.com/posting-api/job-board/xero,110,observed,
ashby,xona-space,xona-space,https://jobs.ashbyhq.com/xona-space,https://api.ashbyhq.com/posting-api/job-board/xona-space,58,observed,
ashby,xyz-reality,xyz-reality,https://jobs.ashbyhq.com/xyz-reality,https://api.ashbyhq.com/posting-api/job-board/xyz-reality,42,observed,
ashby,yazio,yazio,https://jobs.ashbyhq.com/yazio,https://api.ashbyhq.com/posting-api/job-board/yazio,6,observed,
ashby,ycombinator,ycombinator,https://jobs.ashbyhq.com/ycombinator,https://api.ashbyhq.com/posting-api/job-board/ycombinator,7,observed,
ashby,yepoda,yepoda,https://jobs.ashbyhq.com/yepoda,https://api.ashbyhq.com/posting-api/job-board/yepoda,15,observed,
ashby,yobi,yobi,https://jobs.ashbyhq.com/yobi,https://api.ashbyhq.com/posting-api/job-board/yobi,7,observed,
ashby,yondr,yondr,https://jobs.ashbyhq.com/yondr,https://api.ashbyhq.com/posting-api/job-board/yondr,4,observed,
ashby,yubo,yubo,https://jobs.ashbyhq.com/yubo,https://api.ashbyhq.com/posting-api/job-board/yubo,5,observed,
ashby,yutori,yutori,https://jobs.ashbyhq.com/yutori,https://api.ashbyhq.com/posting-api/job-board/yutori,3,observed,
ashby,Zania,Zania,https://jobs.ashbyhq.com/Zania,https://api.ashbyhq.com/posting-api/job-board/Zania,10,observed,
ashby,zapier,zapier,https://jobs.ashbyhq.com/zapier,https://api.ashbyhq.com/posting-api/job-board/zapier,7,observed,
ashby,zauber,zauber,https://jobs.ashbyhq.com/zauber,https://api.ashbyhq.com/posting-api/job-board/zauber,6,observed,
ashby,zayzoon,zayzoon,https://jobs.ashbyhq.com/zayzoon,https://api.ashbyhq.com/posting-api/job-board/zayzoon,6,observed,
ashby,zed,zed,https://jobs.ashbyhq.com/zed,https://api.ashbyhq.com/posting-api/job-board/zed,2,observed,
ashby,zeely,zeely,https://jobs.ashbyhq.com/zeely,https://api.ashbyhq.com/posting-api/job-board/zeely,31,observed,
ashby,zefir,zefir,https://jobs.ashbyhq.com/zefir,https://api.ashbyhq.com/posting-api/job-board/zefir,8,observed,
ashby,zefr,zefr,https://jobs.ashbyhq.com/zefr,https://api.ashbyhq.com/posting-api/job-board/zefr,2,observed,
ashby,zeit-ai,zeit-ai,https://jobs.ashbyhq.com/zeit-ai,https://api.ashbyhq.com/posting-api/job-board/zeit-ai,5,observed,
ashby,Zello,Zello,https://jobs.ashbyhq.com/Zello,https://api.ashbyhq.com/posting-api/job-board/Zello,8,observed,
ashby,zencastr,zencastr,https://jobs.ashbyhq.com/zencastr,https://api.ashbyhq.com/posting-api/job-board/zencastr,4,observed,
ashby,ziina,ziina,https://jobs.ashbyhq.com/ziina,https://api.ashbyhq.com/posting-api/job-board/ziina,15,observed,
ashby,zip,zip,https://jobs.ashbyhq.com/zip,https://api.ashbyhq.com/posting-api/job-board/zip,129,observed,
ashby,ziplines,ziplines,https://jobs.ashbyhq.com/ziplines,https://api.ashbyhq.com/posting-api/job-board/ziplines,7,observed,
ashby,zoe,zoe,https://jobs.ashbyhq.com/zoe,https://api.ashbyhq.com/posting-api/job-board/zoe,5,observed,
ashby,zoomlogi,zoomlogi,https://jobs.ashbyhq.com/zoomlogi,https://api.ashbyhq.com/posting-api/job-board/zoomlogi,7,observed,
ashby,zyphra,zyphra,https://jobs.ashbyhq.com/zyphra,https://api.ashbyhq.com/posting-api/job-board/zyphra,14,observed,
