location,company,net_roles,opened,closed,events,window_start,window_end,basis
Amsterdam,pwc,-55,2,57,59,2026-09-29,2026-10-06,all events except coverage rows
Amsterdam,Crisp,9,11,2,13,2026-09-29,2026-10-06,all events except coverage rows
Amsterdam,careers,8,9,1,10,2026-09-29,2026-10-06,all events except coverage rows
Amsterdam,werkenbij,-7,0,7,7,2026-09-29,2026-10-06,all events except coverage rows
Amsterdam,Adyen,6,23,17,40,2026-09-29,2026-10-06,all events except coverage rows
Amsterdam,Databricks,6,7,1,8,2026-09-29,2026-10-06,all events except coverage rows
Amsterdam,mufgub,6,7,1,8,2026-09-29,2026-10-06,all events except coverage rows
Amsterdam,WPP Media,5,6,1,7,2026-09-29,2026-10-06,all events except coverage rows
Amsterdam,tebi,5,5,0,5,2026-09-29,2026-10-06,all events except coverage rows
Amsterdam,Clera,-4,5,9,14,2026-09-29,2026-10-06,all events except coverage rows
Amsterdam,DEPT®,4,6,2,8,2026-09-29,2026-10-06,all events except coverage rows
Amsterdam,VluchtelingenWerk | Vrijwilligers,-4,0,4,4,2026-09-29,2026-10-06,all events except coverage rows
Amsterdam,creativefabrica,-4,0,4,4,2026-09-29,2026-10-06,all events except coverage rows
Amsterdam,heinz,4,9,5,14,2026-09-29,2026-10-06,all events except coverage rows
Amsterdam,Celonis,3,3,0,3,2026-09-29,2026-10-06,all events except coverage rows
Amsterdam,j,3,9,6,15,2026-09-29,2026-10-06,all events except coverage rows
Amsterdam,mollie,3,6,3,9,2026-09-29,2026-10-06,all events except coverage rows
Amsterdam,philips,-3,5,8,13,2026-09-29,2026-10-06,all events except coverage rows
Amsterdam,tomtom,3,4,1,5,2026-09-29,2026-10-06,all events except coverage rows
Amsterdam,wakuli,3,3,0,3,2026-09-29,2026-10-06,all events except coverage rows
Amsterdam,APM Monaco,2,3,1,4,2026-09-29,2026-10-06,all events except coverage rows
Amsterdam,CMS ENERGY,2,8,6,14,2026-09-29,2026-10-06,all events except coverage rows
Amsterdam,CPM Benelux,-2,0,2,2,2026-09-29,2026-10-06,all events except coverage rows
Amsterdam,Checkout.com,2,2,0,2,2026-09-29,2026-10-06,all events except coverage rows
Amsterdam,Flexport,2,3,1,4,2026-09-29,2026-10-06,all events except coverage rows
Amsterdam,HelloFresh,-2,2,4,6,2026-09-29,2026-10-06,all events except coverage rows
Amsterdam,Moss,2,2,0,2,2026-09-29,2026-10-06,all events except coverage rows
Amsterdam,Nebius,-2,4,6,10,2026-09-29,2026-10-06,all events except coverage rows
Amsterdam,Polarsteps,2,3,1,4,2026-09-29,2026-10-06,all events except coverage rows
Amsterdam,TransPerfect,-2,0,2,2,2026-09-29,2026-10-06,all events except coverage rows
Amsterdam,Winthrop Technologies,2,2,0,2,2026-09-29,2026-10-06,all events except coverage rows
Amsterdam,athora,-2,2,4,6,2026-09-29,2026-10-06,all events except coverage rows
Amsterdam,avantarte,2,2,0,2,2026-09-29,2026-10-06,all events except coverage rows
Amsterdam,barclays,2,2,0,2,2026-09-29,2026-10-06,all events except coverage rows
Amsterdam,brunswick,-2,0,2,2,2026-09-29,2026-10-06,all events except coverage rows
Amsterdam,cc,2,3,1,4,2026-09-29,2026-10-06,all events except coverage rows
Amsterdam,contentoo,-2,0,2,2,2026-09-29,2026-10-06,all events except coverage rows
Amsterdam,corporate,-2,0,2,2,2026-09-29,2026-10-06,all events except coverage rows
Amsterdam,dentsuaegis,2,4,2,6,2026-09-29,2026-10-06,all events except coverage rows
Amsterdam,futurewhiz,-2,1,3,4,2026-09-29,2026-10-06,all events except coverage rows
Amsterdam,jll,-2,0,2,2,2026-09-29,2026-10-06,all events except coverage rows
Amsterdam,jobs,-2,0,2,2,2026-09-29,2026-10-06,all events except coverage rows
Amsterdam,kantar,-2,0,2,2,2026-09-29,2026-10-06,all events except coverage rows
Amsterdam,optics11,2,5,3,8,2026-09-29,2026-10-06,all events except coverage rows
Amsterdam,roamlercareers,2,2,0,2,2026-09-29,2026-10-06,all events except coverage rows
Amsterdam,stelz,-2,0,2,2,2026-09-29,2026-10-06,all events except coverage rows
Amsterdam,tapestry,-2,0,2,2,2026-09-29,2026-10-06,all events except coverage rows
Amsterdam,werkenbijdeafm,-2,3,5,8,2026-09-29,2026-10-06,all events except coverage rows
Amsterdam,www,-2,0,2,2,2026-09-29,2026-10-06,all events except coverage rows
Amsterdam,360t,-1,0,1,1,2026-09-29,2026-10-06,all events except coverage rows
Amsterdam,Anduril Industries,1,1,0,1,2026-09-29,2026-10-06,all events except coverage rows
Amsterdam,AtriCure,1,1,0,1,2026-09-29,2026-10-06,all events except coverage rows
Amsterdam,Axon,-1,0,1,1,2026-09-29,2026-10-06,all events except coverage rows
Amsterdam,BALCHEM,1,1,0,1,2026-09-29,2026-10-06,all events except coverage rows
Amsterdam,Datadog,1,2,1,3,2026-09-29,2026-10-06,all events except coverage rows
Amsterdam,G MASS,1,1,0,1,2026-09-29,2026-10-06,all events except coverage rows
Amsterdam,Genetec,1,1,0,1,2026-09-29,2026-10-06,all events except coverage rows
Amsterdam,IMC,1,2,1,3,2026-09-29,2026-10-06,all events except coverage rows
Amsterdam,Miro,-1,0,1,1,2026-09-29,2026-10-06,all events except coverage rows
Amsterdam,Omnicom Media,1,1,0,1,2026-09-29,2026-10-06,all events except coverage rows
Amsterdam,Ons Tweede Thuis,-1,0,1,1,2026-09-29,2026-10-06,all events except coverage rows
Amsterdam,Palantir Technologies,-1,0,1,1,2026-09-29,2026-10-06,all events except coverage rows
Amsterdam,Perk,1,1,0,1,2026-09-29,2026-10-06,all events except coverage rows
Amsterdam,Preply,1,1,0,1,2026-09-29,2026-10-06,all events except coverage rows
Amsterdam,Proto Labs,1,2,1,3,2026-09-29,2026-10-06,all events except coverage rows
Amsterdam,Qube Research & Technologies,1,1,0,1,2026-09-29,2026-10-06,all events except coverage rows
Amsterdam,Satispay,1,1,0,1,2026-09-29,2026-10-06,all events except coverage rows
Amsterdam,Treatwell,1,2,1,3,2026-09-29,2026-10-06,all events except coverage rows
Amsterdam,VML/WPP Enterprise Solutions,1,1,0,1,2026-09-29,2026-10-06,all events except coverage rows
Amsterdam,Vallei Finance Group,1,1,0,1,2026-09-29,2026-10-06,all events except coverage rows
Amsterdam,Zip,1,1,0,1,2026-09-29,2026-10-06,all events except coverage rows
Amsterdam,altanaai,-1,0,1,1,2026-09-29,2026-10-06,all events except coverage rows
Amsterdam,antonivanleeuwenhoek,1,9,8,17,2026-09-29,2026-10-06,all events except coverage rows
Amsterdam,apoint,-1,0,1,1,2026-09-29,2026-10-06,all events except coverage rows
Amsterdam,awin,1,1,0,1,2026-09-29,2026-10-06,all events except coverage rows
Amsterdam,ayvens,-1,0,1,1,2026-09-29,2026-10-06,all events except coverage rows
Amsterdam,breezecash,1,1,0,1,2026-09-29,2026-10-06,all events except coverage rows
Amsterdam,bridgefund,1,1,0,1,2026-09-29,2026-10-06,all events except coverage rows
Amsterdam,bynder,-1,1,2,3,2026-09-29,2026-10-06,all events except coverage rows
Amsterdam,cboe,1,1,0,1,2026-09-29,2026-10-06,all events except coverage rows
Amsterdam,centric,-1,0,1,1,2026-09-29,2026-10-06,all events except coverage rows
Amsterdam,cisco,1,1,0,1,2026-09-29,2026-10-06,all events except coverage rows
Amsterdam,dash0,1,1,0,1,2026-09-29,2026-10-06,all events except coverage rows
Amsterdam,datasnipper,-1,1,2,3,2026-09-29,2026-10-06,all events except coverage rows
Amsterdam,enviemholdingbv,-1,0,1,1,2026-09-29,2026-10-06,all events except coverage rows
Amsterdam,enviolo,-1,0,1,1,2026-09-29,2026-10-06,all events except coverage rows
Amsterdam,eraneos,1,4,3,7,2026-09-29,2026-10-06,all events except coverage rows
Amsterdam,fashioncloudgmbh,-1,0,1,1,2026-09-29,2026-10-06,all events except coverage rows
Amsterdam,flowtraders,-1,3,4,7,2026-09-29,2026-10-06,all events except coverage rows
Amsterdam,forcyd,1,1,0,1,2026-09-29,2026-10-06,all events except coverage rows
Amsterdam,fractal,1,1,0,1,2026-09-29,2026-10-06,all events except coverage rows
Amsterdam,freshfields,1,1,0,1,2026-09-29,2026-10-06,all events except coverage rows
Amsterdam,frontiereconomics,-1,0,1,1,2026-09-29,2026-10-06,all events except coverage rows
Amsterdam,gmk,1,3,2,5,2026-09-29,2026-10-06,all events except coverage rows
Amsterdam,gtlaw,1,2,1,3,2026-09-29,2026-10-06,all events except coverage rows
Amsterdam,gus-germany,1,1,0,1,2026-09-29,2026-10-06,all events except coverage rows
Amsterdam,hotelco51,-1,0,1,1,2026-09-29,2026-10-06,all events except coverage rows
Amsterdam,hpe,1,1,0,1,2026-09-29,2026-10-06,all events except coverage rows
Amsterdam,ikpartners,1,1,0,1,2026-09-29,2026-10-06,all events except coverage rows
Amsterdam,intelic,1,1,0,1,2026-09-29,2026-10-06,all events except coverage rows
Amsterdam,iqvia,1,2,1,3,2026-09-29,2026-10-06,all events except coverage rows
Amsterdam,livezoku,1,1,0,1,2026-09-29,2026-10-06,all events except coverage rows
Amsterdam,mastercard,1,1,0,1,2026-09-29,2026-10-06,all events except coverage rows
Amsterdam,mavensecuritiesholdingltd,-1,0,1,1,2026-09-29,2026-10-06,all events except coverage rows
Amsterdam,metyisag,1,4,3,7,2026-09-29,2026-10-06,all events except coverage rows
Amsterdam,miele,-1,0,1,1,2026-09-29,2026-10-06,all events except coverage rows
Amsterdam,miro,-1,0,1,1,2026-09-29,2026-10-06,all events except coverage rows
Amsterdam,monumental,-1,2,3,5,2026-09-29,2026-10-06,all events except coverage rows
Amsterdam,nedcargo,-1,0,1,1,2026-09-29,2026-10-06,all events except coverage rows
Amsterdam,netapp,1,1,0,1,2026-09-29,2026-10-06,all events except coverage rows
Amsterdam,netflix,-1,0,1,1,2026-09-29,2026-10-06,all events except coverage rows
Amsterdam,project44,1,1,0,1,2026-09-29,2026-10-06,all events except coverage rows
Amsterdam,prologis,-1,0,1,1,2026-09-29,2026-10-06,all events except coverage rows
Amsterdam,relx,-1,0,1,1,2026-09-29,2026-10-06,all events except coverage rows
Amsterdam,resmed,1,1,0,1,2026-09-29,2026-10-06,all events except coverage rows
Amsterdam,riverflex,-1,0,1,1,2026-09-29,2026-10-06,all events except coverage rows
Amsterdam,skytree,1,1,0,1,2026-09-29,2026-10-06,all events except coverage rows
Amsterdam,snapchat,1,1,0,1,2026-09-29,2026-10-06,all events except coverage rows
Amsterdam,strade,1,1,0,1,2026-09-29,2026-10-06,all events except coverage rows
Amsterdam,stryker,1,3,2,5,2026-09-29,2026-10-06,all events except coverage rows
Amsterdam,urbanarrow,-1,0,1,1,2026-09-29,2026-10-06,all events except coverage rows
Amsterdam,vistar,-1,0,1,1,2026-09-29,2026-10-06,all events except coverage rows
Amsterdam,werkenbijnlr,1,4,3,7,2026-09-29,2026-10-06,all events except coverage rows
Amsterdam,werkenbijrs,-1,0,1,1,2026-09-29,2026-10-06,all events except coverage rows
Amsterdam,wetravel,-1,0,1,1,2026-09-29,2026-10-06,all events except coverage rows
Amsterdam,woonzorgnederland,1,1,0,1,2026-09-29,2026-10-06,all events except coverage rows
Amsterdam,workatbackbase,1,2,1,3,2026-09-29,2026-10-06,all events except coverage rows
Amsterdam,wunderbricks,-1,0,1,1,2026-09-29,2026-10-06,all events except coverage rows
Amsterdam,zeromotorcycles,1,1,0,1,2026-09-29,2026-10-06,all events except coverage rows
Amsterdam,Appian Corporation,0,1,1,2,2026-09-29,2026-10-06,all events except coverage rows
Amsterdam,Change Agents,0,3,3,6,2026-09-29,2026-10-06,all events except coverage rows
Amsterdam,DroneShield,0,1,1,2,2026-09-29,2026-10-06,all events except coverage rows
Amsterdam,"Lightspeed Commerce, Inc.",0,2,2,4,2026-09-29,2026-10-06,all events except coverage rows
Amsterdam,Lucid Motors,0,1,1,2,2026-09-29,2026-10-06,all events except coverage rows
Amsterdam,Speechify,0,1,1,2,2026-09-29,2026-10-06,all events except coverage rows
Amsterdam,creativeclicks,0,3,3,6,2026-09-29,2026-10-06,all events except coverage rows
Amsterdam,cw,0,1,1,2,2026-09-29,2026-10-06,all events except coverage rows
Amsterdam,db,0,2,2,4,2026-09-29,2026-10-06,all events except coverage rows
Amsterdam,everflow,0,1,1,2,2026-09-29,2026-10-06,all events except coverage rows
Amsterdam,fastned,0,2,2,4,2026-09-29,2026-10-06,all events except coverage rows
Amsterdam,gospooky,0,3,3,6,2026-09-29,2026-10-06,all events except coverage rows
Amsterdam,hoganlovells,0,1,1,2,2026-09-29,2026-10-06,all events except coverage rows
Amsterdam,lepaya,0,1,1,2,2026-09-29,2026-10-06,all events except coverage rows
Amsterdam,moog,0,1,1,2,2026-09-29,2026-10-06,all events except coverage rows
Amsterdam,nngroup,0,3,3,6,2026-09-29,2026-10-06,all events except coverage rows
Amsterdam,piano,0,1,1,2,2026-09-29,2026-10-06,all events except coverage rows
Amsterdam,prodigigroup,0,1,1,2,2026-09-29,2026-10-06,all events except coverage rows
Amsterdam,simvia,0,2,2,4,2026-09-29,2026-10-06,all events except coverage rows
Amsterdam,spinninrecordsandwmgbenelux,0,1,1,2,2026-09-29,2026-10-06,all events except coverage rows
Amsterdam,talk360,0,1,1,2,2026-09-29,2026-10-06,all events except coverage rows
Atlanta,j,-9,5,14,19,2026-09-29,2026-10-06,all events except coverage rows
Atlanta,jll,-7,7,14,21,2026-09-29,2026-10-06,all events except coverage rows
Atlanta,Axon,-6,0,6,6,2026-09-29,2026-10-06,all events except coverage rows
Atlanta,Holder Construction,-6,0,6,6,2026-09-29,2026-10-06,all events except coverage rows
Atlanta,nordstrom,6,18,12,30,2026-09-29,2026-10-06,all events except coverage rows
Atlanta,alstonco,-5,2,7,9,2026-09-29,2026-10-06,all events except coverage rows
Atlanta,invesco,-5,4,9,13,2026-09-29,2026-10-06,all events except coverage rows
Atlanta,Anduril Industries,-4,6,10,16,2026-09-29,2026-10-06,all events except coverage rows
Atlanta,Flexport,-4,0,4,4,2026-09-29,2026-10-06,all events except coverage rows
Atlanta,VSC Fire & Security,-4,1,5,6,2026-09-29,2026-10-06,all events except coverage rows
Atlanta,aritzia,-4,0,4,4,2026-09-29,2026-10-06,all events except coverage rows
Atlanta,careers,4,4,0,4,2026-09-29,2026-10-06,all events except coverage rows
Atlanta,DoorDash USA,-3,1,4,5,2026-09-29,2026-10-06,all events except coverage rows
Atlanta,"Gusto, Inc.",3,6,3,9,2026-09-29,2026-10-06,all events except coverage rows
Atlanta,Oscar Health,-3,5,8,13,2026-09-29,2026-10-06,all events except coverage rows
Atlanta,freseniusmedicalcare,3,4,1,5,2026-09-29,2026-10-06,all events except coverage rows
Atlanta,icf,-3,0,3,3,2026-09-29,2026-10-06,all events except coverage rows
Atlanta,nisc,-3,0,3,3,2026-09-29,2026-10-06,all events except coverage rows
Atlanta,starrcompanies,3,3,0,3,2026-09-29,2026-10-06,all events except coverage rows
Atlanta,stubhubinc,3,3,0,3,2026-09-29,2026-10-06,all events except coverage rows
Atlanta,tjx,-3,1,4,5,2026-09-29,2026-10-06,all events except coverage rows
Atlanta,toryburch,3,3,0,3,2026-09-29,2026-10-06,all events except coverage rows
Atlanta,truist,-3,9,12,21,2026-09-29,2026-10-06,all events except coverage rows
Atlanta,zoetis,-3,0,3,3,2026-09-29,2026-10-06,all events except coverage rows
Atlanta,Iterable,-2,0,2,2,2026-09-29,2026-10-06,all events except coverage rows
Atlanta,Lincoln Property Company,-2,0,2,2,2026-09-29,2026-10-06,all events except coverage rows
Atlanta,Loenbro,2,4,2,6,2026-09-29,2026-10-06,all events except coverage rows
Atlanta,New Relic,-2,1,3,4,2026-09-29,2026-10-06,all events except coverage rows
Atlanta,Rockstar,2,2,0,2,2026-09-29,2026-10-06,all events except coverage rows
Atlanta,abb,-2,0,2,2,2026-09-29,2026-10-06,all events except coverage rows
Atlanta,aggreko,2,2,0,2,2026-09-29,2026-10-06,all events except coverage rows
Atlanta,avride,2,2,0,2,2026-09-29,2026-10-06,all events except coverage rows
Atlanta,cni,2,2,0,2,2026-09-29,2026-10-06,all events except coverage rows
Atlanta,colliers,2,2,0,2,2026-09-29,2026-10-06,all events except coverage rows
Atlanta,dlapiper,-2,0,2,2,2026-09-29,2026-10-06,all events except coverage rows
Atlanta,ferguson,-2,0,2,2,2026-09-29,2026-10-06,all events except coverage rows
Atlanta,geico,2,2,0,2,2026-09-29,2026-10-06,all events except coverage rows
Atlanta,gevernova,2,2,0,2,2026-09-29,2026-10-06,all events except coverage rows
Atlanta,glydways,2,2,0,2,2026-09-29,2026-10-06,all events except coverage rows
Atlanta,hitachi,-2,0,2,2,2026-09-29,2026-10-06,all events except coverage rows
Atlanta,hubinternational,2,2,0,2,2026-09-29,2026-10-06,all events except coverage rows
Atlanta,impiricus,2,3,1,4,2026-09-29,2026-10-06,all events except coverage rows
Atlanta,ivyrehab,2,2,0,2,2026-09-29,2026-10-06,all events except coverage rows
Atlanta,mainsailhotels,2,2,0,2,2026-09-29,2026-10-06,all events except coverage rows
Atlanta,medtronic,-2,2,4,6,2026-09-29,2026-10-06,all events except coverage rows
Atlanta,ncr,2,3,1,4,2026-09-29,2026-10-06,all events except coverage rows
Atlanta,philips,2,2,0,2,2026-09-29,2026-10-06,all events except coverage rows
Atlanta,regions,-2,1,3,4,2026-09-29,2026-10-06,all events except coverage rows
Atlanta,relaypayments,-2,0,2,2,2026-09-29,2026-10-06,all events except coverage rows
Atlanta,thtbc,2,2,0,2,2026-09-29,2026-10-06,all events except coverage rows
Atlanta,tmobile,-2,0,2,2,2026-09-29,2026-10-06,all events except coverage rows
Atlanta,upgrade,-2,0,2,2,2026-09-29,2026-10-06,all events except coverage rows
Atlanta,ABACUS,1,1,0,1,2026-09-29,2026-10-06,all events except coverage rows
Atlanta,Arrive,1,2,1,3,2026-09-29,2026-10-06,all events except coverage rows
Atlanta,Barnes &amp; Thornburg LLP,1,1,0,1,2026-09-29,2026-10-06,all events except coverage rows
Atlanta,Benesch,-1,0,1,1,2026-09-29,2026-10-06,all events except coverage rows
Atlanta,Carvana,1,1,0,1,2026-09-29,2026-10-06,all events except coverage rows
Atlanta,Centria Autism,-1,1,2,3,2026-09-29,2026-10-06,all events except coverage rows
Atlanta,Compass,-1,0,1,1,2026-09-29,2026-10-06,all events except coverage rows
Atlanta,Cortland,1,5,4,9,2026-09-29,2026-10-06,all events except coverage rows
Atlanta,Datavant,1,1,0,1,2026-09-29,2026-10-06,all events except coverage rows
Atlanta,DigitalOcean,1,1,0,1,2026-09-29,2026-10-06,all events except coverage rows
Atlanta,EquipmentShare,-1,0,1,1,2026-09-29,2026-10-06,all events except coverage rows
Atlanta,Fullstory,1,1,0,1,2026-09-29,2026-10-06,all events except coverage rows
Atlanta,Genetec,1,1,0,1,2026-09-29,2026-10-06,all events except coverage rows
Atlanta,Headlands Research,-1,0,1,1,2026-09-29,2026-10-06,all events except coverage rows
Atlanta,Human Agency,-1,0,1,1,2026-09-29,2026-10-06,all events except coverage rows
Atlanta,JumpCloud,1,1,0,1,2026-09-29,2026-10-06,all events except coverage rows
Atlanta,Lush Handmade Cosmetics,-1,1,2,3,2026-09-29,2026-10-06,all events except coverage rows
Atlanta,Marksman Security LLC,1,2,1,3,2026-09-29,2026-10-06,all events except coverage rows
Atlanta,Mixpanel,-1,0,1,1,2026-09-29,2026-10-06,all events except coverage rows
Atlanta,Monks,-1,0,1,1,2026-09-29,2026-10-06,all events except coverage rows
Atlanta,Natera,-1,1,2,3,2026-09-29,2026-10-06,all events except coverage rows
Atlanta,Nextdoor,-1,0,1,1,2026-09-29,2026-10-06,all events except coverage rows
Atlanta,OneTrust,1,6,5,11,2026-09-29,2026-10-06,all events except coverage rows
Atlanta,Pinterest,-1,0,1,1,2026-09-29,2026-10-06,all events except coverage rows
Atlanta,Sapsol Technologies Inc,-1,0,1,1,2026-09-29,2026-10-06,all events except coverage rows
Atlanta,Shields Health Solutions,1,1,0,1,2026-09-29,2026-10-06,all events except coverage rows
Atlanta,Sonatype,1,1,0,1,2026-09-29,2026-10-06,all events except coverage rows
Atlanta,Tecovas,1,1,0,1,2026-09-29,2026-10-06,all events except coverage rows
Atlanta,Teltonika,-1,0,1,1,2026-09-29,2026-10-06,all events except coverage rows
Atlanta,Toast,1,1,0,1,2026-09-29,2026-10-06,all events except coverage rows
Atlanta,Upstream Rehabilitation,1,2,1,3,2026-09-29,2026-10-06,all events except coverage rows
Atlanta,Veterinary Practice Partners,-1,0,1,1,2026-09-29,2026-10-06,all events except coverage rows
Atlanta,WPP Media,-1,1,2,3,2026-09-29,2026-10-06,all events except coverage rows
Atlanta,Walden Security,-1,1,2,3,2026-09-29,2026-10-06,all events except coverage rows
Atlanta,Zeta Global,1,1,0,1,2026-09-29,2026-10-06,all events except coverage rows
Atlanta,ZipRecruiter,1,1,0,1,2026-09-29,2026-10-06,all events except coverage rows
Atlanta,acceleration-academies,1,1,0,1,2026-09-29,2026-10-06,all events except coverage rows
Atlanta,allworthfinancial,-1,0,1,1,2026-09-29,2026-10-06,all events except coverage rows
Atlanta,americanredcross,1,1,0,1,2026-09-29,2026-10-06,all events except coverage rows
Atlanta,aresmgmt,-1,0,1,1,2026-09-29,2026-10-06,all events except coverage rows
Atlanta,asmglobal,1,1,0,1,2026-09-29,2026-10-06,all events except coverage rows
Atlanta,assetliving,1,1,0,1,2026-09-29,2026-10-06,all events except coverage rows
Atlanta,asuresoftware,-1,0,1,1,2026-09-29,2026-10-06,all events except coverage rows
Atlanta,atlbeltline,-1,0,1,1,2026-09-29,2026-10-06,all events except coverage rows
Atlanta,att,-1,2,3,5,2026-09-29,2026-10-06,all events except coverage rows
Atlanta,autodesk,-1,0,1,1,2026-09-29,2026-10-06,all events except coverage rows
Atlanta,azuritypharmaceuticals,-1,0,1,1,2026-09-29,2026-10-06,all events except coverage rows
Atlanta,baldwin,-1,0,1,1,2026-09-29,2026-10-06,all events except coverage rows
Atlanta,banyansoftware,1,1,0,1,2026-09-29,2026-10-06,all events except coverage rows
Atlanta,barrywehmiller,-1,0,1,1,2026-09-29,2026-10-06,all events except coverage rows
Atlanta,bbinsurance,1,1,0,1,2026-09-29,2026-10-06,all events except coverage rows
Atlanta,beaconsoftware,1,1,0,1,2026-09-29,2026-10-06,all events except coverage rows
Atlanta,benefithub,1,1,0,1,2026-09-29,2026-10-06,all events except coverage rows
Atlanta,brookshires,-1,0,1,1,2026-09-29,2026-10-06,all events except coverage rows
Atlanta,c3,-1,0,1,1,2026-09-29,2026-10-06,all events except coverage rows
Atlanta,calibercollision,-1,0,1,1,2026-09-29,2026-10-06,all events except coverage rows
Atlanta,cancersupportcommunity,1,1,0,1,2026-09-29,2026-10-06,all events except coverage rows
Atlanta,cat,-1,0,1,1,2026-09-29,2026-10-06,all events except coverage rows
Atlanta,cpisecurity,-1,0,1,1,2026-09-29,2026-10-06,all events except coverage rows
Atlanta,createmusicgroup,1,1,0,1,2026-09-29,2026-10-06,all events except coverage rows
Atlanta,crosswalk-health-inc,1,1,0,1,2026-09-29,2026-10-06,all events except coverage rows
Atlanta,cw,-1,0,1,1,2026-09-29,2026-10-06,all events except coverage rows
Atlanta,cyberhaven,-1,0,1,1,2026-09-29,2026-10-06,all events except coverage rows
Atlanta,ditto,1,1,0,1,2026-09-29,2026-10-06,all events except coverage rows
Atlanta,docebo,1,1,0,1,2026-09-29,2026-10-06,all events except coverage rows
Atlanta,erm,-1,0,1,1,2026-09-29,2026-10-06,all events except coverage rows
Atlanta,fmr,-1,0,1,1,2026-09-29,2026-10-06,all events except coverage rows
Atlanta,freese,-1,0,1,1,2026-09-29,2026-10-06,all events except coverage rows
Atlanta,genpt,1,4,3,7,2026-09-29,2026-10-06,all events except coverage rows
Atlanta,gfs,-1,1,2,3,2026-09-29,2026-10-06,all events except coverage rows
Atlanta,ghr,-1,2,3,5,2026-09-29,2026-10-06,all events except coverage rows
Atlanta,globalhealthcareexchangeinc,1,1,0,1,2026-09-29,2026-10-06,all events except coverage rows
Atlanta,goatgroup,1,1,0,1,2026-09-29,2026-10-06,all events except coverage rows
Atlanta,graceloveslace,1,1,0,1,2026-09-29,2026-10-06,all events except coverage rows
Atlanta,guardianpharmacy,-1,0,1,1,2026-09-29,2026-10-06,all events except coverage rows
Atlanta,harpergroup,1,1,0,1,2026-09-29,2026-10-06,all events except coverage rows
Atlanta,hawkeyeinnovations,1,2,1,3,2026-09-29,2026-10-06,all events except coverage rows
Atlanta,huntington,-1,1,2,3,2026-09-29,2026-10-06,all events except coverage rows
Atlanta,inspiremedicalsystemsinc,-1,0,1,1,2026-09-29,2026-10-06,all events except coverage rows
Atlanta,internaljobsatlush,-1,1,2,3,2026-09-29,2026-10-06,all events except coverage rows
Atlanta,intersection,1,1,0,1,2026-09-29,2026-10-06,all events except coverage rows
Atlanta,jabil,-1,0,1,1,2026-09-29,2026-10-06,all events except coverage rows
Atlanta,jbhunt,-1,0,1,1,2026-09-29,2026-10-06,all events except coverage rows
Atlanta,jj,1,2,1,3,2026-09-29,2026-10-06,all events except coverage rows
Atlanta,keyfactorinc,-1,0,1,1,2026-09-29,2026-10-06,all events except coverage rows
Atlanta,leidos,1,2,1,3,2026-09-29,2026-10-06,all events except coverage rows
Atlanta,lovehoneygroup,-1,0,1,1,2026-09-29,2026-10-06,all events except coverage rows
Atlanta,lowes,1,1,0,1,2026-09-29,2026-10-06,all events except coverage rows
Atlanta,lusternational,-1,0,1,1,2026-09-29,2026-10-06,all events except coverage rows
Atlanta,mackaysposito,1,1,0,1,2026-09-29,2026-10-06,all events except coverage rows
Atlanta,mamayahealth,1,1,0,1,2026-09-29,2026-10-06,all events except coverage rows
Atlanta,manh,-1,2,3,5,2026-09-29,2026-10-06,all events except coverage rows
Atlanta,marcusmillichap,1,1,0,1,2026-09-29,2026-10-06,all events except coverage rows
Atlanta,masseyservices,-1,0,1,1,2026-09-29,2026-10-06,all events except coverage rows
Atlanta,mastercard,1,1,0,1,2026-09-29,2026-10-06,all events except coverage rows
Atlanta,maymobility,-1,0,1,1,2026-09-29,2026-10-06,all events except coverage rows
Atlanta,metropolis,-1,0,1,1,2026-09-29,2026-10-06,all events except coverage rows
Atlanta,midtown,-1,0,1,1,2026-09-29,2026-10-06,all events except coverage rows
Atlanta,morrisonexpress,-1,0,1,1,2026-09-29,2026-10-06,all events except coverage rows
Atlanta,mspark-careers,-1,0,1,1,2026-09-29,2026-10-06,all events except coverage rows
Atlanta,mullins-mechanical,1,5,4,9,2026-09-29,2026-10-06,all events except coverage rows
Atlanta,netapp,-1,0,1,1,2026-09-29,2026-10-06,all events except coverage rows
Atlanta,nextgeneration,1,5,4,9,2026-09-29,2026-10-06,all events except coverage rows
Atlanta,nike,1,2,1,3,2026-09-29,2026-10-06,all events except coverage rows
Atlanta,northspyre,1,1,0,1,2026-09-29,2026-10-06,all events except coverage rows
Atlanta,officespacesoftware,1,1,0,1,2026-09-29,2026-10-06,all events except coverage rows
Atlanta,onbe,-1,0,1,1,2026-09-29,2026-10-06,all events except coverage rows
Atlanta,openwork,1,1,0,1,2026-09-29,2026-10-06,all events except coverage rows
Atlanta,perscholashires,1,1,0,1,2026-09-29,2026-10-06,all events except coverage rows
Atlanta,pronghorn-careers,-1,0,1,1,2026-09-29,2026-10-06,all events except coverage rows
Atlanta,pultegroup,-1,0,1,1,2026-09-29,2026-10-06,all events except coverage rows
Atlanta,qgenda,1,3,2,5,2026-09-29,2026-10-06,all events except coverage rows
Atlanta,quickenloans,1,1,0,1,2026-09-29,2026-10-06,all events except coverage rows
Atlanta,rb,-1,1,2,3,2026-09-29,2026-10-06,all events except coverage rows
Atlanta,redblack,1,1,0,1,2026-09-29,2026-10-06,all events except coverage rows
Atlanta,reserv,-1,1,2,3,2026-09-29,2026-10-06,all events except coverage rows
Atlanta,riveron,1,2,1,3,2026-09-29,2026-10-06,all events except coverage rows
Atlanta,roche,1,1,0,1,2026-09-29,2026-10-06,all events except coverage rows
Atlanta,rohlig,-1,0,1,1,2026-09-29,2026-10-06,all events except coverage rows
Atlanta,scicominfrastructureservices,-1,0,1,1,2026-09-29,2026-10-06,all events except coverage rows
Atlanta,secretariatadvisorsllc,1,2,1,3,2026-09-29,2026-10-06,all events except coverage rows
Atlanta,skechers,1,1,0,1,2026-09-29,2026-10-06,all events except coverage rows
Atlanta,sola-insurance,-1,0,1,1,2026-09-29,2026-10-06,all events except coverage rows
Atlanta,stablekernel,-1,1,2,3,2026-09-29,2026-10-06,all events except coverage rows
Atlanta,stryker,-1,1,2,3,2026-09-29,2026-10-06,all events except coverage rows
Atlanta,swarovski,1,1,0,1,2026-09-29,2026-10-06,all events except coverage rows
Atlanta,thermofisher,-1,0,1,1,2026-09-29,2026-10-06,all events except coverage rows
Atlanta,townepark,-1,0,1,1,2026-09-29,2026-10-06,all events except coverage rows
Atlanta,trace3,1,1,0,1,2026-09-29,2026-10-06,all events except coverage rows
Atlanta,usbank,-1,3,4,7,2026-09-29,2026-10-06,all events except coverage rows
Atlanta,verizon,1,1,0,1,2026-09-29,2026-10-06,all events except coverage rows
Atlanta,waverlyadvisorsllc,1,1,0,1,2026-09-29,2026-10-06,all events except coverage rows
Atlanta,westernalliancebank,-1,0,1,1,2026-09-29,2026-10-06,all events except coverage rows
Atlanta,wf,-1,9,10,19,2026-09-29,2026-10-06,all events except coverage rows
Atlanta,yondr,1,1,0,1,2026-09-29,2026-10-06,all events except coverage rows
Atlanta,zoll,1,1,0,1,2026-09-29,2026-10-06,all events except coverage rows
Atlanta,AtriCure,0,1,1,2,2026-09-29,2026-10-06,all events except coverage rows
Atlanta,Checkout.com,0,1,1,2,2026-09-29,2026-10-06,all events except coverage rows
Atlanta,Iris North America,0,1,1,2,2026-09-29,2026-10-06,all events except coverage rows
Atlanta,JFrog,0,1,1,2,2026-09-29,2026-10-06,all events except coverage rows
Atlanta,Kelso Building Services,0,1,1,2,2026-09-29,2026-10-06,all events except coverage rows
Atlanta,Mercer Advisors,0,1,1,2,2026-09-29,2026-10-06,all events except coverage rows
Atlanta,Method Financial,0,1,1,2,2026-09-29,2026-10-06,all events except coverage rows
Atlanta,"Morgan & Morgan, P.A.",0,4,4,8,2026-09-29,2026-10-06,all events except coverage rows
Atlanta,One Medical,0,1,1,2,2026-09-29,2026-10-06,all events except coverage rows
Atlanta,Outreach,0,1,1,2,2026-09-29,2026-10-06,all events except coverage rows
Atlanta,PagerDuty,0,1,1,2,2026-09-29,2026-10-06,all events except coverage rows
Atlanta,Prophet,0,1,1,2,2026-09-29,2026-10-06,all events except coverage rows
Atlanta,STR,0,1,1,2,2026-09-29,2026-10-06,all events except coverage rows
Atlanta,Speechify,0,1,1,2,2026-09-29,2026-10-06,all events except coverage rows
Atlanta,United Placement Group,0,1,1,2,2026-09-29,2026-10-06,all events except coverage rows
Atlanta,app,0,2,2,4,2026-09-29,2026-10-06,all events except coverage rows
Atlanta,bah,0,5,5,10,2026-09-29,2026-10-06,all events except coverage rows
Atlanta,bdainc,0,1,1,2,2026-09-29,2026-10-06,all events except coverage rows
Atlanta,blackrock,0,1,1,2,2026-09-29,2026-10-06,all events except coverage rows
Atlanta,christ-covenant-church,0,1,1,2,2026-09-29,2026-10-06,all events except coverage rows
Atlanta,dlhcorporation,0,1,1,2,2026-09-29,2026-10-06,all events except coverage rows
Atlanta,ferrovial,0,1,1,2,2026-09-29,2026-10-06,all events except coverage rows
Atlanta,georgia,0,59,59,118,2026-09-29,2026-10-06,all events except coverage rows
Atlanta,homechef,0,3,3,6,2026-09-29,2026-10-06,all events except coverage rows
Atlanta,humana,0,1,1,2,2026-09-29,2026-10-06,all events except coverage rows
Atlanta,jerry.ai,0,1,1,2,2026-09-29,2026-10-06,all events except coverage rows
Atlanta,keybank,0,1,1,2,2026-09-29,2026-10-06,all events except coverage rows
Atlanta,kiongroup,0,1,1,2,2026-09-29,2026-10-06,all events except coverage rows
Atlanta,merceruniversity,0,1,1,2,2026-09-29,2026-10-06,all events except coverage rows
Atlanta,mergeworld,0,1,1,2,2026-09-29,2026-10-06,all events except coverage rows
Atlanta,ms,0,1,1,2,2026-09-29,2026-10-06,all events except coverage rows
Atlanta,mydpr,0,3,3,6,2026-09-29,2026-10-06,all events except coverage rows
Atlanta,pretiumenterpriseservices,0,1,1,2,2026-09-29,2026-10-06,all events except coverage rows
Atlanta,republic,0,2,2,4,2026-09-29,2026-10-06,all events except coverage rows
Atlanta,sixthman,0,1,1,2,2026-09-29,2026-10-06,all events except coverage rows
Atlanta,taacgroup,0,1,1,2,2026-09-29,2026-10-06,all events except coverage rows
Atlanta,tellos,0,1,1,2,2026-09-29,2026-10-06,all events except coverage rows
Atlanta,tempus,0,1,1,2,2026-09-29,2026-10-06,all events except coverage rows
Atlanta,theirc,0,1,1,2,2026-09-29,2026-10-06,all events except coverage rows
Atlanta,theweathercompany,0,2,2,4,2026-09-29,2026-10-06,all events except coverage rows
Atlanta,topgolf,0,4,4,8,2026-09-29,2026-10-06,all events except coverage rows
Atlanta,tranetechnologies,0,2,2,4,2026-09-29,2026-10-06,all events except coverage rows
Atlanta,tsys,0,5,5,10,2026-09-29,2026-10-06,all events except coverage rows
Atlanta,verifone,0,1,1,2,2026-09-29,2026-10-06,all events except coverage rows
Atlanta,workatbackbase,0,1,1,2,2026-09-29,2026-10-06,all events except coverage rows
Atlanta,www,0,2,2,4,2026-09-29,2026-10-06,all events except coverage rows
Atlanta,wynd,0,2,2,4,2026-09-29,2026-10-06,all events except coverage rows
Atlanta,xyz-reality,0,2,2,4,2026-09-29,2026-10-06,all events except coverage rows
Atlanta,youthvillages,0,2,2,4,2026-09-29,2026-10-06,all events except coverage rows
Austin,hyvee,11,11,0,11,2026-09-29,2026-10-06,all events except coverage rows
Austin,entegris,-10,3,13,16,2026-09-29,2026-10-06,all events except coverage rows
Austin,kla,10,10,0,10,2026-09-29,2026-10-06,all events except coverage rows
Austin,closinglock,-8,0,8,8,2026-09-29,2026-10-06,all events except coverage rows
Austin,amat,-7,21,28,49,2026-09-29,2026-10-06,all events except coverage rows
Austin,claytonhomes,7,8,1,9,2026-09-29,2026-10-06,all events except coverage rows
Austin,nordstrom,7,24,17,41,2026-09-29,2026-10-06,all events except coverage rows
Austin,utaustin,7,32,25,57,2026-09-29,2026-10-06,all events except coverage rows
Austin,cirrus,5,8,3,11,2026-09-29,2026-10-06,all events except coverage rows
Austin,wf,5,10,5,15,2026-09-29,2026-10-06,all events except coverage rows
Austin,Base Power Company,4,10,6,16,2026-09-29,2026-10-06,all events except coverage rows
Austin,Braze,4,7,3,10,2026-09-29,2026-10-06,all events except coverage rows
Austin,Roku,-4,0,4,4,2026-09-29,2026-10-06,all events except coverage rows
Austin,ambiqmicroinc,-4,0,4,4,2026-09-29,2026-10-06,all events except coverage rows
Austin,careers,4,5,1,6,2026-09-29,2026-10-06,all events except coverage rows
Austin,charterup,-4,0,4,4,2026-09-29,2026-10-06,all events except coverage rows
Austin,colliers,4,4,0,4,2026-09-29,2026-10-06,all events except coverage rows
Austin,inkind,4,5,1,6,2026-09-29,2026-10-06,all events except coverage rows
Austin,noda-ai,-4,0,4,4,2026-09-29,2026-10-06,all events except coverage rows
Austin,striveworks,4,5,1,6,2026-09-29,2026-10-06,all events except coverage rows
Austin,2K,3,3,0,3,2026-09-29,2026-10-06,all events except coverage rows
Austin,DISCO,3,3,0,3,2026-09-29,2026-10-06,all events except coverage rows
Austin,Langan Engineering & Environmental Services,3,3,0,3,2026-09-29,2026-10-06,all events except coverage rows
Austin,aalo-atomics,-3,5,8,13,2026-09-29,2026-10-06,all events except coverage rows
Austin,apptronik,3,7,4,11,2026-09-29,2026-10-06,all events except coverage rows
Austin,avride,3,4,1,5,2026-09-29,2026-10-06,all events except coverage rows
Austin,ferrovial,-3,3,6,9,2026-09-29,2026-10-06,all events except coverage rows
Austin,hp,3,3,0,3,2026-09-29,2026-10-06,all events except coverage rows
Austin,j,-3,9,12,21,2026-09-29,2026-10-06,all events except coverage rows
Austin,jll,3,7,4,11,2026-09-29,2026-10-06,all events except coverage rows
Austin,qualia,3,4,1,5,2026-09-29,2026-10-06,all events except coverage rows
Austin,thales,3,5,2,7,2026-09-29,2026-10-06,all events except coverage rows
Austin,tmobile,-3,0,3,3,2026-09-29,2026-10-06,all events except coverage rows
Austin,Advantmed,-2,0,2,2,2026-09-29,2026-10-06,all events except coverage rows
Austin,City Wide Facility Solutions,-2,0,2,2,2026-09-29,2026-10-06,all events except coverage rows
Austin,DigitalOcean,2,4,2,6,2026-09-29,2026-10-06,all events except coverage rows
Austin,Elastic,2,2,0,2,2026-09-29,2026-10-06,all events except coverage rows
Austin,EquipmentShare,-2,0,2,2,2026-09-29,2026-10-06,all events except coverage rows
Austin,Harmattan AI,2,3,1,4,2026-09-29,2026-10-06,all events except coverage rows
Austin,ICBD,2,2,0,2,2026-09-29,2026-10-06,all events except coverage rows
Austin,Launch Potato,-2,0,2,2,2026-09-29,2026-10-06,all events except coverage rows
Austin,Mixpanel,-2,0,2,2,2026-09-29,2026-10-06,all events except coverage rows
Austin,Natera,-2,7,9,16,2026-09-29,2026-10-06,all events except coverage rows
Austin,Reformation,2,2,0,2,2026-09-29,2026-10-06,all events except coverage rows
Austin,Silverado,2,4,2,6,2026-09-29,2026-10-06,all events except coverage rows
Austin,SpaceX,-2,2,4,6,2026-09-29,2026-10-06,all events except coverage rows
Austin,Tenstorrent,2,4,2,6,2026-09-29,2026-10-06,all events except coverage rows
Austin,Tyson & Mendes LLP,2,2,0,2,2026-09-29,2026-10-06,all events except coverage rows
Austin,aceable,-2,0,2,2,2026-09-29,2026-10-06,all events except coverage rows
Austin,americanredcross,2,2,0,2,2026-09-29,2026-10-06,all events except coverage rows
Austin,betterup,-2,0,2,2,2026-09-29,2026-10-06,all events except coverage rows
Austin,calibercollision,-2,1,3,4,2026-09-29,2026-10-06,all events except coverage rows
Austin,diligentrobotics,-2,0,2,2,2026-09-29,2026-10-06,all events except coverage rows
Austin,dlapiper,2,2,0,2,2026-09-29,2026-10-06,all events except coverage rows
Austin,ebay,-2,0,2,2,2026-09-29,2026-10-06,all events except coverage rows
Austin,ercot,2,3,1,4,2026-09-29,2026-10-06,all events except coverage rows
Austin,fmr,2,2,0,2,2026-09-29,2026-10-06,all events except coverage rows
Austin,freseniusmedicalcare,-2,0,2,2,2026-09-29,2026-10-06,all events except coverage rows
Austin,geico,2,2,0,2,2026-09-29,2026-10-06,all events except coverage rows
Austin,globalfoundries,2,2,0,2,2026-09-29,2026-10-06,all events except coverage rows
Austin,gridbeyond,-2,0,2,2,2026-09-29,2026-10-06,all events except coverage rows
Austin,gtv,2,2,0,2,2026-09-29,2026-10-06,all events except coverage rows
Austin,hitechautomotivegroup,2,2,0,2,2026-09-29,2026-10-06,all events except coverage rows
Austin,jabil,2,6,4,10,2026-09-29,2026-10-06,all events except coverage rows
Austin,liveparalleljobs,-2,0,2,2,2026-09-29,2026-10-06,all events except coverage rows
Austin,map,2,2,0,2,2026-09-29,2026-10-06,all events except coverage rows
Austin,micron,2,2,0,2,2026-09-29,2026-10-06,all events except coverage rows
Austin,miro,2,2,0,2,2026-09-29,2026-10-06,all events except coverage rows
Austin,peak6group,-2,1,3,4,2026-09-29,2026-10-06,all events except coverage rows
Austin,popstroke-job-board-1924,-2,0,2,2,2026-09-29,2026-10-06,all events except coverage rows
Austin,rsm,-2,0,2,2,2026-09-29,2026-10-06,all events except coverage rows
Austin,swarovski,-2,0,2,2,2026-09-29,2026-10-06,all events except coverage rows
Austin,theweitzcompany,-2,0,2,2,2026-09-29,2026-10-06,all events except coverage rows
Austin,topgolf,2,2,0,2,2026-09-29,2026-10-06,all events except coverage rows
Austin,townepark,2,4,2,6,2026-09-29,2026-10-06,all events except coverage rows
Austin,uhaul,-2,0,2,2,2026-09-29,2026-10-06,all events except coverage rows
Austin,whitewatermidstream,-2,0,2,2,2026-09-29,2026-10-06,all events except coverage rows
Austin,wynd,-2,2,4,6,2026-09-29,2026-10-06,all events except coverage rows
Austin,zdfirm,-2,0,2,2,2026-09-29,2026-10-06,all events except coverage rows
Austin,zyngacareers,-2,5,7,12,2026-09-29,2026-10-06,all events except coverage rows
Austin,1800gotjunk,1,1,0,1,2026-09-29,2026-10-06,all events except coverage rows
Austin,2020companies,-1,0,1,1,2026-09-29,2026-10-06,all events except coverage rows
Austin,9-mothers,-1,2,3,5,2026-09-29,2026-10-06,all events except coverage rows
Austin,Apex Companies,1,1,0,1,2026-09-29,2026-10-06,all events except coverage rows
Austin,Appian Corporation,-1,0,1,1,2026-09-29,2026-10-06,all events except coverage rows
Austin,CLEAR - Corporate,1,1,0,1,2026-09-29,2026-10-06,all events except coverage rows
Austin,CLEAR - Field,-1,0,1,1,2026-09-29,2026-10-06,all events except coverage rows
Austin,Carvana,1,2,1,3,2026-09-29,2026-10-06,all events except coverage rows
Austin,Cato Networks,-1,0,1,1,2026-09-29,2026-10-06,all events except coverage rows
Austin,Charlie Health Outreach,1,1,0,1,2026-09-29,2026-10-06,all events except coverage rows
Austin,Clera,-1,0,1,1,2026-09-29,2026-10-06,all events except coverage rows
Austin,Compass,-1,0,1,1,2026-09-29,2026-10-06,all events except coverage rows
Austin,Cortland,-1,0,1,1,2026-09-29,2026-10-06,all events except coverage rows
Austin,Culture Amp,-1,0,1,1,2026-09-29,2026-10-06,all events except coverage rows
Austin,Datavant,-1,0,1,1,2026-09-29,2026-10-06,all events except coverage rows
Austin,EOS,1,3,2,5,2026-09-29,2026-10-06,all events except coverage rows
Austin,Fictiv,1,1,0,1,2026-09-29,2026-10-06,all events except coverage rows
Austin,Flash,-1,0,1,1,2026-09-29,2026-10-06,all events except coverage rows
Austin,Fluidstack,1,6,5,11,2026-09-29,2026-10-06,all events except coverage rows
Austin,Gong.io,1,1,0,1,2026-09-29,2026-10-06,all events except coverage rows
Austin,Graphcore,-1,7,8,15,2026-09-29,2026-10-06,all events except coverage rows
Austin,Hasbro,1,1,0,1,2026-09-29,2026-10-06,all events except coverage rows
Austin,Human Agency,1,2,1,3,2026-09-29,2026-10-06,all events except coverage rows
Austin,Hyliion,-1,2,3,5,2026-09-29,2026-10-06,all events except coverage rows
Austin,Legion Health,1,1,0,1,2026-09-29,2026-10-06,all events except coverage rows
Austin,Light,-1,0,1,1,2026-09-29,2026-10-06,all events except coverage rows
Austin,Loenbro,-1,0,1,1,2026-09-29,2026-10-06,all events except coverage rows
Austin,Miro,1,3,2,5,2026-09-29,2026-10-06,all events except coverage rows
Austin,Motive,1,2,1,3,2026-09-29,2026-10-06,all events except coverage rows
Austin,NakedMD,-1,0,1,1,2026-09-29,2026-10-06,all events except coverage rows
Austin,Navan,-1,1,2,3,2026-09-29,2026-10-06,all events except coverage rows
Austin,Perry Homes,1,1,0,1,2026-09-29,2026-10-06,all events except coverage rows
Austin,Prophet,-1,0,1,1,2026-09-29,2026-10-06,all events except coverage rows
Austin,Rev,-1,0,1,1,2026-09-29,2026-10-06,all events except coverage rows
Austin,Rubrik,1,1,0,1,2026-09-29,2026-10-06,all events except coverage rows
Austin,Sapsol Technologies Inc,1,1,0,1,2026-09-29,2026-10-06,all events except coverage rows
Austin,SpaceXAI,-1,0,1,1,2026-09-29,2026-10-06,all events except coverage rows
Austin,Synthesia,-1,0,1,1,2026-09-29,2026-10-06,all events except coverage rows
Austin,T1 Energy,-1,0,1,1,2026-09-29,2026-10-06,all events except coverage rows
Austin,Tecovas,1,2,1,3,2026-09-29,2026-10-06,all events except coverage rows
Austin,Thatch,1,1,0,1,2026-09-29,2026-10-06,all events except coverage rows
Austin,The Hershey Company,-1,0,1,1,2026-09-29,2026-10-06,all events except coverage rows
Austin,UiPath,-1,1,2,3,2026-09-29,2026-10-06,all events except coverage rows
Austin,VSC Fire & Security,-1,0,1,1,2026-09-29,2026-10-06,all events except coverage rows
Austin,Veterinary Emergency Group (VEG),1,1,0,1,2026-09-29,2026-10-06,all events except coverage rows
Austin,Veterinary Practice Partners,-1,0,1,1,2026-09-29,2026-10-06,all events except coverage rows
Austin,Woolpert,1,1,0,1,2026-09-29,2026-10-06,all events except coverage rows
Austin,Zello,1,1,0,1,2026-09-29,2026-10-06,all events except coverage rows
Austin,ZipRecruiter,1,1,0,1,2026-09-29,2026-10-06,all events except coverage rows
Austin,accelerationpartners,1,2,1,3,2026-09-29,2026-10-06,all events except coverage rows
Austin,accreditedlabs,-1,0,1,1,2026-09-29,2026-10-06,all events except coverage rows
Austin,adthena,1,1,0,1,2026-09-29,2026-10-06,all events except coverage rows
Austin,aep,-1,0,1,1,2026-09-29,2026-10-06,all events except coverage rows
Austin,airgarage,1,1,0,1,2026-09-29,2026-10-06,all events except coverage rows
Austin,annieaesthetic,1,1,0,1,2026-09-29,2026-10-06,all events except coverage rows
Austin,assetliving,-1,0,1,1,2026-09-29,2026-10-06,all events except coverage rows
Austin,atlassand,1,1,0,1,2026-09-29,2026-10-06,all events except coverage rows
Austin,att,-1,0,1,1,2026-09-29,2026-10-06,all events except coverage rows
Austin,avathon,-1,0,1,1,2026-09-29,2026-10-06,all events except coverage rows
Austin,avav,-1,0,1,1,2026-09-29,2026-10-06,all events except coverage rows
Austin,aypapower,-1,0,1,1,2026-09-29,2026-10-06,all events except coverage rows
Austin,bah,1,1,0,1,2026-09-29,2026-10-06,all events except coverage rows
Austin,barrywehmiller,-1,0,1,1,2026-09-29,2026-10-06,all events except coverage rows
Austin,bdainc,-1,0,1,1,2026-09-29,2026-10-06,all events except coverage rows
Austin,belron,-1,0,1,1,2026-09-29,2026-10-06,all events except coverage rows
Austin,benefithub,1,1,0,1,2026-09-29,2026-10-06,all events except coverage rows
Austin,bigcommerce,-1,3,4,7,2026-09-29,2026-10-06,all events except coverage rows
Austin,blenheimchalcot,1,1,0,1,2026-09-29,2026-10-06,all events except coverage rows
Austin,caci,-1,1,2,3,2026-09-29,2026-10-06,all events except coverage rows
Austin,casa,1,1,0,1,2026-09-29,2026-10-06,all events except coverage rows
Austin,coderabbit,-1,0,1,1,2026-09-29,2026-10-06,all events except coverage rows
Austin,crossoverhealth,-1,1,2,3,2026-09-29,2026-10-06,all events except coverage rows
Austin,cullen-jewellery,1,1,0,1,2026-09-29,2026-10-06,all events except coverage rows
Austin,danaher,1,1,0,1,2026-09-29,2026-10-06,all events except coverage rows
Austin,delartech,-1,0,1,1,2026-09-29,2026-10-06,all events except coverage rows
Austin,digacore,-1,0,1,1,2026-09-29,2026-10-06,all events except coverage rows
Austin,dover,-1,1,2,3,2026-09-29,2026-10-06,all events except coverage rows
Austin,drivewealth,1,1,0,1,2026-09-29,2026-10-06,all events except coverage rows
Austin,efficientcomputer,1,1,0,1,2026-09-29,2026-10-06,all events except coverage rows
Austin,emeraldcloudlab,1,1,0,1,2026-09-29,2026-10-06,all events except coverage rows
Austin,emslinqinc,1,1,0,1,2026-09-29,2026-10-06,all events except coverage rows
Austin,energyx,-1,1,2,3,2026-09-29,2026-10-06,all events except coverage rows
Austin,envoy,1,1,0,1,2026-09-29,2026-10-06,all events except coverage rows
Austin,erm,1,1,0,1,2026-09-29,2026-10-06,all events except coverage rows
Austin,flowengineering,-1,0,1,1,2026-09-29,2026-10-06,all events except coverage rows
Austin,fox,-1,0,1,1,2026-09-29,2026-10-06,all events except coverage rows
Austin,gallatin,-1,0,1,1,2026-09-29,2026-10-06,all events except coverage rows
Austin,generalmotors,1,2,1,3,2026-09-29,2026-10-06,all events except coverage rows
Austin,ghr,1,2,1,3,2026-09-29,2026-10-06,all events except coverage rows
Austin,hackerone,1,1,0,1,2026-09-29,2026-10-06,all events except coverage rows
Austin,heartflowinc,-1,1,2,3,2026-09-29,2026-10-06,all events except coverage rows
Austin,hexium,1,1,0,1,2026-09-29,2026-10-06,all events except coverage rows
Austin,hntb,1,1,0,1,2026-09-29,2026-10-06,all events except coverage rows
Austin,hubinternational,-1,0,1,1,2026-09-29,2026-10-06,all events except coverage rows
Austin,hudl,-1,0,1,1,2026-09-29,2026-10-06,all events except coverage rows
Austin,icf,1,1,0,1,2026-09-29,2026-10-06,all events except coverage rows
Austin,iconcareers,-1,4,5,9,2026-09-29,2026-10-06,all events except coverage rows
Austin,infinitumelectric,-1,2,3,5,2026-09-29,2026-10-06,all events except coverage rows
Austin,interiorlogicgroup,-1,0,1,1,2026-09-29,2026-10-06,all events except coverage rows
Austin,jerry.ai,-1,0,1,1,2026-09-29,2026-10-06,all events except coverage rows
Austin,jj,-1,0,1,1,2026-09-29,2026-10-06,all events except coverage rows
Austin,johnsonbrothers,1,1,0,1,2026-09-29,2026-10-06,all events except coverage rows
Austin,keeleyconstruction,-1,0,1,1,2026-09-29,2026-10-06,all events except coverage rows
Austin,li-thermal-works,1,1,0,1,2026-09-29,2026-10-06,all events except coverage rows
Austin,lightspeedsystems,1,1,0,1,2026-09-29,2026-10-06,all events except coverage rows
Austin,madeincookware,1,1,0,1,2026-09-29,2026-10-06,all events except coverage rows
Austin,manulife,-1,0,1,1,2026-09-29,2026-10-06,all events except coverage rows
Austin,marcusmillichap,1,1,0,1,2026-09-29,2026-10-06,all events except coverage rows
Austin,marvell,-1,0,1,1,2026-09-29,2026-10-06,all events except coverage rows
Austin,medtronic,-1,1,2,3,2026-09-29,2026-10-06,all events except coverage rows
Austin,movetexas,1,1,0,1,2026-09-29,2026-10-06,all events except coverage rows
Austin,mudflap,1,1,0,1,2026-09-29,2026-10-06,all events except coverage rows
Austin,mydpr,1,4,3,7,2026-09-29,2026-10-06,all events except coverage rows
Austin,n8n,-1,0,1,1,2026-09-29,2026-10-06,all events except coverage rows
Austin,neuralink,1,2,1,3,2026-09-29,2026-10-06,all events except coverage rows
Austin,nike,1,1,0,1,2026-09-29,2026-10-06,all events except coverage rows
Austin,numeral,1,1,0,1,2026-09-29,2026-10-06,all events except coverage rows
Austin,olly-olly,1,1,0,1,2026-09-29,2026-10-06,all events except coverage rows
Austin,ownwell,-1,0,1,1,2026-09-29,2026-10-06,all events except coverage rows
Austin,paloaltonetworks,1,1,0,1,2026-09-29,2026-10-06,all events except coverage rows
Austin,pimco,1,1,0,1,2026-09-29,2026-10-06,all events except coverage rows
Austin,rarecandy,1,1,0,1,2026-09-29,2026-10-06,all events except coverage rows
Austin,realwork,-1,0,1,1,2026-09-29,2026-10-06,all events except coverage rows
Austin,recidiviz,-1,0,1,1,2026-09-29,2026-10-06,all events except coverage rows
Austin,republic,-1,0,1,1,2026-09-29,2026-10-06,all events except coverage rows
Austin,riot-platforms-careers,1,2,1,3,2026-09-29,2026-10-06,all events except coverage rows
Austin,riverai,1,1,0,1,2026-09-29,2026-10-06,all events except coverage rows
Austin,rockwellautomation,1,1,0,1,2026-09-29,2026-10-06,all events except coverage rows
Austin,roller,-1,0,1,1,2026-09-29,2026-10-06,all events except coverage rows
Austin,safetyworxs,-1,0,1,1,2026-09-29,2026-10-06,all events except coverage rows
Austin,sbmmanagement,1,3,2,5,2026-09-29,2026-10-06,all events except coverage rows
Austin,selffinancial,-1,2,3,5,2026-09-29,2026-10-06,all events except coverage rows
Austin,seniorpsych,-1,0,1,1,2026-09-29,2026-10-06,all events except coverage rows
Austin,socialfinance,1,1,0,1,2026-09-29,2026-10-06,all events except coverage rows
Austin,steadily,1,1,0,1,2026-09-29,2026-10-06,all events except coverage rows
Austin,stryker,-1,0,1,1,2026-09-29,2026-10-06,all events except coverage rows
Austin,stvinc,1,1,0,1,2026-09-29,2026-10-06,all events except coverage rows
Austin,sustainment,-1,1,2,3,2026-09-29,2026-10-06,all events except coverage rows
Austin,swbc,1,1,0,1,2026-09-29,2026-10-06,all events except coverage rows
Austin,taketwo,-1,1,2,3,2026-09-29,2026-10-06,all events except coverage rows
Austin,talkdesk2,-1,0,1,1,2026-09-29,2026-10-06,all events except coverage rows
Austin,tapestry,-1,0,1,1,2026-09-29,2026-10-06,all events except coverage rows
Austin,tenstorrentuniversity,-1,0,1,1,2026-09-29,2026-10-06,all events except coverage rows
Austin,terminal-industries,-1,0,1,1,2026-09-29,2026-10-06,all events except coverage rows
Austin,texasairsystems,1,1,0,1,2026-09-29,2026-10-06,all events except coverage rows
Austin,texascapitalbank,1,1,0,1,2026-09-29,2026-10-06,all events except coverage rows
Austin,the-origin-way,1,1,0,1,2026-09-29,2026-10-06,all events except coverage rows
Austin,theori,1,1,0,1,2026-09-29,2026-10-06,all events except coverage rows
Austin,tonal,1,1,0,1,2026-09-29,2026-10-06,all events except coverage rows
Austin,truist,-1,0,1,1,2026-09-29,2026-10-06,all events except coverage rows
Austin,upside,1,1,0,1,2026-09-29,2026-10-06,all events except coverage rows
Austin,verisoul,1,1,0,1,2026-09-29,2026-10-06,all events except coverage rows
Austin,wargamingen,1,1,0,1,2026-09-29,2026-10-06,all events except coverage rows
Austin,webai,1,1,0,1,2026-09-29,2026-10-06,all events except coverage rows
Austin,wellsky,1,1,0,1,2026-09-29,2026-10-06,all events except coverage rows
Austin,wimanagementllc,1,1,0,1,2026-09-29,2026-10-06,all events except coverage rows
Austin,workatbackbase,1,1,0,1,2026-09-29,2026-10-06,all events except coverage rows
Austin,xyz-reality,1,1,0,1,2026-09-29,2026-10-06,all events except coverage rows
Austin,DoorDash USA,0,1,1,2,2026-09-29,2026-10-06,all events except coverage rows
Austin,GFiber,0,1,1,2,2026-09-29,2026-10-06,all events except coverage rows
Austin,Klaviyo,0,1,1,2,2026-09-29,2026-10-06,all events except coverage rows
Austin,KnowBe4,0,1,1,2,2026-09-29,2026-10-06,all events except coverage rows
Austin,MNTN,0,1,1,2,2026-09-29,2026-10-06,all events except coverage rows
Austin,Nebius,0,1,1,2,2026-09-29,2026-10-06,all events except coverage rows
Austin,OLIX,0,1,1,2,2026-09-29,2026-10-06,all events except coverage rows
Austin,One Medical,0,1,1,2,2026-09-29,2026-10-06,all events except coverage rows
Austin,Orchard,0,1,1,2,2026-09-29,2026-10-06,all events except coverage rows
Austin,SPS North America,0,1,1,2,2026-09-29,2026-10-06,all events except coverage rows
Austin,Saronic Technologies,0,11,11,22,2026-09-29,2026-10-06,all events except coverage rows
Austin,Speechify,0,1,1,2,2026-09-29,2026-10-06,all events except coverage rows
Austin,Toast,0,2,2,4,2026-09-29,2026-10-06,all events except coverage rows
Austin,United Placement Group,0,1,1,2,2026-09-29,2026-10-06,all events except coverage rows
Austin,Virtu Financial,0,1,1,2,2026-09-29,2026-10-06,all events except coverage rows
Austin,americanyouthworks,0,2,2,4,2026-09-29,2026-10-06,all events except coverage rows
Austin,atlascredit,0,1,1,2,2026-09-29,2026-10-06,all events except coverage rows
Austin,bridgepoint-consulting,0,1,1,2,2026-09-29,2026-10-06,all events except coverage rows
Austin,cadence,0,1,1,2,2026-09-29,2026-10-06,all events except coverage rows
Austin,contoro,0,2,2,4,2026-09-29,2026-10-06,all events except coverage rows
Austin,firststudent,0,1,1,2,2026-09-29,2026-10-06,all events except coverage rows
Austin,frostbank,0,2,2,4,2026-09-29,2026-10-06,all events except coverage rows
Austin,g2,0,1,1,2,2026-09-29,2026-10-06,all events except coverage rows
Austin,granite,0,1,1,2,2026-09-29,2026-10-06,all events except coverage rows
Austin,hippo70,0,4,4,8,2026-09-29,2026-10-06,all events except coverage rows
Austin,huntington,0,1,1,2,2026-09-29,2026-10-06,all events except coverage rows
Austin,ias-careers,0,1,1,2,2026-09-29,2026-10-06,all events except coverage rows
Austin,inmarket,0,1,1,2,2026-09-29,2026-10-06,all events except coverage rows
Austin,lowes,0,3,3,6,2026-09-29,2026-10-06,all events except coverage rows
Austin,onxmaps,0,2,2,4,2026-09-29,2026-10-06,all events except coverage rows
Austin,partly.com,0,1,1,2,2026-09-29,2026-10-06,all events except coverage rows
Austin,r1rcm,0,1,1,2,2026-09-29,2026-10-06,all events except coverage rows
Austin,silabs,0,1,1,2,2026-09-29,2026-10-06,all events except coverage rows
Austin,spycloud,0,1,1,2,2026-09-29,2026-10-06,all events except coverage rows
Austin,thermofisher,0,4,4,8,2026-09-29,2026-10-06,all events except coverage rows
Austin,tjx,0,1,1,2,2026-09-29,2026-10-06,all events except coverage rows
Austin,ur,0,1,1,2,2026-09-29,2026-10-06,all events except coverage rows
Austin,www,0,3,3,6,2026-09-29,2026-10-06,all events except coverage rows
Austin,zendesk,0,1,1,2,2026-09-29,2026-10-06,all events except coverage rows
Barcelona,docplanner,8,8,0,8,2026-09-29,2026-10-06,all events except coverage rows
Barcelona,autodesk,-6,1,7,8,2026-09-29,2026-10-06,all events except coverage rows
Barcelona,TransPerfect,-5,0,5,5,2026-09-29,2026-10-06,all events except coverage rows
Barcelona,wallbox,5,5,0,5,2026-09-29,2026-10-06,all events except coverage rows
Barcelona,synnex,4,7,3,10,2026-09-29,2026-10-06,all events except coverage rows
Barcelona,thales,-4,2,6,8,2026-09-29,2026-10-06,all events except coverage rows
Barcelona,Ball Corporation,3,3,0,3,2026-09-29,2026-10-06,all events except coverage rows
Barcelona,Perk,3,7,4,11,2026-09-29,2026-10-06,all events except coverage rows
Barcelona,Preply,-3,5,8,13,2026-09-29,2026-10-06,all events except coverage rows
Barcelona,flowserve,3,3,0,3,2026-09-29,2026-10-06,all events except coverage rows
Barcelona,gevernova,-3,1,4,5,2026-09-29,2026-10-06,all events except coverage rows
Barcelona,olx,3,3,0,3,2026-09-29,2026-10-06,all events except coverage rows
Barcelona,siteminder,-3,0,3,3,2026-09-29,2026-10-06,all events except coverage rows
Barcelona,theknotworldwide,-3,0,3,3,2026-09-29,2026-10-06,all events except coverage rows
Barcelona,www,3,3,0,3,2026-09-29,2026-10-06,all events except coverage rows
Barcelona,OneSpan,2,2,0,2,2026-09-29,2026-10-06,all events except coverage rows
Barcelona,Satispay,2,2,0,2,2026-09-29,2026-10-06,all events except coverage rows
Barcelona,aristocrat,2,4,2,6,2026-09-29,2026-10-06,all events except coverage rows
Barcelona,bitpanda,-2,0,2,2,2026-09-29,2026-10-06,all events except coverage rows
Barcelona,bluecrux,-2,0,2,2,2026-09-29,2026-10-06,all events except coverage rows
Barcelona,career,-2,0,2,2,2026-09-29,2026-10-06,all events except coverage rows
Barcelona,clio,2,2,0,2,2026-09-29,2026-10-06,all events except coverage rows
Barcelona,dentsuaegis,2,2,0,2,2026-09-29,2026-10-06,all events except coverage rows
Barcelona,dexcom,2,2,0,2,2026-09-29,2026-10-06,all events except coverage rows
Barcelona,freenow,-2,2,4,6,2026-09-29,2026-10-06,all events except coverage rows
Barcelona,gartner,2,2,0,2,2026-09-29,2026-10-06,all events except coverage rows
Barcelona,kone,2,4,2,6,2026-09-29,2026-10-06,all events except coverage rows
Barcelona,labhouse,2,4,2,6,2026-09-29,2026-10-06,all events except coverage rows
Barcelona,lexroom,-2,0,2,2,2026-09-29,2026-10-06,all events except coverage rows
Barcelona,nttlimited,-2,0,2,2,2026-09-29,2026-10-06,all events except coverage rows
Barcelona,ptc,-2,1,3,4,2026-09-29,2026-10-06,all events except coverage rows
Barcelona,spcareers,2,3,1,4,2026-09-29,2026-10-06,all events except coverage rows
Barcelona,Clera,1,1,0,1,2026-09-29,2026-10-06,all events except coverage rows
Barcelona,Datavant,-1,0,1,1,2026-09-29,2026-10-06,all events except coverage rows
Barcelona,Elastic,-1,0,1,1,2026-09-29,2026-10-06,all events except coverage rows
Barcelona,G MASS,-1,0,1,1,2026-09-29,2026-10-06,all events except coverage rows
Barcelona,Lighthouse,-1,5,6,11,2026-09-29,2026-10-06,all events except coverage rows
Barcelona,"Lightspeed Commerce, Inc.",-1,0,1,1,2026-09-29,2026-10-06,all events except coverage rows
Barcelona,Okta,1,1,0,1,2026-09-29,2026-10-06,all events except coverage rows
Barcelona,OpenTable,-1,0,1,1,2026-09-29,2026-10-06,all events except coverage rows
Barcelona,Referral Board,-1,0,1,1,2026-09-29,2026-10-06,all events except coverage rows
Barcelona,Stripe,1,1,0,1,2026-09-29,2026-10-06,all events except coverage rows
Barcelona,VTEX,-1,0,1,1,2026-09-29,2026-10-06,all events except coverage rows
Barcelona,Veeam Software,1,1,0,1,2026-09-29,2026-10-06,all events except coverage rows
Barcelona,abacum,-1,0,1,1,2026-09-29,2026-10-06,all events except coverage rows
Barcelona,acciona,1,7,6,13,2026-09-29,2026-10-06,all events except coverage rows
Barcelona,appodeal,1,2,1,3,2026-09-29,2026-10-06,all events except coverage rows
Barcelona,backmarket,1,1,0,1,2026-09-29,2026-10-06,all events except coverage rows
Barcelona,bayware,1,1,0,1,2026-09-29,2026-10-06,all events except coverage rows
Barcelona,codeway,1,3,2,5,2026-09-29,2026-10-06,all events except coverage rows
Barcelona,db,-1,0,1,1,2026-09-29,2026-10-06,all events except coverage rows
Barcelona,diabolocom,-1,0,1,1,2026-09-29,2026-10-06,all events except coverage rows
Barcelona,dover,1,1,0,1,2026-09-29,2026-10-06,all events except coverage rows
Barcelona,eaton,-1,0,1,1,2026-09-29,2026-10-06,all events except coverage rows
Barcelona,eqs-group,1,3,2,5,2026-09-29,2026-10-06,all events except coverage rows
Barcelona,establishmentlabs,-1,0,1,1,2026-09-29,2026-10-06,all events except coverage rows
Barcelona,exogroup,-1,0,1,1,2026-09-29,2026-10-06,all events except coverage rows
Barcelona,ferrovial,-1,0,1,1,2026-09-29,2026-10-06,all events except coverage rows
Barcelona,grubtech,-1,0,1,1,2026-09-29,2026-10-06,all events except coverage rows
Barcelona,haier,1,1,0,1,2026-09-29,2026-10-06,all events except coverage rows
Barcelona,hpe,-1,1,2,3,2026-09-29,2026-10-06,all events except coverage rows
Barcelona,hudl,1,2,1,3,2026-09-29,2026-10-06,all events except coverage rows
Barcelona,iff,-1,0,1,1,2026-09-29,2026-10-06,all events except coverage rows
Barcelona,j,1,12,11,23,2026-09-29,2026-10-06,all events except coverage rows
Barcelona,jj,-1,0,1,1,2026-09-29,2026-10-06,all events except coverage rows
Barcelona,jll,1,2,1,3,2026-09-29,2026-10-06,all events except coverage rows
Barcelona,keyfactorinc,1,1,0,1,2026-09-29,2026-10-06,all events except coverage rows
Barcelona,medtronic,-1,0,1,1,2026-09-29,2026-10-06,all events except coverage rows
Barcelona,metyisag,-1,0,1,1,2026-09-29,2026-10-06,all events except coverage rows
Barcelona,mirakl,1,1,0,1,2026-09-29,2026-10-06,all events except coverage rows
Barcelona,monei,-1,0,1,1,2026-09-29,2026-10-06,all events except coverage rows
Barcelona,monolithicpower,-1,0,1,1,2026-09-29,2026-10-06,all events except coverage rows
Barcelona,monzo,-1,0,1,1,2026-09-29,2026-10-06,all events except coverage rows
Barcelona,myhrabc,1,1,0,1,2026-09-29,2026-10-06,all events except coverage rows
Barcelona,ncratleos,1,1,0,1,2026-09-29,2026-10-06,all events except coverage rows
Barcelona,newflag,1,1,0,1,2026-09-29,2026-10-06,all events except coverage rows
Barcelona,simcorp,-1,0,1,1,2026-09-29,2026-10-06,all events except coverage rows
Barcelona,skechers,1,3,2,5,2026-09-29,2026-10-06,all events except coverage rows
Barcelona,sulzer,1,1,0,1,2026-09-29,2026-10-06,all events except coverage rows
Barcelona,swarovski,-1,0,1,1,2026-09-29,2026-10-06,all events except coverage rows
Barcelona,thefork,1,2,1,3,2026-09-29,2026-10-06,all events except coverage rows
Barcelona,triple-a,1,1,0,1,2026-09-29,2026-10-06,all events except coverage rows
Barcelona,vistairhr,-1,0,1,1,2026-09-29,2026-10-06,all events except coverage rows
Barcelona,wallapop,-1,0,1,1,2026-09-29,2026-10-06,all events except coverage rows
Barcelona,zyngacareers,1,3,2,5,2026-09-29,2026-10-06,all events except coverage rows
Barcelona,Beyond,0,1,1,2,2026-09-29,2026-10-06,all events except coverage rows
Barcelona,Speechify,0,1,1,2,2026-09-29,2026-10-06,all events except coverage rows
Barcelona,Tripadvisor,0,1,1,2,2026-09-29,2026-10-06,all events except coverage rows
Barcelona,Utopia,0,1,1,2,2026-09-29,2026-10-06,all events except coverage rows
Barcelona,Voodoo,0,1,1,2,2026-09-29,2026-10-06,all events except coverage rows
Barcelona,Workato,0,1,1,2,2026-09-29,2026-10-06,all events except coverage rows
Barcelona,careers,0,1,1,2,2026-09-29,2026-10-06,all events except coverage rows
Barcelona,nike,0,1,1,2,2026-09-29,2026-10-06,all events except coverage rows
Barcelona,numastays,0,1,1,2,2026-09-29,2026-10-06,all events except coverage rows
Barcelona,omnicomhealth,0,1,1,2,2026-09-29,2026-10-06,all events except coverage rows
Barcelona,payhawkio,0,1,1,2,2026-09-29,2026-10-06,all events except coverage rows
Barcelona,pwc,0,1,1,2,2026-09-29,2026-10-06,all events except coverage rows
Barcelona,sanoma,0,2,2,4,2026-09-29,2026-10-06,all events except coverage rows
Barcelona,tripledotstudios,0,2,2,4,2026-09-29,2026-10-06,all events except coverage rows
Barcelona,vivid,0,1,1,2,2026-09-29,2026-10-06,all events except coverage rows
Bengaluru,micron,30,30,0,30,2026-09-29,2026-10-06,all events except coverage rows
Bengaluru,statestreet,-30,49,79,128,2026-09-29,2026-10-06,all events except coverage rows
Bengaluru,Weekday AI,-23,58,81,139,2026-09-29,2026-10-06,all events except coverage rows
Bengaluru,jll,-16,51,67,118,2026-09-29,2026-10-06,all events except coverage rows
Bengaluru,hpe,13,47,34,81,2026-09-29,2026-10-06,all events except coverage rows
Bengaluru,Everpure,-12,1,13,14,2026-09-29,2026-10-06,all events except coverage rows
Bengaluru,cat,12,16,4,20,2026-09-29,2026-10-06,all events except coverage rows
Bengaluru,Harness,-11,2,13,15,2026-09-29,2026-10-06,all events except coverage rows
Bengaluru,jj,10,17,7,24,2026-09-29,2026-10-06,all events except coverage rows
Bengaluru,lowes,10,21,11,32,2026-09-29,2026-10-06,all events except coverage rows
Bengaluru,rollsroyce,10,11,1,12,2026-09-29,2026-10-06,all events except coverage rows
Bengaluru,Roku,-8,0,8,8,2026-09-29,2026-10-06,all events except coverage rows
Bengaluru,Valtech,-8,0,8,8,2026-09-29,2026-10-06,all events except coverage rows
Bengaluru,abb,-8,34,42,76,2026-09-29,2026-10-06,all events except coverage rows
Bengaluru,arcticwolf,8,16,8,24,2026-09-29,2026-10-06,all events except coverage rows
Bengaluru,kraftonindia,-8,0,8,8,2026-09-29,2026-10-06,all events except coverage rows
Bengaluru,hitachi,-7,15,22,37,2026-09-29,2026-10-06,all events except coverage rows
Bengaluru,philips,7,28,21,49,2026-09-29,2026-10-06,all events except coverage rows
Bengaluru,sarvam,-7,2,9,11,2026-09-29,2026-10-06,all events except coverage rows
Bengaluru,skylo,-7,0,7,7,2026-09-29,2026-10-06,all events except coverage rows
Bengaluru,target,7,26,19,45,2026-09-29,2026-10-06,all events except coverage rows
Bengaluru,db,-6,16,22,38,2026-09-29,2026-10-06,all events except coverage rows
Bengaluru,dentsuaegis,6,9,3,12,2026-09-29,2026-10-06,all events except coverage rows
Bengaluru,dexcom,-6,1,7,8,2026-09-29,2026-10-06,all events except coverage rows
Bengaluru,fractal,-6,0,6,6,2026-09-29,2026-10-06,all events except coverage rows
Bengaluru,kantar,-6,0,6,6,2026-09-29,2026-10-06,all events except coverage rows
Bengaluru,kwalee,6,6,0,6,2026-09-29,2026-10-06,all events except coverage rows
Bengaluru,mavenir,-6,2,8,10,2026-09-29,2026-10-06,all events except coverage rows
Bengaluru,Databricks,-5,4,9,13,2026-09-29,2026-10-06,all events except coverage rows
Bengaluru,ethoslife,5,11,6,17,2026-09-29,2026-10-06,all events except coverage rows
Bengaluru,freseniusmedicalcare,-5,5,10,15,2026-09-29,2026-10-06,all events except coverage rows
Bengaluru,hp,-5,12,17,29,2026-09-29,2026-10-06,all events except coverage rows
Bengaluru,kyndryl,-5,5,10,15,2026-09-29,2026-10-06,all events except coverage rows
Bengaluru,thermofisher,-5,14,19,33,2026-09-29,2026-10-06,all events except coverage rows
Bengaluru,wf,-5,71,76,147,2026-09-29,2026-10-06,all events except coverage rows
Bengaluru,zebra,-5,6,11,17,2026-09-29,2026-10-06,all events except coverage rows
Bengaluru,zillow,5,7,2,9,2026-09-29,2026-10-06,all events except coverage rows
Bengaluru,zyngacareers,5,7,2,9,2026-09-29,2026-10-06,all events except coverage rows
Bengaluru,66degrees,-4,1,5,6,2026-09-29,2026-10-06,all events except coverage rows
Bengaluru,Ametek,-4,0,4,4,2026-09-29,2026-10-06,all events except coverage rows
Bengaluru,DigitalOcean,-4,1,5,6,2026-09-29,2026-10-06,all events except coverage rows
Bengaluru,avathon,-4,0,4,4,2026-09-29,2026-10-06,all events except coverage rows
Bengaluru,bluevineindia,-4,1,5,6,2026-09-29,2026-10-06,all events except coverage rows
Bengaluru,careers,4,6,2,8,2026-09-29,2026-10-06,all events except coverage rows
Bengaluru,cisco,4,18,14,32,2026-09-29,2026-10-06,all events except coverage rows
Bengaluru,commerceiq,-4,0,4,4,2026-09-29,2026-10-06,all events except coverage rows
Bengaluru,generalmotors,-4,0,4,4,2026-09-29,2026-10-06,all events except coverage rows
Bengaluru,kone,-4,0,4,4,2026-09-29,2026-10-06,all events except coverage rows
Bengaluru,motorolasolutions,4,7,3,10,2026-09-29,2026-10-06,all events except coverage rows
Bengaluru,netapp,4,4,0,4,2026-09-29,2026-10-06,all events except coverage rows
Bengaluru,rippling,4,17,13,30,2026-09-29,2026-10-06,all events except coverage rows
Bengaluru,unisys,-4,7,11,18,2026-09-29,2026-10-06,all events except coverage rows
Bengaluru,Apna,3,5,2,7,2026-09-29,2026-10-06,all events except coverage rows
Bengaluru,Arrive,-3,0,3,3,2026-09-29,2026-10-06,all events except coverage rows
Bengaluru,Diligent Corporation,-3,5,8,13,2026-09-29,2026-10-06,all events except coverage rows
Bengaluru,Instawork,3,3,0,3,2026-09-29,2026-10-06,all events except coverage rows
Bengaluru,Payoneer,-3,1,4,5,2026-09-29,2026-10-06,all events except coverage rows
Bengaluru,Quince,3,3,0,3,2026-09-29,2026-10-06,all events except coverage rows
Bengaluru,Rubrik,3,6,3,9,2026-09-29,2026-10-06,all events except coverage rows
Bengaluru,adobe,-3,2,5,7,2026-09-29,2026-10-06,all events except coverage rows
Bengaluru,adtran,-3,0,3,3,2026-09-29,2026-10-06,all events except coverage rows
Bengaluru,altera,-3,0,3,3,2026-09-29,2026-10-06,all events except coverage rows
Bengaluru,amat,-3,14,17,31,2026-09-29,2026-10-06,all events except coverage rows
Bengaluru,bloomenergy,-3,0,3,3,2026-09-29,2026-10-06,all events except coverage rows
Bengaluru,fortrea,-3,2,5,7,2026-09-29,2026-10-06,all events except coverage rows
Bengaluru,gea,-3,0,3,3,2026-09-29,2026-10-06,all events except coverage rows
Bengaluru,iqvia,-3,19,22,41,2026-09-29,2026-10-06,all events except coverage rows
Bengaluru,jiostar,-3,1,4,5,2026-09-29,2026-10-06,all events except coverage rows
Bengaluru,syndigo,3,3,0,3,2026-09-29,2026-10-06,all events except coverage rows
Bengaluru,talkdesk2,-3,0,3,3,2026-09-29,2026-10-06,all events except coverage rows
Bengaluru,unispace,-3,0,3,3,2026-09-29,2026-10-06,all events except coverage rows
Bengaluru,2070Health,-2,0,2,2,2026-09-29,2026-10-06,all events except coverage rows
Bengaluru,Adyen,2,3,1,4,2026-09-29,2026-10-06,all events except coverage rows
Bengaluru,Airbnb,-2,1,3,4,2026-09-29,2026-10-06,all events except coverage rows
Bengaluru,Celonis,-2,0,2,2,2026-09-29,2026-10-06,all events except coverage rows
Bengaluru,Coupang,2,3,1,4,2026-09-29,2026-10-06,all events except coverage rows
Bengaluru,GitLab,-2,1,3,4,2026-09-29,2026-10-06,all events except coverage rows
Bengaluru,Okta,2,9,7,16,2026-09-29,2026-10-06,all events except coverage rows
Bengaluru,Precision Medicine Group,2,2,0,2,2026-09-29,2026-10-06,all events except coverage rows
Bengaluru,Precision for Medicine,2,2,0,2,2026-09-29,2026-10-06,all events except coverage rows
Bengaluru,SentinelOne,2,3,1,4,2026-09-29,2026-10-06,all events except coverage rows
Bengaluru,Smartsheet,2,9,7,16,2026-09-29,2026-10-06,all events except coverage rows
Bengaluru,Zeta Global,2,2,0,2,2026-09-29,2026-10-06,all events except coverage rows
Bengaluru,ZoomInfo Technologies LLC,-2,2,4,6,2026-09-29,2026-10-06,all events except coverage rows
Bengaluru,att,-2,2,4,6,2026-09-29,2026-10-06,all events except coverage rows
Bengaluru,autodesk,2,11,9,20,2026-09-29,2026-10-06,all events except coverage rows
Bengaluru,barclays,2,6,4,10,2026-09-29,2026-10-06,all events except coverage rows
Bengaluru,blackrock,-2,0,2,2,2026-09-29,2026-10-06,all events except coverage rows
Bengaluru,blackstone,2,2,0,2,2026-09-29,2026-10-06,all events except coverage rows
Bengaluru,cadence,2,2,0,2,2026-09-29,2026-10-06,all events except coverage rows
Bengaluru,chevron,2,10,8,18,2026-09-29,2026-10-06,all events except coverage rows
Bengaluru,cigna,2,5,3,8,2026-09-29,2026-10-06,all events except coverage rows
Bengaluru,clarioclinical,-2,0,2,2,2026-09-29,2026-10-06,all events except coverage rows
Bengaluru,cleoindia,2,2,0,2,2026-09-29,2026-10-06,all events except coverage rows
Bengaluru,cloudsek,2,2,0,2,2026-09-29,2026-10-06,all events except coverage rows
Bengaluru,coram-ai,-2,0,2,2,2026-09-29,2026-10-06,all events except coverage rows
Bengaluru,eisneramper,2,2,0,2,2026-09-29,2026-10-06,all events except coverage rows
Bengaluru,flowserve,-2,2,4,6,2026-09-29,2026-10-06,all events except coverage rows
Bengaluru,glance,-2,2,4,6,2026-09-29,2026-10-06,all events except coverage rows
Bengaluru,goto,-2,0,2,2,2026-09-29,2026-10-06,all events except coverage rows
Bengaluru,gsb,-2,0,2,2,2026-09-29,2026-10-06,all events except coverage rows
Bengaluru,j,2,35,33,68,2026-09-29,2026-10-06,all events except coverage rows
Bengaluru,jabil,2,2,0,2,2026-09-29,2026-10-06,all events except coverage rows
Bengaluru,karya,2,2,0,2,2026-09-29,2026-10-06,all events except coverage rows
Bengaluru,myhr,-2,0,2,2,2026-09-29,2026-10-06,all events except coverage rows
Bengaluru,noorahealth,2,2,0,2,2026-09-29,2026-10-06,all events except coverage rows
Bengaluru,nttlimited,2,11,9,20,2026-09-29,2026-10-06,all events except coverage rows
Bengaluru,nxp,2,3,1,4,2026-09-29,2026-10-06,all events except coverage rows
Bengaluru,razorpaysoftwareprivatelimited,2,7,5,12,2026-09-29,2026-10-06,all events except coverage rows
Bengaluru,rockstargames,2,3,1,4,2026-09-29,2026-10-06,all events except coverage rows
Bengaluru,saltmine,2,2,0,2,2026-09-29,2026-10-06,all events except coverage rows
Bengaluru,smartbear,-2,0,2,2,2026-09-29,2026-10-06,all events except coverage rows
Bengaluru,solenis,2,3,1,4,2026-09-29,2026-10-06,all events except coverage rows
Bengaluru,sonicwall,-2,1,3,4,2026-09-29,2026-10-06,all events except coverage rows
Bengaluru,span,-2,0,2,2,2026-09-29,2026-10-06,all events except coverage rows
Bengaluru,suse,2,2,0,2,2026-09-29,2026-10-06,all events except coverage rows
Bengaluru,thales,-2,1,3,4,2026-09-29,2026-10-06,all events except coverage rows
Bengaluru,wri,2,3,1,4,2026-09-29,2026-10-06,all events except coverage rows
Bengaluru,2K,-1,0,1,1,2026-09-29,2026-10-06,all events except coverage rows
Bengaluru,APEXX,1,1,0,1,2026-09-29,2026-10-06,all events except coverage rows
Bengaluru,Addepar,1,1,0,1,2026-09-29,2026-10-06,all events except coverage rows
Bengaluru,AlphaSense,-1,0,1,1,2026-09-29,2026-10-06,all events except coverage rows
Bengaluru,Anthropic,-1,0,1,1,2026-09-29,2026-10-06,all events except coverage rows
Bengaluru,Clari + Salesloft,-1,0,1,1,2026-09-29,2026-10-06,all events except coverage rows
Bengaluru,Coupang Internal,-1,1,2,3,2026-09-29,2026-10-06,all events except coverage rows
Bengaluru,Crypto,-1,0,1,1,2026-09-29,2026-10-06,all events except coverage rows
Bengaluru,Datadog,-1,0,1,1,2026-09-29,2026-10-06,all events except coverage rows
Bengaluru,Elastic,1,3,2,5,2026-09-29,2026-10-06,all events except coverage rows
Bengaluru,Endor Labs,1,1,0,1,2026-09-29,2026-10-06,all events except coverage rows
Bengaluru,FIRY,1,4,3,7,2026-09-29,2026-10-06,all events except coverage rows
Bengaluru,Fictiv,1,1,0,1,2026-09-29,2026-10-06,all events except coverage rows
Bengaluru,Figma,-1,0,1,1,2026-09-29,2026-10-06,all events except coverage rows
Bengaluru,Findem,-1,0,1,1,2026-09-29,2026-10-06,all events except coverage rows
Bengaluru,Graphcore,1,1,0,1,2026-09-29,2026-10-06,all events except coverage rows
Bengaluru,GreenLight Metals,1,1,0,1,2026-09-29,2026-10-06,all events except coverage rows
Bengaluru,Ingersoll Rand,1,1,0,1,2026-09-29,2026-10-06,all events except coverage rows
Bengaluru,KnowBe4,-1,0,1,1,2026-09-29,2026-10-06,all events except coverage rows
Bengaluru,Kong,-1,0,1,1,2026-09-29,2026-10-06,all events except coverage rows
Bengaluru,Mindera,1,1,0,1,2026-09-29,2026-10-06,all events except coverage rows
Bengaluru,MongoDB,1,2,1,3,2026-09-29,2026-10-06,all events except coverage rows
Bengaluru,Motive,-1,0,1,1,2026-09-29,2026-10-06,all events except coverage rows
Bengaluru,Navan,-1,0,1,1,2026-09-29,2026-10-06,all events except coverage rows
Bengaluru,Netskope,-1,1,2,3,2026-09-29,2026-10-06,all events except coverage rows
Bengaluru,Omnidian,1,1,0,1,2026-09-29,2026-10-06,all events except coverage rows
Bengaluru,Referral Board,-1,0,1,1,2026-09-29,2026-10-06,all events except coverage rows
Bengaluru,Rox-Data-Corp,-1,0,1,1,2026-09-29,2026-10-06,all events except coverage rows
Bengaluru,Sapsol Technologies Inc,1,1,0,1,2026-09-29,2026-10-06,all events except coverage rows
Bengaluru,Side,-1,1,2,3,2026-09-29,2026-10-06,all events except coverage rows
Bengaluru,Stripe,1,7,6,13,2026-09-29,2026-10-06,all events except coverage rows
Bengaluru,Tenstorrent,-1,0,1,1,2026-09-29,2026-10-06,all events except coverage rows
Bengaluru,Teradyne,1,1,0,1,2026-09-29,2026-10-06,all events except coverage rows
Bengaluru,The Hershey Company,-1,0,1,1,2026-09-29,2026-10-06,all events except coverage rows
Bengaluru,Vonage,1,1,0,1,2026-09-29,2026-10-06,all events except coverage rows
Bengaluru,WPP Media,-1,1,2,3,2026-09-29,2026-10-06,all events except coverage rows
Bengaluru,Waymo,-1,0,1,1,2026-09-29,2026-10-06,all events except coverage rows
Bengaluru,Wisdom-AI,-1,0,1,1,2026-09-29,2026-10-06,all events except coverage rows
Bengaluru,Zscaler,1,6,5,11,2026-09-29,2026-10-06,all events except coverage rows
Bengaluru,a3c41b8b71eff8c4,1,1,0,1,2026-09-29,2026-10-06,all events except coverage rows
Bengaluru,allegion,1,2,1,3,2026-09-29,2026-10-06,all events except coverage rows
Bengaluru,alphasenseindia,-1,0,1,1,2026-09-29,2026-10-06,all events except coverage rows
Bengaluru,alsglobal,-1,2,3,5,2026-09-29,2026-10-06,all events except coverage rows
Bengaluru,alteryx,-1,0,1,1,2026-09-29,2026-10-06,all events except coverage rows
Bengaluru,ambient.ai,-1,0,1,1,2026-09-29,2026-10-06,all events except coverage rows
Bengaluru,arrow,-1,0,1,1,2026-09-29,2026-10-06,all events except coverage rows
Bengaluru,aveva,-1,0,1,1,2026-09-29,2026-10-06,all events except coverage rows
Bengaluru,aviatrix,-1,1,2,3,2026-09-29,2026-10-06,all events except coverage rows
Bengaluru,baxter,-1,11,12,23,2026-09-29,2026-10-06,all events except coverage rows
Bengaluru,billigence,1,1,0,1,2026-09-29,2026-10-06,all events except coverage rows
Bengaluru,bradyplc,-1,0,1,1,2026-09-29,2026-10-06,all events except coverage rows
Bengaluru,careersdeltacapita,-1,0,1,1,2026-09-29,2026-10-06,all events except coverage rows
Bengaluru,cartesia,1,1,0,1,2026-09-29,2026-10-06,all events except coverage rows
Bengaluru,certifyos,1,1,0,1,2026-09-29,2026-10-06,all events except coverage rows
Bengaluru,couchbaseinc,1,2,1,3,2026-09-29,2026-10-06,all events except coverage rows
Bengaluru,cursor,-1,0,1,1,2026-09-29,2026-10-06,all events except coverage rows
Bengaluru,cw,-1,2,3,5,2026-09-29,2026-10-06,all events except coverage rows
Bengaluru,dbs,-1,1,2,3,2026-09-29,2026-10-06,all events except coverage rows
Bengaluru,dover,1,1,0,1,2026-09-29,2026-10-06,all events except coverage rows
Bengaluru,ebay,1,4,3,7,2026-09-29,2026-10-06,all events except coverage rows
Bengaluru,ensono,1,1,0,1,2026-09-29,2026-10-06,all events except coverage rows
Bengaluru,falconx,1,1,0,1,2026-09-29,2026-10-06,all events except coverage rows
Bengaluru,g2,1,1,0,1,2026-09-29,2026-10-06,all events except coverage rows
Bengaluru,gartner,1,3,2,5,2026-09-29,2026-10-06,all events except coverage rows
Bengaluru,gevernova,-1,8,9,17,2026-09-29,2026-10-06,all events except coverage rows
Bengaluru,gruve,1,1,0,1,2026-09-29,2026-10-06,all events except coverage rows
Bengaluru,headoutlinkedin,1,2,1,3,2026-09-29,2026-10-06,all events except coverage rows
Bengaluru,iff,1,1,0,1,2026-09-29,2026-10-06,all events except coverage rows
Bengaluru,inmobi,-1,2,3,5,2026-09-29,2026-10-06,all events except coverage rows
Bengaluru,konovo,-1,1,2,3,2026-09-29,2026-10-06,all events except coverage rows
Bengaluru,lnw,1,3,2,5,2026-09-29,2026-10-06,all events except coverage rows
Bengaluru,logitech,1,1,0,1,2026-09-29,2026-10-06,all events except coverage rows
Bengaluru,manh,1,1,0,1,2026-09-29,2026-10-06,all events except coverage rows
Bengaluru,marvell,1,2,1,3,2026-09-29,2026-10-06,all events except coverage rows
Bengaluru,mckesson,-1,0,1,1,2026-09-29,2026-10-06,all events except coverage rows
Bengaluru,metaforms,-1,2,3,5,2026-09-29,2026-10-06,all events except coverage rows
Bengaluru,moog,-1,2,3,5,2026-09-29,2026-10-06,all events except coverage rows
Bengaluru,narvar,1,1,0,1,2026-09-29,2026-10-06,all events except coverage rows
Bengaluru,neo4j,1,1,0,1,2026-09-29,2026-10-06,all events except coverage rows
Bengaluru,nightfall-ai,-1,0,1,1,2026-09-29,2026-10-06,all events except coverage rows
Bengaluru,nttglobaldatacenters,1,1,0,1,2026-09-29,2026-10-06,all events except coverage rows
Bengaluru,nvent,1,1,0,1,2026-09-29,2026-10-06,all events except coverage rows
Bengaluru,oliverseapac,1,1,0,1,2026-09-29,2026-10-06,all events except coverage rows
Bengaluru,paypal,1,2,1,3,2026-09-29,2026-10-06,all events except coverage rows
Bengaluru,pingidentity,1,1,0,1,2026-09-29,2026-10-06,all events except coverage rows
Bengaluru,prudential,1,3,2,5,2026-09-29,2026-10-06,all events except coverage rows
Bengaluru,riveron,1,1,0,1,2026-09-29,2026-10-06,all events except coverage rows
Bengaluru,roche,-1,1,2,3,2026-09-29,2026-10-06,all events except coverage rows
Bengaluru,rsa-security,-1,0,1,1,2026-09-29,2026-10-06,all events except coverage rows
Bengaluru,rzr,1,2,1,3,2026-09-29,2026-10-06,all events except coverage rows
Bengaluru,scioteq,-1,0,1,1,2026-09-29,2026-10-06,all events except coverage rows
Bengaluru,securonix,-1,3,4,7,2026-09-29,2026-10-06,all events except coverage rows
Bengaluru,sigmoid,1,1,0,1,2026-09-29,2026-10-06,all events except coverage rows
Bengaluru,sistemaaccount,-1,0,1,1,2026-09-29,2026-10-06,all events except coverage rows
Bengaluru,sitero,1,1,0,1,2026-09-29,2026-10-06,all events except coverage rows
Bengaluru,solera,1,1,0,1,2026-09-29,2026-10-06,all events except coverage rows
Bengaluru,spauldingridge,1,1,0,1,2026-09-29,2026-10-06,all events except coverage rows
Bengaluru,spgi,1,4,3,7,2026-09-29,2026-10-06,all events except coverage rows
Bengaluru,swarovski,1,1,0,1,2026-09-29,2026-10-06,all events except coverage rows
Bengaluru,synnex,-1,0,1,1,2026-09-29,2026-10-06,all events except coverage rows
Bengaluru,theeconomistgroup,1,1,0,1,2026-09-29,2026-10-06,all events except coverage rows
Bengaluru,thoughtworksreferral,-1,5,6,11,2026-09-29,2026-10-06,all events except coverage rows
Bengaluru,tranetechnologies,1,1,0,1,2026-09-29,2026-10-06,all events except coverage rows
Bengaluru,transunion,1,12,11,23,2026-09-29,2026-10-06,all events except coverage rows
Bengaluru,truecaller,-1,0,1,1,2026-09-29,2026-10-06,all events except coverage rows
Bengaluru,tsys,-1,0,1,1,2026-09-29,2026-10-06,all events except coverage rows
Bengaluru,tysonfoods,-1,1,2,3,2026-09-29,2026-10-06,all events except coverage rows
Bengaluru,verifone,1,1,0,1,2026-09-29,2026-10-06,all events except coverage rows
Bengaluru,westernacher,1,3,2,5,2026-09-29,2026-10-06,all events except coverage rows
Bengaluru,workspan-inc,-1,0,1,1,2026-09-29,2026-10-06,all events except coverage rows
Bengaluru,www,-1,15,16,31,2026-09-29,2026-10-06,all events except coverage rows
Bengaluru,6sense,0,3,3,6,2026-09-29,2026-10-06,all events except coverage rows
Bengaluru,Astera Labs,0,2,2,4,2026-09-29,2026-10-06,all events except coverage rows
Bengaluru,Commvault,0,4,4,8,2026-09-29,2026-10-06,all events except coverage rows
Bengaluru,EXTREME NETWORKS,0,2,2,4,2026-09-29,2026-10-06,all events except coverage rows
Bengaluru,Fivetran,0,3,3,6,2026-09-29,2026-10-06,all events except coverage rows
Bengaluru,Glean,0,1,1,2,2026-09-29,2026-10-06,all events except coverage rows
Bengaluru,JFrog,0,1,1,2,2026-09-29,2026-10-06,all events except coverage rows
Bengaluru,JumpCloud,0,3,3,6,2026-09-29,2026-10-06,all events except coverage rows
Bengaluru,New Relic,0,2,2,4,2026-09-29,2026-10-06,all events except coverage rows
Bengaluru,OneTrust,0,4,4,8,2026-09-29,2026-10-06,all events except coverage rows
Bengaluru,Point72,0,2,2,4,2026-09-29,2026-10-06,all events except coverage rows
Bengaluru,Speechify,0,1,1,2,2026-09-29,2026-10-06,all events except coverage rows
Bengaluru,Toast,0,4,4,8,2026-09-29,2026-10-06,all events except coverage rows
Bengaluru,Veeam Software,0,1,1,2,2026-09-29,2026-10-06,all events except coverage rows
Bengaluru,apexit,0,3,3,6,2026-09-29,2026-10-06,all events except coverage rows
Bengaluru,axicorpfinancialservicesptyltd,0,1,1,2,2026-09-29,2026-10-06,all events except coverage rows
Bengaluru,blackduck,0,1,1,2,2026-09-29,2026-10-06,all events except coverage rows
Bengaluru,copado,0,1,1,2,2026-09-29,2026-10-06,all events except coverage rows
Bengaluru,cyberhaven,0,1,1,2,2026-09-29,2026-10-06,all events except coverage rows
Bengaluru,d-matrix,0,1,1,2,2026-09-29,2026-10-06,all events except coverage rows
Bengaluru,danaher,0,10,10,20,2026-09-29,2026-10-06,all events except coverage rows
Bengaluru,diageo,0,9,9,18,2026-09-29,2026-10-06,all events except coverage rows
Bengaluru,dysrupit,0,1,1,2,2026-09-29,2026-10-06,all events except coverage rows
Bengaluru,erm,0,1,1,2,2026-09-29,2026-10-06,all events except coverage rows
Bengaluru,fico,0,1,1,2,2026-09-29,2026-10-06,all events except coverage rows
Bengaluru,fmr,0,9,9,18,2026-09-29,2026-10-06,all events except coverage rows
Bengaluru,forwardnetworks,0,1,1,2,2026-09-29,2026-10-06,all events except coverage rows
Bengaluru,geaerospace,0,2,2,4,2026-09-29,2026-10-06,all events except coverage rows
Bengaluru,gehc,0,6,6,12,2026-09-29,2026-10-06,all events except coverage rows
Bengaluru,gsk,0,1,1,2,2026-09-29,2026-10-06,all events except coverage rows
Bengaluru,headoutcareers,0,2,2,4,2026-09-29,2026-10-06,all events except coverage rows
Bengaluru,ingrammicro,0,2,2,4,2026-09-29,2026-10-06,all events except coverage rows
Bengaluru,ms,0,6,6,12,2026-09-29,2026-10-06,all events except coverage rows
Bengaluru,netgear,0,2,2,4,2026-09-29,2026-10-06,all events except coverage rows
Bengaluru,ntrs,0,6,6,12,2026-09-29,2026-10-06,all events except coverage rows
Bengaluru,pebl,0,3,3,6,2026-09-29,2026-10-06,all events except coverage rows
Bengaluru,project44,0,1,1,2,2026-09-29,2026-10-06,all events except coverage rows
Bengaluru,rockwellautomation,0,2,2,4,2026-09-29,2026-10-06,all events except coverage rows
Bengaluru,rsm,0,11,11,22,2026-09-29,2026-10-06,all events except coverage rows
Bengaluru,stockx,0,1,1,2,2026-09-29,2026-10-06,all events except coverage rows
Bengaluru,stryker,0,2,2,4,2026-09-29,2026-10-06,all events except coverage rows
Bengaluru,wrike,0,2,2,4,2026-09-29,2026-10-06,all events except coverage rows
Berlin,basspro,9,10,1,11,2026-09-29,2026-10-06,all events except coverage rows
Berlin,jobsatlanticvc,-8,1,9,10,2026-09-29,2026-10-06,all events except coverage rows
Berlin,Wolt - English,-7,3,10,13,2026-09-29,2026-10-06,all events except coverage rows
Berlin,j,-6,6,12,18,2026-09-29,2026-10-06,all events except coverage rows
Berlin,voize,-6,1,7,8,2026-09-29,2026-10-06,all events except coverage rows
Berlin,www,-6,2,8,10,2026-09-29,2026-10-06,all events except coverage rows
Berlin,HelloFresh,-5,9,14,23,2026-09-29,2026-10-06,all events except coverage rows
Berlin,lovehoneygroup,-5,0,5,5,2026-09-29,2026-10-06,all events except coverage rows
Berlin,ANGEHEUERT GmbH,4,8,4,12,2026-09-29,2026-10-06,all events except coverage rows
Berlin,caronsale,4,7,3,10,2026-09-29,2026-10-06,all events except coverage rows
Berlin,gevernova,-4,3,7,10,2026-09-29,2026-10-06,all events except coverage rows
Berlin,projectaservicesgmbhcokg,4,6,2,8,2026-09-29,2026-10-06,all events except coverage rows
Berlin,Clera,3,46,43,89,2026-09-29,2026-10-06,all events except coverage rows
Berlin,Databricks,3,4,1,5,2026-09-29,2026-10-06,all events except coverage rows
Berlin,Enpal,-3,5,8,13,2026-09-29,2026-10-06,all events except coverage rows
Berlin,Treatwell,3,3,0,3,2026-09-29,2026-10-06,all events except coverage rows
Berlin,almedia,-3,5,8,13,2026-09-29,2026-10-06,all events except coverage rows
Berlin,atmosfair,-3,0,3,3,2026-09-29,2026-10-06,all events except coverage rows
Berlin,autarcenergy,3,3,0,3,2026-09-29,2026-10-06,all events except coverage rows
Berlin,awin,3,3,0,3,2026-09-29,2026-10-06,all events except coverage rows
Berlin,es-group,3,3,0,3,2026-09-29,2026-10-06,all events except coverage rows
Berlin,jungvonmatt,3,3,0,3,2026-09-29,2026-10-06,all events except coverage rows
Berlin,langdock,3,6,3,9,2026-09-29,2026-10-06,all events except coverage rows
Berlin,neuronation,3,4,1,5,2026-09-29,2026-10-06,all events except coverage rows
Berlin,sunday-natural,-3,4,7,11,2026-09-29,2026-10-06,all events except coverage rows
Berlin,1komma5grad,-2,2,4,6,2026-09-29,2026-10-06,all events except coverage rows
Berlin,Adyen,2,2,0,2,2026-09-29,2026-10-06,all events except coverage rows
Berlin,Braze,2,2,0,2,2026-09-29,2026-10-06,all events except coverage rows
Berlin,Cohere,2,2,0,2,2026-09-29,2026-10-06,all events except coverage rows
Berlin,FeverUp,-2,1,3,4,2026-09-29,2026-10-06,all events except coverage rows
Berlin,Formlabs,-2,0,2,2,2026-09-29,2026-10-06,all events except coverage rows
Berlin,Hive,2,3,1,4,2026-09-29,2026-10-06,all events except coverage rows
Berlin,ICEYE,2,2,0,2,2026-09-29,2026-10-06,all events except coverage rows
Berlin,Planet,-2,2,4,6,2026-09-29,2026-10-06,all events except coverage rows
Berlin,Via,2,2,0,2,2026-09-29,2026-10-06,all events except coverage rows
Berlin,WPP Media,-2,0,2,2,2026-09-29,2026-10-06,all events except coverage rows
Berlin,adsquare,-2,0,2,2,2026-09-29,2026-10-06,all events except coverage rows
Berlin,aktiv-schuh-handelsgesellschaft-mbh,-2,0,2,2,2026-09-29,2026-10-06,all events except coverage rows
Berlin,aleno,2,2,0,2,2026-09-29,2026-10-06,all events except coverage rows
Berlin,amboss,-2,1,3,4,2026-09-29,2026-10-06,all events except coverage rows
Berlin,aw-algorithmwatch-ggmbh,-2,0,2,2,2026-09-29,2026-10-06,all events except coverage rows
Berlin,buena,2,2,0,2,2026-09-29,2026-10-06,all events except coverage rows
Berlin,bunch,-2,0,2,2,2026-09-29,2026-10-06,all events except coverage rows
Berlin,fastned,2,2,0,2,2026-09-29,2026-10-06,all events except coverage rows
Berlin,freseniusmedicalcare,2,2,0,2,2026-09-29,2026-10-06,all events except coverage rows
Berlin,genpt,-2,1,3,4,2026-09-29,2026-10-06,all events except coverage rows
Berlin,gtlaw,2,3,1,4,2026-09-29,2026-10-06,all events except coverage rows
Berlin,helloclue,2,3,1,4,2026-09-29,2026-10-06,all events except coverage rows
Berlin,issgovernance,2,2,0,2,2026-09-29,2026-10-06,all events except coverage rows
Berlin,lumenaza,-2,0,2,2,2026-09-29,2026-10-06,all events except coverage rows
Berlin,nextwind,-2,0,2,2,2026-09-29,2026-10-06,all events except coverage rows
Berlin,peec,-2,2,4,6,2026-09-29,2026-10-06,all events except coverage rows
Berlin,pg,2,2,0,2,2026-09-29,2026-10-06,all events except coverage rows
Berlin,reflex-aerospace-gmbh,2,2,0,2,2026-09-29,2026-10-06,all events except coverage rows
Berlin,solarisbank,2,2,0,2,2026-09-29,2026-10-06,all events except coverage rows
Berlin,tripledotstudios,2,2,0,2,2026-09-29,2026-10-06,all events except coverage rows
Berlin,upvest,-2,0,2,2,2026-09-29,2026-10-06,all events except coverage rows
Berlin,yoummday-gmbh,-2,0,2,2,2026-09-29,2026-10-06,all events except coverage rows
Berlin,1sp-agency,1,1,0,1,2026-09-29,2026-10-06,all events except coverage rows
Berlin,APM Monaco,1,1,0,1,2026-09-29,2026-10-06,all events except coverage rows
Berlin,Airbnb,-1,0,1,1,2026-09-29,2026-10-06,all events except coverage rows
Berlin,AppLovin,-1,0,1,1,2026-09-29,2026-10-06,all events except coverage rows
Berlin,Arrive,-1,1,2,3,2026-09-29,2026-10-06,all events except coverage rows
Berlin,Arsipa GmbH,1,3,2,5,2026-09-29,2026-10-06,all events except coverage rows
Berlin,Benchling,-1,0,1,1,2026-09-29,2026-10-06,all events except coverage rows
Berlin,Cato Networks,1,1,0,1,2026-09-29,2026-10-06,all events except coverage rows
Berlin,CloudFactory,-1,0,1,1,2026-09-29,2026-10-06,all events except coverage rows
Berlin,Doctolib,1,5,4,9,2026-09-29,2026-10-06,all events except coverage rows
Berlin,Eucalyptus,1,1,0,1,2026-09-29,2026-10-06,all events except coverage rows
Berlin,Fin,1,2,1,3,2026-09-29,2026-10-06,all events except coverage rows
Berlin,HubSpot,1,1,0,1,2026-09-29,2026-10-06,all events except coverage rows
Berlin,Monks,1,1,0,1,2026-09-29,2026-10-06,all events except coverage rows
Berlin,Moss,1,3,2,5,2026-09-29,2026-10-06,all events except coverage rows
Berlin,Neko Health,1,1,0,1,2026-09-29,2026-10-06,all events except coverage rows
Berlin,Precision Medicine Group,1,1,0,1,2026-09-29,2026-10-06,all events except coverage rows
Berlin,Precision for Medicine,1,1,0,1,2026-09-29,2026-10-06,all events except coverage rows
Berlin,Preply,1,1,0,1,2026-09-29,2026-10-06,all events except coverage rows
Berlin,Riot Games,-1,0,1,1,2026-09-29,2026-10-06,all events except coverage rows
Berlin,Rivian and Volkswagen Group Technologies,1,1,0,1,2026-09-29,2026-10-06,all events except coverage rows
Berlin,Rohlik,-1,0,1,1,2026-09-29,2026-10-06,all events except coverage rows
Berlin,Satispay,1,1,0,1,2026-09-29,2026-10-06,all events except coverage rows
Berlin,Stripe,-1,0,1,1,2026-09-29,2026-10-06,all events except coverage rows
Berlin,Synthesia,-1,0,1,1,2026-09-29,2026-10-06,all events except coverage rows
Berlin,Tide,-1,3,4,7,2026-09-29,2026-10-06,all events except coverage rows
Berlin,Workato,1,1,0,1,2026-09-29,2026-10-06,all events except coverage rows
Berlin,Zeta Global,1,1,0,1,2026-09-29,2026-10-06,all events except coverage rows
Berlin,adjoe,1,1,0,1,2026-09-29,2026-10-06,all events except coverage rows
Berlin,aok-connect,-1,0,1,1,2026-09-29,2026-10-06,all events except coverage rows
Berlin,apolloventures,1,1,0,1,2026-09-29,2026-10-06,all events except coverage rows
Berlin,arxroboticsgmbh,1,1,0,1,2026-09-29,2026-10-06,all events except coverage rows
Berlin,autonomous-teaming,1,1,0,1,2026-09-29,2026-10-06,all events except coverage rows
Berlin,beqom,-1,0,1,1,2026-09-29,2026-10-06,all events except coverage rows
Berlin,blacklane,1,2,1,3,2026-09-29,2026-10-06,all events except coverage rows
Berlin,brandung,-1,0,1,1,2026-09-29,2026-10-06,all events except coverage rows
Berlin,bridgemaker-gmbh,1,1,0,1,2026-09-29,2026-10-06,all events except coverage rows
Berlin,brighter-ai,1,1,0,1,2026-09-29,2026-10-06,all events except coverage rows
Berlin,broadsign,-1,0,1,1,2026-09-29,2026-10-06,all events except coverage rows
Berlin,buendnis-90die-gruenen,1,2,1,3,2026-09-29,2026-10-06,all events except coverage rows
Berlin,businessangels,1,1,0,1,2026-09-29,2026-10-06,all events except coverage rows
Berlin,cactus,1,1,0,1,2026-09-29,2026-10-06,all events except coverage rows
Berlin,careers,1,1,0,1,2026-09-29,2026-10-06,all events except coverage rows
Berlin,cbs Corporate Business Solutions GmbH,-1,0,1,1,2026-09-29,2026-10-06,all events except coverage rows
Berlin,commercetools,-1,0,1,1,2026-09-29,2026-10-06,all events except coverage rows
Berlin,coreweave,1,1,0,1,2026-09-29,2026-10-06,all events except coverage rows
Berlin,cycle,1,1,0,1,2026-09-29,2026-10-06,all events except coverage rows
Berlin,dash0,-1,0,1,1,2026-09-29,2026-10-06,all events except coverage rows
Berlin,data4life,1,1,0,1,2026-09-29,2026-10-06,all events except coverage rows
Berlin,deepsetai,1,1,0,1,2026-09-29,2026-10-06,all events except coverage rows
Berlin,doinstruct,-1,0,1,1,2026-09-29,2026-10-06,all events except coverage rows
Berlin,ecosia.org,-1,0,1,1,2026-09-29,2026-10-06,all events except coverage rows
Berlin,falling-walls,-1,0,1,1,2026-09-29,2026-10-06,all events except coverage rows
Berlin,fgsglobal,1,1,0,1,2026-09-29,2026-10-06,all events except coverage rows
Berlin,flex-capital-management-gmbh,1,1,0,1,2026-09-29,2026-10-06,all events except coverage rows
Berlin,freenow,-1,1,2,3,2026-09-29,2026-10-06,all events except coverage rows
Berlin,freshfields,-1,0,1,1,2026-09-29,2026-10-06,all events except coverage rows
Berlin,galvany,1,5,4,9,2026-09-29,2026-10-06,all events except coverage rows
Berlin,germanzeroev,-1,0,1,1,2026-09-29,2026-10-06,all events except coverage rows
Berlin,gestalten,1,1,0,1,2026-09-29,2026-10-06,all events except coverage rows
Berlin,good-hood-gmbh,-1,0,1,1,2026-09-29,2026-10-06,all events except coverage rows
Berlin,greenwind-group,-1,0,1,1,2026-09-29,2026-10-06,all events except coverage rows
Berlin,gus-germany,-1,1,2,3,2026-09-29,2026-10-06,all events except coverage rows
Berlin,hitachi,-1,1,2,3,2026-09-29,2026-10-06,all events except coverage rows
Berlin,hitzler,1,1,0,1,2026-09-29,2026-10-06,all events except coverage rows
Berlin,homify,1,1,0,1,2026-09-29,2026-10-06,all events except coverage rows
Berlin,hotelco51,-1,0,1,1,2026-09-29,2026-10-06,all events except coverage rows
Berlin,hpe,1,1,0,1,2026-09-29,2026-10-06,all events except coverage rows
Berlin,icct,1,2,1,3,2026-09-29,2026-10-06,all events except coverage rows
Berlin,idnow,1,2,1,3,2026-09-29,2026-10-06,all events except coverage rows
Berlin,interworks,-1,0,1,1,2026-09-29,2026-10-06,all events except coverage rows
Berlin,iqvia,-1,0,1,1,2026-09-29,2026-10-06,all events except coverage rows
Berlin,iwoca.co.uk,1,1,0,1,2026-09-29,2026-10-06,all events except coverage rows
Berlin,karriere,-1,0,1,1,2026-09-29,2026-10-06,all events except coverage rows
Berlin,kayzen,-1,0,1,1,2026-09-29,2026-10-06,all events except coverage rows
Berlin,knime,-1,0,1,1,2026-09-29,2026-10-06,all events except coverage rows
Berlin,lawpilots,-1,0,1,1,2026-09-29,2026-10-06,all events except coverage rows
Berlin,legalhero,1,1,0,1,2026-09-29,2026-10-06,all events except coverage rows
Berlin,lexroom,-1,0,1,1,2026-09-29,2026-10-06,all events except coverage rows
Berlin,maibornwolff,1,1,0,1,2026-09-29,2026-10-06,all events except coverage rows
Berlin,medtronic,-1,0,1,1,2026-09-29,2026-10-06,all events except coverage rows
Berlin,munich-security-conference-1,-1,0,1,1,2026-09-29,2026-10-06,all events except coverage rows
Berlin,mute-labs-gmbh,1,1,0,1,2026-09-29,2026-10-06,all events except coverage rows
Berlin,myhrabc,1,1,0,1,2026-09-29,2026-10-06,all events except coverage rows
Berlin,neoshare,-1,0,1,1,2026-09-29,2026-10-06,all events except coverage rows
Berlin,netconomy,-1,1,2,3,2026-09-29,2026-10-06,all events except coverage rows
Berlin,new-soul-gmbh,-1,0,1,1,2026-09-29,2026-10-06,all events except coverage rows
Berlin,nlcventures,1,1,0,1,2026-09-29,2026-10-06,all events except coverage rows
Berlin,noerr,1,1,0,1,2026-09-29,2026-10-06,all events except coverage rows
Berlin,numastays,1,1,0,1,2026-09-29,2026-10-06,all events except coverage rows
Berlin,paperandtea,-1,0,1,1,2026-09-29,2026-10-06,all events except coverage rows
Berlin,paypal,-1,0,1,1,2026-09-29,2026-10-06,all events except coverage rows
Berlin,peakace,1,1,0,1,2026-09-29,2026-10-06,all events except coverage rows
Berlin,puschwahlig-workplace-law,-1,0,1,1,2026-09-29,2026-10-06,all events except coverage rows
Berlin,raisin,-1,2,3,5,2026-09-29,2026-10-06,all events except coverage rows
Berlin,rausgegangen,-1,0,1,1,2026-09-29,2026-10-06,all events except coverage rows
Berlin,rebuy,1,1,0,1,2026-09-29,2026-10-06,all events except coverage rows
Berlin,reonic,-1,2,3,5,2026-09-29,2026-10-06,all events except coverage rows
Berlin,rudolfweber,1,1,0,1,2026-09-29,2026-10-06,all events except coverage rows
Berlin,smartlyio,1,1,0,1,2026-09-29,2026-10-06,all events except coverage rows
Berlin,soundcloud71,1,1,0,1,2026-09-29,2026-10-06,all events except coverage rows
Berlin,springernature,-1,0,1,1,2026-09-29,2026-10-06,all events except coverage rows
Berlin,stayraus-gmbh,1,1,0,1,2026-09-29,2026-10-06,all events except coverage rows
Berlin,stem-inc,-1,0,1,1,2026-09-29,2026-10-06,all events except coverage rows
Berlin,strategis-ag,1,1,0,1,2026-09-29,2026-10-06,all events except coverage rows
Berlin,sustentio,-1,1,2,3,2026-09-29,2026-10-06,all events except coverage rows
Berlin,tandem-health,1,1,0,1,2026-09-29,2026-10-06,all events except coverage rows
Berlin,tebi,1,1,0,1,2026-09-29,2026-10-06,all events except coverage rows
Berlin,telli,-1,1,2,3,2026-09-29,2026-10-06,all events except coverage rows
Berlin,telluride,-1,0,1,1,2026-09-29,2026-10-06,all events except coverage rows
Berlin,tertianum,1,1,0,1,2026-09-29,2026-10-06,all events except coverage rows
Berlin,tesvolt-gmbh,-1,0,1,1,2026-09-29,2026-10-06,all events except coverage rows
Berlin,thales,-1,1,2,3,2026-09-29,2026-10-06,all events except coverage rows
Berlin,tonies,-1,0,1,1,2026-09-29,2026-10-06,all events except coverage rows
Berlin,travelcircus,-1,0,1,1,2026-09-29,2026-10-06,all events except coverage rows
Berlin,trilogy,-1,0,1,1,2026-09-29,2026-10-06,all events except coverage rows
Berlin,tytantechnologiesgmbh,-1,0,1,1,2026-09-29,2026-10-06,all events except coverage rows
Berlin,ufpi,1,1,0,1,2026-09-29,2026-10-06,all events except coverage rows
Berlin,unframe,1,1,0,1,2026-09-29,2026-10-06,all events except coverage rows
Berlin,unybrands,1,1,0,1,2026-09-29,2026-10-06,all events except coverage rows
Berlin,urbansportsclub,1,1,0,1,2026-09-29,2026-10-06,all events except coverage rows
Berlin,veralto,1,1,0,1,2026-09-29,2026-10-06,all events except coverage rows
Berlin,viu-ventures,1,1,0,1,2026-09-29,2026-10-06,all events except coverage rows
Berlin,vivid,1,1,0,1,2026-09-29,2026-10-06,all events except coverage rows
Berlin,voyfai,-1,0,1,1,2026-09-29,2026-10-06,all events except coverage rows
Berlin,wayflyer,1,1,0,1,2026-09-29,2026-10-06,all events except coverage rows
Berlin,whalarinc,-1,0,1,1,2026-09-29,2026-10-06,all events except coverage rows
Berlin,wire-1,-1,0,1,1,2026-09-29,2026-10-06,all events except coverage rows
Berlin,workist-gmbh,1,1,0,1,2026-09-29,2026-10-06,all events except coverage rows
Berlin,yazio,-1,1,2,3,2026-09-29,2026-10-06,all events except coverage rows
Berlin,yepoda,1,4,3,7,2026-09-29,2026-10-06,all events except coverage rows
Berlin,4flow,0,1,1,2,2026-09-29,2026-10-06,all events except coverage rows
Berlin,Heidi,0,1,1,2,2026-09-29,2026-10-06,all events except coverage rows
Berlin,"Lightspeed Commerce, Inc.",0,3,3,6,2026-09-29,2026-10-06,all events except coverage rows
Berlin,Navan,0,1,1,2,2026-09-29,2026-10-06,all events except coverage rows
Berlin,SAP Fioneer,0,1,1,2,2026-09-29,2026-10-06,all events except coverage rows
Berlin,Speechify,0,1,1,2,2026-09-29,2026-10-06,all events except coverage rows
Berlin,Tabel Personalberatung GmbH,0,1,1,2,2026-09-29,2026-10-06,all events except coverage rows
Berlin,amberra,0,1,1,2,2026-09-29,2026-10-06,all events except coverage rows
Berlin,apobank,0,1,1,2,2026-09-29,2026-10-06,all events except coverage rows
Berlin,beb-immobilien-gmbh,0,1,1,2,2026-09-29,2026-10-06,all events except coverage rows
Berlin,bitpanda,0,1,1,2,2026-09-29,2026-10-06,all events except coverage rows
Berlin,bonial,0,1,1,2,2026-09-29,2026-10-06,all events except coverage rows
Berlin,cc,0,1,1,2,2026-09-29,2026-10-06,all events except coverage rows
Berlin,db,0,2,2,4,2026-09-29,2026-10-06,all events except coverage rows
Berlin,enlite,0,1,1,2,2026-09-29,2026-10-06,all events except coverage rows
Berlin,jll,0,1,1,2,2026-09-29,2026-10-06,all events except coverage rows
Berlin,legartis,0,2,2,4,2026-09-29,2026-10-06,all events except coverage rows
Berlin,pliant,0,1,1,2,2026-09-29,2026-10-06,all events except coverage rows
Berlin,smavagmbh,0,1,1,2,2026-09-29,2026-10-06,all events except coverage rows
Berlin,storymachine,0,1,1,2,2026-09-29,2026-10-06,all events except coverage rows
Berlin,taxfix.com,0,3,3,6,2026-09-29,2026-10-06,all events except coverage rows
Berlin,triple-a,0,1,1,2,2026-09-29,2026-10-06,all events except coverage rows
Berlin,vertigis,0,1,1,2,2026-09-29,2026-10-06,all events except coverage rows
Boston,bmc,-23,28,51,79,2026-09-29,2026-10-06,all events except coverage rows
Boston,www,21,23,2,25,2026-09-29,2026-10-06,all events except coverage rows
Boston,statestreet,-19,20,39,59,2026-09-29,2026-10-06,all events except coverage rows
Boston,manulife,-16,7,23,30,2026-09-29,2026-10-06,all events except coverage rows
Boston,rsm,-12,7,19,26,2026-09-29,2026-10-06,all events except coverage rows
Boston,Keystone,-7,0,7,7,2026-09-29,2026-10-06,all events except coverage rows
Boston,Klaviyo,-6,5,11,16,2026-09-29,2026-10-06,all events except coverage rows
Boston,Whoop,-6,10,16,26,2026-09-29,2026-10-06,all events except coverage rows
Boston,ameriprise,-6,0,6,6,2026-09-29,2026-10-06,all events except coverage rows
Boston,massago,-6,1,7,8,2026-09-29,2026-10-06,all events except coverage rows
Boston,ptc,6,8,2,10,2026-09-29,2026-10-06,all events except coverage rows
Boston,Anduril Industries,5,11,6,17,2026-09-29,2026-10-06,all events except coverage rows
Boston,Formlabs,5,5,0,5,2026-09-29,2026-10-06,all events except coverage rows
Boston,Roku,-5,0,5,5,2026-09-29,2026-10-06,all events except coverage rows
Boston,later,5,5,0,5,2026-09-29,2026-10-06,all events except coverage rows
Boston,mergeworld,-5,0,5,5,2026-09-29,2026-10-06,all events except coverage rows
Boston,wellington,-5,1,6,7,2026-09-29,2026-10-06,all events except coverage rows
Boston,Harvey,4,4,0,4,2026-09-29,2026-10-06,all events except coverage rows
Boston,bitsight,4,4,0,4,2026-09-29,2026-10-06,all events except coverage rows
Boston,mydpr,-4,1,5,6,2026-09-29,2026-10-06,all events except coverage rows
Boston,Hasbro,-3,2,5,7,2026-09-29,2026-10-06,all events except coverage rows
Boston,Xenon Pharmaceuticals,-3,0,3,3,2026-09-29,2026-10-06,all events except coverage rows
Boston,att,-3,0,3,3,2026-09-29,2026-10-06,all events except coverage rows
Boston,baincapital,3,4,1,5,2026-09-29,2026-10-06,all events except coverage rows
Boston,bevicareers,-3,0,3,3,2026-09-29,2026-10-06,all events except coverage rows
Boston,careers,3,3,0,3,2026-09-29,2026-10-06,all events except coverage rows
Boston,cc,3,3,0,3,2026-09-29,2026-10-06,all events except coverage rows
Boston,draftkings,-3,2,5,7,2026-09-29,2026-10-06,all events except coverage rows
Boston,fmr,-3,21,24,45,2026-09-29,2026-10-06,all events except coverage rows
Boston,nike,3,3,0,3,2026-09-29,2026-10-06,all events except coverage rows
Boston,santander,-3,0,3,3,2026-09-29,2026-10-06,all events except coverage rows
Boston,AirSculpt,-2,0,2,2,2026-09-29,2026-10-06,all events except coverage rows
Boston,Anthropic,-2,0,2,2,2026-09-29,2026-10-06,all events except coverage rows
Boston,Avalyn Pharma,-2,0,2,2,2026-09-29,2026-10-06,all events except coverage rows
Boston,Axon,-2,2,4,6,2026-09-29,2026-10-06,all events except coverage rows
Boston,CarGurus,-2,5,7,12,2026-09-29,2026-10-06,all events except coverage rows
Boston,Compass,2,5,3,8,2026-09-29,2026-10-06,all events except coverage rows
Boston,Delinea,-2,0,2,2,2026-09-29,2026-10-06,all events except coverage rows
Boston,DigitalOcean,2,4,2,6,2026-09-29,2026-10-06,all events except coverage rows
Boston,Kura Oncology,2,2,0,2,2026-09-29,2026-10-06,all events except coverage rows
Boston,Rockstar,-2,0,2,2,2026-09-29,2026-10-06,all events except coverage rows
Boston,Smartsheet,-2,0,2,2,2026-09-29,2026-10-06,all events except coverage rows
Boston,Tango Therapeutics,2,2,0,2,2026-09-29,2026-10-06,all events except coverage rows
Boston,Tines,-2,0,2,2,2026-09-29,2026-10-06,all events except coverage rows
Boston,Zocdoc,-2,0,2,2,2026-09-29,2026-10-06,all events except coverage rows
Boston,adamsclinical,-2,0,2,2,2026-09-29,2026-10-06,all events except coverage rows
Boston,arch.co,-2,0,2,2,2026-09-29,2026-10-06,all events except coverage rows
Boston,argenx,2,2,0,2,2026-09-29,2026-10-06,all events except coverage rows
Boston,bizzycar,-2,0,2,2,2026-09-29,2026-10-06,all events except coverage rows
Boston,casa-esperanza,-2,0,2,2,2026-09-29,2026-10-06,all events except coverage rows
Boston,civilgrid,-2,0,2,2,2026-09-29,2026-10-06,all events except coverage rows
Boston,clearwayhealth,-2,0,2,2,2026-09-29,2026-10-06,all events except coverage rows
Boston,marcusmillichap,2,2,0,2,2026-09-29,2026-10-06,all events except coverage rows
Boston,medtronic,2,3,1,4,2026-09-29,2026-10-06,all events except coverage rows
Boston,rapdev,2,2,0,2,2026-09-29,2026-10-06,all events except coverage rows
Boston,rb,-2,1,3,4,2026-09-29,2026-10-06,all events except coverage rows
Boston,ruelala,-2,3,5,8,2026-09-29,2026-10-06,all events except coverage rows
Boston,sedgwick,2,2,0,2,2026-09-29,2026-10-06,all events except coverage rows
Boston,sereact,-2,0,2,2,2026-09-29,2026-10-06,all events except coverage rows
Boston,showpad,-2,0,2,2,2026-09-29,2026-10-06,all events except coverage rows
Boston,spothopper,-2,0,2,2,2026-09-29,2026-10-06,all events except coverage rows
Boston,strandtherapeutics,2,2,0,2,2026-09-29,2026-10-06,all events except coverage rows
Boston,td,2,5,3,8,2026-09-29,2026-10-06,all events except coverage rows
Boston,themuseumofscience,-2,1,3,4,2026-09-29,2026-10-06,all events except coverage rows
Boston,thermofisher,-2,4,6,10,2026-09-29,2026-10-06,all events except coverage rows
Boston,verastem,2,2,0,2,2026-09-29,2026-10-06,all events except coverage rows
Boston,wf,-2,1,3,4,2026-09-29,2026-10-06,all events except coverage rows
Boston,Akoya,1,1,0,1,2026-09-29,2026-10-06,all events except coverage rows
Boston,Ascend Partner Firms,1,1,0,1,2026-09-29,2026-10-06,all events except coverage rows
Boston,Axogen,-1,0,1,1,2026-09-29,2026-10-06,all events except coverage rows
Boston,Benchling,1,1,0,1,2026-09-29,2026-10-06,all events except coverage rows
Boston,Bond Vet,-1,1,2,3,2026-09-29,2026-10-06,all events except coverage rows
Boston,Brilliant Earth,-1,0,1,1,2026-09-29,2026-10-06,all events except coverage rows
Boston,CLEAR - Field,1,1,0,1,2026-09-29,2026-10-06,all events except coverage rows
Boston,CannonDesign,1,2,1,3,2026-09-29,2026-10-06,all events except coverage rows
Boston,Carvana,1,2,1,3,2026-09-29,2026-10-06,all events except coverage rows
Boston,Cato Networks,-1,0,1,1,2026-09-29,2026-10-06,all events except coverage rows
Boston,Charles River Laboratories,1,1,0,1,2026-09-29,2026-10-06,all events except coverage rows
Boston,CloudZero,1,1,0,1,2026-09-29,2026-10-06,all events except coverage rows
Boston,Control Risks,-1,0,1,1,2026-09-29,2026-10-06,all events except coverage rows
Boston,Databricks,-1,0,1,1,2026-09-29,2026-10-06,all events except coverage rows
Boston,Datadog,-1,5,6,11,2026-09-29,2026-10-06,all events except coverage rows
Boston,Datavant,-1,0,1,1,2026-09-29,2026-10-06,all events except coverage rows
Boston,Galaxy Integrated Technologies,-1,0,1,1,2026-09-29,2026-10-06,all events except coverage rows
Boston,Human Agency,-1,0,1,1,2026-09-29,2026-10-06,all events except coverage rows
Boston,IXL Learning,1,1,0,1,2026-09-29,2026-10-06,all events except coverage rows
Boston,Kelso Building Services,1,1,0,1,2026-09-29,2026-10-06,all events except coverage rows
Boston,Lucid Motors,-1,0,1,1,2026-09-29,2026-10-06,all events except coverage rows
Boston,Mercer Advisors,-1,0,1,1,2026-09-29,2026-10-06,all events except coverage rows
Boston,Mixpanel,-1,0,1,1,2026-09-29,2026-10-06,all events except coverage rows
Boston,"Morgan & Morgan, P.A.",-1,0,1,1,2026-09-29,2026-10-06,all events except coverage rows
Boston,Motional,1,1,0,1,2026-09-29,2026-10-06,all events except coverage rows
Boston,NakedMD,-1,0,1,1,2026-09-29,2026-10-06,all events except coverage rows
Boston,Natera,1,1,0,1,2026-09-29,2026-10-06,all events except coverage rows
Boston,Navan,1,1,0,1,2026-09-29,2026-10-06,all events except coverage rows
Boston,Okta,1,1,0,1,2026-09-29,2026-10-06,all events except coverage rows
Boston,Olema Oncology,1,3,2,5,2026-09-29,2026-10-06,all events except coverage rows
Boston,Outset Medical,-1,0,1,1,2026-09-29,2026-10-06,all events except coverage rows
Boston,Perk,-1,0,1,1,2026-09-29,2026-10-06,all events except coverage rows
Boston,Raven,-1,0,1,1,2026-09-29,2026-10-06,all events except coverage rows
Boston,Scale AI,-1,0,1,1,2026-09-29,2026-10-06,all events except coverage rows
Boston,SpotOn,1,1,0,1,2026-09-29,2026-10-06,all events except coverage rows
Boston,Tenstorrent,1,1,0,1,2026-09-29,2026-10-06,all events except coverage rows
Boston,Tiger Analytics Inc.,-1,0,1,1,2026-09-29,2026-10-06,all events except coverage rows
Boston,Toast,-1,3,4,7,2026-09-29,2026-10-06,all events except coverage rows
Boston,Viant Technology,-1,3,4,7,2026-09-29,2026-10-06,all events except coverage rows
Boston,Wilson Elser - Attorneys,-1,0,1,1,2026-09-29,2026-10-06,all events except coverage rows
Boston,Zoox,1,1,0,1,2026-09-29,2026-10-06,all events except coverage rows
Boston,Zscaler,-1,0,1,1,2026-09-29,2026-10-06,all events except coverage rows
Boston,accelerationpartners,1,2,1,3,2026-09-29,2026-10-06,all events except coverage rows
Boston,airliquidehr,-1,0,1,1,2026-09-29,2026-10-06,all events except coverage rows
Boston,airspace-intelligence.com,-1,0,1,1,2026-09-29,2026-10-06,all events except coverage rows
Boston,alpha9oncology,1,1,0,1,2026-09-29,2026-10-06,all events except coverage rows
Boston,alumniventures,1,1,0,1,2026-09-29,2026-10-06,all events except coverage rows
Boston,aninebing,-1,0,1,1,2026-09-29,2026-10-06,all events except coverage rows
Boston,annaautismcare,-1,0,1,1,2026-09-29,2026-10-06,all events except coverage rows
Boston,apiphani,1,1,0,1,2026-09-29,2026-10-06,all events except coverage rows
Boston,app,1,1,0,1,2026-09-29,2026-10-06,all events except coverage rows
Boston,aristocrat,1,1,0,1,2026-09-29,2026-10-06,all events except coverage rows
Boston,aritzia,-1,0,1,1,2026-09-29,2026-10-06,all events except coverage rows
Boston,asda,-1,0,1,1,2026-09-29,2026-10-06,all events except coverage rows
Boston,axontalentcommunity,1,2,1,3,2026-09-29,2026-10-06,all events except coverage rows
Boston,baldwin,-1,0,1,1,2026-09-29,2026-10-06,all events except coverage rows
Boston,ballentine-partners,-1,0,1,1,2026-09-29,2026-10-06,all events except coverage rows
Boston,beaconbiosignals,1,2,1,3,2026-09-29,2026-10-06,all events except coverage rows
Boston,beelinemedicines,-1,0,1,1,2026-09-29,2026-10-06,all events except coverage rows
Boston,billups,-1,0,1,1,2026-09-29,2026-10-06,all events except coverage rows
Boston,bluewave,1,1,0,1,2026-09-29,2026-10-06,all events except coverage rows
Boston,bmo,1,1,0,1,2026-09-29,2026-10-06,all events except coverage rows
Boston,bridgepoint-consulting,-1,0,1,1,2026-09-29,2026-10-06,all events except coverage rows
Boston,capstoneintegratedsolutions,-1,0,1,1,2026-09-29,2026-10-06,all events except coverage rows
Boston,caresource,-1,0,1,1,2026-09-29,2026-10-06,all events except coverage rows
Boston,catapultsports,-1,1,2,3,2026-09-29,2026-10-06,all events except coverage rows
Boston,centerfield,1,1,0,1,2026-09-29,2026-10-06,all events except coverage rows
Boston,centessapharmaceuticalsinc,-1,1,2,3,2026-09-29,2026-10-06,all events except coverage rows
Boston,charlesriverassociates,1,2,1,3,2026-09-29,2026-10-06,all events except coverage rows
Boston,cibc,-1,0,1,1,2026-09-29,2026-10-06,all events except coverage rows
Boston,cisco,1,1,0,1,2026-09-29,2026-10-06,all events except coverage rows
Boston,clearviewhealthcarepartners,1,1,0,1,2026-09-29,2026-10-06,all events except coverage rows
Boston,coderabbit,-1,0,1,1,2026-09-29,2026-10-06,all events except coverage rows
Boston,commercetools,1,1,0,1,2026-09-29,2026-10-06,all events except coverage rows
Boston,convene,-1,1,2,3,2026-09-29,2026-10-06,all events except coverage rows
Boston,counsel,-1,0,1,1,2026-09-29,2026-10-06,all events except coverage rows
Boston,crjcareers,-1,1,2,3,2026-09-29,2026-10-06,all events except coverage rows
Boston,cyvl,1,1,0,1,2026-09-29,2026-10-06,all events except coverage rows
Boston,daymarkhealth,1,1,0,1,2026-09-29,2026-10-06,all events except coverage rows
Boston,dlapiper,-1,0,1,1,2026-09-29,2026-10-06,all events except coverage rows
Boston,edgebeamwireless,-1,1,2,3,2026-09-29,2026-10-06,all events except coverage rows
Boston,erm,-1,2,3,5,2026-09-29,2026-10-06,all events except coverage rows
Boston,evergreenefficiency,-1,0,1,1,2026-09-29,2026-10-06,all events except coverage rows
Boston,everlane,-1,0,1,1,2026-09-29,2026-10-06,all events except coverage rows
Boston,eyebot,-1,0,1,1,2026-09-29,2026-10-06,all events except coverage rows
Boston,ezcaterinc,-1,1,2,3,2026-09-29,2026-10-06,all events except coverage rows
Boston,familywell,-1,0,1,1,2026-09-29,2026-10-06,all events except coverage rows
Boston,foresitelabs,-1,0,1,1,2026-09-29,2026-10-06,all events except coverage rows
Boston,freseniusmedicalcare,-1,0,1,1,2026-09-29,2026-10-06,all events except coverage rows
Boston,freshfields,-1,0,1,1,2026-09-29,2026-10-06,all events except coverage rows
Boston,gartner,1,1,0,1,2026-09-29,2026-10-06,all events except coverage rows
Boston,geico,-1,0,1,1,2026-09-29,2026-10-06,all events except coverage rows
Boston,genpt,-1,0,1,1,2026-09-29,2026-10-06,all events except coverage rows
Boston,gfs,1,1,0,1,2026-09-29,2026-10-06,all events except coverage rows
Boston,gtlaw,1,2,1,3,2026-09-29,2026-10-06,all events except coverage rows
Boston,heidelbergmaterials,1,1,0,1,2026-09-29,2026-10-06,all events except coverage rows
Boston,hillel,1,1,0,1,2026-09-29,2026-10-06,all events except coverage rows
Boston,hinghamsavings,1,1,0,1,2026-09-29,2026-10-06,all events except coverage rows
Boston,hntb,-1,1,2,3,2026-09-29,2026-10-06,all events except coverage rows
Boston,hometap,-1,0,1,1,2026-09-29,2026-10-06,all events except coverage rows
Boston,ians,-1,1,2,3,2026-09-29,2026-10-06,all events except coverage rows
Boston,icon,1,1,0,1,2026-09-29,2026-10-06,all events except coverage rows
Boston,immersivelabs,-1,0,1,1,2026-09-29,2026-10-06,all events except coverage rows
Boston,itw,-1,0,1,1,2026-09-29,2026-10-06,all events except coverage rows
Boston,j,1,15,14,29,2026-09-29,2026-10-06,all events except coverage rows
Boston,jj,1,3,2,5,2026-09-29,2026-10-06,all events except coverage rows
Boston,jobs-page-4dc2685b-eb82-46d1-a3f9-1f0764dba814,-1,0,1,1,2026-09-29,2026-10-06,all events except coverage rows
Boston,jukeboxhealth,-1,0,1,1,2026-09-29,2026-10-06,all events except coverage rows
Boston,kernalbio,1,1,0,1,2026-09-29,2026-10-06,all events except coverage rows
Boston,keybank,-1,1,2,3,2026-09-29,2026-10-06,all events except coverage rows
Boston,kodex,1,1,0,1,2026-09-29,2026-10-06,all events except coverage rows
Boston,leadsurge,1,1,0,1,2026-09-29,2026-10-06,all events except coverage rows
Boston,lightmatter,1,2,1,3,2026-09-29,2026-10-06,all events except coverage rows
Boston,lilt-corporate,1,1,0,1,2026-09-29,2026-10-06,all events except coverage rows
Boston,lovable,-1,0,1,1,2026-09-29,2026-10-06,all events except coverage rows
Boston,mark43,-1,0,1,1,2026-09-29,2026-10-06,all events except coverage rows
Boston,maven-agi,1,2,1,3,2026-09-29,2026-10-06,all events except coverage rows
Boston,mia-labs,1,1,0,1,2026-09-29,2026-10-06,all events except coverage rows
Boston,moderawealthmanagement,-1,0,1,1,2026-09-29,2026-10-06,all events except coverage rows
Boston,moleskine,-1,0,1,1,2026-09-29,2026-10-06,all events except coverage rows
Boston,ms,-1,3,4,7,2026-09-29,2026-10-06,all events except coverage rows
Boston,mtb,1,1,0,1,2026-09-29,2026-10-06,all events except coverage rows
Boston,nextinsurance66,-1,0,1,1,2026-09-29,2026-10-06,all events except coverage rows
Boston,nift,-1,0,1,1,2026-09-29,2026-10-06,all events except coverage rows
Boston,nonprofitfinancefund,1,1,0,1,2026-09-29,2026-10-06,all events except coverage rows
Boston,nordstrom,1,3,2,5,2026-09-29,2026-10-06,all events except coverage rows
Boston,onapsis,-1,0,1,1,2026-09-29,2026-10-06,all events except coverage rows
Boston,onbe,-1,0,1,1,2026-09-29,2026-10-06,all events except coverage rows
Boston,oni,-1,0,1,1,2026-09-29,2026-10-06,all events except coverage rows
Boston,outfrontmedia,1,1,0,1,2026-09-29,2026-10-06,all events except coverage rows
Boston,paloaltonetworks,1,2,1,3,2026-09-29,2026-10-06,all events except coverage rows
Boston,paperlessparts,-1,0,1,1,2026-09-29,2026-10-06,all events except coverage rows
Boston,pelthos,1,1,0,1,2026-09-29,2026-10-06,all events except coverage rows
Boston,philips,1,1,0,1,2026-09-29,2026-10-06,all events except coverage rows
Boston,pixability,-1,0,1,1,2026-09-29,2026-10-06,all events except coverage rows
Boston,posh-ai,-1,0,1,1,2026-09-29,2026-10-06,all events except coverage rows
Boston,pryzm,1,1,0,1,2026-09-29,2026-10-06,all events except coverage rows
Boston,queracomputinginc,1,2,1,3,2026-09-29,2026-10-06,all events except coverage rows
Boston,racapitalmanagementllc,1,1,0,1,2026-09-29,2026-10-06,all events except coverage rows
Boston,recidiviz,-1,0,1,1,2026-09-29,2026-10-06,all events except coverage rows
Boston,recordedfuture,1,2,1,3,2026-09-29,2026-10-06,all events except coverage rows
Boston,regeneron,1,1,0,1,2026-09-29,2026-10-06,all events except coverage rows
Boston,resurety,1,1,0,1,2026-09-29,2026-10-06,all events except coverage rows
Boston,roche,-1,0,1,1,2026-09-29,2026-10-06,all events except coverage rows
Boston,secretariatadvisorsllc,1,1,0,1,2026-09-29,2026-10-06,all events except coverage rows
Boston,shinolaretail,-1,0,1,1,2026-09-29,2026-10-06,all events except coverage rows
Boston,silabs,1,1,0,1,2026-09-29,2026-10-06,all events except coverage rows
Boston,simplisafe,1,4,3,7,2026-09-29,2026-10-06,all events except coverage rows
Boston,skadden,-1,0,1,1,2026-09-29,2026-10-06,all events except coverage rows
Boston,sonos,-1,0,1,1,2026-09-29,2026-10-06,all events except coverage rows
Boston,stellaromics-inc,-1,0,1,1,2026-09-29,2026-10-06,all events except coverage rows
Boston,stvinc,1,2,1,3,2026-09-29,2026-10-06,all events except coverage rows
Boston,sustainablecomfort,-1,0,1,1,2026-09-29,2026-10-06,all events except coverage rows
Boston,ta-realty-llc,1,1,0,1,2026-09-29,2026-10-06,all events except coverage rows
Boston,teneolinkedin,1,1,0,1,2026-09-29,2026-10-06,all events except coverage rows
Boston,thebrattlegroup,1,1,0,1,2026-09-29,2026-10-06,all events except coverage rows
Boston,tiaa,-1,1,2,3,2026-09-29,2026-10-06,all events except coverage rows
Boston,tive-careers,1,1,0,1,2026-09-29,2026-10-06,all events except coverage rows
Boston,townepark,-1,0,1,1,2026-09-29,2026-10-06,all events except coverage rows
Boston,tsys,1,1,0,1,2026-09-29,2026-10-06,all events except coverage rows
Boston,vestmark,-1,0,1,1,2026-09-29,2026-10-06,all events except coverage rows
Boston,vidizmo,-1,0,1,1,2026-09-29,2026-10-06,all events except coverage rows
Boston,weissassetmanagement,1,1,0,1,2026-09-29,2026-10-06,all events except coverage rows
Boston,wolfsdorf,1,1,0,1,2026-09-29,2026-10-06,all events except coverage rows
Boston,wonder,1,1,0,1,2026-09-29,2026-10-06,all events except coverage rows
Boston,zoonewengland,1,1,0,1,2026-09-29,2026-10-06,all events except coverage rows
Boston,ALTEN Technology USA,0,1,1,2,2026-09-29,2026-10-06,all events except coverage rows
Boston,Fictiv,0,1,1,2,2026-09-29,2026-10-06,all events except coverage rows
Boston,Ginkgo Bioworks Inc.,0,1,1,2,2026-09-29,2026-10-06,all events except coverage rows
Boston,InterSystems,0,1,1,2,2026-09-29,2026-10-06,all events except coverage rows
Boston,IonQ,0,1,1,2,2026-09-29,2026-10-06,all events except coverage rows
Boston,One Medical,0,3,3,6,2026-09-29,2026-10-06,all events except coverage rows
Boston,Seven AI,0,1,1,2,2026-09-29,2026-10-06,all events except coverage rows
Boston,Speechify,0,1,1,2,2026-09-29,2026-10-06,all events except coverage rows
Boston,United Placement Group,0,1,1,2,2026-09-29,2026-10-06,all events except coverage rows
Boston,Veterinary Practice Partners,0,1,1,2,2026-09-29,2026-10-06,all events except coverage rows
Boston,autodesk,0,1,1,2,2026-09-29,2026-10-06,all events except coverage rows
Boston,baxter,0,1,1,2,2026-09-29,2026-10-06,all events except coverage rows
Boston,berklee,0,7,7,14,2026-09-29,2026-10-06,all events except coverage rows
Boston,cw,0,1,1,2,2026-09-29,2026-10-06,all events except coverage rows
Boston,dirty-hands,0,1,1,2,2026-09-29,2026-10-06,all events except coverage rows
Boston,exemplarcompanies,0,1,1,2,2026-09-29,2026-10-06,all events except coverage rows
Boston,ghr,0,2,2,4,2026-09-29,2026-10-06,all events except coverage rows
Boston,hhs,0,1,1,2,2026-09-29,2026-10-06,all events except coverage rows
Boston,jll,0,3,3,6,2026-09-29,2026-10-06,all events except coverage rows
Boston,nature,0,2,2,4,2026-09-29,2026-10-06,all events except coverage rows
Boston,reddyice,0,1,1,2,2026-09-29,2026-10-06,all events except coverage rows
Boston,stryker,0,2,2,4,2026-09-29,2026-10-06,all events except coverage rows
Boston,suno,0,1,1,2,2026-09-29,2026-10-06,all events except coverage rows
Boston,younglife,0,1,1,2,2026-09-29,2026-10-06,all events except coverage rows
Charlotte,basspro,19,20,1,21,2026-09-29,2026-10-06,all events except coverage rows
Charlotte,Carvana,-6,3,9,12,2026-09-29,2026-10-06,all events except coverage rows
Charlotte,usbank,-6,10,16,26,2026-09-29,2026-10-06,all events except coverage rows
Charlotte,xylem,-5,1,6,7,2026-09-29,2026-10-06,all events except coverage rows
Charlotte,NakedMD,-4,0,4,4,2026-09-29,2026-10-06,all events except coverage rows
Charlotte,VSC Fire & Security,-4,0,4,4,2026-09-29,2026-10-06,all events except coverage rows
Charlotte,cpisecurity,-4,4,8,12,2026-09-29,2026-10-06,all events except coverage rows
Charlotte,dukeenergy,-4,15,19,34,2026-09-29,2026-10-06,all events except coverage rows
Charlotte,huntington,4,5,1,6,2026-09-29,2026-10-06,all events except coverage rows
Charlotte,ivyrehab,4,5,1,6,2026-09-29,2026-10-06,all events except coverage rows
Charlotte,Veterinary Practice Partners,3,3,0,3,2026-09-29,2026-10-06,all events except coverage rows
Charlotte,ghr,-3,7,10,17,2026-09-29,2026-10-06,all events except coverage rows
Charlotte,sunriseseniorliving,3,4,1,5,2026-09-29,2026-10-06,all events except coverage rows
Charlotte,synechron,3,5,2,7,2026-09-29,2026-10-06,all events except coverage rows
Charlotte,td,-3,4,7,11,2026-09-29,2026-10-06,all events except coverage rows
Charlotte,tmobile,3,3,0,3,2026-09-29,2026-10-06,all events except coverage rows
Charlotte,topgolf,-3,1,4,5,2026-09-29,2026-10-06,all events except coverage rows
Charlotte,EquipmentShare,2,3,1,4,2026-09-29,2026-10-06,all events except coverage rows
Charlotte,Esri,2,2,0,2,2026-09-29,2026-10-06,all events except coverage rows
Charlotte,Lincoln Property Company,2,3,1,4,2026-09-29,2026-10-06,all events except coverage rows
Charlotte,SoFi,-2,0,2,2,2026-09-29,2026-10-06,all events except coverage rows
Charlotte,VetEvolve,2,2,0,2,2026-09-29,2026-10-06,all events except coverage rows
Charlotte,Veterinary Emergency Group (VEG),2,3,1,4,2026-09-29,2026-10-06,all events except coverage rows
Charlotte,barings,2,2,0,2,2026-09-29,2026-10-06,all events except coverage rows
Charlotte,calibercollision,2,3,1,4,2026-09-29,2026-10-06,all events except coverage rows
Charlotte,capgroup,2,4,2,6,2026-09-29,2026-10-06,all events except coverage rows
Charlotte,careers,2,2,0,2,2026-09-29,2026-10-06,all events except coverage rows
Charlotte,fivebelow,2,3,1,4,2026-09-29,2026-10-06,all events except coverage rows
Charlotte,invitationhomes,-2,0,2,2,2026-09-29,2026-10-06,all events except coverage rows
Charlotte,jll,2,6,4,10,2026-09-29,2026-10-06,all events except coverage rows
Charlotte,limble,-2,0,2,2,2026-09-29,2026-10-06,all events except coverage rows
Charlotte,nascar,-2,1,3,4,2026-09-29,2026-10-06,all events except coverage rows
Charlotte,sbdinc,-2,1,3,4,2026-09-29,2026-10-06,all events except coverage rows
Charlotte,terrestrialenergy,2,2,0,2,2026-09-29,2026-10-06,all events except coverage rows
Charlotte,tiaa,2,6,4,10,2026-09-29,2026-10-06,all events except coverage rows
Charlotte,tjx,2,2,0,2,2026-09-29,2026-10-06,all events except coverage rows
Charlotte,usaa,-2,2,4,6,2026-09-29,2026-10-06,all events except coverage rows
Charlotte,wf,2,53,51,104,2026-09-29,2026-10-06,all events except coverage rows
Charlotte,ABACUS,-1,0,1,1,2026-09-29,2026-10-06,all events except coverage rows
Charlotte,AEG Worldwide,1,1,0,1,2026-09-29,2026-10-06,all events except coverage rows
Charlotte,Adaptive Home Health,1,1,0,1,2026-09-29,2026-10-06,all events except coverage rows
Charlotte,AdvisaCare,1,1,0,1,2026-09-29,2026-10-06,all events except coverage rows
Charlotte,Axon,-1,0,1,1,2026-09-29,2026-10-06,all events except coverage rows
Charlotte,"Blew & Associates, P.A.",1,1,0,1,2026-09-29,2026-10-06,all events except coverage rows
Charlotte,Centria Autism,1,2,1,3,2026-09-29,2026-10-06,all events except coverage rows
Charlotte,Classet,-1,0,1,1,2026-09-29,2026-10-06,all events except coverage rows
Charlotte,Cortica - Neurodevelopmental,-1,0,1,1,2026-09-29,2026-10-06,all events except coverage rows
Charlotte,Cortland,-1,0,1,1,2026-09-29,2026-10-06,all events except coverage rows
Charlotte,Current,1,1,0,1,2026-09-29,2026-10-06,all events except coverage rows
Charlotte,Dev.Pro,1,1,0,1,2026-09-29,2026-10-06,all events except coverage rows
Charlotte,DoorDash USA,1,1,0,1,2026-09-29,2026-10-06,all events except coverage rows
Charlotte,Erie Indemnity,-1,0,1,1,2026-09-29,2026-10-06,all events except coverage rows
Charlotte,Figure Lending,1,1,0,1,2026-09-29,2026-10-06,all events except coverage rows
Charlotte,GFiber,-1,0,1,1,2026-09-29,2026-10-06,all events except coverage rows
Charlotte,Halcyon,1,1,0,1,2026-09-29,2026-10-06,all events except coverage rows
Charlotte,Holder Construction,1,1,0,1,2026-09-29,2026-10-06,all events except coverage rows
Charlotte,Hudson Manpower,1,1,0,1,2026-09-29,2026-10-06,all events except coverage rows
Charlotte,Kelso Building Services,1,1,0,1,2026-09-29,2026-10-06,all events except coverage rows
Charlotte,Lush Handmade Cosmetics,1,1,0,1,2026-09-29,2026-10-06,all events except coverage rows
Charlotte,McAdams,-1,0,1,1,2026-09-29,2026-10-06,all events except coverage rows
Charlotte,Motive,1,1,0,1,2026-09-29,2026-10-06,all events except coverage rows
Charlotte,Renuity,-1,2,3,5,2026-09-29,2026-10-06,all events except coverage rows
Charlotte,Scout Motors,-1,12,13,25,2026-09-29,2026-10-06,all events except coverage rows
Charlotte,Speechify,1,1,0,1,2026-09-29,2026-10-06,all events except coverage rows
Charlotte,Syska Hennessy Group,1,1,0,1,2026-09-29,2026-10-06,all events except coverage rows
Charlotte,TEGNA Inc.,-1,0,1,1,2026-09-29,2026-10-06,all events except coverage rows
Charlotte,airliquidehr,1,1,0,1,2026-09-29,2026-10-06,all events except coverage rows
Charlotte,alignmenthealthcare,1,1,0,1,2026-09-29,2026-10-06,all events except coverage rows
Charlotte,amaehealth,1,1,0,1,2026-09-29,2026-10-06,all events except coverage rows
Charlotte,axs,1,2,1,3,2026-09-29,2026-10-06,all events except coverage rows
Charlotte,bbyo,-1,0,1,1,2026-09-29,2026-10-06,all events except coverage rows
Charlotte,camp,-1,0,1,1,2026-09-29,2026-10-06,all events except coverage rows
Charlotte,cortica,-1,0,1,1,2026-09-29,2026-10-06,all events except coverage rows
Charlotte,cw,-1,0,1,1,2026-09-29,2026-10-06,all events except coverage rows
Charlotte,dentsuaegis,-1,1,2,3,2026-09-29,2026-10-06,all events except coverage rows
Charlotte,digsdogcare,1,1,0,1,2026-09-29,2026-10-06,all events except coverage rows
Charlotte,eastdilsecured,-1,0,1,1,2026-09-29,2026-10-06,all events except coverage rows
Charlotte,ferguson,-1,0,1,1,2026-09-29,2026-10-06,all events except coverage rows
Charlotte,ferrovial,-1,1,2,3,2026-09-29,2026-10-06,all events except coverage rows
Charlotte,fesslerbowman,1,1,0,1,2026-09-29,2026-10-06,all events except coverage rows
Charlotte,freseniusmedicalcare,1,4,3,7,2026-09-29,2026-10-06,all events except coverage rows
Charlotte,genpt,-1,1,2,3,2026-09-29,2026-10-06,all events except coverage rows
Charlotte,gsdngo,1,1,0,1,2026-09-29,2026-10-06,all events except coverage rows
Charlotte,gtlaw,-1,0,1,1,2026-09-29,2026-10-06,all events except coverage rows
Charlotte,heartflowinc,-1,0,1,1,2026-09-29,2026-10-06,all events except coverage rows
Charlotte,hhs,-1,0,1,1,2026-09-29,2026-10-06,all events except coverage rows
Charlotte,hitachi,1,1,0,1,2026-09-29,2026-10-06,all events except coverage rows
Charlotte,homesolutions,-1,0,1,1,2026-09-29,2026-10-06,all events except coverage rows
Charlotte,hpe,-1,0,1,1,2026-09-29,2026-10-06,all events except coverage rows
Charlotte,internaljobsatlush,1,1,0,1,2026-09-29,2026-10-06,all events except coverage rows
Charlotte,j,-1,3,4,7,2026-09-29,2026-10-06,all events except coverage rows
Charlotte,jdgroupnam,1,1,0,1,2026-09-29,2026-10-06,all events except coverage rows
Charlotte,jennikayne,1,1,0,1,2026-09-29,2026-10-06,all events except coverage rows
Charlotte,jerry.ai,-1,0,1,1,2026-09-29,2026-10-06,all events except coverage rows
Charlotte,lennar,-1,0,1,1,2026-09-29,2026-10-06,all events except coverage rows
Charlotte,lucidbots,1,2,1,3,2026-09-29,2026-10-06,all events except coverage rows
Charlotte,marcusmillichap,1,1,0,1,2026-09-29,2026-10-06,all events except coverage rows
Charlotte,mattressfirm,1,1,0,1,2026-09-29,2026-10-06,all events except coverage rows
Charlotte,meijer,1,1,0,1,2026-09-29,2026-10-06,all events except coverage rows
Charlotte,middletonmeyers,-1,0,1,1,2026-09-29,2026-10-06,all events except coverage rows
Charlotte,mizzenandmain,-1,0,1,1,2026-09-29,2026-10-06,all events except coverage rows
Charlotte,ms,1,1,0,1,2026-09-29,2026-10-06,all events except coverage rows
Charlotte,mufgub,-1,0,1,1,2026-09-29,2026-10-06,all events except coverage rows
Charlotte,mullins-mechanical,1,1,0,1,2026-09-29,2026-10-06,all events except coverage rows
Charlotte,mydpr,1,1,0,1,2026-09-29,2026-10-06,all events except coverage rows
Charlotte,oxford,-1,0,1,1,2026-09-29,2026-10-06,all events except coverage rows
Charlotte,phoenixcontact,1,1,0,1,2026-09-29,2026-10-06,all events except coverage rows
Charlotte,pointquestgroup,-1,0,1,1,2026-09-29,2026-10-06,all events except coverage rows
Charlotte,pultegroup,-1,0,1,1,2026-09-29,2026-10-06,all events except coverage rows
Charlotte,quickenloans,-1,0,1,1,2026-09-29,2026-10-06,all events except coverage rows
Charlotte,regalrexnord,-1,0,1,1,2026-09-29,2026-10-06,all events except coverage rows
Charlotte,resourcewise,1,1,0,1,2026-09-29,2026-10-06,all events except coverage rows
Charlotte,ruggable,-1,0,1,1,2026-09-29,2026-10-06,all events except coverage rows
Charlotte,salma-health,1,1,0,1,2026-09-29,2026-10-06,all events except coverage rows
Charlotte,sedgwick,1,1,0,1,2026-09-29,2026-10-06,all events except coverage rows
Charlotte,sharpelectronics,1,3,2,5,2026-09-29,2026-10-06,all events except coverage rows
Charlotte,shg,1,1,0,1,2026-09-29,2026-10-06,all events except coverage rows
Charlotte,skechers,1,1,0,1,2026-09-29,2026-10-06,all events except coverage rows
Charlotte,sms,-1,0,1,1,2026-09-29,2026-10-06,all events except coverage rows
Charlotte,sonoco,-1,0,1,1,2026-09-29,2026-10-06,all events except coverage rows
Charlotte,stryker,-1,0,1,1,2026-09-29,2026-10-06,all events except coverage rows
Charlotte,swarovski,-1,0,1,1,2026-09-29,2026-10-06,all events except coverage rows
Charlotte,sweetgreen,-1,0,1,1,2026-09-29,2026-10-06,all events except coverage rows
Charlotte,thenuclearcompany,-1,0,1,1,2026-09-29,2026-10-06,all events except coverage rows
Charlotte,thermofisher,1,2,1,3,2026-09-29,2026-10-06,all events except coverage rows
Charlotte,theshieldco,-1,2,3,5,2026-09-29,2026-10-06,all events except coverage rows
Charlotte,tiptop,1,1,0,1,2026-09-29,2026-10-06,all events except coverage rows
Charlotte,tranetechnologies,-1,0,1,1,2026-09-29,2026-10-06,all events except coverage rows
Charlotte,tsys,-1,0,1,1,2026-09-29,2026-10-06,all events except coverage rows
Charlotte,uberfreight,1,1,0,1,2026-09-29,2026-10-06,all events except coverage rows
Charlotte,ur,1,4,3,7,2026-09-29,2026-10-06,all events except coverage rows
Charlotte,vanguard,1,3,2,5,2026-09-29,2026-10-06,all events except coverage rows
Charlotte,vidizmo,-1,0,1,1,2026-09-29,2026-10-06,all events except coverage rows
Charlotte,www,-1,0,1,1,2026-09-29,2026-10-06,all events except coverage rows
Charlotte,youthvillages,-1,0,1,1,2026-09-29,2026-10-06,all events except coverage rows
Charlotte,Horace Mann - Agent Opportunities,0,1,1,2,2026-09-29,2026-10-06,all events except coverage rows
Charlotte,LendingTree,0,1,1,2,2026-09-29,2026-10-06,all events except coverage rows
Charlotte,LifeStance Health,0,2,2,4,2026-09-29,2026-10-06,all events except coverage rows
Charlotte,Walden Security,0,3,3,6,2026-09-29,2026-10-06,all events except coverage rows
Charlotte,align46,0,1,1,2,2026-09-29,2026-10-06,all events except coverage rows
Charlotte,americanredcross,0,1,1,2,2026-09-29,2026-10-06,all events except coverage rows
Charlotte,att,0,4,4,8,2026-09-29,2026-10-06,all events except coverage rows
Charlotte,avidxchangeinc,0,4,4,8,2026-09-29,2026-10-06,all events except coverage rows
Charlotte,eaton,0,1,1,2,2026-09-29,2026-10-06,all events except coverage rows
Charlotte,graybar,0,2,2,4,2026-09-29,2026-10-06,all events except coverage rows
Charlotte,jj,0,1,1,2,2026-09-29,2026-10-06,all events except coverage rows
Charlotte,johnsonbrothers,0,1,1,2,2026-09-29,2026-10-06,all events except coverage rows
Charlotte,lowes,0,9,9,18,2026-09-29,2026-10-06,all events except coverage rows
Charlotte,nordstrom,0,11,11,22,2026-09-29,2026-10-06,all events except coverage rows
Charlotte,olly-olly,0,1,1,2,2026-09-29,2026-10-06,all events except coverage rows
Charlotte,rsm,0,1,1,2,2026-09-29,2026-10-06,all events except coverage rows
Charlotte,rvohealth,0,2,2,4,2026-09-29,2026-10-06,all events except coverage rows
Charlotte,simon,0,1,1,2,2026-09-29,2026-10-06,all events except coverage rows
Charlotte,truist,0,22,22,44,2026-09-29,2026-10-06,all events except coverage rows
Charlotte,uhaul,0,1,1,2,2026-09-29,2026-10-06,all events except coverage rows
Chennai,kla,47,50,3,53,2026-09-29,2026-10-06,all events except coverage rows
Chennai,hitachi,-45,23,68,91,2026-09-29,2026-10-06,all events except coverage rows
Chennai,usbank,-6,12,18,30,2026-09-29,2026-10-06,all events except coverage rows
Chennai,TransPerfect,-5,0,5,5,2026-09-29,2026-10-06,all events except coverage rows
Chennai,WPP,-5,2,7,9,2026-09-29,2026-10-06,all events except coverage rows
Chennai,barclays,5,12,7,19,2026-09-29,2026-10-06,all events except coverage rows
Chennai,cw,-5,1,6,7,2026-09-29,2026-10-06,all events except coverage rows
Chennai,freseniusmedicalcare,-4,2,6,8,2026-09-29,2026-10-06,all events except coverage rows
Chennai,nttlimited,4,6,2,8,2026-09-29,2026-10-06,all events except coverage rows
Chennai,barrywehmiller,-3,2,5,7,2026-09-29,2026-10-06,all events except coverage rows
Chennai,guardianlife,-3,2,5,7,2026-09-29,2026-10-06,all events except coverage rows
Chennai,jll,-3,6,9,15,2026-09-29,2026-10-06,all events except coverage rows
Chennai,kbr,3,15,12,27,2026-09-29,2026-10-06,all events except coverage rows
Chennai,rockwoolgroup,3,4,1,5,2026-09-29,2026-10-06,all events except coverage rows
Chennai,Appian Corporation,-2,1,3,4,2026-09-29,2026-10-06,all events except coverage rows
Chennai,amat,2,2,0,2,2026-09-29,2026-10-06,all events except coverage rows
Chennai,cat,-2,5,7,12,2026-09-29,2026-10-06,all events except coverage rows
Chennai,gartner,2,3,1,4,2026-09-29,2026-10-06,all events except coverage rows
Chennai,kone,-2,0,2,2,2026-09-29,2026-10-06,all events except coverage rows
Chennai,ABACUS,-1,0,1,1,2026-09-29,2026-10-06,all events except coverage rows
Chennai,Ametek,1,1,0,1,2026-09-29,2026-10-06,all events except coverage rows
Chennai,Weekday AI,1,3,2,5,2026-09-29,2026-10-06,all events except coverage rows
Chennai,ZoomInfo Technologies LLC,1,2,1,3,2026-09-29,2026-10-06,all events except coverage rows
Chennai,abb,-1,0,1,1,2026-09-29,2026-10-06,all events except coverage rows
Chennai,alsglobal,-1,0,1,1,2026-09-29,2026-10-06,all events except coverage rows
Chennai,cbts,-1,0,1,1,2026-09-29,2026-10-06,all events except coverage rows
Chennai,cbtsindia,1,2,1,3,2026-09-29,2026-10-06,all events except coverage rows
Chennai,fiserv,1,1,0,1,2026-09-29,2026-10-06,all events except coverage rows
Chennai,fronius,-1,0,1,1,2026-09-29,2026-10-06,all events except coverage rows
Chennai,fullcreative,-1,1,2,3,2026-09-29,2026-10-06,all events except coverage rows
Chennai,genesys,-1,0,1,1,2026-09-29,2026-10-06,all events except coverage rows
Chennai,gevernova,-1,3,4,7,2026-09-29,2026-10-06,all events except coverage rows
Chennai,hp,-1,0,1,1,2026-09-29,2026-10-06,all events except coverage rows
Chennai,hpe,1,2,1,3,2026-09-29,2026-10-06,all events except coverage rows
Chennai,jj,1,1,0,1,2026-09-29,2026-10-06,all events except coverage rows
Chennai,lnw,1,1,0,1,2026-09-29,2026-10-06,all events except coverage rows
Chennai,logitech,-1,0,1,1,2026-09-29,2026-10-06,all events except coverage rows
Chennai,mitsogoinc,1,1,0,1,2026-09-29,2026-10-06,all events except coverage rows
Chennai,paypal,-1,0,1,1,2026-09-29,2026-10-06,all events except coverage rows
Chennai,portlandgeneral,1,1,0,1,2026-09-29,2026-10-06,all events except coverage rows
Chennai,poshmark,1,1,0,1,2026-09-29,2026-10-06,all events except coverage rows
Chennai,roche,-1,0,1,1,2026-09-29,2026-10-06,all events except coverage rows
Chennai,synechron,-1,1,2,3,2026-09-29,2026-10-06,all events except coverage rows
Chennai,thermofisher,1,1,0,1,2026-09-29,2026-10-06,all events except coverage rows
Chennai,transunion,1,10,9,19,2026-09-29,2026-10-06,all events except coverage rows
Chennai,twinhealth,1,1,0,1,2026-09-29,2026-10-06,all events except coverage rows
Chennai,volanteoneteam,-1,0,1,1,2026-09-29,2026-10-06,all events except coverage rows
Chennai,vultr,1,2,1,3,2026-09-29,2026-10-06,all events except coverage rows
Chennai,wri,-1,0,1,1,2026-09-29,2026-10-06,all events except coverage rows
Chennai,EXTREME NETWORKS,0,3,3,6,2026-09-29,2026-10-06,all events except coverage rows
Chennai,Speechify,0,1,1,2,2026-09-29,2026-10-06,all events except coverage rows
Chennai,Toast,0,3,3,6,2026-09-29,2026-10-06,all events except coverage rows
Chennai,flowserve,0,1,1,2,2026-09-29,2026-10-06,all events except coverage rows
Chennai,ingrammicro,0,1,1,2,2026-09-29,2026-10-06,all events except coverage rows
Chennai,issgh,0,4,4,8,2026-09-29,2026-10-06,all events except coverage rows
Chennai,j,0,7,7,14,2026-09-29,2026-10-06,all events except coverage rows
Chennai,kyndryl,0,1,1,2,2026-09-29,2026-10-06,all events except coverage rows
Chennai,statestreet,0,4,4,8,2026-09-29,2026-10-06,all events except coverage rows
Chennai,taskus,0,1,1,2,2026-09-29,2026-10-06,all events except coverage rows
Chennai,theapexgroup,0,1,1,2,2026-09-29,2026-10-06,all events except coverage rows
Chennai,vendasta,0,1,1,2,2026-09-29,2026-10-06,all events except coverage rows
Chennai,verizon,0,1,1,2,2026-09-29,2026-10-06,all events except coverage rows
Chicago,heinz,-18,6,24,30,2026-09-29,2026-10-06,all events except coverage rows
Chicago,rsm,-17,3,20,23,2026-09-29,2026-10-06,all events except coverage rows
Chicago,bmo,-14,8,22,30,2026-09-29,2026-10-06,all events except coverage rows
Chicago,fivebelow,11,11,0,11,2026-09-29,2026-10-06,all events except coverage rows
Chicago,rb,10,14,4,18,2026-09-29,2026-10-06,all events except coverage rows
Chicago,uchicago,10,38,28,66,2026-09-29,2026-10-06,all events except coverage rows
Chicago,sedgwick,9,9,0,9,2026-09-29,2026-10-06,all events except coverage rows
Chicago,cboe,7,10,3,13,2026-09-29,2026-10-06,all events except coverage rows
Chicago,invenergyllc,-7,11,18,29,2026-09-29,2026-10-06,all events except coverage rows
Chicago,jll,7,25,18,43,2026-09-29,2026-10-06,all events except coverage rows
Chicago,echo,-6,3,9,12,2026-09-29,2026-10-06,all events except coverage rows
Chicago,Braze,5,8,3,11,2026-09-29,2026-10-06,all events except coverage rows
Chicago,The Scion Group,-5,0,5,5,2026-09-29,2026-10-06,all events except coverage rows
Chicago,cibc,5,17,12,29,2026-09-29,2026-10-06,all events except coverage rows
Chicago,conagrabrands,-5,1,6,7,2026-09-29,2026-10-06,all events except coverage rows
Chicago,cw,-5,2,7,9,2026-09-29,2026-10-06,all events except coverage rows
Chicago,vizient,-5,1,6,7,2026-09-29,2026-10-06,all events except coverage rows
Chicago,Enova International,4,8,4,12,2026-09-29,2026-10-06,all events except coverage rows
Chicago,Okta,4,7,3,10,2026-09-29,2026-10-06,all events except coverage rows
Chicago,fmr,-4,0,4,4,2026-09-29,2026-10-06,all events except coverage rows
Chicago,fox,-4,0,4,4,2026-09-29,2026-10-06,all events except coverage rows
Chicago,smartlyio,-4,0,4,4,2026-09-29,2026-10-06,all events except coverage rows
Chicago,Axiom,3,4,1,5,2026-09-29,2026-10-06,all events except coverage rows
Chicago,CannonDesign,3,4,1,5,2026-09-29,2026-10-06,all events except coverage rows
Chicago,Coinflow,-3,0,3,3,2026-09-29,2026-10-06,all events except coverage rows
Chicago,Culture Amp,-3,0,3,3,2026-09-29,2026-10-06,all events except coverage rows
Chicago,DRW,-3,5,8,13,2026-09-29,2026-10-06,all events except coverage rows
Chicago,DoorDash USA,-3,1,4,5,2026-09-29,2026-10-06,all events except coverage rows
Chicago,Harvey,-3,0,3,3,2026-09-29,2026-10-06,all events except coverage rows
Chicago,Robinhood,-3,5,8,13,2026-09-29,2026-10-06,all events except coverage rows
Chicago,VML/WPP Enterprise Solutions,3,4,1,5,2026-09-29,2026-10-06,all events except coverage rows
Chicago,W. W. Grainger,-3,0,3,3,2026-09-29,2026-10-06,all events except coverage rows
Chicago,Weekday AI,-3,0,3,3,2026-09-29,2026-10-06,all events except coverage rows
Chicago,careers,3,3,0,3,2026-09-29,2026-10-06,all events except coverage rows
Chicago,cars,-3,0,3,3,2026-09-29,2026-10-06,all events except coverage rows
Chicago,huntington,3,4,1,5,2026-09-29,2026-10-06,all events except coverage rows
Chicago,mergeworld,-3,3,6,9,2026-09-29,2026-10-06,all events except coverage rows
Chicago,morningstar,-3,0,3,3,2026-09-29,2026-10-06,all events except coverage rows
Chicago,riveron,-3,0,3,3,2026-09-29,2026-10-06,all events except coverage rows
Chicago,sofive,3,3,0,3,2026-09-29,2026-10-06,all events except coverage rows
Chicago,thinkmarkets,3,3,0,3,2026-09-29,2026-10-06,all events except coverage rows
Chicago,Blank Street,2,2,0,2,2026-09-29,2026-10-06,all events except coverage rows
Chicago,Box,2,3,1,4,2026-09-29,2026-10-06,all events except coverage rows
Chicago,Crypto,-2,1,3,4,2026-09-29,2026-10-06,all events except coverage rows
Chicago,EOS,2,2,0,2,2026-09-29,2026-10-06,all events except coverage rows
Chicago,Engine,2,3,1,4,2026-09-29,2026-10-06,all events except coverage rows
Chicago,Everpure,-2,2,4,6,2026-09-29,2026-10-06,all events except coverage rows
Chicago,Green Thumb,-2,0,2,2,2026-09-29,2026-10-06,all events except coverage rows
Chicago,IMC,-2,4,6,10,2026-09-29,2026-10-06,all events except coverage rows
Chicago,Jump Trading,-2,1,3,4,2026-09-29,2026-10-06,all events except coverage rows
Chicago,Launch Potato,-2,0,2,2,2026-09-29,2026-10-06,all events except coverage rows
Chicago,Loadsmart,-2,0,2,2,2026-09-29,2026-10-06,all events except coverage rows
Chicago,"Morgan & Morgan, P.A.",-2,3,5,8,2026-09-29,2026-10-06,all events except coverage rows
Chicago,One Medical,2,5,3,8,2026-09-29,2026-10-06,all events except coverage rows
Chicago,Reddit,-2,0,2,2,2026-09-29,2026-10-06,all events except coverage rows
Chicago,Resource Innovations,2,2,0,2,2026-09-29,2026-10-06,all events except coverage rows
Chicago,Stripe,2,6,4,10,2026-09-29,2026-10-06,all events except coverage rows
Chicago,Syska Hennessy Group,-2,0,2,2,2026-09-29,2026-10-06,all events except coverage rows
Chicago,Woolpert,-2,0,2,2,2026-09-29,2026-10-06,all events except coverage rows
Chicago,americanredcross,-2,0,2,2,2026-09-29,2026-10-06,all events except coverage rows
Chicago,att,-2,2,4,6,2026-09-29,2026-10-06,all events except coverage rows
Chicago,attain,-2,0,2,2,2026-09-29,2026-10-06,all events except coverage rows
Chicago,belaydiagnostics,-2,0,2,2,2026-09-29,2026-10-06,all events except coverage rows
Chicago,blackedgecapital,-2,0,2,2,2026-09-29,2026-10-06,all events except coverage rows
Chicago,gametimeunited,2,2,0,2,2026-09-29,2026-10-06,all events except coverage rows
Chicago,hedgepointglobal,2,2,0,2,2026-09-29,2026-10-06,all events except coverage rows
Chicago,iheartmedia,-2,0,2,2,2026-09-29,2026-10-06,all events except coverage rows
Chicago,itw,2,2,0,2,2026-09-29,2026-10-06,all events except coverage rows
Chicago,jbhunt,-2,1,3,4,2026-09-29,2026-10-06,all events except coverage rows
Chicago,kantar,-2,1,3,4,2026-09-29,2026-10-06,all events except coverage rows
Chicago,krollbondratingagency,2,2,0,2,2026-09-29,2026-10-06,all events except coverage rows
Chicago,lowes,2,2,0,2,2026-09-29,2026-10-06,all events except coverage rows
Chicago,mavensecuritiesholdingltd,-2,0,2,2,2026-09-29,2026-10-06,all events except coverage rows
Chicago,mdlz,2,2,0,2,2026-09-29,2026-10-06,all events except coverage rows
Chicago,medline,2,4,2,6,2026-09-29,2026-10-06,all events except coverage rows
Chicago,midtown,2,3,1,4,2026-09-29,2026-10-06,all events except coverage rows
Chicago,motorolasolutions,2,13,11,24,2026-09-29,2026-10-06,all events except coverage rows
Chicago,moweryschoenfeldllc,-2,0,2,2,2026-09-29,2026-10-06,all events except coverage rows
Chicago,mtb,-2,0,2,2,2026-09-29,2026-10-06,all events except coverage rows
Chicago,nexxen,-2,0,2,2,2026-09-29,2026-10-06,all events except coverage rows
Chicago,nourishinghopechi,-2,0,2,2,2026-09-29,2026-10-06,all events except coverage rows
Chicago,ntrs,2,8,6,14,2026-09-29,2026-10-06,all events except coverage rows
Chicago,nttglobaldatacenters,2,3,1,4,2026-09-29,2026-10-06,all events except coverage rows
Chicago,oliverusa,2,3,1,4,2026-09-29,2026-10-06,all events except coverage rows
Chicago,project44,2,2,0,2,2026-09-29,2026-10-06,all events except coverage rows
Chicago,prolaio,-2,1,3,4,2026-09-29,2026-10-06,all events except coverage rows
Chicago,rewardsnetwork,2,2,0,2,2026-09-29,2026-10-06,all events except coverage rows
Chicago,showpad,-2,0,2,2,2026-09-29,2026-10-06,all events except coverage rows
Chicago,sms,-2,0,2,2,2026-09-29,2026-10-06,all events except coverage rows
Chicago,spothopper,-2,0,2,2,2026-09-29,2026-10-06,all events except coverage rows
Chicago,strivehealth,2,2,0,2,2026-09-29,2026-10-06,all events except coverage rows
Chicago,stryker,-2,1,3,4,2026-09-29,2026-10-06,all events except coverage rows
Chicago,teads1,2,2,0,2,2026-09-29,2026-10-06,all events except coverage rows
Chicago,tempus,2,9,7,16,2026-09-29,2026-10-06,all events except coverage rows
Chicago,thermofisher,-2,0,2,2,2026-09-29,2026-10-06,all events except coverage rows
Chicago,tjx,2,3,1,4,2026-09-29,2026-10-06,all events except coverage rows
Chicago,transunion,-2,0,2,2,2026-09-29,2026-10-06,all events except coverage rows
Chicago,uhaul,-2,0,2,2,2026-09-29,2026-10-06,all events except coverage rows
Chicago,unlockhealth,2,3,1,4,2026-09-29,2026-10-06,all events except coverage rows
Chicago,usbank,-2,3,5,8,2026-09-29,2026-10-06,all events except coverage rows
Chicago,vsapartners,-2,0,2,2,2026-09-29,2026-10-06,all events except coverage rows
Chicago,2020companies,-1,0,1,1,2026-09-29,2026-10-06,all events except coverage rows
Chicago,Adyen,1,4,3,7,2026-09-29,2026-10-06,all events except coverage rows
Chicago,Agoda,-1,0,1,1,2026-09-29,2026-10-06,all events except coverage rows
Chicago,AirSculpt,1,1,0,1,2026-09-29,2026-10-06,all events except coverage rows
Chicago,Anaplan,1,1,0,1,2026-09-29,2026-10-06,all events except coverage rows
Chicago,Asana,1,1,0,1,2026-09-29,2026-10-06,all events except coverage rows
Chicago,"Atwell, LLC",-1,0,1,1,2026-09-29,2026-10-06,all events except coverage rows
Chicago,AvePoint,1,1,0,1,2026-09-29,2026-10-06,all events except coverage rows
Chicago,Axon,-1,0,1,1,2026-09-29,2026-10-06,all events except coverage rows
Chicago,Barnes &amp; Thornburg LLP,-1,0,1,1,2026-09-29,2026-10-06,all events except coverage rows
Chicago,Benesch,-1,1,2,3,2026-09-29,2026-10-06,all events except coverage rows
Chicago,Bond Vet,-1,0,1,1,2026-09-29,2026-10-06,all events except coverage rows
Chicago,Brilliant Earth,-1,0,1,1,2026-09-29,2026-10-06,all events except coverage rows
Chicago,CLEAR - Field,-1,0,1,1,2026-09-29,2026-10-06,all events except coverage rows
Chicago,Caribou Financial,-1,0,1,1,2026-09-29,2026-10-06,all events except coverage rows
Chicago,Charlie Health,1,1,0,1,2026-09-29,2026-10-06,all events except coverage rows
Chicago,Charlie Health Outreach,1,1,0,1,2026-09-29,2026-10-06,all events except coverage rows
Chicago,"Chime Financial, Inc",1,1,0,1,2026-09-29,2026-10-06,all events except coverage rows
Chicago,Classet,-1,0,1,1,2026-09-29,2026-10-06,all events except coverage rows
Chicago,Clera,1,3,2,5,2026-09-29,2026-10-06,all events except coverage rows
Chicago,Control Risks,1,1,0,1,2026-09-29,2026-10-06,all events except coverage rows
Chicago,DISCO,1,1,0,1,2026-09-29,2026-10-06,all events except coverage rows
Chicago,Datadog,-1,0,1,1,2026-09-29,2026-10-06,all events except coverage rows
Chicago,FeverUp,-1,1,2,3,2026-09-29,2026-10-06,all events except coverage rows
Chicago,Filevine,1,1,0,1,2026-09-29,2026-10-06,all events except coverage rows
Chicago,Fin,-1,0,1,1,2026-09-29,2026-10-06,all events except coverage rows
Chicago,Flexport,1,2,1,3,2026-09-29,2026-10-06,all events except coverage rows
Chicago,Guidepost Montessori,1,1,0,1,2026-09-29,2026-10-06,all events except coverage rows
Chicago,Harness,1,1,0,1,2026-09-29,2026-10-06,all events except coverage rows
Chicago,InHome Therapy,1,1,0,1,2026-09-29,2026-10-06,all events except coverage rows
Chicago,Instawork,-1,0,1,1,2026-09-29,2026-10-06,all events except coverage rows
Chicago,Kardigan,-1,0,1,1,2026-09-29,2026-10-06,all events except coverage rows
Chicago,Klaviyo,1,1,0,1,2026-09-29,2026-10-06,all events except coverage rows
Chicago,KnowBe4,1,1,0,1,2026-09-29,2026-10-06,all events except coverage rows
Chicago,Langan Engineering & Environmental Services,1,1,0,1,2026-09-29,2026-10-06,all events except coverage rows
Chicago,Legora,1,1,0,1,2026-09-29,2026-10-06,all events except coverage rows
Chicago,Lincoln International,-1,0,1,1,2026-09-29,2026-10-06,all events except coverage rows
Chicago,McDonald's,1,3,2,5,2026-09-29,2026-10-06,all events except coverage rows
Chicago,Mixpanel,-1,0,1,1,2026-09-29,2026-10-06,all events except coverage rows
Chicago,MongoDB,-1,0,1,1,2026-09-29,2026-10-06,all events except coverage rows
Chicago,Monks,1,3,2,5,2026-09-29,2026-10-06,all events except coverage rows
Chicago,Motive,1,1,0,1,2026-09-29,2026-10-06,all events except coverage rows
Chicago,Nextdoor,-1,0,1,1,2026-09-29,2026-10-06,all events except coverage rows
Chicago,Perk,-1,0,1,1,2026-09-29,2026-10-06,all events except coverage rows
Chicago,Pinterest,1,1,0,1,2026-09-29,2026-10-06,all events except coverage rows
Chicago,PubMatic,1,1,0,1,2026-09-29,2026-10-06,all events except coverage rows
Chicago,Reformation,-1,1,2,3,2026-09-29,2026-10-06,all events except coverage rows
Chicago,Remote,-1,0,1,1,2026-09-29,2026-10-06,all events except coverage rows
Chicago,Ripple,-1,2,3,5,2026-09-29,2026-10-06,all events except coverage rows
Chicago,Rox-Data-Corp,1,1,0,1,2026-09-29,2026-10-06,all events except coverage rows
Chicago,SPS North America,1,1,0,1,2026-09-29,2026-10-06,all events except coverage rows
Chicago,Smartsheet,1,1,0,1,2026-09-29,2026-10-06,all events except coverage rows
Chicago,Sprout Social,-1,0,1,1,2026-09-29,2026-10-06,all events except coverage rows
Chicago,The Trade Desk,-1,1,2,3,2026-09-29,2026-10-06,all events except coverage rows
Chicago,Tiger Analytics Inc.,1,3,2,5,2026-09-29,2026-10-06,all events except coverage rows
Chicago,Titan Security Group,1,5,4,9,2026-09-29,2026-10-06,all events except coverage rows
Chicago,Toast,1,1,0,1,2026-09-29,2026-10-06,all events except coverage rows
Chicago,Tripadvisor,1,1,0,1,2026-09-29,2026-10-06,all events except coverage rows
Chicago,Via,-1,0,1,1,2026-09-29,2026-10-06,all events except coverage rows
Chicago,ZipRecruiter,1,1,0,1,2026-09-29,2026-10-06,all events except coverage rows
Chicago,accelion,1,1,0,1,2026-09-29,2026-10-06,all events except coverage rows
Chicago,accuratetemps,1,1,0,1,2026-09-29,2026-10-06,all events except coverage rows
Chicago,aikidosecurity,-1,0,1,1,2026-09-29,2026-10-06,all events except coverage rows
Chicago,airliquidehr,1,2,1,3,2026-09-29,2026-10-06,all events except coverage rows
Chicago,allied-global-marketing,1,1,0,1,2026-09-29,2026-10-06,all events except coverage rows
Chicago,altruist,-1,0,1,1,2026-09-29,2026-10-06,all events except coverage rows
Chicago,aninebing,1,1,0,1,2026-09-29,2026-10-06,all events except coverage rows
Chicago,app,1,1,0,1,2026-09-29,2026-10-06,all events except coverage rows
Chicago,appdirect,-1,0,1,1,2026-09-29,2026-10-06,all events except coverage rows
Chicago,asmglobal,1,2,1,3,2026-09-29,2026-10-06,all events except coverage rows
Chicago,awin,-1,1,2,3,2026-09-29,2026-10-06,all events except coverage rows
Chicago,baxter,-1,0,1,1,2026-09-29,2026-10-06,all events except coverage rows
Chicago,bbyo,-1,0,1,1,2026-09-29,2026-10-06,all events except coverage rows
Chicago,bizzycar,1,1,0,1,2026-09-29,2026-10-06,all events except coverage rows
Chicago,blitzy,1,1,0,1,2026-09-29,2026-10-06,all events except coverage rows
Chicago,branchinsurance,1,1,0,1,2026-09-29,2026-10-06,all events except coverage rows
Chicago,c3,-1,0,1,1,2026-09-29,2026-10-06,all events except coverage rows
Chicago,cafortune,-1,0,1,1,2026-09-29,2026-10-06,all events except coverage rows
Chicago,calibercollision,-1,1,2,3,2026-09-29,2026-10-06,all events except coverage rows
Chicago,careerteam,1,1,0,1,2026-09-29,2026-10-06,all events except coverage rows
Chicago,cc,-1,1,2,3,2026-09-29,2026-10-06,all events except coverage rows
Chicago,cdg,1,1,0,1,2026-09-29,2026-10-06,all events except coverage rows
Chicago,chief,-1,0,1,1,2026-09-29,2026-10-06,all events except coverage rows
Chicago,cision,1,1,0,1,2026-09-29,2026-10-06,all events except coverage rows
Chicago,clearstreet,1,1,0,1,2026-09-29,2026-10-06,all events except coverage rows
Chicago,coderabbit,-1,0,1,1,2026-09-29,2026-10-06,all events except coverage rows
Chicago,consultdss,1,1,0,1,2026-09-29,2026-10-06,all events except coverage rows
Chicago,convene,-1,0,1,1,2026-09-29,2026-10-06,all events except coverage rows
Chicago,convr,1,1,0,1,2026-09-29,2026-10-06,all events except coverage rows
Chicago,db,1,1,0,1,2026-09-29,2026-10-06,all events except coverage rows
Chicago,dentsuaegis,1,1,0,1,2026-09-29,2026-10-06,all events except coverage rows
Chicago,diageo,1,1,0,1,2026-09-29,2026-10-06,all events except coverage rows
Chicago,diligentrobotics,-1,0,1,1,2026-09-29,2026-10-06,all events except coverage rows
Chicago,dvtrading,1,1,0,1,2026-09-29,2026-10-06,all events except coverage rows
Chicago,energysolutions,-1,0,1,1,2026-09-29,2026-10-06,all events except coverage rows
Chicago,firststudent,-1,0,1,1,2026-09-29,2026-10-06,all events except coverage rows
Chicago,flai,1,1,0,1,2026-09-29,2026-10-06,all events except coverage rows
Chicago,freseniusmedicalcare,1,2,1,3,2026-09-29,2026-10-06,all events except coverage rows
Chicago,frontcareers,-1,0,1,1,2026-09-29,2026-10-06,all events except coverage rows
Chicago,gartner,-1,0,1,1,2026-09-29,2026-10-06,all events except coverage rows
Chicago,gategroup,1,1,0,1,2026-09-29,2026-10-06,all events except coverage rows
Chicago,geico,-1,0,1,1,2026-09-29,2026-10-06,all events except coverage rows
Chicago,gelbergroup,1,1,0,1,2026-09-29,2026-10-06,all events except coverage rows
Chicago,genlogs-corporation,1,1,0,1,2026-09-29,2026-10-06,all events except coverage rows
Chicago,ghr,-1,7,8,15,2026-09-29,2026-10-06,all events except coverage rows
Chicago,gobeacon,1,1,0,1,2026-09-29,2026-10-06,all events except coverage rows
Chicago,graceloveslace,-1,0,1,1,2026-09-29,2026-10-06,all events except coverage rows
Chicago,grayscaleinvestments,-1,0,1,1,2026-09-29,2026-10-06,all events except coverage rows
Chicago,gtlaw,1,1,0,1,2026-09-29,2026-10-06,all events except coverage rows
Chicago,harborglobal,-1,0,1,1,2026-09-29,2026-10-06,all events except coverage rows
Chicago,hklaw,-1,0,1,1,2026-09-29,2026-10-06,all events except coverage rows
Chicago,homechef,-1,0,1,1,2026-09-29,2026-10-06,all events except coverage rows
Chicago,humana,-1,0,1,1,2026-09-29,2026-10-06,all events except coverage rows
Chicago,invitationhomes,-1,0,1,1,2026-09-29,2026-10-06,all events except coverage rows
Chicago,ivyrehab,1,1,0,1,2026-09-29,2026-10-06,all events except coverage rows
Chicago,j,-1,10,11,21,2026-09-29,2026-10-06,all events except coverage rows
Chicago,jobs-page-4dc2685b-eb82-46d1-a3f9-1f0764dba814,-1,0,1,1,2026-09-29,2026-10-06,all events except coverage rows
Chicago,kasa,1,1,0,1,2026-09-29,2026-10-06,all events except coverage rows
Chicago,kin,-1,0,1,1,2026-09-29,2026-10-06,all events except coverage rows
Chicago,kit,-1,0,1,1,2026-09-29,2026-10-06,all events except coverage rows
Chicago,kravet,1,1,0,1,2026-09-29,2026-10-06,all events except coverage rows
Chicago,lisinski-law-firm,-1,0,1,1,2026-09-29,2026-10-06,all events except coverage rows
Chicago,livenation,1,1,0,1,2026-09-29,2026-10-06,all events except coverage rows
Chicago,logicgate,-1,0,1,1,2026-09-29,2026-10-06,all events except coverage rows
Chicago,mackaysposito,1,1,0,1,2026-09-29,2026-10-06,all events except coverage rows
Chicago,marcusmillichap,1,1,0,1,2026-09-29,2026-10-06,all events except coverage rows
Chicago,markt-pilot,-1,0,1,1,2026-09-29,2026-10-06,all events except coverage rows
Chicago,metropolis,-1,1,2,3,2026-09-29,2026-10-06,all events except coverage rows
Chicago,midihealth,1,1,0,1,2026-09-29,2026-10-06,all events except coverage rows
Chicago,mizuho,-1,0,1,1,2026-09-29,2026-10-06,all events except coverage rows
Chicago,ms,1,1,0,1,2026-09-29,2026-10-06,all events except coverage rows
Chicago,nextgeneration,-1,0,1,1,2026-09-29,2026-10-06,all events except coverage rows
Chicago,nivoda,-1,0,1,1,2026-09-29,2026-10-06,all events except coverage rows
Chicago,nocd,-1,0,1,1,2026-09-29,2026-10-06,all events except coverage rows
Chicago,nordstrom,1,12,11,23,2026-09-29,2026-10-06,all events except coverage rows
Chicago,oriongroup,1,1,0,1,2026-09-29,2026-10-06,all events except coverage rows
Chicago,orionsteel,-1,0,1,1,2026-09-29,2026-10-06,all events except coverage rows
Chicago,ounceofcare,-1,0,1,1,2026-09-29,2026-10-06,all events except coverage rows
Chicago,oxfordcorp,-1,0,1,1,2026-09-29,2026-10-06,all events except coverage rows
Chicago,paypal,1,1,0,1,2026-09-29,2026-10-06,all events except coverage rows
Chicago,peak6group,-1,0,1,1,2026-09-29,2026-10-06,all events except coverage rows
Chicago,philips,1,1,0,1,2026-09-29,2026-10-06,all events except coverage rows
Chicago,plmrcareers,1,1,0,1,2026-09-29,2026-10-06,all events except coverage rows
Chicago,pru,-1,0,1,1,2026-09-29,2026-10-06,all events except coverage rows
Chicago,purplestrategies,1,1,0,1,2026-09-29,2026-10-06,all events except coverage rows
Chicago,regent-surgical-careers,1,1,0,1,2026-09-29,2026-10-06,all events except coverage rows
Chicago,revolutionmarketing,-1,0,1,1,2026-09-29,2026-10-06,all events except coverage rows
Chicago,rippling,1,2,1,3,2026-09-29,2026-10-06,all events except coverage rows
Chicago,rocketmiles,-1,0,1,1,2026-09-29,2026-10-06,all events except coverage rows
Chicago,rockwoolgroup,1,1,0,1,2026-09-29,2026-10-06,all events except coverage rows
Chicago,rothys,1,1,0,1,2026-09-29,2026-10-06,all events except coverage rows
Chicago,saltbox,1,1,0,1,2026-09-29,2026-10-06,all events except coverage rows
Chicago,siboneinc,1,1,0,1,2026-09-29,2026-10-06,all events except coverage rows
Chicago,sparkadvisors,-1,0,1,1,2026-09-29,2026-10-06,all events except coverage rows
Chicago,strong-technical-services-inc,1,1,0,1,2026-09-29,2026-10-06,all events except coverage rows
Chicago,strongpointpartners,1,1,0,1,2026-09-29,2026-10-06,all events except coverage rows
Chicago,stvinc,1,1,0,1,2026-09-29,2026-10-06,all events except coverage rows
Chicago,swarovski,1,1,0,1,2026-09-29,2026-10-06,all events except coverage rows
Chicago,syndigo,1,1,0,1,2026-09-29,2026-10-06,all events except coverage rows
Chicago,tastylive,-1,2,3,5,2026-09-29,2026-10-06,all events except coverage rows
Chicago,tastytrade,-1,2,3,5,2026-09-29,2026-10-06,all events except coverage rows
Chicago,thehartford,1,1,0,1,2026-09-29,2026-10-06,all events except coverage rows
Chicago,themichaeljfoxfoundation,1,1,0,1,2026-09-29,2026-10-06,all events except coverage rows
Chicago,tiaa,1,2,1,3,2026-09-29,2026-10-06,all events except coverage rows
Chicago,tmobile,-1,0,1,1,2026-09-29,2026-10-06,all events except coverage rows
Chicago,tollgroup,1,1,0,1,2026-09-29,2026-10-06,all events except coverage rows
Chicago,topsteptrader,1,2,1,3,2026-09-29,2026-10-06,all events except coverage rows
Chicago,tsys,1,1,0,1,2026-09-29,2026-10-06,all events except coverage rows
Chicago,tubitv,1,1,0,1,2026-09-29,2026-10-06,all events except coverage rows
Chicago,uberfreight,1,3,2,5,2026-09-29,2026-10-06,all events except coverage rows
Chicago,uovowine,-1,0,1,1,2026-09-29,2026-10-06,all events except coverage rows
Chicago,urban-initiatives,-1,0,1,1,2026-09-29,2026-10-06,all events except coverage rows
Chicago,us-lawshield,1,1,0,1,2026-09-29,2026-10-06,all events except coverage rows
Chicago,vouch-inc,1,2,1,3,2026-09-29,2026-10-06,all events except coverage rows
Chicago,weee,-1,0,1,1,2026-09-29,2026-10-06,all events except coverage rows
Chicago,wf,1,4,3,7,2026-09-29,2026-10-06,all events except coverage rows
Chicago,wilsonelser,1,1,0,1,2026-09-29,2026-10-06,all events except coverage rows
Chicago,wonder,1,4,3,7,2026-09-29,2026-10-06,all events except coverage rows
Chicago,www,1,8,7,15,2026-09-29,2026-10-06,all events except coverage rows
Chicago,yondr,-1,0,1,1,2026-09-29,2026-10-06,all events except coverage rows
Chicago,zoll,-1,0,1,1,2026-09-29,2026-10-06,all events except coverage rows
Chicago,66degrees,0,1,1,2,2026-09-29,2026-10-06,all events except coverage rows
Chicago,AEG Worldwide,0,1,1,2,2026-09-29,2026-10-06,all events except coverage rows
Chicago,Advantmed,0,1,1,2,2026-09-29,2026-10-06,all events except coverage rows
Chicago,Compass,0,1,1,2,2026-09-29,2026-10-06,all events except coverage rows
Chicago,Curaleaf,0,2,2,4,2026-09-29,2026-10-06,all events except coverage rows
Chicago,Datavant,0,1,1,2,2026-09-29,2026-10-06,all events except coverage rows
Chicago,GCM Grosvenor,0,1,1,2,2026-09-29,2026-10-06,all events except coverage rows
Chicago,HelloFresh,0,1,1,2,2026-09-29,2026-10-06,all events except coverage rows
Chicago,Human Agency,0,1,1,2,2026-09-29,2026-10-06,all events except coverage rows
Chicago,OneTrust,0,1,1,2,2026-09-29,2026-10-06,all events except coverage rows
Chicago,Pearce Services,0,1,1,2,2026-09-29,2026-10-06,all events except coverage rows
Chicago,Speechify,0,1,1,2,2026-09-29,2026-10-06,all events except coverage rows
Chicago,United Airlines Holdings,0,7,7,14,2026-09-29,2026-10-06,all events except coverage rows
Chicago,WPP Media,0,2,2,4,2026-09-29,2026-10-06,all events except coverage rows
Chicago,Whizz,0,1,1,2,2026-09-29,2026-10-06,all events except coverage rows
Chicago,armaninollp,0,1,1,2,2026-09-29,2026-10-06,all events except coverage rows
Chicago,beyondfinance,0,1,1,2,2026-09-29,2026-10-06,all events except coverage rows
Chicago,blackrock,0,2,2,4,2026-09-29,2026-10-06,all events except coverage rows
Chicago,cat,0,2,2,4,2026-09-29,2026-10-06,all events except coverage rows
Chicago,cbrands,0,1,1,2,2026-09-29,2026-10-06,all events except coverage rows
Chicago,chowbus,0,1,1,2,2026-09-29,2026-10-06,all events except coverage rows
Chicago,cna,0,3,3,6,2026-09-29,2026-10-06,all events except coverage rows
Chicago,crtriangle,0,2,2,4,2026-09-29,2026-10-06,all events except coverage rows
Chicago,genpt,0,1,1,2,2026-09-29,2026-10-06,all events except coverage rows
Chicago,grovelane,0,1,1,2,2026-09-29,2026-10-06,all events except coverage rows
Chicago,hpe,0,1,1,2,2026-09-29,2026-10-06,all events except coverage rows
Chicago,hubinternational,0,4,4,8,2026-09-29,2026-10-06,all events except coverage rows
Chicago,iqvia,0,1,1,2,2026-09-29,2026-10-06,all events except coverage rows
Chicago,jj,0,2,2,4,2026-09-29,2026-10-06,all events except coverage rows
Chicago,kimberlyclark,0,1,1,2,2026-09-29,2026-10-06,all events except coverage rows
Chicago,medtronic,0,1,1,2,2026-09-29,2026-10-06,all events except coverage rows
Chicago,outfrontmedia,0,1,1,2,2026-09-29,2026-10-06,all events except coverage rows
Chicago,paloaltonetworks,0,2,2,4,2026-09-29,2026-10-06,all events except coverage rows
Chicago,skechers,0,1,1,2,2026-09-29,2026-10-06,all events except coverage rows
Chicago,stratacareers,0,1,1,2,2026-09-29,2026-10-06,all events except coverage rows
Chicago,sunriseseniorliving,0,1,1,2,2026-09-29,2026-10-06,all events except coverage rows
Chicago,suntimes,0,3,3,6,2026-09-29,2026-10-06,all events except coverage rows
Chicago,westernalliancebank,0,1,1,2,2026-09-29,2026-10-06,all events except coverage rows
Chicago,zebra,0,1,1,2,2026-09-29,2026-10-06,all events except coverage rows
Copenhagen,Private Equity Insights,-26,0,26,26,2026-09-29,2026-10-06,all events except coverage rows
Copenhagen,CFO Insights,-18,0,18,18,2026-09-29,2026-10-06,all events except coverage rows
Copenhagen,SetSales,-18,0,18,18,2026-09-29,2026-10-06,all events except coverage rows
Copenhagen,United Media,-18,0,18,18,2026-09-29,2026-10-06,all events except coverage rows
Copenhagen,presidents,-8,0,8,8,2026-09-29,2026-10-06,all events except coverage rows
Copenhagen,Presidents Summit,-7,0,7,7,2026-09-29,2026-10-06,all events except coverage rows
Copenhagen,careers,6,6,0,6,2026-09-29,2026-10-06,all events except coverage rows
Copenhagen,tebi,4,4,0,4,2026-09-29,2026-10-06,all events except coverage rows
Copenhagen,WPP Media,3,4,1,5,2026-09-29,2026-10-06,all events except coverage rows
Copenhagen,bahras,-2,0,2,2,2026-09-29,2026-10-06,all events except coverage rows
Copenhagen,baselifescience,2,2,0,2,2026-09-29,2026-10-06,all events except coverage rows
Copenhagen,famly,-2,0,2,2,2026-09-29,2026-10-06,all events except coverage rows
Copenhagen,getwhy,-2,0,2,2,2026-09-29,2026-10-06,all events except coverage rows
Copenhagen,j,2,3,1,4,2026-09-29,2026-10-06,all events except coverage rows
Copenhagen,simcorp,2,2,0,2,2026-09-29,2026-10-06,all events except coverage rows
Copenhagen,teneolinkedin,2,2,0,2,2026-09-29,2026-10-06,all events except coverage rows
Copenhagen,teton,2,2,0,2,2026-09-29,2026-10-06,all events except coverage rows
Copenhagen,Anaplan,-1,0,1,1,2026-09-29,2026-10-06,all events except coverage rows
Copenhagen,Clera,-1,0,1,1,2026-09-29,2026-10-06,all events except coverage rows
Copenhagen,DOF,1,1,0,1,2026-09-29,2026-10-06,all events except coverage rows
Copenhagen,Ebury,-1,0,1,1,2026-09-29,2026-10-06,all events except coverage rows
Copenhagen,Palantir Technologies,-1,0,1,1,2026-09-29,2026-10-06,all events except coverage rows
Copenhagen,WPP,1,1,0,1,2026-09-29,2026-10-06,all events except coverage rows
Copenhagen,Wolt - English,1,4,3,7,2026-09-29,2026-10-06,all events except coverage rows
Copenhagen,alfalaval,-1,0,1,1,2026-09-29,2026-10-06,all events except coverage rows
Copenhagen,bettercollective,-1,0,1,1,2026-09-29,2026-10-06,all events except coverage rows
Copenhagen,cae,-1,0,1,1,2026-09-29,2026-10-06,all events except coverage rows
Copenhagen,cc,-1,1,2,3,2026-09-29,2026-10-06,all events except coverage rows
Copenhagen,corporate,1,4,3,7,2026-09-29,2026-10-06,all events except coverage rows
Copenhagen,efficioconsulting,1,1,0,1,2026-09-29,2026-10-06,all events except coverage rows
Copenhagen,hitachi,1,2,1,3,2026-09-29,2026-10-06,all events except coverage rows
Copenhagen,jj,-1,1,2,3,2026-09-29,2026-10-06,all events except coverage rows
Copenhagen,map,1,2,1,3,2026-09-29,2026-10-06,all events except coverage rows
Copenhagen,mastercard,-1,0,1,1,2026-09-29,2026-10-06,all events except coverage rows
Copenhagen,paloaltonetworks,1,1,0,1,2026-09-29,2026-10-06,all events except coverage rows
Copenhagen,pwc,1,4,3,7,2026-09-29,2026-10-06,all events except coverage rows
Copenhagen,seb,1,1,0,1,2026-09-29,2026-10-06,all events except coverage rows
Copenhagen,thales,1,1,0,1,2026-09-29,2026-10-06,all events except coverage rows
Copenhagen,tiaa,1,1,0,1,2026-09-29,2026-10-06,all events except coverage rows
Copenhagen,www,-1,0,1,1,2026-09-29,2026-10-06,all events except coverage rows
Copenhagen,Speechify,0,1,1,2,2026-09-29,2026-10-06,all events except coverage rows
Copenhagen,medtronic,0,1,1,2,2026-09-29,2026-10-06,all events except coverage rows
Copenhagen,miele,0,1,1,2,2026-09-29,2026-10-06,all events except coverage rows
Dallas,Loenbro,-12,7,19,26,2026-09-29,2026-10-06,all events except coverage rows
Dallas,att,-7,18,25,43,2026-09-29,2026-10-06,all events except coverage rows
Dallas,careers,7,8,1,9,2026-09-29,2026-10-06,all events except coverage rows
Dallas,Southwest Airlines,6,9,3,12,2026-09-29,2026-10-06,all events except coverage rows
Dallas,j,6,13,7,20,2026-09-29,2026-10-06,all events except coverage rows
Dallas,creationtech,5,5,0,5,2026-09-29,2026-10-06,all events except coverage rows
Dallas,crunchyroll,5,10,5,15,2026-09-29,2026-10-06,all events except coverage rows
Dallas,nordstrom,5,14,9,23,2026-09-29,2026-10-06,all events except coverage rows
Dallas,stvinc,-5,0,5,5,2026-09-29,2026-10-06,all events except coverage rows
Dallas,wf,5,8,3,11,2026-09-29,2026-10-06,all events except coverage rows
Dallas,www,5,11,6,17,2026-09-29,2026-10-06,all events except coverage rows
Dallas,Bush & Bush Law Group,4,4,0,4,2026-09-29,2026-10-06,all events except coverage rows
Dallas,Olsson,4,7,3,10,2026-09-29,2026-10-06,all events except coverage rows
Dallas,Oscar Health,-4,5,9,14,2026-09-29,2026-10-06,all events except coverage rows
Dallas,T1 Energy,-4,0,4,4,2026-09-29,2026-10-06,all events except coverage rows
Dallas,Tiger Analytics Inc.,4,4,0,4,2026-09-29,2026-10-06,all events except coverage rows
Dallas,fieldpulse,4,4,0,4,2026-09-29,2026-10-06,all events except coverage rows
Dallas,hitachi,-4,2,6,8,2026-09-29,2026-10-06,all events except coverage rows
Dallas,methodisthealthsystem,4,56,52,108,2026-09-29,2026-10-06,all events except coverage rows
Dallas,townepark,-4,1,5,6,2026-09-29,2026-10-06,all events except coverage rows
Dallas,CannonDesign,3,3,0,3,2026-09-29,2026-10-06,all events except coverage rows
Dallas,Pearce Services,3,4,1,5,2026-09-29,2026-10-06,all events except coverage rows
Dallas,avride,3,3,0,3,2026-09-29,2026-10-06,all events except coverage rows
Dallas,centrumhealth,3,4,1,5,2026-09-29,2026-10-06,all events except coverage rows
Dallas,hpe,3,3,0,3,2026-09-29,2026-10-06,all events except coverage rows
Dallas,huntington,3,5,2,7,2026-09-29,2026-10-06,all events except coverage rows
Dallas,jll,-3,5,8,13,2026-09-29,2026-10-06,all events except coverage rows
Dallas,medtronic,3,5,2,7,2026-09-29,2026-10-06,all events except coverage rows
Dallas,openloophealth,3,3,0,3,2026-09-29,2026-10-06,all events except coverage rows
Dallas,2020companies,2,2,0,2,2026-09-29,2026-10-06,all events except coverage rows
Dallas,ALTEN Technology USA,-2,0,2,2,2026-09-29,2026-10-06,all events except coverage rows
Dallas,Axon,-2,0,2,2,2026-09-29,2026-10-06,all events except coverage rows
Dallas,Carvana,2,3,1,4,2026-09-29,2026-10-06,all events except coverage rows
Dallas,CoreWeave,2,4,2,6,2026-09-29,2026-10-06,all events except coverage rows
Dallas,Lucid Motors,-2,1,3,4,2026-09-29,2026-10-06,all events except coverage rows
Dallas,One Medical,-2,2,4,6,2026-09-29,2026-10-06,all events except coverage rows
Dallas,Reformation,2,2,0,2,2026-09-29,2026-10-06,all events except coverage rows
Dallas,Silverado,-2,0,2,2,2026-09-29,2026-10-06,all events except coverage rows
Dallas,VSC Fire & Security,-2,2,4,6,2026-09-29,2026-10-06,all events except coverage rows
Dallas,Zscaler,-2,0,2,2,2026-09-29,2026-10-06,all events except coverage rows
Dallas,altruist,-2,1,3,4,2026-09-29,2026-10-06,all events except coverage rows
Dallas,baxter,-2,0,2,2,2026-09-29,2026-10-06,all events except coverage rows
Dallas,cisco,-2,0,2,2,2026-09-29,2026-10-06,all events except coverage rows
Dallas,copart,2,8,6,14,2026-09-29,2026-10-06,all events except coverage rows
Dallas,cw,2,2,0,2,2026-09-29,2026-10-06,all events except coverage rows
Dallas,ghr,-2,2,4,6,2026-09-29,2026-10-06,all events except coverage rows
Dallas,graybar,-2,1,3,4,2026-09-29,2026-10-06,all events except coverage rows
Dallas,homebound,2,3,1,4,2026-09-29,2026-10-06,all events except coverage rows
Dallas,humana,-2,0,2,2,2026-09-29,2026-10-06,all events except coverage rows
Dallas,jbhunt,-2,0,2,2,2026-09-29,2026-10-06,all events except coverage rows
Dallas,johnsonbrothers,2,2,0,2,2026-09-29,2026-10-06,all events except coverage rows
Dallas,kinetic,-2,0,2,2,2026-09-29,2026-10-06,all events except coverage rows
Dallas,memoryblue,-2,0,2,2,2026-09-29,2026-10-06,all events except coverage rows
Dallas,miebach-northamerica-career-page,-2,0,2,2,2026-09-29,2026-10-06,all events except coverage rows
Dallas,ms,-2,11,13,24,2026-09-29,2026-10-06,all events except coverage rows
Dallas,mullins-mechanical,2,2,0,2,2026-09-29,2026-10-06,all events except coverage rows
Dallas,pariveda,2,2,0,2,2026-09-29,2026-10-06,all events except coverage rows
Dallas,rainey-careers,-2,0,2,2,2026-09-29,2026-10-06,all events except coverage rows
Dallas,rb,2,4,2,6,2026-09-29,2026-10-06,all events except coverage rows
Dallas,skinlaundry,-2,0,2,2,2026-09-29,2026-10-06,all events except coverage rows
Dallas,sunriseseniorliving,-2,0,2,2,2026-09-29,2026-10-06,all events except coverage rows
Dallas,texascapitalbank,2,5,3,8,2026-09-29,2026-10-06,all events except coverage rows
Dallas,toryburch,2,2,0,2,2026-09-29,2026-10-06,all events except coverage rows
Dallas,uhaul,2,2,0,2,2026-09-29,2026-10-06,all events except coverage rows
Dallas,vixxo,-2,0,2,2,2026-09-29,2026-10-06,all events except coverage rows
Dallas,winsomeprime,-2,0,2,2,2026-09-29,2026-10-06,all events except coverage rows
Dallas,AST SpaceMobile,1,1,0,1,2026-09-29,2026-10-06,all events except coverage rows
Dallas,Accenture Federal Services,-1,0,1,1,2026-09-29,2026-10-06,all events except coverage rows
Dallas,Adaptive Home Health,-1,1,2,3,2026-09-29,2026-10-06,all events except coverage rows
Dallas,Apex Companies,1,1,0,1,2026-09-29,2026-10-06,all events except coverage rows
Dallas,"Blew & Associates, P.A.",1,1,0,1,2026-09-29,2026-10-06,all events except coverage rows
Dallas,Charger Logistics Inc,-1,0,1,1,2026-09-29,2026-10-06,all events except coverage rows
Dallas,Compass,-1,0,1,1,2026-09-29,2026-10-06,all events except coverage rows
Dallas,Crusoe,-1,1,2,3,2026-09-29,2026-10-06,all events except coverage rows
Dallas,Descope,1,1,0,1,2026-09-29,2026-10-06,all events except coverage rows
Dallas,Flexport,-1,0,1,1,2026-09-29,2026-10-06,all events except coverage rows
Dallas,Flourish,1,1,0,1,2026-09-29,2026-10-06,all events except coverage rows
Dallas,Geeks on Site,1,1,0,1,2026-09-29,2026-10-06,all events except coverage rows
Dallas,H2 Health,-1,0,1,1,2026-09-29,2026-10-06,all events except coverage rows
Dallas,Harvey,1,2,1,3,2026-09-29,2026-10-06,all events except coverage rows
Dallas,Hudson Manpower,-1,0,1,1,2026-09-29,2026-10-06,all events except coverage rows
Dallas,Human Agency,-1,0,1,1,2026-09-29,2026-10-06,all events except coverage rows
Dallas,Langan Engineering & Environmental Services,1,1,0,1,2026-09-29,2026-10-06,all events except coverage rows
Dallas,Legion Health,1,1,0,1,2026-09-29,2026-10-06,all events except coverage rows
Dallas,LifeStance Health,-1,0,1,1,2026-09-29,2026-10-06,all events except coverage rows
Dallas,MRG Exams,1,1,0,1,2026-09-29,2026-10-06,all events except coverage rows
Dallas,Marksman Security LLC,-1,1,2,3,2026-09-29,2026-10-06,all events except coverage rows
Dallas,NIVA Health,1,1,0,1,2026-09-29,2026-10-06,all events except coverage rows
Dallas,Natera,1,1,0,1,2026-09-29,2026-10-06,all events except coverage rows
Dallas,Navan,1,1,0,1,2026-09-29,2026-10-06,all events except coverage rows
Dallas,Oldcastle BuildingEnvelope,1,2,1,3,2026-09-29,2026-10-06,all events except coverage rows
Dallas,Oportun,-1,0,1,1,2026-09-29,2026-10-06,all events except coverage rows
Dallas,Quince,-1,0,1,1,2026-09-29,2026-10-06,all events except coverage rows
Dallas,Renuity,1,1,0,1,2026-09-29,2026-10-06,all events except coverage rows
Dallas,Roadsurfer,1,1,0,1,2026-09-29,2026-10-06,all events except coverage rows
Dallas,Rubrik,1,1,0,1,2026-09-29,2026-10-06,all events except coverage rows
Dallas,Syska Hennessy Group,1,1,0,1,2026-09-29,2026-10-06,all events except coverage rows
Dallas,"The United Firm | La Liga Defensora, APC",1,1,0,1,2026-09-29,2026-10-06,all events except coverage rows
Dallas,Toast,1,2,1,3,2026-09-29,2026-10-06,all events except coverage rows
Dallas,Walden Security,1,4,3,7,2026-09-29,2026-10-06,all events except coverage rows
Dallas,ZipRecruiter,1,1,0,1,2026-09-29,2026-10-06,all events except coverage rows
Dallas,accelerationpartners,-1,1,2,3,2026-09-29,2026-10-06,all events except coverage rows
Dallas,accendra,1,2,1,3,2026-09-29,2026-10-06,all events except coverage rows
Dallas,accreditedlabs,1,1,0,1,2026-09-29,2026-10-06,all events except coverage rows
Dallas,adamsclinical,-1,0,1,1,2026-09-29,2026-10-06,all events except coverage rows
Dallas,adtran,1,1,0,1,2026-09-29,2026-10-06,all events except coverage rows
Dallas,aggreko,-1,0,1,1,2026-09-29,2026-10-06,all events except coverage rows
Dallas,alliancedefendingfreedom,1,1,0,1,2026-09-29,2026-10-06,all events except coverage rows
Dallas,asmglobal,-1,0,1,1,2026-09-29,2026-10-06,all events except coverage rows
Dallas,assetliving,-1,0,1,1,2026-09-29,2026-10-06,all events except coverage rows
Dallas,atlascredit,-1,0,1,1,2026-09-29,2026-10-06,all events except coverage rows
Dallas,autura,-1,0,1,1,2026-09-29,2026-10-06,all events except coverage rows
Dallas,aviatrix,1,1,0,1,2026-09-29,2026-10-06,all events except coverage rows
Dallas,axcelis,-1,0,1,1,2026-09-29,2026-10-06,all events except coverage rows
Dallas,bbinsurance,-1,0,1,1,2026-09-29,2026-10-06,all events except coverage rows
Dallas,bdainc,-1,0,1,1,2026-09-29,2026-10-06,all events except coverage rows
Dallas,bestow,-1,0,1,1,2026-09-29,2026-10-06,all events except coverage rows
Dallas,billingsleycareers,-1,0,1,1,2026-09-29,2026-10-06,all events except coverage rows
Dallas,blackrock,1,1,0,1,2026-09-29,2026-10-06,all events except coverage rows
Dallas,bonadio,-1,0,1,1,2026-09-29,2026-10-06,all events except coverage rows
Dallas,boydgroup,-1,0,1,1,2026-09-29,2026-10-06,all events except coverage rows
Dallas,bridgepoint-consulting,-1,0,1,1,2026-09-29,2026-10-06,all events except coverage rows
Dallas,calibercollision,-1,0,1,1,2026-09-29,2026-10-06,all events except coverage rows
Dallas,calpionplutus,1,1,0,1,2026-09-29,2026-10-06,all events except coverage rows
Dallas,capchase,1,1,0,1,2026-09-29,2026-10-06,all events except coverage rows
Dallas,careersdeltacapita,-1,0,1,1,2026-09-29,2026-10-06,all events except coverage rows
Dallas,cc,1,1,0,1,2026-09-29,2026-10-06,all events except coverage rows
Dallas,cinc,-1,0,1,1,2026-09-29,2026-10-06,all events except coverage rows
Dallas,colossal,-1,0,1,1,2026-09-29,2026-10-06,all events except coverage rows
Dallas,establishmentlabs,-1,0,1,1,2026-09-29,2026-10-06,all events except coverage rows
Dallas,extrahopnetworks,1,1,0,1,2026-09-29,2026-10-06,all events except coverage rows
Dallas,ferrovial,-1,0,1,1,2026-09-29,2026-10-06,all events except coverage rows
Dallas,fitt,-1,0,1,1,2026-09-29,2026-10-06,all events except coverage rows
Dallas,fivebelow,1,2,1,3,2026-09-29,2026-10-06,all events except coverage rows
Dallas,fleetpride,-1,1,2,3,2026-09-29,2026-10-06,all events except coverage rows
Dallas,fortrea,-1,0,1,1,2026-09-29,2026-10-06,all events except coverage rows
Dallas,fortress,-1,1,2,3,2026-09-29,2026-10-06,all events except coverage rows
Dallas,fox,1,1,0,1,2026-09-29,2026-10-06,all events except coverage rows
Dallas,frostbank,1,2,1,3,2026-09-29,2026-10-06,all events except coverage rows
Dallas,georgia,-1,2,3,5,2026-09-29,2026-10-06,all events except coverage rows
Dallas,gtlaw,1,1,0,1,2026-09-29,2026-10-06,all events except coverage rows
Dallas,havenlybrands,1,1,0,1,2026-09-29,2026-10-06,all events except coverage rows
Dallas,hedgeserv,1,1,0,1,2026-09-29,2026-10-06,all events except coverage rows
Dallas,hklaw,1,1,0,1,2026-09-29,2026-10-06,all events except coverage rows
Dallas,holmesmurphy,-1,0,1,1,2026-09-29,2026-10-06,all events except coverage rows
Dallas,jj,-1,0,1,1,2026-09-29,2026-10-06,all events except coverage rows
Dallas,keeleyconstruction,-1,1,2,3,2026-09-29,2026-10-06,all events except coverage rows
Dallas,keptpro,-1,0,1,1,2026-09-29,2026-10-06,all events except coverage rows
Dallas,kimberlyclark,-1,1,2,3,2026-09-29,2026-10-06,all events except coverage rows
Dallas,kiongroup,-1,0,1,1,2026-09-29,2026-10-06,all events except coverage rows
Dallas,launchglobal,1,1,0,1,2026-09-29,2026-10-06,all events except coverage rows
Dallas,learfield,-1,0,1,1,2026-09-29,2026-10-06,all events except coverage rows
Dallas,leidos,-1,0,1,1,2026-09-29,2026-10-06,all events except coverage rows
Dallas,li-thermal-works,1,1,0,1,2026-09-29,2026-10-06,all events except coverage rows
Dallas,luxaviation,-1,0,1,1,2026-09-29,2026-10-06,all events except coverage rows
Dallas,machinifyinc,1,1,0,1,2026-09-29,2026-10-06,all events except coverage rows
Dallas,marcusmillichap,1,1,0,1,2026-09-29,2026-10-06,all events except coverage rows
Dallas,masseyservices,-1,0,1,1,2026-09-29,2026-10-06,all events except coverage rows
Dallas,mizzenandmain,1,1,0,1,2026-09-29,2026-10-06,all events except coverage rows
Dallas,moomoo,-1,0,1,1,2026-09-29,2026-10-06,all events except coverage rows
Dallas,motorolasolutions,1,1,0,1,2026-09-29,2026-10-06,all events except coverage rows
Dallas,myhrabc,1,1,0,1,2026-09-29,2026-10-06,all events except coverage rows
Dallas,nb,-1,0,1,1,2026-09-29,2026-10-06,all events except coverage rows
Dallas,nexxen,1,1,0,1,2026-09-29,2026-10-06,all events except coverage rows
Dallas,nike,1,1,0,1,2026-09-29,2026-10-06,all events except coverage rows
Dallas,odfl,-1,0,1,1,2026-09-29,2026-10-06,all events except coverage rows
Dallas,omninet-property-management,1,1,0,1,2026-09-29,2026-10-06,all events except coverage rows
Dallas,peak6group,1,2,1,3,2026-09-29,2026-10-06,all events except coverage rows
Dallas,perimetermed,-1,0,1,1,2026-09-29,2026-10-06,all events except coverage rows
Dallas,perscholashires,-1,0,1,1,2026-09-29,2026-10-06,all events except coverage rows
Dallas,prim,-1,1,2,3,2026-09-29,2026-10-06,all events except coverage rows
Dallas,prologis,-1,0,1,1,2026-09-29,2026-10-06,all events except coverage rows
Dallas,regeneron,-1,0,1,1,2026-09-29,2026-10-06,all events except coverage rows
Dallas,rewardsnetwork,1,1,0,1,2026-09-29,2026-10-06,all events except coverage rows
Dallas,rhapsody,1,1,0,1,2026-09-29,2026-10-06,all events except coverage rows
Dallas,roberthalf,-1,0,1,1,2026-09-29,2026-10-06,all events except coverage rows
Dallas,roofstock,1,1,0,1,2026-09-29,2026-10-06,all events except coverage rows
Dallas,rothys,-1,0,1,1,2026-09-29,2026-10-06,all events except coverage rows
Dallas,rsm,1,3,2,5,2026-09-29,2026-10-06,all events except coverage rows
Dallas,salma-health,1,1,0,1,2026-09-29,2026-10-06,all events except coverage rows
Dallas,santander,1,3,2,5,2026-09-29,2026-10-06,all events except coverage rows
Dallas,sbdinc,1,1,0,1,2026-09-29,2026-10-06,all events except coverage rows
Dallas,sbmmanagement,1,1,0,1,2026-09-29,2026-10-06,all events except coverage rows
Dallas,sedgwick,1,1,0,1,2026-09-29,2026-10-06,all events except coverage rows
Dallas,sharpelectronics,1,1,0,1,2026-09-29,2026-10-06,all events except coverage rows
Dallas,spgi,-1,0,1,1,2026-09-29,2026-10-06,all events except coverage rows
Dallas,stackav,1,1,0,1,2026-09-29,2026-10-06,all events except coverage rows
Dallas,strivehealth,1,1,0,1,2026-09-29,2026-10-06,all events except coverage rows
Dallas,stryker,-1,0,1,1,2026-09-29,2026-10-06,all events except coverage rows
Dallas,sunlife,1,1,0,1,2026-09-29,2026-10-06,all events except coverage rows
Dallas,swarovski,1,1,0,1,2026-09-29,2026-10-06,all events except coverage rows
Dallas,talkdesk2,1,1,0,1,2026-09-29,2026-10-06,all events except coverage rows
Dallas,tapestry,-1,0,1,1,2026-09-29,2026-10-06,all events except coverage rows
Dallas,td,-1,0,1,1,2026-09-29,2026-10-06,all events except coverage rows
Dallas,texaschillersystemsasp,-1,0,1,1,2026-09-29,2026-10-06,all events except coverage rows
Dallas,theocc,-1,0,1,1,2026-09-29,2026-10-06,all events except coverage rows
Dallas,thermofisher,1,1,0,1,2026-09-29,2026-10-06,all events except coverage rows
Dallas,trigild,-1,0,1,1,2026-09-29,2026-10-06,all events except coverage rows
Dallas,tti,1,1,0,1,2026-09-29,2026-10-06,all events except coverage rows
Dallas,ufpi,-1,1,2,3,2026-09-29,2026-10-06,all events except coverage rows
Dallas,ur,1,2,1,3,2026-09-29,2026-10-06,all events except coverage rows
Dallas,usaa,-1,0,1,1,2026-09-29,2026-10-06,all events except coverage rows
Dallas,usbank,1,1,0,1,2026-09-29,2026-10-06,all events except coverage rows
Dallas,westerkampgroupllc,1,1,0,1,2026-09-29,2026-10-06,all events except coverage rows
Dallas,wgu,-1,0,1,1,2026-09-29,2026-10-06,all events except coverage rows
Dallas,xyz-reality,1,1,0,1,2026-09-29,2026-10-06,all events except coverage rows
Dallas,Cortland,0,1,1,2,2026-09-29,2026-10-06,all events except coverage rows
Dallas,EquipmentShare,0,3,3,6,2026-09-29,2026-10-06,all events except coverage rows
Dallas,Lincoln Property Company,0,1,1,2,2026-09-29,2026-10-06,all events except coverage rows
Dallas,"MedElite Group, LLC.",0,1,1,2,2026-09-29,2026-10-06,all events except coverage rows
Dallas,Sapsol Technologies Inc,0,1,1,2,2026-09-29,2026-10-06,all events except coverage rows
Dallas,Speechify,0,1,1,2,2026-09-29,2026-10-06,all events except coverage rows
Dallas,Tecovas,0,1,1,2,2026-09-29,2026-10-06,all events except coverage rows
Dallas,Upchurch,0,1,1,2,2026-09-29,2026-10-06,all events except coverage rows
Dallas,allworthfinancial,0,1,1,2,2026-09-29,2026-10-06,all events except coverage rows
Dallas,americanredcross,0,1,1,2,2026-09-29,2026-10-06,all events except coverage rows
Dallas,apexstructural,0,3,3,6,2026-09-29,2026-10-06,all events except coverage rows
Dallas,bellnunnally,0,1,1,2,2026-09-29,2026-10-06,all events except coverage rows
Dallas,cae,0,2,2,4,2026-09-29,2026-10-06,all events except coverage rows
Dallas,claimsorted,0,1,1,2,2026-09-29,2026-10-06,all events except coverage rows
Dallas,erm,0,1,1,2,2026-09-29,2026-10-06,all events except coverage rows
Dallas,freseniusmedicalcare,0,1,1,2,2026-09-29,2026-10-06,all events except coverage rows
Dallas,geico,0,2,2,4,2026-09-29,2026-10-06,all events except coverage rows
Dallas,genpt,0,1,1,2,2026-09-29,2026-10-06,all events except coverage rows
Dallas,hhs,0,1,1,2,2026-09-29,2026-10-06,all events except coverage rows
Dallas,invitationhomes,0,5,5,10,2026-09-29,2026-10-06,all events except coverage rows
Dallas,jerry.ai,0,1,1,2,2026-09-29,2026-10-06,all events except coverage rows
Dallas,lowes,0,7,7,14,2026-09-29,2026-10-06,all events except coverage rows
Dallas,lpadesignstudios,0,1,1,2,2026-09-29,2026-10-06,all events except coverage rows
Dallas,monumentsoftwareinc,0,1,1,2,2026-09-29,2026-10-06,all events except coverage rows
Dallas,oneok,0,1,1,2,2026-09-29,2026-10-06,all events except coverage rows
Dallas,philips,0,1,1,2,2026-09-29,2026-10-06,all events except coverage rows
Dallas,pmg,0,3,3,6,2026-09-29,2026-10-06,all events except coverage rows
Dallas,regions,0,1,1,2,2026-09-29,2026-10-06,all events except coverage rows
Dallas,scorpionenterprisesllc,0,1,1,2,2026-09-29,2026-10-06,all events except coverage rows
Dallas,semperis,0,2,2,4,2026-09-29,2026-10-06,all events except coverage rows
Dallas,statestreet,0,1,1,2,2026-09-29,2026-10-06,all events except coverage rows
Dallas,tamus,0,1,1,2,2026-09-29,2026-10-06,all events except coverage rows
Dallas,tiaa,0,5,5,10,2026-09-29,2026-10-06,all events except coverage rows
Dallas,tjx,0,2,2,4,2026-09-29,2026-10-06,all events except coverage rows
Dallas,tmobile,0,1,1,2,2026-09-29,2026-10-06,all events except coverage rows
Dallas,truist,0,3,3,6,2026-09-29,2026-10-06,all events except coverage rows
Dallas,veridian-service-partners,0,1,1,2,2026-09-29,2026-10-06,all events except coverage rows
Dallas,westernalliancebank,0,1,1,2,2026-09-29,2026-10-06,all events except coverage rows
Denver,basspro,13,14,1,15,2026-09-29,2026-10-06,all events except coverage rows
Denver,True Anomaly,9,16,7,23,2026-09-29,2026-10-06,all events except coverage rows
Denver,gcu,9,9,0,9,2026-09-29,2026-10-06,all events except coverage rows
Denver,theweitzcompany,-7,0,7,7,2026-09-29,2026-10-06,all events except coverage rows
Denver,careers,5,5,0,5,2026-09-29,2026-10-06,all events except coverage rows
Denver,gategroup,-5,2,7,9,2026-09-29,2026-10-06,all events except coverage rows
Denver,Checkr,-4,4,8,12,2026-09-29,2026-10-06,all events except coverage rows
Denver,Crusoe,4,13,9,22,2026-09-29,2026-10-06,all events except coverage rows
Denver,Muon Space,4,4,0,4,2026-09-29,2026-10-06,all events except coverage rows
Denver,huntington,-4,0,4,4,2026-09-29,2026-10-06,all events except coverage rows
Denver,mergeworld,-4,0,4,4,2026-09-29,2026-10-06,all events except coverage rows
Denver,nordstrom,-4,6,10,16,2026-09-29,2026-10-06,all events except coverage rows
Denver,Carvana,-3,0,3,3,2026-09-29,2026-10-06,all events except coverage rows
Denver,Lush Handmade Cosmetics,3,3,0,3,2026-09-29,2026-10-06,all events except coverage rows
Denver,MaintainX (An Autodesk Company),3,3,0,3,2026-09-29,2026-10-06,all events except coverage rows
Denver,blissway,3,3,0,3,2026-09-29,2026-10-06,all events except coverage rows
Denver,caci,-3,3,6,9,2026-09-29,2026-10-06,all events except coverage rows
Denver,invenergyllc,-3,0,3,3,2026-09-29,2026-10-06,all events except coverage rows
Denver,ivyrehab,3,3,0,3,2026-09-29,2026-10-06,all events except coverage rows
Denver,lavaisland,3,4,1,5,2026-09-29,2026-10-06,all events except coverage rows
Denver,libertyglobal,3,3,0,3,2026-09-29,2026-10-06,all events except coverage rows
Denver,litera,-3,0,3,3,2026-09-29,2026-10-06,all events except coverage rows
Denver,msudenver,3,4,1,5,2026-09-29,2026-10-06,all events except coverage rows
Denver,operationscareers,-3,0,3,3,2026-09-29,2026-10-06,all events except coverage rows
Denver,Amazing Care Home Health Services,2,2,0,2,2026-09-29,2026-10-06,all events except coverage rows
Denver,Benesch,-2,0,2,2,2026-09-29,2026-10-06,all events except coverage rows
Denver,Datadog,-2,0,2,2,2026-09-29,2026-10-06,all events except coverage rows
Denver,DigitalOcean,2,4,2,6,2026-09-29,2026-10-06,all events except coverage rows
Denver,Esri,2,2,0,2,2026-09-29,2026-10-06,all events except coverage rows
Denver,Experience Senior Living,2,2,0,2,2026-09-29,2026-10-06,all events except coverage rows
Denver,Fastly,2,3,1,4,2026-09-29,2026-10-06,all events except coverage rows
Denver,Harness,2,2,0,2,2026-09-29,2026-10-06,all events except coverage rows
Denver,Launch Potato,-2,0,2,2,2026-09-29,2026-10-06,all events except coverage rows
Denver,One Medical,-2,0,2,2,2026-09-29,2026-10-06,all events except coverage rows
Denver,Palantir Technologies,2,2,0,2,2026-09-29,2026-10-06,all events except coverage rows
Denver,Robinhood,-2,0,2,2,2026-09-29,2026-10-06,all events except coverage rows
Denver,Xometry,-2,0,2,2,2026-09-29,2026-10-06,all events except coverage rows
Denver,aggreko,-2,0,2,2,2026-09-29,2026-10-06,all events except coverage rows
Denver,bridgepoint-consulting,-2,0,2,2,2026-09-29,2026-10-06,all events except coverage rows
Denver,careerteam,-2,0,2,2,2026-09-29,2026-10-06,all events except coverage rows
Denver,cci,-2,0,2,2,2026-09-29,2026-10-06,all events except coverage rows
Denver,conagrabrands,2,2,0,2,2026-09-29,2026-10-06,all events except coverage rows
Denver,fmr,2,4,2,6,2026-09-29,2026-10-06,all events except coverage rows
Denver,freese,2,2,0,2,2026-09-29,2026-10-06,all events except coverage rows
Denver,fronterahealth,-2,0,2,2,2026-09-29,2026-10-06,all events except coverage rows
Denver,genpt,-2,1,3,4,2026-09-29,2026-10-06,all events except coverage rows
Denver,guidelighthealth,2,2,0,2,2026-09-29,2026-10-06,all events except coverage rows
Denver,internaljobsatlush,2,2,0,2,2026-09-29,2026-10-06,all events except coverage rows
Denver,invitationhomes,2,2,0,2,2026-09-29,2026-10-06,all events except coverage rows
Denver,j,2,6,4,10,2026-09-29,2026-10-06,all events except coverage rows
Denver,jj,-2,0,2,2,2026-09-29,2026-10-06,all events except coverage rows
Denver,keybank,-2,0,2,2,2026-09-29,2026-10-06,all events except coverage rows
Denver,mentalhealthcenterofdenver,-2,6,8,14,2026-09-29,2026-10-06,all events except coverage rows
Denver,mpc,-2,0,2,2,2026-09-29,2026-10-06,all events except coverage rows
Denver,paloaltonetworks,2,2,0,2,2026-09-29,2026-10-06,all events except coverage rows
Denver,rb,-2,0,2,2,2026-09-29,2026-10-06,all events except coverage rows
Denver,secretariatadvisorsllc,2,2,0,2,2026-09-29,2026-10-06,all events except coverage rows
Denver,transamerica,-2,0,2,2,2026-09-29,2026-10-06,all events except coverage rows
Denver,tsys,2,2,0,2,2026-09-29,2026-10-06,all events except coverage rows
Denver,uhaul,2,2,0,2,2026-09-29,2026-10-06,all events except coverage rows
Denver,usbank,2,3,1,4,2026-09-29,2026-10-06,all events except coverage rows
Denver,xcelenergy,-2,9,11,20,2026-09-29,2026-10-06,all events except coverage rows
Denver,1800gotjunk,1,1,0,1,2026-09-29,2026-10-06,all events except coverage rows
Denver,Axsome Therapeutics,1,1,0,1,2026-09-29,2026-10-06,all events except coverage rows
Denver,Box,1,1,0,1,2026-09-29,2026-10-06,all events except coverage rows
Denver,CLEAR - Field,1,1,0,1,2026-09-29,2026-10-06,all events except coverage rows
Denver,CannonDesign,-1,0,1,1,2026-09-29,2026-10-06,all events except coverage rows
Denver,Charlie Health,1,1,0,1,2026-09-29,2026-10-06,all events except coverage rows
Denver,Charlie Health Outreach,1,1,0,1,2026-09-29,2026-10-06,all events except coverage rows
Denver,Classet,-1,0,1,1,2026-09-29,2026-10-06,all events except coverage rows
Denver,DoorDash USA,1,1,0,1,2026-09-29,2026-10-06,all events except coverage rows
Denver,EOS,1,1,0,1,2026-09-29,2026-10-06,all events except coverage rows
Denver,EquipmentShare,1,3,2,5,2026-09-29,2026-10-06,all events except coverage rows
Denver,Fleet Data Centers,1,1,0,1,2026-09-29,2026-10-06,all events except coverage rows
Denver,Greenlife Healthcare Staffing,-1,0,1,1,2026-09-29,2026-10-06,all events except coverage rows
Denver,Guild,-1,0,1,1,2026-09-29,2026-10-06,all events except coverage rows
Denver,"Gusto, Inc.",1,10,9,19,2026-09-29,2026-10-06,all events except coverage rows
Denver,Jensen Hughes,1,1,0,1,2026-09-29,2026-10-06,all events except coverage rows
Denver,JumpCloud,1,1,0,1,2026-09-29,2026-10-06,all events except coverage rows
Denver,Keller Executive Search,-1,0,1,1,2026-09-29,2026-10-06,all events except coverage rows
Denver,LendingTree,-1,0,1,1,2026-09-29,2026-10-06,all events except coverage rows
Denver,Madison Reed,-1,0,1,1,2026-09-29,2026-10-06,all events except coverage rows
Denver,Mixpanel,-1,0,1,1,2026-09-29,2026-10-06,all events except coverage rows
Denver,Monks,-1,1,2,3,2026-09-29,2026-10-06,all events except coverage rows
Denver,Newmont,-1,0,1,1,2026-09-29,2026-10-06,all events except coverage rows
Denver,Octave,-1,0,1,1,2026-09-29,2026-10-06,all events except coverage rows
Denver,Outset Medical,-1,0,1,1,2026-09-29,2026-10-06,all events except coverage rows
Denver,Planet,-1,0,1,1,2026-09-29,2026-10-06,all events except coverage rows
Denver,Ridealso,1,1,0,1,2026-09-29,2026-10-06,all events except coverage rows
Denver,SOL Mental Health,-1,0,1,1,2026-09-29,2026-10-06,all events except coverage rows
Denver,STR,-1,1,2,3,2026-09-29,2026-10-06,all events except coverage rows
Denver,TP-Link Systems Inc.,-1,0,1,1,2026-09-29,2026-10-06,all events except coverage rows
Denver,Udemy,1,1,0,1,2026-09-29,2026-10-06,all events except coverage rows
Denver,Upstream Rehabilitation,1,2,1,3,2026-09-29,2026-10-06,all events except coverage rows
Denver,Veterinary Practice Partners,-1,0,1,1,2026-09-29,2026-10-06,all events except coverage rows
Denver,Viant Technology,-1,0,1,1,2026-09-29,2026-10-06,all events except coverage rows
Denver,"Voyager Technologies, Inc.",1,1,0,1,2026-09-29,2026-10-06,all events except coverage rows
Denver,W. W. Grainger,-1,0,1,1,2026-09-29,2026-10-06,all events except coverage rows
Denver,"Wiz, Inc.",-1,0,1,1,2026-09-29,2026-10-06,all events except coverage rows
Denver,acrisure,-1,0,1,1,2026-09-29,2026-10-06,all events except coverage rows
Denver,agentsync-careers,-1,1,2,3,2026-09-29,2026-10-06,all events except coverage rows
Denver,ampersandbrands,1,1,0,1,2026-09-29,2026-10-06,all events except coverage rows
Denver,armaninollp,-1,0,1,1,2026-09-29,2026-10-06,all events except coverage rows
Denver,asmglobal,-1,2,3,5,2026-09-29,2026-10-06,all events except coverage rows
Denver,autodesk,-1,0,1,1,2026-09-29,2026-10-06,all events except coverage rows
Denver,baxter,1,1,0,1,2026-09-29,2026-10-06,all events except coverage rows
Denver,beaconbiosignals,1,1,0,1,2026-09-29,2026-10-06,all events except coverage rows
Denver,billingplatform,-1,0,1,1,2026-09-29,2026-10-06,all events except coverage rows
Denver,broadridge,1,1,0,1,2026-09-29,2026-10-06,all events except coverage rows
Denver,cafortune,1,2,1,3,2026-09-29,2026-10-06,all events except coverage rows
Denver,calix,1,1,0,1,2026-09-29,2026-10-06,all events except coverage rows
Denver,cat,-1,0,1,1,2026-09-29,2026-10-06,all events except coverage rows
Denver,cc,-1,0,1,1,2026-09-29,2026-10-06,all events except coverage rows
Denver,cedp,-1,0,1,1,2026-09-29,2026-10-06,all events except coverage rows
Denver,cibc,1,1,0,1,2026-09-29,2026-10-06,all events except coverage rows
Denver,cisco,-1,0,1,1,2026-09-29,2026-10-06,all events except coverage rows
Denver,claytonhomes,1,2,1,3,2026-09-29,2026-10-06,all events except coverage rows
Denver,clearwayjobs,1,2,1,3,2026-09-29,2026-10-06,all events except coverage rows
Denver,collegetrack,1,1,0,1,2026-09-29,2026-10-06,all events except coverage rows
Denver,coloradolegalservices,1,1,0,1,2026-09-29,2026-10-06,all events except coverage rows
Denver,creationtech,-1,0,1,1,2026-09-29,2026-10-06,all events except coverage rows
Denver,csdautismservices,1,1,0,1,2026-09-29,2026-10-06,all events except coverage rows
Denver,cw,1,1,0,1,2026-09-29,2026-10-06,all events except coverage rows
Denver,disabilitylawco,1,1,0,1,2026-09-29,2026-10-06,all events except coverage rows
Denver,envoy,1,1,0,1,2026-09-29,2026-10-06,all events except coverage rows
Denver,eonhealth,1,1,0,1,2026-09-29,2026-10-06,all events except coverage rows
Denver,erm,-1,0,1,1,2026-09-29,2026-10-06,all events except coverage rows
Denver,establishmentlabs,1,1,0,1,2026-09-29,2026-10-06,all events except coverage rows
Denver,firststudent,-1,0,1,1,2026-09-29,2026-10-06,all events except coverage rows
Denver,fivebelow,-1,0,1,1,2026-09-29,2026-10-06,all events except coverage rows
Denver,frontrangeclinic,-1,0,1,1,2026-09-29,2026-10-06,all events except coverage rows
Denver,ghr,1,2,1,3,2026-09-29,2026-10-06,all events except coverage rows
Denver,graceloveslace,-1,0,1,1,2026-09-29,2026-10-06,all events except coverage rows
Denver,gtlaw,1,1,0,1,2026-09-29,2026-10-06,all events except coverage rows
Denver,havenlybrands,-1,2,3,5,2026-09-29,2026-10-06,all events except coverage rows
Denver,hpe,1,1,0,1,2026-09-29,2026-10-06,all events except coverage rows
Denver,iheartmedia,-1,0,1,1,2026-09-29,2026-10-06,all events except coverage rows
Denver,iqvia,-1,0,1,1,2026-09-29,2026-10-06,all events except coverage rows
Denver,jennikayne,1,1,0,1,2026-09-29,2026-10-06,all events except coverage rows
Denver,jll,-1,5,6,11,2026-09-29,2026-10-06,all events except coverage rows
Denver,keeleyconstruction,-1,0,1,1,2026-09-29,2026-10-06,all events except coverage rows
Denver,luvbridal,1,1,0,1,2026-09-29,2026-10-06,all events except coverage rows
Denver,marcusmillichap,1,1,0,1,2026-09-29,2026-10-06,all events except coverage rows
Denver,memoryblue,1,1,0,1,2026-09-29,2026-10-06,all events except coverage rows
Denver,mgproperties,-1,0,1,1,2026-09-29,2026-10-06,all events except coverage rows
Denver,mobilizegreen,1,1,0,1,2026-09-29,2026-10-06,all events except coverage rows
Denver,movementstrategy,1,1,0,1,2026-09-29,2026-10-06,all events except coverage rows
Denver,ms,-1,1,2,3,2026-09-29,2026-10-06,all events except coverage rows
Denver,myhrabc,-1,0,1,1,2026-09-29,2026-10-06,all events except coverage rows
Denver,outfrontmedia,1,1,0,1,2026-09-29,2026-10-06,all events except coverage rows
Denver,owensminor,-1,0,1,1,2026-09-29,2026-10-06,all events except coverage rows
Denver,phoenixcontact,1,1,0,1,2026-09-29,2026-10-06,all events except coverage rows
Denver,pipersandler,1,1,0,1,2026-09-29,2026-10-06,all events except coverage rows
Denver,pretiumenterpriseservices,1,1,0,1,2026-09-29,2026-10-06,all events except coverage rows
Denver,prim,1,3,2,5,2026-09-29,2026-10-06,all events except coverage rows
Denver,procaresolutions,-1,1,2,3,2026-09-29,2026-10-06,all events except coverage rows
Denver,prologis,1,1,0,1,2026-09-29,2026-10-06,all events except coverage rows
Denver,pultegroup,-1,0,1,1,2026-09-29,2026-10-06,all events except coverage rows
Denver,red6,1,3,2,5,2026-09-29,2026-10-06,all events except coverage rows
Denver,redpeak,1,1,0,1,2026-09-29,2026-10-06,all events except coverage rows
Denver,republic,1,2,1,3,2026-09-29,2026-10-06,all events except coverage rows
Denver,ringcentral,1,1,0,1,2026-09-29,2026-10-06,all events except coverage rows
Denver,roche,-1,0,1,1,2026-09-29,2026-10-06,all events except coverage rows
Denver,rti,1,1,0,1,2026-09-29,2026-10-06,all events except coverage rows
Denver,rvohealth,1,1,0,1,2026-09-29,2026-10-06,all events except coverage rows
Denver,sarepta,1,1,0,1,2026-09-29,2026-10-06,all events except coverage rows
Denver,scotch,-1,0,1,1,2026-09-29,2026-10-06,all events except coverage rows
Denver,simplesense,1,1,0,1,2026-09-29,2026-10-06,all events except coverage rows
Denver,skinlaundry,-1,0,1,1,2026-09-29,2026-10-06,all events except coverage rows
Denver,speedbaywarehousesolutions,1,2,1,3,2026-09-29,2026-10-06,all events except coverage rows
Denver,stackinfra,-1,1,2,3,2026-09-29,2026-10-06,all events except coverage rows
Denver,strivehealth,1,4,3,7,2026-09-29,2026-10-06,all events except coverage rows
Denver,sunriseseniorliving,-1,0,1,1,2026-09-29,2026-10-06,all events except coverage rows
Denver,swarovski,1,1,0,1,2026-09-29,2026-10-06,all events except coverage rows
Denver,textus,-1,0,1,1,2026-09-29,2026-10-06,all events except coverage rows
Denver,theirc,1,2,1,3,2026-09-29,2026-10-06,all events except coverage rows
Denver,townepark,-1,0,1,1,2026-09-29,2026-10-06,all events except coverage rows
Denver,tranetechnologies,-1,0,1,1,2026-09-29,2026-10-06,all events except coverage rows
Denver,turbotenant,-1,0,1,1,2026-09-29,2026-10-06,all events except coverage rows
Denver,udemybedi,1,1,0,1,2026-09-29,2026-10-06,all events except coverage rows
Denver,uovowine,1,1,0,1,2026-09-29,2026-10-06,all events except coverage rows
Denver,ur,-1,1,2,3,2026-09-29,2026-10-06,all events except coverage rows
Denver,visionrt,1,1,0,1,2026-09-29,2026-10-06,all events except coverage rows
Denver,vynca,1,1,0,1,2026-09-29,2026-10-06,all events except coverage rows
Denver,westernalliancebank,-1,0,1,1,2026-09-29,2026-10-06,all events except coverage rows
Denver,wilsonelser,1,1,0,1,2026-09-29,2026-10-06,all events except coverage rows
Denver,wolfsdorf,1,1,0,1,2026-09-29,2026-10-06,all events except coverage rows
Denver,workatbackbase,1,1,0,1,2026-09-29,2026-10-06,all events except coverage rows
Denver,www,1,1,0,1,2026-09-29,2026-10-06,all events except coverage rows
Denver,xyz-reality,1,1,0,1,2026-09-29,2026-10-06,all events except coverage rows
Denver,yondr,1,1,0,1,2026-09-29,2026-10-06,all events except coverage rows
Denver,AirSculpt,0,1,1,2,2026-09-29,2026-10-06,all events except coverage rows
Denver,Block,0,1,1,2,2026-09-29,2026-10-06,all events except coverage rows
Denver,Contentful,0,2,2,4,2026-09-29,2026-10-06,all events except coverage rows
Denver,Fivetran,0,2,2,4,2026-09-29,2026-10-06,all events except coverage rows
Denver,Kelso Building Services,0,1,1,2,2026-09-29,2026-10-06,all events except coverage rows
Denver,Klaviyo,0,2,2,4,2026-09-29,2026-10-06,all events except coverage rows
Denver,Legora,0,1,1,2,2026-09-29,2026-10-06,all events except coverage rows
Denver,LifeStance Health,0,1,1,2,2026-09-29,2026-10-06,all events except coverage rows
Denver,MRG Exams,0,1,1,2,2026-09-29,2026-10-06,all events except coverage rows
Denver,Oldcastle BuildingEnvelope,0,1,1,2,2026-09-29,2026-10-06,all events except coverage rows
Denver,Orchard,0,1,1,2,2026-09-29,2026-10-06,all events except coverage rows
Denver,Speechify,0,1,1,2,2026-09-29,2026-10-06,all events except coverage rows
Denver,accendra,0,1,1,2,2026-09-29,2026-10-06,all events except coverage rows
Denver,americanredcross,0,1,1,2,2026-09-29,2026-10-06,all events except coverage rows
Denver,aresmgmt,0,1,1,2,2026-09-29,2026-10-06,all events except coverage rows
Denver,calibercollision,0,1,1,2,2026-09-29,2026-10-06,all events except coverage rows
Denver,csusystem,0,1,1,2,2026-09-29,2026-10-06,all events except coverage rows
Denver,emslinqinc,0,1,1,2,2026-09-29,2026-10-06,all events except coverage rows
Denver,freseniusmedicalcare,0,1,1,2,2026-09-29,2026-10-06,all events except coverage rows
Denver,graybar,0,1,1,2,2026-09-29,2026-10-06,all events except coverage rows
Denver,jcrew,0,1,1,2,2026-09-29,2026-10-06,all events except coverage rows
Denver,mattressfirm,0,1,1,2,2026-09-29,2026-10-06,all events except coverage rows
Denver,medtronic,0,4,4,8,2026-09-29,2026-10-06,all events except coverage rows
Denver,mydpr,0,2,2,4,2026-09-29,2026-10-06,all events except coverage rows
Denver,pdwcareers,0,1,1,2,2026-09-29,2026-10-06,all events except coverage rows
Denver,residential,0,1,1,2,2026-09-29,2026-10-06,all events except coverage rows
Denver,roberthalf,0,1,1,2,2026-09-29,2026-10-06,all events except coverage rows
Denver,semperis,0,1,1,2,2026-09-29,2026-10-06,all events except coverage rows
Denver,springfertility,0,1,1,2,2026-09-29,2026-10-06,all events except coverage rows
Denver,stryker,0,2,2,4,2026-09-29,2026-10-06,all events except coverage rows
Denver,trace3,0,1,1,2,2026-09-29,2026-10-06,all events except coverage rows
Denver,wf,0,6,6,12,2026-09-29,2026-10-06,all events except coverage rows
Detroit,nox-metals,-8,1,9,10,2026-09-29,2026-10-06,all events except coverage rows
Detroit,Headlands Research,-4,0,4,4,2026-09-29,2026-10-06,all events except coverage rows
Detroit,kingscott,-4,0,4,4,2026-09-29,2026-10-06,all events except coverage rows
Detroit,Langan Engineering & Environmental Services,3,3,0,3,2026-09-29,2026-10-06,all events except coverage rows
Detroit,methodco,3,3,0,3,2026-09-29,2026-10-06,all events except coverage rows
Detroit,careers,2,2,0,2,2026-09-29,2026-10-06,all events except coverage rows
Detroit,generalmotors,2,3,1,4,2026-09-29,2026-10-06,all events except coverage rows
Detroit,ilitch,-2,3,5,8,2026-09-29,2026-10-06,all events except coverage rows
Detroit,quickenloans,2,6,4,10,2026-09-29,2026-10-06,all events except coverage rows
Detroit,stryker,2,2,0,2,2026-09-29,2026-10-06,all events except coverage rows
Detroit,ALTEN Technology USA,-1,0,1,1,2026-09-29,2026-10-06,all events except coverage rows
Detroit,Adaptive Home Health,1,1,0,1,2026-09-29,2026-10-06,all events except coverage rows
Detroit,Carvana,-1,0,1,1,2026-09-29,2026-10-06,all events except coverage rows
Detroit,Duolingo,1,1,0,1,2026-09-29,2026-10-06,all events except coverage rows
Detroit,EquipmentShare,-1,0,1,1,2026-09-29,2026-10-06,all events except coverage rows
Detroit,MRG Exams,1,1,0,1,2026-09-29,2026-10-06,all events except coverage rows
Detroit,Monks,-1,0,1,1,2026-09-29,2026-10-06,all events except coverage rows
Detroit,Natera,-1,0,1,1,2026-09-29,2026-10-06,all events except coverage rows
Detroit,Sprinter Health,-1,0,1,1,2026-09-29,2026-10-06,all events except coverage rows
Detroit,Tecovas,-1,0,1,1,2026-09-29,2026-10-06,all events except coverage rows
Detroit,Theoria Medical,-1,0,1,1,2026-09-29,2026-10-06,all events except coverage rows
Detroit,Titan Security Group,-1,0,1,1,2026-09-29,2026-10-06,all events except coverage rows
Detroit,Via,-1,0,1,1,2026-09-29,2026-10-06,all events except coverage rows
Detroit,WPP Media,1,1,0,1,2026-09-29,2026-10-06,all events except coverage rows
Detroit,aperaaiinc,1,1,0,1,2026-09-29,2026-10-06,all events except coverage rows
Detroit,ash-people,-1,0,1,1,2026-09-29,2026-10-06,all events except coverage rows
Detroit,asmglobal,-1,1,2,3,2026-09-29,2026-10-06,all events except coverage rows
Detroit,coderabbit,-1,0,1,1,2026-09-29,2026-10-06,all events except coverage rows
Detroit,detroitlions,-1,0,1,1,2026-09-29,2026-10-06,all events except coverage rows
Detroit,gobeacon,1,1,0,1,2026-09-29,2026-10-06,all events except coverage rows
Detroit,humana,-1,0,1,1,2026-09-29,2026-10-06,all events except coverage rows
Detroit,huntington,1,2,1,3,2026-09-29,2026-10-06,all events except coverage rows
Detroit,iheartmedia,-1,0,1,1,2026-09-29,2026-10-06,all events except coverage rows
Detroit,iqvia,1,1,0,1,2026-09-29,2026-10-06,all events except coverage rows
Detroit,j,1,4,3,7,2026-09-29,2026-10-06,all events except coverage rows
Detroit,kdrp,-1,0,1,1,2026-09-29,2026-10-06,all events except coverage rows
Detroit,marcusmillichap,1,1,0,1,2026-09-29,2026-10-06,all events except coverage rows
Detroit,medsien,-1,0,1,1,2026-09-29,2026-10-06,all events except coverage rows
Detroit,paloaltonetworks,-1,0,1,1,2026-09-29,2026-10-06,all events except coverage rows
Detroit,phoenixcontact,1,1,0,1,2026-09-29,2026-10-06,all events except coverage rows
Detroit,republic,-1,0,1,1,2026-09-29,2026-10-06,all events except coverage rows
Detroit,sagent,-1,0,1,1,2026-09-29,2026-10-06,all events except coverage rows
Detroit,scripps,-1,0,1,1,2026-09-29,2026-10-06,all events except coverage rows
Detroit,shinola,-1,0,1,1,2026-09-29,2026-10-06,all events except coverage rows
Detroit,statestreet,1,1,0,1,2026-09-29,2026-10-06,all events except coverage rows
Detroit,stockx,1,2,1,3,2026-09-29,2026-10-06,all events except coverage rows
Detroit,thermofisher,-1,0,1,1,2026-09-29,2026-10-06,all events except coverage rows
Detroit,townepark,-1,0,1,1,2026-09-29,2026-10-06,all events except coverage rows
Detroit,vaco,1,1,0,1,2026-09-29,2026-10-06,all events except coverage rows
Detroit,wilsonelser,1,1,0,1,2026-09-29,2026-10-06,all events except coverage rows
Detroit,www,-1,0,1,1,2026-09-29,2026-10-06,all events except coverage rows
Detroit,ztr,1,1,0,1,2026-09-29,2026-10-06,all events except coverage rows
Detroit,Horace Mann - Agent Opportunities,0,1,1,2,2026-09-29,2026-10-06,all events except coverage rows
Detroit,Nextdoor,0,1,1,2,2026-09-29,2026-10-06,all events except coverage rows
Detroit,SPS North America,0,1,1,2,2026-09-29,2026-10-06,all events except coverage rows
Detroit,Speechify,0,1,1,2,2026-09-29,2026-10-06,all events except coverage rows
Detroit,Wise Worksite Field Sales,0,1,1,2,2026-09-29,2026-10-06,all events except coverage rows
Detroit,align46,0,1,1,2,2026-09-29,2026-10-06,all events except coverage rows
Detroit,freseniusmedicalcare,0,2,2,4,2026-09-29,2026-10-06,all events except coverage rows
Detroit,jj,0,1,1,2,2026-09-29,2026-10-06,all events except coverage rows
Detroit,jll,0,2,2,4,2026-09-29,2026-10-06,all events except coverage rows
Detroit,medtronic,0,1,1,2,2026-09-29,2026-10-06,all events except coverage rows
Detroit,mpc,0,5,5,10,2026-09-29,2026-10-06,all events except coverage rows
Detroit,noctrixhealth,0,1,1,2,2026-09-29,2026-10-06,all events except coverage rows
Detroit,philips,0,1,1,2,2026-09-29,2026-10-06,all events except coverage rows
Detroit,rb,0,1,1,2,2026-09-29,2026-10-06,all events except coverage rows
Detroit,seelllc,0,1,1,2,2026-09-29,2026-10-06,all events except coverage rows
Detroit,taskus,0,4,4,8,2026-09-29,2026-10-06,all events except coverage rows
Dublin,careers,28,28,0,28,2026-09-29,2026-10-06,all events except coverage rows
Dublin,www,12,15,3,18,2026-09-29,2026-10-06,all events except coverage rows
Dublin,j,-7,13,20,33,2026-09-29,2026-10-06,all events except coverage rows
Dublin,deloitteie,5,8,3,11,2026-09-29,2026-10-06,all events except coverage rows
Dublin,HubSpot,4,4,0,4,2026-09-29,2026-10-06,all events except coverage rows
Dublin,georgia,-4,2,6,8,2026-09-29,2026-10-06,all events except coverage rows
Dublin,mastercard,4,19,15,34,2026-09-29,2026-10-06,all events except coverage rows
Dublin,usbank,4,5,1,6,2026-09-29,2026-10-06,all events except coverage rows
Dublin,Harvey,3,6,3,9,2026-09-29,2026-10-06,all events except coverage rows
Dublin,Pinterest,3,4,1,5,2026-09-29,2026-10-06,all events except coverage rows
Dublin,SPAR,3,3,0,3,2026-09-29,2026-10-06,all events except coverage rows
Dublin,hitachi,-3,1,4,5,2026-09-29,2026-10-06,all events except coverage rows
Dublin,jj,3,3,0,3,2026-09-29,2026-10-06,all events except coverage rows
Dublin,pwc,3,3,0,3,2026-09-29,2026-10-06,all events except coverage rows
Dublin,Airbnb,2,2,0,2,2026-09-29,2026-10-06,all events except coverage rows
Dublin,Asana,2,2,0,2,2026-09-29,2026-10-06,all events except coverage rows
Dublin,CarGurus,2,2,0,2,2026-09-29,2026-10-06,all events except coverage rows
Dublin,EOS,2,3,1,4,2026-09-29,2026-10-06,all events except coverage rows
Dublin,Fin,-2,1,3,4,2026-09-29,2026-10-06,all events except coverage rows
Dublin,Fivetran,-2,0,2,2,2026-09-29,2026-10-06,all events except coverage rows
Dublin,Klaviyo,-2,0,2,2,2026-09-29,2026-10-06,all events except coverage rows
Dublin,"Lightspeed Commerce, Inc.",2,2,0,2,2026-09-29,2026-10-06,all events except coverage rows
Dublin,MongoDB,2,7,5,12,2026-09-29,2026-10-06,all events except coverage rows
Dublin,New Relic,-2,1,3,4,2026-09-29,2026-10-06,all events except coverage rows
Dublin,OpenAI,-2,3,5,8,2026-09-29,2026-10-06,all events except coverage rows
Dublin,Stripe,2,4,2,6,2026-09-29,2026-10-06,all events except coverage rows
Dublin,aig,-2,0,2,2,2026-09-29,2026-10-06,all events except coverage rows
Dublin,barclays,2,3,1,4,2026-09-29,2026-10-06,all events except coverage rows
Dublin,centrica,2,4,2,6,2026-09-29,2026-10-06,all events except coverage rows
Dublin,coreweave,-2,0,2,2,2026-09-29,2026-10-06,all events except coverage rows
Dublin,depaul,2,4,2,6,2026-09-29,2026-10-06,all events except coverage rows
Dublin,diageo,2,4,2,6,2026-09-29,2026-10-06,all events except coverage rows
Dublin,greenlight-workforce-solutions,2,2,0,2,2026-09-29,2026-10-06,all events except coverage rows
Dublin,hamilton,-2,0,2,2,2026-09-29,2026-10-06,all events except coverage rows
Dublin,jabil,2,2,0,2,2026-09-29,2026-10-06,all events except coverage rows
Dublin,jll,-2,2,4,6,2026-09-29,2026-10-06,all events except coverage rows
Dublin,kla,2,2,0,2,2026-09-29,2026-10-06,all events except coverage rows
Dublin,krollbondratingagency,2,2,0,2,2026-09-29,2026-10-06,all events except coverage rows
Dublin,medtronic,2,2,0,2,2026-09-29,2026-10-06,all events except coverage rows
Dublin,munichre,2,3,1,4,2026-09-29,2026-10-06,all events except coverage rows
Dublin,sysco,2,2,0,2,2026-09-29,2026-10-06,all events except coverage rows
Dublin,td,2,6,4,10,2026-09-29,2026-10-06,all events except coverage rows
Dublin,waystone,2,4,2,6,2026-09-29,2026-10-06,all events except coverage rows
Dublin,2K,-1,0,1,1,2026-09-29,2026-10-06,all events except coverage rows
Dublin,APM Monaco,1,1,0,1,2026-09-29,2026-10-06,all events except coverage rows
Dublin,Coursera,-1,0,1,1,2026-09-29,2026-10-06,all events except coverage rows
Dublin,Fuse Energy,-1,0,1,1,2026-09-29,2026-10-06,all events except coverage rows
Dublin,Gong.io,-1,2,3,5,2026-09-29,2026-10-06,all events except coverage rows
Dublin,HelloFresh,1,2,1,3,2026-09-29,2026-10-06,all events except coverage rows
Dublin,Interpath Advisory,1,1,0,1,2026-09-29,2026-10-06,all events except coverage rows
Dublin,Keywords Studios,-1,0,1,1,2026-09-29,2026-10-06,all events except coverage rows
Dublin,Mediix,-1,0,1,1,2026-09-29,2026-10-06,all events except coverage rows
Dublin,Monks,1,1,0,1,2026-09-29,2026-10-06,all events except coverage rows
Dublin,Navion Senior Solutions,1,1,0,1,2026-09-29,2026-10-06,all events except coverage rows
Dublin,Ridgeline,-1,0,1,1,2026-09-29,2026-10-06,all events except coverage rows
Dublin,Riot Games,1,1,0,1,2026-09-29,2026-10-06,all events except coverage rows
Dublin,Ripple,-1,0,1,1,2026-09-29,2026-10-06,all events except coverage rows
Dublin,SpaceXAI,1,1,0,1,2026-09-29,2026-10-06,all events except coverage rows
Dublin,StepStone Group,1,1,0,1,2026-09-29,2026-10-06,all events except coverage rows
Dublin,Tines,-1,0,1,1,2026-09-29,2026-10-06,all events except coverage rows
Dublin,Tripadvisor,1,1,0,1,2026-09-29,2026-10-06,all events except coverage rows
Dublin,ZoomInfo Technologies LLC,-1,0,1,1,2026-09-29,2026-10-06,all events except coverage rows
Dublin,abb,1,2,1,3,2026-09-29,2026-10-06,all events except coverage rows
Dublin,adobe,-1,0,1,1,2026-09-29,2026-10-06,all events except coverage rows
Dublin,alsglobal,-1,0,1,1,2026-09-29,2026-10-06,all events except coverage rows
Dublin,ashfieldadvisory,-1,0,1,1,2026-09-29,2026-10-06,all events except coverage rows
Dublin,autodesk,-1,0,1,1,2026-09-29,2026-10-06,all events except coverage rows
Dublin,ayvens,-1,0,1,1,2026-09-29,2026-10-06,all events except coverage rows
Dublin,blackrock,1,2,1,3,2026-09-29,2026-10-06,all events except coverage rows
Dublin,bluecrux,-1,0,1,1,2026-09-29,2026-10-06,all events except coverage rows
Dublin,browserstack,1,1,0,1,2026-09-29,2026-10-06,all events except coverage rows
Dublin,bwgfoods,-1,0,1,1,2026-09-29,2026-10-06,all events except coverage rows
Dublin,cadence,-1,0,1,1,2026-09-29,2026-10-06,all events except coverage rows
Dublin,ceartas,1,1,0,1,2026-09-29,2026-10-06,all events except coverage rows
Dublin,chi,-1,1,2,3,2026-09-29,2026-10-06,all events except coverage rows
Dublin,claytonhomes,1,1,0,1,2026-09-29,2026-10-06,all events except coverage rows
Dublin,clio,-1,0,1,1,2026-09-29,2026-10-06,all events except coverage rows
Dublin,dentsuaegis,1,1,0,1,2026-09-29,2026-10-06,all events except coverage rows
Dublin,disney,-1,0,1,1,2026-09-29,2026-10-06,all events except coverage rows
Dublin,draftkings,1,1,0,1,2026-09-29,2026-10-06,all events except coverage rows
Dublin,eaton,1,1,0,1,2026-09-29,2026-10-06,all events except coverage rows
Dublin,erm,1,1,0,1,2026-09-29,2026-10-06,all events except coverage rows
Dublin,eurosparcareers,-1,0,1,1,2026-09-29,2026-10-06,all events except coverage rows
Dublin,fastspring,1,1,0,1,2026-09-29,2026-10-06,all events except coverage rows
Dublin,fmr,-1,3,4,7,2026-09-29,2026-10-06,all events except coverage rows
Dublin,freenow,1,1,0,1,2026-09-29,2026-10-06,all events except coverage rows
Dublin,generation,1,1,0,1,2026-09-29,2026-10-06,all events except coverage rows
Dublin,ghr,-1,0,1,1,2026-09-29,2026-10-06,all events except coverage rows
Dublin,griffith,1,1,0,1,2026-09-29,2026-10-06,all events except coverage rows
Dublin,howdenjoinerylimited,-1,0,1,1,2026-09-29,2026-10-06,all events except coverage rows
Dublin,iex,1,1,0,1,2026-09-29,2026-10-06,all events except coverage rows
Dublin,ilsc,1,1,0,1,2026-09-29,2026-10-06,all events except coverage rows
Dublin,ing,-1,0,1,1,2026-09-29,2026-10-06,all events except coverage rows
Dublin,inizio,-1,0,1,1,2026-09-29,2026-10-06,all events except coverage rows
Dublin,iqvia,-1,0,1,1,2026-09-29,2026-10-06,all events except coverage rows
Dublin,miele,1,1,0,1,2026-09-29,2026-10-06,all events except coverage rows
Dublin,monzo,-1,0,1,1,2026-09-29,2026-10-06,all events except coverage rows
Dublin,moog,-1,1,2,3,2026-09-29,2026-10-06,all events except coverage rows
Dublin,ms,1,1,0,1,2026-09-29,2026-10-06,all events except coverage rows
Dublin,nexthopai,1,1,0,1,2026-09-29,2026-10-06,all events except coverage rows
Dublin,oliver,1,1,0,1,2026-09-29,2026-10-06,all events except coverage rows
Dublin,originenvironmental,1,1,0,1,2026-09-29,2026-10-06,all events except coverage rows
Dublin,ors,1,1,0,1,2026-09-29,2026-10-06,all events except coverage rows
Dublin,pantheonpublic,1,1,0,1,2026-09-29,2026-10-06,all events except coverage rows
Dublin,paypal,1,1,0,1,2026-09-29,2026-10-06,all events except coverage rows
Dublin,regeneron,1,2,1,3,2026-09-29,2026-10-06,all events except coverage rows
Dublin,resmed,1,1,0,1,2026-09-29,2026-10-06,all events except coverage rows
Dublin,seccl,-1,0,1,1,2026-09-29,2026-10-06,all events except coverage rows
Dublin,sulzer,-1,0,1,1,2026-09-29,2026-10-06,all events except coverage rows
Dublin,supplywisdom,1,1,0,1,2026-09-29,2026-10-06,all events except coverage rows
Dublin,synnex,1,1,0,1,2026-09-29,2026-10-06,all events except coverage rows
Dublin,tapestry,-1,0,1,1,2026-09-29,2026-10-06,all events except coverage rows
Dublin,teckro,1,2,1,3,2026-09-29,2026-10-06,all events except coverage rows
Dublin,telnyx54,-1,0,1,1,2026-09-29,2026-10-06,all events except coverage rows
Dublin,tsys,1,3,2,5,2026-09-29,2026-10-06,all events except coverage rows
Dublin,unispace,-1,0,1,1,2026-09-29,2026-10-06,all events except coverage rows
Dublin,vanguard,1,1,0,1,2026-09-29,2026-10-06,all events except coverage rows
Dublin,verizon,1,1,0,1,2026-09-29,2026-10-06,all events except coverage rows
Dublin,wf,-1,0,1,1,2026-09-29,2026-10-06,all events except coverage rows
Dublin,xboxgaming,-1,0,1,1,2026-09-29,2026-10-06,all events except coverage rows
Dublin,Anthropic,0,2,2,4,2026-09-29,2026-10-06,all events except coverage rows
Dublin,Datadog,0,2,2,4,2026-09-29,2026-10-06,all events except coverage rows
Dublin,Notion,0,1,1,2,2026-09-29,2026-10-06,all events except coverage rows
Dublin,Speechify,0,1,1,2,2026-09-29,2026-10-06,all events except coverage rows
Dublin,Toast,0,4,4,8,2026-09-29,2026-10-06,all events except coverage rows
Dublin,Vanta,0,1,1,2,2026-09-29,2026-10-06,all events except coverage rows
Dublin,Winthrop Technologies,0,4,4,8,2026-09-29,2026-10-06,all events except coverage rows
Dublin,butternutbox,0,1,1,2,2026-09-29,2026-10-06,all events except coverage rows
Dublin,ebay,0,2,2,4,2026-09-29,2026-10-06,all events except coverage rows
Dublin,fiserv,0,1,1,2,2026-09-29,2026-10-06,all events except coverage rows
Dublin,learnupon,0,1,1,2,2026-09-29,2026-10-06,all events except coverage rows
Dublin,lemfi,0,1,1,2,2026-09-29,2026-10-06,all events except coverage rows
Dublin,omni,0,3,3,6,2026-09-29,2026-10-06,all events except coverage rows
Dublin,relx,0,1,1,2,2026-09-29,2026-10-06,all events except coverage rows
Dublin,rippling,0,3,3,6,2026-09-29,2026-10-06,all events except coverage rows
Dublin,theapexgroup,0,1,1,2,2026-09-29,2026-10-06,all events except coverage rows
Dublin,verve,0,2,2,4,2026-09-29,2026-10-06,all events except coverage rows
Dublin,wayflyer,0,1,1,2,2026-09-29,2026-10-06,all events except coverage rows
Gurgaon,jll,-28,45,73,118,2026-09-29,2026-10-06,all events except coverage rows
Gurgaon,www,16,17,1,18,2026-09-29,2026-10-06,all events except coverage rows
Gurgaon,mastercard,-8,16,24,40,2026-09-29,2026-10-06,all events except coverage rows
Gurgaon,blackrock,-7,0,7,7,2026-09-29,2026-10-06,all events except coverage rows
Gurgaon,j,-6,3,9,12,2026-09-29,2026-10-06,all events except coverage rows
Gurgaon,MongoDB,4,8,4,12,2026-09-29,2026-10-06,all events except coverage rows
Gurgaon,Taboola,-4,2,6,8,2026-09-29,2026-10-06,all events except coverage rows
Gurgaon,ameriprise,4,4,0,4,2026-09-29,2026-10-06,all events except coverage rows
Gurgaon,applyboard,4,4,0,4,2026-09-29,2026-10-06,all events except coverage rows
Gurgaon,spgi,4,9,5,14,2026-09-29,2026-10-06,all events except coverage rows
Gurgaon,stryker,4,9,5,14,2026-09-29,2026-10-06,all events except coverage rows
Gurgaon,Roblox,-3,0,3,3,2026-09-29,2026-10-06,all events except coverage rows
Gurgaon,United Airlines Holdings,3,4,1,5,2026-09-29,2026-10-06,all events except coverage rows
Gurgaon,barclays,-3,10,13,23,2026-09-29,2026-10-06,all events except coverage rows
Gurgaon,baxter,3,3,0,3,2026-09-29,2026-10-06,all events except coverage rows
Gurgaon,gartner,3,24,21,45,2026-09-29,2026-10-06,all events except coverage rows
Gurgaon,nttlimited,-3,0,3,3,2026-09-29,2026-10-06,all events except coverage rows
Gurgaon,synechron,3,3,0,3,2026-09-29,2026-10-06,all events except coverage rows
Gurgaon,taskus,-3,1,4,5,2026-09-29,2026-10-06,all events except coverage rows
Gurgaon,Keywords Studios,-2,0,2,2,2026-09-29,2026-10-06,all events except coverage rows
Gurgaon,Weekday AI,2,10,8,18,2026-09-29,2026-10-06,all events except coverage rows
Gurgaon,aristocrat,-2,0,2,2,2026-09-29,2026-10-06,all events except coverage rows
Gurgaon,cw,-2,3,5,8,2026-09-29,2026-10-06,all events except coverage rows
Gurgaon,dbs,-2,1,3,4,2026-09-29,2026-10-06,all events except coverage rows
Gurgaon,issgovernance,-2,1,3,4,2026-09-29,2026-10-06,all events except coverage rows
Gurgaon,jj,-2,1,3,4,2026-09-29,2026-10-06,all events except coverage rows
Gurgaon,kantar,-2,2,4,6,2026-09-29,2026-10-06,all events except coverage rows
Gurgaon,kbr,2,3,1,4,2026-09-29,2026-10-06,all events except coverage rows
Gurgaon,oliverseapac,-2,0,2,2,2026-09-29,2026-10-06,all events except coverage rows
Gurgaon,theknotworldwide,2,2,0,2,2026-09-29,2026-10-06,all events except coverage rows
Gurgaon,tranetechnologies,-2,0,2,2,2026-09-29,2026-10-06,all events except coverage rows
Gurgaon,2070Health,1,1,0,1,2026-09-29,2026-10-06,all events except coverage rows
Gurgaon,Agoda,1,4,3,7,2026-09-29,2026-10-06,all events except coverage rows
Gurgaon,Anaplan,-1,1,2,3,2026-09-29,2026-10-06,all events except coverage rows
Gurgaon,Apna,-1,0,1,1,2026-09-29,2026-10-06,all events except coverage rows
Gurgaon,FiscalNote,-1,0,1,1,2026-09-29,2026-10-06,all events except coverage rows
Gurgaon,Guidepoint,1,1,0,1,2026-09-29,2026-10-06,all events except coverage rows
Gurgaon,Interpath Advisory,1,1,0,1,2026-09-29,2026-10-06,all events except coverage rows
Gurgaon,Monks,1,1,0,1,2026-09-29,2026-10-06,all events except coverage rows
Gurgaon,Payoneer,-1,2,3,5,2026-09-29,2026-10-06,all events except coverage rows
Gurgaon,PubMatic,-1,0,1,1,2026-09-29,2026-10-06,all events except coverage rows
Gurgaon,Rentokil Initial,-1,0,1,1,2026-09-29,2026-10-06,all events except coverage rows
Gurgaon,WPP Media,-1,0,1,1,2026-09-29,2026-10-06,all events except coverage rows
Gurgaon,ag,-1,0,1,1,2026-09-29,2026-10-06,all events except coverage rows
Gurgaon,arrow,1,1,0,1,2026-09-29,2026-10-06,all events except coverage rows
Gurgaon,ayvens,1,2,1,3,2026-09-29,2026-10-06,all events except coverage rows
Gurgaon,dentsuaegis,-1,1,2,3,2026-09-29,2026-10-06,all events except coverage rows
Gurgaon,diageo,1,3,2,5,2026-09-29,2026-10-06,all events except coverage rows
Gurgaon,donaldson,1,1,0,1,2026-09-29,2026-10-06,all events except coverage rows
Gurgaon,fiserv,-1,0,1,1,2026-09-29,2026-10-06,all events except coverage rows
Gurgaon,fractal,-1,0,1,1,2026-09-29,2026-10-06,all events except coverage rows
Gurgaon,freseniusmedicalcare,-1,1,2,3,2026-09-29,2026-10-06,all events except coverage rows
Gurgaon,g2,1,2,1,3,2026-09-29,2026-10-06,all events except coverage rows
Gurgaon,gea,1,1,0,1,2026-09-29,2026-10-06,all events except coverage rows
Gurgaon,gsb,-1,0,1,1,2026-09-29,2026-10-06,all events except coverage rows
Gurgaon,hitachi,1,3,2,5,2026-09-29,2026-10-06,all events except coverage rows
Gurgaon,hp,-1,1,2,3,2026-09-29,2026-10-06,all events except coverage rows
Gurgaon,iff,1,1,0,1,2026-09-29,2026-10-06,all events except coverage rows
Gurgaon,kyndryl,-1,1,2,3,2026-09-29,2026-10-06,all events except coverage rows
Gurgaon,r1rcm,-1,0,1,1,2026-09-29,2026-10-06,all events except coverage rows
Gurgaon,rsm,1,10,9,19,2026-09-29,2026-10-06,all events except coverage rows
Gurgaon,saxobank,1,1,0,1,2026-09-29,2026-10-06,all events except coverage rows
Gurgaon,simpplr,-1,0,1,1,2026-09-29,2026-10-06,all events except coverage rows
Gurgaon,sunlife,1,5,4,9,2026-09-29,2026-10-06,all events except coverage rows
Gurgaon,thermofisher,-1,0,1,1,2026-09-29,2026-10-06,all events except coverage rows
Gurgaon,thoughtworksreferral,-1,0,1,1,2026-09-29,2026-10-06,all events except coverage rows
Gurgaon,zinnia,-1,1,2,3,2026-09-29,2026-10-06,all events except coverage rows
Gurgaon,Airbnb,0,1,1,2,2026-09-29,2026-10-06,all events except coverage rows
Gurgaon,Speechify,0,1,1,2,2026-09-29,2026-10-06,all events except coverage rows
Gurgaon,Zscaler,0,1,1,2,2026-09-29,2026-10-06,all events except coverage rows
Gurgaon,careers,0,1,1,2,2026-09-29,2026-10-06,all events except coverage rows
Gurgaon,guardianlife,0,1,1,2,2026-09-29,2026-10-06,all events except coverage rows
Gurgaon,hpe,0,2,2,4,2026-09-29,2026-10-06,all events except coverage rows
Gurgaon,mavenir,0,1,1,2,2026-09-29,2026-10-06,all events except coverage rows
Gurgaon,medtronic,0,3,3,6,2026-09-29,2026-10-06,all events except coverage rows
Gurgaon,philips,0,1,1,2,2026-09-29,2026-10-06,all events except coverage rows
Gurgaon,theeconomistgroup,0,2,2,4,2026-09-29,2026-10-06,all events except coverage rows
Houston,j,-11,13,24,37,2026-09-29,2026-10-06,all events except coverage rows
Houston,theweitzcompany,-10,0,10,10,2026-09-29,2026-10-06,all events except coverage rows
Houston,claytonhomes,6,6,0,6,2026-09-29,2026-10-06,all events except coverage rows
Houston,careers,5,5,0,5,2026-09-29,2026-10-06,all events except coverage rows
Houston,ghr,-5,1,6,7,2026-09-29,2026-10-06,all events except coverage rows
Houston,kbr,5,12,7,19,2026-09-29,2026-10-06,all events except coverage rows
Houston,nvent,5,9,4,13,2026-09-29,2026-10-06,all events except coverage rows
Houston,republic,-5,2,7,9,2026-09-29,2026-10-06,all events except coverage rows
Houston,rsm,-5,2,7,9,2026-09-29,2026-10-06,all events except coverage rows
Houston,wf,5,19,14,33,2026-09-29,2026-10-06,all events except coverage rows
Houston,Carvana,-4,2,6,8,2026-09-29,2026-10-06,all events except coverage rows
Houston,Panelmatic,4,9,5,14,2026-09-29,2026-10-06,all events except coverage rows
Houston,gfs,-4,1,5,6,2026-09-29,2026-10-06,all events except coverage rows
Houston,leidos,-4,0,4,4,2026-09-29,2026-10-06,all events except coverage rows
Houston,motiva,4,4,0,4,2026-09-29,2026-10-06,all events except coverage rows
Houston,repsol,-4,1,5,6,2026-09-29,2026-10-06,all events except coverage rows
Houston,EquipmentShare,-3,1,4,5,2026-09-29,2026-10-06,all events except coverage rows
Houston,Renuity,-3,0,3,3,2026-09-29,2026-10-06,all events except coverage rows
Houston,assetliving,-3,0,3,3,2026-09-29,2026-10-06,all events except coverage rows
Houston,bickhamservices,3,4,1,5,2026-09-29,2026-10-06,all events except coverage rows
Houston,caci,3,3,0,3,2026-09-29,2026-10-06,all events except coverage rows
Houston,centrumhealth,-3,1,4,5,2026-09-29,2026-10-06,all events except coverage rows
Houston,gobolt,3,3,0,3,2026-09-29,2026-10-06,all events except coverage rows
Houston,hellmann,3,3,0,3,2026-09-29,2026-10-06,all events except coverage rows
Houston,lowes,-3,2,5,7,2026-09-29,2026-10-06,all events except coverage rows
Houston,nordstrom,-3,11,14,25,2026-09-29,2026-10-06,all events except coverage rows
Houston,onenergy,3,8,5,13,2026-09-29,2026-10-06,all events except coverage rows
Houston,seniorpsych,-3,0,3,3,2026-09-29,2026-10-06,all events except coverage rows
Houston,tmobile,-3,1,4,5,2026-09-29,2026-10-06,all events except coverage rows
Houston,uhaul,3,4,1,5,2026-09-29,2026-10-06,all events except coverage rows
Houston,2020companies,2,4,2,6,2026-09-29,2026-10-06,all events except coverage rows
Houston,DoorDash USA,-2,0,2,2,2026-09-29,2026-10-06,all events except coverage rows
Houston,Lush Handmade Cosmetics,-2,0,2,2,2026-09-29,2026-10-06,all events except coverage rows
Houston,Orchard,-2,0,2,2,2026-09-29,2026-10-06,all events except coverage rows
Houston,Perry Homes,2,4,2,6,2026-09-29,2026-10-06,all events except coverage rows
Houston,Reformation,2,2,0,2,2026-09-29,2026-10-06,all events except coverage rows
Houston,Silverado,2,2,0,2,2026-09-29,2026-10-06,all events except coverage rows
Houston,Specialty1 Partners,-2,1,3,4,2026-09-29,2026-10-06,all events except coverage rows
Houston,abb,2,6,4,10,2026-09-29,2026-10-06,all events except coverage rows
Houston,airliquidehr,2,3,1,4,2026-09-29,2026-10-06,all events except coverage rows
Houston,bbinsurance,2,2,0,2,2026-09-29,2026-10-06,all events except coverage rows
Houston,calibercollision,2,2,0,2,2026-09-29,2026-10-06,all events except coverage rows
Houston,cat,2,2,0,2,2026-09-29,2026-10-06,all events except coverage rows
Houston,clearwayjobs,2,3,1,4,2026-09-29,2026-10-06,all events except coverage rows
Houston,dover,-2,0,2,2,2026-09-29,2026-10-06,all events except coverage rows
Houston,enbridge,2,3,1,4,2026-09-29,2026-10-06,all events except coverage rows
Houston,frostbank,-2,3,5,8,2026-09-29,2026-10-06,all events except coverage rows
Houston,homelight,-2,0,2,2,2026-09-29,2026-10-06,all events except coverage rows
Houston,jll,2,4,2,6,2026-09-29,2026-10-06,all events except coverage rows
Houston,kraken-robotics-inc,-2,0,2,2,2026-09-29,2026-10-06,all events except coverage rows
Houston,medtronic,-2,3,5,8,2026-09-29,2026-10-06,all events except coverage rows
Houston,mizuho,2,2,0,2,2026-09-29,2026-10-06,all events except coverage rows
Houston,ms,-2,0,2,2,2026-09-29,2026-10-06,all events except coverage rows
Houston,outfrontmedia,2,2,0,2,2026-09-29,2026-10-06,all events except coverage rows
Houston,pbsengineers,-2,0,2,2,2026-09-29,2026-10-06,all events except coverage rows
Houston,philips,2,4,2,6,2026-09-29,2026-10-06,all events except coverage rows
Houston,rb,2,2,0,2,2026-09-29,2026-10-06,all events except coverage rows
Houston,reddyice,-2,0,2,2,2026-09-29,2026-10-06,all events except coverage rows
Houston,rosennxt,2,2,0,2,2026-09-29,2026-10-06,all events except coverage rows
Houston,stryker,-2,2,4,6,2026-09-29,2026-10-06,all events except coverage rows
Houston,swarovski,2,2,0,2,2026-09-29,2026-10-06,all events except coverage rows
Houston,texascapitalbank,-2,2,4,6,2026-09-29,2026-10-06,all events except coverage rows
Houston,tjx,-2,0,2,2,2026-09-29,2026-10-06,all events except coverage rows
Houston,ur,-2,0,2,2,2026-09-29,2026-10-06,all events except coverage rows
Houston,Adaptive Home Health,-1,0,1,1,2026-09-29,2026-10-06,all events except coverage rows
Houston,Charlie Health,1,1,0,1,2026-09-29,2026-10-06,all events except coverage rows
Houston,Charlie Health Outreach,1,1,0,1,2026-09-29,2026-10-06,all events except coverage rows
Houston,City Wide Facility Solutions,-1,0,1,1,2026-09-29,2026-10-06,all events except coverage rows
Houston,Compass,-1,0,1,1,2026-09-29,2026-10-06,all events except coverage rows
Houston,Control Risks,1,1,0,1,2026-09-29,2026-10-06,all events except coverage rows
Houston,Cortland,-1,0,1,1,2026-09-29,2026-10-06,all events except coverage rows
Houston,DRW,1,1,0,1,2026-09-29,2026-10-06,all events except coverage rows
Houston,DaCodes,1,1,0,1,2026-09-29,2026-10-06,all events except coverage rows
Houston,Essential Anesthesia Management,1,2,1,3,2026-09-29,2026-10-06,all events except coverage rows
Houston,Firetrol Protection Systems,-1,0,1,1,2026-09-29,2026-10-06,all events except coverage rows
Houston,Hims &amp; Hers,1,1,0,1,2026-09-29,2026-10-06,all events except coverage rows
Houston,Keller Executive Search,1,1,0,1,2026-09-29,2026-10-06,all events except coverage rows
Houston,Kelso Building Services,-1,0,1,1,2026-09-29,2026-10-06,all events except coverage rows
Houston,Langan Engineering & Environmental Services,1,1,0,1,2026-09-29,2026-10-06,all events except coverage rows
Houston,Legion Health,1,1,0,1,2026-09-29,2026-10-06,all events except coverage rows
Houston,Loenbro,-1,0,1,1,2026-09-29,2026-10-06,all events except coverage rows
Houston,Madison Reed,1,1,0,1,2026-09-29,2026-10-06,all events except coverage rows
Houston,Marksman Security LLC,1,1,0,1,2026-09-29,2026-10-06,all events except coverage rows
Houston,"MedElite Group, LLC.",1,1,0,1,2026-09-29,2026-10-06,all events except coverage rows
Houston,Modern Animal,-1,0,1,1,2026-09-29,2026-10-06,all events except coverage rows
Houston,Natera,-1,0,1,1,2026-09-29,2026-10-06,all events except coverage rows
Houston,One Medical,-1,2,3,5,2026-09-29,2026-10-06,all events except coverage rows
Houston,Precision Medicine Group,1,1,0,1,2026-09-29,2026-10-06,all events except coverage rows
Houston,Precision for Medicine,1,1,0,1,2026-09-29,2026-10-06,all events except coverage rows
Houston,Sapsol Technologies Inc,-1,0,1,1,2026-09-29,2026-10-06,all events except coverage rows
Houston,Speechify,1,1,0,1,2026-09-29,2026-10-06,all events except coverage rows
Houston,Tecovas,-1,0,1,1,2026-09-29,2026-10-06,all events except coverage rows
Houston,Teltonika,-1,0,1,1,2026-09-29,2026-10-06,all events except coverage rows
Houston,Tiger Analytics Inc.,-1,0,1,1,2026-09-29,2026-10-06,all events except coverage rows
Houston,United Airlines Holdings,-1,0,1,1,2026-09-29,2026-10-06,all events except coverage rows
Houston,Woolpert,1,2,1,3,2026-09-29,2026-10-06,all events except coverage rows
Houston,Zipline,1,1,0,1,2026-09-29,2026-10-06,all events except coverage rows
Houston,aggreko,-1,0,1,1,2026-09-29,2026-10-06,all events except coverage rows
Houston,americanredcross,1,3,2,5,2026-09-29,2026-10-06,all events except coverage rows
Houston,asmglobal,-1,0,1,1,2026-09-29,2026-10-06,all events except coverage rows
Houston,att,-1,0,1,1,2026-09-29,2026-10-06,all events except coverage rows
Houston,aveva,1,2,1,3,2026-09-29,2026-10-06,all events except coverage rows
Houston,bah,1,1,0,1,2026-09-29,2026-10-06,all events except coverage rows
Houston,baldwin,1,1,0,1,2026-09-29,2026-10-06,all events except coverage rows
Houston,barclays,-1,0,1,1,2026-09-29,2026-10-06,all events except coverage rows
Houston,bbva,-1,0,1,1,2026-09-29,2026-10-06,all events except coverage rows
Houston,belron,1,1,0,1,2026-09-29,2026-10-06,all events except coverage rows
Houston,bmo,1,1,0,1,2026-09-29,2026-10-06,all events except coverage rows
Houston,brenntag,-1,0,1,1,2026-09-29,2026-10-06,all events except coverage rows
Houston,caa,-1,0,1,1,2026-09-29,2026-10-06,all events except coverage rows
Houston,camp,-1,0,1,1,2026-09-29,2026-10-06,all events except coverage rows
Houston,cc,1,2,1,3,2026-09-29,2026-10-06,all events except coverage rows
Houston,cd,-1,0,1,1,2026-09-29,2026-10-06,all events except coverage rows
Houston,chevron,-1,4,5,9,2026-09-29,2026-10-06,all events except coverage rows
Houston,cibc,-1,0,1,1,2026-09-29,2026-10-06,all events except coverage rows
Houston,colliers,-1,0,1,1,2026-09-29,2026-10-06,all events except coverage rows
Houston,combocurve,1,1,0,1,2026-09-29,2026-10-06,all events except coverage rows
Houston,conocophillips,-1,1,2,3,2026-09-29,2026-10-06,all events except coverage rows
Houston,cw,-1,1,2,3,2026-09-29,2026-10-06,all events except coverage rows
Houston,disney,1,1,0,1,2026-09-29,2026-10-06,all events except coverage rows
Houston,dragos,-1,0,1,1,2026-09-29,2026-10-06,all events except coverage rows
Houston,eaton,-1,0,1,1,2026-09-29,2026-10-06,all events except coverage rows
Houston,eesllc,1,1,0,1,2026-09-29,2026-10-06,all events except coverage rows
Houston,energycapitalcreditunion,1,1,0,1,2026-09-29,2026-10-06,all events except coverage rows
Houston,erdosmiller,1,1,0,1,2026-09-29,2026-10-06,all events except coverage rows
Houston,erling,-1,0,1,1,2026-09-29,2026-10-06,all events except coverage rows
Houston,erm,-1,3,4,7,2026-09-29,2026-10-06,all events except coverage rows
Houston,ferguson,-1,1,2,3,2026-09-29,2026-10-06,all events except coverage rows
Houston,ferrovial,1,2,1,3,2026-09-29,2026-10-06,all events except coverage rows
Houston,firststudent,1,1,0,1,2026-09-29,2026-10-06,all events except coverage rows
Houston,fitt,1,1,0,1,2026-09-29,2026-10-06,all events except coverage rows
Houston,fivebelow,1,1,0,1,2026-09-29,2026-10-06,all events except coverage rows
Houston,fleetpride,1,1,0,1,2026-09-29,2026-10-06,all events except coverage rows
Houston,fmr,-1,0,1,1,2026-09-29,2026-10-06,all events except coverage rows
Houston,freese,-1,1,2,3,2026-09-29,2026-10-06,all events except coverage rows
Houston,freseniusmedicalcare,1,3,2,5,2026-09-29,2026-10-06,all events except coverage rows
Houston,fugro,1,1,0,1,2026-09-29,2026-10-06,all events except coverage rows
Houston,generalmotors,1,1,0,1,2026-09-29,2026-10-06,all events except coverage rows
Houston,gevernova,-1,3,4,7,2026-09-29,2026-10-06,all events except coverage rows
Houston,gobeacon,-1,0,1,1,2026-09-29,2026-10-06,all events except coverage rows
Houston,graybar,-1,0,1,1,2026-09-29,2026-10-06,all events except coverage rows
Houston,guggenheim,-1,0,1,1,2026-09-29,2026-10-06,all events except coverage rows
Houston,hanwhaenergyusa,-1,1,2,3,2026-09-29,2026-10-06,all events except coverage rows
Houston,hitachi,1,1,0,1,2026-09-29,2026-10-06,all events except coverage rows
Houston,homebase,1,1,0,1,2026-09-29,2026-10-06,all events except coverage rows
Houston,hpe,1,1,0,1,2026-09-29,2026-10-06,all events except coverage rows
Houston,iheartmedia,-1,0,1,1,2026-09-29,2026-10-06,all events except coverage rows
Houston,ilitch,-1,0,1,1,2026-09-29,2026-10-06,all events except coverage rows
Houston,ilsc,1,1,0,1,2026-09-29,2026-10-06,all events except coverage rows
Houston,imaginepediatrics,-1,0,1,1,2026-09-29,2026-10-06,all events except coverage rows
Houston,interiorlogicgroup,1,1,0,1,2026-09-29,2026-10-06,all events except coverage rows
Houston,internaljobsatlush,-1,0,1,1,2026-09-29,2026-10-06,all events except coverage rows
Houston,invesco,-1,1,2,3,2026-09-29,2026-10-06,all events except coverage rows
Houston,invitationhomes,-1,0,1,1,2026-09-29,2026-10-06,all events except coverage rows
Houston,iterativehealth,1,1,0,1,2026-09-29,2026-10-06,all events except coverage rows
Houston,ivyrehab,1,1,0,1,2026-09-29,2026-10-06,all events except coverage rows
Houston,jbhunt,1,1,0,1,2026-09-29,2026-10-06,all events except coverage rows
Houston,jcrew,1,1,0,1,2026-09-29,2026-10-06,all events except coverage rows
Houston,jj,-1,1,2,3,2026-09-29,2026-10-06,all events except coverage rows
Houston,kone,-1,0,1,1,2026-09-29,2026-10-06,all events except coverage rows
Houston,lisinski-law-firm,1,1,0,1,2026-09-29,2026-10-06,all events except coverage rows
Houston,livenation,-1,0,1,1,2026-09-29,2026-10-06,all events except coverage rows
Houston,marcusmillichap,1,1,0,1,2026-09-29,2026-10-06,all events except coverage rows
Houston,mattressfirm,1,1,0,1,2026-09-29,2026-10-06,all events except coverage rows
Houston,medline,1,1,0,1,2026-09-29,2026-10-06,all events except coverage rows
Houston,meriton,1,1,0,1,2026-09-29,2026-10-06,all events except coverage rows
Houston,metoxinternationalinc,-1,1,2,3,2026-09-29,2026-10-06,all events except coverage rows
Houston,mobiz,1,1,0,1,2026-09-29,2026-10-06,all events except coverage rows
Houston,mpc,1,1,0,1,2026-09-29,2026-10-06,all events except coverage rows
Houston,mydnainc,-1,2,3,5,2026-09-29,2026-10-06,all events except coverage rows
Houston,mydpr,1,3,2,5,2026-09-29,2026-10-06,all events except coverage rows
Houston,neara,-1,0,1,1,2026-09-29,2026-10-06,all events except coverage rows
Houston,northmarq,-1,1,2,3,2026-09-29,2026-10-06,all events except coverage rows
Houston,northwestrubber,-1,0,1,1,2026-09-29,2026-10-06,all events except coverage rows
Houston,odfl,1,1,0,1,2026-09-29,2026-10-06,all events except coverage rows
Houston,olympusproperty,-1,0,1,1,2026-09-29,2026-10-06,all events except coverage rows
Houston,oneok,-1,0,1,1,2026-09-29,2026-10-06,all events except coverage rows
Houston,openwork,-1,1,2,3,2026-09-29,2026-10-06,all events except coverage rows
Houston,oxford,1,1,0,1,2026-09-29,2026-10-06,all events except coverage rows
Houston,pentair,1,1,0,1,2026-09-29,2026-10-06,all events except coverage rows
Houston,phoenixcontact,1,1,0,1,2026-09-29,2026-10-06,all events except coverage rows
Houston,prologis,-1,0,1,1,2026-09-29,2026-10-06,all events except coverage rows
Houston,pultegroup,1,1,0,1,2026-09-29,2026-10-06,all events except coverage rows
Houston,res,1,1,0,1,2026-09-29,2026-10-06,all events except coverage rows
Houston,rma-worldwide-chauffeured-transportation-careers-page,1,1,0,1,2026-09-29,2026-10-06,all events except coverage rows
Houston,robotsandpencils,-1,0,1,1,2026-09-29,2026-10-06,all events except coverage rows
Houston,rohlig,1,1,0,1,2026-09-29,2026-10-06,all events except coverage rows
Houston,salma-health,1,1,0,1,2026-09-29,2026-10-06,all events except coverage rows
Houston,sbdinc,-1,0,1,1,2026-09-29,2026-10-06,all events except coverage rows
Houston,scholastic,1,2,1,3,2026-09-29,2026-10-06,all events except coverage rows
Houston,skinlaundry,-1,0,1,1,2026-09-29,2026-10-06,all events except coverage rows
Houston,sms,-1,0,1,1,2026-09-29,2026-10-06,all events except coverage rows
Houston,spgi,1,1,0,1,2026-09-29,2026-10-06,all events except coverage rows
Houston,starrcompanies,-1,0,1,1,2026-09-29,2026-10-06,all events except coverage rows
Houston,stvinc,-1,0,1,1,2026-09-29,2026-10-06,all events except coverage rows
Houston,sugaredandbronzed,1,1,0,1,2026-09-29,2026-10-06,all events except coverage rows
Houston,tamus,1,1,0,1,2026-09-29,2026-10-06,all events except coverage rows
Houston,tapestry,-1,2,3,5,2026-09-29,2026-10-06,all events except coverage rows
Houston,tggaccounting,-1,0,1,1,2026-09-29,2026-10-06,all events except coverage rows
Houston,thehartford,-1,0,1,1,2026-09-29,2026-10-06,all events except coverage rows
Houston,thermofisher,-1,0,1,1,2026-09-29,2026-10-06,all events except coverage rows
Houston,theshieldco,1,1,0,1,2026-09-29,2026-10-06,all events except coverage rows
Houston,topgolf,-1,0,1,1,2026-09-29,2026-10-06,all events except coverage rows
Houston,townepark,-1,1,2,3,2026-09-29,2026-10-06,all events except coverage rows
Houston,triconenergy,1,1,0,1,2026-09-29,2026-10-06,all events except coverage rows
Houston,us-lawshield,1,1,0,1,2026-09-29,2026-10-06,all events except coverage rows
Houston,usbank,1,3,2,5,2026-09-29,2026-10-06,all events except coverage rows
Houston,utaustin,-1,0,1,1,2026-09-29,2026-10-06,all events except coverage rows
Houston,vegaamericas,1,1,0,1,2026-09-29,2026-10-06,all events except coverage rows
Houston,viotas,1,1,0,1,2026-09-29,2026-10-06,all events except coverage rows
Houston,wilsonelser,-1,0,1,1,2026-09-29,2026-10-06,all events except coverage rows
Houston,winsomeprime,1,1,0,1,2026-09-29,2026-10-06,all events except coverage rows
Houston,Hudson Manpower,0,1,1,2,2026-09-29,2026-10-06,all events except coverage rows
Houston,Lincoln Property Company,0,1,1,2,2026-09-29,2026-10-06,all events except coverage rows
Houston,"Morgan & Morgan, P.A.",0,1,1,2,2026-09-29,2026-10-06,all events except coverage rows
Houston,Toast,0,1,1,2,2026-09-29,2026-10-06,all events except coverage rows
Houston,Veterinary Emergency Group (VEG),0,1,1,2,2026-09-29,2026-10-06,all events except coverage rows
Houston,baxter,0,1,1,2,2026-09-29,2026-10-06,all events except coverage rows
Houston,cherco,0,1,1,2,2026-09-29,2026-10-06,all events except coverage rows
Houston,cullen-jewellery,0,1,1,2,2026-09-29,2026-10-06,all events except coverage rows
Houston,flowserve,0,1,1,2,2026-09-29,2026-10-06,all events except coverage rows
Houston,gtlaw,0,1,1,2,2026-09-29,2026-10-06,all events except coverage rows
Houston,heidelbergmaterials,0,1,1,2,2026-09-29,2026-10-06,all events except coverage rows
Houston,hmhw,0,1,1,2,2026-09-29,2026-10-06,all events except coverage rows
Houston,huntington,0,1,1,2,2026-09-29,2026-10-06,all events except coverage rows
Houston,iqvia,0,1,1,2,2026-09-29,2026-10-06,all events except coverage rows
Houston,jerry.ai,0,1,1,2,2026-09-29,2026-10-06,all events except coverage rows
Houston,kalcon,0,2,2,4,2026-09-29,2026-10-06,all events except coverage rows
Houston,lennar,0,1,1,2,2026-09-29,2026-10-06,all events except coverage rows
Houston,marianaminerals,0,1,1,2,2026-09-29,2026-10-06,all events except coverage rows
Houston,nrf,0,1,1,2,2026-09-29,2026-10-06,all events except coverage rows
Houston,oshkoshcorporation,0,3,3,6,2026-09-29,2026-10-06,all events except coverage rows
Houston,silgancontainers,0,1,1,2,2026-09-29,2026-10-06,all events except coverage rows
Houston,tekmetric,0,1,1,2,2026-09-29,2026-10-06,all events except coverage rows
Houston,truist,0,1,1,2,2026-09-29,2026-10-06,all events except coverage rows
Houston,xylem,0,1,1,2,2026-09-29,2026-10-06,all events except coverage rows
Hyderabad,Weekday AI,-17,18,35,53,2026-09-29,2026-10-06,all events except coverage rows
Hyderabad,jll,-17,28,45,73,2026-09-29,2026-10-06,all events except coverage rows
Hyderabad,kandou,-10,0,10,10,2026-09-29,2026-10-06,all events except coverage rows
Hyderabad,invesco,-9,9,18,27,2026-09-29,2026-10-06,all events except coverage rows
Hyderabad,liveramp,-9,3,12,15,2026-09-29,2026-10-06,all events except coverage rows
Hyderabad,roche,9,33,24,57,2026-09-29,2026-10-06,all events except coverage rows
Hyderabad,vanguard,9,21,12,33,2026-09-29,2026-10-06,all events except coverage rows
Hyderabad,nttlimited,-8,8,16,24,2026-09-29,2026-10-06,all events except coverage rows
Hyderabad,rsm,-8,2,10,12,2026-09-29,2026-10-06,all events except coverage rows
Hyderabad,statestreet,-8,39,47,86,2026-09-29,2026-10-06,all events except coverage rows
Hyderabad,wf,-7,56,63,119,2026-09-29,2026-10-06,all events except coverage rows
Hyderabad,cigna,5,6,1,7,2026-09-29,2026-10-06,all events except coverage rows
Hyderabad,redwoodsoftware,-5,4,9,13,2026-09-29,2026-10-06,all events except coverage rows
Hyderabad,thermofisher,-5,0,5,5,2026-09-29,2026-10-06,all events except coverage rows
Hyderabad,workatbackbase,5,6,1,7,2026-09-29,2026-10-06,all events except coverage rows
Hyderabad,eisneramper,-4,0,4,4,2026-09-29,2026-10-06,all events except coverage rows
Hyderabad,marvell,4,5,1,6,2026-09-29,2026-10-06,all events except coverage rows
Hyderabad,mastercard,4,5,1,6,2026-09-29,2026-10-06,all events except coverage rows
Hyderabad,regalrexnord,4,8,4,12,2026-09-29,2026-10-06,all events except coverage rows
Hyderabad,azuritypharmaceuticalsindia,-3,0,3,3,2026-09-29,2026-10-06,all events except coverage rows
Hyderabad,nxp,-3,0,3,3,2026-09-29,2026-10-06,all events except coverage rows
Hyderabad,zenoti,3,4,1,5,2026-09-29,2026-10-06,all events except coverage rows
Hyderabad,Capgemini,2,3,1,4,2026-09-29,2026-10-06,all events except coverage rows
Hyderabad,McDonald's,2,2,0,2,2026-09-29,2026-10-06,all events except coverage rows
Hyderabad,Sonatype,-2,0,2,2,2026-09-29,2026-10-06,all events except coverage rows
Hyderabad,Yext,-2,2,4,6,2026-09-29,2026-10-06,all events except coverage rows
Hyderabad,Zeta Global,2,2,0,2,2026-09-29,2026-10-06,all events except coverage rows
Hyderabad,att,2,2,0,2,2026-09-29,2026-10-06,all events except coverage rows
Hyderabad,calyx,2,3,1,4,2026-09-29,2026-10-06,all events except coverage rows
Hyderabad,careers,2,2,0,2,2026-09-29,2026-10-06,all events except coverage rows
Hyderabad,desri-careers,2,3,1,4,2026-09-29,2026-10-06,all events except coverage rows
Hyderabad,freshprints,-2,1,3,4,2026-09-29,2026-10-06,all events except coverage rows
Hyderabad,gevernova,2,2,0,2,2026-09-29,2026-10-06,all events except coverage rows
Hyderabad,hitachi,2,3,1,4,2026-09-29,2026-10-06,all events except coverage rows
Hyderabad,regeneron,-2,6,8,14,2026-09-29,2026-10-06,all events except coverage rows
Hyderabad,riministreet,-2,0,2,2,2026-09-29,2026-10-06,all events except coverage rows
Hyderabad,spgi,2,3,1,4,2026-09-29,2026-10-06,all events except coverage rows
Hyderabad,starrez,-2,0,2,2,2026-09-29,2026-10-06,all events except coverage rows
Hyderabad,tjx,2,2,0,2,2026-09-29,2026-10-06,all events except coverage rows
Hyderabad,2070Health,1,1,0,1,2026-09-29,2026-10-06,all events except coverage rows
Hyderabad,DigitalOcean,1,1,0,1,2026-09-29,2026-10-06,all events except coverage rows
Hyderabad,Khan Academy,-1,0,1,1,2026-09-29,2026-10-06,all events except coverage rows
Hyderabad,Nebius,1,1,0,1,2026-09-29,2026-10-06,all events except coverage rows
Hyderabad,Proto Labs,1,2,1,3,2026-09-29,2026-10-06,all events except coverage rows
Hyderabad,Sapsol Technologies Inc,1,1,0,1,2026-09-29,2026-10-06,all events except coverage rows
Hyderabad,Veeam Software,-1,0,1,1,2026-09-29,2026-10-06,all events except coverage rows
Hyderabad,Waymo,1,1,0,1,2026-09-29,2026-10-06,all events except coverage rows
Hyderabad,abb,-1,0,1,1,2026-09-29,2026-10-06,all events except coverage rows
Hyderabad,altusgroup,-1,0,1,1,2026-09-29,2026-10-06,all events except coverage rows
Hyderabad,ameriprise,1,1,0,1,2026-09-29,2026-10-06,all events except coverage rows
Hyderabad,applyboard,1,2,1,3,2026-09-29,2026-10-06,all events except coverage rows
Hyderabad,arcesiumllc,1,2,1,3,2026-09-29,2026-10-06,all events except coverage rows
Hyderabad,aveva,-1,1,2,3,2026-09-29,2026-10-06,all events except coverage rows
Hyderabad,bb,-1,0,1,1,2026-09-29,2026-10-06,all events except coverage rows
Hyderabad,blacklane,-1,0,1,1,2026-09-29,2026-10-06,all events except coverage rows
Hyderabad,cadence,-1,0,1,1,2026-09-29,2026-10-06,all events except coverage rows
Hyderabad,cisco,1,1,0,1,2026-09-29,2026-10-06,all events except coverage rows
Hyderabad,coherehealth,1,3,2,5,2026-09-29,2026-10-06,all events except coverage rows
Hyderabad,crunchyroll,1,1,0,1,2026-09-29,2026-10-06,all events except coverage rows
Hyderabad,cw,1,3,2,5,2026-09-29,2026-10-06,all events except coverage rows
Hyderabad,danaher,1,1,0,1,2026-09-29,2026-10-06,all events except coverage rows
Hyderabad,decisions,1,1,0,1,2026-09-29,2026-10-06,all events except coverage rows
Hyderabad,dupont,1,1,0,1,2026-09-29,2026-10-06,all events except coverage rows
Hyderabad,dysrupit,-1,0,1,1,2026-09-29,2026-10-06,all events except coverage rows
Hyderabad,ensono,-1,0,1,1,2026-09-29,2026-10-06,all events except coverage rows
Hyderabad,fractal,-1,0,1,1,2026-09-29,2026-10-06,all events except coverage rows
Hyderabad,freschesolutions,-1,0,1,1,2026-09-29,2026-10-06,all events except coverage rows
Hyderabad,globalhealthcareexchangeinc,1,2,1,3,2026-09-29,2026-10-06,all events except coverage rows
Hyderabad,gsb,-1,0,1,1,2026-09-29,2026-10-06,all events except coverage rows
Hyderabad,hpe,1,2,1,3,2026-09-29,2026-10-06,all events except coverage rows
Hyderabad,icmarketsglobal,1,1,0,1,2026-09-29,2026-10-06,all events except coverage rows
Hyderabad,ingrammicro,1,1,0,1,2026-09-29,2026-10-06,all events except coverage rows
Hyderabad,instead,-1,0,1,1,2026-09-29,2026-10-06,all events except coverage rows
Hyderabad,iqvia,1,2,1,3,2026-09-29,2026-10-06,all events except coverage rows
Hyderabad,itd,-1,0,1,1,2026-09-29,2026-10-06,all events except coverage rows
Hyderabad,j,-1,5,6,11,2026-09-29,2026-10-06,all events except coverage rows
Hyderabad,jj,1,2,1,3,2026-09-29,2026-10-06,all events except coverage rows
Hyderabad,kyndryl,1,1,0,1,2026-09-29,2026-10-06,all events except coverage rows
Hyderabad,modmed,1,3,2,5,2026-09-29,2026-10-06,all events except coverage rows
Hyderabad,picoquantitativetrading,-1,0,1,1,2026-09-29,2026-10-06,all events except coverage rows
Hyderabad,schrdinger,1,1,0,1,2026-09-29,2026-10-06,all events except coverage rows
Hyderabad,sigmoid,1,1,0,1,2026-09-29,2026-10-06,all events except coverage rows
Hyderabad,silabs,1,1,0,1,2026-09-29,2026-10-06,all events except coverage rows
Hyderabad,simcorp,-1,1,2,3,2026-09-29,2026-10-06,all events except coverage rows
Hyderabad,supplierio,-1,0,1,1,2026-09-29,2026-10-06,all events except coverage rows
Hyderabad,theapexgroup,-1,2,3,5,2026-09-29,2026-10-06,all events except coverage rows
Hyderabad,transunion,1,1,0,1,2026-09-29,2026-10-06,all events except coverage rows
Hyderabad,truveta,1,1,0,1,2026-09-29,2026-10-06,all events except coverage rows
Hyderabad,unisys,1,3,2,5,2026-09-29,2026-10-06,all events except coverage rows
Hyderabad,verizon,1,1,0,1,2026-09-29,2026-10-06,all events except coverage rows
Hyderabad,zinnov,-1,1,2,3,2026-09-29,2026-10-06,all events except coverage rows
Hyderabad,AST SpaceMobile,0,9,9,18,2026-09-29,2026-10-06,all events except coverage rows
Hyderabad,Astronomer,0,1,1,2,2026-09-29,2026-10-06,all events except coverage rows
Hyderabad,Speechify,0,1,1,2,2026-09-29,2026-10-06,all events except coverage rows
Hyderabad,Workato,0,1,1,2,2026-09-29,2026-10-06,all events except coverage rows
Hyderabad,medtronic,0,1,1,2,2026-09-29,2026-10-06,all events except coverage rows
Hyderabad,qnity,0,1,1,2,2026-09-29,2026-10-06,all events except coverage rows
Hyderabad,r1rcm,0,1,1,2,2026-09-29,2026-10-06,all events except coverage rows
Hyderabad,solenis,0,3,3,6,2026-09-29,2026-10-06,all events except coverage rows
Hyderabad,solera,0,1,1,2,2026-09-29,2026-10-06,all events except coverage rows
Hyderabad,warnerbros,0,7,7,14,2026-09-29,2026-10-06,all events except coverage rows
Krakow,statestreet,-15,17,32,49,2026-09-29,2026-10-06,all events except coverage rows
Krakow,aristocrat,-6,1,7,8,2026-09-29,2026-10-06,all events except coverage rows
Krakow,rollsroyce,-6,3,9,12,2026-09-29,2026-10-06,all events except coverage rows
Krakow,dssmith,-3,0,3,3,2026-09-29,2026-10-06,all events except coverage rows
Krakow,cisco,-2,0,2,2,2026-09-29,2026-10-06,all events except coverage rows
Krakow,hedgeserv,2,2,0,2,2026-09-29,2026-10-06,all events except coverage rows
Krakow,hitachi,2,15,13,28,2026-09-29,2026-10-06,all events except coverage rows
Krakow,remitly,-2,0,2,2,2026-09-29,2026-10-06,all events except coverage rows
Krakow,Satispay,1,1,0,1,2026-09-29,2026-10-06,all events except coverage rows
Krakow,abb,-1,15,16,31,2026-09-29,2026-10-06,all events except coverage rows
Krakow,ag,-1,0,1,1,2026-09-29,2026-10-06,all events except coverage rows
Krakow,cae,-1,0,1,1,2026-09-29,2026-10-06,all events except coverage rows
Krakow,danaher,-1,0,1,1,2026-09-29,2026-10-06,all events except coverage rows
Krakow,eset,-1,0,1,1,2026-09-29,2026-10-06,all events except coverage rows
Krakow,gehc,-1,0,1,1,2026-09-29,2026-10-06,all events except coverage rows
Krakow,genpt,-1,2,3,5,2026-09-29,2026-10-06,all events except coverage rows
Krakow,jll,-1,0,1,1,2026-09-29,2026-10-06,all events except coverage rows
Krakow,motorolasolutions,-1,5,6,11,2026-09-29,2026-10-06,all events except coverage rows
Krakow,nike,-1,0,1,1,2026-09-29,2026-10-06,all events except coverage rows
Krakow,oanda,1,2,1,3,2026-09-29,2026-10-06,all events except coverage rows
Krakow,philips,1,1,0,1,2026-09-29,2026-10-06,all events except coverage rows
Krakow,revvity,1,1,0,1,2026-09-29,2026-10-06,all events except coverage rows
Krakow,tanium,-1,0,1,1,2026-09-29,2026-10-06,all events except coverage rows
Krakow,upm,-1,0,1,1,2026-09-29,2026-10-06,all events except coverage rows
Krakow,vgw-eu,-1,0,1,1,2026-09-29,2026-10-06,all events except coverage rows
Krakow,alfalaval,0,2,2,4,2026-09-29,2026-10-06,all events except coverage rows
Krakow,amlrightsource,0,1,1,2,2026-09-29,2026-10-06,all events except coverage rows
Krakow,aras,0,1,1,2,2026-09-29,2026-10-06,all events except coverage rows
Las Vegas,basspro,19,21,2,23,2026-09-29,2026-10-06,all events except coverage rows
Las Vegas,tensorwave,17,17,0,17,2026-09-29,2026-10-06,all events except coverage rows
Las Vegas,careers,12,12,0,12,2026-09-29,2026-10-06,all events except coverage rows
Las Vegas,fivebelow,-8,3,11,14,2026-09-29,2026-10-06,all events except coverage rows
Las Vegas,usc,6,22,16,38,2026-09-29,2026-10-06,all events except coverage rows
Las Vegas,Silverado,-4,0,4,4,2026-09-29,2026-10-06,all events except coverage rows
Las Vegas,aristocrat,4,7,3,10,2026-09-29,2026-10-06,all events except coverage rows
Las Vegas,tapestry,4,5,1,6,2026-09-29,2026-10-06,all events except coverage rows
Las Vegas,FIRY,-3,1,4,5,2026-09-29,2026-10-06,all events except coverage rows
Las Vegas,Veritas Veterinary Partners,-3,0,3,3,2026-09-29,2026-10-06,all events except coverage rows
Las Vegas,acquisition,-3,0,3,3,2026-09-29,2026-10-06,all events except coverage rows
Las Vegas,Carvana,2,5,3,8,2026-09-29,2026-10-06,all events except coverage rows
Las Vegas,EquipmentShare,-2,0,2,2,2026-09-29,2026-10-06,all events except coverage rows
Las Vegas,Motional,-2,0,2,2,2026-09-29,2026-10-06,all events except coverage rows
Las Vegas,boystown,-2,0,2,2,2026-09-29,2026-10-06,all events except coverage rows
Las Vegas,ebay,-2,0,2,2,2026-09-29,2026-10-06,all events except coverage rows
Las Vegas,ghr,2,2,0,2,2026-09-29,2026-10-06,all events except coverage rows
Las Vegas,j,2,6,4,10,2026-09-29,2026-10-06,all events except coverage rows
Las Vegas,leidos,-2,0,2,2,2026-09-29,2026-10-06,all events except coverage rows
Las Vegas,lnw,-2,3,5,8,2026-09-29,2026-10-06,all events except coverage rows
Las Vegas,republic,2,6,4,10,2026-09-29,2026-10-06,all events except coverage rows
Las Vegas,shipmonk,2,2,0,2,2026-09-29,2026-10-06,all events except coverage rows
Las Vegas,thermofisher,-2,0,2,2,2026-09-29,2026-10-06,all events except coverage rows
Las Vegas,toryburch,2,2,0,2,2026-09-29,2026-10-06,all events except coverage rows
Las Vegas,ufpi,-2,1,3,4,2026-09-29,2026-10-06,all events except coverage rows
Las Vegas,usbank,2,6,4,10,2026-09-29,2026-10-06,all events except coverage rows
Las Vegas,zoll,2,2,0,2,2026-09-29,2026-10-06,all events except coverage rows
Las Vegas,ALO,-1,0,1,1,2026-09-29,2026-10-06,all events except coverage rows
Las Vegas,Adaptive Home Health,-1,0,1,1,2026-09-29,2026-10-06,all events except coverage rows
Las Vegas,Agilysys,1,1,0,1,2026-09-29,2026-10-06,all events except coverage rows
Las Vegas,BlueSky Telepsych,-1,0,1,1,2026-09-29,2026-10-06,all events except coverage rows
Las Vegas,CLEANSPARK,-1,1,2,3,2026-09-29,2026-10-06,all events except coverage rows
Las Vegas,CLEAR - Corporate,1,1,0,1,2026-09-29,2026-10-06,all events except coverage rows
Las Vegas,Curaleaf,1,2,1,3,2026-09-29,2026-10-06,all events except coverage rows
Las Vegas,Green Thumb,-1,2,3,5,2026-09-29,2026-10-06,all events except coverage rows
Las Vegas,LifeStance Health,1,1,0,1,2026-09-29,2026-10-06,all events except coverage rows
Las Vegas,Lincoln Property Company,1,1,0,1,2026-09-29,2026-10-06,all events except coverage rows
Las Vegas,Lush Handmade Cosmetics,-1,0,1,1,2026-09-29,2026-10-06,all events except coverage rows
Las Vegas,MRG Exams,1,2,1,3,2026-09-29,2026-10-06,all events except coverage rows
Las Vegas,"Morgan & Morgan, P.A.",-1,1,2,3,2026-09-29,2026-10-06,all events except coverage rows
Las Vegas,Natera,1,1,0,1,2026-09-29,2026-10-06,all events except coverage rows
Las Vegas,Renuity,-1,0,1,1,2026-09-29,2026-10-06,all events except coverage rows
Las Vegas,Speechify,1,1,0,1,2026-09-29,2026-10-06,all events except coverage rows
Las Vegas,"Sphere Entertainment Group, LLC",1,1,0,1,2026-09-29,2026-10-06,all events except coverage rows
Las Vegas,Tecovas,-1,1,2,3,2026-09-29,2026-10-06,all events except coverage rows
Las Vegas,Ten Group,-1,1,2,3,2026-09-29,2026-10-06,all events except coverage rows
Las Vegas,Upstream Rehabilitation,1,1,0,1,2026-09-29,2026-10-06,all events except coverage rows
Las Vegas,Veterinary Emergency Group (VEG),-1,0,1,1,2026-09-29,2026-10-06,all events except coverage rows
Las Vegas,Zipline,1,1,0,1,2026-09-29,2026-10-06,all events except coverage rows
Las Vegas,Zoox,-1,0,1,1,2026-09-29,2026-10-06,all events except coverage rows
Las Vegas,acceleration-academies,-1,0,1,1,2026-09-29,2026-10-06,all events except coverage rows
Las Vegas,alignmenthealthcare,-1,0,1,1,2026-09-29,2026-10-06,all events except coverage rows
Las Vegas,app,1,1,0,1,2026-09-29,2026-10-06,all events except coverage rows
Las Vegas,aputah,1,1,0,1,2026-09-29,2026-10-06,all events except coverage rows
Las Vegas,bbinsurance,-1,0,1,1,2026-09-29,2026-10-06,all events except coverage rows
Las Vegas,belron,-1,0,1,1,2026-09-29,2026-10-06,all events except coverage rows
Las Vegas,bibliu,-1,0,1,1,2026-09-29,2026-10-06,all events except coverage rows
Las Vegas,burkecgi,1,1,0,1,2026-09-29,2026-10-06,all events except coverage rows
Las Vegas,cae,-1,0,1,1,2026-09-29,2026-10-06,all events except coverage rows
Las Vegas,calibercollision,1,2,1,3,2026-09-29,2026-10-06,all events except coverage rows
Las Vegas,claytonhomes,1,1,0,1,2026-09-29,2026-10-06,all events except coverage rows
Las Vegas,copart,-1,0,1,1,2026-09-29,2026-10-06,all events except coverage rows
Las Vegas,creditcontrolllc,1,1,0,1,2026-09-29,2026-10-06,all events except coverage rows
Las Vegas,crosswalk-health-inc,1,1,0,1,2026-09-29,2026-10-06,all events except coverage rows
Las Vegas,empowerbrands,-1,0,1,1,2026-09-29,2026-10-06,all events except coverage rows
Las Vegas,fleetpride,-1,0,1,1,2026-09-29,2026-10-06,all events except coverage rows
Las Vegas,gategroup,1,1,0,1,2026-09-29,2026-10-06,all events except coverage rows
Las Vegas,genpt,1,1,0,1,2026-09-29,2026-10-06,all events except coverage rows
Las Vegas,gtlaw,1,2,1,3,2026-09-29,2026-10-06,all events except coverage rows
Las Vegas,guestservices,-1,0,1,1,2026-09-29,2026-10-06,all events except coverage rows
Las Vegas,hardrockdigital,-1,0,1,1,2026-09-29,2026-10-06,all events except coverage rows
Las Vegas,hometrack,-1,0,1,1,2026-09-29,2026-10-06,all events except coverage rows
Las Vegas,humana,-1,0,1,1,2026-09-29,2026-10-06,all events except coverage rows
Las Vegas,insperity,1,1,0,1,2026-09-29,2026-10-06,all events except coverage rows
Las Vegas,internaljobsatlush,-1,0,1,1,2026-09-29,2026-10-06,all events except coverage rows
Las Vegas,iqvia,1,1,0,1,2026-09-29,2026-10-06,all events except coverage rows
Las Vegas,its,1,1,0,1,2026-09-29,2026-10-06,all events except coverage rows
Las Vegas,jbhunt,-1,0,1,1,2026-09-29,2026-10-06,all events except coverage rows
Las Vegas,jcrew,-1,0,1,1,2026-09-29,2026-10-06,all events except coverage rows
Las Vegas,jj,-1,0,1,1,2026-09-29,2026-10-06,all events except coverage rows
Las Vegas,lennar,-1,0,1,1,2026-09-29,2026-10-06,all events except coverage rows
Las Vegas,lotusden,-1,0,1,1,2026-09-29,2026-10-06,all events except coverage rows
Las Vegas,marcusmillichap,1,1,0,1,2026-09-29,2026-10-06,all events except coverage rows
Las Vegas,meowwolf,1,2,1,3,2026-09-29,2026-10-06,all events except coverage rows
Las Vegas,mgproperties,-1,0,1,1,2026-09-29,2026-10-06,all events except coverage rows
Las Vegas,nike,-1,1,2,3,2026-09-29,2026-10-06,all events except coverage rows
Las Vegas,nysonian,1,1,0,1,2026-09-29,2026-10-06,all events except coverage rows
Las Vegas,o180,1,1,0,1,2026-09-29,2026-10-06,all events except coverage rows
Las Vegas,omninet-property-management,1,1,0,1,2026-09-29,2026-10-06,all events except coverage rows
Las Vegas,pretiumenterpriseservices,1,1,0,1,2026-09-29,2026-10-06,all events except coverage rows
Las Vegas,redapt,1,1,0,1,2026-09-29,2026-10-06,all events except coverage rows
Las Vegas,rewardsnetwork,-1,0,1,1,2026-09-29,2026-10-06,all events except coverage rows
Las Vegas,rothys,1,1,0,1,2026-09-29,2026-10-06,all events except coverage rows
Las Vegas,salma-health,1,1,0,1,2026-09-29,2026-10-06,all events except coverage rows
Las Vegas,scorpionenterprisesllc,-1,0,1,1,2026-09-29,2026-10-06,all events except coverage rows
Las Vegas,simon,-1,0,1,1,2026-09-29,2026-10-06,all events except coverage rows
Las Vegas,skechers,1,1,0,1,2026-09-29,2026-10-06,all events except coverage rows
Las Vegas,spothopper,1,1,0,1,2026-09-29,2026-10-06,all events except coverage rows
Las Vegas,swarovski,1,1,0,1,2026-09-29,2026-10-06,all events except coverage rows
Las Vegas,thehartford,-1,0,1,1,2026-09-29,2026-10-06,all events except coverage rows
Las Vegas,theimagineteam,1,1,0,1,2026-09-29,2026-10-06,all events except coverage rows
Las Vegas,thelovaascenter,-1,0,1,1,2026-09-29,2026-10-06,all events except coverage rows
Las Vegas,theoncologyinstitute,-1,0,1,1,2026-09-29,2026-10-06,all events except coverage rows
Las Vegas,tjx,1,2,1,3,2026-09-29,2026-10-06,all events except coverage rows
Las Vegas,tmobile,-1,1,2,3,2026-09-29,2026-10-06,all events except coverage rows
Las Vegas,topgolf,-1,0,1,1,2026-09-29,2026-10-06,all events except coverage rows
Las Vegas,tranetechnologies,1,1,0,1,2026-09-29,2026-10-06,all events except coverage rows
Las Vegas,westernalliancebank,-1,0,1,1,2026-09-29,2026-10-06,all events except coverage rows
Las Vegas,wf,-1,5,6,11,2026-09-29,2026-10-06,all events except coverage rows
Las Vegas,wilsonelser,-1,0,1,1,2026-09-29,2026-10-06,all events except coverage rows
Las Vegas,2020companies,0,1,1,2,2026-09-29,2026-10-06,all events except coverage rows
Las Vegas,City Wide Facility Solutions,0,2,2,4,2026-09-29,2026-10-06,all events except coverage rows
Las Vegas,Glossier,0,1,1,2,2026-09-29,2026-10-06,all events except coverage rows
Las Vegas,Marksman Security LLC,0,1,1,2,2026-09-29,2026-10-06,all events except coverage rows
Las Vegas,americanredcross,0,1,1,2,2026-09-29,2026-10-06,all events except coverage rows
Las Vegas,asmglobal,0,1,1,2,2026-09-29,2026-10-06,all events except coverage rows
Las Vegas,cc,0,1,1,2,2026-09-29,2026-10-06,all events except coverage rows
Las Vegas,freseniusmedicalcare,0,5,5,10,2026-09-29,2026-10-06,all events except coverage rows
Las Vegas,graybar,0,1,1,2,2026-09-29,2026-10-06,all events except coverage rows
Las Vegas,jerry.ai,0,1,1,2,2026-09-29,2026-10-06,all events except coverage rows
Las Vegas,nordstrom,0,9,9,18,2026-09-29,2026-10-06,all events except coverage rows
Las Vegas,oxford,0,2,2,4,2026-09-29,2026-10-06,all events except coverage rows
Las Vegas,rzr,0,1,1,2,2026-09-29,2026-10-06,all events except coverage rows
Las Vegas,sierrallc,0,1,1,2,2026-09-29,2026-10-06,all events except coverage rows
Las Vegas,tiaa,0,1,1,2,2026-09-29,2026-10-06,all events except coverage rows
Las Vegas,uhaul,0,1,1,2,2026-09-29,2026-10-06,all events except coverage rows
Lisbon,mastercard,-8,4,12,16,2026-09-29,2026-10-06,all events except coverage rows
Lisbon,TransPerfect,-6,0,6,6,2026-09-29,2026-10-06,all events except coverage rows
Lisbon,zendesk,3,3,0,3,2026-09-29,2026-10-06,all events except coverage rows
Lisbon,Cross Border Talents,2,2,0,2,2026-09-29,2026-10-06,all events except coverage rows
Lisbon,MyForce,-2,3,5,8,2026-09-29,2026-10-06,all events except coverage rows
Lisbon,PagerDuty,-2,2,4,6,2026-09-29,2026-10-06,all events except coverage rows
Lisbon,Riskified,-2,0,2,2,2026-09-29,2026-10-06,all events except coverage rows
Lisbon,aggreko,2,2,0,2,2026-09-29,2026-10-06,all events except coverage rows
Lisbon,convatec,2,2,0,2,2026-09-29,2026-10-06,all events except coverage rows
Lisbon,glinttglobal,-2,1,3,4,2026-09-29,2026-10-06,all events except coverage rows
Lisbon,iCapital,2,3,1,4,2026-09-29,2026-10-06,all events except coverage rows
Lisbon,jll,2,2,0,2,2026-09-29,2026-10-06,all events except coverage rows
Lisbon,olx,2,3,1,4,2026-09-29,2026-10-06,all events except coverage rows
Lisbon,vwgds,2,2,0,2,2026-09-29,2026-10-06,all events except coverage rows
Lisbon,APEXX,1,1,0,1,2026-09-29,2026-10-06,all events except coverage rows
Lisbon,Intellect,-1,0,1,1,2026-09-29,2026-10-06,all events except coverage rows
Lisbon,Satispay,1,1,0,1,2026-09-29,2026-10-06,all events except coverage rows
Lisbon,Treatwell,-1,0,1,1,2026-09-29,2026-10-06,all events except coverage rows
Lisbon,Veeam Software,-1,0,1,1,2026-09-29,2026-10-06,all events except coverage rows
Lisbon,WPP,-1,0,1,1,2026-09-29,2026-10-06,all events except coverage rows
Lisbon,Workato,1,1,0,1,2026-09-29,2026-10-06,all events except coverage rows
Lisbon,aquaexpeditionshr,1,1,0,1,2026-09-29,2026-10-06,all events except coverage rows
Lisbon,arcesiumllc,-1,0,1,1,2026-09-29,2026-10-06,all events except coverage rows
Lisbon,capitalontap,-1,0,1,1,2026-09-29,2026-10-06,all events except coverage rows
Lisbon,careers,1,1,0,1,2026-09-29,2026-10-06,all events except coverage rows
Lisbon,cc,-1,0,1,1,2026-09-29,2026-10-06,all events except coverage rows
Lisbon,cw,1,1,0,1,2026-09-29,2026-10-06,all events except coverage rows
Lisbon,disney,1,1,0,1,2026-09-29,2026-10-06,all events except coverage rows
Lisbon,efficioconsulting,-1,0,1,1,2026-09-29,2026-10-06,all events except coverage rows
Lisbon,envipco,-1,0,1,1,2026-09-29,2026-10-06,all events except coverage rows
Lisbon,gsk,-1,1,2,3,2026-09-29,2026-10-06,all events except coverage rows
Lisbon,iqvia,1,2,1,3,2026-09-29,2026-10-06,all events except coverage rows
Lisbon,kyndryl,1,1,0,1,2026-09-29,2026-10-06,all events except coverage rows
Lisbon,microharvest,-1,0,1,1,2026-09-29,2026-10-06,all events except coverage rows
Lisbon,mollie,-1,0,1,1,2026-09-29,2026-10-06,all events except coverage rows
Lisbon,motorolasolutions,-1,0,1,1,2026-09-29,2026-10-06,all events except coverage rows
Lisbon,numastays,-1,0,1,1,2026-09-29,2026-10-06,all events except coverage rows
Lisbon,santander,-1,0,1,1,2026-09-29,2026-10-06,all events except coverage rows
Lisbon,sterlingtonpllc,-1,0,1,1,2026-09-29,2026-10-06,all events except coverage rows
Lisbon,thermofisher,1,1,0,1,2026-09-29,2026-10-06,all events except coverage rows
Lisbon,viatris,1,1,0,1,2026-09-29,2026-10-06,all events except coverage rows
Lisbon,ICEYE,0,1,1,2,2026-09-29,2026-10-06,all events except coverage rows
Lisbon,Speechify,0,1,1,2,2026-09-29,2026-10-06,all events except coverage rows
Lisbon,dentsuaegis,0,1,1,2,2026-09-29,2026-10-06,all events except coverage rows
Lisbon,gocardless,0,2,2,4,2026-09-29,2026-10-06,all events except coverage rows
Lisbon,j,0,5,5,10,2026-09-29,2026-10-06,all events except coverage rows
Lisbon,lowes,0,2,2,4,2026-09-29,2026-10-06,all events except coverage rows
Lisbon,medtronic,0,1,1,2,2026-09-29,2026-10-06,all events except coverage rows
Lisbon,pernodricard,0,1,1,2,2026-09-29,2026-10-06,all events except coverage rows
Lisbon,pleo,0,1,1,2,2026-09-29,2026-10-06,all events except coverage rows
London,careers,98,102,4,106,2026-09-29,2026-10-06,all events except coverage rows
London,j,-30,103,133,236,2026-09-29,2026-10-06,all events except coverage rows
London,statestreet,-18,13,31,44,2026-09-29,2026-10-06,all events except coverage rows
London,sedgwick,14,15,1,16,2026-09-29,2026-10-06,all events except coverage rows
London,Pulse Healthcare,10,10,0,10,2026-09-29,2026-10-06,all events except coverage rows
London,SetSales,10,10,0,10,2026-09-29,2026-10-06,all events except coverage rows
London,db,-9,11,20,31,2026-09-29,2026-10-06,all events except coverage rows
London,lseg,-8,6,14,20,2026-09-29,2026-10-06,all events except coverage rows
London,freshfields,7,7,0,7,2026-09-29,2026-10-06,all events except coverage rows
London,Diligent Corporation,-6,1,7,8,2026-09-29,2026-10-06,all events except coverage rows
London,lmpgroup,-6,0,6,6,2026-09-29,2026-10-06,all events except coverage rows
London,Box,5,6,1,7,2026-09-29,2026-10-06,all events except coverage rows
London,Capitex,5,5,0,5,2026-09-29,2026-10-06,all events except coverage rows
London,Celonis,-5,1,6,7,2026-09-29,2026-10-06,all events except coverage rows
London,Preply,5,7,2,9,2026-09-29,2026-10-06,all events except coverage rows
London,Qube Research & Technologies,-5,3,8,11,2026-09-29,2026-10-06,all events except coverage rows
London,Quince,5,6,1,7,2026-09-29,2026-10-06,all events except coverage rows
London,United Media,-5,1,6,7,2026-09-29,2026-10-06,all events except coverage rows
London,blackrock,-5,6,11,17,2026-09-29,2026-10-06,all events except coverage rows
London,harmonic-security-inc,5,5,0,5,2026-09-29,2026-10-06,all events except coverage rows
London,libertyglobal,5,7,2,9,2026-09-29,2026-10-06,all events except coverage rows
London,ourgroup,-5,0,5,5,2026-09-29,2026-10-06,all events except coverage rows
London,pimco,-5,0,5,5,2026-09-29,2026-10-06,all events except coverage rows
London,spaitial,5,6,1,7,2026-09-29,2026-10-06,all events except coverage rows
London,vanguard,-5,3,8,11,2026-09-29,2026-10-06,all events except coverage rows
London,www,5,13,8,21,2026-09-29,2026-10-06,all events except coverage rows
London,9fin,-4,1,5,6,2026-09-29,2026-10-06,all events except coverage rows
London,Anaplan,-4,0,4,4,2026-09-29,2026-10-06,all events except coverage rows
London,Ebury,-4,3,7,10,2026-09-29,2026-10-06,all events except coverage rows
London,Neko Health,-4,2,6,8,2026-09-29,2026-10-06,all events except coverage rows
London,Radiant,4,7,3,10,2026-09-29,2026-10-06,all events except coverage rows
London,SharkNinja,-4,1,5,6,2026-09-29,2026-10-06,all events except coverage rows
London,Starling,-4,6,10,16,2026-09-29,2026-10-06,all events except coverage rows
London,Teya,4,7,3,10,2026-09-29,2026-10-06,all events except coverage rows
London,TransPerfect,-4,0,4,4,2026-09-29,2026-10-06,all events except coverage rows
London,aig,-4,2,6,8,2026-09-29,2026-10-06,all events except coverage rows
London,ameriprise,-4,1,5,6,2026-09-29,2026-10-06,all events except coverage rows
London,aresmgmt,-4,0,4,4,2026-09-29,2026-10-06,all events except coverage rows
London,avantarte,4,4,0,4,2026-09-29,2026-10-06,all events except coverage rows
London,cibc,-4,2,6,8,2026-09-29,2026-10-06,all events except coverage rows
London,claimsorted,4,4,0,4,2026-09-29,2026-10-06,all events except coverage rows
London,fintechos,-4,0,4,4,2026-09-29,2026-10-06,all events except coverage rows
London,fortius,4,7,3,10,2026-09-29,2026-10-06,all events except coverage rows
London,hudl,4,4,0,4,2026-09-29,2026-10-06,all events except coverage rows
London,junior,-4,0,4,4,2026-09-29,2026-10-06,all events except coverage rows
London,lbg,-4,9,13,22,2026-09-29,2026-10-06,all events except coverage rows
London,mastercard,4,17,13,30,2026-09-29,2026-10-06,all events except coverage rows
London,ms,4,8,4,12,2026-09-29,2026-10-06,all events except coverage rows
London,multiverse,4,5,1,6,2026-09-29,2026-10-06,all events except coverage rows
London,neo4j,4,5,1,6,2026-09-29,2026-10-06,all events except coverage rows
London,omaze,-4,0,4,4,2026-09-29,2026-10-06,all events except coverage rows
London,recordedfuture,4,4,0,4,2026-09-29,2026-10-06,all events except coverage rows
London,spgi,-4,4,8,12,2026-09-29,2026-10-06,all events except coverage rows
London,APM Monaco,3,3,0,3,2026-09-29,2026-10-06,all events except coverage rows
London,CHAOS Industries,3,3,0,3,2026-09-29,2026-10-06,all events except coverage rows
London,DRW,3,4,1,5,2026-09-29,2026-10-06,all events except coverage rows
London,Fuse Energy,3,3,0,3,2026-09-29,2026-10-06,all events except coverage rows
London,Genius Sports,-3,3,6,9,2026-09-29,2026-10-06,all events except coverage rows
London,Heidi,-3,1,4,5,2026-09-29,2026-10-06,all events except coverage rows
London,Kernel,3,3,0,3,2026-09-29,2026-10-06,all events except coverage rows
London,Monks,-3,0,3,3,2026-09-29,2026-10-06,all events except coverage rows
London,OLIX,-3,0,3,3,2026-09-29,2026-10-06,all events except coverage rows
London,OpenAI,-3,1,4,5,2026-09-29,2026-10-06,all events except coverage rows
London,OpenTable,3,6,3,9,2026-09-29,2026-10-06,all events except coverage rows
London,Quantum,3,8,5,13,2026-09-29,2026-10-06,all events except coverage rows
London,Robinhood,3,3,0,3,2026-09-29,2026-10-06,all events except coverage rows
London,Smartsheet,-3,0,3,3,2026-09-29,2026-10-06,all events except coverage rows
London,Stripe,3,4,1,5,2026-09-29,2026-10-06,all events except coverage rows
London,brunswickgroup,-3,2,5,7,2026-09-29,2026-10-06,all events except coverage rows
London,collectorsuniverse,-3,0,3,3,2026-09-29,2026-10-06,all events except coverage rows
London,dentsuaegis,-3,6,9,15,2026-09-29,2026-10-06,all events except coverage rows
London,e l f Beauty,3,3,0,3,2026-09-29,2026-10-06,all events except coverage rows
London,ferrovial,-3,0,3,3,2026-09-29,2026-10-06,all events except coverage rows
London,fundingcircle,-3,2,5,7,2026-09-29,2026-10-06,all events except coverage rows
London,genomics,3,3,0,3,2026-09-29,2026-10-06,all events except coverage rows
London,hoganlovells,3,6,3,9,2026-09-29,2026-10-06,all events except coverage rows
London,jll,3,26,23,49,2026-09-29,2026-10-06,all events except coverage rows
London,loveholidays,3,5,2,7,2026-09-29,2026-10-06,all events except coverage rows
London,mufgub,-3,23,26,49,2026-09-29,2026-10-06,all events except coverage rows
London,oliver,-3,6,9,15,2026-09-29,2026-10-06,all events except coverage rows
London,orbital,-3,1,4,5,2026-09-29,2026-10-06,all events except coverage rows
London,pliant,3,3,0,3,2026-09-29,2026-10-06,all events except coverage rows
London,pokemoncareers,-3,0,3,3,2026-09-29,2026-10-06,all events except coverage rows
London,prima,-3,2,5,7,2026-09-29,2026-10-06,all events except coverage rows
London,ri,3,3,0,3,2026-09-29,2026-10-06,all events except coverage rows
London,teneolinkedin,3,5,2,7,2026-09-29,2026-10-06,all events except coverage rows
London,thinkmarkets,-3,2,5,7,2026-09-29,2026-10-06,all events except coverage rows
London,ALO,2,4,2,6,2026-09-29,2026-10-06,all events except coverage rows
London,Addepar,-2,0,2,2,2026-09-29,2026-10-06,all events except coverage rows
London,Adyen,2,2,0,2,2026-09-29,2026-10-06,all events except coverage rows
London,Algolia,2,2,0,2,2026-09-29,2026-10-06,all events except coverage rows
London,Anthropic,-2,4,6,10,2026-09-29,2026-10-06,all events except coverage rows
London,Arrive,2,6,4,10,2026-09-29,2026-10-06,all events except coverage rows
London,Attio,-2,0,2,2,2026-09-29,2026-10-06,all events except coverage rows
London,Aurora Solar,-2,0,2,2,2026-09-29,2026-10-06,all events except coverage rows
London,Belmond,-2,1,3,4,2026-09-29,2026-10-06,all events except coverage rows
London,Biffa Waste Services,-2,0,2,2,2026-09-29,2026-10-06,all events except coverage rows
London,Birdie,2,2,0,2,2026-09-29,2026-10-06,all events except coverage rows
London,Braze,2,4,2,6,2026-09-29,2026-10-06,all events except coverage rows
London,Cato Networks,2,3,1,4,2026-09-29,2026-10-06,all events except coverage rows
London,Clera,-2,1,3,4,2026-09-29,2026-10-06,all events except coverage rows
London,Crypto,2,2,0,2,2026-09-29,2026-10-06,all events except coverage rows
London,ElevenLabs,-2,1,3,4,2026-09-29,2026-10-06,all events except coverage rows
London,Hims &amp; Hers,2,2,0,2,2026-09-29,2026-10-06,all events except coverage rows
London,IXL Learning,2,2,0,2,2026-09-29,2026-10-06,all events except coverage rows
London,Infosys Consulting - Europe,2,2,0,2,2026-09-29,2026-10-06,all events except coverage rows
London,Interpath Advisory,-2,1,3,4,2026-09-29,2026-10-06,all events except coverage rows
London,Jane Street,2,2,0,2,2026-09-29,2026-10-06,all events except coverage rows
London,Legora,2,3,1,4,2026-09-29,2026-10-06,all events except coverage rows
London,Mediix,-2,0,2,2,2026-09-29,2026-10-06,all events except coverage rows
London,Moniepoint,2,2,0,2,2026-09-29,2026-10-06,all events except coverage rows
London,Navan,-2,4,6,10,2026-09-29,2026-10-06,all events except coverage rows
London,Odin,-2,1,3,4,2026-09-29,2026-10-06,all events except coverage rows
London,Recursion,-2,0,2,2,2026-09-29,2026-10-06,all events except coverage rows
London,SpaceXAI,2,2,0,2,2026-09-29,2026-10-06,all events except coverage rows
London,Spotify,-2,1,3,4,2026-09-29,2026-10-06,all events except coverage rows
London,Ten Group,-2,0,2,2,2026-09-29,2026-10-06,all events except coverage rows
London,Veeam Software,2,3,1,4,2026-09-29,2026-10-06,all events except coverage rows
London,Vega,-2,0,2,2,2026-09-29,2026-10-06,all events except coverage rows
London,Via,-2,0,2,2,2026-09-29,2026-10-06,all events except coverage rows
London,WPP Media,2,28,26,54,2026-09-29,2026-10-06,all events except coverage rows
London,WorldQuant,-2,0,2,2,2026-09-29,2026-10-06,all events except coverage rows
London,ZoomInfo Technologies LLC,-2,0,2,2,2026-09-29,2026-10-06,all events except coverage rows
London,abercrombie,2,2,0,2,2026-09-29,2026-10-06,all events except coverage rows
London,avenircollective,2,3,1,4,2026-09-29,2026-10-06,all events except coverage rows
London,biophorum,2,2,0,2,2026-09-29,2026-10-06,all events except coverage rows
London,brainstation,-2,4,6,10,2026-09-29,2026-10-06,all events except coverage rows
London,bunch,-2,0,2,2,2026-09-29,2026-10-06,all events except coverage rows
London,butternutbox,2,3,1,4,2026-09-29,2026-10-06,all events except coverage rows
London,capitalontap,2,3,1,4,2026-09-29,2026-10-06,all events except coverage rows
London,clearscoretechnologylimited,-2,0,2,2,2026-09-29,2026-10-06,all events except coverage rows
London,clearviewhealthcarepartners,2,2,0,2,2026-09-29,2026-10-06,all events except coverage rows
London,coreweave,2,3,1,4,2026-09-29,2026-10-06,all events except coverage rows
London,corporate,2,2,0,2,2026-09-29,2026-10-06,all events except coverage rows
London,creatoriq,2,2,0,2,2026-09-29,2026-10-06,all events except coverage rows
London,cw,-2,5,7,12,2026-09-29,2026-10-06,all events except coverage rows
London,deepl,-2,1,3,4,2026-09-29,2026-10-06,all events except coverage rows
London,ehr,-2,0,2,2,2026-09-29,2026-10-06,all events except coverage rows
London,fastretailing,2,4,2,6,2026-09-29,2026-10-06,all events except coverage rows
London,fractal,-2,0,2,2,2026-09-29,2026-10-06,all events except coverage rows
London,framestore,-2,7,9,16,2026-09-29,2026-10-06,all events except coverage rows
London,freenow,-2,0,2,2,2026-09-29,2026-10-06,all events except coverage rows
London,frontiereconomics,2,2,0,2,2026-09-29,2026-10-06,all events except coverage rows
London,gartner,-2,4,6,10,2026-09-29,2026-10-06,all events except coverage rows
London,gatesfoundation,-2,0,2,2,2026-09-29,2026-10-06,all events except coverage rows
London,getscope,-2,0,2,2,2026-09-29,2026-10-06,all events except coverage rows
London,greenparkcontent,2,3,1,4,2026-09-29,2026-10-06,all events except coverage rows
London,gtlaw,-2,1,3,4,2026-09-29,2026-10-06,all events except coverage rows
London,hamilton,-2,0,2,2,2026-09-29,2026-10-06,all events except coverage rows
London,hived,-2,0,2,2,2026-09-29,2026-10-06,all events except coverage rows
London,humaans,-2,0,2,2,2026-09-29,2026-10-06,all events except coverage rows
London,imubiosciences,-2,1,3,4,2026-09-29,2026-10-06,all events except coverage rows
London,incident,2,3,1,4,2026-09-29,2026-10-06,all events except coverage rows
London,ircp,-2,0,2,2,2026-09-29,2026-10-06,all events except coverage rows
London,isomorphiclabs,-2,1,3,4,2026-09-29,2026-10-06,all events except coverage rows
London,knowledgebrief,2,2,0,2,2026-09-29,2026-10-06,all events except coverage rows
London,kocho,-2,0,2,2,2026-09-29,2026-10-06,all events except coverage rows
London,krollbondratingagency,2,2,0,2,2026-09-29,2026-10-06,all events except coverage rows
London,kubusgroupltd,2,2,0,2,2026-09-29,2026-10-06,all events except coverage rows
London,ledgy,-2,0,2,2,2026-09-29,2026-10-06,all events except coverage rows
London,lgt,2,3,1,4,2026-09-29,2026-10-06,all events except coverage rows
London,light-inc,2,2,0,2,2026-09-29,2026-10-06,all events except coverage rows
London,liveramp,-2,0,2,2,2026-09-29,2026-10-06,all events except coverage rows
London,logitech,-2,0,2,2,2026-09-29,2026-10-06,all events except coverage rows
London,lottie,-2,2,4,6,2026-09-29,2026-10-06,all events except coverage rows
London,madano,-2,0,2,2,2026-09-29,2026-10-06,all events except coverage rows
London,merantix,-2,0,2,2,2026-09-29,2026-10-06,all events except coverage rows
London,monzo,2,3,1,4,2026-09-29,2026-10-06,all events except coverage rows
London,motorway,-2,0,2,2,2026-09-29,2026-10-06,all events except coverage rows
London,msamlin,-2,0,2,2,2026-09-29,2026-10-06,all events except coverage rows
London,murphygs,2,2,0,2,2026-09-29,2026-10-06,all events except coverage rows
London,netflix,-2,1,3,4,2026-09-29,2026-10-06,all events except coverage rows
London,neudata,-2,0,2,2,2026-09-29,2026-10-06,all events except coverage rows
London,ntrs,-2,0,2,2,2026-09-29,2026-10-06,all events except coverage rows
London,numan,-2,3,5,8,2026-09-29,2026-10-06,all events except coverage rows
London,omnea,2,2,0,2,2026-09-29,2026-10-06,all events except coverage rows
London,paloaltonetworks,-2,1,3,4,2026-09-29,2026-10-06,all events except coverage rows
London,paypal,-2,0,2,2,2026-09-29,2026-10-06,all events except coverage rows
London,phillipsauctioneers,-2,0,2,2,2026-09-29,2026-10-06,all events except coverage rows
London,propharmagroup,2,2,0,2,2026-09-29,2026-10-06,all events except coverage rows
London,quvia,2,2,0,2,2026-09-29,2026-10-06,all events except coverage rows
London,rednucleus,2,2,0,2,2026-09-29,2026-10-06,all events except coverage rows
London,relationrx,2,2,0,2,2026-09-29,2026-10-06,all events except coverage rows
London,released,2,2,0,2,2026-09-29,2026-10-06,all events except coverage rows
London,rimestechnologies,-2,0,2,2,2026-09-29,2026-10-06,all events except coverage rows
London,rippling,2,3,1,4,2026-09-29,2026-10-06,all events except coverage rows
London,roller,2,2,0,2,2026-09-29,2026-10-06,all events except coverage rows
London,santander,-2,2,4,6,2026-09-29,2026-10-06,all events except coverage rows
London,sothebys,-2,2,4,6,2026-09-29,2026-10-06,all events except coverage rows
London,tandem-health,2,2,0,2,2026-09-29,2026-10-06,all events except coverage rows
London,tandemmoneylimited,2,2,0,2,2026-09-29,2026-10-06,all events except coverage rows
London,taptapsend,-2,0,2,2,2026-09-29,2026-10-06,all events except coverage rows
London,td,2,2,0,2,2026-09-29,2026-10-06,all events except coverage rows
London,teads1,2,2,0,2,2026-09-29,2026-10-06,all events except coverage rows
London,thinkbrg,-2,0,2,2,2026-09-29,2026-10-06,all events except coverage rows
London,tipalti,-2,0,2,2,2026-09-29,2026-10-06,all events except coverage rows
London,trainline,2,6,4,10,2026-09-29,2026-10-06,all events except coverage rows
London,tripledotstudios,2,3,1,4,2026-09-29,2026-10-06,all events except coverage rows
London,tsys,2,8,6,14,2026-09-29,2026-10-06,all events except coverage rows
London,ultralytics,2,2,0,2,2026-09-29,2026-10-06,all events except coverage rows
London,unispace,2,2,0,2,2026-09-29,2026-10-06,all events except coverage rows
London,united-talent-agency,-2,0,2,2,2026-09-29,2026-10-06,all events except coverage rows
London,versafile1,-2,0,2,2,2026-09-29,2026-10-06,all events except coverage rows
London,vertice,2,2,0,2,2026-09-29,2026-10-06,all events except coverage rows
London,wheely,2,3,1,4,2026-09-29,2026-10-06,all events except coverage rows
London,writer,-2,2,4,6,2026-09-29,2026-10-06,all events except coverage rows
London,wwecorp,-2,0,2,2,2026-09-29,2026-10-06,all events except coverage rows
London,zendesk,2,2,0,2,2026-09-29,2026-10-06,all events except coverage rows
London,1Password,1,1,0,1,2026-09-29,2026-10-06,all events except coverage rows
London,21shares,1,1,0,1,2026-09-29,2026-10-06,all events except coverage rows
London,2K,-1,0,1,1,2026-09-29,2026-10-06,all events except coverage rows
London,ABM UK,-1,3,4,7,2026-09-29,2026-10-06,all events except coverage rows
London,Airbnb,-1,0,1,1,2026-09-29,2026-10-06,all events except coverage rows
London,Alamar Biosciences,-1,0,1,1,2026-09-29,2026-10-06,all events except coverage rows
London,Anduril Industries,-1,1,2,3,2026-09-29,2026-10-06,all events except coverage rows
London,Assured Guaranty,1,1,0,1,2026-09-29,2026-10-06,all events except coverage rows
London,Astronomer,1,1,0,1,2026-09-29,2026-10-06,all events except coverage rows
London,AtriCure,-1,0,1,1,2026-09-29,2026-10-06,all events except coverage rows
London,Attentive,-1,0,1,1,2026-09-29,2026-10-06,all events except coverage rows
London,Axiom,-1,0,1,1,2026-09-29,2026-10-06,all events except coverage rows
London,Axon,1,1,0,1,2026-09-29,2026-10-06,all events except coverage rows
London,Benchling,-1,0,1,1,2026-09-29,2026-10-06,all events except coverage rows
London,Block,-1,2,3,5,2026-09-29,2026-10-06,all events except coverage rows
London,Brave,-1,0,1,1,2026-09-29,2026-10-06,all events except coverage rows
London,CFO Insights,-1,1,2,3,2026-09-29,2026-10-06,all events except coverage rows
London,Checkout.com,-1,12,13,25,2026-09-29,2026-10-06,all events except coverage rows
London,Cohere,-1,1,2,3,2026-09-29,2026-10-06,all events except coverage rows
London,Commvault,-1,0,1,1,2026-09-29,2026-10-06,all events except coverage rows
London,Culture Amp,1,1,0,1,2026-09-29,2026-10-06,all events except coverage rows
London,DEPT®,-1,0,1,1,2026-09-29,2026-10-06,all events except coverage rows
London,Databricks,1,5,4,9,2026-09-29,2026-10-06,all events except coverage rows
London,Decagon,1,1,0,1,2026-09-29,2026-10-06,all events except coverage rows
London,Duolingo,1,1,0,1,2026-09-29,2026-10-06,all events except coverage rows
London,EOS,1,2,1,3,2026-09-29,2026-10-06,all events except coverage rows
London,Endor Labs,1,1,0,1,2026-09-29,2026-10-06,all events except coverage rows
London,Epic Games,1,2,1,3,2026-09-29,2026-10-06,all events except coverage rows
London,Fastly,1,1,0,1,2026-09-29,2026-10-06,all events except coverage rows
London,FeverUp,-1,0,1,1,2026-09-29,2026-10-06,all events except coverage rows
London,Fin,-1,1,2,3,2026-09-29,2026-10-06,all events except coverage rows
London,Fivetran,-1,0,1,1,2026-09-29,2026-10-06,all events except coverage rows
London,Flexport,-1,0,1,1,2026-09-29,2026-10-06,all events except coverage rows
London,Guidepoint,-1,0,1,1,2026-09-29,2026-10-06,all events except coverage rows
London,HUMAN,1,1,0,1,2026-09-29,2026-10-06,all events except coverage rows
London,Harmattan AI,1,1,0,1,2026-09-29,2026-10-06,all events except coverage rows
London,Harvey,1,6,5,11,2026-09-29,2026-10-06,all events except coverage rows
London,HelloFresh,1,2,1,3,2026-09-29,2026-10-06,all events except coverage rows
London,Helsing,1,1,0,1,2026-09-29,2026-10-06,all events except coverage rows
London,HubSpot,1,1,0,1,2026-09-29,2026-10-06,all events except coverage rows
London,IMC,-1,0,1,1,2026-09-29,2026-10-06,all events except coverage rows
London,Immuta,1,1,0,1,2026-09-29,2026-10-06,all events except coverage rows
London,JFrog,-1,0,1,1,2026-09-29,2026-10-06,all events except coverage rows
London,Juicebox,1,1,0,1,2026-09-29,2026-10-06,all events except coverage rows
London,Jump Trading,-1,1,2,3,2026-09-29,2026-10-06,all events except coverage rows
London,Keystone,-1,0,1,1,2026-09-29,2026-10-06,all events except coverage rows
London,Keywords Studios,-1,0,1,1,2026-09-29,2026-10-06,all events except coverage rows
London,Klaviyo,1,2,1,3,2026-09-29,2026-10-06,all events except coverage rows
London,Ledger,1,1,0,1,2026-09-29,2026-10-06,all events except coverage rows
London,"Lightspeed Commerce, Inc.",-1,1,2,3,2026-09-29,2026-10-06,all events except coverage rows
London,McDonald's,-1,0,1,1,2026-09-29,2026-10-06,all events except coverage rows
London,Mindera,1,2,1,3,2026-09-29,2026-10-06,all events except coverage rows
London,Mixpanel,-1,0,1,1,2026-09-29,2026-10-06,all events except coverage rows
London,MongoDB,-1,0,1,1,2026-09-29,2026-10-06,all events except coverage rows
London,Mosaic,-1,0,1,1,2026-09-29,2026-10-06,all events except coverage rows
London,Mux,-1,0,1,1,2026-09-29,2026-10-06,all events except coverage rows
London,Nebius,-1,0,1,1,2026-09-29,2026-10-06,all events except coverage rows
London,Netskope,1,1,0,1,2026-09-29,2026-10-06,all events except coverage rows
London,New Relic,-1,0,1,1,2026-09-29,2026-10-06,all events except coverage rows
London,OPSWAT,1,1,0,1,2026-09-29,2026-10-06,all events except coverage rows
London,Okta,-1,1,2,3,2026-09-29,2026-10-06,all events except coverage rows
London,Outreach,-1,1,2,3,2026-09-29,2026-10-06,all events except coverage rows
London,PagerDuty,-1,0,1,1,2026-09-29,2026-10-06,all events except coverage rows
London,Palantir Technologies,1,1,0,1,2026-09-29,2026-10-06,all events except coverage rows
London,Peloton,-1,0,1,1,2026-09-29,2026-10-06,all events except coverage rows
London,Perk,1,1,0,1,2026-09-29,2026-10-06,all events except coverage rows
London,Perplexity,1,1,0,1,2026-09-29,2026-10-06,all events except coverage rows
London,Pivot,-1,0,1,1,2026-09-29,2026-10-06,all events except coverage rows
London,Point72,1,1,0,1,2026-09-29,2026-10-06,all events except coverage rows
London,Ramp,1,1,0,1,2026-09-29,2026-10-06,all events except coverage rows
London,Recharge,-1,0,1,1,2026-09-29,2026-10-06,all events except coverage rows
London,Reddit,1,1,0,1,2026-09-29,2026-10-06,all events except coverage rows
London,Reformation,-1,1,2,3,2026-09-29,2026-10-06,all events except coverage rows
London,Revolution Medicines,1,2,1,3,2026-09-29,2026-10-06,all events except coverage rows
London,Ripple,1,3,2,5,2026-09-29,2026-10-06,all events except coverage rows
London,Rubrik,-1,1,2,3,2026-09-29,2026-10-06,all events except coverage rows
London,Sanity,1,1,0,1,2026-09-29,2026-10-06,all events except coverage rows
London,Satispay,1,1,0,1,2026-09-29,2026-10-06,all events except coverage rows
London,Scale AI,-1,1,2,3,2026-09-29,2026-10-06,all events except coverage rows
London,Similarweb,-1,0,1,1,2026-09-29,2026-10-06,all events except coverage rows
London,SiriusPoint,-1,0,1,1,2026-09-29,2026-10-06,all events except coverage rows
London,SlingshotAI,-1,0,1,1,2026-09-29,2026-10-06,all events except coverage rows
London,StepStone Group,1,1,0,1,2026-09-29,2026-10-06,all events except coverage rows
London,Strata Power,-1,0,1,1,2026-09-29,2026-10-06,all events except coverage rows
London,Sylvera,-1,0,1,1,2026-09-29,2026-10-06,all events except coverage rows
London,Synthesia,-1,1,2,3,2026-09-29,2026-10-06,all events except coverage rows
London,Taboola,1,2,1,3,2026-09-29,2026-10-06,all events except coverage rows
London,The Hershey Company,-1,0,1,1,2026-09-29,2026-10-06,all events except coverage rows
London,The New York Times,-1,0,1,1,2026-09-29,2026-10-06,all events except coverage rows
London,The Trade Desk,-1,0,1,1,2026-09-29,2026-10-06,all events except coverage rows
London,Toast,-1,0,1,1,2026-09-29,2026-10-06,all events except coverage rows
London,Treatwell,-1,1,2,3,2026-09-29,2026-10-06,all events except coverage rows
London,VML/WPP Enterprise Solutions,-1,5,6,11,2026-09-29,2026-10-06,all events except coverage rows
London,Vanta,1,2,1,3,2026-09-29,2026-10-06,all events except coverage rows
London,Verkada,-1,0,1,1,2026-09-29,2026-10-06,all events except coverage rows
London,Virtu Financial,-1,0,1,1,2026-09-29,2026-10-06,all events except coverage rows
London,WPP,-1,4,5,9,2026-09-29,2026-10-06,all events except coverage rows
London,Watershed,-1,1,2,3,2026-09-29,2026-10-06,all events except coverage rows
London,Waymo,-1,2,3,5,2026-09-29,2026-10-06,all events except coverage rows
London,Woolpert,-1,0,1,1,2026-09-29,2026-10-06,all events except coverage rows
London,Workato,-1,1,2,3,2026-09-29,2026-10-06,all events except coverage rows
London,Yext,1,1,0,1,2026-09-29,2026-10-06,all events except coverage rows
London,Zip,-1,0,1,1,2026-09-29,2026-10-06,all events except coverage rows
London,abb,-1,0,1,1,2026-09-29,2026-10-06,all events except coverage rows
London,abglobal,1,1,0,1,2026-09-29,2026-10-06,all events except coverage rows
London,abound,-1,0,1,1,2026-09-29,2026-10-06,all events except coverage rows
London,accelerationpartners,-1,0,1,1,2026-09-29,2026-10-06,all events except coverage rows
London,acciona,-1,0,1,1,2026-09-29,2026-10-06,all events except coverage rows
London,acrylicize,-1,0,1,1,2026-09-29,2026-10-06,all events except coverage rows
London,adarga,-1,0,1,1,2026-09-29,2026-10-06,all events except coverage rows
London,adthena,1,1,0,1,2026-09-29,2026-10-06,all events except coverage rows
London,aisi,1,2,1,3,2026-09-29,2026-10-06,all events except coverage rows
London,almedia,-1,0,1,1,2026-09-29,2026-10-06,all events except coverage rows
London,alphafmcroles,-1,1,2,3,2026-09-29,2026-10-06,all events except coverage rows
London,altera,-1,0,1,1,2026-09-29,2026-10-06,all events except coverage rows
London,alteryx,1,2,1,3,2026-09-29,2026-10-06,all events except coverage rows
London,aninebing,-1,0,1,1,2026-09-29,2026-10-06,all events except coverage rows
London,antavo,-1,0,1,1,2026-09-29,2026-10-06,all events except coverage rows
London,antithesis,-1,0,1,1,2026-09-29,2026-10-06,all events except coverage rows
London,anyvan,-1,0,1,1,2026-09-29,2026-10-06,all events except coverage rows
London,apothecom,1,1,0,1,2026-09-29,2026-10-06,all events except coverage rows
London,archgroup,1,2,1,3,2026-09-29,2026-10-06,all events except coverage rows
London,aristocrat,1,2,1,3,2026-09-29,2026-10-06,all events except coverage rows
London,artsy,1,1,0,1,2026-09-29,2026-10-06,all events except coverage rows
London,arxroboticsgmbh,1,1,0,1,2026-09-29,2026-10-06,all events except coverage rows
London,aspora,1,1,0,1,2026-09-29,2026-10-06,all events except coverage rows
London,auriens,1,2,1,3,2026-09-29,2026-10-06,all events except coverage rows
London,avencera,1,3,2,5,2026-09-29,2026-10-06,all events except coverage rows
London,axicom,1,1,0,1,2026-09-29,2026-10-06,all events except coverage rows
London,banyansoftware,1,1,0,1,2026-09-29,2026-10-06,all events except coverage rows
London,bayswater,1,1,0,1,2026-09-29,2026-10-06,all events except coverage rows
London,bbva,-1,0,1,1,2026-09-29,2026-10-06,all events except coverage rows
London,birdandblendteaco,1,1,0,1,2026-09-29,2026-10-06,all events except coverage rows
London,blackstone,-1,1,2,3,2026-09-29,2026-10-06,all events except coverage rows
London,blacksunplc,-1,1,2,3,2026-09-29,2026-10-06,all events except coverage rows
London,blenheimchalcot,1,1,0,1,2026-09-29,2026-10-06,all events except coverage rows
London,boku,-1,0,1,1,2026-09-29,2026-10-06,all events except coverage rows
London,c3,1,1,0,1,2026-09-29,2026-10-06,all events except coverage rows
London,carrier,-1,0,1,1,2026-09-29,2026-10-06,all events except coverage rows
London,catapultsports,1,3,2,5,2026-09-29,2026-10-06,all events except coverage rows
London,cboe,1,1,0,1,2026-09-29,2026-10-06,all events except coverage rows
London,cc,-1,2,3,5,2026-09-29,2026-10-06,all events except coverage rows
London,charlesriverassociates,1,1,0,1,2026-09-29,2026-10-06,all events except coverage rows
London,cinder,1,1,0,1,2026-09-29,2026-10-06,all events except coverage rows
London,cision,-1,0,1,1,2026-09-29,2026-10-06,all events except coverage rows
London,civicmarketplace,1,1,0,1,2026-09-29,2026-10-06,all events except coverage rows
London,clarity,1,1,0,1,2026-09-29,2026-10-06,all events except coverage rows
London,codefirstgirls,-1,0,1,1,2026-09-29,2026-10-06,all events except coverage rows
London,coderabbit,-1,0,1,1,2026-09-29,2026-10-06,all events except coverage rows
London,comind,1,3,2,5,2026-09-29,2026-10-06,all events except coverage rows
London,complyadvantage,-1,0,1,1,2026-09-29,2026-10-06,all events except coverage rows
London,conduct,1,1,0,1,2026-09-29,2026-10-06,all events except coverage rows
London,convene,1,3,2,5,2026-09-29,2026-10-06,all events except coverage rows
London,copperco,-1,0,1,1,2026-09-29,2026-10-06,all events except coverage rows
London,coreuk,1,1,0,1,2026-09-29,2026-10-06,all events except coverage rows
London,creatio,1,1,0,1,2026-09-29,2026-10-06,all events except coverage rows
London,cullen-jewellery,1,1,0,1,2026-09-29,2026-10-06,all events except coverage rows
London,cuspai,1,1,0,1,2026-09-29,2026-10-06,all events except coverage rows
London,dLocal,-1,0,1,1,2026-09-29,2026-10-06,all events except coverage rows
London,datatonic,1,2,1,3,2026-09-29,2026-10-06,all events except coverage rows
London,deckers,-1,2,3,5,2026-09-29,2026-10-06,all events except coverage rows
London,deepsetai,-1,0,1,1,2026-09-29,2026-10-06,all events except coverage rows
London,diageo,-1,6,7,13,2026-09-29,2026-10-06,all events except coverage rows
London,disney,-1,4,5,9,2026-09-29,2026-10-06,all events except coverage rows
London,docebo,-1,0,1,1,2026-09-29,2026-10-06,all events except coverage rows
London,draftkings,-1,1,2,3,2026-09-29,2026-10-06,all events except coverage rows
London,dvtrading,1,1,0,1,2026-09-29,2026-10-06,all events except coverage rows
London,earthshotprize,1,1,0,1,2026-09-29,2026-10-06,all events except coverage rows
London,ebay,-1,0,1,1,2026-09-29,2026-10-06,all events except coverage rows
London,efficioconsulting,1,1,0,1,2026-09-29,2026-10-06,all events except coverage rows
London,elitetechnology,-1,0,1,1,2026-09-29,2026-10-06,all events except coverage rows
London,elliptic,-1,2,3,5,2026-09-29,2026-10-06,all events except coverage rows
London,emeraldx,-1,0,1,1,2026-09-29,2026-10-06,all events except coverage rows
London,envoy,1,1,0,1,2026-09-29,2026-10-06,all events except coverage rows
London,envoyglobalinc,1,1,0,1,2026-09-29,2026-10-06,all events except coverage rows
London,eqs-group,1,1,0,1,2026-09-29,2026-10-06,all events except coverage rows
London,erm,1,2,1,3,2026-09-29,2026-10-06,all events except coverage rows
London,everestre,-1,0,1,1,2026-09-29,2026-10-06,all events except coverage rows
London,fca,1,1,0,1,2026-09-29,2026-10-06,all events except coverage rows
London,fender,1,1,0,1,2026-09-29,2026-10-06,all events except coverage rows
London,fertifa,-1,0,1,1,2026-09-29,2026-10-06,all events except coverage rows
London,firstquantum,-1,0,1,1,2026-09-29,2026-10-06,all events except coverage rows
London,flagright.com,-1,0,1,1,2026-09-29,2026-10-06,all events except coverage rows
London,flowtraders,-1,0,1,1,2026-09-29,2026-10-06,all events except coverage rows
London,footballco,-1,0,1,1,2026-09-29,2026-10-06,all events except coverage rows
London,formulaone,1,1,0,1,2026-09-29,2026-10-06,all events except coverage rows
London,fractile,-1,0,1,1,2026-09-29,2026-10-06,all events except coverage rows
London,galaxydigitalservices,1,1,0,1,2026-09-29,2026-10-06,all events except coverage rows
London,geaerospace,1,1,0,1,2026-09-29,2026-10-06,all events except coverage rows
London,getground,-1,0,1,1,2026-09-29,2026-10-06,all events except coverage rows
London,gigaton,-1,1,2,3,2026-09-29,2026-10-06,all events except coverage rows
London,gigs,-1,0,1,1,2026-09-29,2026-10-06,all events except coverage rows
London,globalwebindex,-1,3,4,7,2026-09-29,2026-10-06,all events except coverage rows
London,gocardless,-1,1,2,3,2026-09-29,2026-10-06,all events except coverage rows
London,goodstack,1,2,1,3,2026-09-29,2026-10-06,all events except coverage rows
London,gsrmarkets,1,1,0,1,2026-09-29,2026-10-06,all events except coverage rows
London,hackerone,-1,0,1,1,2026-09-29,2026-10-06,all events except coverage rows
London,happyrobot.ai,1,1,0,1,2026-09-29,2026-10-06,all events except coverage rows
London,hawk,1,1,0,1,2026-09-29,2026-10-06,all events except coverage rows
London,heartflowinc,-1,0,1,1,2026-09-29,2026-10-06,all events except coverage rows
London,hook,1,2,1,3,2026-09-29,2026-10-06,all events except coverage rows
London,hotelco51,1,1,0,1,2026-09-29,2026-10-06,all events except coverage rows
London,howdenjoinerylimited,-1,0,1,1,2026-09-29,2026-10-06,all events except coverage rows
London,hp,-1,0,1,1,2026-09-29,2026-10-06,all events except coverage rows
London,hpe,1,1,0,1,2026-09-29,2026-10-06,all events except coverage rows
London,huntington,1,1,0,1,2026-09-29,2026-10-06,all events except coverage rows
London,hypervision-surgical,-1,0,1,1,2026-09-29,2026-10-06,all events except coverage rows
London,hypervolt,1,1,0,1,2026-09-29,2026-10-06,all events except coverage rows
London,iCapital,1,1,0,1,2026-09-29,2026-10-06,all events except coverage rows
London,icp-globalcareers,1,1,0,1,2026-09-29,2026-10-06,all events except coverage rows
London,iges-institut-gmbh,-1,0,1,1,2026-09-29,2026-10-06,all events except coverage rows
London,ikpartners,-1,0,1,1,2026-09-29,2026-10-06,all events except coverage rows
London,ing,-1,2,3,5,2026-09-29,2026-10-06,all events except coverage rows
London,inizio,1,1,0,1,2026-09-29,2026-10-06,all events except coverage rows
London,insiteenergy,1,1,0,1,2026-09-29,2026-10-06,all events except coverage rows
London,instadeep,-1,0,1,1,2026-09-29,2026-10-06,all events except coverage rows
London,insuranceinsider,1,1,0,1,2026-09-29,2026-10-06,all events except coverage rows
London,integralads,1,2,1,3,2026-09-29,2026-10-06,all events except coverage rows
London,interworks,-1,0,1,1,2026-09-29,2026-10-06,all events except coverage rows
London,invesco,1,2,1,3,2026-09-29,2026-10-06,all events except coverage rows
London,ip-house,-1,0,1,1,2026-09-29,2026-10-06,all events except coverage rows
London,iqvia,1,7,6,13,2026-09-29,2026-10-06,all events except coverage rows
London,irisworldwide,-1,0,1,1,2026-09-29,2026-10-06,all events except coverage rows
London,isometric,1,1,0,1,2026-09-29,2026-10-06,all events except coverage rows
London,issgovernance,-1,0,1,1,2026-09-29,2026-10-06,all events except coverage rows
London,jajafinance,1,1,0,1,2026-09-29,2026-10-06,all events except coverage rows
London,jmanuel,-1,0,1,1,2026-09-29,2026-10-06,all events except coverage rows
London,juliusbaer,-1,0,1,1,2026-09-29,2026-10-06,all events except coverage rows
London,junolegal,-1,0,1,1,2026-09-29,2026-10-06,all events except coverage rows
London,kantar,1,1,0,1,2026-09-29,2026-10-06,all events except coverage rows
London,keyfactorinc,1,1,0,1,2026-09-29,2026-10-06,all events except coverage rows
London,lawhive,1,2,1,3,2026-09-29,2026-10-06,all events except coverage rows
London,lemfi,-1,3,4,7,2026-09-29,2026-10-06,all events except coverage rows
London,lightningai,-1,0,1,1,2026-09-29,2026-10-06,all events except coverage rows
London,lilt-corporate,1,1,0,1,2026-09-29,2026-10-06,all events except coverage rows
London,logicgate,1,1,0,1,2026-09-29,2026-10-06,all events except coverage rows
London,lokainc,-1,0,1,1,2026-09-29,2026-10-06,all events except coverage rows
London,lovable,1,3,2,5,2026-09-29,2026-10-06,all events except coverage rows
London,ltkuk,-1,0,1,1,2026-09-29,2026-10-06,all events except coverage rows
London,lubbockfine,-1,0,1,1,2026-09-29,2026-10-06,all events except coverage rows
London,luminarybakery,1,2,1,3,2026-09-29,2026-10-06,all events except coverage rows
London,m-kopa,1,1,0,1,2026-09-29,2026-10-06,all events except coverage rows
London,medtronic,1,2,1,3,2026-09-29,2026-10-06,all events except coverage rows
London,michelinhr,-1,0,1,1,2026-09-29,2026-10-06,all events except coverage rows
London,mirakl,-1,1,2,3,2026-09-29,2026-10-06,all events except coverage rows
London,modulrfinance,1,3,2,5,2026-09-29,2026-10-06,all events except coverage rows
London,mollie,1,1,0,1,2026-09-29,2026-10-06,all events except coverage rows
London,mosaic,-1,0,1,1,2026-09-29,2026-10-06,all events except coverage rows
London,moversshakers,-1,0,1,1,2026-09-29,2026-10-06,all events except coverage rows
London,msfg,1,1,0,1,2026-09-29,2026-10-06,all events except coverage rows
London,mtb,1,1,0,1,2026-09-29,2026-10-06,all events except coverage rows
London,mubi,-1,0,1,1,2026-09-29,2026-10-06,all events except coverage rows
London,myhrabc,1,2,1,3,2026-09-29,2026-10-06,all events except coverage rows
London,nflcareers,1,1,0,1,2026-09-29,2026-10-06,all events except coverage rows
London,nike,-1,0,1,1,2026-09-29,2026-10-06,all events except coverage rows
London,nmcareers,-1,0,1,1,2026-09-29,2026-10-06,all events except coverage rows
London,nrf,-1,1,2,3,2026-09-29,2026-10-06,all events except coverage rows
London,nttlimited,-1,0,1,1,2026-09-29,2026-10-06,all events except coverage rows
London,octus,1,2,1,3,2026-09-29,2026-10-06,all events except coverage rows
London,ofcom,1,1,0,1,2026-09-29,2026-10-06,all events except coverage rows
London,officernd,1,1,0,1,2026-09-29,2026-10-06,all events except coverage rows
London,oliverparks,-1,0,1,1,2026-09-29,2026-10-06,all events except coverage rows
London,oneteamonedream,1,1,0,1,2026-09-29,2026-10-06,all events except coverage rows
London,optimove,-1,0,1,1,2026-09-29,2026-10-06,all events except coverage rows
London,pallet,1,3,2,5,2026-09-29,2026-10-06,all events except coverage rows
London,pantheonpublic,-1,2,3,5,2026-09-29,2026-10-06,all events except coverage rows
London,partly.com,1,1,0,1,2026-09-29,2026-10-06,all events except coverage rows
London,pcsi,1,1,0,1,2026-09-29,2026-10-06,all events except coverage rows
London,pernodricard,-1,0,1,1,2026-09-29,2026-10-06,all events except coverage rows
London,physicsx,-1,2,3,5,2026-09-29,2026-10-06,all events except coverage rows
London,picoquantitativetrading,-1,0,1,1,2026-09-29,2026-10-06,all events except coverage rows
London,pleo,-1,3,4,7,2026-09-29,2026-10-06,all events except coverage rows
London,pmguk,-1,0,1,1,2026-09-29,2026-10-06,all events except coverage rows
London,proofpoint,1,1,0,1,2026-09-29,2026-10-06,all events except coverage rows
London,prysmiangroup,1,1,0,1,2026-09-29,2026-10-06,all events except coverage rows
London,pwc,-1,0,1,1,2026-09-29,2026-10-06,all events except coverage rows
London,pzcussons,1,1,0,1,2026-09-29,2026-10-06,all events except coverage rows
London,qs,1,1,0,1,2026-09-29,2026-10-06,all events except coverage rows
London,quadraturecapital,-1,0,1,1,2026-09-29,2026-10-06,all events except coverage rows
London,quadreal,-1,0,1,1,2026-09-29,2026-10-06,all events except coverage rows
London,reflectionai,-1,0,1,1,2026-09-29,2026-10-06,all events except coverage rows
London,remitly,1,2,1,3,2026-09-29,2026-10-06,all events except coverage rows
London,renaissancelearning-emea,1,1,0,1,2026-09-29,2026-10-06,all events except coverage rows
London,revloncorporate,-1,0,1,1,2026-09-29,2026-10-06,all events except coverage rows
London,rillet,1,1,0,1,2026-09-29,2026-10-06,all events except coverage rows
London,rothschildandco,1,1,0,1,2026-09-29,2026-10-06,all events except coverage rows
London,runway-ml,1,1,0,1,2026-09-29,2026-10-06,all events except coverage rows
London,russell,1,1,0,1,2026-09-29,2026-10-06,all events except coverage rows
London,savanta,-1,0,1,1,2026-09-29,2026-10-06,all events except coverage rows
London,schonfeld,1,3,2,5,2026-09-29,2026-10-06,all events except coverage rows
London,seccl,1,1,0,1,2026-09-29,2026-10-06,all events except coverage rows
London,secretariatadvisorsllc,-1,0,1,1,2026-09-29,2026-10-06,all events except coverage rows
London,seesaw,1,1,0,1,2026-09-29,2026-10-06,all events except coverage rows
London,sgservices,1,1,0,1,2026-09-29,2026-10-06,all events except coverage rows
London,showpad,-1,0,1,1,2026-09-29,2026-10-06,all events except coverage rows
London,simcorp,1,1,0,1,2026-09-29,2026-10-06,all events except coverage rows
London,smartlyio,-1,0,1,1,2026-09-29,2026-10-06,all events except coverage rows
London,smiletrain,-1,0,1,1,2026-09-29,2026-10-06,all events except coverage rows
London,sona,1,1,0,1,2026-09-29,2026-10-06,all events except coverage rows
London,spaice-tech,1,1,0,1,2026-09-29,2026-10-06,all events except coverage rows
London,srtmarine,-1,0,1,1,2026-09-29,2026-10-06,all events except coverage rows
London,strider-technologies,1,1,0,1,2026-09-29,2026-10-06,all events except coverage rows
London,swarovski,1,1,0,1,2026-09-29,2026-10-06,all events except coverage rows
London,swift,-1,0,1,1,2026-09-29,2026-10-06,all events except coverage rows
London,synechron,1,1,0,1,2026-09-29,2026-10-06,all events except coverage rows
London,talentneuroncareers,1,1,0,1,2026-09-29,2026-10-06,all events except coverage rows
London,talkdesk2,-1,0,1,1,2026-09-29,2026-10-06,all events except coverage rows
London,talos-trading,-1,0,1,1,2026-09-29,2026-10-06,all events except coverage rows
London,tapcart,-1,0,1,1,2026-09-29,2026-10-06,all events except coverage rows
London,techholding,-1,0,1,1,2026-09-29,2026-10-06,all events except coverage rows
London,the7starsbc,-1,0,1,1,2026-09-29,2026-10-06,all events except coverage rows
London,theapexgroup,1,1,0,1,2026-09-29,2026-10-06,all events except coverage rows
London,thehartford,1,2,1,3,2026-09-29,2026-10-06,all events except coverage rows
London,theirc,1,1,0,1,2026-09-29,2026-10-06,all events except coverage rows
London,theknotworldwide,1,1,0,1,2026-09-29,2026-10-06,all events except coverage rows
London,thewhispergroup,-1,0,1,1,2026-09-29,2026-10-06,all events except coverage rows
London,tiaa,-1,3,4,7,2026-09-29,2026-10-06,all events except coverage rows
London,tjx,1,2,1,3,2026-09-29,2026-10-06,all events except coverage rows
London,tonies,-1,0,1,1,2026-09-29,2026-10-06,all events except coverage rows
London,topsort,-1,0,1,1,2026-09-29,2026-10-06,all events except coverage rows
London,tortus,-1,0,1,1,2026-09-29,2026-10-06,all events except coverage rows
London,toryburch,-1,0,1,1,2026-09-29,2026-10-06,all events except coverage rows
London,totalpoliticsgroup,1,1,0,1,2026-09-29,2026-10-06,all events except coverage rows
London,tradedoubler-en,-1,0,1,1,2026-09-29,2026-10-06,all events except coverage rows
London,travelzoo,-1,0,1,1,2026-09-29,2026-10-06,all events except coverage rows
London,trilogy,1,1,0,1,2026-09-29,2026-10-06,all events except coverage rows
London,trinitycollege,-1,0,1,1,2026-09-29,2026-10-06,all events except coverage rows
London,triplepointllp,1,3,2,5,2026-09-29,2026-10-06,all events except coverage rows
London,twelvenyc,1,1,0,1,2026-09-29,2026-10-06,all events except coverage rows
London,unframe,1,1,0,1,2026-09-29,2026-10-06,all events except coverage rows
London,unitedagents,-1,0,1,1,2026-09-29,2026-10-06,all events except coverage rows
London,unity-advisory,-1,2,3,5,2026-09-29,2026-10-06,all events except coverage rows
London,usbank,1,2,1,3,2026-09-29,2026-10-06,all events except coverage rows
London,varicent,-1,0,1,1,2026-09-29,2026-10-06,all events except coverage rows
London,verto,-1,0,1,1,2026-09-29,2026-10-06,all events except coverage rows
London,verve,1,1,0,1,2026-09-29,2026-10-06,all events except coverage rows
London,vilgain,-1,0,1,1,2026-09-29,2026-10-06,all events except coverage rows
London,virtuozzo,-1,0,1,1,2026-09-29,2026-10-06,all events except coverage rows
London,warnerbros,-1,1,2,3,2026-09-29,2026-10-06,all events except coverage rows
London,wellington,1,2,1,3,2026-09-29,2026-10-06,all events except coverage rows
London,wexinc,-1,0,1,1,2026-09-29,2026-10-06,all events except coverage rows
London,whalarinc,1,1,0,1,2026-09-29,2026-10-06,all events except coverage rows
London,wiley,1,1,0,1,2026-09-29,2026-10-06,all events except coverage rows
London,xynteo,-1,0,1,1,2026-09-29,2026-10-06,all events except coverage rows
London,yepoda,-1,0,1,1,2026-09-29,2026-10-06,all events except coverage rows
London,zyngacareers,-1,0,1,1,2026-09-29,2026-10-06,all events except coverage rows
London,AlphaSense,0,2,2,4,2026-09-29,2026-10-06,all events except coverage rows
London,AlphaSights,0,1,1,2,2026-09-29,2026-10-06,all events except coverage rows
London,Appian Corporation,0,1,1,2,2026-09-29,2026-10-06,all events except coverage rows
London,AvePoint,0,1,1,2,2026-09-29,2026-10-06,all events except coverage rows
London,Carta,0,2,2,4,2026-09-29,2026-10-06,all events except coverage rows
London,Cognism,0,1,1,2,2026-09-29,2026-10-06,all events except coverage rows
London,Control Risks,0,2,2,4,2026-09-29,2026-10-06,all events except coverage rows
London,Faire,0,1,1,2,2026-09-29,2026-10-06,all events except coverage rows
London,Figma,0,2,2,4,2026-09-29,2026-10-06,all events except coverage rows
London,G MASS,0,2,2,4,2026-09-29,2026-10-06,all events except coverage rows
London,Gong.io,0,1,1,2,2026-09-29,2026-10-06,all events except coverage rows
London,Journey,0,1,1,2,2026-09-29,2026-10-06,all events except coverage rows
London,Private Equity Insights,0,1,1,2,2026-09-29,2026-10-06,all events except coverage rows
London,Samsara,0,2,2,4,2026-09-29,2026-10-06,all events except coverage rows
London,Side,0,2,2,4,2026-09-29,2026-10-06,all events except coverage rows
London,Sierra,0,1,1,2,2026-09-29,2026-10-06,all events except coverage rows
London,Speechify,0,1,1,2,2026-09-29,2026-10-06,all events except coverage rows
London,Tripadvisor,0,2,2,4,2026-09-29,2026-10-06,all events except coverage rows
London,Universal,0,1,1,2,2026-09-29,2026-10-06,all events except coverage rows
London,Valtech,0,2,2,4,2026-09-29,2026-10-06,all events except coverage rows
London,Vonage,0,1,1,2,2026-09-29,2026-10-06,all events except coverage rows
London,Zeta Global,0,1,1,2,2026-09-29,2026-10-06,all events except coverage rows
London,adobe,0,1,1,2,2026-09-29,2026-10-06,all events except coverage rows
London,airspeed,0,1,1,2,2026-09-29,2026-10-06,all events except coverage rows
London,barings,0,1,1,2,2026-09-29,2026-10-06,all events except coverage rows
London,ben,0,2,2,4,2026-09-29,2026-10-06,all events except coverage rows
London,bibliu,0,1,1,2,2026-09-29,2026-10-06,all events except coverage rows
London,bigcommerce,0,1,1,2,2026-09-29,2026-10-06,all events except coverage rows
London,billigence,0,1,1,2,2026-09-29,2026-10-06,all events except coverage rows
London,bluecrestcapitalmanagement,0,2,2,4,2026-09-29,2026-10-06,all events except coverage rows
London,caa,0,2,2,4,2026-09-29,2026-10-06,all events except coverage rows
London,capgroup,0,2,2,4,2026-09-29,2026-10-06,all events except coverage rows
London,capstoneinvestmentadvisors,0,2,2,4,2026-09-29,2026-10-06,all events except coverage rows
London,careersdeltacapita,0,6,6,12,2026-09-29,2026-10-06,all events except coverage rows
London,carwow,0,2,2,4,2026-09-29,2026-10-06,all events except coverage rows
London,cisco,0,1,1,2,2026-09-29,2026-10-06,all events except coverage rows
London,commercetools,0,1,1,2,2026-09-29,2026-10-06,all events except coverage rows
London,crunchyroll,0,1,1,2,2026-09-29,2026-10-06,all events except coverage rows
London,dotfile,0,1,1,2,2026-09-29,2026-10-06,all events except coverage rows
London,duffel,0,1,1,2,2026-09-29,2026-10-06,all events except coverage rows
London,encord,0,4,4,8,2026-09-29,2026-10-06,all events except coverage rows
London,flowengineering,0,1,1,2,2026-09-29,2026-10-06,all events except coverage rows
London,fmr,0,1,1,2,2026-09-29,2026-10-06,all events except coverage rows
London,gevernova,0,1,1,2,2026-09-29,2026-10-06,all events except coverage rows
London,hawkeyeinnovations,0,1,1,2,2026-09-29,2026-10-06,all events except coverage rows
London,hitachi,0,2,2,4,2026-09-29,2026-10-06,all events except coverage rows
London,insurtechinsights,0,1,1,2,2026-09-29,2026-10-06,all events except coverage rows
London,iwoca.co.uk,0,3,3,6,2026-09-29,2026-10-06,all events except coverage rows
London,jeranexbp,0,2,2,4,2026-09-29,2026-10-06,all events except coverage rows
London,kone,0,1,1,2,2026-09-29,2026-10-06,all events except coverage rows
London,landtech,0,1,1,2,2026-09-29,2026-10-06,all events except coverage rows
London,lawdeb,0,1,1,2,2026-09-29,2026-10-06,all events except coverage rows
London,lendable,0,12,12,24,2026-09-29,2026-10-06,all events except coverage rows
London,manulife,0,1,1,2,2026-09-29,2026-10-06,all events except coverage rows
London,metaview,0,1,1,2,2026-09-29,2026-10-06,all events except coverage rows
London,nb,0,1,1,2,2026-09-29,2026-10-06,all events except coverage rows
London,optro,0,2,2,4,2026-09-29,2026-10-06,all events except coverage rows
London,peppy,0,1,1,2,2026-09-29,2026-10-06,all events except coverage rows
London,pipersandler,0,1,1,2,2026-09-29,2026-10-06,all events except coverage rows
London,prolific,0,1,1,2,2026-09-29,2026-10-06,all events except coverage rows
London,pru,0,2,2,4,2026-09-29,2026-10-06,all events except coverage rows
London,rogo,0,1,1,2,2026-09-29,2026-10-06,all events except coverage rows
London,sailgp,0,1,1,2,2026-09-29,2026-10-06,all events except coverage rows
London,sayari,0,1,1,2,2026-09-29,2026-10-06,all events except coverage rows
London,schoolspace,0,1,1,2,2026-09-29,2026-10-06,all events except coverage rows
London,skechers,0,3,3,6,2026-09-29,2026-10-06,all events except coverage rows
London,skyportsdeliveries-limited,0,1,1,2,2026-09-29,2026-10-06,all events except coverage rows
London,snapchat,0,1,1,2,2026-09-29,2026-10-06,all events except coverage rows
London,spauldingridge,0,1,1,2,2026-09-29,2026-10-06,all events except coverage rows
London,springernature,0,1,1,2,2026-09-29,2026-10-06,all events except coverage rows
London,taketwo,0,1,1,2,2026-09-29,2026-10-06,all events except coverage rows
London,tapestry,0,1,1,2,2026-09-29,2026-10-06,all events except coverage rows
London,thirdfort,0,1,1,2,2026-09-29,2026-10-06,all events except coverage rows
London,trading212,0,1,1,2,2026-09-29,2026-10-06,all events except coverage rows
London,verneglobal,0,1,1,2,2026-09-29,2026-10-06,all events except coverage rows
London,vertage,0,1,1,2,2026-09-29,2026-10-06,all events except coverage rows
London,xtxmarketstechnologies,0,1,1,2,2026-09-29,2026-10-06,all events except coverage rows
London,zuora,0,1,1,2,2026-09-29,2026-10-06,all events except coverage rows
Los Angeles,usc,-39,41,80,121,2026-09-29,2026-10-06,all events except coverage rows
Los Angeles,careers,14,15,1,16,2026-09-29,2026-10-06,all events except coverage rows
Los Angeles,j,-12,13,25,38,2026-09-29,2026-10-06,all events except coverage rows
Los Angeles,"Apex Technology, Inc.",11,19,8,27,2026-09-29,2026-10-06,all events except coverage rows
Los Angeles,Hadrian Automation,-10,12,22,34,2026-09-29,2026-10-06,all events except coverage rows
Los Angeles,capgroup,9,10,1,11,2026-09-29,2026-10-06,all events except coverage rows
Los Angeles,o2epcminc,-8,1,9,10,2026-09-29,2026-10-06,all events except coverage rows
Los Angeles,Riot Games,7,18,11,29,2026-09-29,2026-10-06,all events except coverage rows
Los Angeles,crunchyroll,7,10,3,13,2026-09-29,2026-10-06,all events except coverage rows
Los Angeles,rsm,-7,3,10,13,2026-09-29,2026-10-06,all events except coverage rows
Los Angeles,nordstrom,-6,14,20,34,2026-09-29,2026-10-06,all events except coverage rows
Los Angeles,Reformation,5,5,0,5,2026-09-29,2026-10-06,all events except coverage rows
Los Angeles,AEG Worldwide,-4,5,9,14,2026-09-29,2026-10-06,all events except coverage rows
Los Angeles,General Matter,4,5,1,6,2026-09-29,2026-10-06,all events except coverage rows
Los Angeles,tubitv,4,4,0,4,2026-09-29,2026-10-06,all events except coverage rows
Los Angeles,usbank,4,5,1,6,2026-09-29,2026-10-06,all events except coverage rows
Los Angeles,Antares,-3,4,7,11,2026-09-29,2026-10-06,all events except coverage rows
Los Angeles,CHAOS Industries,-3,0,3,3,2026-09-29,2026-10-06,all events except coverage rows
Los Angeles,Glossier,-3,0,3,3,2026-09-29,2026-10-06,all events except coverage rows
Los Angeles,K2 Space,3,4,1,5,2026-09-29,2026-10-06,all events except coverage rows
Los Angeles,Madison Reed,3,3,0,3,2026-09-29,2026-10-06,all events except coverage rows
Los Angeles,Oldcastle BuildingEnvelope,3,3,0,3,2026-09-29,2026-10-06,all events except coverage rows
Los Angeles,One Medical,-3,0,3,3,2026-09-29,2026-10-06,all events except coverage rows
Los Angeles,WelbeHealth,-3,0,3,3,2026-09-29,2026-10-06,all events except coverage rows
Los Angeles,altamed,3,16,13,29,2026-09-29,2026-10-06,all events except coverage rows
Los Angeles,altruist,-3,3,6,9,2026-09-29,2026-10-06,all events except coverage rows
Los Angeles,caa,-3,3,6,9,2026-09-29,2026-10-06,all events except coverage rows
Los Angeles,cc,3,3,0,3,2026-09-29,2026-10-06,all events except coverage rows
Los Angeles,claritypediatrics,-3,0,3,3,2026-09-29,2026-10-06,all events except coverage rows
Los Angeles,jennikayne,3,3,0,3,2026-09-29,2026-10-06,all events except coverage rows
Los Angeles,ribolifamilywines,3,4,1,5,2026-09-29,2026-10-06,all events except coverage rows
Los Angeles,snapchat,3,7,4,11,2026-09-29,2026-10-06,all events except coverage rows
Los Angeles,stryker,3,3,0,3,2026-09-29,2026-10-06,all events except coverage rows
Los Angeles,stubhubinc,3,3,0,3,2026-09-29,2026-10-06,all events except coverage rows
Los Angeles,tmobile,-3,0,3,3,2026-09-29,2026-10-06,all events except coverage rows
Los Angeles,united-talent-agency,3,6,3,9,2026-09-29,2026-10-06,all events except coverage rows
Los Angeles,wf,3,8,5,13,2026-09-29,2026-10-06,all events except coverage rows
Los Angeles,2020companies,2,3,1,4,2026-09-29,2026-10-06,all events except coverage rows
Los Angeles,Carvana,-2,0,2,2,2026-09-29,2026-10-06,all events except coverage rows
Los Angeles,Compass,-2,0,2,2,2026-09-29,2026-10-06,all events except coverage rows
Los Angeles,Control Risks,-2,0,2,2,2026-09-29,2026-10-06,all events except coverage rows
Los Angeles,Flexport,-2,0,2,2,2026-09-29,2026-10-06,all events except coverage rows
Los Angeles,Harness,2,2,0,2,2026-09-29,2026-10-06,all events except coverage rows
Los Angeles,LENS Inc.,2,2,0,2,2026-09-29,2026-10-06,all events except coverage rows
Los Angeles,Launch Potato,-2,0,2,2,2026-09-29,2026-10-06,all events except coverage rows
Los Angeles,MediaAlpha,-2,0,2,2,2026-09-29,2026-10-06,all events except coverage rows
Los Angeles,Pure,2,3,1,4,2026-09-29,2026-10-06,all events except coverage rows
Los Angeles,SPS North America,2,2,0,2,2026-09-29,2026-10-06,all events except coverage rows
Los Angeles,System1,-2,0,2,2,2026-09-29,2026-10-06,all events except coverage rows
Los Angeles,Taboola,2,3,1,4,2026-09-29,2026-10-06,all events except coverage rows
Los Angeles,adobe,-2,0,2,2,2026-09-29,2026-10-06,all events except coverage rows
Los Angeles,allied-global-marketing,2,2,0,2,2026-09-29,2026-10-06,all events except coverage rows
Los Angeles,crihelp,2,2,0,2,2026-09-29,2026-10-06,all events except coverage rows
Los Angeles,eaton,2,2,0,2,2026-09-29,2026-10-06,all events except coverage rows
Los Angeles,gtslivingfoods,-2,4,6,10,2026-09-29,2026-10-06,all events except coverage rows
Los Angeles,guggenheim,-2,0,2,2,2026-09-29,2026-10-06,all events except coverage rows
Los Angeles,jacquemus,2,2,0,2,2026-09-29,2026-10-06,all events except coverage rows
Los Angeles,metropolis,-2,0,2,2,2026-09-29,2026-10-06,all events except coverage rows
Los Angeles,moversshakers,-2,0,2,2,2026-09-29,2026-10-06,all events except coverage rows
Los Angeles,nen-creative,2,3,1,4,2026-09-29,2026-10-06,all events except coverage rows
Los Angeles,netflix,-2,1,3,4,2026-09-29,2026-10-06,all events except coverage rows
Los Angeles,nike,2,2,0,2,2026-09-29,2026-10-06,all events except coverage rows
Los Angeles,observable-space,-2,1,3,4,2026-09-29,2026-10-06,all events except coverage rows
Los Angeles,sinaiakiba,-2,0,2,2,2026-09-29,2026-10-06,all events except coverage rows
Los Angeles,spothopper,-2,0,2,2,2026-09-29,2026-10-06,all events except coverage rows
Los Angeles,sunco-lighting,-2,0,2,2,2026-09-29,2026-10-06,all events except coverage rows
Los Angeles,uhaul,-2,0,2,2,2026-09-29,2026-10-06,all events except coverage rows
Los Angeles,umusic,2,3,1,4,2026-09-29,2026-10-06,all events except coverage rows
Los Angeles,ALO,-1,0,1,1,2026-09-29,2026-10-06,all events except coverage rows
Los Angeles,Advantmed,1,1,0,1,2026-09-29,2026-10-06,all events except coverage rows
Los Angeles,AtriCure,-1,0,1,1,2026-09-29,2026-10-06,all events except coverage rows
Los Angeles,Axogen,-1,0,1,1,2026-09-29,2026-10-06,all events except coverage rows
Los Angeles,Axon,-1,0,1,1,2026-09-29,2026-10-06,all events except coverage rows
Los Angeles,Barnes &amp; Thornburg LLP,-1,0,1,1,2026-09-29,2026-10-06,all events except coverage rows
Los Angeles,BillionToOne,1,1,0,1,2026-09-29,2026-10-06,all events except coverage rows
Los Angeles,"Blew & Associates, P.A.",1,1,0,1,2026-09-29,2026-10-06,all events except coverage rows
Los Angeles,Block,1,1,0,1,2026-09-29,2026-10-06,all events except coverage rows
Los Angeles,Box,1,1,0,1,2026-09-29,2026-10-06,all events except coverage rows
Los Angeles,BuildOps,-1,1,2,3,2026-09-29,2026-10-06,all events except coverage rows
Los Angeles,Cesna Recruitment,1,1,0,1,2026-09-29,2026-10-06,all events except coverage rows
Los Angeles,Clera,-1,1,2,3,2026-09-29,2026-10-06,all events except coverage rows
Los Angeles,CookUnity,1,2,1,3,2026-09-29,2026-10-06,all events except coverage rows
Los Angeles,CoreWeave,1,1,0,1,2026-09-29,2026-10-06,all events except coverage rows
Los Angeles,D3,1,1,0,1,2026-09-29,2026-10-06,all events except coverage rows
Los Angeles,DISCO,-1,0,1,1,2026-09-29,2026-10-06,all events except coverage rows
Los Angeles,DoorDash USA,1,1,0,1,2026-09-29,2026-10-06,all events except coverage rows
Los Angeles,EOS,1,1,0,1,2026-09-29,2026-10-06,all events except coverage rows
Los Angeles,Everpure,-1,0,1,1,2026-09-29,2026-10-06,all events except coverage rows
Los Angeles,Fuku,-1,0,1,1,2026-09-29,2026-10-06,all events except coverage rows
Los Angeles,Geeks on Site,-1,0,1,1,2026-09-29,2026-10-06,all events except coverage rows
Los Angeles,Glean,-1,0,1,1,2026-09-29,2026-10-06,all events except coverage rows
Los Angeles,Greenlife Healthcare Staffing,-1,0,1,1,2026-09-29,2026-10-06,all events except coverage rows
Los Angeles,Hasbro,-1,0,1,1,2026-09-29,2026-10-06,all events except coverage rows
Los Angeles,Jensen Hughes,1,1,0,1,2026-09-29,2026-10-06,all events except coverage rows
Los Angeles,Keywords Studios,1,1,0,1,2026-09-29,2026-10-06,all events except coverage rows
Los Angeles,Klaviyo,1,2,1,3,2026-09-29,2026-10-06,all events except coverage rows
Los Angeles,LA28 (Web),-1,11,12,23,2026-09-29,2026-10-06,all events except coverage rows
Los Angeles,Lincoln Property Company,1,1,0,1,2026-09-29,2026-10-06,all events except coverage rows
Los Angeles,Lush Handmade Cosmetics,1,1,0,1,2026-09-29,2026-10-06,all events except coverage rows
Los Angeles,MRG Exams,1,1,0,1,2026-09-29,2026-10-06,all events except coverage rows
Los Angeles,Mixpanel,-1,0,1,1,2026-09-29,2026-10-06,all events except coverage rows
Los Angeles,Monks,1,3,2,5,2026-09-29,2026-10-06,all events except coverage rows
Los Angeles,"Morgan & Morgan, P.A.",-1,0,1,1,2026-09-29,2026-10-06,all events except coverage rows
Los Angeles,MrBeast,1,1,0,1,2026-09-29,2026-10-06,all events except coverage rows
Los Angeles,NVE Experience Agency,1,2,1,3,2026-09-29,2026-10-06,all events except coverage rows
Los Angeles,Navan,-1,0,1,1,2026-09-29,2026-10-06,all events except coverage rows
Los Angeles,Octave,-1,0,1,1,2026-09-29,2026-10-06,all events except coverage rows
Los Angeles,Okta,1,1,0,1,2026-09-29,2026-10-06,all events except coverage rows
Los Angeles,On,-1,0,1,1,2026-09-29,2026-10-06,all events except coverage rows
Los Angeles,OpenTable,-1,0,1,1,2026-09-29,2026-10-06,all events except coverage rows
Los Angeles,Oportun,1,1,0,1,2026-09-29,2026-10-06,all events except coverage rows
Los Angeles,Oscar Health,-1,0,1,1,2026-09-29,2026-10-06,all events except coverage rows
Los Angeles,Otter.ai,1,1,0,1,2026-09-29,2026-10-06,all events except coverage rows
Los Angeles,Outset Medical,1,1,0,1,2026-09-29,2026-10-06,all events except coverage rows
Los Angeles,Pacific Health Group,-1,0,1,1,2026-09-29,2026-10-06,all events except coverage rows
Los Angeles,Pavago,1,1,0,1,2026-09-29,2026-10-06,all events except coverage rows
Los Angeles,Reddit,1,2,1,3,2026-09-29,2026-10-06,all events except coverage rows
Los Angeles,Resource Innovations,1,1,0,1,2026-09-29,2026-10-06,all events except coverage rows
Los Angeles,Ridealso,1,1,0,1,2026-09-29,2026-10-06,all events except coverage rows
Los Angeles,Rockstar,-1,0,1,1,2026-09-29,2026-10-06,all events except coverage rows
Los Angeles,SharkNinja,-1,0,1,1,2026-09-29,2026-10-06,all events except coverage rows
Los Angeles,Silverado,1,4,3,7,2026-09-29,2026-10-06,all events except coverage rows
Los Angeles,Skilled Wound Care,-1,0,1,1,2026-09-29,2026-10-06,all events except coverage rows
Los Angeles,Snowflake,1,1,0,1,2026-09-29,2026-10-06,all events except coverage rows
Los Angeles,Specialty1 Partners,-1,0,1,1,2026-09-29,2026-10-06,all events except coverage rows
Los Angeles,Spotify,-1,2,3,5,2026-09-29,2026-10-06,all events except coverage rows
Los Angeles,Svetness Personal Training,1,1,0,1,2026-09-29,2026-10-06,all events except coverage rows
Los Angeles,Syska Hennessy Group,1,1,0,1,2026-09-29,2026-10-06,all events except coverage rows
Los Angeles,TELUS Digital,-1,0,1,1,2026-09-29,2026-10-06,all events except coverage rows
Los Angeles,The Trade Desk,-1,1,2,3,2026-09-29,2026-10-06,all events except coverage rows
Los Angeles,Tiger Analytics Inc.,-1,0,1,1,2026-09-29,2026-10-06,all events except coverage rows
Los Angeles,TransPerfect,-1,0,1,1,2026-09-29,2026-10-06,all events except coverage rows
Los Angeles,Verkada,-1,0,1,1,2026-09-29,2026-10-06,all events except coverage rows
Los Angeles,Viant Technology,-1,0,1,1,2026-09-29,2026-10-06,all events except coverage rows
Los Angeles,WPP Media,1,1,0,1,2026-09-29,2026-10-06,all events except coverage rows
Los Angeles,accendra,1,1,0,1,2026-09-29,2026-10-06,all events except coverage rows
Los Angeles,aggreko,-1,1,2,3,2026-09-29,2026-10-06,all events except coverage rows
Los Angeles,akidolabs,-1,0,1,1,2026-09-29,2026-10-06,all events except coverage rows
Los Angeles,allegion,1,1,0,1,2026-09-29,2026-10-06,all events except coverage rows
Los Angeles,aninebing,-1,0,1,1,2026-09-29,2026-10-06,all events except coverage rows
Los Angeles,anysignal,-1,0,1,1,2026-09-29,2026-10-06,all events except coverage rows
Los Angeles,archgroup,1,1,0,1,2026-09-29,2026-10-06,all events except coverage rows
Los Angeles,aresmgmt,1,3,2,5,2026-09-29,2026-10-06,all events except coverage rows
Los Angeles,aritzia,-1,0,1,1,2026-09-29,2026-10-06,all events except coverage rows
Los Angeles,asmglobal,-1,1,2,3,2026-09-29,2026-10-06,all events except coverage rows
Los Angeles,assetliving,-1,0,1,1,2026-09-29,2026-10-06,all events except coverage rows
Los Angeles,athenago,1,1,0,1,2026-09-29,2026-10-06,all events except coverage rows
Los Angeles,authenticbrandsgroup,1,1,0,1,2026-09-29,2026-10-06,all events except coverage rows
Los Angeles,axs,-1,1,2,3,2026-09-29,2026-10-06,all events except coverage rows
Los Angeles,beamca,-1,0,1,1,2026-09-29,2026-10-06,all events except coverage rows
Los Angeles,bettinghero,-1,0,1,1,2026-09-29,2026-10-06,all events except coverage rows
Los Angeles,cafairplan,1,3,2,5,2026-09-29,2026-10-06,all events except coverage rows
Los Angeles,cbcrc,-1,0,1,1,2026-09-29,2026-10-06,all events except coverage rows
Los Angeles,centerfield,-1,0,1,1,2026-09-29,2026-10-06,all events except coverage rows
Los Angeles,centerforemploymentopportunities,1,1,0,1,2026-09-29,2026-10-06,all events except coverage rows
Los Angeles,cineverse,-1,0,1,1,2026-09-29,2026-10-06,all events except coverage rows
Los Angeles,citadelcpm,-1,0,1,1,2026-09-29,2026-10-06,all events except coverage rows
Los Angeles,clinicaromero,1,4,3,7,2026-09-29,2026-10-06,all events except coverage rows
Los Angeles,collegetrack,1,1,0,1,2026-09-29,2026-10-06,all events except coverage rows
Los Angeles,colliers,1,1,0,1,2026-09-29,2026-10-06,all events except coverage rows
Los Angeles,creatoriq,1,1,0,1,2026-09-29,2026-10-06,all events except coverage rows
Los Angeles,cullen-jewellery,1,1,0,1,2026-09-29,2026-10-06,all events except coverage rows
Los Angeles,cw,1,2,1,3,2026-09-29,2026-10-06,all events except coverage rows
Los Angeles,e l f Beauty,1,2,1,3,2026-09-29,2026-10-06,all events except coverage rows
Los Angeles,entropico,-1,0,1,1,2026-09-29,2026-10-06,all events except coverage rows
Los Angeles,expa,1,1,0,1,2026-09-29,2026-10-06,all events except coverage rows
Los Angeles,fieldtrue,-1,0,1,1,2026-09-29,2026-10-06,all events except coverage rows
Los Angeles,first-resonance,1,3,2,5,2026-09-29,2026-10-06,all events except coverage rows
Los Angeles,fivebelow,-1,0,1,1,2026-09-29,2026-10-06,all events except coverage rows
Los Angeles,flighthouse,-1,0,1,1,2026-09-29,2026-10-06,all events except coverage rows
Los Angeles,flowengineering,-1,0,1,1,2026-09-29,2026-10-06,all events except coverage rows
Los Angeles,fmr,-1,0,1,1,2026-09-29,2026-10-06,all events except coverage rows
Los Angeles,fox,-1,9,10,19,2026-09-29,2026-10-06,all events except coverage rows
Los Angeles,freeformfuturecorp,1,1,0,1,2026-09-29,2026-10-06,all events except coverage rows
Los Angeles,freseniusmedicalcare,1,1,0,1,2026-09-29,2026-10-06,all events except coverage rows
Los Angeles,gategroup,1,3,2,5,2026-09-29,2026-10-06,all events except coverage rows
Los Angeles,genpt,-1,0,1,1,2026-09-29,2026-10-06,all events except coverage rows
Los Angeles,ghr,-1,1,2,3,2026-09-29,2026-10-06,all events except coverage rows
Los Angeles,gladinc,-1,0,1,1,2026-09-29,2026-10-06,all events except coverage rows
Los Angeles,graybar,-1,0,1,1,2026-09-29,2026-10-06,all events except coverage rows
Los Angeles,greendotcorp,1,3,2,5,2026-09-29,2026-10-06,all events except coverage rows
Los Angeles,gtlaw,-1,0,1,1,2026-09-29,2026-10-06,all events except coverage rows
Los Angeles,heartaerospace,-1,0,1,1,2026-09-29,2026-10-06,all events except coverage rows
Los Angeles,hellobrightline,-1,0,1,1,2026-09-29,2026-10-06,all events except coverage rows
Los Angeles,heygen,1,1,0,1,2026-09-29,2026-10-06,all events except coverage rows
Los Angeles,hntb,1,1,0,1,2026-09-29,2026-10-06,all events except coverage rows
Los Angeles,hoganlovells,1,1,0,1,2026-09-29,2026-10-06,all events except coverage rows
Los Angeles,homebound,1,2,1,3,2026-09-29,2026-10-06,all events except coverage rows
Los Angeles,hpe,1,1,0,1,2026-09-29,2026-10-06,all events except coverage rows
Los Angeles,icf,-1,1,2,3,2026-09-29,2026-10-06,all events except coverage rows
Los Angeles,iheartmedia,1,2,1,3,2026-09-29,2026-10-06,all events except coverage rows
Los Angeles,internaljobsatlush,1,1,0,1,2026-09-29,2026-10-06,all events except coverage rows
Los Angeles,jll,1,3,2,5,2026-09-29,2026-10-06,all events except coverage rows
Los Angeles,kasa,-1,0,1,1,2026-09-29,2026-10-06,all events except coverage rows
Los Angeles,kiddom,1,1,0,1,2026-09-29,2026-10-06,all events except coverage rows
Los Angeles,kiwa,-1,0,1,1,2026-09-29,2026-10-06,all events except coverage rows
Los Angeles,lacahsa,1,1,0,1,2026-09-29,2026-10-06,all events except coverage rows
Los Angeles,leidos,1,1,0,1,2026-09-29,2026-10-06,all events except coverage rows
Los Angeles,littlesleepies,-1,0,1,1,2026-09-29,2026-10-06,all events except coverage rows
Los Angeles,lusternational,1,2,1,3,2026-09-29,2026-10-06,all events except coverage rows
Los Angeles,luxaviation,-1,0,1,1,2026-09-29,2026-10-06,all events except coverage rows
Los Angeles,m13,1,1,0,1,2026-09-29,2026-10-06,all events except coverage rows
Los Angeles,marcusmillichap,1,1,0,1,2026-09-29,2026-10-06,all events except coverage rows
Los Angeles,medtronic,-1,7,8,15,2026-09-29,2026-10-06,all events except coverage rows
Los Angeles,meowwolf,-1,0,1,1,2026-09-29,2026-10-06,all events except coverage rows
Los Angeles,mhi,1,1,0,1,2026-09-29,2026-10-06,all events except coverage rows
Los Angeles,mobileye,-1,0,1,1,2026-09-29,2026-10-06,all events except coverage rows
Los Angeles,mufgub,-1,0,1,1,2026-09-29,2026-10-06,all events except coverage rows
Los Angeles,nrf,1,1,0,1,2026-09-29,2026-10-06,all events except coverage rows
Los Angeles,paloaltonetworks,-1,1,2,3,2026-09-29,2026-10-06,all events except coverage rows
Los Angeles,parallel,1,1,0,1,2026-09-29,2026-10-06,all events except coverage rows
Los Angeles,pariveda,1,1,0,1,2026-09-29,2026-10-06,all events except coverage rows
Los Angeles,pear-suites-career-page,1,1,0,1,2026-09-29,2026-10-06,all events except coverage rows
Los Angeles,perscholashires,1,1,0,1,2026-09-29,2026-10-06,all events except coverage rows
Los Angeles,petersen-automotive-museum,-1,1,2,3,2026-09-29,2026-10-06,all events except coverage rows
Los Angeles,pvminc,-1,0,1,1,2026-09-29,2026-10-06,all events except coverage rows
Los Angeles,rb,1,1,0,1,2026-09-29,2026-10-06,all events except coverage rows
Los Angeles,rclco,1,1,0,1,2026-09-29,2026-10-06,all events except coverage rows
Los Angeles,revantage,1,1,0,1,2026-09-29,2026-10-06,all events except coverage rows
Los Angeles,roche,1,1,0,1,2026-09-29,2026-10-06,all events except coverage rows
Los Angeles,rocketdoctor,1,1,0,1,2026-09-29,2026-10-06,all events except coverage rows
Los Angeles,ruggable,1,2,1,3,2026-09-29,2026-10-06,all events except coverage rows
Los Angeles,sanguine-biosciences-inc,-1,0,1,1,2026-09-29,2026-10-06,all events except coverage rows
Los Angeles,sbdinc,-1,0,1,1,2026-09-29,2026-10-06,all events except coverage rows
Los Angeles,sharebite,1,1,0,1,2026-09-29,2026-10-06,all events except coverage rows
Los Angeles,shein,-1,2,3,5,2026-09-29,2026-10-06,all events except coverage rows
Los Angeles,shinolaretail,1,1,0,1,2026-09-29,2026-10-06,all events except coverage rows
Los Angeles,silvus,-1,0,1,1,2026-09-29,2026-10-06,all events except coverage rows
Los Angeles,simon,-1,0,1,1,2026-09-29,2026-10-06,all events except coverage rows
Los Angeles,skadden,1,1,0,1,2026-09-29,2026-10-06,all events except coverage rows
Los Angeles,skinlaundry,1,1,0,1,2026-09-29,2026-10-06,all events except coverage rows
Los Angeles,sonypicturesanimation,1,1,0,1,2026-09-29,2026-10-06,all events except coverage rows
Los Angeles,stvinc,-1,0,1,1,2026-09-29,2026-10-06,all events except coverage rows
Los Angeles,sweetgreen,-1,1,2,3,2026-09-29,2026-10-06,all events except coverage rows
Los Angeles,tapestry,-1,0,1,1,2026-09-29,2026-10-06,all events except coverage rows
Los Angeles,tatari,-1,0,1,1,2026-09-29,2026-10-06,all events except coverage rows
Los Angeles,tggaccounting,-1,0,1,1,2026-09-29,2026-10-06,all events except coverage rows
Los Angeles,thehartford,1,1,0,1,2026-09-29,2026-10-06,all events except coverage rows
Los Angeles,theoncologyinstitute,1,1,0,1,2026-09-29,2026-10-06,all events except coverage rows
Los Angeles,tihinsurance,-1,0,1,1,2026-09-29,2026-10-06,all events except coverage rows
Los Angeles,townepark,1,2,1,3,2026-09-29,2026-10-06,all events except coverage rows
Los Angeles,tubescience52,1,1,0,1,2026-09-29,2026-10-06,all events except coverage rows
Los Angeles,unisys,1,1,0,1,2026-09-29,2026-10-06,all events except coverage rows
Los Angeles,vaco,1,1,0,1,2026-09-29,2026-10-06,all events except coverage rows
Los Angeles,vanigentbiopharm,-1,0,1,1,2026-09-29,2026-10-06,all events except coverage rows
Los Angeles,veocorporatecareers,1,1,0,1,2026-09-29,2026-10-06,all events except coverage rows
Los Angeles,vitalresearch,-1,0,1,1,2026-09-29,2026-10-06,all events except coverage rows
Los Angeles,wilsonelser,-1,0,1,1,2026-09-29,2026-10-06,all events except coverage rows
Los Angeles,workrightnw,1,1,0,1,2026-09-29,2026-10-06,all events except coverage rows
Los Angeles,www,-1,0,1,1,2026-09-29,2026-10-06,all events except coverage rows
Los Angeles,yondr,-1,0,1,1,2026-09-29,2026-10-06,all events except coverage rows
Los Angeles,zoll,-1,0,1,1,2026-09-29,2026-10-06,all events except coverage rows
Los Angeles,2K,0,3,3,6,2026-09-29,2026-10-06,all events except coverage rows
Los Angeles,FeverUp,0,1,1,2,2026-09-29,2026-10-06,all events except coverage rows
Los Angeles,Keller Executive Search,0,1,1,2,2026-09-29,2026-10-06,all events except coverage rows
Los Angeles,Modern Animal,0,1,1,2,2026-09-29,2026-10-06,all events except coverage rows
Los Angeles,Natera,0,1,1,2,2026-09-29,2026-10-06,all events except coverage rows
Los Angeles,Speechify,0,1,1,2,2026-09-29,2026-10-06,all events except coverage rows
Los Angeles,"Voyager Technologies, Inc.",0,1,1,2,2026-09-29,2026-10-06,all events except coverage rows
Los Angeles,Wilson Elser - Attorneys,0,1,1,2,2026-09-29,2026-10-06,all events except coverage rows
Los Angeles,ZipRecruiter,0,1,1,2,2026-09-29,2026-10-06,all events except coverage rows
Los Angeles,arenaclub,0,2,2,4,2026-09-29,2026-10-06,all events except coverage rows
Los Angeles,bdainc,0,1,1,2,2026-09-29,2026-10-06,all events except coverage rows
Los Angeles,bmo,0,2,2,4,2026-09-29,2026-10-06,all events except coverage rows
Los Angeles,calibercollision,0,2,2,4,2026-09-29,2026-10-06,all events except coverage rows
Los Angeles,crafty,0,1,1,2,2026-09-29,2026-10-06,all events except coverage rows
Los Angeles,cumminggroup,0,1,1,2,2026-09-29,2026-10-06,all events except coverage rows
Los Angeles,dowjones,0,1,1,2,2026-09-29,2026-10-06,all events except coverage rows
Los Angeles,everlane,0,3,3,6,2026-09-29,2026-10-06,all events except coverage rows
Los Angeles,jj,0,1,1,2,2026-09-29,2026-10-06,all events except coverage rows
Los Angeles,lowes,0,1,1,2,2026-09-29,2026-10-06,all events except coverage rows
Los Angeles,momentic,0,1,1,2,2026-09-29,2026-10-06,all events except coverage rows
Los Angeles,motorolasolutions,0,2,2,4,2026-09-29,2026-10-06,all events except coverage rows
Los Angeles,operationscareers,0,1,1,2,2026-09-29,2026-10-06,all events except coverage rows
Los Angeles,outpostspace,0,2,2,4,2026-09-29,2026-10-06,all events except coverage rows
Los Angeles,pna-internal,0,1,1,2,2026-09-29,2026-10-06,all events except coverage rows
Los Angeles,ritual,0,1,1,2,2026-09-29,2026-10-06,all events except coverage rows
Los Angeles,tia,0,1,1,2,2026-09-29,2026-10-06,all events except coverage rows
Los Angeles,vwr,0,1,1,2,2026-09-29,2026-10-06,all events except coverage rows
Madrid,acciona,9,45,36,81,2026-09-29,2026-10-06,all events except coverage rows
Madrid,iqvia,9,17,8,25,2026-09-29,2026-10-06,all events except coverage rows
Madrid,j,9,13,4,17,2026-09-29,2026-10-06,all events except coverage rows
Madrid,Celonis,-7,3,10,13,2026-09-29,2026-10-06,all events except coverage rows
Madrid,Ebury,-7,1,8,9,2026-09-29,2026-10-06,all events except coverage rows
Madrid,pwc,7,10,3,13,2026-09-29,2026-10-06,all events except coverage rows
Madrid,careers,6,6,0,6,2026-09-29,2026-10-06,all events except coverage rows
Madrid,Destinus,5,8,3,11,2026-09-29,2026-10-06,all events except coverage rows
Madrid,prophero,5,7,2,9,2026-09-29,2026-10-06,all events except coverage rows
Madrid,FeverUp,-4,14,18,32,2026-09-29,2026-10-06,all events except coverage rows
Madrid,nadara,-4,1,5,6,2026-09-29,2026-10-06,all events except coverage rows
Madrid,sedgwick,4,4,0,4,2026-09-29,2026-10-06,all events except coverage rows
Madrid,cigna,3,4,1,5,2026-09-29,2026-10-06,all events except coverage rows
Madrid,jll,3,4,1,5,2026-09-29,2026-10-06,all events except coverage rows
Madrid,kyndryl,-3,6,9,15,2026-09-29,2026-10-06,all events except coverage rows
Madrid,prima,-3,0,3,3,2026-09-29,2026-10-06,all events except coverage rows
Madrid,roche,3,11,8,19,2026-09-29,2026-10-06,all events except coverage rows
Madrid,www,-3,0,3,3,2026-09-29,2026-10-06,all events except coverage rows
Madrid,2K,-2,0,2,2,2026-09-29,2026-10-06,all events except coverage rows
Madrid,2kmadrid,-2,0,2,2,2026-09-29,2026-10-06,all events except coverage rows
Madrid,Datadog,-2,0,2,2,2026-09-29,2026-10-06,all events except coverage rows
Madrid,MongoDB,-2,0,2,2,2026-09-29,2026-10-06,all events except coverage rows
Madrid,clarityai,-2,0,2,2,2026-09-29,2026-10-06,all events except coverage rows
Madrid,db,-2,2,4,6,2026-09-29,2026-10-06,all events except coverage rows
Madrid,dentsuaegis,2,2,0,2,2026-09-29,2026-10-06,all events except coverage rows
Madrid,dexcom,2,2,0,2,2026-09-29,2026-10-06,all events except coverage rows
Madrid,icf,-2,0,2,2,2026-09-29,2026-10-06,all events except coverage rows
Madrid,michelinhr,-2,0,2,2,2026-09-29,2026-10-06,all events except coverage rows
Madrid,myhrabc,-2,0,2,2,2026-09-29,2026-10-06,all events except coverage rows
Madrid,nngroup,-2,4,6,10,2026-09-29,2026-10-06,all events except coverage rows
Madrid,nttlimited,-2,0,2,2,2026-09-29,2026-10-06,all events except coverage rows
Madrid,santander,2,8,6,14,2026-09-29,2026-10-06,all events except coverage rows
Madrid,skechers,-2,0,2,2,2026-09-29,2026-10-06,all events except coverage rows
Madrid,thales,-2,1,3,4,2026-09-29,2026-10-06,all events except coverage rows
Madrid,Adyen,1,1,0,1,2026-09-29,2026-10-06,all events except coverage rows
Madrid,Control Risks,-1,1,2,3,2026-09-29,2026-10-06,all events except coverage rows
Madrid,CoverGo,1,1,0,1,2026-09-29,2026-10-06,all events except coverage rows
Madrid,Harvey,-1,0,1,1,2026-09-29,2026-10-06,all events except coverage rows
Madrid,Legora,1,1,0,1,2026-09-29,2026-10-06,all events except coverage rows
Madrid,Monks,-1,0,1,1,2026-09-29,2026-10-06,all events except coverage rows
Madrid,Payoneer,-1,0,1,1,2026-09-29,2026-10-06,all events except coverage rows
Madrid,Revolution Medicines,1,1,0,1,2026-09-29,2026-10-06,all events except coverage rows
Madrid,Satispay,1,1,0,1,2026-09-29,2026-10-06,all events except coverage rows
Madrid,TransPerfect,-1,0,1,1,2026-09-29,2026-10-06,all events except coverage rows
Madrid,Treatwell,1,1,0,1,2026-09-29,2026-10-06,all events except coverage rows
Madrid,Tripadvisor,-1,0,1,1,2026-09-29,2026-10-06,all events except coverage rows
Madrid,abb,1,2,1,3,2026-09-29,2026-10-06,all events except coverage rows
Madrid,abound,-1,0,1,1,2026-09-29,2026-10-06,all events except coverage rows
Madrid,aig,1,3,2,5,2026-09-29,2026-10-06,all events except coverage rows
Madrid,alfalaval,-1,0,1,1,2026-09-29,2026-10-06,all events except coverage rows
Madrid,dLocal,1,1,0,1,2026-09-29,2026-10-06,all events except coverage rows
Madrid,daoninc,-1,0,1,1,2026-09-29,2026-10-06,all events except coverage rows
Madrid,docplanner,1,1,0,1,2026-09-29,2026-10-06,all events except coverage rows
Madrid,encore,1,1,0,1,2026-09-29,2026-10-06,all events except coverage rows
Madrid,erm,-1,0,1,1,2026-09-29,2026-10-06,all events except coverage rows
Madrid,ferrovial,-1,11,12,23,2026-09-29,2026-10-06,all events except coverage rows
Madrid,freenow,-1,0,1,1,2026-09-29,2026-10-06,all events except coverage rows
Madrid,freshfields,-1,0,1,1,2026-09-29,2026-10-06,all events except coverage rows
Madrid,gehc,1,1,0,1,2026-09-29,2026-10-06,all events except coverage rows
Madrid,gevernova,-1,0,1,1,2026-09-29,2026-10-06,all events except coverage rows
Madrid,habyt,1,1,0,1,2026-09-29,2026-10-06,all events except coverage rows
Madrid,haier,-1,0,1,1,2026-09-29,2026-10-06,all events except coverage rows
Madrid,happyrobot.ai,1,1,0,1,2026-09-29,2026-10-06,all events except coverage rows
Madrid,hitachi,1,8,7,15,2026-09-29,2026-10-06,all events except coverage rows
Madrid,hoganlovells,-1,0,1,1,2026-09-29,2026-10-06,all events except coverage rows
Madrid,iff,-1,0,1,1,2026-09-29,2026-10-06,all events except coverage rows
Madrid,impinjexternal,1,1,0,1,2026-09-29,2026-10-06,all events except coverage rows
Madrid,ingrammicro,1,2,1,3,2026-09-29,2026-10-06,all events except coverage rows
Madrid,integrity360,1,1,0,1,2026-09-29,2026-10-06,all events except coverage rows
Madrid,jj,-1,5,6,11,2026-09-29,2026-10-06,all events except coverage rows
Madrid,juliusbaer,-1,3,4,7,2026-09-29,2026-10-06,all events except coverage rows
Madrid,kone,-1,0,1,1,2026-09-29,2026-10-06,all events except coverage rows
Madrid,lexroom,1,1,0,1,2026-09-29,2026-10-06,all events except coverage rows
Madrid,map,1,1,0,1,2026-09-29,2026-10-06,all events except coverage rows
Madrid,medline,1,1,0,1,2026-09-29,2026-10-06,all events except coverage rows
Madrid,miele,-1,0,1,1,2026-09-29,2026-10-06,all events except coverage rows
Madrid,monzo,-1,0,1,1,2026-09-29,2026-10-06,all events except coverage rows
Madrid,motorolasolutions,-1,0,1,1,2026-09-29,2026-10-06,all events except coverage rows
Madrid,nike,1,1,0,1,2026-09-29,2026-10-06,all events except coverage rows
Madrid,ogcglobal,1,1,0,1,2026-09-29,2026-10-06,all events except coverage rows
Madrid,paloaltonetworks,1,1,0,1,2026-09-29,2026-10-06,all events except coverage rows
Madrid,parser,-1,0,1,1,2026-09-29,2026-10-06,all events except coverage rows
Madrid,philips,-1,0,1,1,2026-09-29,2026-10-06,all events except coverage rows
Madrid,picoquantitativetrading,1,1,0,1,2026-09-29,2026-10-06,all events except coverage rows
Madrid,sanoma,1,1,0,1,2026-09-29,2026-10-06,all events except coverage rows
Madrid,solera,-1,0,1,1,2026-09-29,2026-10-06,all events except coverage rows
Madrid,spgi,1,1,0,1,2026-09-29,2026-10-06,all events except coverage rows
Madrid,springernature,-1,0,1,1,2026-09-29,2026-10-06,all events except coverage rows
Madrid,sulzer,1,1,0,1,2026-09-29,2026-10-06,all events except coverage rows
Madrid,teads1,-1,0,1,1,2026-09-29,2026-10-06,all events except coverage rows
Madrid,theapexgroup,1,1,0,1,2026-09-29,2026-10-06,all events except coverage rows
Madrid,thefork,-1,0,1,1,2026-09-29,2026-10-06,all events except coverage rows
Madrid,thermofisher,-1,0,1,1,2026-09-29,2026-10-06,all events except coverage rows
Madrid,tjx,-1,0,1,1,2026-09-29,2026-10-06,all events except coverage rows
Madrid,unispace,-1,0,1,1,2026-09-29,2026-10-06,all events except coverage rows
Madrid,OneTrust,0,3,3,6,2026-09-29,2026-10-06,all events except coverage rows
Madrid,Speechify,0,1,1,2,2026-09-29,2026-10-06,all events except coverage rows
Madrid,Valsoft Corporation,0,1,1,2,2026-09-29,2026-10-06,all events except coverage rows
Madrid,cabify,0,1,1,2,2026-09-29,2026-10-06,all events except coverage rows
Madrid,cc,0,1,1,2,2026-09-29,2026-10-06,all events except coverage rows
Madrid,cw,0,1,1,2,2026-09-29,2026-10-06,all events except coverage rows
Madrid,fortrea,0,2,2,4,2026-09-29,2026-10-06,all events except coverage rows
Madrid,gategroup,0,1,1,2,2026-09-29,2026-10-06,all events except coverage rows
Madrid,glinttglobal,0,2,2,4,2026-09-29,2026-10-06,all events except coverage rows
Madrid,mastercard,0,3,3,6,2026-09-29,2026-10-06,all events except coverage rows
Madrid,medtronic,0,1,1,2,2026-09-29,2026-10-06,all events except coverage rows
Madrid,stryker,0,1,1,2,2026-09-29,2026-10-06,all events except coverage rows
Madrid,taxfix.com,0,1,1,2,2026-09-29,2026-10-06,all events except coverage rows
Melbourne,ausvenueco,-5,0,5,5,2026-09-29,2026-10-06,all events except coverage rows
Melbourne,FeverUp,-4,2,6,8,2026-09-29,2026-10-06,all events except coverage rows
Melbourne,WPP Media,4,6,2,8,2026-09-29,2026-10-06,all events except coverage rows
Melbourne,rmit,4,7,3,10,2026-09-29,2026-10-06,all events except coverage rows
Melbourne,Culture Amp,-3,0,3,3,2026-09-29,2026-10-06,all events except coverage rows
Melbourne,Monks,-3,0,3,3,2026-09-29,2026-10-06,all events except coverage rows
Melbourne,OpenTable,-3,0,3,3,2026-09-29,2026-10-06,all events except coverage rows
Melbourne,brenntag,-3,0,3,3,2026-09-29,2026-10-06,all events except coverage rows
Melbourne,j,3,6,3,9,2026-09-29,2026-10-06,all events except coverage rows
Melbourne,kbr,3,8,5,13,2026-09-29,2026-10-06,all events except coverage rows
Melbourne,mdlz,3,3,0,3,2026-09-29,2026-10-06,all events except coverage rows
Melbourne,saputo,3,3,0,3,2026-09-29,2026-10-06,all events except coverage rows
Melbourne,surbanajurong,-3,0,3,3,2026-09-29,2026-10-06,all events except coverage rows
Melbourne,Block,2,2,0,2,2026-09-29,2026-10-06,all events except coverage rows
Melbourne,Jensen Hughes,2,2,0,2,2026-09-29,2026-10-06,all events except coverage rows
Melbourne,Mediix,-2,1,3,4,2026-09-29,2026-10-06,all events except coverage rows
Melbourne,Okta,-2,0,2,2,2026-09-29,2026-10-06,all events except coverage rows
Melbourne,On,-2,0,2,2,2026-09-29,2026-10-06,all events except coverage rows
Melbourne,Rentokil Initial,2,2,0,2,2026-09-29,2026-10-06,all events except coverage rows
Melbourne,acciona,2,11,9,20,2026-09-29,2026-10-06,all events except coverage rows
Melbourne,aig,-2,0,2,2,2026-09-29,2026-10-06,all events except coverage rows
Melbourne,careers,2,2,0,2,2026-09-29,2026-10-06,all events except coverage rows
Melbourne,connecteam,-2,0,2,2,2026-09-29,2026-10-06,all events except coverage rows
Melbourne,cw,2,2,0,2,2026-09-29,2026-10-06,all events except coverage rows
Melbourne,jll,-2,4,6,10,2026-09-29,2026-10-06,all events except coverage rows
Melbourne,jobs,-2,0,2,2,2026-09-29,2026-10-06,all events except coverage rows
Melbourne,lyrebird-health,2,3,1,4,2026-09-29,2026-10-06,all events except coverage rows
Melbourne,maincode,2,2,0,2,2026-09-29,2026-10-06,all events except coverage rows
Melbourne,motorolasolutions,2,2,0,2,2026-09-29,2026-10-06,all events except coverage rows
Melbourne,thoughtworksreferral,-2,0,2,2,2026-09-29,2026-10-06,all events except coverage rows
Melbourne,vanguard,-2,1,3,4,2026-09-29,2026-10-06,all events except coverage rows
Melbourne,wexinc,-2,0,2,2,2026-09-29,2026-10-06,all events except coverage rows
Melbourne,wynd,-2,0,2,2,2026-09-29,2026-10-06,all events except coverage rows
Melbourne,AvePoint,1,1,0,1,2026-09-29,2026-10-06,all events except coverage rows
Melbourne,Capital Power /ADR,1,1,0,1,2026-09-29,2026-10-06,all events except coverage rows
Melbourne,Databricks,1,1,0,1,2026-09-29,2026-10-06,all events except coverage rows
Melbourne,Fuse Energy,1,1,0,1,2026-09-29,2026-10-06,all events except coverage rows
Melbourne,Heidi,-1,3,4,7,2026-09-29,2026-10-06,all events except coverage rows
Melbourne,Ingersoll Rand,-1,0,1,1,2026-09-29,2026-10-06,all events except coverage rows
Melbourne,LivePerson,1,1,0,1,2026-09-29,2026-10-06,all events except coverage rows
Melbourne,MongoDB,1,1,0,1,2026-09-29,2026-10-06,all events except coverage rows
Melbourne,New Relic,-1,0,1,1,2026-09-29,2026-10-06,all events except coverage rows
Melbourne,Rubrik,1,1,0,1,2026-09-29,2026-10-06,all events except coverage rows
Melbourne,Speechify,-1,0,1,1,2026-09-29,2026-10-06,all events except coverage rows
Melbourne,Woolpert,-1,0,1,1,2026-09-29,2026-10-06,all events except coverage rows
Melbourne,Zscaler,1,1,0,1,2026-09-29,2026-10-06,all events except coverage rows
Melbourne,abinbev,1,1,0,1,2026-09-29,2026-10-06,all events except coverage rows
Melbourne,aggreko,1,1,0,1,2026-09-29,2026-10-06,all events except coverage rows
Melbourne,airtrunk,-1,0,1,1,2026-09-29,2026-10-06,all events except coverage rows
Melbourne,allens,-1,0,1,1,2026-09-29,2026-10-06,all events except coverage rows
Melbourne,allpressespresso,1,1,0,1,2026-09-29,2026-10-06,all events except coverage rows
Melbourne,cisco,1,1,0,1,2026-09-29,2026-10-06,all events except coverage rows
Melbourne,contour-education,1,1,0,1,2026-09-29,2026-10-06,all events except coverage rows
Melbourne,eml,1,3,2,5,2026-09-29,2026-10-06,all events except coverage rows
Melbourne,framestore,-1,0,1,1,2026-09-29,2026-10-06,all events except coverage rows
Melbourne,gartner,1,1,0,1,2026-09-29,2026-10-06,all events except coverage rows
Melbourne,hpe,1,1,0,1,2026-09-29,2026-10-06,all events except coverage rows
Melbourne,ie,-1,0,1,1,2026-09-29,2026-10-06,all events except coverage rows
Melbourne,iff,-1,0,1,1,2026-09-29,2026-10-06,all events except coverage rows
Melbourne,infinity-constellation,-1,0,1,1,2026-09-29,2026-10-06,all events except coverage rows
Melbourne,medtronic,1,1,0,1,2026-09-29,2026-10-06,all events except coverage rows
Melbourne,ms,1,1,0,1,2026-09-29,2026-10-06,all events except coverage rows
Melbourne,myhrabc,1,2,1,3,2026-09-29,2026-10-06,all events except coverage rows
Melbourne,nb,1,1,0,1,2026-09-29,2026-10-06,all events except coverage rows
Melbourne,nttlimited,-1,0,1,1,2026-09-29,2026-10-06,all events except coverage rows
Melbourne,roller,1,1,0,1,2026-09-29,2026-10-06,all events except coverage rows
Melbourne,rsm,1,1,0,1,2026-09-29,2026-10-06,all events except coverage rows
Melbourne,solera,1,1,0,1,2026-09-29,2026-10-06,all events except coverage rows
Melbourne,sonos,-1,0,1,1,2026-09-29,2026-10-06,all events except coverage rows
Melbourne,stryker,-1,2,3,5,2026-09-29,2026-10-06,all events except coverage rows
Melbourne,teneolinkedin,1,1,0,1,2026-09-29,2026-10-06,all events except coverage rows
Melbourne,tollgroup,-1,0,1,1,2026-09-29,2026-10-06,all events except coverage rows
Melbourne,tripledotstudios,1,1,0,1,2026-09-29,2026-10-06,all events except coverage rows
Melbourne,unispace,-1,0,1,1,2026-09-29,2026-10-06,all events except coverage rows
Melbourne,www,-1,0,1,1,2026-09-29,2026-10-06,all events except coverage rows
Melbourne,KnowBe4,0,1,1,2,2026-09-29,2026-10-06,all events except coverage rows
Melbourne,Pattern,0,1,1,2,2026-09-29,2026-10-06,all events except coverage rows
Melbourne,claytonutz,0,1,1,2,2026-09-29,2026-10-06,all events except coverage rows
Melbourne,fortrea,0,1,1,2,2026-09-29,2026-10-06,all events except coverage rows
Melbourne,invesco,0,1,1,2,2026-09-29,2026-10-06,all events except coverage rows
Melbourne,kone,0,2,2,4,2026-09-29,2026-10-06,all events except coverage rows
Melbourne,lgt,0,1,1,2,2026-09-29,2026-10-06,all events except coverage rows
Melbourne,podium81,0,1,1,2,2026-09-29,2026-10-06,all events except coverage rows
Melbourne,statestreet,0,2,2,4,2026-09-29,2026-10-06,all events except coverage rows
Melbourne,thales,0,2,2,4,2026-09-29,2026-10-06,all events except coverage rows
Melbourne,zendesk,0,1,1,2,2026-09-29,2026-10-06,all events except coverage rows
Mexico City,careers,14,14,0,14,2026-09-29,2026-10-06,all events except coverage rows
Mexico City,santander,-13,9,22,31,2026-09-29,2026-10-06,all events except coverage rows
Mexico City,warnerbros,-10,0,10,10,2026-09-29,2026-10-06,all events except coverage rows
Mexico City,j,8,12,4,16,2026-09-29,2026-10-06,all events except coverage rows
Mexico City,sandoz,-7,1,8,9,2026-09-29,2026-10-06,all events except coverage rows
Mexico City,zillow,7,10,3,13,2026-09-29,2026-10-06,all events except coverage rows
Mexico City,Grupo QuintoAndar,5,5,0,5,2026-09-29,2026-10-06,all events except coverage rows
Mexico City,roche,5,9,4,13,2026-09-29,2026-10-06,all events except coverage rows
Mexico City,Keywords Studios,4,4,0,4,2026-09-29,2026-10-06,all events except coverage rows
Mexico City,Monks,4,9,5,14,2026-09-29,2026-10-06,all events except coverage rows
Mexico City,erm,-4,0,4,4,2026-09-29,2026-10-06,all events except coverage rows
Mexico City,kyndryl,-4,5,9,14,2026-09-29,2026-10-06,all events except coverage rows
Mexico City,cisco,-3,0,3,3,2026-09-29,2026-10-06,all events except coverage rows
Mexico City,crunchyroll,-3,2,5,7,2026-09-29,2026-10-06,all events except coverage rows
Mexico City,fortrea,-3,0,3,3,2026-09-29,2026-10-06,all events except coverage rows
Mexico City,gsb,-3,0,3,3,2026-09-29,2026-10-06,all events except coverage rows
Mexico City,hpe,3,3,0,3,2026-09-29,2026-10-06,all events except coverage rows
Mexico City,ALTEN MÉXICO,2,3,1,4,2026-09-29,2026-10-06,all events except coverage rows
Mexico City,Adyen,-2,0,2,2,2026-09-29,2026-10-06,all events except coverage rows
Mexico City,MongoDB,2,2,0,2,2026-09-29,2026-10-06,all events except coverage rows
Mexico City,Plata Card,2,2,0,2,2026-09-29,2026-10-06,all events except coverage rows
Mexico City,SharkNinja,-2,2,4,6,2026-09-29,2026-10-06,all events except coverage rows
Mexico City,abb,2,2,0,2,2026-09-29,2026-10-06,all events except coverage rows
Mexico City,arq,-2,0,2,2,2026-09-29,2026-10-06,all events except coverage rows
Mexico City,authenticbrandsgroup,-2,0,2,2,2026-09-29,2026-10-06,all events except coverage rows
Mexico City,blackrock,2,3,1,4,2026-09-29,2026-10-06,all events except coverage rows
Mexico City,blitzy,-2,0,2,2,2026-09-29,2026-10-06,all events except coverage rows
Mexico City,generalmotors,-2,3,5,8,2026-09-29,2026-10-06,all events except coverage rows
Mexico City,hp,2,2,0,2,2026-09-29,2026-10-06,all events except coverage rows
Mexico City,iqvia,-2,9,11,20,2026-09-29,2026-10-06,all events except coverage rows
Mexico City,medtronic,-2,2,4,6,2026-09-29,2026-10-06,all events except coverage rows
Mexico City,rockwellautomation,-2,2,4,6,2026-09-29,2026-10-06,all events except coverage rows
Mexico City,springernature,2,3,1,4,2026-09-29,2026-10-06,all events except coverage rows
Mexico City,statestreet,2,2,0,2,2026-09-29,2026-10-06,all events except coverage rows
Mexico City,stryker,2,3,1,4,2026-09-29,2026-10-06,all events except coverage rows
Mexico City,thermofisher,2,4,2,6,2026-09-29,2026-10-06,all events except coverage rows
Mexico City,tsys,2,7,5,12,2026-09-29,2026-10-06,all events except coverage rows
Mexico City,yalochatinc,2,2,0,2,2026-09-29,2026-10-06,all events except coverage rows
Mexico City,Agentis-Capital-Advisors,-1,0,1,1,2026-09-29,2026-10-06,all events except coverage rows
Mexico City,Airbnb,-1,0,1,1,2026-09-29,2026-10-06,all events except coverage rows
Mexico City,DaCodes,1,1,0,1,2026-09-29,2026-10-06,all events except coverage rows
Mexico City,Datadog,1,1,0,1,2026-09-29,2026-10-06,all events except coverage rows
Mexico City,Delinea,-1,0,1,1,2026-09-29,2026-10-06,all events except coverage rows
Mexico City,Ebury,-1,0,1,1,2026-09-29,2026-10-06,all events except coverage rows
Mexico City,Figure,-1,0,1,1,2026-09-29,2026-10-06,all events except coverage rows
Mexico City,Genetec,1,1,0,1,2026-09-29,2026-10-06,all events except coverage rows
Mexico City,Justworks,1,1,0,1,2026-09-29,2026-10-06,all events except coverage rows
Mexico City,Lyft,1,1,0,1,2026-09-29,2026-10-06,all events except coverage rows
Mexico City,McDonald's,1,1,0,1,2026-09-29,2026-10-06,all events except coverage rows
Mexico City,Mixpanel,1,1,0,1,2026-09-29,2026-10-06,all events except coverage rows
Mexico City,Okta,-1,0,1,1,2026-09-29,2026-10-06,all events except coverage rows
Mexico City,OpenTable,-1,0,1,1,2026-09-29,2026-10-06,all events except coverage rows
Mexico City,Pearl,-1,0,1,1,2026-09-29,2026-10-06,all events except coverage rows
Mexico City,Speechify,-1,0,1,1,2026-09-29,2026-10-06,all events except coverage rows
Mexico City,Spotify,-1,0,1,1,2026-09-29,2026-10-06,all events except coverage rows
Mexico City,Stripe,-1,1,2,3,2026-09-29,2026-10-06,all events except coverage rows
Mexico City,SupportYourApp,1,2,1,3,2026-09-29,2026-10-06,all events except coverage rows
Mexico City,Sur,-1,0,1,1,2026-09-29,2026-10-06,all events except coverage rows
Mexico City,The Hershey Company,1,1,0,1,2026-09-29,2026-10-06,all events except coverage rows
Mexico City,TransPerfect,-1,0,1,1,2026-09-29,2026-10-06,all events except coverage rows
Mexico City,Truelogic,-1,11,12,23,2026-09-29,2026-10-06,all events except coverage rows
Mexico City,Workana,1,1,0,1,2026-09-29,2026-10-06,all events except coverage rows
Mexico City,agencywithin,1,1,0,1,2026-09-29,2026-10-06,all events except coverage rows
Mexico City,aig,-1,2,3,5,2026-09-29,2026-10-06,all events except coverage rows
Mexico City,albo,-1,0,1,1,2026-09-29,2026-10-06,all events except coverage rows
Mexico City,alertmedia,-1,1,2,3,2026-09-29,2026-10-06,all events except coverage rows
Mexico City,alfalaval,1,2,1,3,2026-09-29,2026-10-06,all events except coverage rows
Mexico City,alsglobal,-1,0,1,1,2026-09-29,2026-10-06,all events except coverage rows
Mexico City,arketa,-1,0,1,1,2026-09-29,2026-10-06,all events except coverage rows
Mexico City,assurant,-1,0,1,1,2026-09-29,2026-10-06,all events except coverage rows
Mexico City,axicom,1,1,0,1,2026-09-29,2026-10-06,all events except coverage rows
Mexico City,barclays,1,1,0,1,2026-09-29,2026-10-06,all events except coverage rows
Mexico City,cc,1,1,0,1,2026-09-29,2026-10-06,all events except coverage rows
Mexico City,chainalysis-careers,1,1,0,1,2026-09-29,2026-10-06,all events except coverage rows
Mexico City,diageo,1,3,2,5,2026-09-29,2026-10-06,all events except coverage rows
Mexico City,disney,1,2,1,3,2026-09-29,2026-10-06,all events except coverage rows
Mexico City,dssmith,-1,0,1,1,2026-09-29,2026-10-06,all events except coverage rows
Mexico City,ebanx,-1,0,1,1,2026-09-29,2026-10-06,all events except coverage rows
Mexico City,elementfleet,-1,0,1,1,2026-09-29,2026-10-06,all events except coverage rows
Mexico City,fiserv,1,1,0,1,2026-09-29,2026-10-06,all events except coverage rows
Mexico City,genesys,-1,0,1,1,2026-09-29,2026-10-06,all events except coverage rows
Mexico City,gtlaw,-1,0,1,1,2026-09-29,2026-10-06,all events except coverage rows
Mexico City,hitachi,1,1,0,1,2026-09-29,2026-10-06,all events except coverage rows
Mexico City,hoganlovells,-1,0,1,1,2026-09-29,2026-10-06,all events except coverage rows
Mexico City,imubit,1,1,0,1,2026-09-29,2026-10-06,all events except coverage rows
Mexico City,jellyfishcareers,-1,0,1,1,2026-09-29,2026-10-06,all events except coverage rows
Mexico City,jj,1,6,5,11,2026-09-29,2026-10-06,all events except coverage rows
Mexico City,jll,1,6,5,11,2026-09-29,2026-10-06,all events except coverage rows
Mexico City,kojo,-1,0,1,1,2026-09-29,2026-10-06,all events except coverage rows
Mexico City,mastercard,1,11,10,21,2026-09-29,2026-10-06,all events except coverage rows
Mexico City,miqdigital,1,1,0,1,2026-09-29,2026-10-06,all events except coverage rows
Mexico City,mufgub,-1,0,1,1,2026-09-29,2026-10-06,all events except coverage rows
Mexico City,nabis,1,1,0,1,2026-09-29,2026-10-06,all events except coverage rows
Mexico City,newcomienzos,1,1,0,1,2026-09-29,2026-10-06,all events except coverage rows
Mexico City,newfrontierlaw,-1,0,1,1,2026-09-29,2026-10-06,all events except coverage rows
Mexico City,pacvue,1,2,1,3,2026-09-29,2026-10-06,all events except coverage rows
Mexico City,paloaltonetworks,-1,0,1,1,2026-09-29,2026-10-06,all events except coverage rows
Mexico City,placer,1,1,0,1,2026-09-29,2026-10-06,all events except coverage rows
Mexico City,pmg,1,1,0,1,2026-09-29,2026-10-06,all events except coverage rows
Mexico City,pokemoncareers,-1,0,1,1,2026-09-29,2026-10-06,all events except coverage rows
Mexico City,positrace,-1,0,1,1,2026-09-29,2026-10-06,all events except coverage rows
Mexico City,pru,-1,2,3,5,2026-09-29,2026-10-06,all events except coverage rows
Mexico City,rippling,-1,0,1,1,2026-09-29,2026-10-06,all events except coverage rows
Mexico City,sbdinc,1,1,0,1,2026-09-29,2026-10-06,all events except coverage rows
Mexico City,spgi,1,1,0,1,2026-09-29,2026-10-06,all events except coverage rows
Mexico City,sterlingtonpllc,1,2,1,3,2026-09-29,2026-10-06,all events except coverage rows
Mexico City,thales,1,2,1,3,2026-09-29,2026-10-06,all events except coverage rows
Mexico City,theapexgroup,-1,0,1,1,2026-09-29,2026-10-06,all events except coverage rows
Mexico City,unode50,-1,0,1,1,2026-09-29,2026-10-06,all events except coverage rows
Mexico City,unybrands,1,1,0,1,2026-09-29,2026-10-06,all events except coverage rows
Mexico City,varicent,-1,0,1,1,2026-09-29,2026-10-06,all events except coverage rows
Mexico City,workatbackbase,-1,0,1,1,2026-09-29,2026-10-06,all events except coverage rows
Mexico City,www,1,4,3,7,2026-09-29,2026-10-06,all events except coverage rows
Mexico City,zebra,1,1,0,1,2026-09-29,2026-10-06,all events except coverage rows
Mexico City,zendesk,-1,0,1,1,2026-09-29,2026-10-06,all events except coverage rows
Mexico City,Charger Logistics Inc,0,1,1,2,2026-09-29,2026-10-06,all events except coverage rows
Mexico City,HireHawk,0,2,2,4,2026-09-29,2026-10-06,all events except coverage rows
Mexico City,JumpCloud,0,2,2,4,2026-09-29,2026-10-06,all events except coverage rows
Mexico City,SpotOn,0,1,1,2,2026-09-29,2026-10-06,all events except coverage rows
Mexico City,Verkada,0,1,1,2,2026-09-29,2026-10-06,all events except coverage rows
Mexico City,WPP Media,0,1,1,2,2026-09-29,2026-10-06,all events except coverage rows
Mexico City,Watershed,0,1,1,2,2026-09-29,2026-10-06,all events except coverage rows
Mexico City,bbva,0,97,97,194,2026-09-29,2026-10-06,all events except coverage rows
Mexico City,caa,0,1,1,2,2026-09-29,2026-10-06,all events except coverage rows
Mexico City,cialdnb,0,1,1,2,2026-09-29,2026-10-06,all events except coverage rows
Mexico City,dover,0,1,1,2,2026-09-29,2026-10-06,all events except coverage rows
Mexico City,gevernova,0,2,2,4,2026-09-29,2026-10-06,all events except coverage rows
Mexico City,koltin,0,1,1,2,2026-09-29,2026-10-06,all events except coverage rows
Mexico City,kone,0,1,1,2,2026-09-29,2026-10-06,all events except coverage rows
Mexico City,konfio,0,2,2,4,2026-09-29,2026-10-06,all events except coverage rows
Mexico City,peek,0,1,1,2,2026-09-29,2026-10-06,all events except coverage rows
Mexico City,smartlyio,0,1,1,2,2026-09-29,2026-10-06,all events except coverage rows
Mexico City,synnex,0,1,1,2,2026-09-29,2026-10-06,all events except coverage rows
Mexico City,unisys,0,2,2,4,2026-09-29,2026-10-06,all events except coverage rows
Mexico City,viatris,0,1,1,2,2026-09-29,2026-10-06,all events except coverage rows
Miami,basspro,16,18,2,20,2026-09-29,2026-10-06,all events except coverage rows
Miami,careers,9,9,0,9,2026-09-29,2026-10-06,all events except coverage rows
Miami,swarovski,6,7,1,8,2026-09-29,2026-10-06,all events except coverage rows
Miami,umiami,6,51,45,96,2026-09-29,2026-10-06,all events except coverage rows
Miami,truist,4,4,0,4,2026-09-29,2026-10-06,all events except coverage rows
Miami,5wpr,3,4,1,5,2026-09-29,2026-10-06,all events except coverage rows
Miami,Hut 8,3,5,2,7,2026-09-29,2026-10-06,all events except coverage rows
Miami,Renuity,-3,0,3,3,2026-09-29,2026-10-06,all events except coverage rows
Miami,relatedgroup,-3,0,3,3,2026-09-29,2026-10-06,all events except coverage rows
Miami,wf,-3,8,11,19,2026-09-29,2026-10-06,all events except coverage rows
Miami,Atria Health and Research Institute,2,2,0,2,2026-09-29,2026-10-06,all events except coverage rows
Miami,CookUnity,2,2,0,2,2026-09-29,2026-10-06,all events except coverage rows
Miami,Journey,2,2,0,2,2026-09-29,2026-10-06,all events except coverage rows
Miami,Langan Engineering & Environmental Services,2,2,0,2,2026-09-29,2026-10-06,all events except coverage rows
Miami,Lucid Motors,2,2,0,2,2026-09-29,2026-10-06,all events except coverage rows
Miami,Neko Health,2,2,0,2,2026-09-29,2026-10-06,all events except coverage rows
Miami,SharkNinja,-2,0,2,2,2026-09-29,2026-10-06,all events except coverage rows
Miami,calibercollision,-2,0,2,2,2026-09-29,2026-10-06,all events except coverage rows
Miami,camp,-2,0,2,2,2026-09-29,2026-10-06,all events except coverage rows
Miami,cc,-2,0,2,2,2026-09-29,2026-10-06,all events except coverage rows
Miami,j,2,6,4,10,2026-09-29,2026-10-06,all events except coverage rows
Miami,ms,2,2,0,2,2026-09-29,2026-10-06,all events except coverage rows
Miami,sedgwick,2,2,0,2,2026-09-29,2026-10-06,all events except coverage rows
Miami,sponsorsforeducationalopportunity,-2,0,2,2,2026-09-29,2026-10-06,all events except coverage rows
Miami,td,2,2,0,2,2026-09-29,2026-10-06,all events except coverage rows
Miami,ufpi,-2,0,2,2,2026-09-29,2026-10-06,all events except coverage rows
Miami,2020companies,1,2,1,3,2026-09-29,2026-10-06,all events except coverage rows
Miami,8fleet-inc,1,1,0,1,2026-09-29,2026-10-06,all events except coverage rows
Miami,AEG Worldwide,1,1,0,1,2026-09-29,2026-10-06,all events except coverage rows
Miami,ALO,-1,1,2,3,2026-09-29,2026-10-06,all events except coverage rows
Miami,Anaplan,-1,0,1,1,2026-09-29,2026-10-06,all events except coverage rows
Miami,Axsome Therapeutics,1,1,0,1,2026-09-29,2026-10-06,all events except coverage rows
Miami,Clera,1,1,0,1,2026-09-29,2026-10-06,all events except coverage rows
Miami,Compass,-1,0,1,1,2026-09-29,2026-10-06,all events except coverage rows
Miami,Cortland,-1,0,1,1,2026-09-29,2026-10-06,all events except coverage rows
Miami,EOS,1,1,0,1,2026-09-29,2026-10-06,all events except coverage rows
Miami,EquipmentShare,-1,0,1,1,2026-09-29,2026-10-06,all events except coverage rows
Miami,Esri,-1,0,1,1,2026-09-29,2026-10-06,all events except coverage rows
Miami,Everpure,-1,0,1,1,2026-09-29,2026-10-06,all events except coverage rows
Miami,Geeks on Site,-1,0,1,1,2026-09-29,2026-10-06,all events except coverage rows
Miami,Inter Carreiras,1,2,1,3,2026-09-29,2026-10-06,all events except coverage rows
Miami,Kelso Building Services,-1,0,1,1,2026-09-29,2026-10-06,all events except coverage rows
Miami,Klaviyo,1,1,0,1,2026-09-29,2026-10-06,all events except coverage rows
Miami,MaintainX (An Autodesk Company),-1,0,1,1,2026-09-29,2026-10-06,all events except coverage rows
Miami,"Morgan & Morgan, P.A.",1,1,0,1,2026-09-29,2026-10-06,all events except coverage rows
Miami,Oldcastle BuildingEnvelope,1,1,0,1,2026-09-29,2026-10-06,all events except coverage rows
Miami,OpenTable,-1,0,1,1,2026-09-29,2026-10-06,all events except coverage rows
Miami,Oscar Health,-1,0,1,1,2026-09-29,2026-10-06,all events except coverage rows
Miami,Palantir Technologies,-1,0,1,1,2026-09-29,2026-10-06,all events except coverage rows
Miami,Reformation,1,1,0,1,2026-09-29,2026-10-06,all events except coverage rows
Miami,Ripple,1,3,2,5,2026-09-29,2026-10-06,all events except coverage rows
Miami,Scholar Rock,1,1,0,1,2026-09-29,2026-10-06,all events except coverage rows
Miami,Sprinter Health,-1,0,1,1,2026-09-29,2026-10-06,all events except coverage rows
Miami,Truv,-1,0,1,1,2026-09-29,2026-10-06,all events except coverage rows
Miami,Veterinary Emergency Group (VEG),-1,0,1,1,2026-09-29,2026-10-06,all events except coverage rows
Miami,abfacilityservice,1,1,0,1,2026-09-29,2026-10-06,all events except coverage rows
Miami,acentria,-1,0,1,1,2026-09-29,2026-10-06,all events except coverage rows
Miami,activategames,-1,0,1,1,2026-09-29,2026-10-06,all events except coverage rows
Miami,antillean,-1,0,1,1,2026-09-29,2026-10-06,all events except coverage rows
Miami,archipelagocos,-1,0,1,1,2026-09-29,2026-10-06,all events except coverage rows
Miami,assetliving,-1,0,1,1,2026-09-29,2026-10-06,all events except coverage rows
Miami,att,1,1,0,1,2026-09-29,2026-10-06,all events except coverage rows
Miami,avride,1,1,0,1,2026-09-29,2026-10-06,all events except coverage rows
Miami,blackstone,1,1,0,1,2026-09-29,2026-10-06,all events except coverage rows
Miami,brunswick,-1,0,1,1,2026-09-29,2026-10-06,all events except coverage rows
Miami,careaccess,-1,0,1,1,2026-09-29,2026-10-06,all events except coverage rows
Miami,chrono24,1,1,0,1,2026-09-29,2026-10-06,all events except coverage rows
Miami,cumminggroup,-1,0,1,1,2026-09-29,2026-10-06,all events except coverage rows
Miami,edgeuno,1,2,1,3,2026-09-29,2026-10-06,all events except coverage rows
Miami,eisneramper,-1,0,1,1,2026-09-29,2026-10-06,all events except coverage rows
Miami,ferrovial,1,1,0,1,2026-09-29,2026-10-06,all events except coverage rows
Miami,fivebelow,1,2,1,3,2026-09-29,2026-10-06,all events except coverage rows
Miami,freseniusmedicalcare,-1,0,1,1,2026-09-29,2026-10-06,all events except coverage rows
Miami,gategroup,-1,0,1,1,2026-09-29,2026-10-06,all events except coverage rows
Miami,gfs,1,1,0,1,2026-09-29,2026-10-06,all events except coverage rows
Miami,ghr,-1,0,1,1,2026-09-29,2026-10-06,all events except coverage rows
Miami,graybar,1,1,0,1,2026-09-29,2026-10-06,all events except coverage rows
Miami,hellmann,1,1,0,1,2026-09-29,2026-10-06,all events except coverage rows
Miami,imaginepediatrics,-1,0,1,1,2026-09-29,2026-10-06,all events except coverage rows
Miami,ivyrehab,1,1,0,1,2026-09-29,2026-10-06,all events except coverage rows
Miami,jacquemus,-1,0,1,1,2026-09-29,2026-10-06,all events except coverage rows
Miami,jcrew,-1,0,1,1,2026-09-29,2026-10-06,all events except coverage rows
Miami,lennar,-1,3,4,7,2026-09-29,2026-10-06,all events except coverage rows
Miami,marcusmillichap,1,1,0,1,2026-09-29,2026-10-06,all events except coverage rows
Miami,natuvion,1,1,0,1,2026-09-29,2026-10-06,all events except coverage rows
Miami,nike,-1,0,1,1,2026-09-29,2026-10-06,all events except coverage rows
Miami,ntrs,-1,0,1,1,2026-09-29,2026-10-06,all events except coverage rows
Miami,oneimaging,-1,0,1,1,2026-09-29,2026-10-06,all events except coverage rows
Miami,opendoor,1,2,1,3,2026-09-29,2026-10-06,all events except coverage rows
Miami,optimum7,-1,0,1,1,2026-09-29,2026-10-06,all events except coverage rows
Miami,oscglobal,-1,0,1,1,2026-09-29,2026-10-06,all events except coverage rows
Miami,outfrontmedia,1,1,0,1,2026-09-29,2026-10-06,all events except coverage rows
Miami,pentair,1,1,0,1,2026-09-29,2026-10-06,all events except coverage rows
Miami,pretiumenterpriseservices,1,1,0,1,2026-09-29,2026-10-06,all events except coverage rows
Miami,quvia,1,1,0,1,2026-09-29,2026-10-06,all events except coverage rows
Miami,regions,1,2,1,3,2026-09-29,2026-10-06,all events except coverage rows
Miami,resourcefultalentgroup,-1,0,1,1,2026-09-29,2026-10-06,all events except coverage rows
Miami,resq,-1,0,1,1,2026-09-29,2026-10-06,all events except coverage rows
Miami,roberthalf,-1,0,1,1,2026-09-29,2026-10-06,all events except coverage rows
Miami,scripps,-1,0,1,1,2026-09-29,2026-10-06,all events except coverage rows
Miami,seniorpsych,1,1,0,1,2026-09-29,2026-10-06,all events except coverage rows
Miami,simon,1,1,0,1,2026-09-29,2026-10-06,all events except coverage rows
Miami,sitero,1,1,0,1,2026-09-29,2026-10-06,all events except coverage rows
Miami,southstatebank,1,1,0,1,2026-09-29,2026-10-06,all events except coverage rows
Miami,tapestry,-1,0,1,1,2026-09-29,2026-10-06,all events except coverage rows
Miami,thermofisher,-1,0,1,1,2026-09-29,2026-10-06,all events except coverage rows
Miami,thewowcentermiami,1,1,0,1,2026-09-29,2026-10-06,all events except coverage rows
Miami,tjx,1,3,2,5,2026-09-29,2026-10-06,all events except coverage rows
Miami,tmobile,1,1,0,1,2026-09-29,2026-10-06,all events except coverage rows
Miami,toryburch,1,1,0,1,2026-09-29,2026-10-06,all events except coverage rows
Miami,townepark,-1,0,1,1,2026-09-29,2026-10-06,all events except coverage rows
Miami,verifone,1,1,0,1,2026-09-29,2026-10-06,all events except coverage rows
Miami,wagwalking,1,1,0,1,2026-09-29,2026-10-06,all events except coverage rows
Miami,walleyecapital-external-fulltime,-1,0,1,1,2026-09-29,2026-10-06,all events except coverage rows
Miami,wilsonelser,1,1,0,1,2026-09-29,2026-10-06,all events except coverage rows
Miami,Marksman Security LLC,0,1,1,2,2026-09-29,2026-10-06,all events except coverage rows
Miami,Nubank,0,2,2,4,2026-09-29,2026-10-06,all events except coverage rows
Miami,Speechify,0,1,1,2,2026-09-29,2026-10-06,all events except coverage rows
Miami,Trivium,0,1,1,2,2026-09-29,2026-10-06,all events except coverage rows
Miami,assurant,0,1,1,2,2026-09-29,2026-10-06,all events except coverage rows
Miami,diageo,0,1,1,2,2026-09-29,2026-10-06,all events except coverage rows
Miami,geico,0,2,2,4,2026-09-29,2026-10-06,all events except coverage rows
Miami,genpt,0,2,2,4,2026-09-29,2026-10-06,all events except coverage rows
Miami,hubinternational,0,1,1,2,2026-09-29,2026-10-06,all events except coverage rows
Miami,iqvia,0,2,2,4,2026-09-29,2026-10-06,all events except coverage rows
Miami,jerry.ai,0,1,1,2,2026-09-29,2026-10-06,all events except coverage rows
Miami,jll,0,7,7,14,2026-09-29,2026-10-06,all events except coverage rows
Miami,lowes,0,1,1,2,2026-09-29,2026-10-06,all events except coverage rows
Miami,medtronic,0,2,2,4,2026-09-29,2026-10-06,all events except coverage rows
Miami,nordstrom,0,2,2,4,2026-09-29,2026-10-06,all events except coverage rows
Miami,onenergy,0,1,1,2,2026-09-29,2026-10-06,all events except coverage rows
Miami,santander,0,7,7,14,2026-09-29,2026-10-06,all events except coverage rows
Miami,sharecare,0,1,1,2,2026-09-29,2026-10-06,all events except coverage rows
Miami,www,0,5,5,10,2026-09-29,2026-10-06,all events except coverage rows
Minneapolis,usbank,-12,18,30,48,2026-09-29,2026-10-06,all events except coverage rows
Minneapolis,rsm,-9,2,11,13,2026-09-29,2026-10-06,all events except coverage rows
Minneapolis,medtronic,6,22,16,38,2026-09-29,2026-10-06,all events except coverage rows
Minneapolis,ameriprise,-5,7,12,19,2026-09-29,2026-10-06,all events except coverage rows
Minneapolis,micron,5,6,1,7,2026-09-29,2026-10-06,all events except coverage rows
Minneapolis,xcelenergy,-5,7,12,19,2026-09-29,2026-10-06,all events except coverage rows
Minneapolis,careers,4,4,0,4,2026-09-29,2026-10-06,all events except coverage rows
Minneapolis,umphysicians,4,8,4,12,2026-09-29,2026-10-06,all events except coverage rows
Minneapolis,genmills,3,3,0,3,2026-09-29,2026-10-06,all events except coverage rows
Minneapolis,pipersandler,-3,1,4,5,2026-09-29,2026-10-06,all events except coverage rows
Minneapolis,2020companies,-2,0,2,2,2026-09-29,2026-10-06,all events except coverage rows
Minneapolis,Anaplan,-2,0,2,2,2026-09-29,2026-10-06,all events except coverage rows
Minneapolis,asmglobal,-2,0,2,2,2026-09-29,2026-10-06,all events except coverage rows
Minneapolis,bbinsurance,-2,0,2,2,2026-09-29,2026-10-06,all events except coverage rows
Minneapolis,colliers,-2,0,2,2,2026-09-29,2026-10-06,all events except coverage rows
Minneapolis,erm,-2,2,4,6,2026-09-29,2026-10-06,all events except coverage rows
Minneapolis,ghr,2,2,0,2,2026-09-29,2026-10-06,all events except coverage rows
Minneapolis,interiorlogicgroup,-2,0,2,2,2026-09-29,2026-10-06,all events except coverage rows
Minneapolis,rb,-2,1,3,4,2026-09-29,2026-10-06,all events except coverage rows
Minneapolis,rvohealth,2,2,0,2,2026-09-29,2026-10-06,all events except coverage rows
Minneapolis,stryker,-2,1,3,4,2026-09-29,2026-10-06,all events except coverage rows
Minneapolis,wf,2,9,7,16,2026-09-29,2026-10-06,all events except coverage rows
Minneapolis,younglife,-2,0,2,2,2026-09-29,2026-10-06,all events except coverage rows
Minneapolis,1800gotjunk,-1,1,2,3,2026-09-29,2026-10-06,all events except coverage rows
Minneapolis,Axsome Therapeutics,-1,0,1,1,2026-09-29,2026-10-06,all events except coverage rows
Minneapolis,Candid,1,1,0,1,2026-09-29,2026-10-06,all events except coverage rows
Minneapolis,Carvana,-1,1,2,3,2026-09-29,2026-10-06,all events except coverage rows
Minneapolis,EquipmentShare,-1,0,1,1,2026-09-29,2026-10-06,all events except coverage rows
Minneapolis,Esri,1,1,0,1,2026-09-29,2026-10-06,all events except coverage rows
Minneapolis,Kelso Building Services,-1,0,1,1,2026-09-29,2026-10-06,all events except coverage rows
Minneapolis,LifeStance Health,1,3,2,5,2026-09-29,2026-10-06,all events except coverage rows
Minneapolis,Lush Handmade Cosmetics,-1,0,1,1,2026-09-29,2026-10-06,all events except coverage rows
Minneapolis,Peloton,-1,0,1,1,2026-09-29,2026-10-06,all events except coverage rows
Minneapolis,Sezzle,-1,0,1,1,2026-09-29,2026-10-06,all events except coverage rows
Minneapolis,Toast,-1,0,1,1,2026-09-29,2026-10-06,all events except coverage rows
Minneapolis,United Placement Group,1,1,0,1,2026-09-29,2026-10-06,all events except coverage rows
Minneapolis,americanredcross,1,1,0,1,2026-09-29,2026-10-06,all events except coverage rows
Minneapolis,basecamp,1,2,1,3,2026-09-29,2026-10-06,all events except coverage rows
Minneapolis,bmo,-1,0,1,1,2026-09-29,2026-10-06,all events except coverage rows
Minneapolis,bostonanalytical,-1,0,1,1,2026-09-29,2026-10-06,all events except coverage rows
Minneapolis,calibercollision,-1,0,1,1,2026-09-29,2026-10-06,all events except coverage rows
Minneapolis,cw,-1,0,1,1,2026-09-29,2026-10-06,all events except coverage rows
Minneapolis,elementfleet,1,1,0,1,2026-09-29,2026-10-06,all events except coverage rows
Minneapolis,freseniusmedicalcare,-1,0,1,1,2026-09-29,2026-10-06,all events except coverage rows
Minneapolis,ghy,1,1,0,1,2026-09-29,2026-10-06,all events except coverage rows
Minneapolis,gobeacon,1,1,0,1,2026-09-29,2026-10-06,all events except coverage rows
Minneapolis,gravie,1,1,0,1,2026-09-29,2026-10-06,all events except coverage rows
Minneapolis,guardianpharmacy,1,1,0,1,2026-09-29,2026-10-06,all events except coverage rows
Minneapolis,herselfhealth,-1,0,1,1,2026-09-29,2026-10-06,all events except coverage rows
Minneapolis,huntington,1,2,1,3,2026-09-29,2026-10-06,all events except coverage rows
Minneapolis,hydritechemicalco,-1,0,1,1,2026-09-29,2026-10-06,all events except coverage rows
Minneapolis,inspiremedicalsystemsinc,1,5,4,9,2026-09-29,2026-10-06,all events except coverage rows
Minneapolis,integer,-1,0,1,1,2026-09-29,2026-10-06,all events except coverage rows
Minneapolis,internaljobsatlush,-1,0,1,1,2026-09-29,2026-10-06,all events except coverage rows
Minneapolis,iqvia,-1,0,1,1,2026-09-29,2026-10-06,all events except coverage rows
Minneapolis,jj,1,1,0,1,2026-09-29,2026-10-06,all events except coverage rows
Minneapolis,kbr,1,1,0,1,2026-09-29,2026-10-06,all events except coverage rows
Minneapolis,mastery-logistics-systems,-1,0,1,1,2026-09-29,2026-10-06,all events except coverage rows
Minneapolis,ms,1,2,1,3,2026-09-29,2026-10-06,all events except coverage rows
Minneapolis,mtb,-1,0,1,1,2026-09-29,2026-10-06,all events except coverage rows
Minneapolis,northwesternmutual,1,1,0,1,2026-09-29,2026-10-06,all events except coverage rows
Minneapolis,outfrontmedia,-1,0,1,1,2026-09-29,2026-10-06,all events except coverage rows
Minneapolis,relx,1,1,0,1,2026-09-29,2026-10-06,all events except coverage rows
Minneapolis,sbmmanagement,1,1,0,1,2026-09-29,2026-10-06,all events except coverage rows
Minneapolis,servicetec,-1,0,1,1,2026-09-29,2026-10-06,all events except coverage rows
Minneapolis,spothopper,-1,0,1,1,2026-09-29,2026-10-06,all events except coverage rows
Minneapolis,tactilemedical,-1,2,3,5,2026-09-29,2026-10-06,all events except coverage rows
Minneapolis,technosylva,-1,0,1,1,2026-09-29,2026-10-06,all events except coverage rows
Minneapolis,tempus,1,1,0,1,2026-09-29,2026-10-06,all events except coverage rows
Minneapolis,theweitzcompany,-1,0,1,1,2026-09-29,2026-10-06,all events except coverage rows
Minneapolis,townepark,1,1,0,1,2026-09-29,2026-10-06,all events except coverage rows
Minneapolis,traba,-1,0,1,1,2026-09-29,2026-10-06,all events except coverage rows
Minneapolis,tranetechnologies,-1,1,2,3,2026-09-29,2026-10-06,all events except coverage rows
Minneapolis,tsys,-1,0,1,1,2026-09-29,2026-10-06,all events except coverage rows
Minneapolis,tti,-1,0,1,1,2026-09-29,2026-10-06,all events except coverage rows
Minneapolis,uhaul,-1,0,1,1,2026-09-29,2026-10-06,all events except coverage rows
Minneapolis,www,-1,0,1,1,2026-09-29,2026-10-06,all events except coverage rows
Minneapolis,Speechify,0,1,1,2,2026-09-29,2026-10-06,all events except coverage rows
Minneapolis,cafortune,0,1,1,2,2026-09-29,2026-10-06,all events except coverage rows
Minneapolis,ferguson,0,1,1,2,2026-09-29,2026-10-06,all events except coverage rows
Minneapolis,genpt,0,1,1,2,2026-09-29,2026-10-06,all events except coverage rows
Minneapolis,holmesmurphy,0,1,1,2,2026-09-29,2026-10-06,all events except coverage rows
Minneapolis,j,0,4,4,8,2026-09-29,2026-10-06,all events except coverage rows
Minneapolis,jll,0,1,1,2,2026-09-29,2026-10-06,all events except coverage rows
Minneapolis,northmarq,0,1,1,2,2026-09-29,2026-10-06,all events except coverage rows
Minneapolis,roche,0,1,1,2,2026-09-29,2026-10-06,all events except coverage rows
Minneapolis,thebluebirdgrp,0,1,1,2,2026-09-29,2026-10-06,all events except coverage rows
Minneapolis,waymaker-resource-group,0,1,1,2,2026-09-29,2026-10-06,all events except coverage rows
Montreal,j,-13,4,17,21,2026-09-29,2026-10-06,all events except coverage rows
Montreal,"Lightspeed Commerce, Inc.",-8,4,12,16,2026-09-29,2026-10-06,all events except coverage rows
Montreal,eosaircraftinc,8,8,0,8,2026-09-29,2026-10-06,all events except coverage rows
Montreal,manulife,-8,3,11,14,2026-09-29,2026-10-06,all events except coverage rows
Montreal,bdc,-7,11,18,29,2026-09-29,2026-10-06,all events except coverage rows
Montreal,WPP Media,-6,0,6,6,2026-09-29,2026-10-06,all events except coverage rows
Montreal,cbcrc,-6,8,14,22,2026-09-29,2026-10-06,all events except coverage rows
Montreal,Genetec,5,8,3,11,2026-09-29,2026-10-06,all events except coverage rows
Montreal,Side,-4,0,4,4,2026-09-29,2026-10-06,all events except coverage rows
Montreal,midtown,4,4,0,4,2026-09-29,2026-10-06,all events except coverage rows
Montreal,bmo,3,9,6,15,2026-09-29,2026-10-06,all events except coverage rows
Montreal,pwc,-3,1,4,5,2026-09-29,2026-10-06,all events except coverage rows
Montreal,sbdinc,-3,0,3,3,2026-09-29,2026-10-06,all events except coverage rows
Montreal,sunlife,-3,3,6,9,2026-09-29,2026-10-06,all events except coverage rows
Montreal,tjx,3,3,0,3,2026-09-29,2026-10-06,all events except coverage rows
Montreal,AbCellera,-2,0,2,2,2026-09-29,2026-10-06,all events except coverage rows
Montreal,Keywords Studios,2,2,0,2,2026-09-29,2026-10-06,all events except coverage rows
Montreal,Lyft,2,2,0,2,2026-09-29,2026-10-06,all events except coverage rows
Montreal,MaintainX (An Autodesk Company),-2,1,3,4,2026-09-29,2026-10-06,all events except coverage rows
Montreal,OpenTable,-2,0,2,2,2026-09-29,2026-10-06,all events except coverage rows
Montreal,bgcengineering,2,2,0,2,2026-09-29,2026-10-06,all events except coverage rows
Montreal,capintel,2,2,0,2,2026-09-29,2026-10-06,all events except coverage rows
Montreal,chgroup,2,2,0,2,2026-09-29,2026-10-06,all events except coverage rows
Montreal,freschesolutions,-2,0,2,2,2026-09-29,2026-10-06,all events except coverage rows
Montreal,ia,2,3,1,4,2026-09-29,2026-10-06,all events except coverage rows
Montreal,kdrp,2,2,0,2,2026-09-29,2026-10-06,all events except coverage rows
Montreal,landr,2,2,0,2,2026-09-29,2026-10-06,all events except coverage rows
Montreal,statestreet,-2,0,2,2,2026-09-29,2026-10-06,all events except coverage rows
Montreal,thales,-2,0,2,2,2026-09-29,2026-10-06,all events except coverage rows
Montreal,xona-space,2,2,0,2,2026-09-29,2026-10-06,all events except coverage rows
Montreal,Epic Games,1,2,1,3,2026-09-29,2026-10-06,all events except coverage rows
Montreal,"Huawei Technologies Canada Co., Ltd.",-1,1,2,3,2026-09-29,2026-10-06,all events except coverage rows
Montreal,Human Agency,-1,0,1,1,2026-09-29,2026-10-06,all events except coverage rows
Montreal,Kognitive Sales Solutions,1,1,0,1,2026-09-29,2026-10-06,all events except coverage rows
Montreal,Mejuri,1,1,0,1,2026-09-29,2026-10-06,all events except coverage rows
Montreal,Valsoft Corporation,-1,1,2,3,2026-09-29,2026-10-06,all events except coverage rows
Montreal,Valtech,-1,3,4,7,2026-09-29,2026-10-06,all events except coverage rows
Montreal,alsglobal,-1,0,1,1,2026-09-29,2026-10-06,all events except coverage rows
Montreal,amilia,1,1,0,1,2026-09-29,2026-10-06,all events except coverage rows
Montreal,aninebing,-1,1,2,3,2026-09-29,2026-10-06,all events except coverage rows
Montreal,apolloscooters,-1,0,1,1,2026-09-29,2026-10-06,all events except coverage rows
Montreal,autodesk,1,1,0,1,2026-09-29,2026-10-06,all events except coverage rows
Montreal,balfour,1,1,0,1,2026-09-29,2026-10-06,all events except coverage rows
Montreal,careers,1,1,0,1,2026-09-29,2026-10-06,all events except coverage rows
Montreal,cineplex,-1,2,3,5,2026-09-29,2026-10-06,all events except coverage rows
Montreal,civalgo,-1,0,1,1,2026-09-29,2026-10-06,all events except coverage rows
Montreal,consultdss,1,1,0,1,2026-09-29,2026-10-06,all events except coverage rows
Montreal,copart,1,1,0,1,2026-09-29,2026-10-06,all events except coverage rows
Montreal,danaher,1,1,0,1,2026-09-29,2026-10-06,all events except coverage rows
Montreal,epicgames,1,2,1,3,2026-09-29,2026-10-06,all events except coverage rows
Montreal,everguard,1,1,0,1,2026-09-29,2026-10-06,all events except coverage rows
Montreal,firststudent,1,1,0,1,2026-09-29,2026-10-06,all events except coverage rows
Montreal,framestore,-1,0,1,1,2026-09-29,2026-10-06,all events except coverage rows
Montreal,fuzelogistics,1,2,1,3,2026-09-29,2026-10-06,all events except coverage rows
Montreal,goto,1,1,0,1,2026-09-29,2026-10-06,all events except coverage rows
Montreal,hubinternational,-1,0,1,1,2026-09-29,2026-10-06,all events except coverage rows
Montreal,icon,1,1,0,1,2026-09-29,2026-10-06,all events except coverage rows
Montreal,inbeat-agency,1,1,0,1,2026-09-29,2026-10-06,all events except coverage rows
Montreal,kyndryl,-1,0,1,1,2026-09-29,2026-10-06,all events except coverage rows
Montreal,mckesson,-1,0,1,1,2026-09-29,2026-10-06,all events except coverage rows
Montreal,mvh,-1,0,1,1,2026-09-29,2026-10-06,all events except coverage rows
Montreal,navcanada,-1,1,2,3,2026-09-29,2026-10-06,all events except coverage rows
Montreal,nike,1,1,0,1,2026-09-29,2026-10-06,all events except coverage rows
Montreal,nomic,1,1,0,1,2026-09-29,2026-10-06,all events except coverage rows
Montreal,paloaltonetworks,-1,0,1,1,2026-09-29,2026-10-06,all events except coverage rows
Montreal,passportbranddesign,1,1,0,1,2026-09-29,2026-10-06,all events except coverage rows
Montreal,peakgroup,1,1,0,1,2026-09-29,2026-10-06,all events except coverage rows
Montreal,quadbridge,-1,0,1,1,2026-09-29,2026-10-06,all events except coverage rows
Montreal,reddyice,-1,0,1,1,2026-09-29,2026-10-06,all events except coverage rows
Montreal,rollsroyce,1,1,0,1,2026-09-29,2026-10-06,all events except coverage rows
Montreal,sedgwick,1,1,0,1,2026-09-29,2026-10-06,all events except coverage rows
Montreal,silabs,-1,0,1,1,2026-09-29,2026-10-06,all events except coverage rows
Montreal,stryker,1,1,0,1,2026-09-29,2026-10-06,all events except coverage rows
Montreal,swarovski,-1,0,1,1,2026-09-29,2026-10-06,all events except coverage rows
Montreal,tiree,1,1,0,1,2026-09-29,2026-10-06,all events except coverage rows
Montreal,tranetechnologies,-1,1,2,3,2026-09-29,2026-10-06,all events except coverage rows
Montreal,ur,-1,0,1,1,2026-09-29,2026-10-06,all events except coverage rows
Montreal,vibrantmarketing,-1,0,1,1,2026-09-29,2026-10-06,all events except coverage rows
Montreal,vicpark,1,1,0,1,2026-09-29,2026-10-06,all events except coverage rows
Montreal,workatbackbase,1,1,0,1,2026-09-29,2026-10-06,all events except coverage rows
Montreal,zendesk,-1,0,1,1,2026-09-29,2026-10-06,all events except coverage rows
Montreal,SOGECLAIR,0,3,3,6,2026-09-29,2026-10-06,all events except coverage rows
Montreal,alveole,0,1,1,2,2026-09-29,2026-10-06,all events except coverage rows
Montreal,appdirect,0,3,3,6,2026-09-29,2026-10-06,all events except coverage rows
Montreal,cc,0,1,1,2,2026-09-29,2026-10-06,all events except coverage rows
Montreal,facetofacegames,0,1,1,2,2026-09-29,2026-10-06,all events except coverage rows
Montreal,highdive,0,1,1,2,2026-09-29,2026-10-06,all events except coverage rows
Montreal,jll,0,1,1,2,2026-09-29,2026-10-06,all events except coverage rows
Montreal,ms,0,2,2,4,2026-09-29,2026-10-06,all events except coverage rows
Montreal,opalrt,0,1,1,2,2026-09-29,2026-10-06,all events except coverage rows
Montreal,silgancontainers,0,1,1,2,2026-09-29,2026-10-06,all events except coverage rows
Montreal,tsys,0,3,3,6,2026-09-29,2026-10-06,all events except coverage rows
Montreal,uhaul,0,1,1,2,2026-09-29,2026-10-06,all events except coverage rows
Montreal,zebra,0,1,1,2,2026-09-29,2026-10-06,all events except coverage rows
Mumbai,blackrock,-8,8,16,24,2026-09-29,2026-10-06,all events except coverage rows
Mumbai,tiaa,-8,1,9,10,2026-09-29,2026-10-06,all events except coverage rows
Mumbai,careers,7,7,0,7,2026-09-29,2026-10-06,all events except coverage rows
Mumbai,issgovernance,-7,4,11,15,2026-09-29,2026-10-06,all events except coverage rows
Mumbai,j,7,11,4,15,2026-09-29,2026-10-06,all events except coverage rows
Mumbai,Weekday AI,-6,22,28,50,2026-09-29,2026-10-06,all events except coverage rows
Mumbai,dbs,-6,5,11,16,2026-09-29,2026-10-06,all events except coverage rows
Mumbai,db,5,10,5,15,2026-09-29,2026-10-06,all events except coverage rows
Mumbai,jll,-5,33,38,71,2026-09-29,2026-10-06,all events except coverage rows
Mumbai,oliverseapac,5,8,3,11,2026-09-29,2026-10-06,all events except coverage rows
Mumbai,nttlimited,-4,3,7,10,2026-09-29,2026-10-06,all events except coverage rows
Mumbai,AlphaSense,-3,0,3,3,2026-09-29,2026-10-06,all events except coverage rows
Mumbai,abb,-3,1,4,5,2026-09-29,2026-10-06,all events except coverage rows
Mumbai,alphasenseindia,-3,0,3,3,2026-09-29,2026-10-06,all events except coverage rows
Mumbai,statestreet,3,15,12,27,2026-09-29,2026-10-06,all events except coverage rows
Mumbai,synechron,-3,1,4,5,2026-09-29,2026-10-06,all events except coverage rows
Mumbai,FeverUp,2,2,0,2,2026-09-29,2026-10-06,all events except coverage rows
Mumbai,Hudson Manpower,-2,0,2,2,2026-09-29,2026-10-06,all events except coverage rows
Mumbai,IMC,2,3,1,4,2026-09-29,2026-10-06,all events except coverage rows
Mumbai,airtrunk,2,2,0,2,2026-09-29,2026-10-06,all events except coverage rows
Mumbai,barclays,2,7,5,12,2026-09-29,2026-10-06,all events except coverage rows
Mumbai,blenheimchalcotindia,2,2,0,2,2026-09-29,2026-10-06,all events except coverage rows
Mumbai,bloomenergy,-2,0,2,2,2026-09-29,2026-10-06,all events except coverage rows
Mumbai,cbcrc,-2,0,2,2,2026-09-29,2026-10-06,all events except coverage rows
Mumbai,fortrea,2,2,0,2,2026-09-29,2026-10-06,all events except coverage rows
Mumbai,hitachi,2,2,0,2,2026-09-29,2026-10-06,all events except coverage rows
Mumbai,hp,2,4,2,6,2026-09-29,2026-10-06,all events except coverage rows
Mumbai,ingredion,-2,0,2,2,2026-09-29,2026-10-06,all events except coverage rows
Mumbai,mdlz,2,2,0,2,2026-09-29,2026-10-06,all events except coverage rows
Mumbai,netflix,2,2,0,2,2026-09-29,2026-10-06,all events except coverage rows
Mumbai,regalrexnord,-2,0,2,2,2026-09-29,2026-10-06,all events except coverage rows
Mumbai,russell,-2,2,4,6,2026-09-29,2026-10-06,all events except coverage rows
Mumbai,skechers,2,4,2,6,2026-09-29,2026-10-06,all events except coverage rows
Mumbai,solenis,2,3,1,4,2026-09-29,2026-10-06,all events except coverage rows
Mumbai,thermofisher,-2,1,3,4,2026-09-29,2026-10-06,all events except coverage rows
Mumbai,web,-2,0,2,2,2026-09-29,2026-10-06,all events except coverage rows
Mumbai,Adyen,1,1,0,1,2026-09-29,2026-10-06,all events except coverage rows
Mumbai,Anaplan,-1,0,1,1,2026-09-29,2026-10-06,all events except coverage rows
Mumbai,Anthropic,1,1,0,1,2026-09-29,2026-10-06,all events except coverage rows
Mumbai,Elastic,1,1,0,1,2026-09-29,2026-10-06,all events except coverage rows
Mumbai,Flexport,1,1,0,1,2026-09-29,2026-10-06,all events except coverage rows
Mumbai,Guidepoint,1,2,1,3,2026-09-29,2026-10-06,all events except coverage rows
Mumbai,LUXASIA,1,1,0,1,2026-09-29,2026-10-06,all events except coverage rows
Mumbai,Lincoln International,-1,0,1,1,2026-09-29,2026-10-06,all events except coverage rows
Mumbai,Okta,1,1,0,1,2026-09-29,2026-10-06,all events except coverage rows
Mumbai,Qube Research & Technologies,-1,0,1,1,2026-09-29,2026-10-06,all events except coverage rows
Mumbai,Referral Board,1,1,0,1,2026-09-29,2026-10-06,all events except coverage rows
Mumbai,Rentokil Initial,1,1,0,1,2026-09-29,2026-10-06,all events except coverage rows
Mumbai,The Hershey Company,-1,0,1,1,2026-09-29,2026-10-06,all events except coverage rows
Mumbai,VML/WPP Enterprise Solutions,1,1,0,1,2026-09-29,2026-10-06,all events except coverage rows
Mumbai,Veeam Software,1,1,0,1,2026-09-29,2026-10-06,all events except coverage rows
Mumbai,WPP Media,-1,2,3,5,2026-09-29,2026-10-06,all events except coverage rows
Mumbai,aresmgmt,1,7,6,13,2026-09-29,2026-10-06,all events except coverage rows
Mumbai,azelis,-1,1,2,3,2026-09-29,2026-10-06,all events except coverage rows
Mumbai,brandtechplus,-1,1,2,3,2026-09-29,2026-10-06,all events except coverage rows
Mumbai,brenntag,-1,0,1,1,2026-09-29,2026-10-06,all events except coverage rows
Mumbai,cisco,1,1,0,1,2026-09-29,2026-10-06,all events except coverage rows
Mumbai,crunchyroll,1,1,0,1,2026-09-29,2026-10-06,all events except coverage rows
Mumbai,danaher,1,1,0,1,2026-09-29,2026-10-06,all events except coverage rows
Mumbai,eisneramper,1,4,3,7,2026-09-29,2026-10-06,all events except coverage rows
Mumbai,ffive,1,1,0,1,2026-09-29,2026-10-06,all events except coverage rows
Mumbai,fractal,-1,0,1,1,2026-09-29,2026-10-06,all events except coverage rows
Mumbai,framestore,-1,0,1,1,2026-09-29,2026-10-06,all events except coverage rows
Mumbai,freseniusmedicalcare,-1,0,1,1,2026-09-29,2026-10-06,all events except coverage rows
Mumbai,fulkrum,-1,0,1,1,2026-09-29,2026-10-06,all events except coverage rows
Mumbai,gevernova,-1,0,1,1,2026-09-29,2026-10-06,all events except coverage rows
Mumbai,gruve,-1,0,1,1,2026-09-29,2026-10-06,all events except coverage rows
Mumbai,hmhw,-1,0,1,1,2026-09-29,2026-10-06,all events except coverage rows
Mumbai,hpe,-1,0,1,1,2026-09-29,2026-10-06,all events except coverage rows
Mumbai,iff,-1,0,1,1,2026-09-29,2026-10-06,all events except coverage rows
Mumbai,ingrammicro,-1,1,2,3,2026-09-29,2026-10-06,all events except coverage rows
Mumbai,jellyfishcareers,-1,1,2,3,2026-09-29,2026-10-06,all events except coverage rows
Mumbai,jj,-1,5,6,11,2026-09-29,2026-10-06,all events except coverage rows
Mumbai,kantar,-1,5,6,11,2026-09-29,2026-10-06,all events except coverage rows
Mumbai,kone,-1,0,1,1,2026-09-29,2026-10-06,all events except coverage rows
Mumbai,mastercard,1,1,0,1,2026-09-29,2026-10-06,all events except coverage rows
Mumbai,mobileye,1,1,0,1,2026-09-29,2026-10-06,all events except coverage rows
Mumbai,morningstar,-1,0,1,1,2026-09-29,2026-10-06,all events except coverage rows
Mumbai,ms,-1,19,20,39,2026-09-29,2026-10-06,all events except coverage rows
Mumbai,murex,-1,1,2,3,2026-09-29,2026-10-06,all events except coverage rows
Mumbai,nttglobaldatacenters,1,4,3,7,2026-09-29,2026-10-06,all events except coverage rows
Mumbai,precisiondev,-1,0,1,1,2026-09-29,2026-10-06,all events except coverage rows
Mumbai,priceline,1,1,0,1,2026-09-29,2026-10-06,all events except coverage rows
Mumbai,relx,-1,0,1,1,2026-09-29,2026-10-06,all events except coverage rows
Mumbai,revvity,-1,0,1,1,2026-09-29,2026-10-06,all events except coverage rows
Mumbai,rollsroyce,1,1,0,1,2026-09-29,2026-10-06,all events except coverage rows
Mumbai,springernature,1,1,0,1,2026-09-29,2026-10-06,all events except coverage rows
Mumbai,theapexgroup,-1,4,5,9,2026-09-29,2026-10-06,all events except coverage rows
Mumbai,thoughtworksreferral,-1,0,1,1,2026-09-29,2026-10-06,all events except coverage rows
Mumbai,tranetechnologies,1,1,0,1,2026-09-29,2026-10-06,all events except coverage rows
Mumbai,trinitycollege,1,1,0,1,2026-09-29,2026-10-06,all events except coverage rows
Mumbai,wri,1,1,0,1,2026-09-29,2026-10-06,all events except coverage rows
Mumbai,www,1,1,0,1,2026-09-29,2026-10-06,all events except coverage rows
Mumbai,2070Health,0,1,1,2,2026-09-29,2026-10-06,all events except coverage rows
Mumbai,Speechify,0,1,1,2,2026-09-29,2026-10-06,all events except coverage rows
Mumbai,WPP,0,3,3,6,2026-09-29,2026-10-06,all events except coverage rows
Mumbai,Zscaler,0,1,1,2,2026-09-29,2026-10-06,all events except coverage rows
Mumbai,ayvens,0,1,1,2,2026-09-29,2026-10-06,all events except coverage rows
Mumbai,cw,0,2,2,4,2026-09-29,2026-10-06,all events except coverage rows
Mumbai,dentsuaegis,0,3,3,6,2026-09-29,2026-10-06,all events except coverage rows
Mumbai,issgh,0,2,2,4,2026-09-29,2026-10-06,all events except coverage rows
Mumbai,jiostar,0,4,4,8,2026-09-29,2026-10-06,all events except coverage rows
Mumbai,kyndryl,0,3,3,6,2026-09-29,2026-10-06,all events except coverage rows
Mumbai,razorpaysoftwareprivatelimited,0,1,1,2,2026-09-29,2026-10-06,all events except coverage rows
Mumbai,roche,0,2,2,4,2026-09-29,2026-10-06,all events except coverage rows
Mumbai,sunlife,0,1,1,2,2026-09-29,2026-10-06,all events except coverage rows
Mumbai,unispace,0,1,1,2,2026-09-29,2026-10-06,all events except coverage rows
Munich,Celonis,-13,1,14,15,2026-09-29,2026-10-06,all events except coverage rows
Munich,Clera,-10,30,40,70,2026-09-29,2026-10-06,all events except coverage rows
Munich,Helsing,8,15,7,22,2026-09-29,2026-10-06,all events except coverage rows
Munich,Destinus,-4,0,4,4,2026-09-29,2026-10-06,all events except coverage rows
Munich,arxroboticsgmbh,4,8,4,12,2026-09-29,2026-10-06,all events except coverage rows
Munich,proteros-biostructures-gmbh,-4,0,4,4,2026-09-29,2026-10-06,all events except coverage rows
Munich,proxima-fusion,4,7,3,10,2026-09-29,2026-10-06,all events except coverage rows
Munich,Databricks,-3,0,3,3,2026-09-29,2026-10-06,all events except coverage rows
Munich,Revolution Medicines,3,4,1,5,2026-09-29,2026-10-06,all events except coverage rows
Munich,Roadsurfer,-3,0,3,3,2026-09-29,2026-10-06,all events except coverage rows
Munich,manex,-3,1,4,5,2026-09-29,2026-10-06,all events except coverage rows
Munich,se3,3,3,0,3,2026-09-29,2026-10-06,all events except coverage rows
Munich,Infosys Consulting - Europe,-2,0,2,2,2026-09-29,2026-10-06,all events except coverage rows
Munich,The Exploration Company,2,3,1,4,2026-09-29,2026-10-06,all events except coverage rows
Munich,greenlight-workforce-solutions,2,2,0,2,2026-09-29,2026-10-06,all events except coverage rows
Munich,j,-2,1,3,4,2026-09-29,2026-10-06,all events except coverage rows
Munich,jll,2,2,0,2,2026-09-29,2026-10-06,all events except coverage rows
Munich,mobileye,2,3,1,4,2026-09-29,2026-10-06,all events except coverage rows
Munich,omaze,-2,0,2,2,2026-09-29,2026-10-06,all events except coverage rows
Munich,predium,-2,0,2,2,2026-09-29,2026-10-06,all events except coverage rows
Munich,tapestry,-2,0,2,2,2026-09-29,2026-10-06,all events except coverage rows
Munich,tytantechnologiesgmbh,-2,3,5,8,2026-09-29,2026-10-06,all events except coverage rows
Munich,Anthropic,1,2,1,3,2026-09-29,2026-10-06,all events except coverage rows
Munich,FeverUp,1,1,0,1,2026-09-29,2026-10-06,all events except coverage rows
Munich,Guess Europe Sagl,1,1,0,1,2026-09-29,2026-10-06,all events except coverage rows
Munich,ICEYE,-1,0,1,1,2026-09-29,2026-10-06,all events except coverage rows
Munich,Lucid Motors,-1,2,3,5,2026-09-29,2026-10-06,all events except coverage rows
Munich,Moss,1,1,0,1,2026-09-29,2026-10-06,all events except coverage rows
Munich,Neura Robotics,1,1,0,1,2026-09-29,2026-10-06,all events except coverage rows
Munich,Rubrik,1,1,0,1,2026-09-29,2026-10-06,all events except coverage rows
Munich,Synthesia,-1,0,1,1,2026-09-29,2026-10-06,all events except coverage rows
Munich,Teradyne,1,1,0,1,2026-09-29,2026-10-06,all events except coverage rows
Munich,Valtech,1,1,0,1,2026-09-29,2026-10-06,all events except coverage rows
Munich,adobe,1,1,0,1,2026-09-29,2026-10-06,all events except coverage rows
Munich,aig,-1,0,1,1,2026-09-29,2026-10-06,all events except coverage rows
Munich,alta-ares,1,1,0,1,2026-09-29,2026-10-06,all events except coverage rows
Munich,aras,1,1,0,1,2026-09-29,2026-10-06,all events except coverage rows
Munich,audi-business-innovation-gmbh,1,1,0,1,2026-09-29,2026-10-06,all events except coverage rows
Munich,autodesk,-1,0,1,1,2026-09-29,2026-10-06,all events except coverage rows
Munich,baxter,-1,0,1,1,2026-09-29,2026-10-06,all events except coverage rows
Munich,careers,1,1,0,1,2026-09-29,2026-10-06,all events except coverage rows
Munich,convatec,1,1,0,1,2026-09-29,2026-10-06,all events except coverage rows
Munich,db,1,1,0,1,2026-09-29,2026-10-06,all events except coverage rows
Munich,eqs-group,1,2,1,3,2026-09-29,2026-10-06,all events except coverage rows
Munich,gtlaw,1,1,0,1,2026-09-29,2026-10-06,all events except coverage rows
Munich,ikpartners,-1,0,1,1,2026-09-29,2026-10-06,all events except coverage rows
Munich,karllagerfeld,1,1,0,1,2026-09-29,2026-10-06,all events except coverage rows
Munich,landor,1,1,0,1,2026-09-29,2026-10-06,all events except coverage rows
Munich,linklaters,1,1,0,1,2026-09-29,2026-10-06,all events except coverage rows
Munich,logitech,1,1,0,1,2026-09-29,2026-10-06,all events except coverage rows
Munich,maibornwolff,1,1,0,1,2026-09-29,2026-10-06,all events except coverage rows
Munich,marvelfusion,-1,0,1,1,2026-09-29,2026-10-06,all events except coverage rows
Munich,resmed,1,1,0,1,2026-09-29,2026-10-06,all events except coverage rows
Munich,siteminder,1,1,0,1,2026-09-29,2026-10-06,all events except coverage rows
Munich,sonos,1,1,0,1,2026-09-29,2026-10-06,all events except coverage rows
Munich,springernature,1,1,0,1,2026-09-29,2026-10-06,all events except coverage rows
Munich,statestreet,-1,1,2,3,2026-09-29,2026-10-06,all events except coverage rows
Munich,tandem-health,1,1,0,1,2026-09-29,2026-10-06,all events except coverage rows
Munich,thermofisher,1,1,0,1,2026-09-29,2026-10-06,all events except coverage rows
Munich,wemolo,-1,2,3,5,2026-09-29,2026-10-06,all events except coverage rows
Munich,workerbase,1,1,0,1,2026-09-29,2026-10-06,all events except coverage rows
Munich,www,-1,0,1,1,2026-09-29,2026-10-06,all events except coverage rows
Munich,xometryeurope,-1,0,1,1,2026-09-29,2026-10-06,all events except coverage rows
Munich,zeit-ai,1,3,2,5,2026-09-29,2026-10-06,all events except coverage rows
Munich,Everpure,0,1,1,2,2026-09-29,2026-10-06,all events except coverage rows
Munich,OpenAI,0,1,1,2,2026-09-29,2026-10-06,all events except coverage rows
Munich,Speechify,0,1,1,2,2026-09-29,2026-10-06,all events except coverage rows
Munich,caa,0,1,1,2,2026-09-29,2026-10-06,all events except coverage rows
Munich,checkmk-gmbh,0,1,1,2,2026-09-29,2026-10-06,all events except coverage rows
Munich,iqvia,0,1,1,2,2026-09-29,2026-10-06,all events except coverage rows
Munich,konux,0,1,1,2,2026-09-29,2026-10-06,all events except coverage rows
Munich,regeneron,0,1,1,2,2026-09-29,2026-10-06,all events except coverage rows
Nashville,basspro,18,23,5,28,2026-09-29,2026-10-06,all events except coverage rows
Nashville,vumc,-12,161,173,334,2026-09-29,2026-10-06,all events except coverage rows
Nashville,careers,9,9,0,9,2026-09-29,2026-10-06,all events except coverage rows
Nashville,claytonhomes,8,8,0,8,2026-09-29,2026-10-06,all events except coverage rows
Nashville,youthvillages,-5,0,5,5,2026-09-29,2026-10-06,all events except coverage rows
Nashville,ferrovial,3,3,0,3,2026-09-29,2026-10-06,all events except coverage rows
Nashville,lowes,-3,3,6,9,2026-09-29,2026-10-06,all events except coverage rows
Nashville,philips,-3,4,7,11,2026-09-29,2026-10-06,all events except coverage rows
Nashville,rsm,-3,0,3,3,2026-09-29,2026-10-06,all events except coverage rows
Nashville,toryburch,3,4,1,5,2026-09-29,2026-10-06,all events except coverage rows
Nashville,usbank,3,5,2,7,2026-09-29,2026-10-06,all events except coverage rows
Nashville,youthopportunity,-3,0,3,3,2026-09-29,2026-10-06,all events except coverage rows
Nashville,Checkr,2,3,1,4,2026-09-29,2026-10-06,all events except coverage rows
Nashville,Lyft,-2,1,3,4,2026-09-29,2026-10-06,all events except coverage rows
Nashville,Pearce Services,-2,0,2,2,2026-09-29,2026-10-06,all events except coverage rows
Nashville,Upstream Rehabilitation,-2,0,2,2,2026-09-29,2026-10-06,all events except coverage rows
Nashville,app,2,3,1,4,2026-09-29,2026-10-06,all events except coverage rows
Nashville,imaginepediatrics,-2,0,2,2,2026-09-29,2026-10-06,all events except coverage rows
Nashville,j,-2,2,4,6,2026-09-29,2026-10-06,all events except coverage rows
Nashville,jll,2,7,5,12,2026-09-29,2026-10-06,all events except coverage rows
Nashville,nashvillezoo,2,3,1,4,2026-09-29,2026-10-06,all events except coverage rows
Nashville,paloaltonetworks,-2,0,2,2,2026-09-29,2026-10-06,all events except coverage rows
Nashville,portside,2,2,0,2,2026-09-29,2026-10-06,all events except coverage rows
Nashville,tapestry,-2,0,2,2,2026-09-29,2026-10-06,all events except coverage rows
Nashville,Axon,-1,1,2,3,2026-09-29,2026-10-06,all events except coverage rows
Nashville,Barnes &amp; Thornburg LLP,-1,0,1,1,2026-09-29,2026-10-06,all events except coverage rows
Nashville,Charlie Health,-1,0,1,1,2026-09-29,2026-10-06,all events except coverage rows
Nashville,Clearwater,1,1,0,1,2026-09-29,2026-10-06,all events except coverage rows
Nashville,Datavant,-1,0,1,1,2026-09-29,2026-10-06,all events except coverage rows
Nashville,Glean,1,1,0,1,2026-09-29,2026-10-06,all events except coverage rows
Nashville,Kelso Building Services,-1,0,1,1,2026-09-29,2026-10-06,all events except coverage rows
Nashville,Langan Engineering & Environmental Services,1,1,0,1,2026-09-29,2026-10-06,all events except coverage rows
Nashville,MRG Exams,1,1,0,1,2026-09-29,2026-10-06,all events except coverage rows
Nashville,"Morgan & Morgan, P.A.",-1,1,2,3,2026-09-29,2026-10-06,all events except coverage rows
Nashville,Natera,1,1,0,1,2026-09-29,2026-10-06,all events except coverage rows
Nashville,Octave,-1,0,1,1,2026-09-29,2026-10-06,all events except coverage rows
Nashville,Reformation,1,1,0,1,2026-09-29,2026-10-06,all events except coverage rows
Nashville,Renuity,1,1,0,1,2026-09-29,2026-10-06,all events except coverage rows
Nashville,Titan Security Group,1,1,0,1,2026-09-29,2026-10-06,all events except coverage rows
Nashville,Toast,-1,0,1,1,2026-09-29,2026-10-06,all events except coverage rows
Nashville,Zeta Global,-1,0,1,1,2026-09-29,2026-10-06,all events except coverage rows
Nashville,arctiq,-1,0,1,1,2026-09-29,2026-10-06,all events except coverage rows
Nashville,ascensionrecovery,-1,0,1,1,2026-09-29,2026-10-06,all events except coverage rows
Nashville,asuresoftware,-1,0,1,1,2026-09-29,2026-10-06,all events except coverage rows
Nashville,att,1,2,1,3,2026-09-29,2026-10-06,all events except coverage rows
Nashville,cafortune,-1,0,1,1,2026-09-29,2026-10-06,all events except coverage rows
Nashville,cat,1,1,0,1,2026-09-29,2026-10-06,all events except coverage rows
Nashville,cff,-1,0,1,1,2026-09-29,2026-10-06,all events except coverage rows
Nashville,ci2,1,1,0,1,2026-09-29,2026-10-06,all events except coverage rows
Nashville,colliers,1,1,0,1,2026-09-29,2026-10-06,all events except coverage rows
Nashville,corrohealth,-1,0,1,1,2026-09-29,2026-10-06,all events except coverage rows
Nashville,cromwellmc,-1,0,1,1,2026-09-29,2026-10-06,all events except coverage rows
Nashville,cumminggroup,1,1,0,1,2026-09-29,2026-10-06,all events except coverage rows
Nashville,echo,-1,0,1,1,2026-09-29,2026-10-06,all events except coverage rows
Nashville,enbridge,-1,0,1,1,2026-09-29,2026-10-06,all events except coverage rows
Nashville,ferguson,-1,0,1,1,2026-09-29,2026-10-06,all events except coverage rows
Nashville,freseniusmedicalcare,1,3,2,5,2026-09-29,2026-10-06,all events except coverage rows
Nashville,genpt,-1,0,1,1,2026-09-29,2026-10-06,all events except coverage rows
Nashville,graybar,-1,0,1,1,2026-09-29,2026-10-06,all events except coverage rows
Nashville,hankooktireamericacorp,-1,0,1,1,2026-09-29,2026-10-06,all events except coverage rows
Nashville,hhs,1,3,2,5,2026-09-29,2026-10-06,all events except coverage rows
Nashville,hitachi,-1,2,3,5,2026-09-29,2026-10-06,all events except coverage rows
Nashville,hklaw,1,1,0,1,2026-09-29,2026-10-06,all events except coverage rows
Nashville,hubinternational,1,1,0,1,2026-09-29,2026-10-06,all events except coverage rows
Nashville,huntington,1,1,0,1,2026-09-29,2026-10-06,all events except coverage rows
Nashville,insperity,1,1,0,1,2026-09-29,2026-10-06,all events except coverage rows
Nashville,ivyrehab,1,1,0,1,2026-09-29,2026-10-06,all events except coverage rows
Nashville,jcrew,-1,0,1,1,2026-09-29,2026-10-06,all events except coverage rows
Nashville,jj,1,2,1,3,2026-09-29,2026-10-06,all events except coverage rows
Nashville,lplfinancial,1,1,0,1,2026-09-29,2026-10-06,all events except coverage rows
Nashville,luminaryhospice,-1,0,1,1,2026-09-29,2026-10-06,all events except coverage rows
Nashville,mainstreethealth,1,1,0,1,2026-09-29,2026-10-06,all events except coverage rows
Nashville,mamayahealth,1,1,0,1,2026-09-29,2026-10-06,all events except coverage rows
Nashville,marcusmillichap,1,1,0,1,2026-09-29,2026-10-06,all events except coverage rows
Nashville,medtronic,1,3,2,5,2026-09-29,2026-10-06,all events except coverage rows
Nashville,metropolis,1,1,0,1,2026-09-29,2026-10-06,all events except coverage rows
Nashville,mosai,-1,0,1,1,2026-09-29,2026-10-06,all events except coverage rows
Nashville,mydpr,-1,0,1,1,2026-09-29,2026-10-06,all events except coverage rows
Nashville,netapp,1,1,0,1,2026-09-29,2026-10-06,all events except coverage rows
Nashville,nextgeneration,-1,0,1,1,2026-09-29,2026-10-06,all events except coverage rows
Nashville,olympusproperty,1,1,0,1,2026-09-29,2026-10-06,all events except coverage rows
Nashville,outfrontmedia,-1,0,1,1,2026-09-29,2026-10-06,all events except coverage rows
Nashville,overwatchimaging,-1,0,1,1,2026-09-29,2026-10-06,all events except coverage rows
Nashville,pelthos,1,1,0,1,2026-09-29,2026-10-06,all events except coverage rows
Nashville,pilothq,-1,0,1,1,2026-09-29,2026-10-06,all events except coverage rows
Nashville,r1rcm,-1,0,1,1,2026-09-29,2026-10-06,all events except coverage rows
Nashville,regions,1,4,3,7,2026-09-29,2026-10-06,all events except coverage rows
Nashville,republic,-1,0,1,1,2026-09-29,2026-10-06,all events except coverage rows
Nashville,rhsc,1,1,0,1,2026-09-29,2026-10-06,all events except coverage rows
Nashville,scholastic,-1,0,1,1,2026-09-29,2026-10-06,all events except coverage rows
Nashville,shg,-1,0,1,1,2026-09-29,2026-10-06,all events except coverage rows
Nashville,skechers,1,1,0,1,2026-09-29,2026-10-06,all events except coverage rows
Nashville,steadfasthealth,-1,2,3,5,2026-09-29,2026-10-06,all events except coverage rows
Nashville,tmc-hospitality,1,1,0,1,2026-09-29,2026-10-06,all events except coverage rows
Nashville,topgolf,1,3,2,5,2026-09-29,2026-10-06,all events except coverage rows
Nashville,tranetechnologies,-1,0,1,1,2026-09-29,2026-10-06,all events except coverage rows
Nashville,uhaul,1,1,0,1,2026-09-29,2026-10-06,all events except coverage rows
Nashville,umusic,-1,0,1,1,2026-09-29,2026-10-06,all events except coverage rows
Nashville,united-talent-agency,-1,0,1,1,2026-09-29,2026-10-06,all events except coverage rows
Nashville,weathershieldusa,-1,0,1,1,2026-09-29,2026-10-06,all events except coverage rows
Nashville,weinsteinproperties,-1,0,1,1,2026-09-29,2026-10-06,all events except coverage rows
Nashville,wettermarkkeith,-1,0,1,1,2026-09-29,2026-10-06,all events except coverage rows
Nashville,www,-1,0,1,1,2026-09-29,2026-10-06,all events except coverage rows
Nashville,wynd,-1,0,1,1,2026-09-29,2026-10-06,all events except coverage rows
Nashville,xylem,-1,0,1,1,2026-09-29,2026-10-06,all events except coverage rows
Nashville,younglife,-1,0,1,1,2026-09-29,2026-10-06,all events except coverage rows
Nashville,Access Destination Services,0,1,1,2,2026-09-29,2026-10-06,all events except coverage rows
Nashville,Carvana,0,1,1,2,2026-09-29,2026-10-06,all events except coverage rows
Nashville,GFiber,0,1,1,2,2026-09-29,2026-10-06,all events except coverage rows
Nashville,OHM Advisors,0,1,1,2,2026-09-29,2026-10-06,all events except coverage rows
Nashville,Speechify,0,1,1,2,2026-09-29,2026-10-06,all events except coverage rows
Nashville,Tecovas,0,1,1,2,2026-09-29,2026-10-06,all events except coverage rows
Nashville,Walden Security,0,1,1,2,2026-09-29,2026-10-06,all events except coverage rows
Nashville,abglobal,0,1,1,2,2026-09-29,2026-10-06,all events except coverage rows
Nashville,americanredcross,0,1,1,2,2026-09-29,2026-10-06,all events except coverage rows
Nashville,bcbst,0,1,1,2,2026-09-29,2026-10-06,all events except coverage rows
Nashville,caa,0,3,3,6,2026-09-29,2026-10-06,all events except coverage rows
Nashville,fivebelow,0,1,1,2,2026-09-29,2026-10-06,all events except coverage rows
Nashville,humana,0,2,2,4,2026-09-29,2026-10-06,all events except coverage rows
Nashville,jerry.ai,0,1,1,2,2026-09-29,2026-10-06,all events except coverage rows
Nashville,nordstrom,0,13,13,26,2026-09-29,2026-10-06,all events except coverage rows
Nashville,scripps,0,1,1,2,2026-09-29,2026-10-06,all events except coverage rows
Nashville,stryker,0,1,1,2,2026-09-29,2026-10-06,all events except coverage rows
Nashville,tmobile,0,2,2,4,2026-09-29,2026-10-06,all events except coverage rows
Nashville,townepark,0,5,5,10,2026-09-29,2026-10-06,all events except coverage rows
Nashville,wf,0,1,1,2,2026-09-29,2026-10-06,all events except coverage rows
New York,careers,88,92,4,96,2026-09-29,2026-10-06,all events except coverage rows
New York,Duolingo,-22,2,24,26,2026-09-29,2026-10-06,all events except coverage rows
New York,rb,-22,2,24,26,2026-09-29,2026-10-06,all events except coverage rows
New York,www,19,44,25,69,2026-09-29,2026-10-06,all events except coverage rows
New York,Hex,14,14,0,14,2026-09-29,2026-10-06,all events except coverage rows
New York,inspiraeducation,11,11,0,11,2026-09-29,2026-10-06,all events except coverage rows
New York,Oscar Health,-10,9,19,28,2026-09-29,2026-10-06,all events except coverage rows
New York,rsm,-10,8,18,26,2026-09-29,2026-10-06,all events except coverage rows
New York,Justworks,9,12,3,15,2026-09-29,2026-10-06,all events except coverage rows
New York,blackrock,9,25,16,41,2026-09-29,2026-10-06,all events except coverage rows
New York,fox,-9,7,16,23,2026-09-29,2026-10-06,all events except coverage rows
New York,AlphaSense,-8,0,8,8,2026-09-29,2026-10-06,all events except coverage rows
New York,Fluidstack,8,11,3,14,2026-09-29,2026-10-06,all events except coverage rows
New York,conduct,8,8,0,8,2026-09-29,2026-10-06,all events except coverage rows
New York,hntb,8,8,0,8,2026-09-29,2026-10-06,all events except coverage rows
New York,polymarket,-8,0,8,8,2026-09-29,2026-10-06,all events except coverage rows
New York,studiomuseumcareers,8,8,0,8,2026-09-29,2026-10-06,all events except coverage rows
New York,Harlem Children's Zone,7,16,9,25,2026-09-29,2026-10-06,all events except coverage rows
New York,Roku,-7,1,8,9,2026-09-29,2026-10-06,all events except coverage rows
New York,aresmgmt,-7,3,10,13,2026-09-29,2026-10-06,all events except coverage rows
New York,j,-7,42,49,91,2026-09-29,2026-10-06,all events except coverage rows
New York,mizuho,7,11,4,15,2026-09-29,2026-10-06,all events except coverage rows
New York,schonfeld,-7,4,11,15,2026-09-29,2026-10-06,all events except coverage rows
New York,smartlyio,-7,3,10,13,2026-09-29,2026-10-06,all events except coverage rows
New York,CoreWeave,6,9,3,12,2026-09-29,2026-10-06,all events except coverage rows
New York,Flex,-6,1,7,8,2026-09-29,2026-10-06,all events except coverage rows
New York,Greenlife Healthcare Staffing,-6,1,7,8,2026-09-29,2026-10-06,all events except coverage rows
New York,clearstreet,6,6,0,6,2026-09-29,2026-10-06,all events except coverage rows
New York,thefarmersdog,-6,0,6,6,2026-09-29,2026-10-06,all events except coverage rows
New York,Alloy,-5,1,6,7,2026-09-29,2026-10-06,all events except coverage rows
New York,DoorDash USA,-5,5,10,15,2026-09-29,2026-10-06,all events except coverage rows
New York,EliseAI,5,8,3,11,2026-09-29,2026-10-06,all events except coverage rows
New York,Genius Sports,-5,1,6,7,2026-09-29,2026-10-06,all events except coverage rows
New York,Harvey,5,13,8,21,2026-09-29,2026-10-06,all events except coverage rows
New York,Keel Infrastructure,5,5,0,5,2026-09-29,2026-10-06,all events except coverage rows
New York,Mixpanel,-5,1,6,7,2026-09-29,2026-10-06,all events except coverage rows
New York,Twenty,5,6,1,7,2026-09-29,2026-10-06,all events except coverage rows
New York,arch.co,-5,0,5,5,2026-09-29,2026-10-06,all events except coverage rows
New York,archgroup,5,5,0,5,2026-09-29,2026-10-06,all events except coverage rows
New York,gategroup,5,11,6,17,2026-09-29,2026-10-06,all events except coverage rows
New York,grotto,-5,1,6,7,2026-09-29,2026-10-06,all events except coverage rows
New York,nectar-social,-5,0,5,5,2026-09-29,2026-10-06,all events except coverage rows
New York,stepful,-5,1,6,7,2026-09-29,2026-10-06,all events except coverage rows
New York,theapexgroup,5,5,0,5,2026-09-29,2026-10-06,all events except coverage rows
New York,umusic,-5,0,5,5,2026-09-29,2026-10-06,all events except coverage rows
New York,Braze,4,9,5,14,2026-09-29,2026-10-06,all events except coverage rows
New York,Brex,4,9,5,14,2026-09-29,2026-10-06,all events except coverage rows
New York,Cohere,-4,0,4,4,2026-09-29,2026-10-06,all events except coverage rows
New York,ElevenLabs,-4,0,4,4,2026-09-29,2026-10-06,all events except coverage rows
New York,Mindrift - Data annotation,-4,5,9,14,2026-09-29,2026-10-06,all events except coverage rows
New York,Orchestra,-4,2,6,8,2026-09-29,2026-10-06,all events except coverage rows
New York,Rain,-4,0,4,4,2026-09-29,2026-10-06,all events except coverage rows
New York,TransPerfect,-4,0,4,4,2026-09-29,2026-10-06,all events except coverage rows
New York,WPP Media,4,7,3,10,2026-09-29,2026-10-06,all events except coverage rows
New York,adobe,-4,0,4,4,2026-09-29,2026-10-06,all events except coverage rows
New York,asmglobal,-4,1,5,6,2026-09-29,2026-10-06,all events except coverage rows
New York,barnard,4,8,4,12,2026-09-29,2026-10-06,all events except coverage rows
New York,bmo,-4,8,12,20,2026-09-29,2026-10-06,all events except coverage rows
New York,brellium,-4,1,5,6,2026-09-29,2026-10-06,all events except coverage rows
New York,darkroom,-4,1,5,6,2026-09-29,2026-10-06,all events except coverage rows
New York,db,4,15,11,26,2026-09-29,2026-10-06,all events except coverage rows
New York,disney,4,6,2,8,2026-09-29,2026-10-06,all events except coverage rows
New York,fractal,-4,1,5,6,2026-09-29,2026-10-06,all events except coverage rows
New York,inmobi,4,4,0,4,2026-09-29,2026-10-06,all events except coverage rows
New York,junior,-4,0,4,4,2026-09-29,2026-10-06,all events except coverage rows
New York,keybank,-4,1,5,6,2026-09-29,2026-10-06,all events except coverage rows
New York,marblehealth,4,4,0,4,2026-09-29,2026-10-06,all events except coverage rows
New York,mecka.ai,-4,1,5,6,2026-09-29,2026-10-06,all events except coverage rows
New York,mettel,-4,0,4,4,2026-09-29,2026-10-06,all events except coverage rows
New York,moversshakers,-4,0,4,4,2026-09-29,2026-10-06,all events except coverage rows
New York,nycedc,-4,3,7,10,2026-09-29,2026-10-06,all events except coverage rows
New York,paypal,4,5,1,6,2026-09-29,2026-10-06,all events except coverage rows
New York,td,-4,35,39,74,2026-09-29,2026-10-06,all events except coverage rows
New York,uniswap,-4,0,4,4,2026-09-29,2026-10-06,all events except coverage rows
New York,verve,-4,1,5,6,2026-09-29,2026-10-06,all events except coverage rows
New York,wonder,-4,2,6,8,2026-09-29,2026-10-06,all events except coverage rows
New York,ALO,-3,0,3,3,2026-09-29,2026-10-06,all events except coverage rows
New York,Atria Health and Research Institute,3,6,3,9,2026-09-29,2026-10-06,all events except coverage rows
New York,Compass,-3,4,7,11,2026-09-29,2026-10-06,all events except coverage rows
New York,DRW,3,3,0,3,2026-09-29,2026-10-06,all events except coverage rows
New York,FanDuel,-3,1,4,5,2026-09-29,2026-10-06,all events except coverage rows
New York,Jump Trading,-3,1,4,5,2026-09-29,2026-10-06,all events except coverage rows
New York,Kira,3,3,0,3,2026-09-29,2026-10-06,all events except coverage rows
New York,LINDBLAD EXPEDITIONS,3,4,1,5,2026-09-29,2026-10-06,all events except coverage rows
New York,Mejuri,3,3,0,3,2026-09-29,2026-10-06,all events except coverage rows
New York,Merge,-3,0,3,3,2026-09-29,2026-10-06,all events except coverage rows
New York,One Medical,-3,2,5,7,2026-09-29,2026-10-06,all events except coverage rows
New York,Palantir Technologies,-3,0,3,3,2026-09-29,2026-10-06,all events except coverage rows
New York,Pinterest,-3,2,5,7,2026-09-29,2026-10-06,all events except coverage rows
New York,Praxis,3,3,0,3,2026-09-29,2026-10-06,all events except coverage rows
New York,Pursuit,3,4,1,5,2026-09-29,2026-10-06,all events except coverage rows
New York,SPS North America,3,16,13,29,2026-09-29,2026-10-06,all events except coverage rows
New York,Scale AI,-3,0,3,3,2026-09-29,2026-10-06,all events except coverage rows
New York,Sigma Computing,3,3,0,3,2026-09-29,2026-10-06,all events except coverage rows
New York,Stripe,3,9,6,15,2026-09-29,2026-10-06,all events except coverage rows
New York,Success Academy Charter Schools,-3,9,12,21,2026-09-29,2026-10-06,all events except coverage rows
New York,Syndax Pharmaceuticals,-3,0,3,3,2026-09-29,2026-10-06,all events except coverage rows
New York,Syska Hennessy Group,-3,0,3,3,2026-09-29,2026-10-06,all events except coverage rows
New York,The New York Times,-3,12,15,27,2026-09-29,2026-10-06,all events except coverage rows
New York,appnovation,3,3,0,3,2026-09-29,2026-10-06,all events except coverage rows
New York,arketa,-3,0,3,3,2026-09-29,2026-10-06,all events except coverage rows
New York,baseten,3,3,0,3,2026-09-29,2026-10-06,all events except coverage rows
New York,bombas,-3,0,3,3,2026-09-29,2026-10-06,all events except coverage rows
New York,candidhealth,-3,0,3,3,2026-09-29,2026-10-06,all events except coverage rows
New York,careersdeltacapita,-3,0,3,3,2026-09-29,2026-10-06,all events except coverage rows
New York,cbinsights,3,3,0,3,2026-09-29,2026-10-06,all events except coverage rows
New York,cc,3,5,2,7,2026-09-29,2026-10-06,all events except coverage rows
New York,coast,-3,2,5,7,2026-09-29,2026-10-06,all events except coverage rows
New York,creatoriq,3,3,0,3,2026-09-29,2026-10-06,all events except coverage rows
New York,doss,-3,0,3,3,2026-09-29,2026-10-06,all events except coverage rows
New York,epidemic-sound,-3,0,3,3,2026-09-29,2026-10-06,all events except coverage rows
New York,fiskars,3,3,0,3,2026-09-29,2026-10-06,all events except coverage rows
New York,ing,-3,2,5,7,2026-09-29,2026-10-06,all events except coverage rows
New York,jj,-3,1,4,5,2026-09-29,2026-10-06,all events except coverage rows
New York,jrmconstructionmanagementllc,3,4,1,5,2026-09-29,2026-10-06,all events except coverage rows
New York,khealthcareers,-3,0,3,3,2026-09-29,2026-10-06,all events except coverage rows
New York,lightningai,-3,0,3,3,2026-09-29,2026-10-06,all events except coverage rows
New York,mavenclinic,3,3,0,3,2026-09-29,2026-10-06,all events except coverage rows
New York,mbooth,-3,1,4,5,2026-09-29,2026-10-06,all events except coverage rows
New York,meredith,-3,2,5,7,2026-09-29,2026-10-06,all events except coverage rows
New York,orbital,-3,1,4,5,2026-09-29,2026-10-06,all events except coverage rows
New York,pangramlabs,3,3,0,3,2026-09-29,2026-10-06,all events except coverage rows
New York,perionnetworkltd,-3,0,3,3,2026-09-29,2026-10-06,all events except coverage rows
New York,rfcuny,-3,4,7,11,2026-09-29,2026-10-06,all events except coverage rows
New York,rhinolabs,-3,1,4,5,2026-09-29,2026-10-06,all events except coverage rows
New York,rho,-3,3,6,9,2026-09-29,2026-10-06,all events except coverage rows
New York,rippling,3,6,3,9,2026-09-29,2026-10-06,all events except coverage rows
New York,rothys,3,3,0,3,2026-09-29,2026-10-06,all events except coverage rows
New York,seatgeek,3,4,1,5,2026-09-29,2026-10-06,all events except coverage rows
New York,sei-labs,-3,0,3,3,2026-09-29,2026-10-06,all events except coverage rows
New York,smallgirlspr2,-3,0,3,3,2026-09-29,2026-10-06,all events except coverage rows
New York,stubhubinc,3,6,3,9,2026-09-29,2026-10-06,all events except coverage rows
New York,swarovski,3,4,1,5,2026-09-29,2026-10-06,all events except coverage rows
New York,tmobile,-3,6,9,15,2026-09-29,2026-10-06,all events except coverage rows
New York,toryburch,-3,4,7,11,2026-09-29,2026-10-06,all events except coverage rows
New York,transamerica,3,3,0,3,2026-09-29,2026-10-06,all events except coverage rows
New York,usbank,-3,1,4,5,2026-09-29,2026-10-06,all events except coverage rows
New York,verizon,3,4,1,5,2026-09-29,2026-10-06,all events except coverage rows
New York,wirescreen,3,3,0,3,2026-09-29,2026-10-06,all events except coverage rows
New York,5wpr,-2,0,2,2,2026-09-29,2026-10-06,all events except coverage rows
New York,Acumen,2,2,0,2,2026-09-29,2026-10-06,all events except coverage rows
New York,Astronomer,2,3,1,4,2026-09-29,2026-10-06,all events except coverage rows
New York,Attio,-2,0,2,2,2026-09-29,2026-10-06,all events except coverage rows
New York,Axon,-2,2,4,6,2026-09-29,2026-10-06,all events except coverage rows
New York,Blank Street,2,2,0,2,2026-09-29,2026-10-06,all events except coverage rows
New York,Butterfly Network,2,3,1,4,2026-09-29,2026-10-06,all events except coverage rows
New York,CLEAR - Corporate,2,2,0,2,2026-09-29,2026-10-06,all events except coverage rows
New York,Candid,-2,0,2,2,2026-09-29,2026-10-06,all events except coverage rows
New York,Carta,-2,0,2,2,2026-09-29,2026-10-06,all events except coverage rows
New York,Clera,-2,15,17,32,2026-09-29,2026-10-06,all events except coverage rows
New York,Cohen & Steers,-2,1,3,4,2026-09-29,2026-10-06,all events except coverage rows
New York,CookUnity,-2,0,2,2,2026-09-29,2026-10-06,all events except coverage rows
New York,Culture Amp,-2,0,2,2,2026-09-29,2026-10-06,all events except coverage rows
New York,DEPT®,-2,0,2,2,2026-09-29,2026-10-06,all events except coverage rows
New York,Databricks,-2,0,2,2,2026-09-29,2026-10-06,all events except coverage rows
New York,Datavant,-2,0,2,2,2026-09-29,2026-10-06,all events except coverage rows
New York,GREY,-2,0,2,2,2026-09-29,2026-10-06,all events except coverage rows
New York,Headstart,2,2,0,2,2026-09-29,2026-10-06,all events except coverage rows
New York,Highwire,2,3,1,4,2026-09-29,2026-10-06,all events except coverage rows
New York,Legora,2,11,9,20,2026-09-29,2026-10-06,all events except coverage rows
New York,Mindrift,2,2,0,2,2026-09-29,2026-10-06,all events except coverage rows
New York,MrBeast,2,2,0,2,2026-09-29,2026-10-06,all events except coverage rows
New York,NakedMD,-2,0,2,2,2026-09-29,2026-10-06,all events except coverage rows
New York,Navan,-2,3,5,8,2026-09-29,2026-10-06,all events except coverage rows
New York,Neko Health,2,7,5,12,2026-09-29,2026-10-06,all events except coverage rows
New York,Orchard,-2,0,2,2,2026-09-29,2026-10-06,all events except coverage rows
New York,Perplexity,2,2,0,2,2026-09-29,2026-10-06,all events except coverage rows
New York,Profound,2,3,1,4,2026-09-29,2026-10-06,all events except coverage rows
New York,Prophet,-2,0,2,2,2026-09-29,2026-10-06,all events except coverage rows
New York,PubMatic,-2,0,2,2,2026-09-29,2026-10-06,all events except coverage rows
New York,Ramp,2,7,5,12,2026-09-29,2026-10-06,all events except coverage rows
New York,Rebecca-School,-2,0,2,2,2026-09-29,2026-10-06,all events except coverage rows
New York,Ripple,2,7,5,12,2026-09-29,2026-10-06,all events except coverage rows
New York,Shields Health Solutions,2,2,0,2,2026-09-29,2026-10-06,all events except coverage rows
New York,Snorkel AI,2,3,1,4,2026-09-29,2026-10-06,all events except coverage rows
New York,Spade,2,2,0,2,2026-09-29,2026-10-06,all events except coverage rows
New York,"Sphere Entertainment Group, LLC",-2,0,2,2,2026-09-29,2026-10-06,all events except coverage rows
New York,TEGNA Inc.,-2,0,2,2,2026-09-29,2026-10-06,all events except coverage rows
New York,Tabs,2,4,2,6,2026-09-29,2026-10-06,all events except coverage rows
New York,The Trade Desk,2,4,2,6,2026-09-29,2026-10-06,all events except coverage rows
New York,Tiger Analytics Inc.,-2,0,2,2,2026-09-29,2026-10-06,all events except coverage rows
New York,Toast,-2,1,3,4,2026-09-29,2026-10-06,all events except coverage rows
New York,Ultra Pouches,-2,0,2,2,2026-09-29,2026-10-06,all events except coverage rows
New York,Vanta,-2,0,2,2,2026-09-29,2026-10-06,all events except coverage rows
New York,WPP,-2,0,2,2,2026-09-29,2026-10-06,all events except coverage rows
New York,Wilson Elser - Attorneys,-2,0,2,2,2026-09-29,2026-10-06,all events except coverage rows
New York,Zocdoc,2,6,4,10,2026-09-29,2026-10-06,all events except coverage rows
New York,abinbev,-2,0,2,2,2026-09-29,2026-10-06,all events except coverage rows
New York,aclu,-2,1,3,4,2026-09-29,2026-10-06,all events except coverage rows
New York,adaptivesecurity,-2,0,2,2,2026-09-29,2026-10-06,all events except coverage rows
New York,adonis,2,2,0,2,2026-09-29,2026-10-06,all events except coverage rows
New York,argon-ai,2,2,0,2,2026-09-29,2026-10-06,all events except coverage rows
New York,armaninollp,-2,0,2,2,2026-09-29,2026-10-06,all events except coverage rows
New York,authenticbrandsgroup,2,4,2,6,2026-09-29,2026-10-06,all events except coverage rows
New York,barclays,2,32,30,62,2026-09-29,2026-10-06,all events except coverage rows
New York,bbinsurance,2,2,0,2,2026-09-29,2026-10-06,all events except coverage rows
New York,bbva,-2,9,11,20,2026-09-29,2026-10-06,all events except coverage rows
New York,berlinrosen,2,3,1,4,2026-09-29,2026-10-06,all events except coverage rows
New York,blackstone,2,9,7,16,2026-09-29,2026-10-06,all events except coverage rows
New York,brainco,2,2,0,2,2026-09-29,2026-10-06,all events except coverage rows
New York,broadridge,2,2,0,2,2026-09-29,2026-10-06,all events except coverage rows
New York,caa,-2,1,3,4,2026-09-29,2026-10-06,all events except coverage rows
New York,cais,2,2,0,2,2026-09-29,2026-10-06,all events except coverage rows
New York,capgroup,-2,3,5,8,2026-09-29,2026-10-06,all events except coverage rows
New York,churchdwight,2,2,0,2,2026-09-29,2026-10-06,all events except coverage rows
New York,cibc,2,9,7,16,2026-09-29,2026-10-06,all events except coverage rows
New York,clarity,2,3,1,4,2026-09-29,2026-10-06,all events except coverage rows
New York,convene,2,5,3,8,2026-09-29,2026-10-06,all events except coverage rows
New York,corporate,-2,0,2,2,2026-09-29,2026-10-06,all events except coverage rows
New York,crossmediainc,-2,0,2,2,2026-09-29,2026-10-06,all events except coverage rows
New York,crossoverhealth,2,2,0,2,2026-09-29,2026-10-06,all events except coverage rows
New York,cw,2,3,1,4,2026-09-29,2026-10-06,all events except coverage rows
New York,eightsleep,-2,0,2,2,2026-09-29,2026-10-06,all events except coverage rows
New York,evertune,-2,0,2,2,2026-09-29,2026-10-06,all events except coverage rows
New York,finch-legal,-2,0,2,2,2026-09-29,2026-10-06,all events except coverage rows
New York,fintechos,-2,0,2,2,2026-09-29,2026-10-06,all events except coverage rows
New York,fiserv,2,2,0,2,2026-09-29,2026-10-06,all events except coverage rows
New York,fmr,2,2,0,2,2026-09-29,2026-10-06,all events except coverage rows
New York,freshfields,2,2,0,2,2026-09-29,2026-10-06,all events except coverage rows
New York,gellerco,2,2,0,2,2026-09-29,2026-10-06,all events except coverage rows
New York,ghr,-2,13,15,28,2026-09-29,2026-10-06,all events except coverage rows
New York,greyus,-2,0,2,2,2026-09-29,2026-10-06,all events except coverage rows
New York,harrys,-2,2,4,6,2026-09-29,2026-10-06,all events except coverage rows
New York,impact.com,-2,0,2,2,2026-09-29,2026-10-06,all events except coverage rows
New York,innovid,-2,0,2,2,2026-09-29,2026-10-06,all events except coverage rows
New York,known,-2,2,4,6,2026-09-29,2026-10-06,all events except coverage rows
New York,krollbondratingagency,-2,2,4,6,2026-09-29,2026-10-06,all events except coverage rows
New York,landor,-2,0,2,2,2026-09-29,2026-10-06,all events except coverage rows
New York,lseg,-2,1,3,4,2026-09-29,2026-10-06,all events except coverage rows
New York,manifest-os,-2,0,2,2,2026-09-29,2026-10-06,all events except coverage rows
New York,marcusmillichap,2,2,0,2,2026-09-29,2026-10-06,all events except coverage rows
New York,matteprojects,-2,0,2,2,2026-09-29,2026-10-06,all events except coverage rows
New York,melio,-2,2,4,6,2026-09-29,2026-10-06,all events except coverage rows
New York,metropolis,2,2,0,2,2026-09-29,2026-10-06,all events except coverage rows
New York,miter,2,2,0,2,2026-09-29,2026-10-06,all events except coverage rows
New York,msfcareers,-2,1,3,4,2026-09-29,2026-10-06,all events except coverage rows
New York,myriad360,-2,1,3,4,2026-09-29,2026-10-06,all events except coverage rows
New York,nationalpublicradioinc,-2,0,2,2,2026-09-29,2026-10-06,all events except coverage rows
New York,nexxen,2,4,2,6,2026-09-29,2026-10-06,all events except coverage rows
New York,nflcareers,-2,7,9,16,2026-09-29,2026-10-06,all events except coverage rows
New York,nike,-2,0,2,2,2026-09-29,2026-10-06,all events except coverage rows
New York,numerix,-2,0,2,2,2026-09-29,2026-10-06,all events except coverage rows
New York,obexp,-2,0,2,2,2026-09-29,2026-10-06,all events except coverage rows
New York,octaura,-2,0,2,2,2026-09-29,2026-10-06,all events except coverage rows
New York,outfrontmedia,-2,0,2,2,2026-09-29,2026-10-06,all events except coverage rows
New York,paleycenter,2,3,1,4,2026-09-29,2026-10-06,all events except coverage rows
New York,palmettocleantech,2,3,1,4,2026-09-29,2026-10-06,all events except coverage rows
New York,payhawkio,-2,0,2,2,2026-09-29,2026-10-06,all events except coverage rows
New York,peec,-2,0,2,2,2026-09-29,2026-10-06,all events except coverage rows
New York,percepta,2,3,1,4,2026-09-29,2026-10-06,all events except coverage rows
New York,permitflow,-2,2,4,6,2026-09-29,2026-10-06,all events except coverage rows
New York,phillipsauctioneers,-2,0,2,2,2026-09-29,2026-10-06,all events except coverage rows
New York,pipersandler,2,3,1,4,2026-09-29,2026-10-06,all events except coverage rows
New York,pontera,-2,0,2,2,2026-09-29,2026-10-06,all events except coverage rows
New York,progyny,-2,0,2,2,2026-09-29,2026-10-06,all events except coverage rows
New York,prove,2,2,0,2,2026-09-29,2026-10-06,all events except coverage rows
New York,radar,-2,0,2,2,2026-09-29,2026-10-06,all events except coverage rows
New York,reflectionai,-2,0,2,2,2026-09-29,2026-10-06,all events except coverage rows
New York,rethinkfood,2,3,1,4,2026-09-29,2026-10-06,all events except coverage rows
New York,rogo,-2,1,3,4,2026-09-29,2026-10-06,all events except coverage rows
New York,snapchat,2,2,0,2,2026-09-29,2026-10-06,all events except coverage rows
New York,sparkmicrogrants,-2,0,2,2,2026-09-29,2026-10-06,all events except coverage rows
New York,spgi,-2,6,8,14,2026-09-29,2026-10-06,all events except coverage rows
New York,spothopper,-2,0,2,2,2026-09-29,2026-10-06,all events except coverage rows
New York,springfertility,2,4,2,6,2026-09-29,2026-10-06,all events except coverage rows
New York,synechron,2,3,1,4,2026-09-29,2026-10-06,all events except coverage rows
New York,talentpluto,-2,0,2,2,2026-09-29,2026-10-06,all events except coverage rows
New York,talos-trading,-2,0,2,2,2026-09-29,2026-10-06,all events except coverage rows
New York,tempus,2,2,0,2,2026-09-29,2026-10-06,all events except coverage rows
New York,the-dermatology-specialists,2,2,0,2,2026-09-29,2026-10-06,all events except coverage rows
New York,theweathercompany,-2,0,2,2,2026-09-29,2026-10-06,all events except coverage rows
New York,travelzoo,-2,0,2,2,2026-09-29,2026-10-06,all events except coverage rows
New York,traversal,2,2,0,2,2026-09-29,2026-10-06,all events except coverage rows
New York,twitch,-2,0,2,2,2026-09-29,2026-10-06,all events except coverage rows
New York,uge,-2,0,2,2,2026-09-29,2026-10-06,all events except coverage rows
New York,uphold,2,2,0,2,2026-09-29,2026-10-06,all events except coverage rows
New York,usenourish,2,3,1,4,2026-09-29,2026-10-06,all events except coverage rows
New York,vidmob,-2,0,2,2,2026-09-29,2026-10-06,all events except coverage rows
New York,voize,-2,0,2,2,2026-09-29,2026-10-06,all events except coverage rows
New York,voxmedia,-2,3,5,8,2026-09-29,2026-10-06,all events except coverage rows
New York,vsapartners,-2,0,2,2,2026-09-29,2026-10-06,all events except coverage rows
New York,wealth-com,2,2,0,2,2026-09-29,2026-10-06,all events except coverage rows
New York,webull,-2,0,2,2,2026-09-29,2026-10-06,all events except coverage rows
New York,whalarinc,-2,0,2,2,2026-09-29,2026-10-06,all events except coverage rows
New York,wilsonelser,2,6,4,10,2026-09-29,2026-10-06,all events except coverage rows
New York,10beauty,-1,0,1,1,2026-09-29,2026-10-06,all events except coverage rows
New York,3imembers,1,1,0,1,2026-09-29,2026-10-06,all events except coverage rows
New York,9fin,1,1,0,1,2026-09-29,2026-10-06,all events except coverage rows
New York,ABACUS,-1,0,1,1,2026-09-29,2026-10-06,all events except coverage rows
New York,ABC Legal Services,-1,0,1,1,2026-09-29,2026-10-06,all events except coverage rows
New York,AZUL,-1,0,1,1,2026-09-29,2026-10-06,all events except coverage rows
New York,Adyen,-1,0,1,1,2026-09-29,2026-10-06,all events except coverage rows
New York,AeroVect,-1,0,1,1,2026-09-29,2026-10-06,all events except coverage rows
New York,Allara,-1,0,1,1,2026-09-29,2026-10-06,all events except coverage rows
New York,Amazing Athletes,1,4,3,7,2026-09-29,2026-10-06,all events except coverage rows
New York,Anaplan,1,3,2,5,2026-09-29,2026-10-06,all events except coverage rows
New York,AngelList,1,1,0,1,2026-09-29,2026-10-06,all events except coverage rows
New York,Asana,1,2,1,3,2026-09-29,2026-10-06,all events except coverage rows
New York,Ascend Partner Firms,1,1,0,1,2026-09-29,2026-10-06,all events except coverage rows
New York,AvePoint,1,1,0,1,2026-09-29,2026-10-06,all events except coverage rows
New York,Axogen,-1,0,1,1,2026-09-29,2026-10-06,all events except coverage rows
New York,BillionToOne,-1,0,1,1,2026-09-29,2026-10-06,all events except coverage rows
New York,Block,-1,1,2,3,2026-09-29,2026-10-06,all events except coverage rows
New York,Blockworks,1,1,0,1,2026-09-29,2026-10-06,all events except coverage rows
New York,Blossom-Health,1,1,0,1,2026-09-29,2026-10-06,all events except coverage rows
New York,Bond Vet,-1,1,2,3,2026-09-29,2026-10-06,all events except coverage rows
New York,CLEAR - Field,-1,0,1,1,2026-09-29,2026-10-06,all events except coverage rows
New York,Camber,-1,0,1,1,2026-09-29,2026-10-06,all events except coverage rows
New York,Cape,-1,2,3,5,2026-09-29,2026-10-06,all events except coverage rows
New York,Celonis,-1,4,5,9,2026-09-29,2026-10-06,all events except coverage rows
New York,Charlie Health,-1,0,1,1,2026-09-29,2026-10-06,all events except coverage rows
New York,Checkout.com,1,1,0,1,2026-09-29,2026-10-06,all events except coverage rows
New York,"Chime Financial, Inc",-1,0,1,1,2026-09-29,2026-10-06,all events except coverage rows
New York,Compass Pathways,1,1,0,1,2026-09-29,2026-10-06,all events except coverage rows
New York,Consigli Construction,1,2,1,3,2026-09-29,2026-10-06,all events except coverage rows
New York,Crusoe,-1,0,1,1,2026-09-29,2026-10-06,all events except coverage rows
New York,DISCO,1,1,0,1,2026-09-29,2026-10-06,all events except coverage rows
New York,Dashlane,1,1,0,1,2026-09-29,2026-10-06,all events except coverage rows
New York,Diligent Corporation,-1,1,2,3,2026-09-29,2026-10-06,all events except coverage rows
New York,EOS,-1,1,2,3,2026-09-29,2026-10-06,all events except coverage rows
New York,Eagle,1,1,0,1,2026-09-29,2026-10-06,all events except coverage rows
New York,Evervault,-1,0,1,1,2026-09-29,2026-10-06,all events except coverage rows
New York,Faire,-1,2,3,5,2026-09-29,2026-10-06,all events except coverage rows
New York,FeverUp,1,2,1,3,2026-09-29,2026-10-06,all events except coverage rows
New York,Flexport,-1,0,1,1,2026-09-29,2026-10-06,all events except coverage rows
New York,Fubo,-1,0,1,1,2026-09-29,2026-10-06,all events except coverage rows
New York,Gamma,-1,0,1,1,2026-09-29,2026-10-06,all events except coverage rows
New York,Garner Health,-1,3,4,7,2026-09-29,2026-10-06,all events except coverage rows
New York,Gemini,1,2,1,3,2026-09-29,2026-10-06,all events except coverage rows
New York,Generate,1,1,0,1,2026-09-29,2026-10-06,all events except coverage rows
New York,Glean,-1,0,1,1,2026-09-29,2026-10-06,all events except coverage rows
New York,Glide,-1,0,1,1,2026-09-29,2026-10-06,all events except coverage rows
New York,Gong.io,-1,0,1,1,2026-09-29,2026-10-06,all events except coverage rows
New York,GovWell,1,1,0,1,2026-09-29,2026-10-06,all events except coverage rows
New York,"Gusto, Inc.",1,2,1,3,2026-09-29,2026-10-06,all events except coverage rows
New York,Hatch,-1,0,1,1,2026-09-29,2026-10-06,all events except coverage rows
New York,Horizon3,-1,0,1,1,2026-09-29,2026-10-06,all events except coverage rows
New York,Hudson Manpower,-1,0,1,1,2026-09-29,2026-10-06,all events except coverage rows
New York,Human Agency,-1,0,1,1,2026-09-29,2026-10-06,all events except coverage rows
New York,Hypha,1,1,0,1,2026-09-29,2026-10-06,all events except coverage rows
New York,Journey,-1,0,1,1,2026-09-29,2026-10-06,all events except coverage rows
New York,Kong,1,1,0,1,2026-09-29,2026-10-06,all events except coverage rows
New York,LangChain,-1,0,1,1,2026-09-29,2026-10-06,all events except coverage rows
New York,Langan Engineering & Environmental Services,1,1,0,1,2026-09-29,2026-10-06,all events except coverage rows
New York,Lincoln International,-1,0,1,1,2026-09-29,2026-10-06,all events except coverage rows
New York,LivePerson,-1,0,1,1,2026-09-29,2026-10-06,all events except coverage rows
New York,Lush Handmade Cosmetics,-1,0,1,1,2026-09-29,2026-10-06,all events except coverage rows
New York,Madison Reed,-1,0,1,1,2026-09-29,2026-10-06,all events except coverage rows
New York,Mercury,1,1,0,1,2026-09-29,2026-10-06,all events except coverage rows
New York,Mesh,-1,0,1,1,2026-09-29,2026-10-06,all events except coverage rows
New York,Minerva,1,1,0,1,2026-09-29,2026-10-06,all events except coverage rows
New York,Monks,-1,0,1,1,2026-09-29,2026-10-06,all events except coverage rows
New York,Mosaic,-1,0,1,1,2026-09-29,2026-10-06,all events except coverage rows
New York,Nebius,1,2,1,3,2026-09-29,2026-10-06,all events except coverage rows
New York,NeuroPace,1,1,0,1,2026-09-29,2026-10-06,all events except coverage rows
New York,NormalComputing,-1,0,1,1,2026-09-29,2026-10-06,all events except coverage rows
New York,Odin,-1,0,1,1,2026-09-29,2026-10-06,all events except coverage rows
New York,Odyssey,1,1,0,1,2026-09-29,2026-10-06,all events except coverage rows
New York,Okta,-1,0,1,1,2026-09-29,2026-10-06,all events except coverage rows
New York,OpenAI,1,1,0,1,2026-09-29,2026-10-06,all events except coverage rows
New York,OpenTable,1,2,1,3,2026-09-29,2026-10-06,all events except coverage rows
New York,PROVECTUS BIOPHARMACEUTICALS,-1,1,2,3,2026-09-29,2026-10-06,all events except coverage rows
New York,Pagaya,-1,1,2,3,2026-09-29,2026-10-06,all events except coverage rows
New York,Patreon,-1,0,1,1,2026-09-29,2026-10-06,all events except coverage rows
New York,Pavago,1,1,0,1,2026-09-29,2026-10-06,all events except coverage rows
New York,Pear VC,-1,0,1,1,2026-09-29,2026-10-06,all events except coverage rows
New York,Pearce Services,1,1,0,1,2026-09-29,2026-10-06,all events except coverage rows
New York,Pearl,-1,0,1,1,2026-09-29,2026-10-06,all events except coverage rows
New York,Peloton,1,6,5,11,2026-09-29,2026-10-06,all events except coverage rows
New York,Pendo,-1,0,1,1,2026-09-29,2026-10-06,all events except coverage rows
New York,Peregrine Technologies,1,1,0,1,2026-09-29,2026-10-06,all events except coverage rows
New York,Pinecone,-1,0,1,1,2026-09-29,2026-10-06,all events except coverage rows
New York,Point72,-1,4,5,9,2026-09-29,2026-10-06,all events except coverage rows
New York,Precision Medicine Group,-1,0,1,1,2026-09-29,2026-10-06,all events except coverage rows
New York,Preply,1,1,0,1,2026-09-29,2026-10-06,all events except coverage rows
New York,"Protara Therapeutics, Inc.",-1,0,1,1,2026-09-29,2026-10-06,all events except coverage rows
New York,Qube Research & Technologies,-1,0,1,1,2026-09-29,2026-10-06,all events except coverage rows
New York,Reddit,-1,2,3,5,2026-09-29,2026-10-06,all events except coverage rows
New York,Reformation,1,2,1,3,2026-09-29,2026-10-06,all events except coverage rows
New York,Ridgeline,-1,0,1,1,2026-09-29,2026-10-06,all events except coverage rows
New York,Riskified,-1,1,2,3,2026-09-29,2026-10-06,all events except coverage rows
New York,Rockstar,1,2,1,3,2026-09-29,2026-10-06,all events except coverage rows
New York,Rubrik,-1,0,1,1,2026-09-29,2026-10-06,all events except coverage rows
New York,SOL Mental Health,-1,0,1,1,2026-09-29,2026-10-06,all events except coverage rows
New York,Sailor Health,1,1,0,1,2026-09-29,2026-10-06,all events except coverage rows
New York,Sapsol Technologies Inc,1,1,0,1,2026-09-29,2026-10-06,all events except coverage rows
New York,Sierra,-1,0,1,1,2026-09-29,2026-10-06,all events except coverage rows
New York,Spotify,1,7,6,13,2026-09-29,2026-10-06,all events except coverage rows
New York,Sprinter Health,1,1,0,1,2026-09-29,2026-10-06,all events except coverage rows
New York,Squarespace,-1,2,3,5,2026-09-29,2026-10-06,all events except coverage rows
New York,StandardBots,-1,0,1,1,2026-09-29,2026-10-06,all events except coverage rows
New York,StepStone Group,-1,0,1,1,2026-09-29,2026-10-06,all events except coverage rows
New York,Substack,1,2,1,3,2026-09-29,2026-10-06,all events except coverage rows
New York,Talkiatry,-1,0,1,1,2026-09-29,2026-10-06,all events except coverage rows
New York,Talkspace,1,3,2,5,2026-09-29,2026-10-06,all events except coverage rows
New York,Ten Group,-1,1,2,3,2026-09-29,2026-10-06,all events except coverage rows
New York,UiPath,-1,1,2,3,2026-09-29,2026-10-06,all events except coverage rows
New York,Verkada,1,1,0,1,2026-09-29,2026-10-06,all events except coverage rows
New York,Veterinary Practice Partners,-1,0,1,1,2026-09-29,2026-10-06,all events except coverage rows
New York,Via,-1,1,2,3,2026-09-29,2026-10-06,all events except coverage rows
New York,Viant Technology,-1,0,1,1,2026-09-29,2026-10-06,all events except coverage rows
New York,Watershed,1,2,1,3,2026-09-29,2026-10-06,all events except coverage rows
New York,Waymo,-1,0,1,1,2026-09-29,2026-10-06,all events except coverage rows
New York,Weekday AI,-1,0,1,1,2026-09-29,2026-10-06,all events except coverage rows
New York,"Wiz, Inc.",-1,0,1,1,2026-09-29,2026-10-06,all events except coverage rows
New York,Yext,1,1,0,1,2026-09-29,2026-10-06,all events except coverage rows
New York,Zeta Global,1,3,2,5,2026-09-29,2026-10-06,all events except coverage rows
New York,Zip,1,1,0,1,2026-09-29,2026-10-06,all events except coverage rows
New York,a16z,-1,0,1,1,2026-09-29,2026-10-06,all events except coverage rows
New York,accordion,-1,0,1,1,2026-09-29,2026-10-06,all events except coverage rows
New York,achievementfirstnetworksupportcareers,-1,0,1,1,2026-09-29,2026-10-06,all events except coverage rows
New York,acluinternships,1,1,0,1,2026-09-29,2026-10-06,all events except coverage rows
New York,afsenergy,-1,0,1,1,2026-09-29,2026-10-06,all events except coverage rows
New York,agentio,-1,0,1,1,2026-09-29,2026-10-06,all events except coverage rows
New York,alchemy,1,1,0,1,2026-09-29,2026-10-06,all events except coverage rows
New York,align46,1,2,1,3,2026-09-29,2026-10-06,all events except coverage rows
New York,alkira,-1,0,1,1,2026-09-29,2026-10-06,all events except coverage rows
New York,alphafmcroles,-1,0,1,1,2026-09-29,2026-10-06,all events except coverage rows
New York,altruist,-1,0,1,1,2026-09-29,2026-10-06,all events except coverage rows
New York,amboss,1,1,0,1,2026-09-29,2026-10-06,all events except coverage rows
New York,ambrook,-1,0,1,1,2026-09-29,2026-10-06,all events except coverage rows
New York,americanredcross,1,1,0,1,2026-09-29,2026-10-06,all events except coverage rows
New York,amperity,1,2,1,3,2026-09-29,2026-10-06,all events except coverage rows
New York,aninebing,-1,0,1,1,2026-09-29,2026-10-06,all events except coverage rows
New York,annieaesthetic,1,1,0,1,2026-09-29,2026-10-06,all events except coverage rows
New York,anrok,-1,0,1,1,2026-09-29,2026-10-06,all events except coverage rows
New York,april,1,1,0,1,2026-09-29,2026-10-06,all events except coverage rows
New York,arb-interactive,-1,0,1,1,2026-09-29,2026-10-06,all events except coverage rows
New York,arcesiumllc,1,1,0,1,2026-09-29,2026-10-06,all events except coverage rows
New York,arq,-1,0,1,1,2026-09-29,2026-10-06,all events except coverage rows
New York,artsy,1,1,0,1,2026-09-29,2026-10-06,all events except coverage rows
New York,aspca,-1,1,2,3,2026-09-29,2026-10-06,all events except coverage rows
New York,athene,1,1,0,1,2026-09-29,2026-10-06,all events except coverage rows
New York,ats,-1,0,1,1,2026-09-29,2026-10-06,all events except coverage rows
New York,axion,-1,1,2,3,2026-09-29,2026-10-06,all events except coverage rows
New York,axomic,1,1,0,1,2026-09-29,2026-10-06,all events except coverage rows
New York,baldwin,-1,0,1,1,2026-09-29,2026-10-06,all events except coverage rows
New York,batoncorporation,1,2,1,3,2026-09-29,2026-10-06,all events except coverage rows
New York,berklee,1,1,0,1,2026-09-29,2026-10-06,all events except coverage rows
New York,billups,-1,0,1,1,2026-09-29,2026-10-06,all events except coverage rows
New York,blacksmith,-1,0,1,1,2026-09-29,2026-10-06,all events except coverage rows
New York,blinkhealth,1,2,1,3,2026-09-29,2026-10-06,all events except coverage rows
New York,bonadio,-1,0,1,1,2026-09-29,2026-10-06,all events except coverage rows
New York,bowery,-1,0,1,1,2026-09-29,2026-10-06,all events except coverage rows
New York,brainpop,-1,0,1,1,2026-09-29,2026-10-06,all events except coverage rows
New York,brainstation,-1,4,5,9,2026-09-29,2026-10-06,all events except coverage rows
New York,bridgewater89,1,1,0,1,2026-09-29,2026-10-06,all events except coverage rows
New York,btig27,1,1,0,1,2026-09-29,2026-10-06,all events except coverage rows
New York,bubble,-1,0,1,1,2026-09-29,2026-10-06,all events except coverage rows
New York,bubbleskincare,1,3,2,5,2026-09-29,2026-10-06,all events except coverage rows
New York,button,1,1,0,1,2026-09-29,2026-10-06,all events except coverage rows
New York,cacindinc,-1,0,1,1,2026-09-29,2026-10-06,all events except coverage rows
New York,camp,-1,0,1,1,2026-09-29,2026-10-06,all events except coverage rows
New York,capitolis,-1,0,1,1,2026-09-29,2026-10-06,all events except coverage rows
New York,capstoneinvestmentadvisors,-1,0,1,1,2026-09-29,2026-10-06,all events except coverage rows
New York,careers-quartile,-1,0,1,1,2026-09-29,2026-10-06,all events except coverage rows
New York,centerforemploymentopportunities,1,1,0,1,2026-09-29,2026-10-06,all events except coverage rows
New York,chainalysis-careers,-1,0,1,1,2026-09-29,2026-10-06,all events except coverage rows
New York,chanzuckerberginitiative,1,1,0,1,2026-09-29,2026-10-06,all events except coverage rows
New York,chrono24,1,1,0,1,2026-09-29,2026-10-06,all events except coverage rows
New York,cinder,-1,0,1,1,2026-09-29,2026-10-06,all events except coverage rows
New York,claim-health,1,1,0,1,2026-09-29,2026-10-06,all events except coverage rows
New York,claimsorted,1,1,0,1,2026-09-29,2026-10-06,all events except coverage rows
New York,clarasight,-1,0,1,1,2026-09-29,2026-10-06,all events except coverage rows
New York,claylabs,1,3,2,5,2026-09-29,2026-10-06,all events except coverage rows
New York,clearviewhealthcarepartners,1,1,0,1,2026-09-29,2026-10-06,all events except coverage rows
New York,clicktherapeutics,-1,0,1,1,2026-09-29,2026-10-06,all events except coverage rows
New York,clio,1,1,0,1,2026-09-29,2026-10-06,all events except coverage rows
New York,comity,-1,0,1,1,2026-09-29,2026-10-06,all events except coverage rows
New York,conduit-health,-1,0,1,1,2026-09-29,2026-10-06,all events except coverage rows
New York,connecteam,1,1,0,1,2026-09-29,2026-10-06,all events except coverage rows
New York,cooley,-1,0,1,1,2026-09-29,2026-10-06,all events except coverage rows
New York,coram-ai,1,1,0,1,2026-09-29,2026-10-06,all events except coverage rows
New York,courierhealth,1,2,1,3,2026-09-29,2026-10-06,all events except coverage rows
New York,cumminggroup,-1,0,1,1,2026-09-29,2026-10-06,all events except coverage rows
New York,current,1,1,0,1,2026-09-29,2026-10-06,all events except coverage rows
New York,cursor,-1,0,1,1,2026-09-29,2026-10-06,all events except coverage rows
New York,cyvl,1,1,0,1,2026-09-29,2026-10-06,all events except coverage rows
New York,datasnipper,-1,0,1,1,2026-09-29,2026-10-06,all events except coverage rows
New York,daymarkhealth,1,1,0,1,2026-09-29,2026-10-06,all events except coverage rows
New York,desri-careers,-1,1,2,3,2026-09-29,2026-10-06,all events except coverage rows
New York,dicefm-careers,-1,0,1,1,2026-09-29,2026-10-06,all events except coverage rows
New York,dirty-hands,-1,0,1,1,2026-09-29,2026-10-06,all events except coverage rows
New York,docgo,-1,0,1,1,2026-09-29,2026-10-06,all events except coverage rows
New York,dorot,1,1,0,1,2026-09-29,2026-10-06,all events except coverage rows
New York,dualentry,1,3,2,5,2026-09-29,2026-10-06,all events except coverage rows
New York,duet,-1,0,1,1,2026-09-29,2026-10-06,all events except coverage rows
New York,duffel,-1,0,1,1,2026-09-29,2026-10-06,all events except coverage rows
New York,e l f Beauty,-1,0,1,1,2026-09-29,2026-10-06,all events except coverage rows
New York,eastharlemtutorialprogram,-1,1,2,3,2026-09-29,2026-10-06,all events except coverage rows
New York,ebay,-1,0,1,1,2026-09-29,2026-10-06,all events except coverage rows
New York,eh2,-1,0,1,1,2026-09-29,2026-10-06,all events except coverage rows
New York,elitetechnology,1,1,0,1,2026-09-29,2026-10-06,all events except coverage rows
New York,elliptic,-1,2,3,5,2026-09-29,2026-10-06,all events except coverage rows
New York,emeraldx,1,2,1,3,2026-09-29,2026-10-06,all events except coverage rows
New York,encord,1,1,0,1,2026-09-29,2026-10-06,all events except coverage rows
New York,endex,1,1,0,1,2026-09-29,2026-10-06,all events except coverage rows
New York,engineersgate,1,1,0,1,2026-09-29,2026-10-06,all events except coverage rows
New York,entropico,1,1,0,1,2026-09-29,2026-10-06,all events except coverage rows
New York,envoy,1,1,0,1,2026-09-29,2026-10-06,all events except coverage rows
New York,eonio,1,1,0,1,2026-09-29,2026-10-06,all events except coverage rows
New York,establishmentlabs,1,1,0,1,2026-09-29,2026-10-06,all events except coverage rows
New York,everflow,1,1,0,1,2026-09-29,2026-10-06,all events except coverage rows
New York,evolutioniq,1,3,2,5,2026-09-29,2026-10-06,all events except coverage rows
New York,evolvemkd,-1,0,1,1,2026-09-29,2026-10-06,all events except coverage rows
New York,exacare-inc,-1,0,1,1,2026-09-29,2026-10-06,all events except coverage rows
New York,exus-renewables-north-america,-1,0,1,1,2026-09-29,2026-10-06,all events except coverage rows
New York,falconx,1,1,0,1,2026-09-29,2026-10-06,all events except coverage rows
New York,fitt,-1,0,1,1,2026-09-29,2026-10-06,all events except coverage rows
New York,fizz,1,1,0,1,2026-09-29,2026-10-06,all events except coverage rows
New York,flockhomes,-1,0,1,1,2026-09-29,2026-10-06,all events except coverage rows
New York,fomo-labs,-1,0,1,1,2026-09-29,2026-10-06,all events except coverage rows
New York,fonoa,-1,0,1,1,2026-09-29,2026-10-06,all events except coverage rows
New York,forbes,-1,0,1,1,2026-09-29,2026-10-06,all events except coverage rows
New York,fordfoundation,1,2,1,3,2026-09-29,2026-10-06,all events except coverage rows
New York,fortress,1,1,0,1,2026-09-29,2026-10-06,all events except coverage rows
New York,fourmarketinggroup,1,1,0,1,2026-09-29,2026-10-06,all events except coverage rows
New York,freed,-1,0,1,1,2026-09-29,2026-10-06,all events except coverage rows
New York,freseniusmedicalcare,-1,4,5,9,2026-09-29,2026-10-06,all events except coverage rows
New York,gaiafamily,-1,0,1,1,2026-09-29,2026-10-06,all events except coverage rows
New York,gartner,-1,0,1,1,2026-09-29,2026-10-06,all events except coverage rows
New York,gc-ai,-1,0,1,1,2026-09-29,2026-10-06,all events except coverage rows
New York,gecko-robotics,1,1,0,1,2026-09-29,2026-10-06,all events except coverage rows
New York,geico,1,2,1,3,2026-09-29,2026-10-06,all events except coverage rows
New York,genesys,-1,0,1,1,2026-09-29,2026-10-06,all events except coverage rows
New York,gigs,1,1,0,1,2026-09-29,2026-10-06,all events except coverage rows
New York,globalcitizen,1,1,0,1,2026-09-29,2026-10-06,all events except coverage rows
New York,globalenergyallianceforpeopleandplanetgeappllc,-1,0,1,1,2026-09-29,2026-10-06,all events except coverage rows
New York,goodie-ai,1,1,0,1,2026-09-29,2026-10-06,all events except coverage rows
New York,granted,1,2,1,3,2026-09-29,2026-10-06,all events except coverage rows
New York,groma,-1,0,1,1,2026-09-29,2026-10-06,all events except coverage rows
New York,grow-therapy,1,2,1,3,2026-09-29,2026-10-06,all events except coverage rows
New York,gtlaw,1,2,1,3,2026-09-29,2026-10-06,all events except coverage rows
New York,guardianlife,1,2,1,3,2026-09-29,2026-10-06,all events except coverage rows
New York,gymshark,1,3,2,5,2026-09-29,2026-10-06,all events except coverage rows
New York,harpergroup,1,1,0,1,2026-09-29,2026-10-06,all events except coverage rows
New York,havenlybrands,1,1,0,1,2026-09-29,2026-10-06,all events except coverage rows
New York,heartflowinc,-1,1,2,3,2026-09-29,2026-10-06,all events except coverage rows
New York,hearth-careers,-1,0,1,1,2026-09-29,2026-10-06,all events except coverage rows
New York,hebbia-ai,1,1,0,1,2026-09-29,2026-10-06,all events except coverage rows
New York,herondata,1,1,0,1,2026-09-29,2026-10-06,all events except coverage rows
New York,hover,1,1,0,1,2026-09-29,2026-10-06,all events except coverage rows
New York,hungryroot,1,1,0,1,2026-09-29,2026-10-06,all events except coverage rows
New York,huntington,-1,0,1,1,2026-09-29,2026-10-06,all events except coverage rows
New York,iconiq,-1,0,1,1,2026-09-29,2026-10-06,all events except coverage rows
New York,iex,1,1,0,1,2026-09-29,2026-10-06,all events except coverage rows
New York,incident,-1,1,2,3,2026-09-29,2026-10-06,all events except coverage rows
New York,industrious,-1,0,1,1,2026-09-29,2026-10-06,all events except coverage rows
New York,infiniteglobal,1,1,0,1,2026-09-29,2026-10-06,all events except coverage rows
New York,innovativebeautygroup,1,1,0,1,2026-09-29,2026-10-06,all events except coverage rows
New York,insperity,1,1,0,1,2026-09-29,2026-10-06,all events except coverage rows
New York,intersection,1,1,0,1,2026-09-29,2026-10-06,all events except coverage rows
New York,invesco,-1,4,5,9,2026-09-29,2026-10-06,all events except coverage rows
New York,isccareers,-1,0,1,1,2026-09-29,2026-10-06,all events except coverage rows
New York,itw,-1,0,1,1,2026-09-29,2026-10-06,all events except coverage rows
New York,jcrew,1,5,4,9,2026-09-29,2026-10-06,all events except coverage rows
New York,jcwgroup,1,1,0,1,2026-09-29,2026-10-06,all events except coverage rows
New York,jellyfishcareers,1,1,0,1,2026-09-29,2026-10-06,all events except coverage rows
New York,jennikayne,-1,1,2,3,2026-09-29,2026-10-06,all events except coverage rows
New York,jll,-1,11,12,23,2026-09-29,2026-10-06,all events except coverage rows
New York,jobs-page-4dc2685b-eb82-46d1-a3f9-1f0764dba814,-1,1,2,3,2026-09-29,2026-10-06,all events except coverage rows
New York,jomboymedia,-1,0,1,1,2026-09-29,2026-10-06,all events except coverage rows
New York,jshiddenevents,-1,0,1,1,2026-09-29,2026-10-06,all events except coverage rows
New York,junipersquare,-1,0,1,1,2026-09-29,2026-10-06,all events except coverage rows
New York,kalepa,1,1,0,1,2026-09-29,2026-10-06,all events except coverage rows
New York,kantar,-1,1,2,3,2026-09-29,2026-10-06,all events except coverage rows
New York,keplergroup,1,1,0,1,2026-09-29,2026-10-06,all events except coverage rows
New York,knoetic,1,1,0,1,2026-09-29,2026-10-06,all events except coverage rows
New York,knox-systems,1,1,0,1,2026-09-29,2026-10-06,all events except coverage rows
New York,kojo,-1,0,1,1,2026-09-29,2026-10-06,all events except coverage rows
New York,kone,1,1,0,1,2026-09-29,2026-10-06,all events except coverage rows
New York,kravet,-1,0,1,1,2026-09-29,2026-10-06,all events except coverage rows
New York,kyndryl,1,1,0,1,2026-09-29,2026-10-06,all events except coverage rows
New York,latent,1,2,1,3,2026-09-29,2026-10-06,all events except coverage rows
New York,lawdeb,-1,0,1,1,2026-09-29,2026-10-06,all events except coverage rows
New York,lawhive,1,1,0,1,2026-09-29,2026-10-06,all events except coverage rows
New York,learnlux,-1,0,1,1,2026-09-29,2026-10-06,all events except coverage rows
New York,leidos,-1,0,1,1,2026-09-29,2026-10-06,all events except coverage rows
New York,lilt-corporate,1,1,0,1,2026-09-29,2026-10-06,all events except coverage rows
New York,litify,1,1,0,1,2026-09-29,2026-10-06,all events except coverage rows
New York,liveramp,-1,0,1,1,2026-09-29,2026-10-06,all events except coverage rows
New York,luxaviation,-1,0,1,1,2026-09-29,2026-10-06,all events except coverage rows
New York,madisonlogicinc,-1,0,1,1,2026-09-29,2026-10-06,all events except coverage rows
New York,mammothbrands,-1,3,4,7,2026-09-29,2026-10-06,all events except coverage rows
New York,manhattanspecialtycare,1,1,0,1,2026-09-29,2026-10-06,all events except coverage rows
New York,marqueebrands,-1,0,1,1,2026-09-29,2026-10-06,all events except coverage rows
New York,mastercard,1,5,4,9,2026-09-29,2026-10-06,all events except coverage rows
New York,medeloop,1,1,0,1,2026-09-29,2026-10-06,all events except coverage rows
New York,medtronic,-1,0,1,1,2026-09-29,2026-10-06,all events except coverage rows
New York,metropolitancommercialbank,1,2,1,3,2026-09-29,2026-10-06,all events except coverage rows
New York,mimica,1,1,0,1,2026-09-29,2026-10-06,all events except coverage rows
New York,miopartners,-1,0,1,1,2026-09-29,2026-10-06,all events except coverage rows
New York,mlbnetwork,-1,0,1,1,2026-09-29,2026-10-06,all events except coverage rows
New York,modus,-1,0,1,1,2026-09-29,2026-10-06,all events except coverage rows
New York,monstro,-1,0,1,1,2026-09-29,2026-10-06,all events except coverage rows
New York,montauk-capital,-1,0,1,1,2026-09-29,2026-10-06,all events except coverage rows
New York,morningconsult,1,1,0,1,2026-09-29,2026-10-06,all events except coverage rows
New York,morningstar,-1,0,1,1,2026-09-29,2026-10-06,all events except coverage rows
New York,mosaic,-1,0,1,1,2026-09-29,2026-10-06,all events except coverage rows
New York,mossnewyorkllc,1,1,0,1,2026-09-29,2026-10-06,all events except coverage rows
New York,movableink,-1,0,1,1,2026-09-29,2026-10-06,all events except coverage rows
New York,ms,-1,29,30,59,2026-09-29,2026-10-06,all events except coverage rows
New York,mufgub,-1,10,11,21,2026-09-29,2026-10-06,all events except coverage rows
New York,nb,1,8,7,15,2026-09-29,2026-10-06,all events except coverage rows
New York,nerdwallet,-1,0,1,1,2026-09-29,2026-10-06,all events except coverage rows
New York,newsbreak,1,1,0,1,2026-09-29,2026-10-06,all events except coverage rows
New York,newschool,-1,0,1,1,2026-09-29,2026-10-06,all events except coverage rows
New York,newsweek,1,1,0,1,2026-09-29,2026-10-06,all events except coverage rows
New York,nivoda,-1,0,1,1,2026-09-29,2026-10-06,all events except coverage rows
New York,norm-ai,1,2,1,3,2026-09-29,2026-10-06,all events except coverage rows
New York,northwesternmutual,1,1,0,1,2026-09-29,2026-10-06,all events except coverage rows
New York,notabene,-1,0,1,1,2026-09-29,2026-10-06,all events except coverage rows
New York,novacredit,-1,0,1,1,2026-09-29,2026-10-06,all events except coverage rows
New York,nrf,-1,0,1,1,2026-09-29,2026-10-06,all events except coverage rows
New York,ntrs,1,1,0,1,2026-09-29,2026-10-06,all events except coverage rows
New York,nttlimited,1,1,0,1,2026-09-29,2026-10-06,all events except coverage rows
New York,numeral,1,1,0,1,2026-09-29,2026-10-06,all events except coverage rows
New York,nwsl,-1,1,2,3,2026-09-29,2026-10-06,all events except coverage rows
New York,octus,-1,0,1,1,2026-09-29,2026-10-06,all events except coverage rows
New York,ogilvyhealthusa,-1,1,2,3,2026-09-29,2026-10-06,all events except coverage rows
New York,oliverusa,1,1,0,1,2026-09-29,2026-10-06,all events except coverage rows
New York,open-roles,1,1,0,1,2026-09-29,2026-10-06,all events except coverage rows
New York,owensminor,-1,0,1,1,2026-09-29,2026-10-06,all events except coverage rows
New York,owkin,1,1,0,1,2026-09-29,2026-10-06,all events except coverage rows
New York,pacnyc,1,1,0,1,2026-09-29,2026-10-06,all events except coverage rows
New York,pactfi,1,1,0,1,2026-09-29,2026-10-06,all events except coverage rows
New York,paireyewear,-1,0,1,1,2026-09-29,2026-10-06,all events except coverage rows
New York,paloaltonetworks,-1,0,1,1,2026-09-29,2026-10-06,all events except coverage rows
New York,parabola-io,1,1,0,1,2026-09-29,2026-10-06,all events except coverage rows
New York,parachutehealth,-1,0,1,1,2026-09-29,2026-10-06,all events except coverage rows
New York,partiful,1,1,0,1,2026-09-29,2026-10-06,all events except coverage rows
New York,patlytics,1,1,0,1,2026-09-29,2026-10-06,all events except coverage rows
New York,pdtpartners,1,1,0,1,2026-09-29,2026-10-06,all events except coverage rows
New York,pearlhealth,1,1,0,1,2026-09-29,2026-10-06,all events except coverage rows
New York,pelago,1,1,0,1,2026-09-29,2026-10-06,all events except coverage rows
New York,pen,-1,0,1,1,2026-09-29,2026-10-06,all events except coverage rows
New York,permutive,-1,0,1,1,2026-09-29,2026-10-06,all events except coverage rows
New York,pernodricard,-1,0,1,1,2026-09-29,2026-10-06,all events except coverage rows
New York,philips,-1,0,1,1,2026-09-29,2026-10-06,all events except coverage rows
New York,photoroom,1,1,0,1,2026-09-29,2026-10-06,all events except coverage rows
New York,physicsx,-1,2,3,5,2026-09-29,2026-10-06,all events except coverage rows
New York,piermontbank,-1,0,1,1,2026-09-29,2026-10-06,all events except coverage rows
New York,pimco,-1,1,2,3,2026-09-29,2026-10-06,all events except coverage rows
New York,pinebridge,-1,0,1,1,2026-09-29,2026-10-06,all events except coverage rows
New York,plot,1,1,0,1,2026-09-29,2026-10-06,all events except coverage rows
New York,pna-internal,-1,0,1,1,2026-09-29,2026-10-06,all events except coverage rows
New York,pointfive,1,1,0,1,2026-09-29,2026-10-06,all events except coverage rows
New York,poshmark,-1,0,1,1,2026-09-29,2026-10-06,all events except coverage rows
New York,priceline,1,2,1,3,2026-09-29,2026-10-06,all events except coverage rows
New York,prolific,-1,0,1,1,2026-09-29,2026-10-06,all events except coverage rows
New York,propublica,1,1,0,1,2026-09-29,2026-10-06,all events except coverage rows
New York,prosek,1,1,0,1,2026-09-29,2026-10-06,all events except coverage rows
New York,prosperhealth,-1,0,1,1,2026-09-29,2026-10-06,all events except coverage rows
New York,pzenainvestmentmanagement,1,1,0,1,2026-09-29,2026-10-06,all events except coverage rows
New York,quadreal,-1,0,1,1,2026-09-29,2026-10-06,all events except coverage rows
New York,quartermaster,1,1,0,1,2026-09-29,2026-10-06,all events except coverage rows
New York,rapidsos,1,1,0,1,2026-09-29,2026-10-06,all events except coverage rows
New York,reducto,-1,0,1,1,2026-09-29,2026-10-06,all events except coverage rows
New York,relayfi,-1,0,1,1,2026-09-29,2026-10-06,all events except coverage rows
New York,reltio,1,1,0,1,2026-09-29,2026-10-06,all events except coverage rows
New York,resortpass,-1,1,2,3,2026-09-29,2026-10-06,all events except coverage rows
New York,resourcefultalentgroup,-1,0,1,1,2026-09-29,2026-10-06,all events except coverage rows
New York,revloncorporate,1,1,0,1,2026-09-29,2026-10-06,all events except coverage rows
New York,rillet,1,1,0,1,2026-09-29,2026-10-06,all events except coverage rows
New York,rimestechnologies,1,1,0,1,2026-09-29,2026-10-06,all events except coverage rows
New York,roche,1,1,0,1,2026-09-29,2026-10-06,all events except coverage rows
New York,roofstock,-1,0,1,1,2026-09-29,2026-10-06,all events except coverage rows
New York,root-access,-1,0,1,1,2026-09-29,2026-10-06,all events except coverage rows
New York,ruelala,-1,0,1,1,2026-09-29,2026-10-06,all events except coverage rows
New York,santander,1,2,1,3,2026-09-29,2026-10-06,all events except coverage rows
New York,sbigrowth,1,1,0,1,2026-09-29,2026-10-06,all events except coverage rows
New York,sbmmanagement,-1,0,1,1,2026-09-29,2026-10-06,all events except coverage rows
New York,scan-com,-1,0,1,1,2026-09-29,2026-10-06,all events except coverage rows
New York,schrdinger,1,1,0,1,2026-09-29,2026-10-06,all events except coverage rows
New York,scripps,1,1,0,1,2026-09-29,2026-10-06,all events except coverage rows
New York,secretariatadvisorsllc,-1,0,1,1,2026-09-29,2026-10-06,all events except coverage rows
New York,sedgwick,1,1,0,1,2026-09-29,2026-10-06,all events except coverage rows
New York,sharebite,1,1,0,1,2026-09-29,2026-10-06,all events except coverage rows
New York,shepherd,-1,0,1,1,2026-09-29,2026-10-06,all events except coverage rows
New York,shinolaretail,-1,0,1,1,2026-09-29,2026-10-06,all events except coverage rows
New York,shopmy,-1,2,3,5,2026-09-29,2026-10-06,all events except coverage rows
New York,simcorp,1,3,2,5,2026-09-29,2026-10-06,all events except coverage rows
New York,singlestore,-1,0,1,1,2026-09-29,2026-10-06,all events except coverage rows
New York,singlestore-linkedin,-1,0,1,1,2026-09-29,2026-10-06,all events except coverage rows
New York,siro,1,1,0,1,2026-09-29,2026-10-06,all events except coverage rows
New York,sixfold,-1,0,1,1,2026-09-29,2026-10-06,all events except coverage rows
New York,skift,1,1,0,1,2026-09-29,2026-10-06,all events except coverage rows
New York,smaamerica,-1,0,1,1,2026-09-29,2026-10-06,all events except coverage rows
New York,small-door-veterinary,1,1,0,1,2026-09-29,2026-10-06,all events except coverage rows
New York,smooth-media,1,1,0,1,2026-09-29,2026-10-06,all events except coverage rows
New York,socialscienceresearchcouncil,-1,0,1,1,2026-09-29,2026-10-06,all events except coverage rows
New York,sona,1,1,0,1,2026-09-29,2026-10-06,all events except coverage rows
New York,sonos,1,1,0,1,2026-09-29,2026-10-06,all events except coverage rows
New York,sonyglobal,1,2,1,3,2026-09-29,2026-10-06,all events except coverage rows
New York,sothebys,-1,5,6,11,2026-09-29,2026-10-06,all events except coverage rows
New York,spotter,1,1,0,1,2026-09-29,2026-10-06,all events except coverage rows
New York,sprig,1,1,0,1,2026-09-29,2026-10-06,all events except coverage rows
New York,springernature,1,2,1,3,2026-09-29,2026-10-06,all events except coverage rows
New York,springhealth66,-1,1,2,3,2026-09-29,2026-10-06,all events except coverage rows
New York,squirro,-1,0,1,1,2026-09-29,2026-10-06,all events except coverage rows
New York,squishable,1,1,0,1,2026-09-29,2026-10-06,all events except coverage rows
New York,standwithus,-1,0,1,1,2026-09-29,2026-10-06,all events except coverage rows
New York,starbridge,1,1,0,1,2026-09-29,2026-10-06,all events except coverage rows
New York,statestreet,-1,1,2,3,2026-09-29,2026-10-06,all events except coverage rows
New York,stellar,-1,0,1,1,2026-09-29,2026-10-06,all events except coverage rows
New York,stryker,1,1,0,1,2026-09-29,2026-10-06,all events except coverage rows
New York,studsinc,1,1,0,1,2026-09-29,2026-10-06,all events except coverage rows
New York,sugaredandbronzed,-1,0,1,1,2026-09-29,2026-10-06,all events except coverage rows
New York,suno,1,4,3,7,2026-09-29,2026-10-06,all events except coverage rows
New York,sunriseseniorliving,1,4,3,7,2026-09-29,2026-10-06,all events except coverage rows
New York,superdial,-1,0,1,1,2026-09-29,2026-10-06,all events except coverage rows
New York,supergoop,-1,0,1,1,2026-09-29,2026-10-06,all events except coverage rows
New York,swarmia,1,1,0,1,2026-09-29,2026-10-06,all events except coverage rows
New York,swayable,1,3,2,5,2026-09-29,2026-10-06,all events except coverage rows
New York,symbiotic,1,1,0,1,2026-09-29,2026-10-06,all events except coverage rows
New York,tapestry,1,15,14,29,2026-09-29,2026-10-06,all events except coverage rows
New York,taptapsend,1,1,0,1,2026-09-29,2026-10-06,all events except coverage rows
New York,taskrabbit,1,1,0,1,2026-09-29,2026-10-06,all events except coverage rows
New York,taxbit,1,1,0,1,2026-09-29,2026-10-06,all events except coverage rows
New York,teads1,1,2,1,3,2026-09-29,2026-10-06,all events except coverage rows
New York,teneolinkedin,1,2,1,3,2026-09-29,2026-10-06,all events except coverage rows
New York,terac,-1,0,1,1,2026-09-29,2026-10-06,all events except coverage rows
New York,tesslcareers,-1,0,1,1,2026-09-29,2026-10-06,all events except coverage rows
New York,texascapitalbank,1,1,0,1,2026-09-29,2026-10-06,all events except coverage rows
New York,theguarantors-open-positions,-1,0,1,1,2026-09-29,2026-10-06,all events except coverage rows
New York,thehartford,-1,0,1,1,2026-09-29,2026-10-06,all events except coverage rows
New York,theirc,1,4,3,7,2026-09-29,2026-10-06,all events except coverage rows
New York,themichaeljfoxfoundation,-1,0,1,1,2026-09-29,2026-10-06,all events except coverage rows
New York,theorchard,-1,0,1,1,2026-09-29,2026-10-06,all events except coverage rows
New York,thevitacococompany,-1,0,1,1,2026-09-29,2026-10-06,all events except coverage rows
New York,third-space-therapy,1,1,0,1,2026-09-29,2026-10-06,all events except coverage rows
New York,thoughtworksreferral,-1,0,1,1,2026-09-29,2026-10-06,all events except coverage rows
New York,tjx,-1,0,1,1,2026-09-29,2026-10-06,all events except coverage rows
New York,tombrascareers,-1,0,1,1,2026-09-29,2026-10-06,all events except coverage rows
New York,tonal,-1,0,1,1,2026-09-29,2026-10-06,all events except coverage rows
New York,transunion,1,1,0,1,2026-09-29,2026-10-06,all events except coverage rows
New York,tray-ai,1,1,0,1,2026-09-29,2026-10-06,all events except coverage rows
New York,triplelift,-1,1,2,3,2026-09-29,2026-10-06,all events except coverage rows
New York,triplewhale,1,1,0,1,2026-09-29,2026-10-06,all events except coverage rows
New York,tubitv,-1,0,1,1,2026-09-29,2026-10-06,all events except coverage rows
New York,twinhealth,-1,0,1,1,2026-09-29,2026-10-06,all events except coverage rows
New York,understood,1,1,0,1,2026-09-29,2026-10-06,all events except coverage rows
New York,unframe,-1,1,2,3,2026-09-29,2026-10-06,all events except coverage rows
New York,united-talent-agency,1,1,0,1,2026-09-29,2026-10-06,all events except coverage rows
New York,unlimitedtechnology,1,1,0,1,2026-09-29,2026-10-06,all events except coverage rows
New York,upside,-1,0,1,1,2026-09-29,2026-10-06,all events except coverage rows
New York,valerahealth,1,1,0,1,2026-09-29,2026-10-06,all events except coverage rows
New York,valinor,1,1,0,1,2026-09-29,2026-10-06,all events except coverage rows
New York,vanna-health-inc,-1,1,2,3,2026-09-29,2026-10-06,all events except coverage rows
New York,vapi,-1,0,1,1,2026-09-29,2026-10-06,all events except coverage rows
New York,veefriends-llc,-1,0,1,1,2026-09-29,2026-10-06,all events except coverage rows
New York,vendelux,-1,0,1,1,2026-09-29,2026-10-06,all events except coverage rows
New York,venncareers,-1,0,1,1,2026-09-29,2026-10-06,all events except coverage rows
New York,vestwell,1,3,2,5,2026-09-29,2026-10-06,all events except coverage rows
New York,viktor,1,1,0,1,2026-09-29,2026-10-06,all events except coverage rows
New York,violenceinterventionprogram,1,1,0,1,2026-09-29,2026-10-06,all events except coverage rows
New York,vivvi,-1,1,2,3,2026-09-29,2026-10-06,all events except coverage rows
New York,vts,1,2,1,3,2026-09-29,2026-10-06,all events except coverage rows
New York,walleyecapital-external-students,1,1,0,1,2026-09-29,2026-10-06,all events except coverage rows
New York,wf,-1,35,36,71,2026-09-29,2026-10-06,all events except coverage rows
New York,withpace,1,3,2,5,2026-09-29,2026-10-06,all events except coverage rows
New York,withpulley,-1,0,1,1,2026-09-29,2026-10-06,all events except coverage rows
New York,workwize,-1,0,1,1,2026-09-29,2026-10-06,all events except coverage rows
New York,writer,-1,0,1,1,2026-09-29,2026-10-06,all events except coverage rows
New York,xtxmarketstechnologies,-1,0,1,1,2026-09-29,2026-10-06,all events except coverage rows
New York,yipitdata,-1,0,1,1,2026-09-29,2026-10-06,all events except coverage rows
New York,yipitdatajobs,1,2,1,3,2026-09-29,2026-10-06,all events except coverage rows
New York,103644278,0,2,2,4,2026-09-29,2026-10-06,all events except coverage rows
New York,2020companies,0,2,2,4,2026-09-29,2026-10-06,all events except coverage rows
New York,Addepar,0,3,3,6,2026-09-29,2026-10-06,all events except coverage rows
New York,Anthropic,0,3,3,6,2026-09-29,2026-10-06,all events except coverage rows
New York,Attentive,0,1,1,2,2026-09-29,2026-10-06,all events except coverage rows
New York,Axsome Therapeutics,0,2,2,4,2026-09-29,2026-10-06,all events except coverage rows
New York,Box,0,3,3,6,2026-09-29,2026-10-06,all events except coverage rows
New York,Cockroach Labs,0,1,1,2,2026-09-29,2026-10-06,all events except coverage rows
New York,Contentful,0,1,1,2,2026-09-29,2026-10-06,all events except coverage rows
New York,"Dane Street, LLC",0,2,2,4,2026-09-29,2026-10-06,all events except coverage rows
New York,Datadog,0,16,16,32,2026-09-29,2026-10-06,all events except coverage rows
New York,Decagon,0,2,2,4,2026-09-29,2026-10-06,all events except coverage rows
New York,Digital,0,1,1,2,2026-09-29,2026-10-06,all events except coverage rows
New York,Esri,0,1,1,2,2026-09-29,2026-10-06,all events except coverage rows
New York,Everpure,0,1,1,2,2026-09-29,2026-10-06,all events except coverage rows
New York,Figure Lending,0,1,1,2,2026-09-29,2026-10-06,all events except coverage rows
New York,Fuku,0,1,1,2,2026-09-29,2026-10-06,all events except coverage rows
New York,Glossier,0,2,2,4,2026-09-29,2026-10-06,all events except coverage rows
New York,Guidepoint,0,2,2,4,2026-09-29,2026-10-06,all events except coverage rows
New York,Heidi,0,1,1,2,2026-09-29,2026-10-06,all events except coverage rows
New York,HelloFresh,0,4,4,8,2026-09-29,2026-10-06,all events except coverage rows
New York,Jane Street,0,1,1,2,2026-09-29,2026-10-06,all events except coverage rows
New York,Keystone,0,1,1,2,2026-09-29,2026-10-06,all events except coverage rows
New York,Klaviyo,0,1,1,2,2026-09-29,2026-10-06,all events except coverage rows
New York,Lyft,0,4,4,8,2026-09-29,2026-10-06,all events except coverage rows
New York,Modal,0,3,3,6,2026-09-29,2026-10-06,all events except coverage rows
New York,MongoDB,0,2,2,4,2026-09-29,2026-10-06,all events except coverage rows
New York,OKX,0,1,1,2,2026-09-29,2026-10-06,all events except coverage rows
New York,Robinhood,0,1,1,2,2026-09-29,2026-10-06,all events except coverage rows
New York,Similarweb,0,2,2,4,2026-09-29,2026-10-06,all events except coverage rows
New York,SiriusPoint,0,1,1,2,2026-09-29,2026-10-06,all events except coverage rows
New York,Speechify,0,1,1,2,2026-09-29,2026-10-06,all events except coverage rows
New York,Synthesia,0,1,1,2,2026-09-29,2026-10-06,all events except coverage rows
New York,VML/WPP Enterprise Solutions,0,1,1,2,2026-09-29,2026-10-06,all events except coverage rows
New York,Warp,0,1,1,2,2026-09-29,2026-10-06,all events except coverage rows
New York,agencywithin,0,1,1,2,2026-09-29,2026-10-06,all events except coverage rows
New York,ameriprise,0,1,1,2,2026-09-29,2026-10-06,all events except coverage rows
New York,armorcode,0,1,1,2,2026-09-29,2026-10-06,all events except coverage rows
New York,catapultsports,0,1,1,2,2026-09-29,2026-10-06,all events except coverage rows
New York,cba,0,1,1,2,2026-09-29,2026-10-06,all events except coverage rows
New York,cboe,0,1,1,2,2026-09-29,2026-10-06,all events except coverage rows
New York,charlesriverassociates,0,1,1,2,2026-09-29,2026-10-06,all events except coverage rows
New York,crafty,0,1,1,2,2026-09-29,2026-10-06,all events except coverage rows
New York,datacamp,0,1,1,2,2026-09-29,2026-10-06,all events except coverage rows
New York,davidyurman,0,1,1,2,2026-09-29,2026-10-06,all events except coverage rows
New York,dentsuaegis,0,12,12,24,2026-09-29,2026-10-06,all events except coverage rows
New York,ferrovial,0,1,1,2,2026-09-29,2026-10-06,all events except coverage rows
New York,flowtraders,0,1,1,2,2026-09-29,2026-10-06,all events except coverage rows
New York,galaxydigitalservices,0,1,1,2,2026-09-29,2026-10-06,all events except coverage rows
New York,garage,0,1,1,2,2026-09-29,2026-10-06,all events except coverage rows
New York,honeydew,0,1,1,2,2026-09-29,2026-10-06,all events except coverage rows
New York,hudsonguild,0,1,1,2,2026-09-29,2026-10-06,all events except coverage rows
New York,humanrightswatch,0,1,1,2,2026-09-29,2026-10-06,all events except coverage rows
New York,iCapital,0,5,5,10,2026-09-29,2026-10-06,all events except coverage rows
New York,iff,0,2,2,4,2026-09-29,2026-10-06,all events except coverage rows
New York,iheartmedia,0,2,2,4,2026-09-29,2026-10-06,all events except coverage rows
New York,imprint,0,2,2,4,2026-09-29,2026-10-06,all events except coverage rows
New York,innovationhighschool,0,1,1,2,2026-09-29,2026-10-06,all events except coverage rows
New York,iqvia,0,1,1,2,2026-09-29,2026-10-06,all events except coverage rows
New York,iterativehealth,0,2,2,4,2026-09-29,2026-10-06,all events except coverage rows
New York,jerry.ai,0,1,1,2,2026-09-29,2026-10-06,all events except coverage rows
New York,kaizenlabs,0,1,1,2,2026-09-29,2026-10-06,all events except coverage rows
New York,lovable,0,1,1,2,2026-09-29,2026-10-06,all events except coverage rows
New York,luma-financial-technologies,0,2,2,4,2026-09-29,2026-10-06,all events except coverage rows
New York,mariner-careers,0,1,1,2,2026-09-29,2026-10-06,all events except coverage rows
New York,mtb,0,4,4,8,2026-09-29,2026-10-06,all events except coverage rows
New York,nen-creative,0,2,2,4,2026-09-29,2026-10-06,all events except coverage rows
New York,nollahealth,0,1,1,2,2026-09-29,2026-10-06,all events except coverage rows
New York,nordstrom,0,21,21,42,2026-09-29,2026-10-06,all events except coverage rows
New York,nycavp,0,1,1,2,2026-09-29,2026-10-06,all events except coverage rows
New York,ocrolusinc,0,1,1,2,2026-09-29,2026-10-06,all events except coverage rows
New York,omnea,0,1,1,2,2026-09-29,2026-10-06,all events except coverage rows
New York,onhires,0,1,1,2,2026-09-29,2026-10-06,all events except coverage rows
New York,outtake,0,1,1,2,2026-09-29,2026-10-06,all events except coverage rows
New York,posh,0,2,2,4,2026-09-29,2026-10-06,all events except coverage rows
New York,prospect,0,1,1,2,2026-09-29,2026-10-06,all events except coverage rows
New York,rvohealth,0,1,1,2,2026-09-29,2026-10-06,all events except coverage rows
New York,skadden,0,2,2,4,2026-09-29,2026-10-06,all events except coverage rows
New York,sohodragon,0,1,1,2,2026-09-29,2026-10-06,all events except coverage rows
New York,soundcloud71,0,1,1,2,2026-09-29,2026-10-06,all events except coverage rows
New York,taketwo,0,1,1,2,2026-09-29,2026-10-06,all events except coverage rows
New York,tatari,0,1,1,2,2026-09-29,2026-10-06,all events except coverage rows
New York,thelabnyc,0,1,1,2,2026-09-29,2026-10-06,all events except coverage rows
New York,thesiscareers,0,1,1,2,2026-09-29,2026-10-06,all events except coverage rows
New York,tiaa,0,4,4,8,2026-09-29,2026-10-06,all events except coverage rows
New York,truist,0,4,4,8,2026-09-29,2026-10-06,all events except coverage rows
New York,unode50,0,1,1,2,2026-09-29,2026-10-06,all events except coverage rows
New York,versemedical,0,2,2,4,2026-09-29,2026-10-06,all events except coverage rows
New York,vocca,0,1,1,2,2026-09-29,2026-10-06,all events except coverage rows
New York,withcoverage,0,5,5,10,2026-09-29,2026-10-06,all events except coverage rows
New York,wje,0,1,1,2,2026-09-29,2026-10-06,all events except coverage rows
Paris,careers,37,39,2,41,2026-09-29,2026-10-06,all events except coverage rows
Paris,cc,-20,9,29,38,2026-09-29,2026-10-06,all events except coverage rows
Paris,pernodricard,14,26,12,38,2026-09-29,2026-10-06,all events except coverage rows
Paris,j,11,20,9,29,2026-09-29,2026-10-06,all events except coverage rows
Paris,mirakl,10,13,3,16,2026-09-29,2026-10-06,all events except coverage rows
Paris,Voodoo,8,13,5,18,2026-09-29,2026-10-06,all events except coverage rows
Paris,engelvoelkers,8,8,0,8,2026-09-29,2026-10-06,all events except coverage rows
Paris,Alan,-6,1,7,8,2026-09-29,2026-10-06,all events except coverage rows
Paris,APM Monaco,5,5,0,5,2026-09-29,2026-10-06,all events except coverage rows
Paris,manh,-5,1,6,7,2026-09-29,2026-10-06,all events except coverage rows
Paris,mirakllabs,5,5,0,5,2026-09-29,2026-10-06,all events except coverage rows
Paris,alta-ares,4,5,1,6,2026-09-29,2026-10-06,all events except coverage rows
Paris,dotfile,4,4,0,4,2026-09-29,2026-10-06,all events except coverage rows
Paris,8advisory,-3,0,3,3,2026-09-29,2026-10-06,all events except coverage rows
Paris,Algolia,3,3,0,3,2026-09-29,2026-10-06,all events except coverage rows
Paris,focusentertainment,-3,1,4,5,2026-09-29,2026-10-06,all events except coverage rows
Paris,murex,-3,0,3,3,2026-09-29,2026-10-06,all events except coverage rows
Paris,snapchat,3,3,0,3,2026-09-29,2026-10-06,all events except coverage rows
Paris,Arrive,2,3,1,4,2026-09-29,2026-10-06,all events except coverage rows
Paris,AvePoint,-2,0,2,2,2026-09-29,2026-10-06,all events except coverage rows
Paris,CXG,-2,0,2,2,2026-09-29,2026-10-06,all events except coverage rows
Paris,Cato Networks,2,2,0,2,2026-09-29,2026-10-06,all events except coverage rows
Paris,Checkout.com,2,2,0,2,2026-09-29,2026-10-06,all events except coverage rows
Paris,Datadog,2,4,2,6,2026-09-29,2026-10-06,all events except coverage rows
Paris,Doctolib,-2,12,14,26,2026-09-29,2026-10-06,all events except coverage rows
Paris,Genetec,-2,1,3,4,2026-09-29,2026-10-06,all events except coverage rows
Paris,Nebius,-2,0,2,2,2026-09-29,2026-10-06,all events except coverage rows
Paris,Synthesia,-2,0,2,2,2026-09-29,2026-10-06,all events except coverage rows
Paris,Veeam Software,2,2,0,2,2026-09-29,2026-10-06,all events except coverage rows
Paris,barclays,-2,1,3,4,2026-09-29,2026-10-06,all events except coverage rows
Paris,biibhr,2,2,0,2,2026-09-29,2026-10-06,all events except coverage rows
Paris,carriere,-2,0,2,2,2026-09-29,2026-10-06,all events except coverage rows
Paris,db,-2,0,2,2,2026-09-29,2026-10-06,all events except coverage rows
Paris,dust,-2,0,2,2,2026-09-29,2026-10-06,all events except coverage rows
Paris,ecocert,2,2,0,2,2026-09-29,2026-10-06,all events except coverage rows
Paris,hoganlovells,2,3,1,4,2026-09-29,2026-10-06,all events except coverage rows
Paris,jellyfishcareers,-2,0,2,2,2026-09-29,2026-10-06,all events except coverage rows
Paris,lexroom,2,2,0,2,2026-09-29,2026-10-06,all events except coverage rows
Paris,livezoku,2,2,0,2,2026-09-29,2026-10-06,all events except coverage rows
Paris,medtronic,2,2,0,2,2026-09-29,2026-10-06,all events except coverage rows
Paris,msf,2,2,0,2,2026-09-29,2026-10-06,all events except coverage rows
Paris,nike,-2,1,3,4,2026-09-29,2026-10-06,all events except coverage rows
Paris,oliver,2,3,1,4,2026-09-29,2026-10-06,all events except coverage rows
Paris,orasio,2,3,1,4,2026-09-29,2026-10-06,all events except coverage rows
Paris,rockwoolgroup,2,2,0,2,2026-09-29,2026-10-06,all events except coverage rows
Paris,rothschildandco,2,2,0,2,2026-09-29,2026-10-06,all events except coverage rows
Paris,skechers,-2,1,3,4,2026-09-29,2026-10-06,all events except coverage rows
Paris,stryker,-2,0,2,2,2026-09-29,2026-10-06,all events except coverage rows
Paris,unispace,-2,0,2,2,2026-09-29,2026-10-06,all events except coverage rows
Paris,vibe,-2,0,2,2,2026-09-29,2026-10-06,all events except coverage rows
Paris,vocca,2,3,1,4,2026-09-29,2026-10-06,all events except coverage rows
Paris,Airbnb,1,1,0,1,2026-09-29,2026-10-06,all events except coverage rows
Paris,Anthropic,-1,0,1,1,2026-09-29,2026-10-06,all events except coverage rows
Paris,Block,-1,0,1,1,2026-09-29,2026-10-06,all events except coverage rows
Paris,Braze,1,1,0,1,2026-09-29,2026-10-06,all events except coverage rows
Paris,Celonis,1,1,0,1,2026-09-29,2026-10-06,all events except coverage rows
Paris,Clera,-1,1,2,3,2026-09-29,2026-10-06,all events except coverage rows
Paris,Cognism,1,1,0,1,2026-09-29,2026-10-06,all events except coverage rows
Paris,Dashlane,1,1,0,1,2026-09-29,2026-10-06,all events except coverage rows
Paris,Databricks,-1,2,3,5,2026-09-29,2026-10-06,all events except coverage rows
Paris,Fastly,1,1,0,1,2026-09-29,2026-10-06,all events except coverage rows
Paris,Genesis,1,1,0,1,2026-09-29,2026-10-06,all events except coverage rows
Paris,Harmattan AI,1,5,4,9,2026-09-29,2026-10-06,all events except coverage rows
Paris,Harvey,-1,0,1,1,2026-09-29,2026-10-06,all events except coverage rows
Paris,HelloFresh,-1,1,2,3,2026-09-29,2026-10-06,all events except coverage rows
Paris,Klaviyo,-1,0,1,1,2026-09-29,2026-10-06,all events except coverage rows
Paris,KnowBe4,-1,0,1,1,2026-09-29,2026-10-06,all events except coverage rows
Paris,Ledger,1,4,3,7,2026-09-29,2026-10-06,all events except coverage rows
Paris,"Lightspeed Commerce, Inc.",-1,0,1,1,2026-09-29,2026-10-06,all events except coverage rows
Paris,Lincoln International,1,1,0,1,2026-09-29,2026-10-06,all events except coverage rows
Paris,MongoDB,1,1,0,1,2026-09-29,2026-10-06,all events except coverage rows
Paris,Navan,-1,0,1,1,2026-09-29,2026-10-06,all events except coverage rows
Paris,Netskope,1,1,0,1,2026-09-29,2026-10-06,all events except coverage rows
Paris,Nord Security,1,1,0,1,2026-09-29,2026-10-06,all events except coverage rows
Paris,On,-1,0,1,1,2026-09-29,2026-10-06,all events except coverage rows
Paris,Ouihelp,1,2,1,3,2026-09-29,2026-10-06,all events except coverage rows
Paris,Pennylane SAS,-1,3,4,7,2026-09-29,2026-10-06,all events except coverage rows
Paris,Prelude,-1,0,1,1,2026-09-29,2026-10-06,all events except coverage rows
Paris,Reformation,-1,0,1,1,2026-09-29,2026-10-06,all events except coverage rows
Paris,Rubrik,-1,0,1,1,2026-09-29,2026-10-06,all events except coverage rows
Paris,SharkNinja,-1,0,1,1,2026-09-29,2026-10-06,all events except coverage rows
Paris,Stripe,1,1,0,1,2026-09-29,2026-10-06,all events except coverage rows
Paris,Taboola,1,1,0,1,2026-09-29,2026-10-06,all events except coverage rows
Paris,The New York Times,-1,0,1,1,2026-09-29,2026-10-06,all events except coverage rows
Paris,Treatwell,-1,0,1,1,2026-09-29,2026-10-06,all events except coverage rows
Paris,Valtech,-1,1,2,3,2026-09-29,2026-10-06,all events except coverage rows
Paris,Via,1,2,1,3,2026-09-29,2026-10-06,all events except coverage rows
Paris,Yubo,1,1,0,1,2026-09-29,2026-10-06,all events except coverage rows
Paris,alsglobal,1,1,0,1,2026-09-29,2026-10-06,all events except coverage rows
Paris,aneo,1,1,0,1,2026-09-29,2026-10-06,all events except coverage rows
Paris,aninebing,-1,0,1,1,2026-09-29,2026-10-06,all events except coverage rows
Paris,autodesk,1,1,0,1,2026-09-29,2026-10-06,all events except coverage rows
Paris,ayvens,-1,0,1,1,2026-09-29,2026-10-06,all events except coverage rows
Paris,azerion,1,1,0,1,2026-09-29,2026-10-06,all events except coverage rows
Paris,backmarket,1,3,2,5,2026-09-29,2026-10-06,all events except coverage rows
Paris,bayware,1,1,0,1,2026-09-29,2026-10-06,all events except coverage rows
Paris,bbva,-1,0,1,1,2026-09-29,2026-10-06,all events except coverage rows
Paris,beqom,1,1,0,1,2026-09-29,2026-10-06,all events except coverage rows
Paris,brenntag,-1,0,1,1,2026-09-29,2026-10-06,all events except coverage rows
Paris,cisco,1,1,0,1,2026-09-29,2026-10-06,all events except coverage rows
Paris,coreweave,1,1,0,1,2026-09-29,2026-10-06,all events except coverage rows
Paris,creatoriq,1,1,0,1,2026-09-29,2026-10-06,all events except coverage rows
Paris,dentalmonitoring,-1,0,1,1,2026-09-29,2026-10-06,all events except coverage rows
Paris,diabolocom,1,2,1,3,2026-09-29,2026-10-06,all events except coverage rows
Paris,disney,1,1,0,1,2026-09-29,2026-10-06,all events except coverage rows
Paris,eqs-group,-1,1,2,3,2026-09-29,2026-10-06,all events except coverage rows
Paris,everfield,1,1,0,1,2026-09-29,2026-10-06,all events except coverage rows
Paris,francophoniecarrieres,1,1,0,1,2026-09-29,2026-10-06,all events except coverage rows
Paris,freshfields,-1,0,1,1,2026-09-29,2026-10-06,all events except coverage rows
Paris,frontcareers,1,1,0,1,2026-09-29,2026-10-06,all events except coverage rows
Paris,genesys,-1,0,1,1,2026-09-29,2026-10-06,all events except coverage rows
Paris,gide,-1,0,1,1,2026-09-29,2026-10-06,all events except coverage rows
Paris,gorgias,1,2,1,3,2026-09-29,2026-10-06,all events except coverage rows
Paris,ibexa,1,1,0,1,2026-09-29,2026-10-06,all events except coverage rows
Paris,idnow,1,1,0,1,2026-09-29,2026-10-06,all events except coverage rows
Paris,instadeep,-1,0,1,1,2026-09-29,2026-10-06,all events except coverage rows
Paris,institutminestelecom,-1,0,1,1,2026-09-29,2026-10-06,all events except coverage rows
Paris,issgovernance,1,1,0,1,2026-09-29,2026-10-06,all events except coverage rows
Paris,jacquemus,-1,0,1,1,2026-09-29,2026-10-06,all events except coverage rows
Paris,jll,-1,4,5,9,2026-09-29,2026-10-06,all events except coverage rows
Paris,jobs,-1,0,1,1,2026-09-29,2026-10-06,all events except coverage rows
Paris,kog,1,1,0,1,2026-09-29,2026-10-06,all events except coverage rows
Paris,landor,-1,0,1,1,2026-09-29,2026-10-06,all events except coverage rows
Paris,lemlist,1,1,0,1,2026-09-29,2026-10-06,all events except coverage rows
Paris,logitech,-1,0,1,1,2026-09-29,2026-10-06,all events except coverage rows
Paris,lowes,-1,0,1,1,2026-09-29,2026-10-06,all events except coverage rows
Paris,luxaviation,-1,0,1,1,2026-09-29,2026-10-06,all events except coverage rows
Paris,magnumphotos,1,1,0,1,2026-09-29,2026-10-06,all events except coverage rows
Paris,mastercard,-1,0,1,1,2026-09-29,2026-10-06,all events except coverage rows
Paris,mergemoney,-1,0,1,1,2026-09-29,2026-10-06,all events except coverage rows
Paris,myhrabc,-1,0,1,1,2026-09-29,2026-10-06,all events except coverage rows
Paris,netapp,1,1,0,1,2026-09-29,2026-10-06,all events except coverage rows
Paris,netflix,1,1,0,1,2026-09-29,2026-10-06,all events except coverage rows
Paris,nttlimited,-1,1,2,3,2026-09-29,2026-10-06,all events except coverage rows
Paris,owkin,1,1,0,1,2026-09-29,2026-10-06,all events except coverage rows
Paris,paloaltonetworks,-1,2,3,5,2026-09-29,2026-10-06,all events except coverage rows
Paris,paypal,-1,0,1,1,2026-09-29,2026-10-06,all events except coverage rows
Paris,piano,-1,0,1,1,2026-09-29,2026-10-06,all events except coverage rows
Paris,poppulo,1,1,0,1,2026-09-29,2026-10-06,all events except coverage rows
Paris,proofpoint,-1,0,1,1,2026-09-29,2026-10-06,all events except coverage rows
Paris,prose,-1,0,1,1,2026-09-29,2026-10-06,all events except coverage rows
Paris,pur,1,1,0,1,2026-09-29,2026-10-06,all events except coverage rows
Paris,questel,1,2,1,3,2026-09-29,2026-10-06,all events except coverage rows
Paris,regeneron,-1,0,1,1,2026-09-29,2026-10-06,all events except coverage rows
Paris,relx,1,1,0,1,2026-09-29,2026-10-06,all events except coverage rows
Paris,saxobank,-1,0,1,1,2026-09-29,2026-10-06,all events except coverage rows
Paris,smartbox,-1,0,1,1,2026-09-29,2026-10-06,all events except coverage rows
Paris,soldejaneiro,-1,0,1,1,2026-09-29,2026-10-06,all events except coverage rows
Paris,solenis,-1,2,3,5,2026-09-29,2026-10-06,all events except coverage rows
Paris,sonos,1,1,0,1,2026-09-29,2026-10-06,all events except coverage rows
Paris,summitonevanderbilt,1,1,0,1,2026-09-29,2026-10-06,all events except coverage rows
Paris,tandem-health,1,1,0,1,2026-09-29,2026-10-06,all events except coverage rows
Paris,tanium,-1,0,1,1,2026-09-29,2026-10-06,all events except coverage rows
Paris,teads1,1,1,0,1,2026-09-29,2026-10-06,all events except coverage rows
Paris,thermofisher,1,1,0,1,2026-09-29,2026-10-06,all events except coverage rows
Paris,vertice,-1,0,1,1,2026-09-29,2026-10-06,all events except coverage rows
Paris,virtuozzo,1,1,0,1,2026-09-29,2026-10-06,all events except coverage rows
Paris,vivid,1,1,0,1,2026-09-29,2026-10-06,all events except coverage rows
Paris,wep,-1,0,1,1,2026-09-29,2026-10-06,all events except coverage rows
Paris,whitecircle,-1,0,1,1,2026-09-29,2026-10-06,all events except coverage rows
Paris,wrike,1,1,0,1,2026-09-29,2026-10-06,all events except coverage rows
Paris,yepoda,-1,0,1,1,2026-09-29,2026-10-06,all events except coverage rows
Paris,Adyen,0,1,1,2,2026-09-29,2026-10-06,all events except coverage rows
Paris,FeverUp,0,2,2,4,2026-09-29,2026-10-06,all events except coverage rows
Paris,Heidi,0,1,1,2,2026-09-29,2026-10-06,all events except coverage rows
Paris,Monks,0,1,1,2,2026-09-29,2026-10-06,all events except coverage rows
Paris,OpenAI,0,3,3,6,2026-09-29,2026-10-06,all events except coverage rows
Paris,Scaleway,0,4,4,8,2026-09-29,2026-10-06,all events except coverage rows
Paris,Speechify,0,1,1,2,2026-09-29,2026-10-06,all events except coverage rows
Paris,VML/WPP Enterprise Solutions,0,1,1,2,2026-09-29,2026-10-06,all events except coverage rows
Paris,WPP Media,0,3,3,6,2026-09-29,2026-10-06,all events except coverage rows
Paris,fastned,0,1,1,2,2026-09-29,2026-10-06,all events except coverage rows
Paris,fastretailing,0,1,1,2,2026-09-29,2026-10-06,all events except coverage rows
Paris,fortrea,0,2,2,4,2026-09-29,2026-10-06,all events except coverage rows
Paris,iqvia,0,3,3,6,2026-09-29,2026-10-06,all events except coverage rows
Paris,joko,0,1,1,2,2026-09-29,2026-10-06,all events except coverage rows
Paris,lseg,0,1,1,2,2026-09-29,2026-10-06,all events except coverage rows
Paris,lucis,0,1,1,2,2026-09-29,2026-10-06,all events except coverage rows
Paris,matera,0,1,1,2,2026-09-29,2026-10-06,all events except coverage rows
Paris,ms,0,1,1,2,2026-09-29,2026-10-06,all events except coverage rows
Paris,payhawkio,0,1,1,2,2026-09-29,2026-10-06,all events except coverage rows
Paris,photoroom,0,1,1,2,2026-09-29,2026-10-06,all events except coverage rows
Paris,roche,0,2,2,4,2026-09-29,2026-10-06,all events except coverage rows
Paris,swarovski,0,1,1,2,2026-09-29,2026-10-06,all events except coverage rows
Paris,tapestry,0,1,1,2,2026-09-29,2026-10-06,all events except coverage rows
Paris,vwr,0,4,4,8,2026-09-29,2026-10-06,all events except coverage rows
Paris,zefir,0,1,1,2,2026-09-29,2026-10-06,all events except coverage rows
Philadelphia,ivyrehab,16,16,0,16,2026-09-29,2026-10-06,all events except coverage rows
Philadelphia,rsm,-7,0,7,7,2026-09-29,2026-10-06,all events except coverage rows
Philadelphia,umusic,-5,0,5,5,2026-09-29,2026-10-06,all events except coverage rows
Philadelphia,careers,4,4,0,4,2026-09-29,2026-10-06,all events except coverage rows
Philadelphia,td,3,9,6,15,2026-09-29,2026-10-06,all events except coverage rows
Philadelphia,One Medical,-2,0,2,2,2026-09-29,2026-10-06,all events except coverage rows
Philadelphia,calibercollision,2,2,0,2,2026-09-29,2026-10-06,all events except coverage rows
Philadelphia,fivebelow,2,11,9,20,2026-09-29,2026-10-06,all events except coverage rows
Philadelphia,genpt,2,2,0,2,2026-09-29,2026-10-06,all events except coverage rows
Philadelphia,j,-2,9,11,20,2026-09-29,2026-10-06,all events except coverage rows
Philadelphia,jeffersonhealth,2,106,104,210,2026-09-29,2026-10-06,all events except coverage rows
Philadelphia,nike,2,2,0,2,2026-09-29,2026-10-06,all events except coverage rows
Philadelphia,philadelphiaballet,-2,0,2,2,2026-09-29,2026-10-06,all events except coverage rows
Philadelphia,philliesbaseballoperations,2,2,0,2,2026-09-29,2026-10-06,all events except coverage rows
Philadelphia,pointquestgroup,-2,2,4,6,2026-09-29,2026-10-06,all events except coverage rows
Philadelphia,santander,2,2,0,2,2026-09-29,2026-10-06,all events except coverage rows
Philadelphia,spothopper,-2,0,2,2,2026-09-29,2026-10-06,all events except coverage rows
Philadelphia,townepark,-2,1,3,4,2026-09-29,2026-10-06,all events except coverage rows
Philadelphia,truist,-2,0,2,2,2026-09-29,2026-10-06,all events except coverage rows
Philadelphia,1800gotjunk,-1,0,1,1,2026-09-29,2026-10-06,all events except coverage rows
Philadelphia,2020companies,1,1,0,1,2026-09-29,2026-10-06,all events except coverage rows
Philadelphia,Accenture Federal Services,-1,0,1,1,2026-09-29,2026-10-06,all events except coverage rows
Philadelphia,Axogen,-1,0,1,1,2026-09-29,2026-10-06,all events except coverage rows
Philadelphia,Barnes &amp; Thornburg LLP,1,1,0,1,2026-09-29,2026-10-06,all events except coverage rows
Philadelphia,Cato Networks,-1,0,1,1,2026-09-29,2026-10-06,all events except coverage rows
Philadelphia,Charlie Health,-1,0,1,1,2026-09-29,2026-10-06,all events except coverage rows
Philadelphia,Charlie Health Outreach,-1,0,1,1,2026-09-29,2026-10-06,all events except coverage rows
Philadelphia,EOS,1,1,0,1,2026-09-29,2026-10-06,all events except coverage rows
Philadelphia,Esri,1,2,1,3,2026-09-29,2026-10-06,all events except coverage rows
Philadelphia,Everpure,1,1,0,1,2026-09-29,2026-10-06,all events except coverage rows
Philadelphia,Hudson Manpower,1,1,0,1,2026-09-29,2026-10-06,all events except coverage rows
Philadelphia,ICBD,-1,0,1,1,2026-09-29,2026-10-06,all events except coverage rows
Philadelphia,IXL Learning,1,1,0,1,2026-09-29,2026-10-06,all events except coverage rows
Philadelphia,Iovance Biotherapeutics,-1,0,1,1,2026-09-29,2026-10-06,all events except coverage rows
Philadelphia,Kia Veterans Technician Apprenticeship Program (VTAP),1,1,0,1,2026-09-29,2026-10-06,all events except coverage rows
Philadelphia,LifeStance Health,-1,0,1,1,2026-09-29,2026-10-06,all events except coverage rows
Philadelphia,Monks,-1,0,1,1,2026-09-29,2026-10-06,all events except coverage rows
Philadelphia,Natera,1,1,0,1,2026-09-29,2026-10-06,all events except coverage rows
Philadelphia,Octave,1,1,0,1,2026-09-29,2026-10-06,all events except coverage rows
Philadelphia,Renuity,-1,0,1,1,2026-09-29,2026-10-06,all events except coverage rows
Philadelphia,SpotOn,1,1,0,1,2026-09-29,2026-10-06,all events except coverage rows
Philadelphia,StandardBots,1,1,0,1,2026-09-29,2026-10-06,all events except coverage rows
Philadelphia,Toast,1,1,0,1,2026-09-29,2026-10-06,all events except coverage rows
Philadelphia,TransPerfect,-1,0,1,1,2026-09-29,2026-10-06,all events except coverage rows
Philadelphia,accendra,-1,0,1,1,2026-09-29,2026-10-06,all events except coverage rows
Philadelphia,airliquidehr,1,1,0,1,2026-09-29,2026-10-06,all events except coverage rows
Philadelphia,americanredcross,1,3,2,5,2026-09-29,2026-10-06,all events except coverage rows
Philadelphia,arctiq,-1,0,1,1,2026-09-29,2026-10-06,all events except coverage rows
Philadelphia,att,1,1,0,1,2026-09-29,2026-10-06,all events except coverage rows
Philadelphia,aveva,-1,0,1,1,2026-09-29,2026-10-06,all events except coverage rows
Philadelphia,bjswholesaleclub,-1,1,2,3,2026-09-29,2026-10-06,all events except coverage rows
Philadelphia,bluecadet,1,1,0,1,2026-09-29,2026-10-06,all events except coverage rows
Philadelphia,businessprocessingsolutions,-1,0,1,1,2026-09-29,2026-10-06,all events except coverage rows
Philadelphia,catalent,-1,2,3,5,2026-09-29,2026-10-06,all events except coverage rows
Philadelphia,cigna,-1,0,1,1,2026-09-29,2026-10-06,all events except coverage rows
Philadelphia,clarioclinical,-1,0,1,1,2026-09-29,2026-10-06,all events except coverage rows
Philadelphia,dlapiper,1,1,0,1,2026-09-29,2026-10-06,all events except coverage rows
Philadelphia,dreamprogram,-1,0,1,1,2026-09-29,2026-10-06,all events except coverage rows
Philadelphia,electrosonic-careers,-1,0,1,1,2026-09-29,2026-10-06,all events except coverage rows
Philadelphia,erm,-1,0,1,1,2026-09-29,2026-10-06,all events except coverage rows
Philadelphia,firststudent,-1,0,1,1,2026-09-29,2026-10-06,all events except coverage rows
Philadelphia,fox,1,1,0,1,2026-09-29,2026-10-06,all events except coverage rows
Philadelphia,freseniusmedicalcare,-1,4,5,9,2026-09-29,2026-10-06,all events except coverage rows
Philadelphia,ghr,-1,1,2,3,2026-09-29,2026-10-06,all events except coverage rows
Philadelphia,graceloveslace,1,1,0,1,2026-09-29,2026-10-06,all events except coverage rows
Philadelphia,gtlaw,1,1,0,1,2026-09-29,2026-10-06,all events except coverage rows
Philadelphia,hklaw,-1,0,1,1,2026-09-29,2026-10-06,all events except coverage rows
Philadelphia,ilsc,1,1,0,1,2026-09-29,2026-10-06,all events except coverage rows
Philadelphia,inspiremedicalsystemsinc,1,1,0,1,2026-09-29,2026-10-06,all events except coverage rows
Philadelphia,intersection,1,1,0,1,2026-09-29,2026-10-06,all events except coverage rows
Philadelphia,iqvia,1,2,1,3,2026-09-29,2026-10-06,all events except coverage rows
Philadelphia,jj,1,1,0,1,2026-09-29,2026-10-06,all events except coverage rows
Philadelphia,kalcon,1,1,0,1,2026-09-29,2026-10-06,all events except coverage rows
Philadelphia,keplergroup,1,1,0,1,2026-09-29,2026-10-06,all events except coverage rows
Philadelphia,lagos,-1,0,1,1,2026-09-29,2026-10-06,all events except coverage rows
Philadelphia,legendcareers,1,1,0,1,2026-09-29,2026-10-06,all events except coverage rows
Philadelphia,lisinski-law-firm,-1,0,1,1,2026-09-29,2026-10-06,all events except coverage rows
Philadelphia,livenation,-1,0,1,1,2026-09-29,2026-10-06,all events except coverage rows
Philadelphia,lowes,1,2,1,3,2026-09-29,2026-10-06,all events except coverage rows
Philadelphia,marcusmillichap,1,1,0,1,2026-09-29,2026-10-06,all events except coverage rows
Philadelphia,medtronic,1,1,0,1,2026-09-29,2026-10-06,all events except coverage rows
Philadelphia,myriad360,-1,0,1,1,2026-09-29,2026-10-06,all events except coverage rows
Philadelphia,ogcglobal,1,1,0,1,2026-09-29,2026-10-06,all events except coverage rows
Philadelphia,pariveda,-1,0,1,1,2026-09-29,2026-10-06,all events except coverage rows
Philadelphia,patientpoint,-1,0,1,1,2026-09-29,2026-10-06,all events except coverage rows
Philadelphia,penninteractive,-1,0,1,1,2026-09-29,2026-10-06,all events except coverage rows
Philadelphia,pensions,1,1,0,1,2026-09-29,2026-10-06,all events except coverage rows
Philadelphia,rb,1,1,0,1,2026-09-29,2026-10-06,all events except coverage rows
Philadelphia,reachmobi,-1,0,1,1,2026-09-29,2026-10-06,all events except coverage rows
Philadelphia,regeneron,-1,0,1,1,2026-09-29,2026-10-06,all events except coverage rows
Philadelphia,res,1,1,0,1,2026-09-29,2026-10-06,all events except coverage rows
Philadelphia,rewardsnetwork,1,1,0,1,2026-09-29,2026-10-06,all events except coverage rows
Philadelphia,roquette,1,1,0,1,2026-09-29,2026-10-06,all events except coverage rows
Philadelphia,skechers,-1,0,1,1,2026-09-29,2026-10-06,all events except coverage rows
Philadelphia,skinlaundry,1,1,0,1,2026-09-29,2026-10-06,all events except coverage rows
Philadelphia,sonicwall,1,1,0,1,2026-09-29,2026-10-06,all events except coverage rows
Philadelphia,strivehealth,1,1,0,1,2026-09-29,2026-10-06,all events except coverage rows
Philadelphia,stryker,1,1,0,1,2026-09-29,2026-10-06,all events except coverage rows
Philadelphia,stvinc,-1,0,1,1,2026-09-29,2026-10-06,all events except coverage rows
Philadelphia,talkdesk2,1,1,0,1,2026-09-29,2026-10-06,all events except coverage rows
Philadelphia,thehartford,1,1,0,1,2026-09-29,2026-10-06,all events except coverage rows
Philadelphia,tjx,-1,0,1,1,2026-09-29,2026-10-06,all events except coverage rows
Philadelphia,transamerica,1,1,0,1,2026-09-29,2026-10-06,all events except coverage rows
Philadelphia,usbank,1,1,0,1,2026-09-29,2026-10-06,all events except coverage rows
Philadelphia,verizon,-1,0,1,1,2026-09-29,2026-10-06,all events except coverage rows
Philadelphia,vertage,-1,0,1,1,2026-09-29,2026-10-06,all events except coverage rows
Philadelphia,zoll,-1,0,1,1,2026-09-29,2026-10-06,all events except coverage rows
Philadelphia,Blank Street,0,1,1,2,2026-09-29,2026-10-06,all events except coverage rows
Philadelphia,Green-Tree-School-and-Services,0,2,2,4,2026-09-29,2026-10-06,all events except coverage rows
Philadelphia,Langan Engineering & Environmental Services,0,1,1,2,2026-09-29,2026-10-06,all events except coverage rows
Philadelphia,"Morgan & Morgan, P.A.",0,1,1,2,2026-09-29,2026-10-06,all events except coverage rows
Philadelphia,Ridgeline,0,1,1,2,2026-09-29,2026-10-06,all events except coverage rows
Philadelphia,Speechify,0,1,1,2,2026-09-29,2026-10-06,all events except coverage rows
Philadelphia,United Placement Group,0,1,1,2,2026-09-29,2026-10-06,all events except coverage rows
Philadelphia,Whizz,0,1,1,2,2026-09-29,2026-10-06,all events except coverage rows
Philadelphia,agecareers,0,1,1,2,2026-09-29,2026-10-06,all events except coverage rows
Philadelphia,asmglobal,0,2,2,4,2026-09-29,2026-10-06,all events except coverage rows
Philadelphia,healthverity,0,2,2,4,2026-09-29,2026-10-06,all events except coverage rows
Philadelphia,jll,0,1,1,2,2026-09-29,2026-10-06,all events except coverage rows
Philadelphia,kolmacintegratedbehavioralhealth,0,1,1,2,2026-09-29,2026-10-06,all events except coverage rows
Philadelphia,mtb,0,1,1,2,2026-09-29,2026-10-06,all events except coverage rows
Philadelphia,paretocaptiveservicesllc,0,1,1,2,2026-09-29,2026-10-06,all events except coverage rows
Philadelphia,pciservices,0,5,5,10,2026-09-29,2026-10-06,all events except coverage rows
Philadelphia,republic,0,1,1,2,2026-09-29,2026-10-06,all events except coverage rows
Philadelphia,seniorlawcenter,0,1,1,2,2026-09-29,2026-10-06,all events except coverage rows
Philadelphia,tmobile,0,1,1,2,2026-09-29,2026-10-06,all events except coverage rows
Philadelphia,wf,0,9,9,18,2026-09-29,2026-10-06,all events except coverage rows
Phoenix,kla,8,8,0,8,2026-09-29,2026-10-06,all events except coverage rows
Phoenix,fullbay,6,6,0,6,2026-09-29,2026-10-06,all events except coverage rows
Phoenix,careers,5,5,0,5,2026-09-29,2026-10-06,all events except coverage rows
Phoenix,fivebelow,-5,2,7,9,2026-09-29,2026-10-06,all events except coverage rows
Phoenix,ghr,5,6,1,7,2026-09-29,2026-10-06,all events except coverage rows
Phoenix,theweitzcompany,-5,0,5,5,2026-09-29,2026-10-06,all events except coverage rows
Phoenix,townepark,5,5,0,5,2026-09-29,2026-10-06,all events except coverage rows
Phoenix,wf,-5,3,8,11,2026-09-29,2026-10-06,all events except coverage rows
Phoenix,gcu,-4,0,4,4,2026-09-29,2026-10-06,all events except coverage rows
Phoenix,mydpr,4,8,4,12,2026-09-29,2026-10-06,all events except coverage rows
Phoenix,usbank,4,6,2,8,2026-09-29,2026-10-06,all events except coverage rows
Phoenix,valle-del-sol,-4,1,5,6,2026-09-29,2026-10-06,all events except coverage rows
Phoenix,bestwestern,3,3,0,3,2026-09-29,2026-10-06,all events except coverage rows
Phoenix,bmo,3,3,0,3,2026-09-29,2026-10-06,all events except coverage rows
Phoenix,j,-3,4,7,11,2026-09-29,2026-10-06,all events except coverage rows
Phoenix,republic,-3,15,18,33,2026-09-29,2026-10-06,all events except coverage rows
Phoenix,sedgwick,3,3,0,3,2026-09-29,2026-10-06,all events except coverage rows
Phoenix,uhaul,-3,5,8,13,2026-09-29,2026-10-06,all events except coverage rows
Phoenix,Marksman Security LLC,-2,0,2,2,2026-09-29,2026-10-06,all events except coverage rows
Phoenix,One Medical,2,3,1,4,2026-09-29,2026-10-06,all events except coverage rows
Phoenix,colliers,-2,0,2,2,2026-09-29,2026-10-06,all events except coverage rows
Phoenix,interiorlogicgroup,2,3,1,4,2026-09-29,2026-10-06,all events except coverage rows
Phoenix,jll,-2,0,2,2,2026-09-29,2026-10-06,all events except coverage rows
Phoenix,lowes,2,7,5,12,2026-09-29,2026-10-06,all events except coverage rows
Phoenix,mcis,2,2,0,2,2026-09-29,2026-10-06,all events except coverage rows
Phoenix,perscholashires,2,2,0,2,2026-09-29,2026-10-06,all events except coverage rows
Phoenix,redirect-health-careers,-2,0,2,2,2026-09-29,2026-10-06,all events except coverage rows
Phoenix,upgrade,-2,1,3,4,2026-09-29,2026-10-06,all events except coverage rows
Phoenix,ur,-2,0,2,2,2026-09-29,2026-10-06,all events except coverage rows
Phoenix,3dayblindscorporate,-1,0,1,1,2026-09-29,2026-10-06,all events except coverage rows
Phoenix,ABC Legal Services,-1,0,1,1,2026-09-29,2026-10-06,all events except coverage rows
Phoenix,ALO,-1,0,1,1,2026-09-29,2026-10-06,all events except coverage rows
Phoenix,Adaptive Home Health,1,1,0,1,2026-09-29,2026-10-06,all events except coverage rows
Phoenix,Axon,-1,2,3,5,2026-09-29,2026-10-06,all events except coverage rows
Phoenix,Box,1,1,0,1,2026-09-29,2026-10-06,all events except coverage rows
Phoenix,Carvana,1,1,0,1,2026-09-29,2026-10-06,all events except coverage rows
Phoenix,Centria Autism,-1,0,1,1,2026-09-29,2026-10-06,all events except coverage rows
Phoenix,Charlie Health,-1,0,1,1,2026-09-29,2026-10-06,all events except coverage rows
Phoenix,Charlie Health Outreach,-1,0,1,1,2026-09-29,2026-10-06,all events except coverage rows
Phoenix,EquipmentShare,-1,1,2,3,2026-09-29,2026-10-06,all events except coverage rows
Phoenix,Fluidstack,1,1,0,1,2026-09-29,2026-10-06,all events except coverage rows
Phoenix,Guidepoint,1,1,0,1,2026-09-29,2026-10-06,all events except coverage rows
Phoenix,HelloFresh,1,3,2,5,2026-09-29,2026-10-06,all events except coverage rows
Phoenix,Holder Construction,-1,0,1,1,2026-09-29,2026-10-06,all events except coverage rows
Phoenix,Kelso Building Services,-1,2,3,5,2026-09-29,2026-10-06,all events except coverage rows
Phoenix,Loenbro,1,2,1,3,2026-09-29,2026-10-06,all events except coverage rows
Phoenix,Lyft,-1,0,1,1,2026-09-29,2026-10-06,all events except coverage rows
Phoenix,Madison Reed,1,1,0,1,2026-09-29,2026-10-06,all events except coverage rows
Phoenix,Mission Healthcare,1,1,0,1,2026-09-29,2026-10-06,all events except coverage rows
Phoenix,"Morgan & Morgan, P.A.",-1,0,1,1,2026-09-29,2026-10-06,all events except coverage rows
Phoenix,Peloton,1,1,0,1,2026-09-29,2026-10-06,all events except coverage rows
Phoenix,Renuity,-1,0,1,1,2026-09-29,2026-10-06,all events except coverage rows
Phoenix,Resource Innovations,1,1,0,1,2026-09-29,2026-10-06,all events except coverage rows
Phoenix,SPS North America,-1,0,1,1,2026-09-29,2026-10-06,all events except coverage rows
Phoenix,SpotOn,1,1,0,1,2026-09-29,2026-10-06,all events except coverage rows
Phoenix,Veeam Software,-1,0,1,1,2026-09-29,2026-10-06,all events except coverage rows
Phoenix,Verkada,-1,0,1,1,2026-09-29,2026-10-06,all events except coverage rows
Phoenix,Waymo,1,1,0,1,2026-09-29,2026-10-06,all events except coverage rows
Phoenix,Zoox,-1,0,1,1,2026-09-29,2026-10-06,all events except coverage rows
Phoenix,acrt,1,1,0,1,2026-09-29,2026-10-06,all events except coverage rows
Phoenix,airliquidehr,-1,0,1,1,2026-09-29,2026-10-06,all events except coverage rows
Phoenix,alsglobal,-1,0,1,1,2026-09-29,2026-10-06,all events except coverage rows
Phoenix,amat,1,3,2,5,2026-09-29,2026-10-06,all events except coverage rows
Phoenix,arion-care-referrals,1,1,0,1,2026-09-29,2026-10-06,all events except coverage rows
Phoenix,assetliving,-1,0,1,1,2026-09-29,2026-10-06,all events except coverage rows
Phoenix,axontalentcommunity,-1,0,1,1,2026-09-29,2026-10-06,all events except coverage rows
Phoenix,bookmans-careers,1,1,0,1,2026-09-29,2026-10-06,all events except coverage rows
Phoenix,boydgroup,-1,0,1,1,2026-09-29,2026-10-06,all events except coverage rows
Phoenix,branchinsurance,1,1,0,1,2026-09-29,2026-10-06,all events except coverage rows
Phoenix,calibercollision,-1,1,2,3,2026-09-29,2026-10-06,all events except coverage rows
Phoenix,certifiedgroup,1,1,0,1,2026-09-29,2026-10-06,all events except coverage rows
Phoenix,cirrus,1,1,0,1,2026-09-29,2026-10-06,all events except coverage rows
Phoenix,cisco,1,1,0,1,2026-09-29,2026-10-06,all events except coverage rows
Phoenix,colemanresearch,-1,0,1,1,2026-09-29,2026-10-06,all events except coverage rows
Phoenix,connectedcannabis,1,1,0,1,2026-09-29,2026-10-06,all events except coverage rows
Phoenix,cw,1,1,0,1,2026-09-29,2026-10-06,all events except coverage rows
Phoenix,fender,1,1,0,1,2026-09-29,2026-10-06,all events except coverage rows
Phoenix,ferguson,1,1,0,1,2026-09-29,2026-10-06,all events except coverage rows
Phoenix,fleetpride,-1,0,1,1,2026-09-29,2026-10-06,all events except coverage rows
Phoenix,genpt,-1,1,2,3,2026-09-29,2026-10-06,all events except coverage rows
Phoenix,gevernova,1,1,0,1,2026-09-29,2026-10-06,all events except coverage rows
Phoenix,graybar,-1,1,2,3,2026-09-29,2026-10-06,all events except coverage rows
Phoenix,guestservices,1,1,0,1,2026-09-29,2026-10-06,all events except coverage rows
Phoenix,harborcompliance,1,1,0,1,2026-09-29,2026-10-06,all events except coverage rows
Phoenix,harrowhealth,1,1,0,1,2026-09-29,2026-10-06,all events except coverage rows
Phoenix,hffoodsgroup,-1,0,1,1,2026-09-29,2026-10-06,all events except coverage rows
Phoenix,hillpointe,-1,0,1,1,2026-09-29,2026-10-06,all events except coverage rows
Phoenix,hitachi,-1,0,1,1,2026-09-29,2026-10-06,all events except coverage rows
Phoenix,humana,-1,0,1,1,2026-09-29,2026-10-06,all events except coverage rows
Phoenix,iheartmedia,1,1,0,1,2026-09-29,2026-10-06,all events except coverage rows
Phoenix,ilitch,-1,0,1,1,2026-09-29,2026-10-06,all events except coverage rows
Phoenix,invitationhomes,-1,0,1,1,2026-09-29,2026-10-06,all events except coverage rows
Phoenix,iqvia,-1,0,1,1,2026-09-29,2026-10-06,all events except coverage rows
Phoenix,ivyrehab,1,1,0,1,2026-09-29,2026-10-06,all events except coverage rows
Phoenix,jbhunt,1,1,0,1,2026-09-29,2026-10-06,all events except coverage rows
Phoenix,jcrew,-1,0,1,1,2026-09-29,2026-10-06,all events except coverage rows
Phoenix,jerry.ai,1,1,0,1,2026-09-29,2026-10-06,all events except coverage rows
Phoenix,kinetic,1,1,0,1,2026-09-29,2026-10-06,all events except coverage rows
Phoenix,kyndryl,-1,0,1,1,2026-09-29,2026-10-06,all events except coverage rows
Phoenix,marcusmillichap,1,1,0,1,2026-09-29,2026-10-06,all events except coverage rows
Phoenix,maricopa,-1,1,2,3,2026-09-29,2026-10-06,all events except coverage rows
Phoenix,medline,-1,0,1,1,2026-09-29,2026-10-06,all events except coverage rows
Phoenix,meriton,-1,0,1,1,2026-09-29,2026-10-06,all events except coverage rows
Phoenix,metropolis,1,1,0,1,2026-09-29,2026-10-06,all events except coverage rows
Phoenix,mgproperties,-1,0,1,1,2026-09-29,2026-10-06,all events except coverage rows
Phoenix,mobilizegreen,1,1,0,1,2026-09-29,2026-10-06,all events except coverage rows
Phoenix,moog,-1,1,2,3,2026-09-29,2026-10-06,all events except coverage rows
Phoenix,motorolasolutions,1,1,0,1,2026-09-29,2026-10-06,all events except coverage rows
Phoenix,nextgeneration,-1,0,1,1,2026-09-29,2026-10-06,all events except coverage rows
Phoenix,nordstrom,-1,0,1,1,2026-09-29,2026-10-06,all events except coverage rows
Phoenix,notexternal,-1,0,1,1,2026-09-29,2026-10-06,all events except coverage rows
Phoenix,obr,-1,1,2,3,2026-09-29,2026-10-06,all events except coverage rows
Phoenix,olympusproperty,1,2,1,3,2026-09-29,2026-10-06,all events except coverage rows
Phoenix,orionhomes,1,1,0,1,2026-09-29,2026-10-06,all events except coverage rows
Phoenix,oshkoshcorporation,-1,0,1,1,2026-09-29,2026-10-06,all events except coverage rows
Phoenix,packardculliganwater,1,1,0,1,2026-09-29,2026-10-06,all events except coverage rows
Phoenix,paloaltonetworks,1,1,0,1,2026-09-29,2026-10-06,all events except coverage rows
Phoenix,patientpoint,-1,0,1,1,2026-09-29,2026-10-06,all events except coverage rows
Phoenix,pelthos,-1,0,1,1,2026-09-29,2026-10-06,all events except coverage rows
Phoenix,pentair,-1,0,1,1,2026-09-29,2026-10-06,all events except coverage rows
Phoenix,philips,1,1,0,1,2026-09-29,2026-10-06,all events except coverage rows
Phoenix,phoenixcontact,1,1,0,1,2026-09-29,2026-10-06,all events except coverage rows
Phoenix,pythian,-1,0,1,1,2026-09-29,2026-10-06,all events except coverage rows
Phoenix,quickenloans,-1,0,1,1,2026-09-29,2026-10-06,all events except coverage rows
Phoenix,reddyice,1,1,0,1,2026-09-29,2026-10-06,all events except coverage rows
Phoenix,regeneron,-1,0,1,1,2026-09-29,2026-10-06,all events except coverage rows
Phoenix,rsm,-1,0,1,1,2026-09-29,2026-10-06,all events except coverage rows
Phoenix,sbmmanagement,1,1,0,1,2026-09-29,2026-10-06,all events except coverage rows
Phoenix,semperis,-1,0,1,1,2026-09-29,2026-10-06,all events except coverage rows
Phoenix,skylineeducation,1,1,0,1,2026-09-29,2026-10-06,all events except coverage rows
Phoenix,storycannabis,-1,0,1,1,2026-09-29,2026-10-06,all events except coverage rows
Phoenix,stvinc,-1,0,1,1,2026-09-29,2026-10-06,all events except coverage rows
Phoenix,supportingstrategies,1,1,0,1,2026-09-29,2026-10-06,all events except coverage rows
Phoenix,tactilemedical,-1,0,1,1,2026-09-29,2026-10-06,all events except coverage rows
Phoenix,tapestry,1,1,0,1,2026-09-29,2026-10-06,all events except coverage rows
Phoenix,theirc,1,1,0,1,2026-09-29,2026-10-06,all events except coverage rows
Phoenix,transtar,-1,0,1,1,2026-09-29,2026-10-06,all events except coverage rows
Phoenix,unlock,1,2,1,3,2026-09-29,2026-10-06,all events except coverage rows
Phoenix,vamoshealth,-1,0,1,1,2026-09-29,2026-10-06,all events except coverage rows
Phoenix,virtuous,-1,0,1,1,2026-09-29,2026-10-06,all events except coverage rows
Phoenix,westernalliancebank,1,15,14,29,2026-09-29,2026-10-06,all events except coverage rows
Phoenix,ylopo,-1,0,1,1,2026-09-29,2026-10-06,all events except coverage rows
Phoenix,2020companies,0,1,1,2,2026-09-29,2026-10-06,all events except coverage rows
Phoenix,Aviation Institute of Maintenance,0,1,1,2,2026-09-29,2026-10-06,all events except coverage rows
Phoenix,Curaleaf,0,1,1,2,2026-09-29,2026-10-06,all events except coverage rows
Phoenix,DoorDash USA,0,3,3,6,2026-09-29,2026-10-06,all events except coverage rows
Phoenix,EOS,0,1,1,2,2026-09-29,2026-10-06,all events except coverage rows
Phoenix,InProduction,0,1,1,2,2026-09-29,2026-10-06,all events except coverage rows
Phoenix,Jensen Hughes,0,3,3,6,2026-09-29,2026-10-06,all events except coverage rows
Phoenix,LifeStance Health,0,1,1,2,2026-09-29,2026-10-06,all events except coverage rows
Phoenix,Lucid Motors,0,5,5,10,2026-09-29,2026-10-06,all events except coverage rows
Phoenix,Oldcastle BuildingEnvelope,0,1,1,2,2026-09-29,2026-10-06,all events except coverage rows
Phoenix,Speechify,0,1,1,2,2026-09-29,2026-10-06,all events except coverage rows
Phoenix,ZipRecruiter,0,2,2,4,2026-09-29,2026-10-06,all events except coverage rows
Phoenix,accreditedlabs,0,1,1,2,2026-09-29,2026-10-06,all events except coverage rows
Phoenix,autismcharter,0,1,1,2,2026-09-29,2026-10-06,all events except coverage rows
Phoenix,bbinsurance,0,1,1,2,2026-09-29,2026-10-06,all events except coverage rows
Phoenix,civiltecengineering,0,1,1,2,2026-09-29,2026-10-06,all events except coverage rows
Phoenix,copart,0,1,1,2,2026-09-29,2026-10-06,all events except coverage rows
Phoenix,fox,0,1,1,2,2026-09-29,2026-10-06,all events except coverage rows
Phoenix,freseniusmedicalcare,0,2,2,4,2026-09-29,2026-10-06,all events except coverage rows
Phoenix,gehc,0,2,2,4,2026-09-29,2026-10-06,all events except coverage rows
Phoenix,georgebrazil,0,3,3,6,2026-09-29,2026-10-06,all events except coverage rows
Phoenix,greathearts,0,3,3,6,2026-09-29,2026-10-06,all events except coverage rows
Phoenix,gtlaw,0,1,1,2,2026-09-29,2026-10-06,all events except coverage rows
Phoenix,guardianpharmacy,0,2,2,4,2026-09-29,2026-10-06,all events except coverage rows
Phoenix,johnsonbrothers,0,1,1,2,2026-09-29,2026-10-06,all events except coverage rows
Phoenix,mattressfirm,0,1,1,2,2026-09-29,2026-10-06,all events except coverage rows
Phoenix,medtronic,0,1,1,2,2026-09-29,2026-10-06,all events except coverage rows
Phoenix,salma-health,0,1,1,2,2026-09-29,2026-10-06,all events except coverage rows
Phoenix,stryker,0,1,1,2,2026-09-29,2026-10-06,all events except coverage rows
Phoenix,tmobile,0,1,1,2,2026-09-29,2026-10-06,all events except coverage rows
Phoenix,vip-hospitality-llc,0,1,1,2,2026-09-29,2026-10-06,all events except coverage rows
Phoenix,wgu,0,1,1,2,2026-09-29,2026-10-06,all events except coverage rows
Phoenix,wilsonelser,0,1,1,2,2026-09-29,2026-10-06,all events except coverage rows
Pittsburgh,free-market-health,11,11,0,11,2026-09-29,2026-10-06,all events except coverage rows
Pittsburgh,chatham,-6,0,6,6,2026-09-29,2026-10-06,all events except coverage rows
Pittsburgh,latitude,-5,4,9,13,2026-09-29,2026-10-06,all events except coverage rows
Pittsburgh,nordstrom,5,16,11,27,2026-09-29,2026-10-06,all events except coverage rows
Pittsburgh,"Voyager Technologies, Inc.",4,6,2,8,2026-09-29,2026-10-06,all events except coverage rows
Pittsburgh,careers,4,4,0,4,2026-09-29,2026-10-06,all events except coverage rows
Pittsburgh,ivyrehab,4,4,0,4,2026-09-29,2026-10-06,all events except coverage rows
Pittsburgh,msf,4,4,0,4,2026-09-29,2026-10-06,all events except coverage rows
Pittsburgh,hitachi,3,5,2,7,2026-09-29,2026-10-06,all events except coverage rows
Pittsburgh,privatelabelstaff,3,3,0,3,2026-09-29,2026-10-06,all events except coverage rows
Pittsburgh,revvity,3,3,0,3,2026-09-29,2026-10-06,all events except coverage rows
Pittsburgh,stackav,3,3,0,3,2026-09-29,2026-10-06,all events except coverage rows
Pittsburgh,thermofisher,3,7,4,11,2026-09-29,2026-10-06,all events except coverage rows
Pittsburgh,Duolingo,-2,0,2,2,2026-09-29,2026-10-06,all events except coverage rows
Pittsburgh,Langan Engineering & Environmental Services,2,2,0,2,2026-09-29,2026-10-06,all events except coverage rows
Pittsburgh,Sécheron Hasler Group,-2,0,2,2,2026-09-29,2026-10-06,all events except coverage rows
Pittsburgh,alleghenycounty,-2,6,8,14,2026-09-29,2026-10-06,all events except coverage rows
Pittsburgh,blackbirdhealth,-2,2,4,6,2026-09-29,2026-10-06,all events except coverage rows
Pittsburgh,blinkhealth,-2,6,8,14,2026-09-29,2026-10-06,all events except coverage rows
Pittsburgh,cw,2,2,0,2,2026-09-29,2026-10-06,all events except coverage rows
Pittsburgh,fivebelow,-2,0,2,2,2026-09-29,2026-10-06,all events except coverage rows
Pittsburgh,freseniusmedicalcare,2,2,0,2,2026-09-29,2026-10-06,all events except coverage rows
Pittsburgh,jj,-2,0,2,2,2026-09-29,2026-10-06,all events except coverage rows
Pittsburgh,keybank,-2,0,2,2,2026-09-29,2026-10-06,all events except coverage rows
Pittsburgh,medtronic,2,3,1,4,2026-09-29,2026-10-06,all events except coverage rows
Pittsburgh,mykaarma,2,2,0,2,2026-09-29,2026-10-06,all events except coverage rows
Pittsburgh,phippsconservatory,-2,1,3,4,2026-09-29,2026-10-06,all events except coverage rows
Pittsburgh,smithnephew,-2,4,6,10,2026-09-29,2026-10-06,all events except coverage rows
Pittsburgh,tjx,2,2,0,2,2026-09-29,2026-10-06,all events except coverage rows
Pittsburgh,Ametek,-1,0,1,1,2026-09-29,2026-10-06,all events except coverage rows
Pittsburgh,Apex Companies,-1,0,1,1,2026-09-29,2026-10-06,all events except coverage rows
Pittsburgh,Geeks on Site,-1,0,1,1,2026-09-29,2026-10-06,all events except coverage rows
Pittsburgh,IXL Learning,1,1,0,1,2026-09-29,2026-10-06,all events except coverage rows
Pittsburgh,Keel Infrastructure,1,1,0,1,2026-09-29,2026-10-06,all events except coverage rows
Pittsburgh,Kia Veterans Technician Apprenticeship Program (VTAP),1,1,0,1,2026-09-29,2026-10-06,all events except coverage rows
Pittsburgh,"Morgan & Morgan, P.A.",-1,0,1,1,2026-09-29,2026-10-06,all events except coverage rows
Pittsburgh,Natera,-1,0,1,1,2026-09-29,2026-10-06,all events except coverage rows
Pittsburgh,Sila,-1,0,1,1,2026-09-29,2026-10-06,all events except coverage rows
Pittsburgh,"Snap! Mobile, Inc.",-1,0,1,1,2026-09-29,2026-10-06,all events except coverage rows
Pittsburgh,Speechify,1,1,0,1,2026-09-29,2026-10-06,all events except coverage rows
Pittsburgh,abfacilityservice,1,1,0,1,2026-09-29,2026-10-06,all events except coverage rows
Pittsburgh,apexcompaniescsw,-1,0,1,1,2026-09-29,2026-10-06,all events except coverage rows
Pittsburgh,covestro,-1,0,1,1,2026-09-29,2026-10-06,all events except coverage rows
Pittsburgh,erm,-1,1,2,3,2026-09-29,2026-10-06,all events except coverage rows
Pittsburgh,exus-renewables-north-america,-1,0,1,1,2026-09-29,2026-10-06,all events except coverage rows
Pittsburgh,farmina,-1,0,1,1,2026-09-29,2026-10-06,all events except coverage rows
Pittsburgh,fleetpride,1,1,0,1,2026-09-29,2026-10-06,all events except coverage rows
Pittsburgh,fortive,1,1,0,1,2026-09-29,2026-10-06,all events except coverage rows
Pittsburgh,gecko-robotics,1,1,0,1,2026-09-29,2026-10-06,all events except coverage rows
Pittsburgh,ghr,1,1,0,1,2026-09-29,2026-10-06,all events except coverage rows
Pittsburgh,graybar,1,1,0,1,2026-09-29,2026-10-06,all events except coverage rows
Pittsburgh,heinz,-1,0,1,1,2026-09-29,2026-10-06,all events except coverage rows
Pittsburgh,huntington,-1,0,1,1,2026-09-29,2026-10-06,all events except coverage rows
Pittsburgh,iheartmedia,-1,0,1,1,2026-09-29,2026-10-06,all events except coverage rows
Pittsburgh,iqvia,-1,0,1,1,2026-09-29,2026-10-06,all events except coverage rows
Pittsburgh,jll,1,2,1,3,2026-09-29,2026-10-06,all events except coverage rows
Pittsburgh,lifefitness,1,1,0,1,2026-09-29,2026-10-06,all events except coverage rows
Pittsburgh,lowes,-1,2,3,5,2026-09-29,2026-10-06,all events except coverage rows
Pittsburgh,mcneeswallacenurickllc,-1,0,1,1,2026-09-29,2026-10-06,all events except coverage rows
Pittsburgh,mtb,-1,0,1,1,2026-09-29,2026-10-06,all events except coverage rows
Pittsburgh,neptuneretailsolutions,-1,0,1,1,2026-09-29,2026-10-06,all events except coverage rows
Pittsburgh,pointquestgroup,-1,0,1,1,2026-09-29,2026-10-06,all events except coverage rows
Pittsburgh,rewardsnetwork,1,1,0,1,2026-09-29,2026-10-06,all events except coverage rows
Pittsburgh,rsm,-1,0,1,1,2026-09-29,2026-10-06,all events except coverage rows
Pittsburgh,skechers,1,1,0,1,2026-09-29,2026-10-06,all events except coverage rows
Pittsburgh,sonicwall,1,1,0,1,2026-09-29,2026-10-06,all events except coverage rows
Pittsburgh,stvinc,1,2,1,3,2026-09-29,2026-10-06,all events except coverage rows
Pittsburgh,tggaccounting,-1,0,1,1,2026-09-29,2026-10-06,all events except coverage rows
Pittsburgh,tiaa,-1,1,2,3,2026-09-29,2026-10-06,all events except coverage rows
Pittsburgh,tmobile,1,1,0,1,2026-09-29,2026-10-06,all events except coverage rows
Pittsburgh,toryburch,1,1,0,1,2026-09-29,2026-10-06,all events except coverage rows
Pittsburgh,truist,-1,0,1,1,2026-09-29,2026-10-06,all events except coverage rows
Pittsburgh,wnaengineering,1,2,1,3,2026-09-29,2026-10-06,all events except coverage rows
Pittsburgh,xylem,-1,0,1,1,2026-09-29,2026-10-06,all events except coverage rows
Pittsburgh,EquipmentShare,0,1,1,2,2026-09-29,2026-10-06,all events except coverage rows
Pittsburgh,MRG Exams,0,1,1,2,2026-09-29,2026-10-06,all events except coverage rows
Pittsburgh,Motional,0,1,1,2,2026-09-29,2026-10-06,all events except coverage rows
Pittsburgh,Renuity,0,1,1,2,2026-09-29,2026-10-06,all events except coverage rows
Pittsburgh,expresswashconcepts,0,1,1,2,2026-09-29,2026-10-06,all events except coverage rows
Pittsburgh,firststudent,0,1,1,2,2026-09-29,2026-10-06,all events except coverage rows
Pittsburgh,genpt,0,1,1,2,2026-09-29,2026-10-06,all events except coverage rows
Pittsburgh,karoo-health,0,2,2,4,2026-09-29,2026-10-06,all events except coverage rows
Pittsburgh,oxford,0,1,1,2,2026-09-29,2026-10-06,all events except coverage rows
Pittsburgh,rippling,0,1,1,2,2026-09-29,2026-10-06,all events except coverage rows
Pittsburgh,roberthalf,0,1,1,2,2026-09-29,2026-10-06,all events except coverage rows
Pittsburgh,zoll,0,5,5,10,2026-09-29,2026-10-06,all events except coverage rows
Portland,fmr,-5,0,5,5,2026-09-29,2026-10-06,all events except coverage rows
Portland,j,5,7,2,9,2026-09-29,2026-10-06,all events except coverage rows
Portland,careers,4,4,0,4,2026-09-29,2026-10-06,all events except coverage rows
Portland,jj,4,5,1,6,2026-09-29,2026-10-06,all events except coverage rows
Portland,landolakes,4,6,2,8,2026-09-29,2026-10-06,all events except coverage rows
Portland,standard,-3,5,8,13,2026-09-29,2026-10-06,all events except coverage rows
Portland,wf,-3,6,9,15,2026-09-29,2026-10-06,all events except coverage rows
Portland,Compass,-2,0,2,2,2026-09-29,2026-10-06,all events except coverage rows
Portland,Mission Healthcare,2,2,0,2,2026-09-29,2026-10-06,all events except coverage rows
Portland,New Relic,2,2,0,2,2026-09-29,2026-10-06,all events except coverage rows
Portland,Sila,-2,0,2,2,2026-09-29,2026-10-06,all events except coverage rows
Portland,axisair-careers,2,2,0,2,2026-09-29,2026-10-06,all events except coverage rows
Portland,barrywehmiller,2,2,0,2,2026-09-29,2026-10-06,all events except coverage rows
Portland,catlin-gabel-school,-2,2,4,6,2026-09-29,2026-10-06,all events except coverage rows
Portland,cumminggroup,-2,0,2,2,2026-09-29,2026-10-06,all events except coverage rows
Portland,idexx,2,2,0,2,2026-09-29,2026-10-06,all events except coverage rows
Portland,jcrew,2,2,0,2,2026-09-29,2026-10-06,all events except coverage rows
Portland,jll,-2,0,2,2,2026-09-29,2026-10-06,all events except coverage rows
Portland,knovalearning,2,2,0,2,2026-09-29,2026-10-06,all events except coverage rows
Portland,multco,-2,9,11,20,2026-09-29,2026-10-06,all events except coverage rows
Portland,nordstrom,2,8,6,14,2026-09-29,2026-10-06,all events except coverage rows
Portland,orionsteel,2,3,1,4,2026-09-29,2026-10-06,all events except coverage rows
Portland,panthalassa,2,4,2,6,2026-09-29,2026-10-06,all events except coverage rows
Portland,tjx,2,3,1,4,2026-09-29,2026-10-06,all events except coverage rows
Portland,ur,-2,1,3,4,2026-09-29,2026-10-06,all events except coverage rows
Portland,usbank,-2,0,2,2,2026-09-29,2026-10-06,all events except coverage rows
Portland,ALO,-1,1,2,3,2026-09-29,2026-10-06,all events except coverage rows
Portland,AdvisaCare,-1,0,1,1,2026-09-29,2026-10-06,all events except coverage rows
Portland,BlueSky Telepsych,-1,0,1,1,2026-09-29,2026-10-06,all events except coverage rows
Portland,Box,1,1,0,1,2026-09-29,2026-10-06,all events except coverage rows
Portland,Centria Autism,1,1,0,1,2026-09-29,2026-10-06,all events except coverage rows
Portland,Charlie Health,-1,0,1,1,2026-09-29,2026-10-06,all events except coverage rows
Portland,City Wide Facility Solutions,-1,0,1,1,2026-09-29,2026-10-06,all events except coverage rows
Portland,EquipmentShare,1,1,0,1,2026-09-29,2026-10-06,all events except coverage rows
Portland,Langan Engineering & Environmental Services,1,1,0,1,2026-09-29,2026-10-06,all events except coverage rows
Portland,Lincoln Property Company,1,1,0,1,2026-09-29,2026-10-06,all events except coverage rows
Portland,Lush Handmade Cosmetics,1,1,0,1,2026-09-29,2026-10-06,all events except coverage rows
Portland,Natera,1,1,0,1,2026-09-29,2026-10-06,all events except coverage rows
Portland,On,-1,0,1,1,2026-09-29,2026-10-06,all events except coverage rows
Portland,One Medical,-1,0,1,1,2026-09-29,2026-10-06,all events except coverage rows
Portland,Renuity,1,1,0,1,2026-09-29,2026-10-06,all events except coverage rows
Portland,SpotOn,-1,0,1,1,2026-09-29,2026-10-06,all events except coverage rows
Portland,americanredcross,1,1,0,1,2026-09-29,2026-10-06,all events except coverage rows
Portland,assetliving,-1,0,1,1,2026-09-29,2026-10-06,all events except coverage rows
Portland,att,1,1,0,1,2026-09-29,2026-10-06,all events except coverage rows
Portland,autodesk,1,1,0,1,2026-09-29,2026-10-06,all events except coverage rows
Portland,bbinsurance,-1,0,1,1,2026-09-29,2026-10-06,all events except coverage rows
Portland,bmo,-1,0,1,1,2026-09-29,2026-10-06,all events except coverage rows
Portland,catholic-charities,-1,0,1,1,2026-09-29,2026-10-06,all events except coverage rows
Portland,childrensgym,-1,0,1,1,2026-09-29,2026-10-06,all events except coverage rows
Portland,cisco,1,1,0,1,2026-09-29,2026-10-06,all events except coverage rows
Portland,colliers,1,1,0,1,2026-09-29,2026-10-06,all events except coverage rows
Portland,copart,-1,0,1,1,2026-09-29,2026-10-06,all events except coverage rows
Portland,filson,-1,0,1,1,2026-09-29,2026-10-06,all events except coverage rows
Portland,firststudent,1,1,0,1,2026-09-29,2026-10-06,all events except coverage rows
Portland,fiskars,-1,0,1,1,2026-09-29,2026-10-06,all events except coverage rows
Portland,freseniusmedicalcare,-1,0,1,1,2026-09-29,2026-10-06,all events except coverage rows
Portland,girlscoutsosw,1,1,0,1,2026-09-29,2026-10-06,all events except coverage rows
Portland,hhrocjobs,-1,0,1,1,2026-09-29,2026-10-06,all events except coverage rows
Portland,hosmer-chiropractic-health,1,1,0,1,2026-09-29,2026-10-06,all events except coverage rows
Portland,humana,-1,0,1,1,2026-09-29,2026-10-06,all events except coverage rows
Portland,ivyrehab,1,1,0,1,2026-09-29,2026-10-06,all events except coverage rows
Portland,justcompassionewc,1,1,0,1,2026-09-29,2026-10-06,all events except coverage rows
Portland,keeleyconstruction,-1,0,1,1,2026-09-29,2026-10-06,all events except coverage rows
Portland,keybank,1,2,1,3,2026-09-29,2026-10-06,all events except coverage rows
Portland,leidos,-1,0,1,1,2026-09-29,2026-10-06,all events except coverage rows
Portland,lisinski-law-firm,-1,0,1,1,2026-09-29,2026-10-06,all events except coverage rows
Portland,marcusmillichap,1,1,0,1,2026-09-29,2026-10-06,all events except coverage rows
Portland,meritus-property-group,1,2,1,3,2026-09-29,2026-10-06,all events except coverage rows
Portland,mgproperties,1,1,0,1,2026-09-29,2026-10-06,all events except coverage rows
Portland,poet,-1,0,1,1,2026-09-29,2026-10-06,all events except coverage rows
Portland,portlandgeneral,-1,2,3,5,2026-09-29,2026-10-06,all events except coverage rows
Portland,prologis,-1,0,1,1,2026-09-29,2026-10-06,all events except coverage rows
Portland,roofstock,1,1,0,1,2026-09-29,2026-10-06,all events except coverage rows
Portland,sanguine-biosciences-inc,1,1,0,1,2026-09-29,2026-10-06,all events except coverage rows
Portland,solenis,1,1,0,1,2026-09-29,2026-10-06,all events except coverage rows
Portland,tapestry,-1,0,1,1,2026-09-29,2026-10-06,all events except coverage rows
Portland,townepark,-1,0,1,1,2026-09-29,2026-10-06,all events except coverage rows
Portland,tsys,-1,0,1,1,2026-09-29,2026-10-06,all events except coverage rows
Portland,xds,1,1,0,1,2026-09-29,2026-10-06,all events except coverage rows
Portland,zoll,-1,0,1,1,2026-09-29,2026-10-06,all events except coverage rows
Portland,2020companies,0,1,1,2,2026-09-29,2026-10-06,all events except coverage rows
Portland,Carvana,0,1,1,2,2026-09-29,2026-10-06,all events except coverage rows
Portland,Esri,0,1,1,2,2026-09-29,2026-10-06,all events except coverage rows
Portland,Speechify,0,1,1,2,2026-09-29,2026-10-06,all events except coverage rows
Portland,aacpnw,0,1,1,2,2026-09-29,2026-10-06,all events except coverage rows
Portland,icf,0,1,1,2,2026-09-29,2026-10-06,all events except coverage rows
Portland,jbhunt,0,1,1,2,2026-09-29,2026-10-06,all events except coverage rows
Portland,lowes,0,1,1,2,2026-09-29,2026-10-06,all events except coverage rows
Portland,medtronic,0,1,1,2,2026-09-29,2026-10-06,all events except coverage rows
Portland,republic,0,1,1,2,2026-09-29,2026-10-06,all events except coverage rows
Portland,spothopper,0,1,1,2,2026-09-29,2026-10-06,all events except coverage rows
Portland,springfertility,0,2,2,4,2026-09-29,2026-10-06,all events except coverage rows
Portland,tmobile,0,1,1,2,2026-09-29,2026-10-06,all events except coverage rows
Portland,vip-hospitality-llc,0,1,1,2,2026-09-29,2026-10-06,all events except coverage rows
Pune,barclays,-13,39,52,91,2026-09-29,2026-10-06,all events except coverage rows
Pune,jll,-13,6,19,25,2026-09-29,2026-10-06,all events except coverage rows
Pune,mastercard,-9,33,42,75,2026-09-29,2026-10-06,all events except coverage rows
Pune,Addepar,6,8,2,10,2026-09-29,2026-10-06,all events except coverage rows
Pune,rollsroyce,6,6,0,6,2026-09-29,2026-10-06,all events except coverage rows
Pune,Weekday AI,-5,9,14,23,2026-09-29,2026-10-06,all events except coverage rows
Pune,transunion,-5,8,13,21,2026-09-29,2026-10-06,all events except coverage rows
Pune,tsys,5,12,7,19,2026-09-29,2026-10-06,all events except coverage rows
Pune,Keywords Studios,4,6,2,8,2026-09-29,2026-10-06,all events except coverage rows
Pune,careers,4,4,0,4,2026-09-29,2026-10-06,all events except coverage rows
Pune,sailpoint,4,6,2,8,2026-09-29,2026-10-06,all events except coverage rows
Pune,showpad,4,7,3,10,2026-09-29,2026-10-06,all events except coverage rows
Pune,tiaa,-4,8,12,20,2026-09-29,2026-10-06,all events except coverage rows
Pune,6sense,3,4,1,5,2026-09-29,2026-10-06,all events except coverage rows
Pune,Paccar,3,3,0,3,2026-09-29,2026-10-06,all events except coverage rows
Pune,Pattern,3,4,1,5,2026-09-29,2026-10-06,all events except coverage rows
Pune,Solvd,3,3,0,3,2026-09-29,2026-10-06,all events except coverage rows
Pune,TransPerfect,-3,0,3,3,2026-09-29,2026-10-06,all events except coverage rows
Pune,abglobal,-3,4,7,11,2026-09-29,2026-10-06,all events except coverage rows
Pune,kimberlyclark,-3,1,4,5,2026-09-29,2026-10-06,all events except coverage rows
Pune,qualys,-3,10,13,23,2026-09-29,2026-10-06,all events except coverage rows
Pune,vwr,3,3,0,3,2026-09-29,2026-10-06,all events except coverage rows
Pune,Fuku,2,2,0,2,2026-09-29,2026-10-06,all events except coverage rows
Pune,Zocdoc,2,4,2,6,2026-09-29,2026-10-06,all events except coverage rows
Pune,aggreko,2,2,0,2,2026-09-29,2026-10-06,all events except coverage rows
Pune,alfalaval,-2,6,8,14,2026-09-29,2026-10-06,all events except coverage rows
Pune,cloud-synapps-inc,2,2,0,2,2026-09-29,2026-10-06,all events except coverage rows
Pune,dealeron,-2,0,2,2,2026-09-29,2026-10-06,all events except coverage rows
Pune,ensono,-2,0,2,2,2026-09-29,2026-10-06,all events except coverage rows
Pune,everseen,2,3,1,4,2026-09-29,2026-10-06,all events except coverage rows
Pune,j,-2,3,5,8,2026-09-29,2026-10-06,all events except coverage rows
Pune,philips,2,9,7,16,2026-09-29,2026-10-06,all events except coverage rows
Pune,ptc,2,9,7,16,2026-09-29,2026-10-06,all events except coverage rows
Pune,pwc,-2,17,19,36,2026-09-29,2026-10-06,all events except coverage rows
Pune,securonix,-2,2,4,6,2026-09-29,2026-10-06,all events except coverage rows
Pune,sonicwall,2,5,3,8,2026-09-29,2026-10-06,all events except coverage rows
Pune,www,2,6,4,10,2026-09-29,2026-10-06,all events except coverage rows
Pune,zinnia,-2,0,2,2,2026-09-29,2026-10-06,all events except coverage rows
Pune,Agoda,-1,1,2,3,2026-09-29,2026-10-06,all events except coverage rows
Pune,AlphaSense,-1,0,1,1,2026-09-29,2026-10-06,all events except coverage rows
Pune,Capgemini,-1,2,3,5,2026-09-29,2026-10-06,all events except coverage rows
Pune,Clearwater,1,1,0,1,2026-09-29,2026-10-06,all events except coverage rows
Pune,Fastly,-1,1,2,3,2026-09-29,2026-10-06,all events except coverage rows
Pune,Fictiv,-1,0,1,1,2026-09-29,2026-10-06,all events except coverage rows
Pune,GoDaddy,-1,0,1,1,2026-09-29,2026-10-06,all events except coverage rows
Pune,Khan Academy,-1,0,1,1,2026-09-29,2026-10-06,all events except coverage rows
Pune,QuinStreet,-1,0,1,1,2026-09-29,2026-10-06,all events except coverage rows
Pune,SOGECLAIR,-1,0,1,1,2026-09-29,2026-10-06,all events except coverage rows
Pune,Speechify,1,1,0,1,2026-09-29,2026-10-06,all events except coverage rows
Pune,Teltonika,1,1,0,1,2026-09-29,2026-10-06,all events except coverage rows
Pune,Vonage,-1,0,1,1,2026-09-29,2026-10-06,all events except coverage rows
Pune,abacusinsights,-1,0,1,1,2026-09-29,2026-10-06,all events except coverage rows
Pune,alleima,-1,0,1,1,2026-09-29,2026-10-06,all events except coverage rows
Pune,alphasenseindia,-1,0,1,1,2026-09-29,2026-10-06,all events except coverage rows
Pune,anchanto,-1,0,1,1,2026-09-29,2026-10-06,all events except coverage rows
Pune,capita,1,1,0,1,2026-09-29,2026-10-06,all events except coverage rows
Pune,dentsuaegis,1,1,0,1,2026-09-29,2026-10-06,all events except coverage rows
Pune,enzazaden,1,1,0,1,2026-09-29,2026-10-06,all events except coverage rows
Pune,evolent,1,2,1,3,2026-09-29,2026-10-06,all events except coverage rows
Pune,gea,-1,0,1,1,2026-09-29,2026-10-06,all events except coverage rows
Pune,geaerospace,1,4,3,7,2026-09-29,2026-10-06,all events except coverage rows
Pune,gehc,1,1,0,1,2026-09-29,2026-10-06,all events except coverage rows
Pune,gruve,1,3,2,5,2026-09-29,2026-10-06,all events except coverage rows
Pune,hackerone,-1,0,1,1,2026-09-29,2026-10-06,all events except coverage rows
Pune,hp,1,1,0,1,2026-09-29,2026-10-06,all events except coverage rows
Pune,hpe,1,2,1,3,2026-09-29,2026-10-06,all events except coverage rows
Pune,kandou,-1,0,1,1,2026-09-29,2026-10-06,all events except coverage rows
Pune,kiongroup,1,3,2,5,2026-09-29,2026-10-06,all events except coverage rows
Pune,kyndryl,-1,1,2,3,2026-09-29,2026-10-06,all events except coverage rows
Pune,michelinhr,-1,4,5,9,2026-09-29,2026-10-06,all events except coverage rows
Pune,myhrabc,-1,4,5,9,2026-09-29,2026-10-06,all events except coverage rows
Pune,nttlimited,-1,0,1,1,2026-09-29,2026-10-06,all events except coverage rows
Pune,nxp,-1,0,1,1,2026-09-29,2026-10-06,all events except coverage rows
Pune,ontic,1,1,0,1,2026-09-29,2026-10-06,all events except coverage rows
Pune,oshkoshcorporation,-1,0,1,1,2026-09-29,2026-10-06,all events except coverage rows
Pune,roche,-1,4,5,9,2026-09-29,2026-10-06,all events except coverage rows
Pune,rockwellautomation,-1,1,2,3,2026-09-29,2026-10-06,all events except coverage rows
Pune,sbdinc,1,1,0,1,2026-09-29,2026-10-06,all events except coverage rows
Pune,siteminder,1,2,1,3,2026-09-29,2026-10-06,all events except coverage rows
Pune,springernature,1,2,1,3,2026-09-29,2026-10-06,all events except coverage rows
Pune,stratainformationgroup,1,1,0,1,2026-09-29,2026-10-06,all events except coverage rows
Pune,synnex,-1,0,1,1,2026-09-29,2026-10-06,all events except coverage rows
Pune,techholding,-1,0,1,1,2026-09-29,2026-10-06,all events except coverage rows
Pune,theapexgroup,-1,0,1,1,2026-09-29,2026-10-06,all events except coverage rows
Pune,thoughtworksreferral,-1,0,1,1,2026-09-29,2026-10-06,all events except coverage rows
Pune,tomtom,1,1,0,1,2026-09-29,2026-10-06,all events except coverage rows
Pune,volanteoneteam,-1,0,1,1,2026-09-29,2026-10-06,all events except coverage rows
Pune,wiley,-1,0,1,1,2026-09-29,2026-10-06,all events except coverage rows
Pune,zebra,1,4,3,7,2026-09-29,2026-10-06,all events except coverage rows
Pune,zendesk,1,1,0,1,2026-09-29,2026-10-06,all events except coverage rows
Pune,66degrees,0,1,1,2,2026-09-29,2026-10-06,all events except coverage rows
Pune,APEXX,0,1,1,2,2026-09-29,2026-10-06,all events except coverage rows
Pune,ENTRATA,0,3,3,6,2026-09-29,2026-10-06,all events except coverage rows
Pune,Veeam Software,0,1,1,2,2026-09-29,2026-10-06,all events except coverage rows
Pune,abb,0,2,2,4,2026-09-29,2026-10-06,all events except coverage rows
Pune,arkoselabs,0,1,1,2,2026-09-29,2026-10-06,all events except coverage rows
Pune,autodesk,0,2,2,4,2026-09-29,2026-10-06,all events except coverage rows
Pune,eaton,0,6,6,12,2026-09-29,2026-10-06,all events except coverage rows
Pune,entegris,0,1,1,2,2026-09-29,2026-10-06,all events except coverage rows
Pune,fortrea,0,2,2,4,2026-09-29,2026-10-06,all events except coverage rows
Pune,fronius,0,1,1,2,2026-09-29,2026-10-06,all events except coverage rows
Pune,generac,0,3,3,6,2026-09-29,2026-10-06,all events except coverage rows
Pune,ivalua,0,3,3,6,2026-09-29,2026-10-06,all events except coverage rows
Pune,jj,0,2,2,4,2026-09-29,2026-10-06,all events except coverage rows
Pune,kbr,0,1,1,2,2026-09-29,2026-10-06,all events except coverage rows
Pune,leidos,0,3,3,6,2026-09-29,2026-10-06,all events except coverage rows
Pune,litmus,0,1,1,2,2026-09-29,2026-10-06,all events except coverage rows
Pune,lnw,0,1,1,2,2026-09-29,2026-10-06,all events except coverage rows
Pune,medline,0,14,14,28,2026-09-29,2026-10-06,all events except coverage rows
Pune,ntrs,0,5,5,10,2026-09-29,2026-10-06,all events except coverage rows
Pune,riveron,0,1,1,2,2026-09-29,2026-10-06,all events except coverage rows
Pune,sibros-technologies,0,1,1,2,2026-09-29,2026-10-06,all events except coverage rows
Remote,Speechify,253,255,2,257,2026-09-29,2026-10-06,all events except coverage rows
Remote,gevernova,-27,25,52,77,2026-09-29,2026-10-06,all events except coverage rows
Remote,Mineralys Therapeutics,-21,5,26,31,2026-09-29,2026-10-06,all events except coverage rows
Remote,www,16,64,48,112,2026-09-29,2026-10-06,all events except coverage rows
Remote,Coinbase,13,23,10,33,2026-09-29,2026-10-06,all events except coverage rows
Remote,azuritypharmaceuticals,-12,0,12,12,2026-09-29,2026-10-06,all events except coverage rows
Remote,polymarket,12,12,0,12,2026-09-29,2026-10-06,all events except coverage rows
Remote,Clera,10,29,19,48,2026-09-29,2026-10-06,all events except coverage rows
Remote,keepersecurity,10,13,3,16,2026-09-29,2026-10-06,all events except coverage rows
Remote,vsp,-10,8,18,26,2026-09-29,2026-10-06,all events except coverage rows
Remote,Revolution Medicines,-9,3,12,15,2026-09-29,2026-10-06,all events except coverage rows
Remote,Twilio,-9,12,21,33,2026-09-29,2026-10-06,all events except coverage rows
Remote,servicetitan,-9,6,15,21,2026-09-29,2026-10-06,all events except coverage rows
Remote,wustl,9,16,7,23,2026-09-29,2026-10-06,all events except coverage rows
Remote,Skydio,8,9,1,10,2026-09-29,2026-10-06,all events except coverage rows
Remote,horizonindustrieslimited,-8,1,9,10,2026-09-29,2026-10-06,all events except coverage rows
Remote,myriad360,8,18,10,28,2026-09-29,2026-10-06,all events except coverage rows
Remote,pingidentity,-8,1,9,10,2026-09-29,2026-10-06,all events except coverage rows
Remote,zillow,-8,14,22,36,2026-09-29,2026-10-06,all events except coverage rows
Remote,Amplify,-7,3,10,13,2026-09-29,2026-10-06,all events except coverage rows
Remote,Hex,7,7,0,7,2026-09-29,2026-10-06,all events except coverage rows
Remote,Instacart,7,17,10,27,2026-09-29,2026-10-06,all events except coverage rows
Remote,flextronics,7,8,1,9,2026-09-29,2026-10-06,all events except coverage rows
Remote,gcu,7,10,3,13,2026-09-29,2026-10-06,all events except coverage rows
Remote,gehc,-7,34,41,75,2026-09-29,2026-10-06,all events except coverage rows
Remote,oxio,-7,1,8,9,2026-09-29,2026-10-06,all events except coverage rows
Remote,Mercer Advisors,-6,2,8,10,2026-09-29,2026-10-06,all events except coverage rows
Remote,Motive,-6,7,13,20,2026-09-29,2026-10-06,all events except coverage rows
Remote,Natera,6,32,26,58,2026-09-29,2026-10-06,all events except coverage rows
Remote,Supabase,-6,2,8,10,2026-09-29,2026-10-06,all events except coverage rows
Remote,amgen,6,27,21,48,2026-09-29,2026-10-06,all events except coverage rows
Remote,bpcs,-6,2,8,10,2026-09-29,2026-10-06,all events except coverage rows
Remote,devoted,6,18,12,30,2026-09-29,2026-10-06,all events except coverage rows
Remote,goodrx,-6,0,6,6,2026-09-29,2026-10-06,all events except coverage rows
Remote,gruns,6,7,1,8,2026-09-29,2026-10-06,all events except coverage rows
Remote,inspiraeducation,-6,1,7,8,2026-09-29,2026-10-06,all events except coverage rows
Remote,jobs-page-4dc2685b-eb82-46d1-a3f9-1f0764dba814,-6,1,7,8,2026-09-29,2026-10-06,all events except coverage rows
Remote,twinhealth,6,6,0,6,2026-09-29,2026-10-06,all events except coverage rows
Remote,wvumedicine,-6,8,14,22,2026-09-29,2026-10-06,all events except coverage rows
Remote,yipitdatajobs,-6,0,6,6,2026-09-29,2026-10-06,all events except coverage rows
Remote,Engine,-5,10,15,25,2026-09-29,2026-10-06,all events except coverage rows
Remote,GitLab,5,12,7,19,2026-09-29,2026-10-06,all events except coverage rows
Remote,Grafana Labs,-5,4,9,13,2026-09-29,2026-10-06,all events except coverage rows
Remote,Toast,5,22,17,39,2026-09-29,2026-10-06,all events except coverage rows
Remote,Veeam Software,-5,4,9,13,2026-09-29,2026-10-06,all events except coverage rows
Remote,Zeta Global,-5,2,7,9,2026-09-29,2026-10-06,all events except coverage rows
Remote,careaccess,-5,3,8,11,2026-09-29,2026-10-06,all events except coverage rows
Remote,ent-security,-5,1,6,7,2026-09-29,2026-10-06,all events except coverage rows
Remote,equip,5,5,0,5,2026-09-29,2026-10-06,all events except coverage rows
Remote,g2,5,5,0,5,2026-09-29,2026-10-06,all events except coverage rows
Remote,henryschein,5,7,2,9,2026-09-29,2026-10-06,all events except coverage rows
Remote,nova401,5,5,0,5,2026-09-29,2026-10-06,all events except coverage rows
Remote,roo,5,6,1,7,2026-09-29,2026-10-06,all events except coverage rows
Remote,turbineone,-5,0,5,5,2026-09-29,2026-10-06,all events except coverage rows
Remote,wexinc,5,18,13,31,2026-09-29,2026-10-06,all events except coverage rows
Remote,Cresta,-4,1,5,6,2026-09-29,2026-10-06,all events except coverage rows
Remote,Five9,-4,2,6,8,2026-09-29,2026-10-06,all events except coverage rows
Remote,Jensen Hughes,4,4,0,4,2026-09-29,2026-10-06,all events except coverage rows
Remote,Real Chemistry,4,6,2,8,2026-09-29,2026-10-06,all events except coverage rows
Remote,Samsara,-4,10,14,24,2026-09-29,2026-10-06,all events except coverage rows
Remote,SpaceXAI,4,4,0,4,2026-09-29,2026-10-06,all events except coverage rows
Remote,"Voyager Technologies, Inc.",4,4,0,4,2026-09-29,2026-10-06,all events except coverage rows
Remote,Woolpert,-4,1,5,6,2026-09-29,2026-10-06,all events except coverage rows
Remote,Zscaler,-4,4,8,12,2026-09-29,2026-10-06,all events except coverage rows
Remote,arlosolutionsllc,4,5,1,6,2026-09-29,2026-10-06,all events except coverage rows
Remote,calyxo,-4,0,4,4,2026-09-29,2026-10-06,all events except coverage rows
Remote,cloverhealth,4,8,4,12,2026-09-29,2026-10-06,all events except coverage rows
Remote,dlb-associates,-4,3,7,10,2026-09-29,2026-10-06,all events except coverage rows
Remote,g2i,4,4,0,4,2026-09-29,2026-10-06,all events except coverage rows
Remote,gradientai,-4,0,4,4,2026-09-29,2026-10-06,all events except coverage rows
Remote,healthcare,-4,1,5,6,2026-09-29,2026-10-06,all events except coverage rows
Remote,leidos,-4,5,9,14,2026-09-29,2026-10-06,all events except coverage rows
Remote,lockwood,4,5,1,6,2026-09-29,2026-10-06,all events except coverage rows
Remote,missionlane,-4,3,7,10,2026-09-29,2026-10-06,all events except coverage rows
Remote,modmed,-4,1,5,6,2026-09-29,2026-10-06,all events except coverage rows
Remote,mullins-mechanical,4,9,5,14,2026-09-29,2026-10-06,all events except coverage rows
Remote,navapbc,-4,3,7,10,2026-09-29,2026-10-06,all events except coverage rows
Remote,privatehealthmanagement,-4,0,4,4,2026-09-29,2026-10-06,all events except coverage rows
Remote,renaissancelearning-nam,-4,1,5,6,2026-09-29,2026-10-06,all events except coverage rows
Remote,republic,4,13,9,22,2026-09-29,2026-10-06,all events except coverage rows
Remote,risepoint,4,6,2,8,2026-09-29,2026-10-06,all events except coverage rows
Remote,saasgroup,4,4,0,4,2026-09-29,2026-10-06,all events except coverage rows
Remote,scan-com,-4,0,4,4,2026-09-29,2026-10-06,all events except coverage rows
Remote,skyepointdecisionsinc,4,4,0,4,2026-09-29,2026-10-06,all events except coverage rows
Remote,teamlfg,4,4,0,4,2026-09-29,2026-10-06,all events except coverage rows
Remote,wander,4,4,0,4,2026-09-29,2026-10-06,all events except coverage rows
Remote,whisker-labs-careers,-4,0,4,4,2026-09-29,2026-10-06,all events except coverage rows
Remote,12twenty,3,3,0,3,2026-09-29,2026-10-06,all events except coverage rows
Remote,3cloud,-3,2,5,7,2026-09-29,2026-10-06,all events except coverage rows
Remote,6sense,-3,3,6,9,2026-09-29,2026-10-06,all events except coverage rows
Remote,ALO,3,3,0,3,2026-09-29,2026-10-06,all events except coverage rows
Remote,Addepar,3,4,1,5,2026-09-29,2026-10-06,all events except coverage rows
Remote,Anduril Industries,-3,2,5,7,2026-09-29,2026-10-06,all events except coverage rows
Remote,BridgeBio Pharma,-3,1,4,5,2026-09-29,2026-10-06,all events except coverage rows
Remote,Chainguard,3,7,4,11,2026-09-29,2026-10-06,all events except coverage rows
Remote,Confluent,-3,0,3,3,2026-09-29,2026-10-06,all events except coverage rows
Remote,Deepgram,3,9,6,15,2026-09-29,2026-10-06,all events except coverage rows
Remote,ElevenLabs,3,3,0,3,2026-09-29,2026-10-06,all events except coverage rows
Remote,Focus,3,4,1,5,2026-09-29,2026-10-06,all events except coverage rows
Remote,Garner Health,-3,1,4,5,2026-09-29,2026-10-06,all events except coverage rows
Remote,Handshake,3,4,1,5,2026-09-29,2026-10-06,all events except coverage rows
Remote,Hercules,-3,0,3,3,2026-09-29,2026-10-06,all events except coverage rows
Remote,Huntress,-3,0,3,3,2026-09-29,2026-10-06,all events except coverage rows
Remote,LILT (Production),3,7,4,11,2026-09-29,2026-10-06,all events except coverage rows
Remote,Leap,3,5,2,7,2026-09-29,2026-10-06,all events except coverage rows
Remote,Lemonade,3,4,1,5,2026-09-29,2026-10-06,all events except coverage rows
Remote,NICE,3,6,3,9,2026-09-29,2026-10-06,all events except coverage rows
Remote,Oscar Health,3,8,5,13,2026-09-29,2026-10-06,all events except coverage rows
Remote,PandaDoc,-3,0,3,3,2026-09-29,2026-10-06,all events except coverage rows
Remote,Remote,-3,0,3,3,2026-09-29,2026-10-06,all events except coverage rows
Remote,Shields Health Solutions,3,6,3,9,2026-09-29,2026-10-06,all events except coverage rows
Remote,Sprout Social,-3,2,5,7,2026-09-29,2026-10-06,all events except coverage rows
Remote,Spyre Therapeutics,3,3,0,3,2026-09-29,2026-10-06,all events except coverage rows
Remote,Stitch Fix,-3,3,6,9,2026-09-29,2026-10-06,all events except coverage rows
Remote,Think Academy US,-3,2,5,7,2026-09-29,2026-10-06,all events except coverage rows
Remote,Truv,-3,0,3,3,2026-09-29,2026-10-06,all events except coverage rows
Remote,abinbev,3,3,0,3,2026-09-29,2026-10-06,all events except coverage rows
Remote,acquisition,3,3,0,3,2026-09-29,2026-10-06,all events except coverage rows
Remote,affirmedrxpbc,-3,0,3,3,2026-09-29,2026-10-06,all events except coverage rows
Remote,airspace,3,3,0,3,2026-09-29,2026-10-06,all events except coverage rows
Remote,alkami,-3,4,7,11,2026-09-29,2026-10-06,all events except coverage rows
Remote,alteryx,3,5,2,7,2026-09-29,2026-10-06,all events except coverage rows
Remote,amopportunities,-3,0,3,3,2026-09-29,2026-10-06,all events except coverage rows
Remote,answersnow,-3,0,3,3,2026-09-29,2026-10-06,all events except coverage rows
Remote,apolloio,-3,1,4,5,2026-09-29,2026-10-06,all events except coverage rows
Remote,arkbluecross,3,5,2,7,2026-09-29,2026-10-06,all events except coverage rows
Remote,atrain-gmbh,-3,0,3,3,2026-09-29,2026-10-06,all events except coverage rows
Remote,bamboo-health-careers,3,3,0,3,2026-09-29,2026-10-06,all events except coverage rows
Remote,bbinsurance,-3,7,10,17,2026-09-29,2026-10-06,all events except coverage rows
Remote,bestow,-3,1,4,5,2026-09-29,2026-10-06,all events except coverage rows
Remote,betterhelpcom,-3,0,3,3,2026-09-29,2026-10-06,all events except coverage rows
Remote,blackbirdhealth,-3,0,3,3,2026-09-29,2026-10-06,all events except coverage rows
Remote,breakmark,3,3,0,3,2026-09-29,2026-10-06,all events except coverage rows
Remote,brightside-health-jobs,-3,0,3,3,2026-09-29,2026-10-06,all events except coverage rows
Remote,brownhealth,3,4,1,5,2026-09-29,2026-10-06,all events except coverage rows
Remote,bungie,-3,0,3,3,2026-09-29,2026-10-06,all events except coverage rows
Remote,cambiumlearning,3,7,4,11,2026-09-29,2026-10-06,all events except coverage rows
Remote,centivo,-3,2,5,7,2026-09-29,2026-10-06,all events except coverage rows
Remote,character-biosciences,-3,0,3,3,2026-09-29,2026-10-06,all events except coverage rows
Remote,chartis,-3,2,5,7,2026-09-29,2026-10-06,all events except coverage rows
Remote,ciq,3,3,0,3,2026-09-29,2026-10-06,all events except coverage rows
Remote,clarium,3,4,1,5,2026-09-29,2026-10-06,all events except coverage rows
Remote,coefficientgiving,-3,0,3,3,2026-09-29,2026-10-06,all events except coverage rows
Remote,crowdstrike,3,7,4,11,2026-09-29,2026-10-06,all events except coverage rows
Remote,directive,-3,7,10,17,2026-09-29,2026-10-06,all events except coverage rows
Remote,draftkings,3,4,1,5,2026-09-29,2026-10-06,all events except coverage rows
Remote,e-source,3,3,0,3,2026-09-29,2026-10-06,all events except coverage rows
Remote,energyhub,-3,0,3,3,2026-09-29,2026-10-06,all events except coverage rows
Remote,ethoslife,3,4,1,5,2026-09-29,2026-10-06,all events except coverage rows
Remote,fides-technology-gmbh,3,3,0,3,2026-09-29,2026-10-06,all events except coverage rows
Remote,gartner,3,7,4,11,2026-09-29,2026-10-06,all events except coverage rows
Remote,geico,3,8,5,13,2026-09-29,2026-10-06,all events except coverage rows
Remote,hopskipdrive,-3,1,4,5,2026-09-29,2026-10-06,all events except coverage rows
Remote,joinroot,3,5,2,7,2026-09-29,2026-10-06,all events except coverage rows
Remote,laurel,3,3,0,3,2026-09-29,2026-10-06,all events except coverage rows
Remote,levelaccess,3,3,0,3,2026-09-29,2026-10-06,all events except coverage rows
Remote,loyal36,3,3,0,3,2026-09-29,2026-10-06,all events except coverage rows
Remote,machinifyinc,-3,5,8,13,2026-09-29,2026-10-06,all events except coverage rows
Remote,merative,3,6,3,9,2026-09-29,2026-10-06,all events except coverage rows
Remote,miter,-3,0,3,3,2026-09-29,2026-10-06,all events except coverage rows
Remote,myfitnesspal,-3,0,3,3,2026-09-29,2026-10-06,all events except coverage rows
Remote,nerdio-careers,-3,0,3,3,2026-09-29,2026-10-06,all events except coverage rows
Remote,olly,-3,0,3,3,2026-09-29,2026-10-06,all events except coverage rows
Remote,owner,3,7,4,11,2026-09-29,2026-10-06,all events except coverage rows
Remote,paretocaptiveservicesllc,3,3,0,3,2026-09-29,2026-10-06,all events except coverage rows
Remote,pearl,3,4,1,5,2026-09-29,2026-10-06,all events except coverage rows
Remote,protege,-3,1,4,5,2026-09-29,2026-10-06,all events except coverage rows
Remote,r1rcm,-3,11,14,25,2026-09-29,2026-10-06,all events except coverage rows
Remote,retell-ai,-3,1,4,5,2026-09-29,2026-10-06,all events except coverage rows
Remote,rippling,3,4,1,5,2026-09-29,2026-10-06,all events except coverage rows
Remote,safelease,-3,0,3,3,2026-09-29,2026-10-06,all events except coverage rows
Remote,second-nature,-3,0,3,3,2026-09-29,2026-10-06,all events except coverage rows
Remote,securityscorecard,-3,0,3,3,2026-09-29,2026-10-06,all events except coverage rows
Remote,smithrx,-3,2,5,7,2026-09-29,2026-10-06,all events except coverage rows
Remote,sproutsocial,-3,2,5,7,2026-09-29,2026-10-06,all events except coverage rows
Remote,surgimate,-3,0,3,3,2026-09-29,2026-10-06,all events except coverage rows
Remote,tebra,-3,1,4,5,2026-09-29,2026-10-06,all events except coverage rows
Remote,udacity,3,3,0,3,2026-09-29,2026-10-06,all events except coverage rows
Remote,ujet,-3,0,3,3,2026-09-29,2026-10-06,all events except coverage rows
Remote,umgc,-3,2,5,7,2026-09-29,2026-10-06,all events except coverage rows
Remote,vanilla,-3,0,3,3,2026-09-29,2026-10-06,all events except coverage rows
Remote,verawholehealth,3,3,0,3,2026-09-29,2026-10-06,all events except coverage rows
Remote,vodori-careers,-3,0,3,3,2026-09-29,2026-10-06,all events except coverage rows
Remote,yipitdata,3,6,3,9,2026-09-29,2026-10-06,all events except coverage rows
Remote,zoetis,-3,5,8,13,2026-09-29,2026-10-06,all events except coverage rows
Remote,Abnormal,-2,5,7,12,2026-09-29,2026-10-06,all events except coverage rows
Remote,Affirm,2,6,4,10,2026-09-29,2026-10-06,all events except coverage rows
Remote,AirSculpt,-2,0,2,2,2026-09-29,2026-10-06,all events except coverage rows
Remote,Airbnb,2,10,8,18,2026-09-29,2026-10-06,all events except coverage rows
Remote,Airwallex,-2,0,2,2,2026-09-29,2026-10-06,all events except coverage rows
Remote,AlphaSense,2,10,8,18,2026-09-29,2026-10-06,all events except coverage rows
Remote,Armada,2,4,2,6,2026-09-29,2026-10-06,all events except coverage rows
Remote,Ashby,-2,7,9,16,2026-09-29,2026-10-06,all events except coverage rows
Remote,Assured,-2,0,2,2,2026-09-29,2026-10-06,all events except coverage rows
Remote,Atomic,2,2,0,2,2026-09-29,2026-10-06,all events except coverage rows
Remote,"Atwell, LLC",2,2,0,2,2026-09-29,2026-10-06,all events except coverage rows
Remote,Backblaze External Website,-2,3,5,8,2026-09-29,2026-10-06,all events except coverage rows
Remote,Benesch,2,2,0,2,2026-09-29,2026-10-06,all events except coverage rows
Remote,Clari + Salesloft,-2,0,2,2,2026-09-29,2026-10-06,all events except coverage rows
Remote,Cortex,-2,1,3,4,2026-09-29,2026-10-06,all events except coverage rows
Remote,Current,2,2,0,2,2026-09-29,2026-10-06,all events except coverage rows
Remote,Dandy,-2,3,5,8,2026-09-29,2026-10-06,all events except coverage rows
Remote,Demandbase,2,2,0,2,2026-09-29,2026-10-06,all events except coverage rows
Remote,Faeth Therapeutics,-2,0,2,2,2026-09-29,2026-10-06,all events except coverage rows
Remote,Figure Lending,2,4,2,6,2026-09-29,2026-10-06,all events except coverage rows
Remote,GeneDx,2,2,0,2,2026-09-29,2026-10-06,all events except coverage rows
Remote,Green Thumb,2,3,1,4,2026-09-29,2026-10-06,all events except coverage rows
Remote,Hims &amp; Hers,2,5,3,8,2026-09-29,2026-10-06,all events except coverage rows
Remote,Innodata Inc.,2,2,0,2,2026-09-29,2026-10-06,all events except coverage rows
Remote,Intellistack,2,2,0,2,2026-09-29,2026-10-06,all events except coverage rows
Remote,IonQ,2,7,5,12,2026-09-29,2026-10-06,all events except coverage rows
Remote,Iterable,-2,1,3,4,2026-09-29,2026-10-06,all events except coverage rows
Remote,Keel Infrastructure,2,2,0,2,2026-09-29,2026-10-06,all events except coverage rows
Remote,LaunchDarkly,-2,7,9,16,2026-09-29,2026-10-06,all events except coverage rows
Remote,Loenbro,2,2,0,2,2026-09-29,2026-10-06,all events except coverage rows
Remote,Misfits Market,-2,1,3,4,2026-09-29,2026-10-06,all events except coverage rows
Remote,Mozilla,-2,5,7,12,2026-09-29,2026-10-06,all events except coverage rows
Remote,Nash,-2,0,2,2,2026-09-29,2026-10-06,all events except coverage rows
Remote,Navan,2,2,0,2,2026-09-29,2026-10-06,all events except coverage rows
Remote,Netlify,2,2,0,2,2026-09-29,2026-10-06,all events except coverage rows
Remote,Ocular Therapeutix,-2,0,2,2,2026-09-29,2026-10-06,all events except coverage rows
Remote,Olsson,-2,4,6,10,2026-09-29,2026-10-06,all events except coverage rows
Remote,Oportun,2,2,0,2,2026-09-29,2026-10-06,all events except coverage rows
Remote,Papa,-2,0,2,2,2026-09-29,2026-10-06,all events except coverage rows
Remote,Patreon,2,2,0,2,2026-09-29,2026-10-06,all events except coverage rows
Remote,Pinterest,2,2,0,2,2026-09-29,2026-10-06,all events except coverage rows
Remote,PlayStation Global,-2,1,3,4,2026-09-29,2026-10-06,all events except coverage rows
Remote,Precision Medicine Group,2,8,6,14,2026-09-29,2026-10-06,all events except coverage rows
Remote,Quince,-2,2,4,6,2026-09-29,2026-10-06,all events except coverage rows
Remote,Render,-2,0,2,2,2026-09-29,2026-10-06,all events except coverage rows
Remote,Roblox,-2,1,3,4,2026-09-29,2026-10-06,all events except coverage rows
Remote,SKELAR,2,2,0,2,2026-09-29,2026-10-06,all events except coverage rows
Remote,Seed,2,2,0,2,2026-09-29,2026-10-06,all events except coverage rows
Remote,SentinelOne,2,8,6,14,2026-09-29,2026-10-06,all events except coverage rows
Remote,Sierra,-2,1,3,4,2026-09-29,2026-10-06,all events except coverage rows
Remote,Skillsoft,2,4,2,6,2026-09-29,2026-10-06,all events except coverage rows
Remote,Socket,-2,1,3,4,2026-09-29,2026-10-06,all events except coverage rows
Remote,Spektrum,2,2,0,2,2026-09-29,2026-10-06,all events except coverage rows
Remote,Sprinter Health,2,3,1,4,2026-09-29,2026-10-06,all events except coverage rows
Remote,Storyblok,2,2,0,2,2026-09-29,2026-10-06,all events except coverage rows
Remote,Vail Health Hospital,-2,1,3,4,2026-09-29,2026-10-06,all events except coverage rows
Remote,Veracyte,2,2,0,2,2026-09-29,2026-10-06,all events except coverage rows
Remote,Viz.ai,2,2,0,2,2026-09-29,2026-10-06,all events except coverage rows
Remote,Waymo,-2,0,2,2,2026-09-29,2026-10-06,all events except coverage rows
Remote,Wellhub,-2,0,2,2,2026-09-29,2026-10-06,all events except coverage rows
Remote,Zoox,-2,0,2,2,2026-09-29,2026-10-06,all events except coverage rows
Remote,a1msolutions,-2,0,2,2,2026-09-29,2026-10-06,all events except coverage rows
Remote,absencesoft,-2,2,4,6,2026-09-29,2026-10-06,all events except coverage rows
Remote,absorblms,-2,2,4,6,2026-09-29,2026-10-06,all events except coverage rows
Remote,acu,2,3,1,4,2026-09-29,2026-10-06,all events except coverage rows
Remote,adaptivesecurity,-2,0,2,2,2026-09-29,2026-10-06,all events except coverage rows
Remote,airgarage,2,2,0,2,2026-09-29,2026-10-06,all events except coverage rows
Remote,ambiencehealthcare,2,2,0,2,2026-09-29,2026-10-06,all events except coverage rows
Remote,americaninstitutesforresearch,2,6,4,10,2026-09-29,2026-10-06,all events except coverage rows
Remote,amwell,2,2,0,2,2026-09-29,2026-10-06,all events except coverage rows
Remote,anza-re-llc,2,2,0,2,2026-09-29,2026-10-06,all events except coverage rows
Remote,aperiasolutions,-2,0,2,2,2026-09-29,2026-10-06,all events except coverage rows
Remote,app,2,7,5,12,2026-09-29,2026-10-06,all events except coverage rows
Remote,ashfieldmedcomms,2,2,0,2,2026-09-29,2026-10-06,all events except coverage rows
Remote,athos-commerce-careers,-2,0,2,2,2026-09-29,2026-10-06,all events except coverage rows
Remote,aura798,2,2,0,2,2026-09-29,2026-10-06,all events except coverage rows
Remote,automatticcareers,-2,1,3,4,2026-09-29,2026-10-06,all events except coverage rows
Remote,availity,2,6,4,10,2026-09-29,2026-10-06,all events except coverage rows
Remote,baldwin,-2,3,5,8,2026-09-29,2026-10-06,all events except coverage rows
Remote,belltowerfundgroup,-2,0,2,2,2026-09-29,2026-10-06,all events except coverage rows
Remote,bennie,-2,0,2,2,2026-09-29,2026-10-06,all events except coverage rows
Remote,bgus-job,2,2,0,2,2026-09-29,2026-10-06,all events except coverage rows
Remote,bitsight,2,2,0,2,2026-09-29,2026-10-06,all events except coverage rows
Remote,bodwe-professional-services-group-companies,-2,0,2,2,2026-09-29,2026-10-06,all events except coverage rows
Remote,boulevard,-2,2,4,6,2026-09-29,2026-10-06,all events except coverage rows
Remote,broadwayventures,-2,0,2,2,2026-09-29,2026-10-06,all events except coverage rows
Remote,bswift,2,5,3,8,2026-09-29,2026-10-06,all events except coverage rows
Remote,cableone,-2,2,4,6,2026-09-29,2026-10-06,all events except coverage rows
Remote,cadencehealth,-2,1,3,4,2026-09-29,2026-10-06,all events except coverage rows
Remote,calyx,-2,0,2,2,2026-09-29,2026-10-06,all events except coverage rows
Remote,capitaltg,2,3,1,4,2026-09-29,2026-10-06,all events except coverage rows
Remote,charterup,2,4,2,6,2026-09-29,2026-10-06,all events except coverage rows
Remote,clarasight,-2,0,2,2,2026-09-29,2026-10-06,all events except coverage rows
Remote,clasp-group,2,3,1,4,2026-09-29,2026-10-06,all events except coverage rows
Remote,clearstar,-2,1,3,4,2026-09-29,2026-10-06,all events except coverage rows
Remote,cleo,-2,1,3,4,2026-09-29,2026-10-06,all events except coverage rows
Remote,close,-2,0,2,2,2026-09-29,2026-10-06,all events except coverage rows
Remote,clubessential-holdings-cjb,-2,0,2,2,2026-09-29,2026-10-06,all events except coverage rows
Remote,cni,2,6,4,10,2026-09-29,2026-10-06,all events except coverage rows
Remote,codepath,2,4,2,6,2026-09-29,2026-10-06,all events except coverage rows
Remote,cogent-security,2,3,1,4,2026-09-29,2026-10-06,all events except coverage rows
Remote,collegeboard,2,12,10,22,2026-09-29,2026-10-06,all events except coverage rows
Remote,consensus,2,2,0,2,2026-09-29,2026-10-06,all events except coverage rows
Remote,constructor,-2,2,4,6,2026-09-29,2026-10-06,all events except coverage rows
Remote,copart,-2,0,2,2,2026-09-29,2026-10-06,all events except coverage rows
Remote,cordance,-2,1,3,4,2026-09-29,2026-10-06,all events except coverage rows
Remote,coverahealth,-2,0,2,2,2026-09-29,2026-10-06,all events except coverage rows
Remote,crosscountrymortgage,-2,0,2,2,2026-09-29,2026-10-06,all events except coverage rows
Remote,cruxclimate,-2,2,4,6,2026-09-29,2026-10-06,all events except coverage rows
Remote,cyware,2,3,1,4,2026-09-29,2026-10-06,all events except coverage rows
Remote,danaher,2,3,1,4,2026-09-29,2026-10-06,all events except coverage rows
Remote,datagrail,-2,0,2,2,2026-09-29,2026-10-06,all events except coverage rows
Remote,dataminr,2,2,0,2,2026-09-29,2026-10-06,all events except coverage rows
Remote,ddcdine,-2,9,11,20,2026-09-29,2026-10-06,all events except coverage rows
Remote,definitivehc,2,2,0,2,2026-09-29,2026-10-06,all events except coverage rows
Remote,democracy-docket,2,2,0,2,2026-09-29,2026-10-06,all events except coverage rows
Remote,e l f Beauty,-2,0,2,2,2026-09-29,2026-10-06,all events except coverage rows
Remote,easyllama.com,2,2,0,2,2026-09-29,2026-10-06,all events except coverage rows
Remote,eclinicalsolutions,-2,1,3,4,2026-09-29,2026-10-06,all events except coverage rows
Remote,embryriddle,-2,0,2,2,2026-09-29,2026-10-06,all events except coverage rows
Remote,emeraldx,-2,0,2,2,2026-09-29,2026-10-06,all events except coverage rows
Remote,energysolutions,-2,0,2,2,2026-09-29,2026-10-06,all events except coverage rows
Remote,enertiv-jobs,-2,0,2,2,2026-09-29,2026-10-06,all events except coverage rows
Remote,expa,2,2,0,2,2026-09-29,2026-10-06,all events except coverage rows
Remote,expel,-2,1,3,4,2026-09-29,2026-10-06,all events except coverage rows
Remote,familywell,-2,1,3,4,2026-09-29,2026-10-06,all events except coverage rows
Remote,fingerprint,-2,4,6,10,2026-09-29,2026-10-06,all events except coverage rows
Remote,flai,2,2,0,2,2026-09-29,2026-10-06,all events except coverage rows
Remote,fmr,-2,1,3,4,2026-09-29,2026-10-06,all events except coverage rows
Remote,gc-ai,2,2,0,2,2026-09-29,2026-10-06,all events except coverage rows
Remote,genlogs-corporation,-2,0,2,2,2026-09-29,2026-10-06,all events except coverage rows
Remote,givedirectly,2,6,4,10,2026-09-29,2026-10-06,all events except coverage rows
Remote,globelife,-2,9,11,20,2026-09-29,2026-10-06,all events except coverage rows
Remote,gnw,-2,0,2,2,2026-09-29,2026-10-06,all events except coverage rows
Remote,gofundme,-2,0,2,2,2026-09-29,2026-10-06,all events except coverage rows
Remote,honehealth,-2,2,4,6,2026-09-29,2026-10-06,all events except coverage rows
Remote,horacemannservicecorporation,-2,5,7,12,2026-09-29,2026-10-06,all events except coverage rows
Remote,imprint,2,2,0,2,2026-09-29,2026-10-06,all events except coverage rows
Remote,instructure,-2,1,3,4,2026-09-29,2026-10-06,all events except coverage rows
Remote,intervarsity,-2,1,3,4,2026-09-29,2026-10-06,all events except coverage rows
Remote,isccareers,-2,0,2,2,2026-09-29,2026-10-06,all events except coverage rows
Remote,jacksonhealthcare,-2,2,4,6,2026-09-29,2026-10-06,all events except coverage rows
Remote,jump-app,-2,0,2,2,2026-09-29,2026-10-06,all events except coverage rows
Remote,kaer,-2,0,2,2,2026-09-29,2026-10-06,all events except coverage rows
Remote,kalorimeta,2,2,0,2,2026-09-29,2026-10-06,all events except coverage rows
Remote,kit,2,2,0,2,2026-09-29,2026-10-06,all events except coverage rows
Remote,ladder,-2,0,2,2,2026-09-29,2026-10-06,all events except coverage rows
Remote,legitscript-careers,2,2,0,2,2026-09-29,2026-10-06,all events except coverage rows
Remote,lifestance,2,8,6,14,2026-09-29,2026-10-06,all events except coverage rows
Remote,liveops,2,2,0,2,2026-09-29,2026-10-06,all events except coverage rows
Remote,livinghr,-2,0,2,2,2026-09-29,2026-10-06,all events except coverage rows
Remote,loot-labs,-2,0,2,2,2026-09-29,2026-10-06,all events except coverage rows
Remote,matia,-2,0,2,2,2026-09-29,2026-10-06,all events except coverage rows
Remote,mavenclinic,-2,0,2,2,2026-09-29,2026-10-06,all events except coverage rows
Remote,mento,-2,0,2,2,2026-09-29,2026-10-06,all events except coverage rows
Remote,meritamerica,-2,0,2,2,2026-09-29,2026-10-06,all events except coverage rows
Remote,midihealth,-2,0,2,2,2026-09-29,2026-10-06,all events except coverage rows
Remote,multiplayer-studio,2,2,0,2,2026-09-29,2026-10-06,all events except coverage rows
Remote,myhrabc,2,4,2,6,2026-09-29,2026-10-06,all events except coverage rows
Remote,n2co,-2,1,3,4,2026-09-29,2026-10-06,all events except coverage rows
Remote,nabancard,2,3,1,4,2026-09-29,2026-10-06,all events except coverage rows
Remote,nationalpublicradioinc,-2,2,4,6,2026-09-29,2026-10-06,all events except coverage rows
Remote,nelnet,2,4,2,6,2026-09-29,2026-10-06,all events except coverage rows
Remote,nestmed,-2,0,2,2,2026-09-29,2026-10-06,all events except coverage rows
Remote,ngc,-2,7,9,16,2026-09-29,2026-10-06,all events except coverage rows
Remote,nuvem,2,2,0,2,2026-09-29,2026-10-06,all events except coverage rows
Remote,officespacesoftware,-2,1,3,4,2026-09-29,2026-10-06,all events except coverage rows
Remote,oneapp,-2,2,4,6,2026-09-29,2026-10-06,all events except coverage rows
Remote,oneimaging,2,3,1,4,2026-09-29,2026-10-06,all events except coverage rows
Remote,outmarket,-2,0,2,2,2026-09-29,2026-10-06,all events except coverage rows
Remote,overflow,2,2,0,2,2026-09-29,2026-10-06,all events except coverage rows
Remote,parqet,2,2,0,2,2026-09-29,2026-10-06,all events except coverage rows
Remote,peek,-2,0,2,2,2026-09-29,2026-10-06,all events except coverage rows
Remote,placer,2,3,1,4,2026-09-29,2026-10-06,all events except coverage rows
Remote,pluralsight,-2,3,5,8,2026-09-29,2026-10-06,all events except coverage rows
Remote,promedica,-2,3,5,8,2026-09-29,2026-10-06,all events except coverage rows
Remote,regeneron,2,7,5,12,2026-09-29,2026-10-06,all events except coverage rows
Remote,remotereferralboardinternaluseonly,-2,0,2,2,2026-09-29,2026-10-06,all events except coverage rows
Remote,rescale,-2,1,3,4,2026-09-29,2026-10-06,all events except coverage rows
Remote,residenthome,-2,0,2,2,2026-09-29,2026-10-06,all events except coverage rows
Remote,riministreet,2,3,1,4,2026-09-29,2026-10-06,all events except coverage rows
Remote,roadie,-2,2,4,6,2026-09-29,2026-10-06,all events except coverage rows
Remote,roadrunner,-2,1,3,4,2026-09-29,2026-10-06,all events except coverage rows
Remote,rsa-security,-2,0,2,2,2026-09-29,2026-10-06,all events except coverage rows
Remote,salma-health,-2,0,2,2,2026-09-29,2026-10-06,all events except coverage rows
Remote,sbdinc,2,2,0,2,2026-09-29,2026-10-06,all events except coverage rows
Remote,seon,2,2,0,2,2026-09-29,2026-10-06,all events except coverage rows
Remote,signerscareers,-2,0,2,2,2026-09-29,2026-10-06,all events except coverage rows
Remote,silvus,-2,0,2,2,2026-09-29,2026-10-06,all events except coverage rows
Remote,skillable-careers,2,2,0,2,2026-09-29,2026-10-06,all events except coverage rows
Remote,snowball,2,2,0,2,2026-09-29,2026-10-06,all events except coverage rows
Remote,sourcegraph91,2,2,0,2,2026-09-29,2026-10-06,all events except coverage rows
Remote,starfaceworld,-2,0,2,2,2026-09-29,2026-10-06,all events except coverage rows
Remote,strategic-growth-partners,2,2,0,2,2026-09-29,2026-10-06,all events except coverage rows
Remote,studycontractors,-2,0,2,2,2026-09-29,2026-10-06,all events except coverage rows
Remote,supplierio,2,3,1,4,2026-09-29,2026-10-06,all events except coverage rows
Remote,swarmaero,2,2,0,2,2026-09-29,2026-10-06,all events except coverage rows
Remote,sysco,-2,0,2,2,2026-09-29,2026-10-06,all events except coverage rows
Remote,talentmanagementsolution,2,6,4,10,2026-09-29,2026-10-06,all events except coverage rows
Remote,talkdesk2,2,5,3,8,2026-09-29,2026-10-06,all events except coverage rows
Remote,thedutchie,-2,0,2,2,2026-09-29,2026-10-06,all events except coverage rows
Remote,theknotworldwide,-2,0,2,2,2026-09-29,2026-10-06,all events except coverage rows
Remote,thinkbrg,2,4,2,6,2026-09-29,2026-10-06,all events except coverage rows
Remote,tive-careers,-2,0,2,2,2026-09-29,2026-10-06,all events except coverage rows
Remote,tldr.tech,-2,0,2,2,2026-09-29,2026-10-06,all events except coverage rows
Remote,trace3,-2,1,3,4,2026-09-29,2026-10-06,all events except coverage rows
Remote,trellix,-2,2,4,6,2026-09-29,2026-10-06,all events except coverage rows
Remote,triplewhale,2,2,0,2,2026-09-29,2026-10-06,all events except coverage rows
Remote,trivelta,-2,0,2,2,2026-09-29,2026-10-06,all events except coverage rows
Remote,twosixtechnologies,-2,1,3,4,2026-09-29,2026-10-06,all events except coverage rows
Remote,vclusterlabs,-2,2,4,6,2026-09-29,2026-10-06,all events except coverage rows
Remote,velera,2,9,7,16,2026-09-29,2026-10-06,all events except coverage rows
Remote,vynca,-2,1,3,4,2026-09-29,2026-10-06,all events except coverage rows
Remote,wa-opportunities,-2,0,2,2,2026-09-29,2026-10-06,all events except coverage rows
Remote,web,-2,1,3,4,2026-09-29,2026-10-06,all events except coverage rows
Remote,wikimedia,-2,0,2,2,2026-09-29,2026-10-06,all events except coverage rows
Remote,withcoverage,2,2,0,2,2026-09-29,2026-10-06,all events except coverage rows
Remote,workhero,-2,0,2,2,2026-09-29,2026-10-06,all events except coverage rows
Remote,xbowcareers,-2,0,2,2,2026-09-29,2026-10-06,all events except coverage rows
Remote,ylopo,-2,0,2,2,2026-09-29,2026-10-06,all events except coverage rows
Remote,zestai,2,2,0,2,2026-09-29,2026-10-06,all events except coverage rows
Remote,zocalohealth,-2,0,2,2,2026-09-29,2026-10-06,all events except coverage rows
Remote,zuora,-2,0,2,2,2026-09-29,2026-10-06,all events except coverage rows
Remote,1mind,-1,1,2,3,2026-09-29,2026-10-06,all events except coverage rows
Remote,66degrees,-1,0,1,1,2026-09-29,2026-10-06,all events except coverage rows
Remote,ABC Legal Services,-1,1,2,3,2026-09-29,2026-10-06,all events except coverage rows
Remote,ALTEN Technology USA,-1,0,1,1,2026-09-29,2026-10-06,all events except coverage rows
Remote,AST SpaceMobile,1,1,0,1,2026-09-29,2026-10-06,all events except coverage rows
Remote,Absci,1,1,0,1,2026-09-29,2026-10-06,all events except coverage rows
Remote,Acadia Pharmaceuticals Inc.,1,1,0,1,2026-09-29,2026-10-06,all events except coverage rows
Remote,Access Destination Services,1,1,0,1,2026-09-29,2026-10-06,all events except coverage rows
Remote,AeroVect,-1,0,1,1,2026-09-29,2026-10-06,all events except coverage rows
Remote,Airship,1,1,0,1,2026-09-29,2026-10-06,all events except coverage rows
Remote,Airtable,1,1,0,1,2026-09-29,2026-10-06,all events except coverage rows
Remote,Alamar Biosciences,-1,0,1,1,2026-09-29,2026-10-06,all events except coverage rows
Remote,Algolia,-1,1,2,3,2026-09-29,2026-10-06,all events except coverage rows
Remote,Andesite,-1,0,1,1,2026-09-29,2026-10-06,all events except coverage rows
Remote,Ascend Partner Firms,-1,0,1,1,2026-09-29,2026-10-06,all events except coverage rows
Remote,Aspira,1,1,0,1,2026-09-29,2026-10-06,all events except coverage rows
Remote,Axle,-1,0,1,1,2026-09-29,2026-10-06,all events except coverage rows
Remote,Aya Healthcare,1,1,0,1,2026-09-29,2026-10-06,all events except coverage rows
Remote,Bastion,1,2,1,3,2026-09-29,2026-10-06,all events except coverage rows
Remote,BeyondTrust,-1,1,2,3,2026-09-29,2026-10-06,all events except coverage rows
Remote,BillionToOne,-1,0,1,1,2026-09-29,2026-10-06,all events except coverage rows
Remote,Branch,1,1,0,1,2026-09-29,2026-10-06,all events except coverage rows
Remote,CLEANSPARK,-1,0,1,1,2026-09-29,2026-10-06,all events except coverage rows
Remote,CannonDesign,-1,2,3,5,2026-09-29,2026-10-06,all events except coverage rows
Remote,"Ceribell, Inc",1,1,0,1,2026-09-29,2026-10-06,all events except coverage rows
Remote,ChargePoint,-1,0,1,1,2026-09-29,2026-10-06,all events except coverage rows
Remote,"Chime Financial, Inc",1,2,1,3,2026-09-29,2026-10-06,all events except coverage rows
Remote,CircleCI,-1,0,1,1,2026-09-29,2026-10-06,all events except coverage rows
Remote,Clearwater,1,1,0,1,2026-09-29,2026-10-06,all events except coverage rows
Remote,DEPT®,-1,2,3,5,2026-09-29,2026-10-06,all events except coverage rows
Remote,DISCO,1,1,0,1,2026-09-29,2026-10-06,all events except coverage rows
Remote,Datavant,1,12,11,23,2026-09-29,2026-10-06,all events except coverage rows
Remote,Decagon,1,1,0,1,2026-09-29,2026-10-06,all events except coverage rows
Remote,Discord,-1,0,1,1,2026-09-29,2026-10-06,all events except coverage rows
Remote,Drata,-1,0,1,1,2026-09-29,2026-10-06,all events except coverage rows
Remote,DubClub,1,1,0,1,2026-09-29,2026-10-06,all events except coverage rows
Remote,EOS,1,1,0,1,2026-09-29,2026-10-06,all events except coverage rows
Remote,EPIC Brokers,1,1,0,1,2026-09-29,2026-10-06,all events except coverage rows
Remote,Enpal,1,1,0,1,2026-09-29,2026-10-06,all events except coverage rows
Remote,Eve,-1,3,4,7,2026-09-29,2026-10-06,all events except coverage rows
Remote,Everpure,-1,1,2,3,2026-09-29,2026-10-06,all events except coverage rows
Remote,Fable Security,-1,0,1,1,2026-09-29,2026-10-06,all events except coverage rows
Remote,Faire,1,1,0,1,2026-09-29,2026-10-06,all events except coverage rows
Remote,Fictiv,-1,2,3,5,2026-09-29,2026-10-06,all events except coverage rows
Remote,Fin,-1,0,1,1,2026-09-29,2026-10-06,all events except coverage rows
Remote,Findem,1,1,0,1,2026-09-29,2026-10-06,all events except coverage rows
Remote,Finni Health,1,2,1,3,2026-09-29,2026-10-06,all events except coverage rows
Remote,Fleet Data Centers,1,1,0,1,2026-09-29,2026-10-06,all events except coverage rows
Remote,FourKites,-1,0,1,1,2026-09-29,2026-10-06,all events except coverage rows
Remote,GFiber,-1,2,3,5,2026-09-29,2026-10-06,all events except coverage rows
Remote,Gen Digital Inc.,1,1,0,1,2026-09-29,2026-10-06,all events except coverage rows
Remote,GreenLight Metals,1,1,0,1,2026-09-29,2026-10-06,all events except coverage rows
Remote,Halcyon,1,1,0,1,2026-09-29,2026-10-06,all events except coverage rows
Remote,Harvey,1,3,2,5,2026-09-29,2026-10-06,all events except coverage rows
Remote,Highnote,-1,0,1,1,2026-09-29,2026-10-06,all events except coverage rows
Remote,Hightouch - Analytics [old],1,1,0,1,2026-09-29,2026-10-06,all events except coverage rows
Remote,Honeycomb.io,1,2,1,3,2026-09-29,2026-10-06,all events except coverage rows
Remote,Horizon3,-1,10,11,21,2026-09-29,2026-10-06,all events except coverage rows
Remote,HubSpot,-1,7,8,15,2026-09-29,2026-10-06,all events except coverage rows
Remote,IVX Health,1,1,0,1,2026-09-29,2026-10-06,all events except coverage rows
Remote,IXL Learning,1,1,0,1,2026-09-29,2026-10-06,all events except coverage rows
Remote,Incredible Health,1,1,0,1,2026-09-29,2026-10-06,all events except coverage rows
Remote,Invivyd,1,1,0,1,2026-09-29,2026-10-06,all events except coverage rows
Remote,Iovance Biotherapeutics,-1,1,2,3,2026-09-29,2026-10-06,all events except coverage rows
Remote,Jobber,1,2,1,3,2026-09-29,2026-10-06,all events except coverage rows
Remote,Karbon,1,1,0,1,2026-09-29,2026-10-06,all events except coverage rows
Remote,Lattice,1,1,0,1,2026-09-29,2026-10-06,all events except coverage rows
Remote,Mastra,-1,0,1,1,2026-09-29,2026-10-06,all events except coverage rows
Remote,MeBe,1,1,0,1,2026-09-29,2026-10-06,all events except coverage rows
Remote,Meadow,1,1,0,1,2026-09-29,2026-10-06,all events except coverage rows
Remote,Mirum Pharmaceuticals,1,1,0,1,2026-09-29,2026-10-06,all events except coverage rows
Remote,Mixpanel,-1,0,1,1,2026-09-29,2026-10-06,all events except coverage rows
Remote,MrBeast,-1,0,1,1,2026-09-29,2026-10-06,all events except coverage rows
Remote,Muon Space,-1,2,3,5,2026-09-29,2026-10-06,all events except coverage rows
Remote,Mux,1,1,0,1,2026-09-29,2026-10-06,all events except coverage rows
Remote,Neumora,-1,0,1,1,2026-09-29,2026-10-06,all events except coverage rows
Remote,Nextdoor,-1,0,1,1,2026-09-29,2026-10-06,all events except coverage rows
Remote,Odyssey,1,2,1,3,2026-09-29,2026-10-06,all events except coverage rows
Remote,Oklo,-1,0,1,1,2026-09-29,2026-10-06,all events except coverage rows
Remote,OneSpan,-1,0,1,1,2026-09-29,2026-10-06,all events except coverage rows
Remote,Ooma,-1,0,1,1,2026-09-29,2026-10-06,all events except coverage rows
Remote,Orchestra,1,1,0,1,2026-09-29,2026-10-06,all events except coverage rows
Remote,Oruka Therapeutics,-1,0,1,1,2026-09-29,2026-10-06,all events except coverage rows
Remote,"Pathward, N.A.",-1,2,3,5,2026-09-29,2026-10-06,all events except coverage rows
Remote,Payoneer,-1,0,1,1,2026-09-29,2026-10-06,all events except coverage rows
Remote,Pinecone,-1,0,1,1,2026-09-29,2026-10-06,all events except coverage rows
Remote,Plaid,1,1,0,1,2026-09-29,2026-10-06,all events except coverage rows
Remote,Planet,1,3,2,5,2026-09-29,2026-10-06,all events except coverage rows
Remote,Postscript,1,1,0,1,2026-09-29,2026-10-06,all events except coverage rows
Remote,Power Digital,-1,1,2,3,2026-09-29,2026-10-06,all events except coverage rows
Remote,Praetorian,-1,0,1,1,2026-09-29,2026-10-06,all events except coverage rows
Remote,Precision for Medicine,1,3,2,5,2026-09-29,2026-10-06,all events except coverage rows
Remote,ProKidney,-1,0,1,1,2026-09-29,2026-10-06,all events except coverage rows
Remote,Profound,1,1,0,1,2026-09-29,2026-10-06,all events except coverage rows
Remote,Proof,1,2,1,3,2026-09-29,2026-10-06,all events except coverage rows
Remote,Raft Company Website,-1,0,1,1,2026-09-29,2026-10-06,all events except coverage rows
Remote,Rain,1,1,0,1,2026-09-29,2026-10-06,all events except coverage rows
Remote,Rapport Therapeutics,1,1,0,1,2026-09-29,2026-10-06,all events except coverage rows
Remote,Re:Build Manufacturing,1,1,0,1,2026-09-29,2026-10-06,all events except coverage rows
Remote,Ridgeline,1,1,0,1,2026-09-29,2026-10-06,all events except coverage rows
Remote,Rigetti Computing,1,1,0,1,2026-09-29,2026-10-06,all events except coverage rows
Remote,Rubrik,1,3,2,5,2026-09-29,2026-10-06,all events except coverage rows
Remote,Rush Street Interactive,-1,0,1,1,2026-09-29,2026-10-06,all events except coverage rows
Remote,Scout Motors,-1,0,1,1,2026-09-29,2026-10-06,all events except coverage rows
Remote,Second-Front-Systems,1,1,0,1,2026-09-29,2026-10-06,all events except coverage rows
Remote,Seven AI,1,2,1,3,2026-09-29,2026-10-06,all events except coverage rows
Remote,Sigma Computing,1,1,0,1,2026-09-29,2026-10-06,all events except coverage rows
Remote,Smartsheet,-1,4,5,9,2026-09-29,2026-10-06,all events except coverage rows
Remote,"Snap! Mobile, Inc.",-1,0,1,1,2026-09-29,2026-10-06,all events except coverage rows
Remote,Snorkel AI,1,1,0,1,2026-09-29,2026-10-06,all events except coverage rows
Remote,Snowflake,1,1,0,1,2026-09-29,2026-10-06,all events except coverage rows
Remote,SoFi,-1,0,1,1,2026-09-29,2026-10-06,all events except coverage rows
Remote,Socure,1,1,0,1,2026-09-29,2026-10-06,all events except coverage rows
Remote,Sonatype,-1,0,1,1,2026-09-29,2026-10-06,all events except coverage rows
Remote,SpotOn,-1,0,1,1,2026-09-29,2026-10-06,all events except coverage rows
Remote,StandardBots,-1,0,1,1,2026-09-29,2026-10-06,all events except coverage rows
Remote,Stripe,1,7,6,13,2026-09-29,2026-10-06,all events except coverage rows
Remote,TELUS Digital,1,2,1,3,2026-09-29,2026-10-06,all events except coverage rows
Remote,Tailscale,1,1,0,1,2026-09-29,2026-10-06,all events except coverage rows
Remote,Talkiatry,1,4,3,7,2026-09-29,2026-10-06,all events except coverage rows
Remote,Tango,1,1,0,1,2026-09-29,2026-10-06,all events except coverage rows
Remote,Tembo-Health,1,1,0,1,2026-09-29,2026-10-06,all events except coverage rows
Remote,Thatch,1,2,1,3,2026-09-29,2026-10-06,all events except coverage rows
Remote,"The United Firm | La Liga Defensora, APC",1,1,0,1,2026-09-29,2026-10-06,all events except coverage rows
Remote,Theoria Medical,-1,0,1,1,2026-09-29,2026-10-06,all events except coverage rows
Remote,Thorn,1,1,0,1,2026-09-29,2026-10-06,all events except coverage rows
Remote,Tines,1,1,0,1,2026-09-29,2026-10-06,all events except coverage rows
Remote,Tripadvisor,1,1,0,1,2026-09-29,2026-10-06,all events except coverage rows
Remote,Ultragenyx Pharmaceutical,1,1,0,1,2026-09-29,2026-10-06,all events except coverage rows
Remote,Universe,1,1,0,1,2026-09-29,2026-10-06,all events except coverage rows
Remote,VIDA Global,1,1,0,1,2026-09-29,2026-10-06,all events except coverage rows
Remote,Valtech,1,3,2,5,2026-09-29,2026-10-06,all events except coverage rows
Remote,Vector,-1,0,1,1,2026-09-29,2026-10-06,all events except coverage rows
Remote,Vercel,-1,0,1,1,2026-09-29,2026-10-06,all events except coverage rows
Remote,Veritas Veterinary Partners,1,2,1,3,2026-09-29,2026-10-06,all events except coverage rows
Remote,Verkada,-1,0,1,1,2026-09-29,2026-10-06,all events except coverage rows
Remote,Vesta Innovations Inc.,-1,0,1,1,2026-09-29,2026-10-06,all events except coverage rows
Remote,Vic.ai,1,1,0,1,2026-09-29,2026-10-06,all events except coverage rows
Remote,Vital Farms,-1,0,1,1,2026-09-29,2026-10-06,all events except coverage rows
Remote,Wing,-1,0,1,1,2026-09-29,2026-10-06,all events except coverage rows
Remote,"Wiz, Inc.",1,5,4,9,2026-09-29,2026-10-06,all events except coverage rows
Remote,Zip,1,1,0,1,2026-09-29,2026-10-06,all events except coverage rows
Remote,Zocdoc,1,2,1,3,2026-09-29,2026-10-06,all events except coverage rows
Remote,a-place-for-mom,1,2,1,3,2026-09-29,2026-10-06,all events except coverage rows
Remote,a3c41b8b71eff8c4,1,1,0,1,2026-09-29,2026-10-06,all events except coverage rows
Remote,accelerant,-1,0,1,1,2026-09-29,2026-10-06,all events except coverage rows
Remote,accendra,-1,0,1,1,2026-09-29,2026-10-06,all events except coverage rows
Remote,acelero,-1,0,1,1,2026-09-29,2026-10-06,all events except coverage rows
Remote,acilearning,1,1,0,1,2026-09-29,2026-10-06,all events except coverage rows
Remote,acorns,1,2,1,3,2026-09-29,2026-10-06,all events except coverage rows
Remote,acquia,-1,0,1,1,2026-09-29,2026-10-06,all events except coverage rows
Remote,ad-hoc-group,-1,0,1,1,2026-09-29,2026-10-06,all events except coverage rows
Remote,adelaide,-1,1,2,3,2026-09-29,2026-10-06,all events except coverage rows
Remote,adswerveinc,-1,0,1,1,2026-09-29,2026-10-06,all events except coverage rows
Remote,adventisthealthcare,1,1,0,1,2026-09-29,2026-10-06,all events except coverage rows
Remote,afresh,-1,0,1,1,2026-09-29,2026-10-06,all events except coverage rows
Remote,agecareers,-1,0,1,1,2026-09-29,2026-10-06,all events except coverage rows
Remote,ageoflearninginc,-1,0,1,1,2026-09-29,2026-10-06,all events except coverage rows
Remote,agilonhealth,1,3,2,5,2026-09-29,2026-10-06,all events except coverage rows
Remote,aidashinc,1,1,0,1,2026-09-29,2026-10-06,all events except coverage rows
Remote,aigent-energy,1,1,0,1,2026-09-29,2026-10-06,all events except coverage rows
Remote,alignedup,-1,0,1,1,2026-09-29,2026-10-06,all events except coverage rows
Remote,alphapet-ventures,-1,0,1,1,2026-09-29,2026-10-06,all events except coverage rows
Remote,alu,1,1,0,1,2026-09-29,2026-10-06,all events except coverage rows
Remote,alxafrica,-1,1,2,3,2026-09-29,2026-10-06,all events except coverage rows
Remote,ameren,-1,0,1,1,2026-09-29,2026-10-06,all events except coverage rows
Remote,amiralearning,-1,0,1,1,2026-09-29,2026-10-06,all events except coverage rows
Remote,analyst1,-1,0,1,1,2026-09-29,2026-10-06,all events except coverage rows
Remote,anteristech,-1,0,1,1,2026-09-29,2026-10-06,all events except coverage rows
Remote,apexanalytix-careers,1,1,0,1,2026-09-29,2026-10-06,all events except coverage rows
Remote,apexit,1,1,0,1,2026-09-29,2026-10-06,all events except coverage rows
Remote,apiphani,1,1,0,1,2026-09-29,2026-10-06,all events except coverage rows
Remote,appriss-retail,-1,0,1,1,2026-09-29,2026-10-06,all events except coverage rows
Remote,appspace,-1,0,1,1,2026-09-29,2026-10-06,all events except coverage rows
Remote,arcticwolf,1,2,1,3,2026-09-29,2026-10-06,all events except coverage rows
Remote,argenx,1,3,2,5,2026-09-29,2026-10-06,all events except coverage rows
Remote,arizeai,-1,0,1,1,2026-09-29,2026-10-06,all events except coverage rows
Remote,arkestroinc,1,2,1,3,2026-09-29,2026-10-06,all events except coverage rows
Remote,arspharmaceuticalsoperationsinc,1,1,0,1,2026-09-29,2026-10-06,all events except coverage rows
Remote,aspca,1,1,0,1,2026-09-29,2026-10-06,all events except coverage rows
Remote,assetliving,-1,4,5,9,2026-09-29,2026-10-06,all events except coverage rows
Remote,assetwatch,1,1,0,1,2026-09-29,2026-10-06,all events except coverage rows
Remote,astro-mechanica,-1,0,1,1,2026-09-29,2026-10-06,all events except coverage rows
Remote,athinkingape,-1,0,1,1,2026-09-29,2026-10-06,all events except coverage rows
Remote,ats,1,1,0,1,2026-09-29,2026-10-06,all events except coverage rows
Remote,avidxchangeinc,1,3,2,5,2026-09-29,2026-10-06,all events except coverage rows
Remote,avoca,1,1,0,1,2026-09-29,2026-10-06,all events except coverage rows
Remote,avride,-1,0,1,1,2026-09-29,2026-10-06,all events except coverage rows
Remote,b12,1,1,0,1,2026-09-29,2026-10-06,all events except coverage rows
Remote,bantamcommunications,-1,0,1,1,2026-09-29,2026-10-06,all events except coverage rows
Remote,barrywehmiller,-1,2,3,5,2026-09-29,2026-10-06,all events except coverage rows
Remote,beam-up,1,3,2,5,2026-09-29,2026-10-06,all events except coverage rows
Remote,bellroy,-1,0,1,1,2026-09-29,2026-10-06,all events except coverage rows
Remote,berlinrosen,1,1,0,1,2026-09-29,2026-10-06,all events except coverage rows
Remote,bettercomp,-1,0,1,1,2026-09-29,2026-10-06,all events except coverage rows
Remote,bettinghero,-1,0,1,1,2026-09-29,2026-10-06,all events except coverage rows
Remote,biibhr,1,6,5,11,2026-09-29,2026-10-06,all events except coverage rows
Remote,bitwarden,1,2,1,3,2026-09-29,2026-10-06,all events except coverage rows
Remote,bizzycar,1,1,0,1,2026-09-29,2026-10-06,all events except coverage rows
Remote,blueberrypediatrics,-1,0,1,1,2026-09-29,2026-10-06,all events except coverage rows
Remote,blueroseresearch,-1,0,1,1,2026-09-29,2026-10-06,all events except coverage rows
Remote,bmc,-1,3,4,7,2026-09-29,2026-10-06,all events except coverage rows
Remote,bobyard,1,1,0,1,2026-09-29,2026-10-06,all events except coverage rows
Remote,bonadio,1,1,0,1,2026-09-29,2026-10-06,all events except coverage rows
Remote,bonterra,1,2,1,3,2026-09-29,2026-10-06,all events except coverage rows
Remote,bouldercare,1,1,0,1,2026-09-29,2026-10-06,all events except coverage rows
Remote,braeburn,-1,0,1,1,2026-09-29,2026-10-06,all events except coverage rows
Remote,brainco,-1,0,1,1,2026-09-29,2026-10-06,all events except coverage rows
Remote,breezeway,1,1,0,1,2026-09-29,2026-10-06,all events except coverage rows
Remote,brighthire,1,2,1,3,2026-09-29,2026-10-06,all events except coverage rows
Remote,brigit,-1,0,1,1,2026-09-29,2026-10-06,all events except coverage rows
Remote,britive,-1,0,1,1,2026-09-29,2026-10-06,all events except coverage rows
Remote,btc-inc,1,1,0,1,2026-09-29,2026-10-06,all events except coverage rows
Remote,capitalontap,1,3,2,5,2026-09-29,2026-10-06,all events except coverage rows
Remote,capstoneintegratedsolutions,-1,0,1,1,2026-09-29,2026-10-06,all events except coverage rows
Remote,career-opportunities-at-mindset,-1,0,1,1,2026-09-29,2026-10-06,all events except coverage rows
Remote,careers,1,3,2,5,2026-09-29,2026-10-06,all events except coverage rows
Remote,careers-at-pearl,-1,0,1,1,2026-09-29,2026-10-06,all events except coverage rows
Remote,carefeed,1,1,0,1,2026-09-29,2026-10-06,all events except coverage rows
Remote,caresource,1,19,18,37,2026-09-29,2026-10-06,all events except coverage rows
Remote,cargosprint,1,1,0,1,2026-09-29,2026-10-06,all events except coverage rows
Remote,carilionclinic,1,2,1,3,2026-09-29,2026-10-06,all events except coverage rows
Remote,carrotfertility,1,1,0,1,2026-09-29,2026-10-06,all events except coverage rows
Remote,cars,-1,0,1,1,2026-09-29,2026-10-06,all events except coverage rows
Remote,casa,-1,0,1,1,2026-09-29,2026-10-06,all events except coverage rows
Remote,catapultsports,1,1,0,1,2026-09-29,2026-10-06,all events except coverage rows
Remote,cbts,-1,0,1,1,2026-09-29,2026-10-06,all events except coverage rows
Remote,centerfield,-1,0,1,1,2026-09-29,2026-10-06,all events except coverage rows
Remote,chartbeatinc,-1,0,1,1,2026-09-29,2026-10-06,all events except coverage rows
Remote,chess,-1,1,2,3,2026-09-29,2026-10-06,all events except coverage rows
Remote,chrono24,-1,1,2,3,2026-09-29,2026-10-06,all events except coverage rows
Remote,ciroos,-1,0,1,1,2026-09-29,2026-10-06,all events except coverage rows
Remote,cision,-1,0,1,1,2026-09-29,2026-10-06,all events except coverage rows
Remote,citrine-informatics,1,1,0,1,2026-09-29,2026-10-06,all events except coverage rows
Remote,civilgrid,1,1,0,1,2026-09-29,2026-10-06,all events except coverage rows
Remote,clarityai,-1,0,1,1,2026-09-29,2026-10-06,all events except coverage rows
Remote,clearstreet,1,1,0,1,2026-09-29,2026-10-06,all events except coverage rows
Remote,clio,-1,0,1,1,2026-09-29,2026-10-06,all events except coverage rows
Remote,cobaltio,1,1,0,1,2026-09-29,2026-10-06,all events except coverage rows
Remote,cobot,1,1,0,1,2026-09-29,2026-10-06,all events except coverage rows
Remote,code3,-1,0,1,1,2026-09-29,2026-10-06,all events except coverage rows
Remote,coinspaid,-1,0,1,1,2026-09-29,2026-10-06,all events except coverage rows
Remote,colabsoftware,-1,0,1,1,2026-09-29,2026-10-06,all events except coverage rows
Remote,column,1,1,0,1,2026-09-29,2026-10-06,all events except coverage rows
Remote,comrce,1,1,0,1,2026-09-29,2026-10-06,all events except coverage rows
Remote,conceptplus,-1,1,2,3,2026-09-29,2026-10-06,all events except coverage rows
Remote,concerthealth,-1,0,1,1,2026-09-29,2026-10-06,all events except coverage rows
Remote,concntric,-1,0,1,1,2026-09-29,2026-10-06,all events except coverage rows
Remote,conifersaicareers,1,1,0,1,2026-09-29,2026-10-06,all events except coverage rows
Remote,consumeredge,-1,0,1,1,2026-09-29,2026-10-06,all events except coverage rows
Remote,coram-ai,1,2,1,3,2026-09-29,2026-10-06,all events except coverage rows
Remote,cordial81,1,1,0,1,2026-09-29,2026-10-06,all events except coverage rows
Remote,coreoftheheart,1,1,0,1,2026-09-29,2026-10-06,all events except coverage rows
Remote,cortica,-1,0,1,1,2026-09-29,2026-10-06,all events except coverage rows
Remote,counsel,1,1,0,1,2026-09-29,2026-10-06,all events except coverage rows
Remote,createmusicgroup,-1,1,2,3,2026-09-29,2026-10-06,all events except coverage rows
Remote,credible,1,1,0,1,2026-09-29,2026-10-06,all events except coverage rows
Remote,cribl,-1,2,3,5,2026-09-29,2026-10-06,all events except coverage rows
Remote,crio,-1,0,1,1,2026-09-29,2026-10-06,all events except coverage rows
Remote,cristcot-management-company-inc,-1,0,1,1,2026-09-29,2026-10-06,all events except coverage rows
Remote,crunchyroll,-1,0,1,1,2026-09-29,2026-10-06,all events except coverage rows
Remote,cursor,1,1,0,1,2026-09-29,2026-10-06,all events except coverage rows
Remote,dailypay,-1,1,2,3,2026-09-29,2026-10-06,all events except coverage rows
Remote,databento,-1,0,1,1,2026-09-29,2026-10-06,all events except coverage rows
Remote,datasite,-1,0,1,1,2026-09-29,2026-10-06,all events except coverage rows
Remote,dataspring,-1,0,1,1,2026-09-29,2026-10-06,all events except coverage rows
Remote,daybreakhealth,-1,0,1,1,2026-09-29,2026-10-06,all events except coverage rows
Remote,daymarkhealth,-1,1,2,3,2026-09-29,2026-10-06,all events except coverage rows
Remote,dealeron,1,2,1,3,2026-09-29,2026-10-06,all events except coverage rows
Remote,dental21,-1,0,1,1,2026-09-29,2026-10-06,all events except coverage rows
Remote,dexcom,1,3,2,5,2026-09-29,2026-10-06,all events except coverage rows
Remote,dickssportinggoods,1,3,2,5,2026-09-29,2026-10-06,all events except coverage rows
Remote,dirty-hands,-1,0,1,1,2026-09-29,2026-10-06,all events except coverage rows
Remote,dlhcorporation,1,1,0,1,2026-09-29,2026-10-06,all events except coverage rows
Remote,donaldson,1,1,0,1,2026-09-29,2026-10-06,all events except coverage rows
Remote,door,1,1,0,1,2026-09-29,2026-10-06,all events except coverage rows
Remote,doublezero,1,1,0,1,2026-09-29,2026-10-06,all events except coverage rows
Remote,duck-duck-go,1,4,3,7,2026-09-29,2026-10-06,all events except coverage rows
Remote,duna,1,1,0,1,2026-09-29,2026-10-06,all events except coverage rows
Remote,earnin,1,1,0,1,2026-09-29,2026-10-06,all events except coverage rows
Remote,echodynecorp,-1,0,1,1,2026-09-29,2026-10-06,all events except coverage rows
Remote,eightsleep,-1,0,1,1,2026-09-29,2026-10-06,all events except coverage rows
Remote,electrosonic-careers,-1,0,1,1,2026-09-29,2026-10-06,all events except coverage rows
Remote,element451,1,2,1,3,2026-09-29,2026-10-06,all events except coverage rows
Remote,elitetechnology,-1,2,3,5,2026-09-29,2026-10-06,all events except coverage rows
Remote,eloquentai,1,1,0,1,2026-09-29,2026-10-06,all events except coverage rows
Remote,ema,-1,0,1,1,2026-09-29,2026-10-06,all events except coverage rows
Remote,empowerbrands,1,2,1,3,2026-09-29,2026-10-06,all events except coverage rows
Remote,encamp,1,1,0,1,2026-09-29,2026-10-06,all events except coverage rows
Remote,ensono,1,6,5,11,2026-09-29,2026-10-06,all events except coverage rows
Remote,envoy,-1,0,1,1,2026-09-29,2026-10-06,all events except coverage rows
Remote,eonio,1,1,0,1,2026-09-29,2026-10-06,all events except coverage rows
Remote,eqtcorporation,1,1,0,1,2026-09-29,2026-10-06,all events except coverage rows
Remote,essentiahealth,1,1,0,1,2026-09-29,2026-10-06,all events except coverage rows
Remote,euclid-power,-1,0,1,1,2026-09-29,2026-10-06,all events except coverage rows
Remote,everfi,1,1,0,1,2026-09-29,2026-10-06,all events except coverage rows
Remote,everis,-1,0,1,1,2026-09-29,2026-10-06,all events except coverage rows
Remote,everway,-1,1,2,3,2026-09-29,2026-10-06,all events except coverage rows
Remote,evidation,-1,0,1,1,2026-09-29,2026-10-06,all events except coverage rows
Remote,exactcare,1,1,0,1,2026-09-29,2026-10-06,all events except coverage rows
Remote,exp-jobs,-1,0,1,1,2026-09-29,2026-10-06,all events except coverage rows
Remote,ezcaterinc,-1,0,1,1,2026-09-29,2026-10-06,all events except coverage rows
Remote,fabric-inc,-1,0,1,1,2026-09-29,2026-10-06,all events except coverage rows
Remote,fal-ai,-1,0,1,1,2026-09-29,2026-10-06,all events except coverage rows
Remote,far.ai,-1,0,1,1,2026-09-29,2026-10-06,all events except coverage rows
Remote,fartherfinance,-1,0,1,1,2026-09-29,2026-10-06,all events except coverage rows
Remote,feedbackfruits,1,1,0,1,2026-09-29,2026-10-06,all events except coverage rows
Remote,fellers,-1,0,1,1,2026-09-29,2026-10-06,all events except coverage rows
Remote,finary,1,1,0,1,2026-09-29,2026-10-06,all events except coverage rows
Remote,flaglerhealth,1,1,0,1,2026-09-29,2026-10-06,all events except coverage rows
Remote,flipper,1,1,0,1,2026-09-29,2026-10-06,all events except coverage rows
Remote,flipturn,-1,0,1,1,2026-09-29,2026-10-06,all events except coverage rows
Remote,flosports,-1,0,1,1,2026-09-29,2026-10-06,all events except coverage rows
Remote,flourish-and-thrive-labs,1,1,0,1,2026-09-29,2026-10-06,all events except coverage rows
Remote,formhealth,1,1,0,1,2026-09-29,2026-10-06,all events except coverage rows
Remote,forter,-1,0,1,1,2026-09-29,2026-10-06,all events except coverage rows
Remote,fortreum,-1,0,1,1,2026-09-29,2026-10-06,all events except coverage rows
Remote,fortrobotics,-1,0,1,1,2026-09-29,2026-10-06,all events except coverage rows
Remote,forum-ventures,1,1,0,1,2026-09-29,2026-10-06,all events except coverage rows
Remote,fox,-1,0,1,1,2026-09-29,2026-10-06,all events except coverage rows
Remote,frontcareers,1,1,0,1,2026-09-29,2026-10-06,all events except coverage rows
Remote,fullsteam,1,4,3,7,2026-09-29,2026-10-06,all events except coverage rows
Remote,gaiafamily,1,1,0,1,2026-09-29,2026-10-06,all events except coverage rows
Remote,geha,-1,0,1,1,2026-09-29,2026-10-06,all events except coverage rows
Remote,gemesys,1,1,0,1,2026-09-29,2026-10-06,all events except coverage rows
Remote,generalmotors,1,2,1,3,2026-09-29,2026-10-06,all events except coverage rows
Remote,genetixbiotherapeutics,-1,0,1,1,2026-09-29,2026-10-06,all events except coverage rows
Remote,georgfischer,-1,0,1,1,2026-09-29,2026-10-06,all events except coverage rows
Remote,get-covered-insurance,-1,0,1,1,2026-09-29,2026-10-06,all events except coverage rows
Remote,getbuilt,-1,0,1,1,2026-09-29,2026-10-06,all events except coverage rows
Remote,giga-green,-1,0,1,1,2026-09-29,2026-10-06,all events except coverage rows
Remote,gigawatt-ai,1,2,1,3,2026-09-29,2026-10-06,all events except coverage rows
Remote,gilead,1,1,0,1,2026-09-29,2026-10-06,all events except coverage rows
Remote,givebutter,1,1,0,1,2026-09-29,2026-10-06,all events except coverage rows
Remote,glydways,-1,1,2,3,2026-09-29,2026-10-06,all events except coverage rows
Remote,goatgroup,1,1,0,1,2026-09-29,2026-10-06,all events except coverage rows
Remote,golimitless,-1,0,1,1,2026-09-29,2026-10-06,all events except coverage rows
Remote,goodparty,-1,1,2,3,2026-09-29,2026-10-06,all events except coverage rows
Remote,goodwaygroup,-1,0,1,1,2026-09-29,2026-10-06,all events except coverage rows
Remote,govdash,-1,0,1,1,2026-09-29,2026-10-06,all events except coverage rows
Remote,granum,-1,1,2,3,2026-09-29,2026-10-06,all events except coverage rows
Remote,gravie,1,4,3,7,2026-09-29,2026-10-06,all events except coverage rows
Remote,greatamerica,-1,0,1,1,2026-09-29,2026-10-06,all events except coverage rows
Remote,growe,-1,0,1,1,2026-09-29,2026-10-06,all events except coverage rows
Remote,growetalents,-1,0,1,1,2026-09-29,2026-10-06,all events except coverage rows
Remote,guardianlife,1,1,0,1,2026-09-29,2026-10-06,all events except coverage rows
Remote,guidepointsecurity,1,8,7,15,2026-09-29,2026-10-06,all events except coverage rows
Remote,habitathealth,1,1,0,1,2026-09-29,2026-10-06,all events except coverage rows
Remote,hammerspace,-1,0,1,1,2026-09-29,2026-10-06,all events except coverage rows
Remote,hankooktireamericacorp,-1,0,1,1,2026-09-29,2026-10-06,all events except coverage rows
Remote,hanwhaenergyusa,-1,0,1,1,2026-09-29,2026-10-06,all events except coverage rows
Remote,harborcompliance,1,4,3,7,2026-09-29,2026-10-06,all events except coverage rows
Remote,havocai,-1,0,1,1,2026-09-29,2026-10-06,all events except coverage rows
Remote,healthcatalyst,-1,0,1,1,2026-09-29,2026-10-06,all events except coverage rows
Remote,hearth-careers,-1,0,1,1,2026-09-29,2026-10-06,all events except coverage rows
Remote,hhs,1,1,0,1,2026-09-29,2026-10-06,all events except coverage rows
Remote,hiddenlayer,1,1,0,1,2026-09-29,2026-10-06,all events except coverage rows
Remote,higgsfieldai,-1,1,2,3,2026-09-29,2026-10-06,all events except coverage rows
Remote,hillpointe,-1,0,1,1,2026-09-29,2026-10-06,all events except coverage rows
Remote,hirehire,-1,0,1,1,2026-09-29,2026-10-06,all events except coverage rows
Remote,hometap,1,2,1,3,2026-09-29,2026-10-06,all events except coverage rows
Remote,homeward,-1,0,1,1,2026-09-29,2026-10-06,all events except coverage rows
Remote,honeydew,1,2,1,3,2026-09-29,2026-10-06,all events except coverage rows
Remote,hopae,1,1,0,1,2026-09-29,2026-10-06,all events except coverage rows
Remote,hopscotchprimarycare,-1,0,1,1,2026-09-29,2026-10-06,all events except coverage rows
Remote,humaninterest,1,5,4,9,2026-09-29,2026-10-06,all events except coverage rows
Remote,hummingbirdregtech,1,1,0,1,2026-09-29,2026-10-06,all events except coverage rows
Remote,iftother,-1,0,1,1,2026-09-29,2026-10-06,all events except coverage rows
Remote,illumina,1,1,0,1,2026-09-29,2026-10-06,all events except coverage rows
Remote,imaginepediatrics,1,2,1,3,2026-09-29,2026-10-06,all events except coverage rows
Remote,imubit,1,1,0,1,2026-09-29,2026-10-06,all events except coverage rows
Remote,indivisible-project-careers,-1,0,1,1,2026-09-29,2026-10-06,all events except coverage rows
Remote,injective,1,1,0,1,2026-09-29,2026-10-06,all events except coverage rows
Remote,inkind,-1,0,1,1,2026-09-29,2026-10-06,all events except coverage rows
Remote,inquired-careers,1,1,0,1,2026-09-29,2026-10-06,all events except coverage rows
Remote,insightassurance,1,1,0,1,2026-09-29,2026-10-06,all events except coverage rows
Remote,instridehealth,-1,0,1,1,2026-09-29,2026-10-06,all events except coverage rows
Remote,integer,-1,0,1,1,2026-09-29,2026-10-06,all events except coverage rows
Remote,internaljobsatlush,-1,0,1,1,2026-09-29,2026-10-06,all events except coverage rows
Remote,interrahealth,-1,0,1,1,2026-09-29,2026-10-06,all events except coverage rows
Remote,interwellhealth,-1,0,1,1,2026-09-29,2026-10-06,all events except coverage rows
Remote,invisibletech,1,1,0,1,2026-09-29,2026-10-06,all events except coverage rows
Remote,irhythmtech,-1,4,5,9,2026-09-29,2026-10-06,all events except coverage rows
Remote,ispottv,1,1,0,1,2026-09-29,2026-10-06,all events except coverage rows
Remote,issgovernance,-1,0,1,1,2026-09-29,2026-10-06,all events except coverage rows
Remote,itd,-1,0,1,1,2026-09-29,2026-10-06,all events except coverage rows
Remote,iterativehealth,1,1,0,1,2026-09-29,2026-10-06,all events except coverage rows
Remote,jennikayne,-1,0,1,1,2026-09-29,2026-10-06,all events except coverage rows
Remote,jj,-1,2,3,5,2026-09-29,2026-10-06,all events except coverage rows
Remote,jobs-at-tuesday-health,-1,0,1,1,2026-09-29,2026-10-06,all events except coverage rows
Remote,join-the-hipcamp-team,-1,0,1,1,2026-09-29,2026-10-06,all events except coverage rows
Remote,joinaffect,1,2,1,3,2026-09-29,2026-10-06,all events except coverage rows
Remote,joinbetter,1,1,0,1,2026-09-29,2026-10-06,all events except coverage rows
Remote,jumio,1,1,0,1,2026-09-29,2026-10-06,all events except coverage rows
Remote,kairos-project,1,1,0,1,2026-09-29,2026-10-06,all events except coverage rows
Remote,kalshi,1,1,0,1,2026-09-29,2026-10-06,all events except coverage rows
Remote,kardfinancialinc,-1,0,1,1,2026-09-29,2026-10-06,all events except coverage rows
Remote,kayzen,-1,0,1,1,2026-09-29,2026-10-06,all events except coverage rows
Remote,kenjyatrusantgroup,1,1,0,1,2026-09-29,2026-10-06,all events except coverage rows
Remote,keyfactorinc,1,2,1,3,2026-09-29,2026-10-06,all events except coverage rows
Remote,khealthcareers,1,1,0,1,2026-09-29,2026-10-06,all events except coverage rows
Remote,kin,1,4,3,7,2026-09-29,2026-10-06,all events except coverage rows
Remote,knownwell,1,2,1,3,2026-09-29,2026-10-06,all events except coverage rows
Remote,koalafi,1,1,0,1,2026-09-29,2026-10-06,all events except coverage rows
Remote,kodex,-1,0,1,1,2026-09-29,2026-10-06,all events except coverage rows
Remote,kodiaksolutions,-1,2,3,5,2026-09-29,2026-10-06,all events except coverage rows
Remote,kranz-consulting,1,1,0,1,2026-09-29,2026-10-06,all events except coverage rows
Remote,kunai,1,2,1,3,2026-09-29,2026-10-06,all events except coverage rows
Remote,labcorp,-1,1,2,3,2026-09-29,2026-10-06,all events except coverage rows
Remote,ladder33,1,2,1,3,2026-09-29,2026-10-06,all events except coverage rows
Remote,lambda,-1,0,1,1,2026-09-29,2026-10-06,all events except coverage rows
Remote,languageline,1,11,10,21,2026-09-29,2026-10-06,all events except coverage rows
Remote,leadbank,1,1,0,1,2026-09-29,2026-10-06,all events except coverage rows
Remote,learnlux,-1,0,1,1,2026-09-29,2026-10-06,all events except coverage rows
Remote,lexitas-open-positions,1,2,1,3,2026-09-29,2026-10-06,all events except coverage rows
Remote,lightforceorthodontics,1,1,0,1,2026-09-29,2026-10-06,all events except coverage rows
Remote,lilly,1,4,3,7,2026-09-29,2026-10-06,all events except coverage rows
Remote,limble,-1,0,1,1,2026-09-29,2026-10-06,all events except coverage rows
Remote,linxup,-1,0,1,1,2026-09-29,2026-10-06,all events except coverage rows
Remote,liquiddeath,-1,0,1,1,2026-09-29,2026-10-06,all events except coverage rows
Remote,lirio,1,1,0,1,2026-09-29,2026-10-06,all events except coverage rows
Remote,lisc,-1,0,1,1,2026-09-29,2026-10-06,all events except coverage rows
Remote,livefront,-1,0,1,1,2026-09-29,2026-10-06,all events except coverage rows
Remote,lucidlink,-1,0,1,1,2026-09-29,2026-10-06,all events except coverage rows
Remote,lumeris,-1,1,2,3,2026-09-29,2026-10-06,all events except coverage rows
Remote,m13,-1,0,1,1,2026-09-29,2026-10-06,all events except coverage rows
Remote,magicschool,1,1,0,1,2026-09-29,2026-10-06,all events except coverage rows
Remote,makeawishamerica,1,2,1,3,2026-09-29,2026-10-06,all events except coverage rows
Remote,manifest,1,1,0,1,2026-09-29,2026-10-06,all events except coverage rows
Remote,manscaped,-1,0,1,1,2026-09-29,2026-10-06,all events except coverage rows
Remote,mantrahealth,1,1,0,1,2026-09-29,2026-10-06,all events except coverage rows
Remote,maritz,-1,1,2,3,2026-09-29,2026-10-06,all events except coverage rows
Remote,mavenclinicproviders,-1,0,1,1,2026-09-29,2026-10-06,all events except coverage rows
Remote,mcghealth,-1,2,3,5,2026-09-29,2026-10-06,all events except coverage rows
Remote,mckesson,-1,0,1,1,2026-09-29,2026-10-06,all events except coverage rows
Remote,mdcalc,1,1,0,1,2026-09-29,2026-10-06,all events except coverage rows
Remote,mdintegrations,-1,0,1,1,2026-09-29,2026-10-06,all events except coverage rows
Remote,medeanalytics,-1,0,1,1,2026-09-29,2026-10-06,all events except coverage rows
Remote,medicalinformaticsengineering,1,1,0,1,2026-09-29,2026-10-06,all events except coverage rows
Remote,medispend,-1,0,1,1,2026-09-29,2026-10-06,all events except coverage rows
Remote,medline,-1,0,1,1,2026-09-29,2026-10-06,all events except coverage rows
Remote,medrio,1,1,0,1,2026-09-29,2026-10-06,all events except coverage rows
Remote,medscout,-1,0,1,1,2026-09-29,2026-10-06,all events except coverage rows
Remote,mercy,-1,6,7,13,2026-09-29,2026-10-06,all events except coverage rows
Remote,meredith,1,1,0,1,2026-09-29,2026-10-06,all events except coverage rows
Remote,meridianlink,-1,4,5,9,2026-09-29,2026-10-06,all events except coverage rows
Remote,mila-careers,-1,0,1,1,2026-09-29,2026-10-06,all events except coverage rows
Remote,minio,-1,1,2,3,2026-09-29,2026-10-06,all events except coverage rows
Remote,miramace,1,1,0,1,2026-09-29,2026-10-06,all events except coverage rows
Remote,miro,-1,0,1,1,2026-09-29,2026-10-06,all events except coverage rows
Remote,mission-underwriting-services,-1,1,2,3,2026-09-29,2026-10-06,all events except coverage rows
Remote,mitratech,1,2,1,3,2026-09-29,2026-10-06,all events except coverage rows
Remote,mochihealth,1,1,0,1,2026-09-29,2026-10-06,all events except coverage rows
Remote,montecarlodata,1,1,0,1,2026-09-29,2026-10-06,all events except coverage rows
Remote,morningconsult,1,1,0,1,2026-09-29,2026-10-06,all events except coverage rows
Remote,movementstrategy,-1,0,1,1,2026-09-29,2026-10-06,all events except coverage rows
Remote,moxie,-1,0,1,1,2026-09-29,2026-10-06,all events except coverage rows
Remote,mtb,1,5,4,9,2026-09-29,2026-10-06,all events except coverage rows
Remote,muckrack,1,1,0,1,2026-09-29,2026-10-06,all events except coverage rows
Remote,murj,-1,0,1,1,2026-09-29,2026-10-06,all events except coverage rows
Remote,mykaarma,-1,0,1,1,2026-09-29,2026-10-06,all events except coverage rows
Remote,mymoneymatters,1,1,0,1,2026-09-29,2026-10-06,all events except coverage rows
Remote,mymvw,1,1,0,1,2026-09-29,2026-10-06,all events except coverage rows
Remote,nadiacare,-1,0,1,1,2026-09-29,2026-10-06,all events except coverage rows
Remote,nametag,1,3,2,5,2026-09-29,2026-10-06,all events except coverage rows
Remote,nature,1,4,3,7,2026-09-29,2026-10-06,all events except coverage rows
Remote,neara,1,1,0,1,2026-09-29,2026-10-06,all events except coverage rows
Remote,nectar-social,1,1,0,1,2026-09-29,2026-10-06,all events except coverage rows
Remote,neighborly-software,1,1,0,1,2026-09-29,2026-10-06,all events except coverage rows
Remote,neo4j,-1,0,1,1,2026-09-29,2026-10-06,all events except coverage rows
Remote,netboxlabs,1,1,0,1,2026-09-29,2026-10-06,all events except coverage rows
Remote,netbrain,-1,0,1,1,2026-09-29,2026-10-06,all events except coverage rows
Remote,netdocuments,1,1,0,1,2026-09-29,2026-10-06,all events except coverage rows
Remote,netflix,1,2,1,3,2026-09-29,2026-10-06,all events except coverage rows
Remote,netrio,-1,0,1,1,2026-09-29,2026-10-06,all events except coverage rows
Remote,neuraflash,1,3,2,5,2026-09-29,2026-10-06,all events except coverage rows
Remote,newengeninc,-1,0,1,1,2026-09-29,2026-10-06,all events except coverage rows
Remote,neweratech,1,6,5,11,2026-09-29,2026-10-06,all events except coverage rows
Remote,newreacheducation,1,1,0,1,2026-09-29,2026-10-06,all events except coverage rows
Remote,nimbus,-1,0,1,1,2026-09-29,2026-10-06,all events except coverage rows
Remote,niramedical,-1,1,2,3,2026-09-29,2026-10-06,all events except coverage rows
Remote,noahmedical,1,1,0,1,2026-09-29,2026-10-06,all events except coverage rows
Remote,northbeam,1,1,0,1,2026-09-29,2026-10-06,all events except coverage rows
Remote,notabene,1,1,0,1,2026-09-29,2026-10-06,all events except coverage rows
Remote,notexternal,-1,0,1,1,2026-09-29,2026-10-06,all events except coverage rows
Remote,nttglobaldatacenters,-1,4,5,9,2026-09-29,2026-10-06,all events except coverage rows
Remote,nuclearn,-1,0,1,1,2026-09-29,2026-10-06,all events except coverage rows
Remote,nvidia,1,1,0,1,2026-09-29,2026-10-06,all events except coverage rows
Remote,o3-solutions,-1,0,1,1,2026-09-29,2026-10-06,all events except coverage rows
Remote,oasishealthpartners,-1,1,2,3,2026-09-29,2026-10-06,all events except coverage rows
Remote,obsidiansecurity,-1,0,1,1,2026-09-29,2026-10-06,all events except coverage rows
Remote,octane,1,1,0,1,2026-09-29,2026-10-06,all events except coverage rows
Remote,octus,1,1,0,1,2026-09-29,2026-10-06,all events except coverage rows
Remote,odeko,-1,0,1,1,2026-09-29,2026-10-06,all events except coverage rows
Remote,offshorelaunch,-1,0,1,1,2026-09-29,2026-10-06,all events except coverage rows
Remote,omniscient,1,1,0,1,2026-09-29,2026-10-06,all events except coverage rows
Remote,oneok,1,1,0,1,2026-09-29,2026-10-06,all events except coverage rows
Remote,onepath,1,2,1,3,2026-09-29,2026-10-06,all events except coverage rows
Remote,ontic,1,2,1,3,2026-09-29,2026-10-06,all events except coverage rows
Remote,opengov,1,1,0,1,2026-09-29,2026-10-06,all events except coverage rows
Remote,openloophealth,1,13,12,25,2026-09-29,2026-10-06,all events except coverage rows
Remote,openlooppartners,1,1,0,1,2026-09-29,2026-10-06,all events except coverage rows
Remote,openzeppelin,1,1,0,1,2026-09-29,2026-10-06,all events except coverage rows
Remote,operationscareers,-1,0,1,1,2026-09-29,2026-10-06,all events except coverage rows
Remote,opusclip,-1,0,1,1,2026-09-29,2026-10-06,all events except coverage rows
Remote,orthodonticpartners,-1,0,1,1,2026-09-29,2026-10-06,all events except coverage rows
Remote,oshihealth,-1,0,1,1,2026-09-29,2026-10-06,all events except coverage rows
Remote,ossur,-1,1,2,3,2026-09-29,2026-10-06,all events except coverage rows
Remote,outro-health,-1,0,1,1,2026-09-29,2026-10-06,all events except coverage rows
Remote,ovationhealthcare,-1,1,2,3,2026-09-29,2026-10-06,all events except coverage rows
Remote,owensminor,-1,0,1,1,2026-09-29,2026-10-06,all events except coverage rows
Remote,pacaso,1,1,0,1,2026-09-29,2026-10-06,all events except coverage rows
Remote,pae,-1,6,7,13,2026-09-29,2026-10-06,all events except coverage rows
Remote,pairteam,-1,0,1,1,2026-09-29,2026-10-06,all events except coverage rows
Remote,pano-ai,-1,0,1,1,2026-09-29,2026-10-06,all events except coverage rows
Remote,parity,1,1,0,1,2026-09-29,2026-10-06,all events except coverage rows
Remote,parsecautomationcorp,-1,0,1,1,2026-09-29,2026-10-06,all events except coverage rows
Remote,pathrobotics,-1,0,1,1,2026-09-29,2026-10-06,all events except coverage rows
Remote,pathstream,1,2,1,3,2026-09-29,2026-10-06,all events except coverage rows
Remote,patientnow,-1,0,1,1,2026-09-29,2026-10-06,all events except coverage rows
Remote,patientpoint,-1,0,1,1,2026-09-29,2026-10-06,all events except coverage rows
Remote,payabli,1,1,0,1,2026-09-29,2026-10-06,all events except coverage rows
Remote,paynearmeinc,1,2,1,3,2026-09-29,2026-10-06,all events except coverage rows
Remote,payscale,1,2,1,3,2026-09-29,2026-10-06,all events except coverage rows
Remote,paystand,-1,0,1,1,2026-09-29,2026-10-06,all events except coverage rows
Remote,pendulum-intelligence-jobs,-1,0,1,1,2026-09-29,2026-10-06,all events except coverage rows
Remote,penninteractive,-1,0,1,1,2026-09-29,2026-10-06,all events except coverage rows
Remote,perchwell,-1,0,1,1,2026-09-29,2026-10-06,all events except coverage rows
Remote,perfectserve,1,2,1,3,2026-09-29,2026-10-06,all events except coverage rows
Remote,personalisinc,1,1,0,1,2026-09-29,2026-10-06,all events except coverage rows
Remote,phantom,-1,0,1,1,2026-09-29,2026-10-06,all events except coverage rows
Remote,phil,-1,1,2,3,2026-09-29,2026-10-06,all events except coverage rows
Remote,pika,1,1,0,1,2026-09-29,2026-10-06,all events except coverage rows
Remote,pivotal-health,1,1,0,1,2026-09-29,2026-10-06,all events except coverage rows
Remote,planhub-inc,1,1,0,1,2026-09-29,2026-10-06,all events except coverage rows
Remote,playq,1,1,0,1,2026-09-29,2026-10-06,all events except coverage rows
Remote,pliant,-1,1,2,3,2026-09-29,2026-10-06,all events except coverage rows
Remote,plootocareers,-1,0,1,1,2026-09-29,2026-10-06,all events except coverage rows
Remote,plos,-1,0,1,1,2026-09-29,2026-10-06,all events except coverage rows
Remote,pluspower,-1,0,1,1,2026-09-29,2026-10-06,all events except coverage rows
Remote,pmpediatrics,-1,0,1,1,2026-09-29,2026-10-06,all events except coverage rows
Remote,polly,-1,0,1,1,2026-09-29,2026-10-06,all events except coverage rows
Remote,poolside,-1,0,1,1,2026-09-29,2026-10-06,all events except coverage rows
Remote,posthog,1,1,0,1,2026-09-29,2026-10-06,all events except coverage rows
Remote,postpartumsupportinternational,1,2,1,3,2026-09-29,2026-10-06,all events except coverage rows
Remote,precisionaq,1,5,4,9,2026-09-29,2026-10-06,all events except coverage rows
Remote,prim,1,3,2,5,2026-09-29,2026-10-06,all events except coverage rows
Remote,procurementsciences,1,1,0,1,2026-09-29,2026-10-06,all events except coverage rows
Remote,prompt,1,2,1,3,2026-09-29,2026-10-06,all events except coverage rows
Remote,provable,-1,0,1,1,2026-09-29,2026-10-06,all events except coverage rows
Remote,prove,1,1,0,1,2026-09-29,2026-10-06,all events except coverage rows
Remote,prysmiangroup,-1,0,1,1,2026-09-29,2026-10-06,all events except coverage rows
Remote,ptc,-1,1,2,3,2026-09-29,2026-10-06,all events except coverage rows
Remote,pushpay,1,1,0,1,2026-09-29,2026-10-06,all events except coverage rows
Remote,qualifacts,1,1,0,1,2026-09-29,2026-10-06,all events except coverage rows
Remote,qualified-health-pbc,-1,0,1,1,2026-09-29,2026-10-06,all events except coverage rows
Remote,quantinuum,1,1,0,1,2026-09-29,2026-10-06,all events except coverage rows
Remote,quavo-inc,1,1,0,1,2026-09-29,2026-10-06,all events except coverage rows
Remote,rackner,1,1,0,1,2026-09-29,2026-10-06,all events except coverage rows
Remote,radiclehealth,-1,1,2,3,2026-09-29,2026-10-06,all events except coverage rows
Remote,railsware,-1,1,2,3,2026-09-29,2026-10-06,all events except coverage rows
Remote,rancho-biosciences,-1,0,1,1,2026-09-29,2026-10-06,all events except coverage rows
Remote,rapidfortinc,1,1,0,1,2026-09-29,2026-10-06,all events except coverage rows
Remote,rapidsos,-1,0,1,1,2026-09-29,2026-10-06,all events except coverage rows
Remote,rarecandy,1,1,0,1,2026-09-29,2026-10-06,all events except coverage rows
Remote,rcxsports,-1,0,1,1,2026-09-29,2026-10-06,all events except coverage rows
Remote,realitydefender,1,1,0,1,2026-09-29,2026-10-06,all events except coverage rows
Remote,reallygreatreading,1,2,1,3,2026-09-29,2026-10-06,all events except coverage rows
Remote,recidiviz,1,1,0,1,2026-09-29,2026-10-06,all events except coverage rows
Remote,recraft,1,2,1,3,2026-09-29,2026-10-06,all events except coverage rows
Remote,red6,1,1,0,1,2026-09-29,2026-10-06,all events except coverage rows
Remote,redcellpartners,-1,1,2,3,2026-09-29,2026-10-06,all events except coverage rows
Remote,redrobin,1,1,0,1,2026-09-29,2026-10-06,all events except coverage rows
Remote,redwoodsoftware,1,2,1,3,2026-09-29,2026-10-06,all events except coverage rows
Remote,reserv,-1,1,2,3,2026-09-29,2026-10-06,all events except coverage rows
Remote,restaurantsupply,1,1,0,1,2026-09-29,2026-10-06,all events except coverage rows
Remote,revolution-prep-careers,1,1,0,1,2026-09-29,2026-10-06,all events except coverage rows
Remote,ringcentral,1,1,0,1,2026-09-29,2026-10-06,all events except coverage rows
Remote,rise8,1,1,0,1,2026-09-29,2026-10-06,all events except coverage rows
Remote,rithum,-1,0,1,1,2026-09-29,2026-10-06,all events except coverage rows
Remote,rithumliboard,-1,0,1,1,2026-09-29,2026-10-06,all events except coverage rows
Remote,river,1,1,0,1,2026-09-29,2026-10-06,all events except coverage rows
Remote,robotsandpencils,1,5,4,9,2026-09-29,2026-10-06,all events except coverage rows
Remote,rockbot,1,1,0,1,2026-09-29,2026-10-06,all events except coverage rows
Remote,rocket,-1,0,1,1,2026-09-29,2026-10-06,all events except coverage rows
Remote,ruelala,1,1,0,1,2026-09-29,2026-10-06,all events except coverage rows
Remote,rula,-1,6,7,13,2026-09-29,2026-10-06,all events except coverage rows
Remote,runpod,1,2,1,3,2026-09-29,2026-10-06,all events except coverage rows
Remote,runway-ml,-1,4,5,9,2026-09-29,2026-10-06,all events except coverage rows
Remote,sapient-bioanalytics,-1,0,1,1,2026-09-29,2026-10-06,all events except coverage rows
Remote,sayari,1,3,2,5,2026-09-29,2026-10-06,all events except coverage rows
Remote,sbigrowth,1,1,0,1,2026-09-29,2026-10-06,all events except coverage rows
Remote,scentbird,1,1,0,1,2026-09-29,2026-10-06,all events except coverage rows
Remote,scorpionenterprisesllc,-1,1,2,3,2026-09-29,2026-10-06,all events except coverage rows
Remote,scotch,1,1,0,1,2026-09-29,2026-10-06,all events except coverage rows
Remote,sdl,1,1,0,1,2026-09-29,2026-10-06,all events except coverage rows
Remote,seamless,-1,0,1,1,2026-09-29,2026-10-06,all events except coverage rows
Remote,senecaholdings,1,2,1,3,2026-09-29,2026-10-06,all events except coverage rows
Remote,sesolabor,-1,0,1,1,2026-09-29,2026-10-06,all events except coverage rows
Remote,seven-starling-careers,-1,0,1,1,2026-09-29,2026-10-06,all events except coverage rows
Remote,sharebite,-1,0,1,1,2026-09-29,2026-10-06,all events except coverage rows
Remote,sharecare,1,3,2,5,2026-09-29,2026-10-06,all events except coverage rows
Remote,sheerid,-1,0,1,1,2026-09-29,2026-10-06,all events except coverage rows
Remote,shipbobinc,-1,1,2,3,2026-09-29,2026-10-06,all events except coverage rows
Remote,shipmonk,-1,0,1,1,2026-09-29,2026-10-06,all events except coverage rows
Remote,shopmy,1,1,0,1,2026-09-29,2026-10-06,all events except coverage rows
Remote,siboneinc,1,1,0,1,2026-09-29,2026-10-06,all events except coverage rows
Remote,sidecarhealth,-1,0,1,1,2026-09-29,2026-10-06,all events except coverage rows
Remote,sift,1,1,0,1,2026-09-29,2026-10-06,all events except coverage rows
Remote,singular,1,1,0,1,2026-09-29,2026-10-06,all events except coverage rows
Remote,sironamedical,-1,0,1,1,2026-09-29,2026-10-06,all events except coverage rows
Remote,sistemaaccount,1,1,0,1,2026-09-29,2026-10-06,all events except coverage rows
Remote,skylo,-1,1,2,3,2026-09-29,2026-10-06,all events except coverage rows
Remote,sleeper,-1,0,1,1,2026-09-29,2026-10-06,all events except coverage rows
Remote,smaamerica,1,1,0,1,2026-09-29,2026-10-06,all events except coverage rows
Remote,small-door-veterinary,1,1,0,1,2026-09-29,2026-10-06,all events except coverage rows
Remote,smartasset,-1,0,1,1,2026-09-29,2026-10-06,all events except coverage rows
Remote,smarterdx,-1,0,1,1,2026-09-29,2026-10-06,all events except coverage rows
Remote,snocks,-1,0,1,1,2026-09-29,2026-10-06,all events except coverage rows
Remote,sollishealth,-1,0,1,1,2026-09-29,2026-10-06,all events except coverage rows
Remote,solutions,-1,0,1,1,2026-09-29,2026-10-06,all events except coverage rows
Remote,somnia,-1,0,1,1,2026-09-29,2026-10-06,all events except coverage rows
Remote,sonicwall,1,1,0,1,2026-09-29,2026-10-06,all events except coverage rows
Remote,soundagriculture,-1,0,1,1,2026-09-29,2026-10-06,all events except coverage rows
Remote,span,1,1,0,1,2026-09-29,2026-10-06,all events except coverage rows
Remote,sparkadvisors,1,1,0,1,2026-09-29,2026-10-06,all events except coverage rows
Remote,sparq,1,1,0,1,2026-09-29,2026-10-06,all events except coverage rows
Remote,spear-ai,-1,3,4,7,2026-09-29,2026-10-06,all events except coverage rows
Remote,specterops,-1,1,2,3,2026-09-29,2026-10-06,all events except coverage rows
Remote,sphera,-1,1,2,3,2026-09-29,2026-10-06,all events except coverage rows
Remote,spinnakersupport,-1,0,1,1,2026-09-29,2026-10-06,all events except coverage rows
Remote,springhealth66,-1,3,4,7,2026-09-29,2026-10-06,all events except coverage rows
Remote,springworkstx,-1,0,1,1,2026-09-29,2026-10-06,all events except coverage rows
Remote,spycloud,1,1,0,1,2026-09-29,2026-10-06,all events except coverage rows
Remote,stackcommerce,1,1,0,1,2026-09-29,2026-10-06,all events except coverage rows
Remote,standard,1,1,0,1,2026-09-29,2026-10-06,all events except coverage rows
Remote,startale,1,1,0,1,2026-09-29,2026-10-06,all events except coverage rows
Remote,startree,-1,0,1,1,2026-09-29,2026-10-06,all events except coverage rows
Remote,stayntouch,1,1,0,1,2026-09-29,2026-10-06,all events except coverage rows
Remote,stellar-health,-1,0,1,1,2026-09-29,2026-10-06,all events except coverage rows
Remote,sterlingtonpllc,-1,0,1,1,2026-09-29,2026-10-06,all events except coverage rows
Remote,stirlingpdf,-1,0,1,1,2026-09-29,2026-10-06,all events except coverage rows
Remote,stockx,-1,0,1,1,2026-09-29,2026-10-06,all events except coverage rows
Remote,stokespacetechnologies,1,1,0,1,2026-09-29,2026-10-06,all events except coverage rows
Remote,strayer,-1,2,3,5,2026-09-29,2026-10-06,all events except coverage rows
Remote,striiminc,-1,0,1,1,2026-09-29,2026-10-06,all events except coverage rows
Remote,strivepharmacy,1,4,3,7,2026-09-29,2026-10-06,all events except coverage rows
Remote,strongpointpartners,1,2,1,3,2026-09-29,2026-10-06,all events except coverage rows
Remote,survata,-1,0,1,1,2026-09-29,2026-10-06,all events except coverage rows
Remote,sustainabletalent,1,1,0,1,2026-09-29,2026-10-06,all events except coverage rows
Remote,swbc,1,1,0,1,2026-09-29,2026-10-06,all events except coverage rows
Remote,syneoshealth,-1,0,1,1,2026-09-29,2026-10-06,all events except coverage rows
Remote,tandemdiabetes,1,2,1,3,2026-09-29,2026-10-06,all events except coverage rows
Remote,taskus,-1,3,4,7,2026-09-29,2026-10-06,all events except coverage rows
Remote,tavahealth,1,1,0,1,2026-09-29,2026-10-06,all events except coverage rows
Remote,teamapellis,-1,0,1,1,2026-09-29,2026-10-06,all events except coverage rows
Remote,tecvia,-1,0,1,1,2026-09-29,2026-10-06,all events except coverage rows
Remote,tenex,-1,0,1,1,2026-09-29,2026-10-06,all events except coverage rows
Remote,terex,-1,0,1,1,2026-09-29,2026-10-06,all events except coverage rows
Remote,the-suite,1,1,0,1,2026-09-29,2026-10-06,all events except coverage rows
Remote,thriveglobal,1,1,0,1,2026-09-29,2026-10-06,all events except coverage rows
Remote,timely,1,1,0,1,2026-09-29,2026-10-06,all events except coverage rows
Remote,tonal,1,1,0,1,2026-09-29,2026-10-06,all events except coverage rows
Remote,topdoglaw,-1,1,2,3,2026-09-29,2026-10-06,all events except coverage rows
Remote,torcrobotics,1,1,0,1,2026-09-29,2026-10-06,all events except coverage rows
Remote,tort-experts,-1,0,1,1,2026-09-29,2026-10-06,all events except coverage rows
Remote,tpreducationllc,-1,1,2,3,2026-09-29,2026-10-06,all events except coverage rows
Remote,transunion,-1,0,1,1,2026-09-29,2026-10-06,all events except coverage rows
Remote,trust-wallet,1,3,2,5,2026-09-29,2026-10-06,all events except coverage rows
Remote,tulip,1,1,0,1,2026-09-29,2026-10-06,all events except coverage rows
Remote,turing,-1,0,1,1,2026-09-29,2026-10-06,all events except coverage rows
Remote,turnkeycareers,-1,1,2,3,2026-09-29,2026-10-06,all events except coverage rows
Remote,turquoise-health,-1,2,3,5,2026-09-29,2026-10-06,all events except coverage rows
Remote,twelve-labs,1,2,1,3,2026-09-29,2026-10-06,all events except coverage rows
Remote,typeface,1,1,0,1,2026-09-29,2026-10-06,all events except coverage rows
Remote,typeform,-1,0,1,1,2026-09-29,2026-10-06,all events except coverage rows
Remote,uasi,-1,2,3,5,2026-09-29,2026-10-06,all events except coverage rows
Remote,ucar,1,1,0,1,2026-09-29,2026-10-06,all events except coverage rows
Remote,ultimagenomics,-1,0,1,1,2026-09-29,2026-10-06,all events except coverage rows
Remote,unisys,1,2,1,3,2026-09-29,2026-10-06,all events except coverage rows
Remote,univention,1,1,0,1,2026-09-29,2026-10-06,all events except coverage rows
Remote,unlimitedtechnology,1,1,0,1,2026-09-29,2026-10-06,all events except coverage rows
Remote,unybrands,1,1,0,1,2026-09-29,2026-10-06,all events except coverage rows
Remote,uplinq,1,1,0,1,2026-09-29,2026-10-06,all events except coverage rows
Remote,upstack,1,1,0,1,2026-09-29,2026-10-06,all events except coverage rows
Remote,valon,1,1,0,1,2026-09-29,2026-10-06,all events except coverage rows
Remote,vannevarlabs,1,1,0,1,2026-09-29,2026-10-06,all events except coverage rows
Remote,velir,-1,1,2,3,2026-09-29,2026-10-06,all events except coverage rows
Remote,venncareers,-1,0,1,1,2026-09-29,2026-10-06,all events except coverage rows
Remote,ventas,1,1,0,1,2026-09-29,2026-10-06,all events except coverage rows
Remote,veracityinsurance-careers,-1,0,1,1,2026-09-29,2026-10-06,all events except coverage rows
Remote,veralto,-1,0,1,1,2026-09-29,2026-10-06,all events except coverage rows
Remote,veratherapeuticsinc,1,1,0,1,2026-09-29,2026-10-06,all events except coverage rows
Remote,verve,-1,0,1,1,2026-09-29,2026-10-06,all events except coverage rows
Remote,virtahealth,1,5,4,9,2026-09-29,2026-10-06,all events except coverage rows
Remote,visio-lending-careers,-1,0,1,1,2026-09-29,2026-10-06,all events except coverage rows
Remote,viu-ventures,-1,0,1,1,2026-09-29,2026-10-06,all events except coverage rows
Remote,vivid,1,2,1,3,2026-09-29,2026-10-06,all events except coverage rows
Remote,volterapower,-1,0,1,1,2026-09-29,2026-10-06,all events except coverage rows
Remote,vulcanforms,1,1,0,1,2026-09-29,2026-10-06,all events except coverage rows
Remote,wattswater,1,1,0,1,2026-09-29,2026-10-06,all events except coverage rows
Remote,weave,1,1,0,1,2026-09-29,2026-10-06,all events except coverage rows
Remote,wedgewoodpharmacy,-1,0,1,1,2026-09-29,2026-10-06,all events except coverage rows
Remote,wellsky,1,2,1,3,2026-09-29,2026-10-06,all events except coverage rows
Remote,wheel,1,1,0,1,2026-09-29,2026-10-06,all events except coverage rows
Remote,willowinnovations,-1,0,1,1,2026-09-29,2026-10-06,all events except coverage rows
Remote,within-health-provider-services,-1,0,1,1,2026-09-29,2026-10-06,all events except coverage rows
Remote,witnessai,1,1,0,1,2026-09-29,2026-10-06,all events except coverage rows
Remote,workithealth,1,2,1,3,2026-09-29,2026-10-06,all events except coverage rows
Remote,workstreet,-1,0,1,1,2026-09-29,2026-10-06,all events except coverage rows
Remote,wormholelabs,1,1,0,1,2026-09-29,2026-10-06,all events except coverage rows
Remote,wrike,-1,0,1,1,2026-09-29,2026-10-06,all events except coverage rows
Remote,yembo,1,1,0,1,2026-09-29,2026-10-06,all events except coverage rows
Remote,young-americans-for-liberty,1,1,0,1,2026-09-29,2026-10-06,all events except coverage rows
Remote,yugabyte,-1,0,1,1,2026-09-29,2026-10-06,all events except coverage rows
Remote,yurtsai,-1,0,1,1,2026-09-29,2026-10-06,all events except coverage rows
Remote,zeely,1,3,2,5,2026-09-29,2026-10-06,all events except coverage rows
Remote,zenbusiness,-1,1,2,3,2026-09-29,2026-10-06,all events except coverage rows
Remote,zerotothree,1,1,0,1,2026-09-29,2026-10-06,all events except coverage rows
Remote,zoom,-1,12,13,25,2026-09-29,2026-10-06,all events except coverage rows
Remote,1komma5grad,0,2,2,4,2026-09-29,2026-10-06,all events except coverage rows
Remote,AZUL,0,1,1,2,2026-09-29,2026-10-06,all events except coverage rows
Remote,Analytic Services Inc,0,1,1,2,2026-09-29,2026-10-06,all events except coverage rows
Remote,Apex Companies,0,3,3,6,2026-09-29,2026-10-06,all events except coverage rows
Remote,Archer,0,1,1,2,2026-09-29,2026-10-06,all events except coverage rows
Remote,Array,0,1,1,2,2026-09-29,2026-10-06,all events except coverage rows
Remote,Calendly,0,1,1,2,2026-09-29,2026-10-06,all events except coverage rows
Remote,Charlie Health,0,1,1,2,2026-09-29,2026-10-06,all events except coverage rows
Remote,Checkr,0,1,1,2,2026-09-29,2026-10-06,all events except coverage rows
Remote,Cogent Biosciences,0,1,1,2,2026-09-29,2026-10-06,all events except coverage rows
Remote,Definium Therapeutics,0,3,3,6,2026-09-29,2026-10-06,all events except coverage rows
Remote,DoorDash USA,0,6,6,12,2026-09-29,2026-10-06,all events except coverage rows
Remote,Extend,0,2,2,4,2026-09-29,2026-10-06,all events except coverage rows
Remote,FiscalNote,0,1,1,2,2026-09-29,2026-10-06,all events except coverage rows
Remote,Glean,0,1,1,2,2026-09-29,2026-10-06,all events except coverage rows
Remote,Grove Collaborative,0,1,1,2,2026-09-29,2026-10-06,all events except coverage rows
Remote,Headlands Research,0,1,1,2,2026-09-29,2026-10-06,all events except coverage rows
Remote,Hinge Health,0,2,2,4,2026-09-29,2026-10-06,all events except coverage rows
Remote,Industrial Electric Manufacturing,0,1,1,2,2026-09-29,2026-10-06,all events except coverage rows
Remote,JFrog,0,2,2,4,2026-09-29,2026-10-06,all events except coverage rows
Remote,KnowBe4,0,2,2,4,2026-09-29,2026-10-06,all events except coverage rows
Remote,Kura Oncology,0,1,1,2,2026-09-29,2026-10-06,all events except coverage rows
Remote,Legion,0,1,1,2,2026-09-29,2026-10-06,all events except coverage rows
Remote,Life360,0,1,1,2,2026-09-29,2026-10-06,all events except coverage rows
Remote,Liftoff,0,1,1,2,2026-09-29,2026-10-06,all events except coverage rows
Remote,NMI,0,1,1,2,2026-09-29,2026-10-06,all events except coverage rows
Remote,Nebius,0,2,2,4,2026-09-29,2026-10-06,all events except coverage rows
Remote,Neko Health,0,1,1,2,2026-09-29,2026-10-06,all events except coverage rows
Remote,Omada Health,0,1,1,2,2026-09-29,2026-10-06,all events except coverage rows
Remote,Omnidian,0,1,1,2,2026-09-29,2026-10-06,all events except coverage rows
Remote,OpenAI,0,3,3,6,2026-09-29,2026-10-06,all events except coverage rows
Remote,OpenTable,0,1,1,2,2026-09-29,2026-10-06,all events except coverage rows
Remote,"Pantheon Systems, Inc",0,1,1,2,2026-09-29,2026-10-06,all events except coverage rows
Remote,Praxis,0,5,5,10,2026-09-29,2026-10-06,all events except coverage rows
Remote,Prefect,0,2,2,4,2026-09-29,2026-10-06,all events except coverage rows
Remote,Reddit,0,10,10,20,2026-09-29,2026-10-06,all events except coverage rows
Remote,STR,0,1,1,2,2026-09-29,2026-10-06,all events except coverage rows
Remote,TERRA,0,1,1,2,2026-09-29,2026-10-06,all events except coverage rows
Remote,Twist Bioscience,0,2,2,4,2026-09-29,2026-10-06,all events except coverage rows
Remote,Unlearn,0,1,1,2,2026-09-29,2026-10-06,all events except coverage rows
Remote,Upstart,0,7,7,14,2026-09-29,2026-10-06,all events except coverage rows
Remote,WelbeHealth,0,1,1,2,2026-09-29,2026-10-06,all events except coverage rows
Remote,ZoomInfo Technologies LLC,0,2,2,4,2026-09-29,2026-10-06,all events except coverage rows
Remote,abacum,0,1,1,2,2026-09-29,2026-10-06,all events except coverage rows
Remote,accelintjobboardtest,0,1,1,2,2026-09-29,2026-10-06,all events except coverage rows
Remote,aevexaerospace,0,1,1,2,2026-09-29,2026-10-06,all events except coverage rows
Remote,ag1,0,1,1,2,2026-09-29,2026-10-06,all events except coverage rows
Remote,alpaca,0,3,3,6,2026-09-29,2026-10-06,all events except coverage rows
Remote,anteriad,0,1,1,2,2026-09-29,2026-10-06,all events except coverage rows
Remote,atomic-financial,0,2,2,4,2026-09-29,2026-10-06,all events except coverage rows
Remote,automox,0,2,2,4,2026-09-29,2026-10-06,all events except coverage rows
Remote,ava-labs,0,1,1,2,2026-09-29,2026-10-06,all events except coverage rows
Remote,axios,0,1,1,2,2026-09-29,2026-10-06,all events except coverage rows
Remote,belron,0,1,1,2,2026-09-29,2026-10-06,all events except coverage rows
Remote,beyondfinance,0,1,1,2,2026-09-29,2026-10-06,all events except coverage rows
Remote,blinkhealth,0,1,1,2,2026-09-29,2026-10-06,all events except coverage rows
Remote,bloomerang,0,3,3,6,2026-09-29,2026-10-06,all events except coverage rows
Remote,buendnis-90die-gruenen,0,1,1,2,2026-09-29,2026-10-06,all events except coverage rows
Remote,builder-prime,0,1,1,2,2026-09-29,2026-10-06,all events except coverage rows
Remote,butterflymx,0,1,1,2,2026-09-29,2026-10-06,all events except coverage rows
Remote,cafortune,0,1,1,2,2026-09-29,2026-10-06,all events except coverage rows
Remote,calix,0,1,1,2,2026-09-29,2026-10-06,all events except coverage rows
Remote,camunda,0,3,3,6,2026-09-29,2026-10-06,all events except coverage rows
Remote,censys,0,1,1,2,2026-09-29,2026-10-06,all events except coverage rows
Remote,centreforeffectivealtruism,0,1,1,2,2026-09-29,2026-10-06,all events except coverage rows
Remote,chainalysis-careers,0,1,1,2,2026-09-29,2026-10-06,all events except coverage rows
Remote,check-technologies,0,2,2,4,2026-09-29,2026-10-06,all events except coverage rows
Remote,clarioclinical,0,2,2,4,2026-09-29,2026-10-06,all events except coverage rows
Remote,clarity-clinic,0,2,2,4,2026-09-29,2026-10-06,all events except coverage rows
Remote,claritypediatrics,0,2,2,4,2026-09-29,2026-10-06,all events except coverage rows
Remote,clarius,0,1,1,2,2026-09-29,2026-10-06,all events except coverage rows
Remote,classdojo,0,1,1,2,2026-09-29,2026-10-06,all events except coverage rows
Remote,code-metal,0,1,1,2,2026-09-29,2026-10-06,all events except coverage rows
Remote,commandlink,0,1,1,2,2026-09-29,2026-10-06,all events except coverage rows
Remote,corrohealth,0,16,16,32,2026-09-29,2026-10-06,all events except coverage rows
Remote,coterie-careers,0,1,1,2,2026-09-29,2026-10-06,all events except coverage rows
Remote,cox,0,2,2,4,2026-09-29,2026-10-06,all events except coverage rows
Remote,cpsi,0,5,5,10,2026-09-29,2026-10-06,all events except coverage rows
Remote,d-wave-quantum,0,1,1,2,2026-09-29,2026-10-06,all events except coverage rows
Remote,darwin-homes,0,1,1,2,2026-09-29,2026-10-06,all events except coverage rows
Remote,dianthustherapeutics,0,1,1,2,2026-09-29,2026-10-06,all events except coverage rows
Remote,doma,0,1,1,2,2026-09-29,2026-10-06,all events except coverage rows
Remote,eleanor-health-careers,0,2,2,4,2026-09-29,2026-10-06,all events except coverage rows
Remote,enumerate,0,1,1,2,2026-09-29,2026-10-06,all events except coverage rows
Remote,evercommerce,0,7,7,14,2026-09-29,2026-10-06,all events except coverage rows
Remote,evergreennephrology,0,3,3,6,2026-09-29,2026-10-06,all events except coverage rows
Remote,evolvevacationrental,0,2,2,4,2026-09-29,2026-10-06,all events except coverage rows
Remote,expressable,0,1,1,2,2026-09-29,2026-10-06,all events except coverage rows
Remote,extrahopnetworks,0,1,1,2,2026-09-29,2026-10-06,all events except coverage rows
Remote,ferguson,0,7,7,14,2026-09-29,2026-10-06,all events except coverage rows
Remote,geaerospace,0,2,2,4,2026-09-29,2026-10-06,all events except coverage rows
Remote,goto,0,1,1,2,2026-09-29,2026-10-06,all events except coverage rows
Remote,gr8tech,0,2,2,4,2026-09-29,2026-10-06,all events except coverage rows
Remote,greathearts,0,1,1,2,2026-09-29,2026-10-06,all events except coverage rows
Remote,gruve,0,2,2,4,2026-09-29,2026-10-06,all events except coverage rows
Remote,guidelighthealth,0,1,1,2,2026-09-29,2026-10-06,all events except coverage rows
Remote,hagerty,0,1,1,2,2026-09-29,2026-10-06,all events except coverage rows
Remote,harborglobal,0,1,1,2,2026-09-29,2026-10-06,all events except coverage rows
Remote,helloheart,0,2,2,4,2026-09-29,2026-10-06,all events except coverage rows
Remote,hginsights,0,1,1,2,2026-09-29,2026-10-06,all events except coverage rows
Remote,huntridge-labs-careers,0,1,1,2,2026-09-29,2026-10-06,all events except coverage rows
Remote,iambic-therapeutics,0,1,1,2,2026-09-29,2026-10-06,all events except coverage rows
Remote,inmarket,0,1,1,2,2026-09-29,2026-10-06,all events except coverage rows
Remote,insomniac,0,1,1,2,2026-09-29,2026-10-06,all events except coverage rows
Remote,interplaylearning,0,1,1,2,2026-09-29,2026-10-06,all events except coverage rows
Remote,intus,0,2,2,4,2026-09-29,2026-10-06,all events except coverage rows
Remote,jabil,0,9,9,18,2026-09-29,2026-10-06,all events except coverage rows
Remote,jerry.ai,0,1,1,2,2026-09-29,2026-10-06,all events except coverage rows
Remote,jobleads,0,1,1,2,2026-09-29,2026-10-06,all events except coverage rows
Remote,karoo-health,0,1,1,2,2026-09-29,2026-10-06,all events except coverage rows
Remote,keybank,0,4,4,8,2026-09-29,2026-10-06,all events except coverage rows
Remote,kindred,0,1,1,2,2026-09-29,2026-10-06,all events except coverage rows
Remote,leolabsinc,0,1,1,2,2026-09-29,2026-10-06,all events except coverage rows
Remote,li-thermal-works,0,1,1,2,2026-09-29,2026-10-06,all events except coverage rows
Remote,lilac-solutions,0,1,1,2,2026-09-29,2026-10-06,all events except coverage rows
Remote,marathonhealth,0,2,2,4,2026-09-29,2026-10-06,all events except coverage rows
Remote,maxar,0,3,3,6,2026-09-29,2026-10-06,all events except coverage rows
Remote,maymobility,0,1,1,2,2026-09-29,2026-10-06,all events except coverage rows
Remote,melio,0,1,1,2,2026-09-29,2026-10-06,all events except coverage rows
Remote,metalab,0,1,1,2,2026-09-29,2026-10-06,all events except coverage rows
Remote,metergrid,0,1,1,2,2026-09-29,2026-10-06,all events except coverage rows
Remote,mightynetworks,0,1,1,2,2026-09-29,2026-10-06,all events except coverage rows
Remote,modaxo,0,1,1,2,2026-09-29,2026-10-06,all events except coverage rows
Remote,modernhealth,0,1,1,2,2026-09-29,2026-10-06,all events except coverage rows
Remote,monarchmoney,0,2,2,4,2026-09-29,2026-10-06,all events except coverage rows
Remote,nerostechnologies,0,1,1,2,2026-09-29,2026-10-06,all events except coverage rows
Remote,nest-health,0,1,1,2,2026-09-29,2026-10-06,all events except coverage rows
Remote,netatwork,0,2,2,4,2026-09-29,2026-10-06,all events except coverage rows
Remote,neuehealth,0,2,2,4,2026-09-29,2026-10-06,all events except coverage rows
Remote,newsela,0,3,3,6,2026-09-29,2026-10-06,all events except coverage rows
Remote,nexcess,0,1,1,2,2026-09-29,2026-10-06,all events except coverage rows
Remote,notable,0,1,1,2,2026-09-29,2026-10-06,all events except coverage rows
Remote,numa,0,1,1,2,2026-09-29,2026-10-06,all events except coverage rows
Remote,nutrafol,0,2,2,4,2026-09-29,2026-10-06,all events except coverage rows
Remote,oddball,0,1,1,2,2026-09-29,2026-10-06,all events except coverage rows
Remote,olipop,0,2,2,4,2026-09-29,2026-10-06,all events except coverage rows
Remote,onchain,0,1,1,2,2026-09-29,2026-10-06,all events except coverage rows
Remote,onebrief,0,2,2,4,2026-09-29,2026-10-06,all events except coverage rows
Remote,openrouter,0,5,5,10,2026-09-29,2026-10-06,all events except coverage rows
Remote,oriongroup,0,1,1,2,2026-09-29,2026-10-06,all events except coverage rows
Remote,orthofi-open-roles,0,1,1,2,2026-09-29,2026-10-06,all events except coverage rows
Remote,outsystems,0,2,2,4,2026-09-29,2026-10-06,all events except coverage rows
Remote,overjet,0,1,1,2,2026-09-29,2026-10-06,all events except coverage rows
Remote,pacvue,0,2,2,4,2026-09-29,2026-10-06,all events except coverage rows
Remote,paireyewear,0,1,1,2,2026-09-29,2026-10-06,all events except coverage rows
Remote,pdq,0,1,1,2,2026-09-29,2026-10-06,all events except coverage rows
Remote,pdwcareers,0,1,1,2,2026-09-29,2026-10-06,all events except coverage rows
Remote,pensive,0,1,1,2,2026-09-29,2026-10-06,all events except coverage rows
Remote,pointc,0,2,2,4,2026-09-29,2026-10-06,all events except coverage rows
Remote,positron,0,1,1,2,2026-09-29,2026-10-06,all events except coverage rows
Remote,presencelearning,0,1,1,2,2026-09-29,2026-10-06,all events except coverage rows
Remote,progyny,0,1,1,2,2026-09-29,2026-10-06,all events except coverage rows
Remote,propelus,0,5,5,10,2026-09-29,2026-10-06,all events except coverage rows
Remote,prosperhealth,0,1,1,2,2026-09-29,2026-10-06,all events except coverage rows
Remote,quarks-tech,0,1,1,2,2026-09-29,2026-10-06,all events except coverage rows
Remote,raptortechnologies,0,2,2,4,2026-09-29,2026-10-06,all events except coverage rows
Remote,redesigncareers,0,2,2,4,2026-09-29,2026-10-06,all events except coverage rows
Remote,riot-platforms-careers,0,3,3,6,2026-09-29,2026-10-06,all events except coverage rows
Remote,sagebionetworks,0,1,1,2,2026-09-29,2026-10-06,all events except coverage rows
Remote,seatgeek,0,1,1,2,2026-09-29,2026-10-06,all events except coverage rows
Remote,seccl,0,1,1,2,2026-09-29,2026-10-06,all events except coverage rows
Remote,seitenbau-gmbh,0,1,1,2,2026-09-29,2026-10-06,all events except coverage rows
Remote,signifyd95,0,1,1,2,2026-09-29,2026-10-06,all events except coverage rows
Remote,smalls,0,1,1,2,2026-09-29,2026-10-06,all events except coverage rows
Remote,splitero,0,1,1,2,2026-09-29,2026-10-06,all events except coverage rows
Remote,stambaughness,0,1,1,2,2026-09-29,2026-10-06,all events except coverage rows
Remote,starrez,0,3,3,6,2026-09-29,2026-10-06,all events except coverage rows
Remote,stella-mental-health,0,1,1,2,2026-09-29,2026-10-06,all events except coverage rows
Remote,stepful,0,1,1,2,2026-09-29,2026-10-06,all events except coverage rows
Remote,stratainformationgroup,0,1,1,2,2026-09-29,2026-10-06,all events except coverage rows
Remote,subsplash,0,1,1,2,2026-09-29,2026-10-06,all events except coverage rows
Remote,tanium,0,2,2,4,2026-09-29,2026-10-06,all events except coverage rows
Remote,tekmetric,0,1,1,2,2026-09-29,2026-10-06,all events except coverage rows
Remote,tensorwave,0,1,1,2,2026-09-29,2026-10-06,all events except coverage rows
Remote,teveo-gmbh,0,1,1,2,2026-09-29,2026-10-06,all events except coverage rows
Remote,theguarantors-open-positions,0,2,2,4,2026-09-29,2026-10-06,all events except coverage rows
Remote,thrivemarketjobs,0,1,1,2,2026-09-29,2026-10-06,all events except coverage rows
Remote,thumbtack,0,2,2,4,2026-09-29,2026-10-06,all events except coverage rows
Remote,tia,0,1,1,2,2026-09-29,2026-10-06,all events except coverage rows
Remote,tilthq,0,1,1,2,2026-09-29,2026-10-06,all events except coverage rows
Remote,tradeify,0,4,4,8,2026-09-29,2026-10-06,all events except coverage rows
Remote,umassglobal,0,5,5,10,2026-09-29,2026-10-06,all events except coverage rows
Remote,usertesting,0,2,2,4,2026-09-29,2026-10-06,all events except coverage rows
Remote,vetcove,0,1,1,2,2026-09-29,2026-10-06,all events except coverage rows
Remote,vultr,0,6,6,12,2026-09-29,2026-10-06,all events except coverage rows
Remote,vwr,0,3,3,6,2026-09-29,2026-10-06,all events except coverage rows
Remote,wellspring,0,3,3,6,2026-09-29,2026-10-06,all events except coverage rows
Remote,welltheory,0,1,1,2,2026-09-29,2026-10-06,all events except coverage rows
Remote,whippy,0,1,1,2,2026-09-29,2026-10-06,all events except coverage rows
Remote,wisetack,0,2,2,4,2026-09-29,2026-10-06,all events except coverage rows
Remote,workday,0,1,1,2,2026-09-29,2026-10-06,all events except coverage rows
Remote,wynd-labs,0,1,1,2,2026-09-29,2026-10-06,all events except coverage rows
Remote,Ōura,0,5,5,10,2026-09-29,2026-10-06,all events except coverage rows
Salt Lake City,stryker,5,10,5,15,2026-09-29,2026-10-06,all events except coverage rows
Salt Lake City,Brex,4,6,2,8,2026-09-29,2026-10-06,all events except coverage rows
Salt Lake City,careers,4,4,0,4,2026-09-29,2026-10-06,all events except coverage rows
Salt Lake City,fmr,4,6,2,8,2026-09-29,2026-10-06,all events except coverage rows
Salt Lake City,nordstrom,-4,4,8,12,2026-09-29,2026-10-06,all events except coverage rows
Salt Lake City,wf,-4,1,5,6,2026-09-29,2026-10-06,all events except coverage rows
Salt Lake City,enbridge,3,3,0,3,2026-09-29,2026-10-06,all events except coverage rows
Salt Lake City,torus,3,7,4,11,2026-09-29,2026-10-06,all events except coverage rows
Salt Lake City,1800contacts,-2,0,2,2,2026-09-29,2026-10-06,all events except coverage rows
Salt Lake City,Filevine,2,2,0,2,2026-09-29,2026-10-06,all events except coverage rows
Salt Lake City,americanredcross,-2,0,2,2,2026-09-29,2026-10-06,all events except coverage rows
Salt Lake City,bluevineus,-2,0,2,2,2026-09-29,2026-10-06,all events except coverage rows
Salt Lake City,gehc,-2,1,3,4,2026-09-29,2026-10-06,all events except coverage rows
Salt Lake City,genpt,-2,0,2,2,2026-09-29,2026-10-06,all events except coverage rows
Salt Lake City,iCapital,2,5,3,8,2026-09-29,2026-10-06,all events except coverage rows
Salt Lake City,j,-2,2,4,6,2026-09-29,2026-10-06,all events except coverage rows
Salt Lake City,lucidsoftware,2,2,0,2,2026-09-29,2026-10-06,all events except coverage rows
Salt Lake City,moog,2,2,0,2,2026-09-29,2026-10-06,all events except coverage rows
Salt Lake City,Amazing Care Home Health Services,-1,1,2,3,2026-09-29,2026-10-06,all events except coverage rows
Salt Lake City,Axogen,1,1,0,1,2026-09-29,2026-10-06,all events except coverage rows
Salt Lake City,Carvana,1,1,0,1,2026-09-29,2026-10-06,all events except coverage rows
Salt Lake City,City Wide Facility Solutions,1,1,0,1,2026-09-29,2026-10-06,all events except coverage rows
Salt Lake City,EquipmentShare,1,1,0,1,2026-09-29,2026-10-06,all events except coverage rows
Salt Lake City,Flex,1,1,0,1,2026-09-29,2026-10-06,all events except coverage rows
Salt Lake City,GFiber,1,1,0,1,2026-09-29,2026-10-06,all events except coverage rows
Salt Lake City,GRVTY,-1,1,2,3,2026-09-29,2026-10-06,all events except coverage rows
Salt Lake City,Gong.io,1,1,0,1,2026-09-29,2026-10-06,all events except coverage rows
Salt Lake City,Kelso Building Services,-1,0,1,1,2026-09-29,2026-10-06,all events except coverage rows
Salt Lake City,Klaviyo,1,1,0,1,2026-09-29,2026-10-06,all events except coverage rows
Salt Lake City,Lincoln Property Company,1,1,0,1,2026-09-29,2026-10-06,all events except coverage rows
Salt Lake City,Loenbro,1,1,0,1,2026-09-29,2026-10-06,all events except coverage rows
Salt Lake City,Lush Handmade Cosmetics,-1,0,1,1,2026-09-29,2026-10-06,all events except coverage rows
Salt Lake City,One Medical,-1,1,2,3,2026-09-29,2026-10-06,all events except coverage rows
Salt Lake City,Renuity,1,1,0,1,2026-09-29,2026-10-06,all events except coverage rows
Salt Lake City,Resource Innovations,-1,0,1,1,2026-09-29,2026-10-06,all events except coverage rows
Salt Lake City,Silverado,-1,0,1,1,2026-09-29,2026-10-06,all events except coverage rows
Salt Lake City,Verkada,1,1,0,1,2026-09-29,2026-10-06,all events except coverage rows
Salt Lake City,Woolpert,1,1,0,1,2026-09-29,2026-10-06,all events except coverage rows
Salt Lake City,accendra,1,2,1,3,2026-09-29,2026-10-06,all events except coverage rows
Salt Lake City,airliquidehr,-1,0,1,1,2026-09-29,2026-10-06,all events except coverage rows
Salt Lake City,armaninollp,-1,0,1,1,2026-09-29,2026-10-06,all events except coverage rows
Salt Lake City,asmglobal,-1,0,1,1,2026-09-29,2026-10-06,all events except coverage rows
Salt Lake City,barrywehmiller,-1,0,1,1,2026-09-29,2026-10-06,all events except coverage rows
Salt Lake City,baxter,-1,0,1,1,2026-09-29,2026-10-06,all events except coverage rows
Salt Lake City,branchinsurance,1,1,0,1,2026-09-29,2026-10-06,all events except coverage rows
Salt Lake City,brenntag,1,1,0,1,2026-09-29,2026-10-06,all events except coverage rows
Salt Lake City,calibercollision,-1,1,2,3,2026-09-29,2026-10-06,all events except coverage rows
Salt Lake City,chghealthcare,1,4,3,7,2026-09-29,2026-10-06,all events except coverage rows
Salt Lake City,cisco,1,1,0,1,2026-09-29,2026-10-06,all events except coverage rows
Salt Lake City,coram-ai,-1,0,1,1,2026-09-29,2026-10-06,all events except coverage rows
Salt Lake City,cw,1,1,0,1,2026-09-29,2026-10-06,all events except coverage rows
Salt Lake City,ebay,-1,0,1,1,2026-09-29,2026-10-06,all events except coverage rows
Salt Lake City,evergreenefficiency,-1,0,1,1,2026-09-29,2026-10-06,all events except coverage rows
Salt Lake City,fivebelow,-1,0,1,1,2026-09-29,2026-10-06,all events except coverage rows
Salt Lake City,fleetpride,-1,0,1,1,2026-09-29,2026-10-06,all events except coverage rows
Salt Lake City,freseniusmedicalcare,1,1,0,1,2026-09-29,2026-10-06,all events except coverage rows
Salt Lake City,granite,-1,1,2,3,2026-09-29,2026-10-06,all events except coverage rows
Salt Lake City,graybar,-1,0,1,1,2026-09-29,2026-10-06,all events except coverage rows
Salt Lake City,healthcatalyst,-1,0,1,1,2026-09-29,2026-10-06,all events except coverage rows
Salt Lake City,hubinternational,-1,0,1,1,2026-09-29,2026-10-06,all events except coverage rows
Salt Lake City,humana,-1,0,1,1,2026-09-29,2026-10-06,all events except coverage rows
Salt Lake City,huntelectric,-1,0,1,1,2026-09-29,2026-10-06,all events except coverage rows
Salt Lake City,iheartmedia,-1,0,1,1,2026-09-29,2026-10-06,all events except coverage rows
Salt Lake City,interiorlogicgroup,1,1,0,1,2026-09-29,2026-10-06,all events except coverage rows
Salt Lake City,internaljobsatlush,-1,0,1,1,2026-09-29,2026-10-06,all events except coverage rows
Salt Lake City,jll,1,2,1,3,2026-09-29,2026-10-06,all events except coverage rows
Salt Lake City,kiongroup,1,1,0,1,2026-09-29,2026-10-06,all events except coverage rows
Salt Lake City,kruxanalytics,-1,0,1,1,2026-09-29,2026-10-06,all events except coverage rows
Salt Lake City,lowes,1,2,1,3,2026-09-29,2026-10-06,all events except coverage rows
Salt Lake City,marcusmillichap,1,1,0,1,2026-09-29,2026-10-06,all events except coverage rows
Salt Lake City,medallionbank,1,2,1,3,2026-09-29,2026-10-06,all events except coverage rows
Salt Lake City,medline,-1,0,1,1,2026-09-29,2026-10-06,all events except coverage rows
Salt Lake City,medtronic,-1,2,3,5,2026-09-29,2026-10-06,all events except coverage rows
Salt Lake City,mettel,1,1,0,1,2026-09-29,2026-10-06,all events except coverage rows
Salt Lake City,mobilizegreen,1,1,0,1,2026-09-29,2026-10-06,all events except coverage rows
Salt Lake City,numeral,1,1,0,1,2026-09-29,2026-10-06,all events except coverage rows
Salt Lake City,operationscareers,-1,1,2,3,2026-09-29,2026-10-06,all events except coverage rows
Salt Lake City,patientpoint,-1,0,1,1,2026-09-29,2026-10-06,all events except coverage rows
Salt Lake City,phoenixcontact,1,1,0,1,2026-09-29,2026-10-06,all events except coverage rows
Salt Lake City,pultegroup,1,2,1,3,2026-09-29,2026-10-06,all events except coverage rows
Salt Lake City,republic,1,1,0,1,2026-09-29,2026-10-06,all events except coverage rows
Salt Lake City,roberthalf,-1,0,1,1,2026-09-29,2026-10-06,all events except coverage rows
Salt Lake City,salma-health,1,1,0,1,2026-09-29,2026-10-06,all events except coverage rows
Salt Lake City,sbmmanagement,-1,0,1,1,2026-09-29,2026-10-06,all events except coverage rows
Salt Lake City,scripps,-1,0,1,1,2026-09-29,2026-10-06,all events except coverage rows
Salt Lake City,searchable,1,1,0,1,2026-09-29,2026-10-06,all events except coverage rows
Salt Lake City,sedgwick,1,1,0,1,2026-09-29,2026-10-06,all events except coverage rows
Salt Lake City,silvus,1,1,0,1,2026-09-29,2026-10-06,all events except coverage rows
Salt Lake City,sunriseseniorliving,-1,1,2,3,2026-09-29,2026-10-06,all events except coverage rows
Salt Lake City,talkdesk2,1,1,0,1,2026-09-29,2026-10-06,all events except coverage rows
Salt Lake City,thales,-1,0,1,1,2026-09-29,2026-10-06,all events except coverage rows
Salt Lake City,tjx,1,1,0,1,2026-09-29,2026-10-06,all events except coverage rows
Salt Lake City,townepark,1,1,0,1,2026-09-29,2026-10-06,all events except coverage rows
Salt Lake City,traegergrills,1,2,1,3,2026-09-29,2026-10-06,all events except coverage rows
Salt Lake City,uhaul,-1,1,2,3,2026-09-29,2026-10-06,all events except coverage rows
Salt Lake City,verizon,-1,0,1,1,2026-09-29,2026-10-06,all events except coverage rows
Salt Lake City,wgu,-1,36,37,73,2026-09-29,2026-10-06,all events except coverage rows
Salt Lake City,Rainmaker Technology Corporation,0,2,2,4,2026-09-29,2026-10-06,all events except coverage rows
Salt Lake City,Speechify,0,1,1,2,2026-09-29,2026-10-06,all events except coverage rows
Salt Lake City,align46,0,1,1,2,2026-09-29,2026-10-06,all events except coverage rows
Salt Lake City,iqvia,0,1,1,2,2026-09-29,2026-10-06,all events except coverage rows
Salt Lake City,jbhunt,0,1,1,2,2026-09-29,2026-10-06,all events except coverage rows
Salt Lake City,jj,0,1,1,2,2026-09-29,2026-10-06,all events except coverage rows
Salt Lake City,motorolasolutions,0,1,1,2,2026-09-29,2026-10-06,all events except coverage rows
Salt Lake City,mpc,0,1,1,2,2026-09-29,2026-10-06,all events except coverage rows
Salt Lake City,niramedical,0,1,1,2,2026-09-29,2026-10-06,all events except coverage rows
Salt Lake City,rsm,0,1,1,2,2026-09-29,2026-10-06,all events except coverage rows
Salt Lake City,swarovski,0,1,1,2,2026-09-29,2026-10-06,all events except coverage rows
Salt Lake City,ur,0,1,1,2,2026-09-29,2026-10-06,all events except coverage rows
Salt Lake City,usbank,0,4,4,8,2026-09-29,2026-10-06,all events except coverage rows
San Diego,careers,9,9,0,9,2026-09-29,2026-10-06,all events except coverage rows
San Diego,Carvana,5,6,1,7,2026-09-29,2026-10-06,all events except coverage rows
San Diego,sonyglobal,5,5,0,5,2026-09-29,2026-10-06,all events except coverage rows
San Diego,accelintjobboardtest,-4,1,5,6,2026-09-29,2026-10-06,all events except coverage rows
San Diego,bah,4,11,7,18,2026-09-29,2026-10-06,all events except coverage rows
San Diego,Accenture Federal Services,3,3,0,3,2026-09-29,2026-10-06,all events except coverage rows
San Diego,Maravai LifeSciences,-3,0,3,3,2026-09-29,2026-10-06,all events except coverage rows
San Diego,abzena,-3,3,6,9,2026-09-29,2026-10-06,all events except coverage rows
San Diego,j,3,8,5,13,2026-09-29,2026-10-06,all events except coverage rows
San Diego,nordstrom,-3,17,20,37,2026-09-29,2026-10-06,all events except coverage rows
San Diego,pciservices,3,6,3,9,2026-09-29,2026-10-06,all events except coverage rows
San Diego,quantumsi25,-3,0,3,3,2026-09-29,2026-10-06,all events except coverage rows
San Diego,resmed,3,7,4,11,2026-09-29,2026-10-06,all events except coverage rows
San Diego,rsm,-3,0,3,3,2026-09-29,2026-10-06,all events except coverage rows
San Diego,2020companies,-2,1,3,4,2026-09-29,2026-10-06,all events except coverage rows
San Diego,Cheer Home Care,-2,0,2,2,2026-09-29,2026-10-06,all events except coverage rows
San Diego,Cortica - Neurodevelopmental,2,3,1,4,2026-09-29,2026-10-06,all events except coverage rows
San Diego,Mission Healthcare,-2,2,4,6,2026-09-29,2026-10-06,all events except coverage rows
San Diego,One Medical,-2,0,2,2,2026-09-29,2026-10-06,all events except coverage rows
San Diego,Zoox,-2,0,2,2,2026-09-29,2026-10-06,all events except coverage rows
San Diego,altoslabs,-2,0,2,2,2026-09-29,2026-10-06,all events except coverage rows
San Diego,asmglobal,-2,1,3,4,2026-09-29,2026-10-06,all events except coverage rows
San Diego,avav,-2,0,2,2,2026-09-29,2026-10-06,all events except coverage rows
San Diego,cortica,2,2,0,2,2026-09-29,2026-10-06,all events except coverage rows
San Diego,dexcom,2,11,9,20,2026-09-29,2026-10-06,all events except coverage rows
San Diego,fivebelow,-2,1,3,4,2026-09-29,2026-10-06,all events except coverage rows
San Diego,gategroup,-2,2,4,6,2026-09-29,2026-10-06,all events except coverage rows
San Diego,holmanautogroup,2,3,1,4,2026-09-29,2026-10-06,all events except coverage rows
San Diego,jll,-2,2,4,6,2026-09-29,2026-10-06,all events except coverage rows
San Diego,kla,2,2,0,2,2026-09-29,2026-10-06,all events except coverage rows
San Diego,leidos,-2,2,4,6,2026-09-29,2026-10-06,all events except coverage rows
San Diego,lennar,-2,0,2,2,2026-09-29,2026-10-06,all events except coverage rows
San Diego,lowes,2,2,0,2,2026-09-29,2026-10-06,all events except coverage rows
San Diego,skechers,2,2,0,2,2026-09-29,2026-10-06,all events except coverage rows
San Diego,theirc,-2,0,2,2,2026-09-29,2026-10-06,all events except coverage rows
San Diego,thermofisher,-2,0,2,2,2026-09-29,2026-10-06,all events except coverage rows
San Diego,usbank,2,5,3,8,2026-09-29,2026-10-06,all events except coverage rows
San Diego,Acadia Pharmaceuticals Inc.,1,1,0,1,2026-09-29,2026-10-06,all events except coverage rows
San Diego,Advantmed,1,1,0,1,2026-09-29,2026-10-06,all events except coverage rows
San Diego,Ametek,-1,0,1,1,2026-09-29,2026-10-06,all events except coverage rows
San Diego,Box,1,1,0,1,2026-09-29,2026-10-06,all events except coverage rows
San Diego,Compass,-1,0,1,1,2026-09-29,2026-10-06,all events except coverage rows
San Diego,DoorDash USA,-1,0,1,1,2026-09-29,2026-10-06,all events except coverage rows
San Diego,HOKALI,-1,0,1,1,2026-09-29,2026-10-06,all events except coverage rows
San Diego,Lincoln Property Company,-1,0,1,1,2026-09-29,2026-10-06,all events except coverage rows
San Diego,Lush Handmade Cosmetics,1,1,0,1,2026-09-29,2026-10-06,all events except coverage rows
San Diego,Mixpanel,-1,0,1,1,2026-09-29,2026-10-06,all events except coverage rows
San Diego,O'Reilly Automotive,1,1,0,1,2026-09-29,2026-10-06,all events except coverage rows
San Diego,Octave,-1,0,1,1,2026-09-29,2026-10-06,all events except coverage rows
San Diego,Rome Community Partners,-1,0,1,1,2026-09-29,2026-10-06,all events except coverage rows
San Diego,Saronic Technologies,1,1,0,1,2026-09-29,2026-10-06,all events except coverage rows
San Diego,Silverado,1,1,0,1,2026-09-29,2026-10-06,all events except coverage rows
San Diego,Syndax Pharmaceuticals,1,1,0,1,2026-09-29,2026-10-06,all events except coverage rows
San Diego,Syska Hennessy Group,-1,0,1,1,2026-09-29,2026-10-06,all events except coverage rows
San Diego,Tecovas,-1,0,1,1,2026-09-29,2026-10-06,all events except coverage rows
San Diego,Tempo,-1,0,1,1,2026-09-29,2026-10-06,all events except coverage rows
San Diego,Toast,-1,0,1,1,2026-09-29,2026-10-06,all events except coverage rows
San Diego,Tyson & Mendes LLP,1,2,1,3,2026-09-29,2026-10-06,all events except coverage rows
San Diego,Veterinary Emergency Group (VEG),-1,0,1,1,2026-09-29,2026-10-06,all events except coverage rows
San Diego,"Voyager Technologies, Inc.",1,1,0,1,2026-09-29,2026-10-06,all events except coverage rows
San Diego,aggreko,-1,0,1,1,2026-09-29,2026-10-06,all events except coverage rows
San Diego,altusschools,-1,0,1,1,2026-09-29,2026-10-06,all events except coverage rows
San Diego,america-west-medical-transport-careers,1,1,0,1,2026-09-29,2026-10-06,all events except coverage rows
San Diego,artivabio,-1,1,2,3,2026-09-29,2026-10-06,all events except coverage rows
San Diego,bbinsurance,-1,0,1,1,2026-09-29,2026-10-06,all events except coverage rows
San Diego,calibercollision,1,1,0,1,2026-09-29,2026-10-06,all events except coverage rows
San Diego,catalent,-1,2,3,5,2026-09-29,2026-10-06,all events except coverage rows
San Diego,cisco,1,1,0,1,2026-09-29,2026-10-06,all events except coverage rows
San Diego,civilgrid,1,1,0,1,2026-09-29,2026-10-06,all events except coverage rows
San Diego,clearwayjobs,1,4,3,7,2026-09-29,2026-10-06,all events except coverage rows
San Diego,cubic,1,4,3,7,2026-09-29,2026-10-06,all events except coverage rows
San Diego,cullen-jewellery,1,1,0,1,2026-09-29,2026-10-06,all events except coverage rows
San Diego,debutbiotech25,-1,0,1,1,2026-09-29,2026-10-06,all events except coverage rows
San Diego,freseniusmedicalcare,1,1,0,1,2026-09-29,2026-10-06,all events except coverage rows
San Diego,genpt,-1,0,1,1,2026-09-29,2026-10-06,all events except coverage rows
San Diego,guardianpharmacy,1,1,0,1,2026-09-29,2026-10-06,all events except coverage rows
San Diego,havocai,-1,0,1,1,2026-09-29,2026-10-06,all events except coverage rows
San Diego,hp,-1,0,1,1,2026-09-29,2026-10-06,all events except coverage rows
San Diego,hubinternational,-1,0,1,1,2026-09-29,2026-10-06,all events except coverage rows
San Diego,humana,-1,0,1,1,2026-09-29,2026-10-06,all events except coverage rows
San Diego,humaninterest,-1,0,1,1,2026-09-29,2026-10-06,all events except coverage rows
San Diego,insperity,1,1,0,1,2026-09-29,2026-10-06,all events except coverage rows
San Diego,jj,1,1,0,1,2026-09-29,2026-10-06,all events except coverage rows
San Diego,lpadesignstudios,1,1,0,1,2026-09-29,2026-10-06,all events except coverage rows
San Diego,lplfinancial,1,1,0,1,2026-09-29,2026-10-06,all events except coverage rows
San Diego,marcusmillichap,1,1,0,1,2026-09-29,2026-10-06,all events except coverage rows
San Diego,mariner-careers,-1,0,1,1,2026-09-29,2026-10-06,all events except coverage rows
San Diego,mattressfirm,1,1,0,1,2026-09-29,2026-10-06,all events except coverage rows
San Diego,metron,1,1,0,1,2026-09-29,2026-10-06,all events except coverage rows
San Diego,mgproperties,-1,2,3,5,2026-09-29,2026-10-06,all events except coverage rows
San Diego,momentic,1,1,0,1,2026-09-29,2026-10-06,all events except coverage rows
San Diego,motorolasolutions,-1,0,1,1,2026-09-29,2026-10-06,all events except coverage rows
San Diego,novartis,-1,2,3,5,2026-09-29,2026-10-06,all events except coverage rows
San Diego,nucleus-biologics-careers,-1,0,1,1,2026-09-29,2026-10-06,all events except coverage rows
San Diego,olympusproperty,-1,0,1,1,2026-09-29,2026-10-06,all events except coverage rows
San Diego,oni,-1,0,1,1,2026-09-29,2026-10-06,all events except coverage rows
San Diego,owensminor,-1,0,1,1,2026-09-29,2026-10-06,all events except coverage rows
San Diego,oxford,1,1,0,1,2026-09-29,2026-10-06,all events except coverage rows
San Diego,philips,1,2,1,3,2026-09-29,2026-10-06,all events except coverage rows
San Diego,pimco,1,1,0,1,2026-09-29,2026-10-06,all events except coverage rows
San Diego,radar,-1,0,1,1,2026-09-29,2026-10-06,all events except coverage rows
San Diego,rainey-careers,1,1,0,1,2026-09-29,2026-10-06,all events except coverage rows
San Diego,rebag,1,1,0,1,2026-09-29,2026-10-06,all events except coverage rows
San Diego,republic,1,2,1,3,2026-09-29,2026-10-06,all events except coverage rows
San Diego,rockwest,-1,2,3,5,2026-09-29,2026-10-06,all events except coverage rows
San Diego,sapient-bioanalytics,-1,0,1,1,2026-09-29,2026-10-06,all events except coverage rows
San Diego,scripps,-1,0,1,1,2026-09-29,2026-10-06,all events except coverage rows
San Diego,sedgwick,1,1,0,1,2026-09-29,2026-10-06,all events except coverage rows
San Diego,sitero,1,1,0,1,2026-09-29,2026-10-06,all events except coverage rows
San Diego,sundae,-1,0,1,1,2026-09-29,2026-10-06,all events except coverage rows
San Diego,swarovski,1,1,0,1,2026-09-29,2026-10-06,all events except coverage rows
San Diego,tjx,-1,0,1,1,2026-09-29,2026-10-06,all events except coverage rows
San Diego,tmobile,-1,1,2,3,2026-09-29,2026-10-06,all events except coverage rows
San Diego,tonal,-1,0,1,1,2026-09-29,2026-10-06,all events except coverage rows
San Diego,townepark,1,1,0,1,2026-09-29,2026-10-06,all events except coverage rows
San Diego,unisys,1,1,0,1,2026-09-29,2026-10-06,all events except coverage rows
San Diego,ur,-1,0,1,1,2026-09-29,2026-10-06,all events except coverage rows
San Diego,vannevarlabs,-1,0,1,1,2026-09-29,2026-10-06,all events except coverage rows
San Diego,vwr,1,1,0,1,2026-09-29,2026-10-06,all events except coverage rows
San Diego,webstacks,1,1,0,1,2026-09-29,2026-10-06,all events except coverage rows
San Diego,westernalliancebank,-1,0,1,1,2026-09-29,2026-10-06,all events except coverage rows
San Diego,www,-1,0,1,1,2026-09-29,2026-10-06,all events except coverage rows
San Diego,younglife,-1,0,1,1,2026-09-29,2026-10-06,all events except coverage rows
San Diego,Aya Healthcare,0,1,1,2,2026-09-29,2026-10-06,all events except coverage rows
San Diego,Erasca,0,1,1,2,2026-09-29,2026-10-06,all events except coverage rows
San Diego,Klaviyo,0,1,1,2,2026-09-29,2026-10-06,all events except coverage rows
San Diego,Pacific Health Group,0,1,1,2,2026-09-29,2026-10-06,all events except coverage rows
San Diego,Speechify,0,1,1,2,2026-09-29,2026-10-06,all events except coverage rows
San Diego,americanredcross,0,1,1,2,2026-09-29,2026-10-06,all events except coverage rows
San Diego,caci,0,1,1,2,2026-09-29,2026-10-06,all events except coverage rows
San Diego,equilliumbio,0,1,1,2,2026-09-29,2026-10-06,all events except coverage rows
San Diego,ghr,0,1,1,2,2026-09-29,2026-10-06,all events except coverage rows
San Diego,icf,0,2,2,4,2026-09-29,2026-10-06,all events except coverage rows
San Diego,mydpr,0,1,1,2,2026-09-29,2026-10-06,all events except coverage rows
San Diego,stryker,0,2,2,4,2026-09-29,2026-10-06,all events except coverage rows
San Diego,usc,0,2,2,4,2026-09-29,2026-10-06,all events except coverage rows
San Diego,wf,0,5,5,10,2026-09-29,2026-10-06,all events except coverage rows
San Diego,wonderist-agency,0,1,1,2,2026-09-29,2026-10-06,all events except coverage rows
San Diego,zentalis,0,1,1,2,2026-09-29,2026-10-06,all events except coverage rows
San Francisco,Anthropic,15,49,34,83,2026-09-29,2026-10-06,all events except coverage rows
San Francisco,Astranis,14,22,8,30,2026-09-29,2026-10-06,all events except coverage rows
San Francisco,astro-mechanica,-14,0,14,14,2026-09-29,2026-10-06,all events except coverage rows
San Francisco,OpenAI,-12,43,55,98,2026-09-29,2026-10-06,all events except coverage rows
San Francisco,Clera,11,61,50,111,2026-09-29,2026-10-06,all events except coverage rows
San Francisco,Pinterest,11,28,17,45,2026-09-29,2026-10-06,all events except coverage rows
San Francisco,Hex,10,10,0,10,2026-09-29,2026-10-06,all events except coverage rows
San Francisco,DoorDash USA,9,12,3,15,2026-09-29,2026-10-06,all events except coverage rows
San Francisco,fal-ai,7,10,3,13,2026-09-29,2026-10-06,all events except coverage rows
San Francisco,Brex,6,10,4,14,2026-09-29,2026-10-06,all events except coverage rows
San Francisco,One Medical,6,10,4,14,2026-09-29,2026-10-06,all events except coverage rows
San Francisco,adobe,-6,0,6,6,2026-09-29,2026-10-06,all events except coverage rows
San Francisco,usenourish,6,6,0,6,2026-09-29,2026-10-06,all events except coverage rows
San Francisco,Fluidstack,5,5,0,5,2026-09-29,2026-10-06,all events except coverage rows
San Francisco,"Gusto, Inc.",-5,3,8,11,2026-09-29,2026-10-06,all events except coverage rows
San Francisco,Handshake,5,9,4,13,2026-09-29,2026-10-06,all events except coverage rows
San Francisco,Notion,5,11,6,17,2026-09-29,2026-10-06,all events except coverage rows
San Francisco,hud,5,5,0,5,2026-09-29,2026-10-06,all events except coverage rows
San Francisco,ioaging,-5,1,6,7,2026-09-29,2026-10-06,all events except coverage rows
San Francisco,lightningai,5,5,0,5,2026-09-29,2026-10-06,all events except coverage rows
San Francisco,niantic-spatial,5,5,0,5,2026-09-29,2026-10-06,all events except coverage rows
San Francisco,paraform,-5,3,8,11,2026-09-29,2026-10-06,all events except coverage rows
San Francisco,pronto,5,5,0,5,2026-09-29,2026-10-06,all events except coverage rows
San Francisco,Braze,4,6,2,8,2026-09-29,2026-10-06,all events except coverage rows
San Francisco,ElevenLabs,-4,0,4,4,2026-09-29,2026-10-06,all events except coverage rows
San Francisco,Hercules,4,15,11,26,2026-09-29,2026-10-06,all events except coverage rows
San Francisco,Lyft,4,7,3,10,2026-09-29,2026-10-06,all events except coverage rows
San Francisco,Mixpanel,-4,2,6,8,2026-09-29,2026-10-06,all events except coverage rows
San Francisco,Rox-Data-Corp,4,4,0,4,2026-09-29,2026-10-06,all events except coverage rows
San Francisco,Scale AI,-4,6,10,16,2026-09-29,2026-10-06,all events except coverage rows
San Francisco,careers,4,5,1,6,2026-09-29,2026-10-06,all events except coverage rows
San Francisco,disney,-4,0,4,4,2026-09-29,2026-10-06,all events except coverage rows
San Francisco,flai,4,4,0,4,2026-09-29,2026-10-06,all events except coverage rows
San Francisco,frontcareers,-4,2,6,8,2026-09-29,2026-10-06,all events except coverage rows
San Francisco,happyrobot.ai,4,6,2,8,2026-09-29,2026-10-06,all events except coverage rows
San Francisco,heygen,4,4,0,4,2026-09-29,2026-10-06,all events except coverage rows
San Francisco,iconiq,-4,0,4,4,2026-09-29,2026-10-06,all events except coverage rows
San Francisco,kikoff,4,5,1,6,2026-09-29,2026-10-06,all events except coverage rows
San Francisco,latent,4,4,0,4,2026-09-29,2026-10-06,all events except coverage rows
San Francisco,omni,4,4,0,4,2026-09-29,2026-10-06,all events except coverage rows
San Francisco,plaud,-4,1,5,6,2026-09-29,2026-10-06,all events except coverage rows
San Francisco,reflectionai,-4,0,4,4,2026-09-29,2026-10-06,all events except coverage rows
San Francisco,Checkr,-3,2,5,7,2026-09-29,2026-10-06,all events except coverage rows
San Francisco,Culture Amp,-3,0,3,3,2026-09-29,2026-10-06,all events except coverage rows
San Francisco,Doximity,3,3,0,3,2026-09-29,2026-10-06,all events except coverage rows
San Francisco,Harvey,3,10,7,17,2026-09-29,2026-10-06,all events except coverage rows
San Francisco,Nango,-3,2,5,7,2026-09-29,2026-10-06,all events except coverage rows
San Francisco,Okta,-3,5,8,13,2026-09-29,2026-10-06,all events except coverage rows
San Francisco,PagerDuty,3,4,1,5,2026-09-29,2026-10-06,all events except coverage rows
San Francisco,Peregrine Technologies,3,4,1,5,2026-09-29,2026-10-06,all events except coverage rows
San Francisco,Toast,-3,0,3,3,2026-09-29,2026-10-06,all events except coverage rows
San Francisco,Waymo,3,8,5,13,2026-09-29,2026-10-06,all events except coverage rows
San Francisco,campfire,3,3,0,3,2026-09-29,2026-10-06,all events except coverage rows
San Francisco,efficientcomputer,-3,0,3,3,2026-09-29,2026-10-06,all events except coverage rows
San Francisco,ever,-3,0,3,3,2026-09-29,2026-10-06,all events except coverage rows
San Francisco,grow-therapy,-3,0,3,3,2026-09-29,2026-10-06,all events except coverage rows
San Francisco,heartflowinc,3,7,4,11,2026-09-29,2026-10-06,all events except coverage rows
San Francisco,hubble,3,3,0,3,2026-09-29,2026-10-06,all events except coverage rows
San Francisco,j,-3,8,11,19,2026-09-29,2026-10-06,all events except coverage rows
San Francisco,lusternational,3,3,0,3,2026-09-29,2026-10-06,all events except coverage rows
San Francisco,pano-ai,-3,0,3,3,2026-09-29,2026-10-06,all events except coverage rows
San Francisco,pylon-labs,-3,0,3,3,2026-09-29,2026-10-06,all events except coverage rows
San Francisco,rippling,3,9,6,15,2026-09-29,2026-10-06,all events except coverage rows
San Francisco,rsm,-3,4,7,11,2026-09-29,2026-10-06,all events except coverage rows
San Francisco,scanner,-3,0,3,3,2026-09-29,2026-10-06,all events except coverage rows
San Francisco,teneolinkedin,3,3,0,3,2026-09-29,2026-10-06,all events except coverage rows
San Francisco,twitch,-3,1,4,5,2026-09-29,2026-10-06,all events except coverage rows
San Francisco,vapi,-3,0,3,3,2026-09-29,2026-10-06,all events except coverage rows
San Francisco,workstream,-3,0,3,3,2026-09-29,2026-10-06,all events except coverage rows
San Francisco,Anyscale,-2,0,2,2,2026-09-29,2026-10-06,all events except coverage rows
San Francisco,Atomic,2,2,0,2,2026-09-29,2026-10-06,all events except coverage rows
San Francisco,Attio,-2,0,2,2,2026-09-29,2026-10-06,all events except coverage rows
San Francisco,Blue United Sourcing,-2,0,2,2,2026-09-29,2026-10-06,all events except coverage rows
San Francisco,"Chime Financial, Inc",-2,4,6,10,2026-09-29,2026-10-06,all events except coverage rows
San Francisco,Cognition,-2,0,2,2,2026-09-29,2026-10-06,all events except coverage rows
San Francisco,Crypto,2,2,0,2,2026-09-29,2026-10-06,all events except coverage rows
San Francisco,Figma,2,10,8,18,2026-09-29,2026-10-06,all events except coverage rows
San Francisco,Fin,-2,1,3,4,2026-09-29,2026-10-06,all events except coverage rows
San Francisco,Highwire,2,3,1,4,2026-09-29,2026-10-06,all events except coverage rows
San Francisco,Hudson Pacific Properties,-2,0,2,2,2026-09-29,2026-10-06,all events except coverage rows
San Francisco,Innovaccer Analytics,-2,1,3,4,2026-09-29,2026-10-06,all events except coverage rows
San Francisco,LangChain,-2,2,4,6,2026-09-29,2026-10-06,all events except coverage rows
San Francisco,Marksman Security LLC,-2,0,2,2,2026-09-29,2026-10-06,all events except coverage rows
San Francisco,"Nudge Security, Inc",-2,0,2,2,2026-09-29,2026-10-06,all events except coverage rows
San Francisco,Octave,-2,0,2,2,2026-09-29,2026-10-06,all events except coverage rows
San Francisco,Perplexity,2,4,2,6,2026-09-29,2026-10-06,all events except coverage rows
San Francisco,Planet,-2,7,9,16,2026-09-29,2026-10-06,all events except coverage rows
San Francisco,Reddit,2,2,0,2,2026-09-29,2026-10-06,all events except coverage rows
San Francisco,Sentry,2,3,1,4,2026-09-29,2026-10-06,all events except coverage rows
San Francisco,Snorkel AI,2,2,0,2,2026-09-29,2026-10-06,all events except coverage rows
San Francisco,SoFi,-2,0,2,2,2026-09-29,2026-10-06,all events except coverage rows
San Francisco,StandInsurance,2,2,0,2,2026-09-29,2026-10-06,all events except coverage rows
San Francisco,United Airlines Holdings,-2,0,2,2,2026-09-29,2026-10-06,all events except coverage rows
San Francisco,Vanta,-2,0,2,2,2026-09-29,2026-10-06,all events except coverage rows
San Francisco,Watershed,-2,0,2,2,2026-09-29,2026-10-06,all events except coverage rows
San Francisco,Wilson Elser - Attorneys,2,3,1,4,2026-09-29,2026-10-06,all events except coverage rows
San Francisco,a16z,2,2,0,2,2026-09-29,2026-10-06,all events except coverage rows
San Francisco,alchemy,2,2,0,2,2026-09-29,2026-10-06,all events except coverage rows
San Francisco,altruist,-2,2,4,6,2026-09-29,2026-10-06,all events except coverage rows
San Francisco,anrok,-2,0,2,2,2026-09-29,2026-10-06,all events except coverage rows
San Francisco,assorthealth,-2,0,2,2,2026-09-29,2026-10-06,all events except coverage rows
San Francisco,bedrock-robotics,2,3,1,4,2026-09-29,2026-10-06,all events except coverage rows
San Francisco,biibhr,-2,0,2,2,2026-09-29,2026-10-06,all events except coverage rows
San Francisco,biohub,-2,0,2,2,2026-09-29,2026-10-06,all events except coverage rows
San Francisco,bobyard,2,3,1,4,2026-09-29,2026-10-06,all events except coverage rows
San Francisco,cisco,2,4,2,6,2026-09-29,2026-10-06,all events except coverage rows
San Francisco,clearwayjobs,-2,0,2,2,2026-09-29,2026-10-06,all events except coverage rows
San Francisco,crossoverhealth,2,2,0,2,2026-09-29,2026-10-06,all events except coverage rows
San Francisco,distyl,2,2,0,2,2026-09-29,2026-10-06,all events except coverage rows
San Francisco,eightsleep,-2,0,2,2,2026-09-29,2026-10-06,all events except coverage rows
San Francisco,encord,2,4,2,6,2026-09-29,2026-10-06,all events except coverage rows
San Francisco,exa,2,2,0,2,2026-09-29,2026-10-06,all events except coverage rows
San Francisco,fieldguide,2,2,0,2,2026-09-29,2026-10-06,all events except coverage rows
San Francisco,ghr,2,3,1,4,2026-09-29,2026-10-06,all events except coverage rows
San Francisco,gimlet,2,3,1,4,2026-09-29,2026-10-06,all events except coverage rows
San Francisco,healthlink,2,2,0,2,2026-09-29,2026-10-06,all events except coverage rows
San Francisco,hilberts,-2,0,2,2,2026-09-29,2026-10-06,all events except coverage rows
San Francisco,incident,2,2,0,2,2026-09-29,2026-10-06,all events except coverage rows
San Francisco,inferact,2,4,2,6,2026-09-29,2026-10-06,all events except coverage rows
San Francisco,jobs-page-4dc2685b-eb82-46d1-a3f9-1f0764dba814,-2,0,2,2,2026-09-29,2026-10-06,all events except coverage rows
San Francisco,jordanparkgroup,2,2,0,2,2026-09-29,2026-10-06,all events except coverage rows
San Francisco,juullabs,-2,0,2,2,2026-09-29,2026-10-06,all events except coverage rows
San Francisco,knithealth,-2,0,2,2,2026-09-29,2026-10-06,all events except coverage rows
San Francisco,krea,2,2,0,2,2026-09-29,2026-10-06,all events except coverage rows
San Francisco,lovable,-2,0,2,2,2026-09-29,2026-10-06,all events except coverage rows
San Francisco,lowes,2,2,0,2,2026-09-29,2026-10-06,all events except coverage rows
San Francisco,medraai,2,2,0,2,2026-09-29,2026-10-06,all events except coverage rows
San Francisco,mochihealth,2,3,1,4,2026-09-29,2026-10-06,all events except coverage rows
San Francisco,onoshealth,2,2,0,2,2026-09-29,2026-10-06,all events except coverage rows
San Francisco,parafin,-2,0,2,2,2026-09-29,2026-10-06,all events except coverage rows
San Francisco,pipersandler,-2,0,2,2,2026-09-29,2026-10-06,all events except coverage rows
San Francisco,rb,-2,1,3,4,2026-09-29,2026-10-06,all events except coverage rows
San Francisco,sleeper,-2,0,2,2,2026-09-29,2026-10-06,all events except coverage rows
San Francisco,springfertility,2,2,0,2,2026-09-29,2026-10-06,all events except coverage rows
San Francisco,suno,2,2,0,2,2026-09-29,2026-10-06,all events except coverage rows
San Francisco,tbc,-2,1,3,4,2026-09-29,2026-10-06,all events except coverage rows
San Francisco,turo,2,4,2,6,2026-09-29,2026-10-06,all events except coverage rows
San Francisco,valeriehealth,-2,2,4,6,2026-09-29,2026-10-06,all events except coverage rows
San Francisco,virbiotechnologyinc,2,4,2,6,2026-09-29,2026-10-06,all events except coverage rows
San Francisco,wf,-2,11,13,24,2026-09-29,2026-10-06,all events except coverage rows
San Francisco,2020companies,1,1,0,1,2026-09-29,2026-10-06,all events except coverage rows
San Francisco,3rd-street-youth-center-clinic,1,1,0,1,2026-09-29,2026-10-06,all events except coverage rows
San Francisco,8fleet-inc,1,1,0,1,2026-09-29,2026-10-06,all events except coverage rows
San Francisco,8vc,-1,0,1,1,2026-09-29,2026-10-06,all events except coverage rows
San Francisco,ABACUS,1,1,0,1,2026-09-29,2026-10-06,all events except coverage rows
San Francisco,Accord,1,1,0,1,2026-09-29,2026-10-06,all events except coverage rows
San Francisco,Adyen,1,7,6,13,2026-09-29,2026-10-06,all events except coverage rows
San Francisco,Affirm,1,1,0,1,2026-09-29,2026-10-06,all events except coverage rows
San Francisco,AgentMail,1,1,0,1,2026-09-29,2026-10-06,all events except coverage rows
San Francisco,Anaplan,-1,1,2,3,2026-09-29,2026-10-06,all events except coverage rows
San Francisco,AngelList,-1,1,2,3,2026-09-29,2026-10-06,all events except coverage rows
San Francisco,Armada,-1,0,1,1,2026-09-29,2026-10-06,all events except coverage rows
San Francisco,Asana,-1,7,8,15,2026-09-29,2026-10-06,all events except coverage rows
San Francisco,Attentive,-1,0,1,1,2026-09-29,2026-10-06,all events except coverage rows
San Francisco,Axogen,1,1,0,1,2026-09-29,2026-10-06,all events except coverage rows
San Francisco,Axsome Therapeutics,1,1,0,1,2026-09-29,2026-10-06,all events except coverage rows
San Francisco,Baton (A Ryder Technology Lab),1,1,0,1,2026-09-29,2026-10-06,all events except coverage rows
San Francisco,Benchling,-1,1,2,3,2026-09-29,2026-10-06,all events except coverage rows
San Francisco,Braveheart Bio,1,1,0,1,2026-09-29,2026-10-06,all events except coverage rows
San Francisco,BuildOps,-1,0,1,1,2026-09-29,2026-10-06,all events except coverage rows
San Francisco,Buildkite,-1,0,1,1,2026-09-29,2026-10-06,all events except coverage rows
San Francisco,Carta,-1,1,2,3,2026-09-29,2026-10-06,all events except coverage rows
San Francisco,Cato Networks,-1,0,1,1,2026-09-29,2026-10-06,all events except coverage rows
San Francisco,ClickHouse,1,1,0,1,2026-09-29,2026-10-06,all events except coverage rows
San Francisco,Cohere,-1,1,2,3,2026-09-29,2026-10-06,all events except coverage rows
San Francisco,Control Risks,-1,1,2,3,2026-09-29,2026-10-06,all events except coverage rows
San Francisco,CoreWeave,-1,0,1,1,2026-09-29,2026-10-06,all events except coverage rows
San Francisco,Databricks,-1,2,3,5,2026-09-29,2026-10-06,all events except coverage rows
San Francisco,Datadog,1,2,1,3,2026-09-29,2026-10-06,all events except coverage rows
San Francisco,Datavant,-1,0,1,1,2026-09-29,2026-10-06,all events except coverage rows
San Francisco,Decagon,-1,3,4,7,2026-09-29,2026-10-06,all events except coverage rows
San Francisco,Delinea,-1,0,1,1,2026-09-29,2026-10-06,all events except coverage rows
San Francisco,Descript,1,1,0,1,2026-09-29,2026-10-06,all events except coverage rows
San Francisco,Echo Neurotechnologies,-1,0,1,1,2026-09-29,2026-10-06,all events except coverage rows
San Francisco,Everpure,-1,0,1,1,2026-09-29,2026-10-06,all events except coverage rows
San Francisco,Extend,1,1,0,1,2026-09-29,2026-10-06,all events except coverage rows
San Francisco,Fastly,1,4,3,7,2026-09-29,2026-10-06,all events except coverage rows
San Francisco,Five9,1,3,2,5,2026-09-29,2026-10-06,all events except coverage rows
San Francisco,Fuku,-1,0,1,1,2026-09-29,2026-10-06,all events except coverage rows
San Francisco,Gamma,-1,0,1,1,2026-09-29,2026-10-06,all events except coverage rows
San Francisco,GenScript/ProBio,-1,0,1,1,2026-09-29,2026-10-06,all events except coverage rows
San Francisco,Glean,1,2,1,3,2026-09-29,2026-10-06,all events except coverage rows
San Francisco,Gong.io,-1,0,1,1,2026-09-29,2026-10-06,all events except coverage rows
San Francisco,HOKALI,-1,2,3,5,2026-09-29,2026-10-06,all events except coverage rows
San Francisco,Heidi,-1,0,1,1,2026-09-29,2026-10-06,all events except coverage rows
San Francisco,Hightouch - Analytics [old],1,1,0,1,2026-09-29,2026-10-06,all events except coverage rows
San Francisco,Human Agency,1,1,0,1,2026-09-29,2026-10-06,all events except coverage rows
San Francisco,Hyperbound,-1,0,1,1,2026-09-29,2026-10-06,all events except coverage rows
San Francisco,Hyperscale,-1,0,1,1,2026-09-29,2026-10-06,all events except coverage rows
San Francisco,Instawork,-1,1,2,3,2026-09-29,2026-10-06,all events except coverage rows
San Francisco,Juicebox,-1,1,2,3,2026-09-29,2026-10-06,all events except coverage rows
San Francisco,Kong,-1,0,1,1,2026-09-29,2026-10-06,all events except coverage rows
San Francisco,LG Electronics,1,1,0,1,2026-09-29,2026-10-06,all events except coverage rows
San Francisco,Lincoln Property Company,1,1,0,1,2026-09-29,2026-10-06,all events except coverage rows
San Francisco,LiveKit,-1,0,1,1,2026-09-29,2026-10-06,all events except coverage rows
San Francisco,MaintainX (An Autodesk Company),-1,0,1,1,2026-09-29,2026-10-06,all events except coverage rows
San Francisco,Mercer Advisors,1,1,0,1,2026-09-29,2026-10-06,all events except coverage rows
San Francisco,Mercury,1,9,8,17,2026-09-29,2026-10-06,all events except coverage rows
San Francisco,Merge,-1,0,1,1,2026-09-29,2026-10-06,all events except coverage rows
San Francisco,Modal,1,2,1,3,2026-09-29,2026-10-06,all events except coverage rows
San Francisco,MongoDB,1,1,0,1,2026-09-29,2026-10-06,all events except coverage rows
San Francisco,Navan,-1,1,2,3,2026-09-29,2026-10-06,all events except coverage rows
San Francisco,Olema Oncology,-1,2,3,5,2026-09-29,2026-10-06,all events except coverage rows
San Francisco,OpenMind,1,1,0,1,2026-09-29,2026-10-06,all events except coverage rows
San Francisco,OpenTable,-1,1,2,3,2026-09-29,2026-10-06,all events except coverage rows
San Francisco,Orchestra,1,1,0,1,2026-09-29,2026-10-06,all events except coverage rows
San Francisco,Oscar Health,-1,0,1,1,2026-09-29,2026-10-06,all events except coverage rows
San Francisco,Otter.ai,-1,0,1,1,2026-09-29,2026-10-06,all events except coverage rows
San Francisco,PlanetScale,1,1,0,1,2026-09-29,2026-10-06,all events except coverage rows
San Francisco,Point72,-1,0,1,1,2026-09-29,2026-10-06,all events except coverage rows
San Francisco,Quanta,-1,0,1,1,2026-09-29,2026-10-06,all events except coverage rows
San Francisco,Reformation,1,1,0,1,2026-09-29,2026-10-06,all events except coverage rows
San Francisco,Ripple,1,6,5,11,2026-09-29,2026-10-06,all events except coverage rows
San Francisco,Rockstar,-1,0,1,1,2026-09-29,2026-10-06,all events except coverage rows
San Francisco,Sail Research,1,1,0,1,2026-09-29,2026-10-06,all events except coverage rows
San Francisco,ScribdInc,1,2,1,3,2026-09-29,2026-10-06,all events except coverage rows
San Francisco,Semgrep,1,1,0,1,2026-09-29,2026-10-06,all events except coverage rows
San Francisco,Serval,-1,0,1,1,2026-09-29,2026-10-06,all events except coverage rows
San Francisco,Sigma Computing,-1,1,2,3,2026-09-29,2026-10-06,all events except coverage rows
San Francisco,Socket,-1,0,1,1,2026-09-29,2026-10-06,all events except coverage rows
San Francisco,Spotify,-1,0,1,1,2026-09-29,2026-10-06,all events except coverage rows
San Francisco,Stripe,1,10,9,19,2026-09-29,2026-10-06,all events except coverage rows
San Francisco,Syndax Pharmaceuticals,1,1,0,1,2026-09-29,2026-10-06,all events except coverage rows
San Francisco,TRM Labs,-1,0,1,1,2026-09-29,2026-10-06,all events except coverage rows
San Francisco,Tiger Analytics Inc.,-1,0,1,1,2026-09-29,2026-10-06,all events except coverage rows
San Francisco,Tutor Me Education,-1,0,1,1,2026-09-29,2026-10-06,all events except coverage rows
San Francisco,Twenty,-1,0,1,1,2026-09-29,2026-10-06,all events except coverage rows
San Francisco,WorkOS,1,2,1,3,2026-09-29,2026-10-06,all events except coverage rows
San Francisco,Workato,-1,0,1,1,2026-09-29,2026-10-06,all events except coverage rows
San Francisco,Zip,1,4,3,7,2026-09-29,2026-10-06,all events except coverage rows
San Francisco,ZoomInfo Technologies LLC,1,1,0,1,2026-09-29,2026-10-06,all events except coverage rows
San Francisco,about,-1,1,2,3,2026-09-29,2026-10-06,all events except coverage rows
San Francisco,activategames,-1,0,1,1,2026-09-29,2026-10-06,all events except coverage rows
San Francisco,airliquidehr,1,1,0,1,2026-09-29,2026-10-06,all events except coverage rows
San Francisco,akidolabs,-1,0,1,1,2026-09-29,2026-10-06,all events except coverage rows
San Francisco,alljoined,-1,0,1,1,2026-09-29,2026-10-06,all events except coverage rows
San Francisco,ambrook,1,1,0,1,2026-09-29,2026-10-06,all events except coverage rows
San Francisco,amperesand,1,2,1,3,2026-09-29,2026-10-06,all events except coverage rows
San Francisco,anchorqea,1,1,0,1,2026-09-29,2026-10-06,all events except coverage rows
San Francisco,arcadeai,1,1,0,1,2026-09-29,2026-10-06,all events except coverage rows
San Francisco,archgroup,1,1,0,1,2026-09-29,2026-10-06,all events except coverage rows
San Francisco,aritzia,-1,0,1,1,2026-09-29,2026-10-06,all events except coverage rows
San Francisco,att,-1,0,1,1,2026-09-29,2026-10-06,all events except coverage rows
San Francisco,bacr,1,2,1,3,2026-09-29,2026-10-06,all events except coverage rows
San Francisco,baseten,1,6,5,11,2026-09-29,2026-10-06,all events except coverage rows
San Francisco,baxter,1,1,0,1,2026-09-29,2026-10-06,all events except coverage rows
San Francisco,bay-fc-jobs,1,1,0,1,2026-09-29,2026-10-06,all events except coverage rows
San Francisco,berlinrosen,1,1,0,1,2026-09-29,2026-10-06,all events except coverage rows
San Francisco,betterup,-1,0,1,1,2026-09-29,2026-10-06,all events except coverage rows
San Francisco,blacksmith,1,1,0,1,2026-09-29,2026-10-06,all events except coverage rows
San Francisco,bmo,1,2,1,3,2026-09-29,2026-10-06,all events except coverage rows
San Francisco,braintrust,1,1,0,1,2026-09-29,2026-10-06,all events except coverage rows
San Francisco,breakmark,-1,0,1,1,2026-09-29,2026-10-06,all events except coverage rows
San Francisco,broccoli,1,1,0,1,2026-09-29,2026-10-06,all events except coverage rows
San Francisco,capsf,1,1,0,1,2026-09-29,2026-10-06,all events except coverage rows
San Francisco,cardless,-1,0,1,1,2026-09-29,2026-10-06,all events except coverage rows
San Francisco,cast,-1,0,1,1,2026-09-29,2026-10-06,all events except coverage rows
San Francisco,causal,1,1,0,1,2026-09-29,2026-10-06,all events except coverage rows
San Francisco,chatbase,-1,0,1,1,2026-09-29,2026-10-06,all events except coverage rows
San Francisco,childrenscouncilsf,1,2,1,3,2026-09-29,2026-10-06,all events except coverage rows
San Francisco,claylabs,-1,0,1,1,2026-09-29,2026-10-06,all events except coverage rows
San Francisco,cogent-security,-1,1,2,3,2026-09-29,2026-10-06,all events except coverage rows
San Francisco,comfy-org,-1,0,1,1,2026-09-29,2026-10-06,all events except coverage rows
San Francisco,connectedcannabis,1,1,0,1,2026-09-29,2026-10-06,all events except coverage rows
San Francisco,crunchyroll,1,1,0,1,2026-09-29,2026-10-06,all events except coverage rows
San Francisco,cullen-jewellery,1,1,0,1,2026-09-29,2026-10-06,all events except coverage rows
San Francisco,cumminggroup,1,1,0,1,2026-09-29,2026-10-06,all events except coverage rows
San Francisco,cursor,1,1,0,1,2026-09-29,2026-10-06,all events except coverage rows
San Francisco,datamundi,-1,0,1,1,2026-09-29,2026-10-06,all events except coverage rows
San Francisco,daymarkhealth,1,1,0,1,2026-09-29,2026-10-06,all events except coverage rows
San Francisco,delos-careers,-1,0,1,1,2026-09-29,2026-10-06,all events except coverage rows
San Francisco,doss,-1,1,2,3,2026-09-29,2026-10-06,all events except coverage rows
San Francisco,dryft,1,1,0,1,2026-09-29,2026-10-06,all events except coverage rows
San Francisco,ello,1,1,0,1,2026-09-29,2026-10-06,all events except coverage rows
San Francisco,f2-ai,1,1,0,1,2026-09-29,2026-10-06,all events except coverage rows
San Francisco,factory,1,2,1,3,2026-09-29,2026-10-06,all events except coverage rows
San Francisco,ferrovial,-1,0,1,1,2026-09-29,2026-10-06,all events except coverage rows
San Francisco,firecrawl,1,3,2,5,2026-09-29,2026-10-06,all events except coverage rows
San Francisco,fitt,-1,0,1,1,2026-09-29,2026-10-06,all events except coverage rows
San Francisco,flowengineering,-1,3,4,7,2026-09-29,2026-10-06,all events except coverage rows
San Francisco,freed,-1,0,1,1,2026-09-29,2026-10-06,all events except coverage rows
San Francisco,freseniusmedicalcare,1,1,0,1,2026-09-29,2026-10-06,all events except coverage rows
San Francisco,gatewaypublicschools,-1,0,1,1,2026-09-29,2026-10-06,all events except coverage rows
San Francisco,generalmotors,-1,0,1,1,2026-09-29,2026-10-06,all events except coverage rows
San Francisco,gigaml,-1,0,1,1,2026-09-29,2026-10-06,all events except coverage rows
San Francisco,gofundme,-1,0,1,1,2026-09-29,2026-10-06,all events except coverage rows
San Francisco,goodfire,-1,0,1,1,2026-09-29,2026-10-06,all events except coverage rows
San Francisco,gorgias,-1,0,1,1,2026-09-29,2026-10-06,all events except coverage rows
San Francisco,greenlight-workforce-solutions,1,1,0,1,2026-09-29,2026-10-06,all events except coverage rows
San Francisco,gtlaw,-1,0,1,1,2026-09-29,2026-10-06,all events except coverage rows
San Francisco,guild,-1,0,1,1,2026-09-29,2026-10-06,all events except coverage rows
San Francisco,hackerone,-1,0,1,1,2026-09-29,2026-10-06,all events except coverage rows
San Francisco,hellobrightline,1,1,0,1,2026-09-29,2026-10-06,all events except coverage rows
San Francisco,hitachi,1,1,0,1,2026-09-29,2026-10-06,all events except coverage rows
San Francisco,hockeystack,-1,0,1,1,2026-09-29,2026-10-06,all events except coverage rows
San Francisco,homelight,-1,0,1,1,2026-09-29,2026-10-06,all events except coverage rows
San Francisco,honeybook,1,1,0,1,2026-09-29,2026-10-06,all events except coverage rows
San Francisco,hover,-1,0,1,1,2026-09-29,2026-10-06,all events except coverage rows
San Francisco,hp,1,1,0,1,2026-09-29,2026-10-06,all events except coverage rows
San Francisco,human-computer-lab,1,1,0,1,2026-09-29,2026-10-06,all events except coverage rows
San Francisco,humansignal,1,1,0,1,2026-09-29,2026-10-06,all events except coverage rows
San Francisco,hyperbolic,1,2,1,3,2026-09-29,2026-10-06,all events except coverage rows
San Francisco,icf,1,1,0,1,2026-09-29,2026-10-06,all events except coverage rows
San Francisco,ideo,1,1,0,1,2026-09-29,2026-10-06,all events except coverage rows
San Francisco,imbue,-1,1,2,3,2026-09-29,2026-10-06,all events except coverage rows
San Francisco,industrious,-1,0,1,1,2026-09-29,2026-10-06,all events except coverage rows
San Francisco,ironcladhq,1,2,1,3,2026-09-29,2026-10-06,all events except coverage rows
San Francisco,ivo-inc,1,2,1,3,2026-09-29,2026-10-06,all events except coverage rows
San Francisco,jll,-1,10,11,21,2026-09-29,2026-10-06,all events except coverage rows
San Francisco,jobswithjusticesanfrancisco,-1,0,1,1,2026-09-29,2026-10-06,all events except coverage rows
San Francisco,lavendo,-1,0,1,1,2026-09-29,2026-10-06,all events except coverage rows
San Francisco,lendingclub,-1,2,3,5,2026-09-29,2026-10-06,all events except coverage rows
San Francisco,leona,-1,0,1,1,2026-09-29,2026-10-06,all events except coverage rows
San Francisco,levelpath,-1,0,1,1,2026-09-29,2026-10-06,all events except coverage rows
San Francisco,lighthousehq,-1,0,1,1,2026-09-29,2026-10-06,all events except coverage rows
San Francisco,lilt-corporate,-1,0,1,1,2026-09-29,2026-10-06,all events except coverage rows
San Francisco,liveramp,-1,2,3,5,2026-09-29,2026-10-06,all events except coverage rows
San Francisco,lplfinancial,1,1,0,1,2026-09-29,2026-10-06,all events except coverage rows
San Francisco,manulife,-1,0,1,1,2026-09-29,2026-10-06,all events except coverage rows
San Francisco,marcusmillichap,1,1,0,1,2026-09-29,2026-10-06,all events except coverage rows
San Francisco,matpelbuilders,1,1,0,1,2026-09-29,2026-10-06,all events except coverage rows
San Francisco,mattressfirm,1,1,0,1,2026-09-29,2026-10-06,all events except coverage rows
San Francisco,mavenclinic,1,1,0,1,2026-09-29,2026-10-06,all events except coverage rows
San Francisco,meter,-1,0,1,1,2026-09-29,2026-10-06,all events except coverage rows
San Francisco,mintmcp,1,1,0,1,2026-09-29,2026-10-06,all events except coverage rows
San Francisco,nike,-1,0,1,1,2026-09-29,2026-10-06,all events except coverage rows
San Francisco,nirvana,1,1,0,1,2026-09-29,2026-10-06,all events except coverage rows
San Francisco,openevidence,-1,0,1,1,2026-09-29,2026-10-06,all events except coverage rows
San Francisco,ossiumhealth,1,1,0,1,2026-09-29,2026-10-06,all events except coverage rows
San Francisco,outset,1,1,0,1,2026-09-29,2026-10-06,all events except coverage rows
San Francisco,owner,-1,0,1,1,2026-09-29,2026-10-06,all events except coverage rows
San Francisco,paloaltonetworks,-1,1,2,3,2026-09-29,2026-10-06,all events except coverage rows
San Francisco,parachutehome,-1,0,1,1,2026-09-29,2026-10-06,all events except coverage rows
San Francisco,paxlabs,-1,0,1,1,2026-09-29,2026-10-06,all events except coverage rows
San Francisco,phonely,1,2,1,3,2026-09-29,2026-10-06,all events except coverage rows
San Francisco,phonic,1,1,0,1,2026-09-29,2026-10-06,all events except coverage rows
San Francisco,physicalintelligence,1,2,1,3,2026-09-29,2026-10-06,all events except coverage rows
San Francisco,pilothq,-1,1,2,3,2026-09-29,2026-10-06,all events except coverage rows
San Francisco,plasmidsaurus,-1,1,2,3,2026-09-29,2026-10-06,all events except coverage rows
San Francisco,primary,1,1,0,1,2026-09-29,2026-10-06,all events except coverage rows
San Francisco,probablygenetic,1,1,0,1,2026-09-29,2026-10-06,all events except coverage rows
San Francisco,quickenloans,-1,0,1,1,2026-09-29,2026-10-06,all events except coverage rows
San Francisco,rho,-1,0,1,1,2026-09-29,2026-10-06,all events except coverage rows
San Francisco,rillet,1,1,0,1,2026-09-29,2026-10-06,all events except coverage rows
San Francisco,roche,-1,0,1,1,2026-09-29,2026-10-06,all events except coverage rows
San Francisco,rothys,1,2,1,3,2026-09-29,2026-10-06,all events except coverage rows
San Francisco,sbmmanagement,1,2,1,3,2026-09-29,2026-10-06,all events except coverage rows
San Francisco,scribe,-1,0,1,1,2026-09-29,2026-10-06,all events except coverage rows
San Francisco,sesame,-1,1,2,3,2026-09-29,2026-10-06,all events except coverage rows
San Francisco,sfcompute,-1,2,3,5,2026-09-29,2026-10-06,all events except coverage rows
San Francisco,sharebite,1,1,0,1,2026-09-29,2026-10-06,all events except coverage rows
San Francisco,singlestore,-1,0,1,1,2026-09-29,2026-10-06,all events except coverage rows
San Francisco,singlestore-linkedin,-1,0,1,1,2026-09-29,2026-10-06,all events except coverage rows
San Francisco,skinlaundry,1,1,0,1,2026-09-29,2026-10-06,all events except coverage rows
San Francisco,span,-1,1,2,3,2026-09-29,2026-10-06,all events except coverage rows
San Francisco,speak,-1,1,2,3,2026-09-29,2026-10-06,all events except coverage rows
San Francisco,specter,1,1,0,1,2026-09-29,2026-10-06,all events except coverage rows
San Francisco,spothopper,-1,0,1,1,2026-09-29,2026-10-06,all events except coverage rows
San Francisco,springhealth66,1,2,1,3,2026-09-29,2026-10-06,all events except coverage rows
San Francisco,squint.ai,-1,0,1,1,2026-09-29,2026-10-06,all events except coverage rows
San Francisco,stellar,-1,0,1,1,2026-09-29,2026-10-06,all events except coverage rows
San Francisco,stryker,-1,0,1,1,2026-09-29,2026-10-06,all events except coverage rows
San Francisco,taskrabbit,1,1,0,1,2026-09-29,2026-10-06,all events except coverage rows
San Francisco,taskus,-1,0,1,1,2026-09-29,2026-10-06,all events except coverage rows
San Francisco,tatari,-1,0,1,1,2026-09-29,2026-10-06,all events except coverage rows
San Francisco,tavus,1,1,0,1,2026-09-29,2026-10-06,all events except coverage rows
San Francisco,td,1,1,0,1,2026-09-29,2026-10-06,all events except coverage rows
San Francisco,teameigen,-1,0,1,1,2026-09-29,2026-10-06,all events except coverage rows
San Francisco,theeverycompany,-1,0,1,1,2026-09-29,2026-10-06,all events except coverage rows
San Francisco,thehartford,-1,0,1,1,2026-09-29,2026-10-06,all events except coverage rows
San Francisco,tippingpointcommunity,-1,0,1,1,2026-09-29,2026-10-06,all events except coverage rows
San Francisco,tonal,-1,0,1,1,2026-09-29,2026-10-06,all events except coverage rows
San Francisco,townepark,1,1,0,1,2026-09-29,2026-10-06,all events except coverage rows
San Francisco,trajectory,1,1,0,1,2026-09-29,2026-10-06,all events except coverage rows
San Francisco,tray-ai,1,1,0,1,2026-09-29,2026-10-06,all events except coverage rows
San Francisco,truebill,1,1,0,1,2026-09-29,2026-10-06,all events except coverage rows
San Francisco,twelve-labs,1,1,0,1,2026-09-29,2026-10-06,all events except coverage rows
San Francisco,uberfreight,-1,2,3,5,2026-09-29,2026-10-06,all events except coverage rows
San Francisco,uhaul,1,1,0,1,2026-09-29,2026-10-06,all events except coverage rows
San Francisco,unisonhomeownershipinvestors,-1,0,1,1,2026-09-29,2026-10-06,all events except coverage rows
San Francisco,vantagescore,1,1,0,1,2026-09-29,2026-10-06,all events except coverage rows
San Francisco,vsco39,-1,0,1,1,2026-09-29,2026-10-06,all events except coverage rows
San Francisco,wafer,-1,0,1,1,2026-09-29,2026-10-06,all events except coverage rows
San Francisco,wilsonelser,-1,0,1,1,2026-09-29,2026-10-06,all events except coverage rows
San Francisco,wispr-flow,1,3,2,5,2026-09-29,2026-10-06,all events except coverage rows
San Francisco,wonderschool,1,1,0,1,2026-09-29,2026-10-06,all events except coverage rows
San Francisco,workhelix,1,1,0,1,2026-09-29,2026-10-06,all events except coverage rows
San Francisco,writer,1,2,1,3,2026-09-29,2026-10-06,all events except coverage rows
San Francisco,www,1,2,1,3,2026-09-29,2026-10-06,all events except coverage rows
San Francisco,xyz-reality,1,1,0,1,2026-09-29,2026-10-06,all events except coverage rows
San Francisco,Airbnb,0,3,3,6,2026-09-29,2026-10-06,all events except coverage rows
San Francisco,Axon,0,1,1,2,2026-09-29,2026-10-06,all events except coverage rows
San Francisco,Block,0,1,1,2,2026-09-29,2026-10-06,all events except coverage rows
San Francisco,Box,0,1,1,2,2026-09-29,2026-10-06,all events except coverage rows
San Francisco,Collective,0,1,1,2,2026-09-29,2026-10-06,all events except coverage rows
San Francisco,Column,0,1,1,2,2026-09-29,2026-10-06,all events except coverage rows
San Francisco,Constellation,0,1,1,2,2026-09-29,2026-10-06,all events except coverage rows
San Francisco,Crusoe,0,13,13,26,2026-09-29,2026-10-06,all events except coverage rows
San Francisco,DigitalOcean,0,5,5,10,2026-09-29,2026-10-06,all events except coverage rows
San Francisco,Faire,0,5,5,10,2026-09-29,2026-10-06,all events except coverage rows
San Francisco,Fictiv,0,1,1,2,2026-09-29,2026-10-06,all events except coverage rows
San Francisco,Finch,0,1,1,2,2026-09-29,2026-10-06,all events except coverage rows
San Francisco,Flexport,0,1,1,2,2026-09-29,2026-10-06,all events except coverage rows
San Francisco,Klaviyo,0,2,2,4,2026-09-29,2026-10-06,all events except coverage rows
San Francisco,Mercor,0,1,1,2,2026-09-29,2026-10-06,all events except coverage rows
San Francisco,Patreon,0,1,1,2,2026-09-29,2026-10-06,all events except coverage rows
San Francisco,Persona,0,1,1,2,2026-09-29,2026-10-06,all events except coverage rows
San Francisco,Quince,0,1,1,2,2026-09-29,2026-10-06,all events except coverage rows
San Francisco,Ramp,0,1,1,2,2026-09-29,2026-10-06,all events except coverage rows
San Francisco,Redwood Materials,0,3,3,6,2026-09-29,2026-10-06,all events except coverage rows
San Francisco,Sierra,0,5,5,10,2026-09-29,2026-10-06,all events except coverage rows
San Francisco,Speechify,0,1,1,2,2026-09-29,2026-10-06,all events except coverage rows
San Francisco,Together AI,0,2,2,4,2026-09-29,2026-10-06,all events except coverage rows
San Francisco,Whizz,0,1,1,2,2026-09-29,2026-10-06,all events except coverage rows
San Francisco,Zeta Global,0,1,1,2,2026-09-29,2026-10-06,all events except coverage rows
San Francisco,adaption,0,1,1,2,2026-09-29,2026-10-06,all events except coverage rows
San Francisco,afterquery,0,1,1,2,2026-09-29,2026-10-06,all events except coverage rows
San Francisco,aggreko,0,1,1,2,2026-09-29,2026-10-06,all events except coverage rows
San Francisco,ambiencehealthcare,0,1,1,2,2026-09-29,2026-10-06,all events except coverage rows
San Francisco,app,0,1,1,2,2026-09-29,2026-10-06,all events except coverage rows
San Francisco,aureliussystems,0,1,1,2,2026-09-29,2026-10-06,all events except coverage rows
San Francisco,autodesk,0,2,2,4,2026-09-29,2026-10-06,all events except coverage rows
San Francisco,blackrock,0,2,2,4,2026-09-29,2026-10-06,all events except coverage rows
San Francisco,blackstone,0,1,1,2,2026-09-29,2026-10-06,all events except coverage rows
San Francisco,coderabbit,0,1,1,2,2026-09-29,2026-10-06,all events except coverage rows
San Francisco,convene,0,1,1,2,2026-09-29,2026-10-06,all events except coverage rows
San Francisco,convex-dev,0,1,1,2,2026-09-29,2026-10-06,all events except coverage rows
San Francisco,crafty,0,1,1,2,2026-09-29,2026-10-06,all events except coverage rows
San Francisco,cw,0,2,2,4,2026-09-29,2026-10-06,all events except coverage rows
San Francisco,david-ai,0,1,1,2,2026-09-29,2026-10-06,all events except coverage rows
San Francisco,dowjones,0,1,1,2,2026-09-29,2026-10-06,all events except coverage rows
San Francisco,eastdilsecured,0,1,1,2,2026-09-29,2026-10-06,all events except coverage rows
San Francisco,friendliai,0,1,1,2,2026-09-29,2026-10-06,all events except coverage rows
San Francisco,hike-medical,0,2,2,4,2026-09-29,2026-10-06,all events except coverage rows
San Francisco,hpiq,0,2,2,4,2026-09-29,2026-10-06,all events except coverage rows
San Francisco,jack-jill-external-ats,0,1,1,2,2026-09-29,2026-10-06,all events except coverage rows
San Francisco,jj,0,1,1,2,2026-09-29,2026-10-06,all events except coverage rows
San Francisco,magic.dev,0,1,1,2,2026-09-29,2026-10-06,all events except coverage rows
San Francisco,mastercard,0,1,1,2,2026-09-29,2026-10-06,all events except coverage rows
San Francisco,medtronic,0,1,1,2,2026-09-29,2026-10-06,all events except coverage rows
San Francisco,metriport,0,1,1,2,2026-09-29,2026-10-06,all events except coverage rows
San Francisco,middesk,0,1,1,2,2026-09-29,2026-10-06,all events except coverage rows
San Francisco,mintlify,0,1,1,2,2026-09-29,2026-10-06,all events except coverage rows
San Francisco,mydpr,0,1,1,2,2026-09-29,2026-10-06,all events except coverage rows
San Francisco,nen-creative,0,1,1,2,2026-09-29,2026-10-06,all events except coverage rows
San Francisco,nimblerobotics,0,2,2,4,2026-09-29,2026-10-06,all events except coverage rows
San Francisco,nooks,0,2,2,4,2026-09-29,2026-10-06,all events except coverage rows
San Francisco,replo,0,1,1,2,2026-09-29,2026-10-06,all events except coverage rows
San Francisco,shennonbiotechnologies,0,1,1,2,2026-09-29,2026-10-06,all events except coverage rows
San Francisco,shepherd,0,1,1,2,2026-09-29,2026-10-06,all events except coverage rows
San Francisco,tmobile,0,2,2,4,2026-09-29,2026-10-06,all events except coverage rows
San Francisco,tubitv,0,1,1,2,2026-09-29,2026-10-06,all events except coverage rows
San Francisco,upgrade,0,1,1,2,2026-09-29,2026-10-06,all events except coverage rows
San Francisco,usbank,0,1,1,2,2026-09-29,2026-10-06,all events except coverage rows
San Francisco,vals-ai,0,1,1,2,2026-09-29,2026-10-06,all events except coverage rows
San Jose,micron,44,48,4,52,2026-09-29,2026-10-06,all events except coverage rows
San Jose,basspro,15,15,0,15,2026-09-29,2026-10-06,all events except coverage rows
San Jose,adobe,-14,3,17,20,2026-09-29,2026-10-06,all events except coverage rows
San Jose,altera,11,17,6,23,2026-09-29,2026-10-06,all events except coverage rows
San Jose,Archer,-9,0,9,9,2026-09-29,2026-10-06,all events except coverage rows
San Jose,Astera Labs,9,15,6,21,2026-09-29,2026-10-06,all events except coverage rows
San Jose,Figure,-9,12,21,33,2026-09-29,2026-10-06,all events except coverage rows
San Jose,Muon Space,7,16,9,25,2026-09-29,2026-10-06,all events except coverage rows
San Jose,cisco,7,15,8,23,2026-09-29,2026-10-06,all events except coverage rows
San Jose,Roku,-6,1,7,8,2026-09-29,2026-10-06,all events except coverage rows
San Jose,Zscaler,-6,2,8,10,2026-09-29,2026-10-06,all events except coverage rows
San Jose,synnex,5,8,3,11,2026-09-29,2026-10-06,all events except coverage rows
San Jose,Supermicro,4,12,8,20,2026-09-29,2026-10-06,all events except coverage rows
San Jose,careers,4,4,0,4,2026-09-29,2026-10-06,all events except coverage rows
San Jose,2020companies,-3,0,3,3,2026-09-29,2026-10-06,all events except coverage rows
San Jose,OKX,-3,0,3,3,2026-09-29,2026-10-06,all events except coverage rows
San Jose,Veeam Software,3,4,1,5,2026-09-29,2026-10-06,all events except coverage rows
San Jose,itd,-3,0,3,3,2026-09-29,2026-10-06,all events except coverage rows
San Jose,j,-3,4,7,11,2026-09-29,2026-10-06,all events except coverage rows
San Jose,Carvana,-2,0,2,2,2026-09-29,2026-10-06,all events except coverage rows
San Jose,Control Risks,-2,0,2,2,2026-09-29,2026-10-06,all events except coverage rows
San Jose,Lumilens,-2,1,3,4,2026-09-29,2026-10-06,all events except coverage rows
San Jose,Smartsheet,2,3,1,4,2026-09-29,2026-10-06,all events except coverage rows
San Jose,Veterinary Emergency Group (VEG),-2,0,2,2,2026-09-29,2026-10-06,all events except coverage rows
San Jose,WelbeHealth,2,2,0,2,2026-09-29,2026-10-06,all events except coverage rows
San Jose,antora,2,2,0,2,2026-09-29,2026-10-06,all events except coverage rows
San Jose,criticalmass,2,2,0,2,2026-09-29,2026-10-06,all events except coverage rows
San Jose,fivebelow,-2,0,2,2,2026-09-29,2026-10-06,all events except coverage rows
San Jose,ghr,-2,0,2,2,2026-09-29,2026-10-06,all events except coverage rows
San Jose,hpe,2,5,3,8,2026-09-29,2026-10-06,all events except coverage rows
San Jose,logitech,-2,0,2,2,2026-09-29,2026-10-06,all events except coverage rows
San Jose,lpadesignstudios,-2,0,2,2,2026-09-29,2026-10-06,all events except coverage rows
San Jose,monolithicpower,-2,3,5,8,2026-09-29,2026-10-06,all events except coverage rows
San Jose,nordstrom,2,9,7,16,2026-09-29,2026-10-06,all events except coverage rows
San Jose,paypal,2,4,2,6,2026-09-29,2026-10-06,all events except coverage rows
San Jose,roche,-2,5,7,12,2026-09-29,2026-10-06,all events except coverage rows
San Jose,stryker,2,4,2,6,2026-09-29,2026-10-06,all events except coverage rows
San Jose,swarovski,-2,0,2,2,2026-09-29,2026-10-06,all events except coverage rows
San Jose,CLEAR - Field,-1,0,1,1,2026-09-29,2026-10-06,all events except coverage rows
San Jose,Cloudinary,1,1,0,1,2026-09-29,2026-10-06,all events except coverage rows
San Jose,DoorDash USA,-1,0,1,1,2026-09-29,2026-10-06,all events except coverage rows
San Jose,EXTREME NETWORKS,1,1,0,1,2026-09-29,2026-10-06,all events except coverage rows
San Jose,Hudson Manpower,-1,0,1,1,2026-09-29,2026-10-06,all events except coverage rows
San Jose,Intellect,-1,0,1,1,2026-09-29,2026-10-06,all events except coverage rows
San Jose,Lucid Motors,1,1,0,1,2026-09-29,2026-10-06,all events except coverage rows
San Jose,NakedMD,-1,0,1,1,2026-09-29,2026-10-06,all events except coverage rows
San Jose,Outset Medical,1,2,1,3,2026-09-29,2026-10-06,all events except coverage rows
San Jose,Pearce Services,-1,2,3,5,2026-09-29,2026-10-06,all events except coverage rows
San Jose,Speechify,1,1,0,1,2026-09-29,2026-10-06,all events except coverage rows
San Jose,Teradyne,1,1,0,1,2026-09-29,2026-10-06,all events except coverage rows
San Jose,The Trade Desk,-1,0,1,1,2026-09-29,2026-10-06,all events except coverage rows
San Jose,acciona,1,1,0,1,2026-09-29,2026-10-06,all events except coverage rows
San Jose,alignmenthealthcare,-1,0,1,1,2026-09-29,2026-10-06,all events except coverage rows
San Jose,alkira,1,1,0,1,2026-09-29,2026-10-06,all events except coverage rows
San Jose,alphapublicschools,-1,1,2,3,2026-09-29,2026-10-06,all events except coverage rows
San Jose,amat,-1,0,1,1,2026-09-29,2026-10-06,all events except coverage rows
San Jose,americanredcross,1,1,0,1,2026-09-29,2026-10-06,all events except coverage rows
San Jose,armaninollp,-1,0,1,1,2026-09-29,2026-10-06,all events except coverage rows
San Jose,bmo,-1,0,1,1,2026-09-29,2026-10-06,all events except coverage rows
San Jose,cafortune,1,1,0,1,2026-09-29,2026-10-06,all events except coverage rows
San Jose,cbemllc,1,1,0,1,2026-09-29,2026-10-06,all events except coverage rows
San Jose,cc,1,1,0,1,2026-09-29,2026-10-06,all events except coverage rows
San Jose,colliers,1,1,0,1,2026-09-29,2026-10-06,all events except coverage rows
San Jose,complianceandrisks,-1,0,1,1,2026-09-29,2026-10-06,all events except coverage rows
San Jose,eh2,-1,0,1,1,2026-09-29,2026-10-06,all events except coverage rows
San Jose,ferguson,-1,1,2,3,2026-09-29,2026-10-06,all events except coverage rows
San Jose,ffive,1,1,0,1,2026-09-29,2026-10-06,all events except coverage rows
San Jose,fico,1,1,0,1,2026-09-29,2026-10-06,all events except coverage rows
San Jose,fortrea,1,3,2,5,2026-09-29,2026-10-06,all events except coverage rows
San Jose,hntb,1,1,0,1,2026-09-29,2026-10-06,all events except coverage rows
San Jose,innophaseiot,1,1,0,1,2026-09-29,2026-10-06,all events except coverage rows
San Jose,insperity,1,1,0,1,2026-09-29,2026-10-06,all events except coverage rows
San Jose,ioaging,-1,0,1,1,2026-09-29,2026-10-06,all events except coverage rows
San Jose,jj,-1,1,2,3,2026-09-29,2026-10-06,all events except coverage rows
San Jose,lowes,1,1,0,1,2026-09-29,2026-10-06,all events except coverage rows
San Jose,mastercard,-1,0,1,1,2026-09-29,2026-10-06,all events except coverage rows
San Jose,mattressfirm,1,1,0,1,2026-09-29,2026-10-06,all events except coverage rows
San Jose,netapp,1,2,1,3,2026-09-29,2026-10-06,all events except coverage rows
San Jose,neweratech,-1,0,1,1,2026-09-29,2026-10-06,all events except coverage rows
San Jose,nike,1,1,0,1,2026-09-29,2026-10-06,all events except coverage rows
San Jose,republic,1,1,0,1,2026-09-29,2026-10-06,all events except coverage rows
San Jose,samsungsemiconductor,-1,7,8,15,2026-09-29,2026-10-06,all events except coverage rows
San Jose,silabs,-1,0,1,1,2026-09-29,2026-10-06,all events except coverage rows
San Jose,sonyglobal,-1,0,1,1,2026-09-29,2026-10-06,all events except coverage rows
San Jose,spothopper,-1,0,1,1,2026-09-29,2026-10-06,all events except coverage rows
San Jose,sway,-1,0,1,1,2026-09-29,2026-10-06,all events except coverage rows
San Jose,taskus,-1,0,1,1,2026-09-29,2026-10-06,all events except coverage rows
San Jose,tmobile,-1,0,1,1,2026-09-29,2026-10-06,all events except coverage rows
San Jose,usbank,-1,0,1,1,2026-09-29,2026-10-06,all events except coverage rows
San Jose,usenourish,-1,0,1,1,2026-09-29,2026-10-06,all events except coverage rows
San Jose,wedgewoodpharmacy,-1,0,1,1,2026-09-29,2026-10-06,all events except coverage rows
San Jose,wf,-1,1,2,3,2026-09-29,2026-10-06,all events except coverage rows
San Jose,www,1,1,0,1,2026-09-29,2026-10-06,all events except coverage rows
San Jose,zoll,-1,0,1,1,2026-09-29,2026-10-06,all events except coverage rows
San Jose,Etched,0,1,1,2,2026-09-29,2026-10-06,all events except coverage rows
San Jose,LifeStance Health,0,1,1,2,2026-09-29,2026-10-06,all events except coverage rows
San Jose,Think Academy US,0,6,6,12,2026-09-29,2026-10-06,all events except coverage rows
San Jose,bloomenergy,0,3,3,6,2026-09-29,2026-10-06,all events except coverage rows
San Jose,cadence,0,7,7,14,2026-09-29,2026-10-06,all events except coverage rows
San Jose,ebay,0,1,1,2,2026-09-29,2026-10-06,all events except coverage rows
San Jose,jabil,0,1,1,2,2026-09-29,2026-10-06,all events except coverage rows
San Jose,jll,0,5,5,10,2026-09-29,2026-10-06,all events except coverage rows
San Jose,medtronic,0,2,2,4,2026-09-29,2026-10-06,all events except coverage rows
San Jose,rsm,0,1,1,2,2026-09-29,2026-10-06,all events except coverage rows
San Jose,the-tech,0,1,1,2,2026-09-29,2026-10-06,all events except coverage rows
San Jose,topgolf,0,1,1,2,2026-09-29,2026-10-06,all events except coverage rows
Santa Clara,amat,-10,35,45,80,2026-09-29,2026-10-06,all events except coverage rows
Santa Clara,jj,-8,14,22,36,2026-09-29,2026-10-06,all events except coverage rows
Santa Clara,Oklo,-6,0,6,6,2026-09-29,2026-10-06,all events except coverage rows
Santa Clara,marvell,6,18,12,30,2026-09-29,2026-10-06,all events except coverage rows
Santa Clara,www,-6,2,8,10,2026-09-29,2026-10-06,all events except coverage rows
Santa Clara,paloaltonetworks,-5,2,7,9,2026-09-29,2026-10-06,all events except coverage rows
Santa Clara,Tenstorrent,3,6,3,9,2026-09-29,2026-10-06,all events except coverage rows
Santa Clara,cobot,3,3,0,3,2026-09-29,2026-10-06,all events except coverage rows
Santa Clara,d-matrix,3,5,2,7,2026-09-29,2026-10-06,all events except coverage rows
Santa Clara,jll,-3,0,3,3,2026-09-29,2026-10-06,all events except coverage rows
Santa Clara,nexthopai,-3,0,3,3,2026-09-29,2026-10-06,all events except coverage rows
Santa Clara,roche,-3,1,4,5,2026-09-29,2026-10-06,all events except coverage rows
Santa Clara,ALO,-2,0,2,2,2026-09-29,2026-10-06,all events except coverage rows
Santa Clara,"Carbon, Inc.",2,2,0,2,2026-09-29,2026-10-06,all events except coverage rows
Santa Clara,IonQ,2,3,1,4,2026-09-29,2026-10-06,all events except coverage rows
Santa Clara,Zscaler,2,3,1,4,2026-09-29,2026-10-06,all events except coverage rows
Santa Clara,aeris-communications-inc,2,2,0,2,2026-09-29,2026-10-06,all events except coverage rows
Santa Clara,j,2,9,7,16,2026-09-29,2026-10-06,all events except coverage rows
Santa Clara,sustainabletalent,2,2,0,2,2026-09-29,2026-10-06,all events except coverage rows
Santa Clara,xpengmotors,2,2,0,2,2026-09-29,2026-10-06,all events except coverage rows
Santa Clara,Advantmed,1,1,0,1,2026-09-29,2026-10-06,all events except coverage rows
Santa Clara,Everpure,-1,23,24,47,2026-09-29,2026-10-06,all events except coverage rows
Santa Clara,GoDaddy,-1,0,1,1,2026-09-29,2026-10-06,all events except coverage rows
Santa Clara,Lucid Motors,-1,0,1,1,2026-09-29,2026-10-06,all events except coverage rows
Santa Clara,Speechify,1,1,0,1,2026-09-29,2026-10-06,all events except coverage rows
Santa Clara,Two95 International Inc.,1,1,0,1,2026-09-29,2026-10-06,all events except coverage rows
Santa Clara,agora,-1,0,1,1,2026-09-29,2026-10-06,all events except coverage rows
Santa Clara,america-west-medical-transport-careers,1,1,0,1,2026-09-29,2026-10-06,all events except coverage rows
Santa Clara,atomicmachines,-1,0,1,1,2026-09-29,2026-10-06,all events except coverage rows
Santa Clara,att,-1,1,2,3,2026-09-29,2026-10-06,all events except coverage rows
Santa Clara,aviatrix,1,1,0,1,2026-09-29,2026-10-06,all events except coverage rows
Santa Clara,baxter,1,1,0,1,2026-09-29,2026-10-06,all events except coverage rows
Santa Clara,careers,1,1,0,1,2026-09-29,2026-10-06,all events except coverage rows
Santa Clara,cc,-1,0,1,1,2026-09-29,2026-10-06,all events except coverage rows
Santa Clara,csdautismservices,1,1,0,1,2026-09-29,2026-10-06,all events except coverage rows
Santa Clara,flowserve,1,1,0,1,2026-09-29,2026-10-06,all events except coverage rows
Santa Clara,ghr,-1,0,1,1,2026-09-29,2026-10-06,all events except coverage rows
Santa Clara,hitachi,-1,0,1,1,2026-09-29,2026-10-06,all events except coverage rows
Santa Clara,jcrew,-1,0,1,1,2026-09-29,2026-10-06,all events except coverage rows
Santa Clara,kandou,-1,0,1,1,2026-09-29,2026-10-06,all events except coverage rows
Santa Clara,kimberlyclark,-1,2,3,5,2026-09-29,2026-10-06,all events except coverage rows
Santa Clara,litmus,1,1,0,1,2026-09-29,2026-10-06,all events except coverage rows
Santa Clara,midpenhousing,1,1,0,1,2026-09-29,2026-10-06,all events except coverage rows
Santa Clara,netpreme,1,1,0,1,2026-09-29,2026-10-06,all events except coverage rows
Santa Clara,orkes,-1,0,1,1,2026-09-29,2026-10-06,all events except coverage rows
Santa Clara,reevo,-1,0,1,1,2026-09-29,2026-10-06,all events except coverage rows
Santa Clara,sbmmanagement,1,1,0,1,2026-09-29,2026-10-06,all events except coverage rows
Santa Clara,selectorsoftware,-1,0,1,1,2026-09-29,2026-10-06,all events except coverage rows
Santa Clara,siboneinc,1,1,0,1,2026-09-29,2026-10-06,all events except coverage rows
Santa Clara,sifive,-1,0,1,1,2026-09-29,2026-10-06,all events except coverage rows
Santa Clara,swarovski,1,1,0,1,2026-09-29,2026-10-06,all events except coverage rows
Santa Clara,tenstorrentuniversity,-1,0,1,1,2026-09-29,2026-10-06,all events except coverage rows
Santa Clara,tjx,1,1,0,1,2026-09-29,2026-10-06,all events except coverage rows
Santa Clara,tmobile,-1,0,1,1,2026-09-29,2026-10-06,all events except coverage rows
Santa Clara,toryburch,1,1,0,1,2026-09-29,2026-10-06,all events except coverage rows
Santa Clara,wf,1,1,0,1,2026-09-29,2026-10-06,all events except coverage rows
Santa Clara,LG Electronics,0,1,1,2,2026-09-29,2026-10-06,all events except coverage rows
Santa Clara,SPS North America,0,1,1,2,2026-09-29,2026-10-06,all events except coverage rows
Santa Clara,forwardnetworks,0,2,2,4,2026-09-29,2026-10-06,all events except coverage rows
Sao Paulo,WPP Media,-6,3,9,12,2026-09-29,2026-10-06,all events except coverage rows
Sao Paulo,roche,4,6,2,8,2026-09-29,2026-10-06,all events except coverage rows
Sao Paulo,gehc,3,7,4,11,2026-09-29,2026-10-06,all events except coverage rows
Sao Paulo,mosaic,3,4,1,5,2026-09-29,2026-10-06,all events except coverage rows
Sao Paulo,Airbnb,-2,0,2,2,2026-09-29,2026-10-06,all events except coverage rows
Sao Paulo,Payoneer,2,2,0,2,2026-09-29,2026-10-06,all events except coverage rows
Sao Paulo,Stone - Linkedin,2,5,3,8,2026-09-29,2026-10-06,all events except coverage rows
Sao Paulo,aig,2,2,0,2,2026-09-29,2026-10-06,all events except coverage rows
Sao Paulo,cat,-2,0,2,2,2026-09-29,2026-10-06,all events except coverage rows
Sao Paulo,cisco,2,2,0,2,2026-09-29,2026-10-06,all events except coverage rows
Sao Paulo,commure,2,2,0,2,2026-09-29,2026-10-06,all events except coverage rows
Sao Paulo,jll,2,10,8,18,2026-09-29,2026-10-06,all events except coverage rows
Sao Paulo,mastercard,2,7,5,12,2026-09-29,2026-10-06,all events except coverage rows
Sao Paulo,nttlimited,-2,4,6,10,2026-09-29,2026-10-06,all events except coverage rows
Sao Paulo,onelocal,2,2,0,2,2026-09-29,2026-10-06,all events except coverage rows
Sao Paulo,xylem,-2,0,2,2,2026-09-29,2026-10-06,all events except coverage rows
Sao Paulo,BW,-1,0,1,1,2026-09-29,2026-10-06,all events except coverage rows
Sao Paulo,Betsson Group,-1,0,1,1,2026-09-29,2026-10-06,all events except coverage rows
Sao Paulo,Databricks,1,1,0,1,2026-09-29,2026-10-06,all events except coverage rows
Sao Paulo,Halter,1,1,0,1,2026-09-29,2026-10-06,all events except coverage rows
Sao Paulo,Riskified,-1,0,1,1,2026-09-29,2026-10-06,all events except coverage rows
Sao Paulo,Veeam Software,-1,0,1,1,2026-09-29,2026-10-06,all events except coverage rows
Sao Paulo,abb,-1,0,1,1,2026-09-29,2026-10-06,all events except coverage rows
Sao Paulo,alsglobal,1,2,1,3,2026-09-29,2026-10-06,all events except coverage rows
Sao Paulo,cae,-1,0,1,1,2026-09-29,2026-10-06,all events except coverage rows
Sao Paulo,cc,1,1,0,1,2026-09-29,2026-10-06,all events except coverage rows
Sao Paulo,convatec,-1,2,3,5,2026-09-29,2026-10-06,all events except coverage rows
Sao Paulo,diageo,-1,3,4,7,2026-09-29,2026-10-06,all events except coverage rows
Sao Paulo,erm,1,2,1,3,2026-09-29,2026-10-06,all events except coverage rows
Sao Paulo,fortive,1,1,0,1,2026-09-29,2026-10-06,all events except coverage rows
Sao Paulo,growe,-1,0,1,1,2026-09-29,2026-10-06,all events except coverage rows
Sao Paulo,growetalents,-1,0,1,1,2026-09-29,2026-10-06,all events except coverage rows
Sao Paulo,hpe,1,1,0,1,2026-09-29,2026-10-06,all events except coverage rows
Sao Paulo,ideals,1,1,0,1,2026-09-29,2026-10-06,all events except coverage rows
Sao Paulo,kyndryl,-1,0,1,1,2026-09-29,2026-10-06,all events except coverage rows
Sao Paulo,logitech,1,1,0,1,2026-09-29,2026-10-06,all events except coverage rows
Sao Paulo,medtronic,1,5,4,9,2026-09-29,2026-10-06,all events except coverage rows
Sao Paulo,motorolasolutions,1,1,0,1,2026-09-29,2026-10-06,all events except coverage rows
Sao Paulo,osigu,-1,0,1,1,2026-09-29,2026-10-06,all events except coverage rows
Sao Paulo,paloaltonetworks,-1,0,1,1,2026-09-29,2026-10-06,all events except coverage rows
Sao Paulo,roquette,1,1,0,1,2026-09-29,2026-10-06,all events except coverage rows
Sao Paulo,santander,-1,32,33,65,2026-09-29,2026-10-06,all events except coverage rows
Sao Paulo,sigmaworld,-1,0,1,1,2026-09-29,2026-10-06,all events except coverage rows
Sao Paulo,smiletrain,1,1,0,1,2026-09-29,2026-10-06,all events except coverage rows
Sao Paulo,spacexglobal,1,1,0,1,2026-09-29,2026-10-06,all events except coverage rows
Sao Paulo,stryker,1,1,0,1,2026-09-29,2026-10-06,all events except coverage rows
Sao Paulo,Datadog,0,2,2,4,2026-09-29,2026-10-06,all events except coverage rows
Sao Paulo,Stone - Indeed,0,1,1,2,2026-09-29,2026-10-06,all events except coverage rows
Sao Paulo,adobe,0,1,1,2,2026-09-29,2026-10-06,all events except coverage rows
Sao Paulo,biibhr,0,1,1,2,2026-09-29,2026-10-06,all events except coverage rows
Sao Paulo,fico,0,1,1,2,2026-09-29,2026-10-06,all events except coverage rows
Sao Paulo,gevernova,0,1,1,2,2026-09-29,2026-10-06,all events except coverage rows
Sao Paulo,warnerbros,0,3,3,6,2026-09-29,2026-10-06,all events except coverage rows
Seattle,quickenloans,-11,0,11,11,2026-09-29,2026-10-06,all events except coverage rows
Seattle,Brex,6,9,3,12,2026-09-29,2026-10-06,all events except coverage rows
Seattle,Axon,-5,3,8,11,2026-09-29,2026-10-06,all events except coverage rows
Seattle,DigitalOcean,-5,5,10,15,2026-09-29,2026-10-06,all events except coverage rows
Seattle,One Medical,5,8,3,11,2026-09-29,2026-10-06,all events except coverage rows
Seattle,careers,5,5,0,5,2026-09-29,2026-10-06,all events except coverage rows
Seattle,nordstrom,-5,28,33,61,2026-09-29,2026-10-06,all events except coverage rows
Seattle,stanley1913-us,-5,1,6,7,2026-09-29,2026-10-06,all events except coverage rows
Seattle,sleeper,-4,0,4,4,2026-09-29,2026-10-06,all events except coverage rows
Seattle,twitch,-4,0,4,4,2026-09-29,2026-10-06,all events except coverage rows
Seattle,Adaptive Biotechnologies,-3,0,3,3,2026-09-29,2026-10-06,all events except coverage rows
Seattle,Compass,3,6,3,9,2026-09-29,2026-10-06,all events except coverage rows
Seattle,carbonrobotics,-3,0,3,3,2026-09-29,2026-10-06,all events except coverage rows
Seattle,rentspree,3,4,1,5,2026-09-29,2026-10-06,all events except coverage rows
Seattle,tin-can,-3,1,4,5,2026-09-29,2026-10-06,all events except coverage rows
Seattle,www,3,6,3,9,2026-09-29,2026-10-06,all events except coverage rows
Seattle,Anduril Industries,2,8,6,14,2026-09-29,2026-10-06,all events except coverage rows
Seattle,Carvana,-2,1,3,4,2026-09-29,2026-10-06,all events except coverage rows
Seattle,Outreach,-2,0,2,2,2026-09-29,2026-10-06,all events except coverage rows
Seattle,SPS North America,-2,0,2,2,2026-09-29,2026-10-06,all events except coverage rows
Seattle,airgarage,2,2,0,2,2026-09-29,2026-10-06,all events except coverage rows
Seattle,aritzia,-2,0,2,2,2026-09-29,2026-10-06,all events except coverage rows
Seattle,aurelian,-2,2,4,6,2026-09-29,2026-10-06,all events except coverage rows
Seattle,cw,2,2,0,2,2026-09-29,2026-10-06,all events except coverage rows
Seattle,fuseglobalpartners,2,2,0,2,2026-09-29,2026-10-06,all events except coverage rows
Seattle,gatesfoundation,-2,5,7,12,2026-09-29,2026-10-06,all events except coverage rows
Seattle,gradial,2,3,1,4,2026-09-29,2026-10-06,all events except coverage rows
Seattle,hiya,2,2,0,2,2026-09-29,2026-10-06,all events except coverage rows
Seattle,hpe,2,2,0,2,2026-09-29,2026-10-06,all events except coverage rows
Seattle,impinjexternal,2,3,1,4,2026-09-29,2026-10-06,all events except coverage rows
Seattle,invitationhomes,-2,0,2,2,2026-09-29,2026-10-06,all events except coverage rows
Seattle,its,2,2,0,2,2026-09-29,2026-10-06,all events except coverage rows
Seattle,j,-2,3,5,8,2026-09-29,2026-10-06,all events except coverage rows
Seattle,jll,2,5,3,8,2026-09-29,2026-10-06,all events except coverage rows
Seattle,keybank,2,2,0,2,2026-09-29,2026-10-06,all events except coverage rows
Seattle,leidos,-2,0,2,2,2026-09-29,2026-10-06,all events except coverage rows
Seattle,nuancelabs,2,2,0,2,2026-09-29,2026-10-06,all events except coverage rows
Seattle,pitchbookdata,-2,4,6,10,2026-09-29,2026-10-06,all events except coverage rows
Seattle,remitly,2,8,6,14,2026-09-29,2026-10-06,all events except coverage rows
Seattle,truveta,-2,3,5,8,2026-09-29,2026-10-06,all events except coverage rows
Seattle,usbank,2,5,3,8,2026-09-29,2026-10-06,all events except coverage rows
Seattle,2020companies,-1,0,1,1,2026-09-29,2026-10-06,all events except coverage rows
Seattle,ABC Legal Services,1,1,0,1,2026-09-29,2026-10-06,all events except coverage rows
Seattle,AIM,1,2,1,3,2026-09-29,2026-10-06,all events except coverage rows
Seattle,Accenture Federal Services,1,1,0,1,2026-09-29,2026-10-06,all events except coverage rows
Seattle,AtriCure,-1,0,1,1,2026-09-29,2026-10-06,all events except coverage rows
Seattle,AvePoint,1,1,0,1,2026-09-29,2026-10-06,all events except coverage rows
Seattle,Block,-1,0,1,1,2026-09-29,2026-10-06,all events except coverage rows
Seattle,Box,1,1,0,1,2026-09-29,2026-10-06,all events except coverage rows
Seattle,Bush & Bush Law Group,1,1,0,1,2026-09-29,2026-10-06,all events except coverage rows
Seattle,CookUnity,1,1,0,1,2026-09-29,2026-10-06,all events except coverage rows
Seattle,Helion,-1,0,1,1,2026-09-29,2026-10-06,all events except coverage rows
Seattle,Horace Mann - Agent Opportunities,-1,0,1,1,2026-09-29,2026-10-06,all events except coverage rows
Seattle,Lincoln Property Company,-1,0,1,1,2026-09-29,2026-10-06,all events except coverage rows
Seattle,Mixpanel,-1,0,1,1,2026-09-29,2026-10-06,all events except coverage rows
Seattle,NICE,-1,0,1,1,2026-09-29,2026-10-06,all events except coverage rows
Seattle,NeuroPace,-1,0,1,1,2026-09-29,2026-10-06,all events except coverage rows
Seattle,Octave,-1,0,1,1,2026-09-29,2026-10-06,all events except coverage rows
Seattle,Outset Medical,-1,0,1,1,2026-09-29,2026-10-06,all events except coverage rows
Seattle,Pinterest,-1,0,1,1,2026-09-29,2026-10-06,all events except coverage rows
Seattle,Sapsol Technologies Inc,-1,0,1,1,2026-09-29,2026-10-06,all events except coverage rows
Seattle,Tiger Analytics Inc.,-1,0,1,1,2026-09-29,2026-10-06,all events except coverage rows
Seattle,Toast,-1,0,1,1,2026-09-29,2026-10-06,all events except coverage rows
Seattle,Triumvirate Environmental,1,1,0,1,2026-09-29,2026-10-06,all events except coverage rows
Seattle,Tyson & Mendes LLP,-1,0,1,1,2026-09-29,2026-10-06,all events except coverage rows
Seattle,Veterinary Emergency Group (VEG),-1,0,1,1,2026-09-29,2026-10-06,all events except coverage rows
Seattle,Xometry,1,1,0,1,2026-09-29,2026-10-06,all events except coverage rows
Seattle,ZipRecruiter,1,1,0,1,2026-09-29,2026-10-06,all events except coverage rows
Seattle,Zoox,-1,0,1,1,2026-09-29,2026-10-06,all events except coverage rows
Seattle,adobe,-1,0,1,1,2026-09-29,2026-10-06,all events except coverage rows
Seattle,affinitiv,1,1,0,1,2026-09-29,2026-10-06,all events except coverage rows
Seattle,aisobservers,-1,0,1,1,2026-09-29,2026-10-06,all events except coverage rows
Seattle,americanredcross,-1,0,1,1,2026-09-29,2026-10-06,all events except coverage rows
Seattle,amperity,1,1,0,1,2026-09-29,2026-10-06,all events except coverage rows
Seattle,app,1,1,0,1,2026-09-29,2026-10-06,all events except coverage rows
Seattle,applied,-1,0,1,1,2026-09-29,2026-10-06,all events except coverage rows
Seattle,axontalentcommunity,-1,0,1,1,2026-09-29,2026-10-06,all events except coverage rows
Seattle,baldwin,1,1,0,1,2026-09-29,2026-10-06,all events except coverage rows
Seattle,bbyo,-1,0,1,1,2026-09-29,2026-10-06,all events except coverage rows
Seattle,bcmone,1,1,0,1,2026-09-29,2026-10-06,all events except coverage rows
Seattle,bdainc,-1,0,1,1,2026-09-29,2026-10-06,all events except coverage rows
Seattle,brinc,1,3,2,5,2026-09-29,2026-10-06,all events except coverage rows
Seattle,careers-ucfs,-1,0,1,1,2026-09-29,2026-10-06,all events except coverage rows
Seattle,convatec,1,1,0,1,2026-09-29,2026-10-06,all events except coverage rows
Seattle,cooley,-1,0,1,1,2026-09-29,2026-10-06,all events except coverage rows
Seattle,crafty,-1,0,1,1,2026-09-29,2026-10-06,all events except coverage rows
Seattle,cumminggroup,1,1,0,1,2026-09-29,2026-10-06,all events except coverage rows
Seattle,docker,1,1,0,1,2026-09-29,2026-10-06,all events except coverage rows
Seattle,endurance-energy,1,3,2,5,2026-09-29,2026-10-06,all events except coverage rows
Seattle,establishmentlabs,1,1,0,1,2026-09-29,2026-10-06,all events except coverage rows
Seattle,extrahopnetworks,1,1,0,1,2026-09-29,2026-10-06,all events except coverage rows
Seattle,ferguson,-1,0,1,1,2026-09-29,2026-10-06,all events except coverage rows
Seattle,ffive,1,4,3,7,2026-09-29,2026-10-06,all events except coverage rows
Seattle,filson,1,1,0,1,2026-09-29,2026-10-06,all events except coverage rows
Seattle,finalstrikegames,-1,0,1,1,2026-09-29,2026-10-06,all events except coverage rows
Seattle,flexe,1,1,0,1,2026-09-29,2026-10-06,all events except coverage rows
Seattle,fmr,-1,0,1,1,2026-09-29,2026-10-06,all events except coverage rows
Seattle,geico,1,1,0,1,2026-09-29,2026-10-06,all events except coverage rows
Seattle,ghr,-1,0,1,1,2026-09-29,2026-10-06,all events except coverage rows
Seattle,graybar,1,1,0,1,2026-09-29,2026-10-06,all events except coverage rows
Seattle,guardianpharmacy,1,1,0,1,2026-09-29,2026-10-06,all events except coverage rows
Seattle,heidelbergmaterials,-1,0,1,1,2026-09-29,2026-10-06,all events except coverage rows
Seattle,hhnw,1,1,0,1,2026-09-29,2026-10-06,all events except coverage rows
Seattle,hoedemakerpfeiffer,1,1,0,1,2026-09-29,2026-10-06,all events except coverage rows
Seattle,holmanautogroup,-1,0,1,1,2026-09-29,2026-10-06,all events except coverage rows
Seattle,hometrack,-1,0,1,1,2026-09-29,2026-10-06,all events except coverage rows
Seattle,humana,-1,0,1,1,2026-09-29,2026-10-06,all events except coverage rows
Seattle,icf,1,1,0,1,2026-09-29,2026-10-06,all events except coverage rows
Seattle,invesco,1,1,0,1,2026-09-29,2026-10-06,all events except coverage rows
Seattle,ivyrehab,1,1,0,1,2026-09-29,2026-10-06,all events except coverage rows
Seattle,jcrew,-1,0,1,1,2026-09-29,2026-10-06,all events except coverage rows
Seattle,jennikayne,1,1,0,1,2026-09-29,2026-10-06,all events except coverage rows
Seattle,jj,-1,1,2,3,2026-09-29,2026-10-06,all events except coverage rows
Seattle,lowes,-1,1,2,3,2026-09-29,2026-10-06,all events except coverage rows
Seattle,marcusmillichap,1,1,0,1,2026-09-29,2026-10-06,all events except coverage rows
Seattle,mattressfirm,-1,0,1,1,2026-09-29,2026-10-06,all events except coverage rows
Seattle,mcghealth,1,2,1,3,2026-09-29,2026-10-06,all events except coverage rows
Seattle,medtronic,1,3,2,5,2026-09-29,2026-10-06,all events except coverage rows
Seattle,metropolis,-1,0,1,1,2026-09-29,2026-10-06,all events except coverage rows
Seattle,micron,1,1,0,1,2026-09-29,2026-10-06,all events except coverage rows
Seattle,ms,1,1,0,1,2026-09-29,2026-10-06,all events except coverage rows
Seattle,mydpr,-1,0,1,1,2026-09-29,2026-10-06,all events except coverage rows
Seattle,myhrabc,-1,0,1,1,2026-09-29,2026-10-06,all events except coverage rows
Seattle,newengeninc,-1,0,1,1,2026-09-29,2026-10-06,all events except coverage rows
Seattle,paloaltonetworks,1,1,0,1,2026-09-29,2026-10-06,all events except coverage rows
Seattle,patientpoint,1,1,0,1,2026-09-29,2026-10-06,all events except coverage rows
Seattle,pndengineers1,1,1,0,1,2026-09-29,2026-10-06,all events except coverage rows
Seattle,possible-finance,1,2,1,3,2026-09-29,2026-10-06,all events except coverage rows
Seattle,prr,-1,0,1,1,2026-09-29,2026-10-06,all events except coverage rows
Seattle,rb,-1,0,1,1,2026-09-29,2026-10-06,all events except coverage rows
Seattle,republic,1,1,0,1,2026-09-29,2026-10-06,all events except coverage rows
Seattle,rfmarch,-1,0,1,1,2026-09-29,2026-10-06,all events except coverage rows
Seattle,rippling,1,2,1,3,2026-09-29,2026-10-06,all events except coverage rows
Seattle,roberthalf,-1,0,1,1,2026-09-29,2026-10-06,all events except coverage rows
Seattle,rsm,-1,0,1,1,2026-09-29,2026-10-06,all events except coverage rows
Seattle,seattle-credit-union-careers,-1,1,2,3,2026-09-29,2026-10-06,all events except coverage rows
Seattle,sedgwick,1,1,0,1,2026-09-29,2026-10-06,all events except coverage rows
Seattle,seisandbox,-1,0,1,1,2026-09-29,2026-10-06,all events except coverage rows
Seattle,sift,-1,0,1,1,2026-09-29,2026-10-06,all events except coverage rows
Seattle,sonicwall,1,1,0,1,2026-09-29,2026-10-06,all events except coverage rows
Seattle,spothopper,-1,0,1,1,2026-09-29,2026-10-06,all events except coverage rows
Seattle,stonekite,-1,0,1,1,2026-09-29,2026-10-06,all events except coverage rows
Seattle,tggaccounting,1,1,0,1,2026-09-29,2026-10-06,all events except coverage rows
Seattle,thealleninstitute,-1,1,2,3,2026-09-29,2026-10-06,all events except coverage rows
Seattle,thermofisher,-1,0,1,1,2026-09-29,2026-10-06,all events except coverage rows
Seattle,tiaa,-1,0,1,1,2026-09-29,2026-10-06,all events except coverage rows
Seattle,townepark,-1,1,2,3,2026-09-29,2026-10-06,all events except coverage rows
Seattle,washingtonea,1,1,0,1,2026-09-29,2026-10-06,all events except coverage rows
Seattle,waverlyadvisorsllc,-1,0,1,1,2026-09-29,2026-10-06,all events except coverage rows
Seattle,wf,-1,1,2,3,2026-09-29,2026-10-06,all events except coverage rows
Seattle,withmeinc,1,1,0,1,2026-09-29,2026-10-06,all events except coverage rows
Seattle,yoodliinc,-1,0,1,1,2026-09-29,2026-10-06,all events except coverage rows
Seattle,zoll,-1,0,1,1,2026-09-29,2026-10-06,all events except coverage rows
Seattle,BlackSky,0,1,1,2,2026-09-29,2026-10-06,all events except coverage rows
Seattle,Coupang,0,1,1,2,2026-09-29,2026-10-06,all events except coverage rows
Seattle,Handshake,0,1,1,2,2026-09-29,2026-10-06,all events except coverage rows
Seattle,LINDBLAD EXPEDITIONS,0,1,1,2,2026-09-29,2026-10-06,all events except coverage rows
Seattle,Monks,0,1,1,2,2026-09-29,2026-10-06,all events except coverage rows
Seattle,Renuity,0,1,1,2,2026-09-29,2026-10-06,all events except coverage rows
Seattle,Ridealso,0,1,1,2,2026-09-29,2026-10-06,all events except coverage rows
Seattle,Speechify,0,1,1,2,2026-09-29,2026-10-06,all events except coverage rows
Seattle,Stripe,0,2,2,4,2026-09-29,2026-10-06,all events except coverage rows
Seattle,VML/WPP Enterprise Solutions,0,1,1,2,2026-09-29,2026-10-06,all events except coverage rows
Seattle,apichaya,0,1,1,2,2026-09-29,2026-10-06,all events except coverage rows
Seattle,ash-people,0,1,1,2,2026-09-29,2026-10-06,all events except coverage rows
Seattle,gategroup,0,3,3,6,2026-09-29,2026-10-06,all events except coverage rows
Seattle,knkx,0,1,1,2,2026-09-29,2026-10-06,all events except coverage rows
Seattle,northwestadministratorsinc,0,1,1,2,2026-09-29,2026-10-06,all events except coverage rows
Seattle,philips,0,1,1,2,2026-09-29,2026-10-06,all events except coverage rows
Seattle,russell,0,2,2,4,2026-09-29,2026-10-06,all events except coverage rows
Seattle,sbmmanagement,0,1,1,2,2026-09-29,2026-10-06,all events except coverage rows
Seattle,themichaeljfoxfoundation,0,1,1,2,2026-09-29,2026-10-06,all events except coverage rows
Seattle,tsys,0,1,1,2,2026-09-29,2026-10-06,all events except coverage rows
Seattle,uhaul,0,1,1,2,2026-09-29,2026-10-06,all events except coverage rows
Seattle,wearerally,0,1,1,2,2026-09-29,2026-10-06,all events except coverage rows
Seattle,zenoti,0,1,1,2,2026-09-29,2026-10-06,all events except coverage rows
Seoul,krafton,-7,1,8,9,2026-09-29,2026-10-06,all events except coverage rows
Seoul,Coupang,-4,17,21,38,2026-09-29,2026-10-06,all events except coverage rows
Seoul,Coupang Internal,-4,20,24,44,2026-09-29,2026-10-06,all events except coverage rows
Seoul,tapestry,-4,2,6,8,2026-09-29,2026-10-06,all events except coverage rows
Seoul,ALO,-3,0,3,3,2026-09-29,2026-10-06,all events except coverage rows
Seoul,Anthropic,3,3,0,3,2026-09-29,2026-10-06,all events except coverage rows
Seoul,Jensen Hughes,3,3,0,3,2026-09-29,2026-10-06,all events except coverage rows
Seoul,cc,-3,1,4,5,2026-09-29,2026-10-06,all events except coverage rows
Seoul,hpe,-3,0,3,3,2026-09-29,2026-10-06,all events except coverage rows
Seoul,jll,-3,1,4,5,2026-09-29,2026-10-06,all events except coverage rows
Seoul,roche,-3,1,4,5,2026-09-29,2026-10-06,all events except coverage rows
Seoul,stryker,-3,0,3,3,2026-09-29,2026-10-06,all events except coverage rows
Seoul,FeverUp,2,2,0,2,2026-09-29,2026-10-06,all events except coverage rows
Seoul,Riot Games,-2,0,2,2,2026-09-29,2026-10-06,all events except coverage rows
Seoul,careers,2,2,0,2,2026-09-29,2026-10-06,all events except coverage rows
Seoul,convatec,-2,0,2,2,2026-09-29,2026-10-06,all events except coverage rows
Seoul,jj,-2,4,6,10,2026-09-29,2026-10-06,all events except coverage rows
Seoul,loonshotgames,-2,0,2,2,2026-09-29,2026-10-06,all events except coverage rows
Seoul,seoulrobotics,2,2,0,2,2026-09-29,2026-10-06,all events except coverage rows
Seoul,speak,-2,0,2,2,2026-09-29,2026-10-06,all events except coverage rows
Seoul,statestreet,-2,2,4,6,2026-09-29,2026-10-06,all events except coverage rows
Seoul,viatris,-2,0,2,2,2026-09-29,2026-10-06,all events except coverage rows
Seoul,Agoda,1,1,0,1,2026-09-29,2026-10-06,all events except coverage rows
Seoul,Appier,-1,0,1,1,2026-09-29,2026-10-06,all events except coverage rows
Seoul,AvePoint,1,1,0,1,2026-09-29,2026-10-06,all events except coverage rows
Seoul,Bjak,-1,0,1,1,2026-09-29,2026-10-06,all events except coverage rows
Seoul,Celonis,-1,0,1,1,2026-09-29,2026-10-06,all events except coverage rows
Seoul,EXTREME NETWORKS,-1,0,1,1,2026-09-29,2026-10-06,all events except coverage rows
Seoul,Fuku,-1,0,1,1,2026-09-29,2026-10-06,all events except coverage rows
Seoul,NormalComputing,-1,0,1,1,2026-09-29,2026-10-06,all events except coverage rows
Seoul,Notion,1,1,0,1,2026-09-29,2026-10-06,all events except coverage rows
Seoul,OpenAI,-1,0,1,1,2026-09-29,2026-10-06,all events except coverage rows
Seoul,Payoneer,-1,0,1,1,2026-09-29,2026-10-06,all events except coverage rows
Seoul,Roku,-1,0,1,1,2026-09-29,2026-10-06,all events except coverage rows
Seoul,Speechify,-1,0,1,1,2026-09-29,2026-10-06,all events except coverage rows
Seoul,UiPath,-1,1,2,3,2026-09-29,2026-10-06,all events except coverage rows
Seoul,abb,1,2,1,3,2026-09-29,2026-10-06,all events except coverage rows
Seoul,adjoe,-1,0,1,1,2026-09-29,2026-10-06,all events except coverage rows
Seoul,adobe,-1,0,1,1,2026-09-29,2026-10-06,all events except coverage rows
Seoul,alfalaval,-1,0,1,1,2026-09-29,2026-10-06,all events except coverage rows
Seoul,autodesk,-1,0,1,1,2026-09-29,2026-10-06,all events except coverage rows
Seoul,barings,-1,0,1,1,2026-09-29,2026-10-06,all events except coverage rows
Seoul,cae,-1,0,1,1,2026-09-29,2026-10-06,all events except coverage rows
Seoul,cision,-1,0,1,1,2026-09-29,2026-10-06,all events except coverage rows
Seoul,cw,-1,1,2,3,2026-09-29,2026-10-06,all events except coverage rows
Seoul,ffive,-1,0,1,1,2026-09-29,2026-10-06,all events except coverage rows
Seoul,fortrea,-1,0,1,1,2026-09-29,2026-10-06,all events except coverage rows
Seoul,hp,-1,0,1,1,2026-09-29,2026-10-06,all events except coverage rows
Seoul,iff,-1,0,1,1,2026-09-29,2026-10-06,all events except coverage rows
Seoul,ing,1,1,0,1,2026-09-29,2026-10-06,all events except coverage rows
Seoul,iqvia,-1,2,3,5,2026-09-29,2026-10-06,all events except coverage rows
Seoul,kyndryl,1,2,1,3,2026-09-29,2026-10-06,all events except coverage rows
Seoul,medtronic,1,2,1,3,2026-09-29,2026-10-06,all events except coverage rows
Seoul,netflix,1,1,0,1,2026-09-29,2026-10-06,all events except coverage rows
Seoul,novartis,-1,0,1,1,2026-09-29,2026-10-06,all events except coverage rows
Seoul,philips,1,1,0,1,2026-09-29,2026-10-06,all events except coverage rows
Seoul,plugandplaytechcenter,-1,1,2,3,2026-09-29,2026-10-06,all events except coverage rows
Seoul,ptc,-1,0,1,1,2026-09-29,2026-10-06,all events except coverage rows
Seoul,rockwellautomation,-1,0,1,1,2026-09-29,2026-10-06,all events except coverage rows
Seoul,sbdinc,-1,0,1,1,2026-09-29,2026-10-06,all events except coverage rows
Seoul,springernature,1,1,0,1,2026-09-29,2026-10-06,all events except coverage rows
Seoul,telnyx54,-1,0,1,1,2026-09-29,2026-10-06,all events except coverage rows
Seoul,thermofisher,-1,0,1,1,2026-09-29,2026-10-06,all events except coverage rows
Seoul,Databricks,0,1,1,2,2026-09-29,2026-10-06,all events except coverage rows
Seoul,baxter,0,1,1,2,2026-09-29,2026-10-06,all events except coverage rows
Seoul,blackrock,0,1,1,2,2026-09-29,2026-10-06,all events except coverage rows
Seoul,diageo,0,1,1,2,2026-09-29,2026-10-06,all events except coverage rows
Seoul,j,0,1,1,2,2026-09-29,2026-10-06,all events except coverage rows
Seoul,moloco,0,1,1,2,2026-09-29,2026-10-06,all events except coverage rows
Seoul,swarovski,0,1,1,2,2026-09-29,2026-10-06,all events except coverage rows
Seoul,theirc,0,1,1,2,2026-09-29,2026-10-06,all events except coverage rows
Seoul,tiaa,0,1,1,2,2026-09-29,2026-10-06,all events except coverage rows
Singapore,kla,77,77,0,77,2026-09-29,2026-10-06,all events except coverage rows
Singapore,Activate Interactive Pte Ltd,-49,53,102,155,2026-09-29,2026-10-06,all events except coverage rows
Singapore,sggovterp,-20,35,55,90,2026-09-29,2026-10-06,all events except coverage rows
Singapore,marvell,19,19,0,19,2026-09-29,2026-10-06,all events except coverage rows
Singapore,flextronics,17,19,2,21,2026-09-29,2026-10-06,all events except coverage rows
Singapore,thermofisher,-16,1,17,18,2026-09-29,2026-10-06,all events except coverage rows
Singapore,j,12,33,21,54,2026-09-29,2026-10-06,all events except coverage rows
Singapore,thales,-12,1,13,14,2026-09-29,2026-10-06,all events except coverage rows
Singapore,amat,10,16,6,22,2026-09-29,2026-10-06,all events except coverage rows
Singapore,kyndryl,-9,1,10,11,2026-09-29,2026-10-06,all events except coverage rows
Singapore,Fuku,-7,46,53,99,2026-09-29,2026-10-06,all events except coverage rows
Singapore,globalfoundries,-7,3,10,13,2026-09-29,2026-10-06,all events except coverage rows
Singapore,hp,-6,6,12,18,2026-09-29,2026-10-06,all events except coverage rows
Singapore,tsys,6,7,1,8,2026-09-29,2026-10-06,all events except coverage rows
Singapore,Capco,5,5,0,5,2026-09-29,2026-10-06,all events except coverage rows
Singapore,EPOS,5,6,1,7,2026-09-29,2026-10-06,all events except coverage rows
Singapore,barclays,-5,4,9,13,2026-09-29,2026-10-06,all events except coverage rows
Singapore,Adyen,4,7,3,10,2026-09-29,2026-10-06,all events except coverage rows
Singapore,Hoxhunt,4,4,0,4,2026-09-29,2026-10-06,all events except coverage rows
Singapore,OKX,4,7,3,10,2026-09-29,2026-10-06,all events except coverage rows
Singapore,OpenAI,4,5,1,6,2026-09-29,2026-10-06,all events except coverage rows
Singapore,autodesk,4,5,1,6,2026-09-29,2026-10-06,all events except coverage rows
Singapore,blackrock,-4,2,6,8,2026-09-29,2026-10-06,all events except coverage rows
Singapore,prudential,4,6,2,8,2026-09-29,2026-10-06,all events except coverage rows
Singapore,rollsroyce,4,4,0,4,2026-09-29,2026-10-06,all events except coverage rows
Singapore,temus,4,4,0,4,2026-09-29,2026-10-06,all events except coverage rows
Singapore,Datadog,3,4,1,5,2026-09-29,2026-10-06,all events except coverage rows
Singapore,GenScript/ProBio,3,3,0,3,2026-09-29,2026-10-06,all events except coverage rows
Singapore,Intellect,3,3,0,3,2026-09-29,2026-10-06,all events except coverage rows
Singapore,Similarweb,-3,0,3,3,2026-09-29,2026-10-06,all events except coverage rows
Singapore,ambiqmicroinc,3,4,1,5,2026-09-29,2026-10-06,all events except coverage rows
Singapore,blackpanda,3,3,0,3,2026-09-29,2026-10-06,all events except coverage rows
Singapore,bupa,3,3,0,3,2026-09-29,2026-10-06,all events except coverage rows
Singapore,careers,3,3,0,3,2026-09-29,2026-10-06,all events except coverage rows
Singapore,entegris,-3,0,3,3,2026-09-29,2026-10-06,all events except coverage rows
Singapore,hpe,3,4,1,5,2026-09-29,2026-10-06,all events except coverage rows
Singapore,jabil,3,6,3,9,2026-09-29,2026-10-06,all events except coverage rows
Singapore,maersk,3,6,3,9,2026-09-29,2026-10-06,all events except coverage rows
Singapore,philips,3,3,0,3,2026-09-29,2026-10-06,all events except coverage rows
Singapore,pwc,-3,4,7,11,2026-09-29,2026-10-06,all events except coverage rows
Singapore,rockwellautomation,-3,5,8,13,2026-09-29,2026-10-06,all events except coverage rows
Singapore,synechron,-3,1,4,5,2026-09-29,2026-10-06,all events except coverage rows
Singapore,warnerbros,-3,0,3,3,2026-09-29,2026-10-06,all events except coverage rows
Singapore,www,-3,6,9,15,2026-09-29,2026-10-06,all events except coverage rows
Singapore,Anaplan,-2,0,2,2,2026-09-29,2026-10-06,all events except coverage rows
Singapore,DRW,2,2,0,2,2026-09-29,2026-10-06,all events except coverage rows
Singapore,Databricks,-2,0,2,2,2026-09-29,2026-10-06,all events except coverage rows
Singapore,EXTREME NETWORKS,2,2,0,2,2026-09-29,2026-10-06,all events except coverage rows
Singapore,Figma,-2,0,2,2,2026-09-29,2026-10-06,all events except coverage rows
Singapore,Funding Societies | Modalku Group,2,2,0,2,2026-09-29,2026-10-06,all events except coverage rows
Singapore,Jensen Hughes,2,2,0,2,2026-09-29,2026-10-06,all events except coverage rows
Singapore,LUXASIA,2,2,0,2,2026-09-29,2026-10-06,all events except coverage rows
Singapore,Linear,2,2,0,2,2026-09-29,2026-10-06,all events except coverage rows
Singapore,WPP Media,-2,0,2,2,2026-09-29,2026-10-06,all events except coverage rows
Singapore,abbott,-2,0,2,2,2026-09-29,2026-10-06,all events except coverage rows
Singapore,astrazeneca,-2,1,3,4,2026-09-29,2026-10-06,all events except coverage rows
Singapore,billigence,2,2,0,2,2026-09-29,2026-10-06,all events except coverage rows
Singapore,breakmark,2,2,0,2,2026-09-29,2026-10-06,all events except coverage rows
Singapore,brenntag,2,4,2,6,2026-09-29,2026-10-06,all events except coverage rows
Singapore,cision,2,2,0,2,2026-09-29,2026-10-06,all events except coverage rows
Singapore,eltekholding,-2,0,2,2,2026-09-29,2026-10-06,all events except coverage rows
Singapore,happyrobot.ai,-2,0,2,2,2026-09-29,2026-10-06,all events except coverage rows
Singapore,ing,2,4,2,6,2026-09-29,2026-10-06,all events except coverage rows
Singapore,jj,2,9,7,16,2026-09-29,2026-10-06,all events except coverage rows
Singapore,juliusbaer,-2,6,8,14,2026-09-29,2026-10-06,all events except coverage rows
Singapore,labcorp,2,4,2,6,2026-09-29,2026-10-06,all events except coverage rows
Singapore,luxaviation,-2,0,2,2,2026-09-29,2026-10-06,all events except coverage rows
Singapore,mastercard,-2,11,13,24,2026-09-29,2026-10-06,all events except coverage rows
Singapore,medtronic,2,5,3,8,2026-09-29,2026-10-06,all events except coverage rows
Singapore,minor,2,2,0,2,2026-09-29,2026-10-06,all events except coverage rows
Singapore,nvidia,-2,0,2,2,2026-09-29,2026-10-06,all events except coverage rows
Singapore,retell-ai,-2,0,2,2,2026-09-29,2026-10-06,all events except coverage rows
Singapore,silabs,2,3,1,4,2026-09-29,2026-10-06,all events except coverage rows
Singapore,snapchat,2,2,0,2,2026-09-29,2026-10-06,all events except coverage rows
Singapore,statestreet,-2,2,4,6,2026-09-29,2026-10-06,all events except coverage rows
Singapore,synnex,-2,0,2,2,2026-09-29,2026-10-06,all events except coverage rows
Singapore,thoughtworksreferral,-2,0,2,2,2026-09-29,2026-10-06,all events except coverage rows
Singapore,0g,1,1,0,1,2026-09-29,2026-10-06,all events except coverage rows
Singapore,AlphaSense,-1,1,2,3,2026-09-29,2026-10-06,all events except coverage rows
Singapore,Ametek,-1,0,1,1,2026-09-29,2026-10-06,all events except coverage rows
Singapore,Anthropic,1,2,1,3,2026-09-29,2026-10-06,all events except coverage rows
Singapore,Bjak,-1,0,1,1,2026-09-29,2026-10-06,all events except coverage rows
Singapore,Boggi Milano,1,1,0,1,2026-09-29,2026-10-06,all events except coverage rows
Singapore,Checkout.com,-1,0,1,1,2026-09-29,2026-10-06,all events except coverage rows
Singapore,ClickHouse,1,2,1,3,2026-09-29,2026-10-06,all events except coverage rows
Singapore,Cloudflare,1,1,0,1,2026-09-29,2026-10-06,all events except coverage rows
Singapore,Cognition,-1,0,1,1,2026-09-29,2026-10-06,all events except coverage rows
Singapore,Coinhako,1,1,0,1,2026-09-29,2026-10-06,all events except coverage rows
Singapore,Commvault,-1,0,1,1,2026-09-29,2026-10-06,all events except coverage rows
Singapore,Control Risks,-1,1,2,3,2026-09-29,2026-10-06,all events except coverage rows
Singapore,Coursera,1,1,0,1,2026-09-29,2026-10-06,all events except coverage rows
Singapore,Crypto,1,2,1,3,2026-09-29,2026-10-06,all events except coverage rows
Singapore,DOF,-1,0,1,1,2026-09-29,2026-10-06,all events except coverage rows
Singapore,EOS,-1,0,1,1,2026-09-29,2026-10-06,all events except coverage rows
Singapore,Elastic,1,1,0,1,2026-09-29,2026-10-06,all events except coverage rows
Singapore,ElevenLabs,-1,1,2,3,2026-09-29,2026-10-06,all events except coverage rows
Singapore,FeverUp,-1,0,1,1,2026-09-29,2026-10-06,all events except coverage rows
Singapore,Flexport,-1,0,1,1,2026-09-29,2026-10-06,all events except coverage rows
Singapore,G MASS,-1,0,1,1,2026-09-29,2026-10-06,all events except coverage rows
Singapore,Guidepoint,1,1,0,1,2026-09-29,2026-10-06,all events except coverage rows
Singapore,Heidi,-1,0,1,1,2026-09-29,2026-10-06,all events except coverage rows
Singapore,Horizon3,-1,0,1,1,2026-09-29,2026-10-06,all events except coverage rows
Singapore,ICEYE,-1,0,1,1,2026-09-29,2026-10-06,all events except coverage rows
Singapore,IonQ,1,1,0,1,2026-09-29,2026-10-06,all events except coverage rows
Singapore,Jane Street,1,1,0,1,2026-09-29,2026-10-06,all events except coverage rows
Singapore,Klaviyo,-1,0,1,1,2026-09-29,2026-10-06,all events except coverage rows
Singapore,Kong,-1,0,1,1,2026-09-29,2026-10-06,all events except coverage rows
Singapore,Liftoff,1,1,0,1,2026-09-29,2026-10-06,all events except coverage rows
Singapore,Mako,1,1,0,1,2026-09-29,2026-10-06,all events except coverage rows
Singapore,MongoDB,1,1,0,1,2026-09-29,2026-10-06,all events except coverage rows
Singapore,Monks,-1,0,1,1,2026-09-29,2026-10-06,all events except coverage rows
Singapore,Motional,1,2,1,3,2026-09-29,2026-10-06,all events except coverage rows
Singapore,Netskope,-1,0,1,1,2026-09-29,2026-10-06,all events except coverage rows
Singapore,New Relic,-1,0,1,1,2026-09-29,2026-10-06,all events except coverage rows
Singapore,Okta,1,1,0,1,2026-09-29,2026-10-06,all events except coverage rows
Singapore,Point72,1,2,1,3,2026-09-29,2026-10-06,all events except coverage rows
Singapore,Qube Research & Technologies,-1,0,1,1,2026-09-29,2026-10-06,all events except coverage rows
Singapore,Riot Games,1,3,2,5,2026-09-29,2026-10-06,all events except coverage rows
Singapore,Ripple,1,1,0,1,2026-09-29,2026-10-06,all events except coverage rows
Singapore,Sierra,1,1,0,1,2026-09-29,2026-10-06,all events except coverage rows
Singapore,Speechify,-1,0,1,1,2026-09-29,2026-10-06,all events except coverage rows
Singapore,StackAdapt,-1,0,1,1,2026-09-29,2026-10-06,all events except coverage rows
Singapore,Stripe,-1,2,3,5,2026-09-29,2026-10-06,all events except coverage rows
Singapore,Workato,-1,0,1,1,2026-09-29,2026-10-06,all events except coverage rows
Singapore,abb,-1,10,11,21,2026-09-29,2026-10-06,all events except coverage rows
Singapore,acronis,1,1,0,1,2026-09-29,2026-10-06,all events except coverage rows
Singapore,aggreko,1,1,0,1,2026-09-29,2026-10-06,all events except coverage rows
Singapore,aig,-1,0,1,1,2026-09-29,2026-10-06,all events except coverage rows
Singapore,alteryx,-1,0,1,1,2026-09-29,2026-10-06,all events except coverage rows
Singapore,analogdevices,1,1,0,1,2026-09-29,2026-10-06,all events except coverage rows
Singapore,artafinance,-1,0,1,1,2026-09-29,2026-10-06,all events except coverage rows
Singapore,averis,-1,0,1,1,2026-09-29,2026-10-06,all events except coverage rows
Singapore,axicorpfinancialservicesptyltd,1,1,0,1,2026-09-29,2026-10-06,all events except coverage rows
Singapore,bbva,-1,0,1,1,2026-09-29,2026-10-06,all events except coverage rows
Singapore,behavox,-1,0,1,1,2026-09-29,2026-10-06,all events except coverage rows
Singapore,boku,1,1,0,1,2026-09-29,2026-10-06,all events except coverage rows
Singapore,cae,-1,0,1,1,2026-09-29,2026-10-06,all events except coverage rows
Singapore,capgroup,1,2,1,3,2026-09-29,2026-10-06,all events except coverage rows
Singapore,careersdeltacapita,-1,0,1,1,2026-09-29,2026-10-06,all events except coverage rows
Singapore,cat,1,2,1,3,2026-09-29,2026-10-06,all events except coverage rows
Singapore,cc,-1,3,4,7,2026-09-29,2026-10-06,all events except coverage rows
Singapore,centrica,-1,0,1,1,2026-09-29,2026-10-06,all events except coverage rows
Singapore,cisco,1,1,0,1,2026-09-29,2026-10-06,all events except coverage rows
Singapore,cymulate,1,1,0,1,2026-09-29,2026-10-06,all events except coverage rows
Singapore,danaher,-1,0,1,1,2026-09-29,2026-10-06,all events except coverage rows
Singapore,dataiku,-1,0,1,1,2026-09-29,2026-10-06,all events except coverage rows
Singapore,diageo,-1,0,1,1,2026-09-29,2026-10-06,all events except coverage rows
Singapore,freshfields,1,1,0,1,2026-09-29,2026-10-06,all events except coverage rows
Singapore,funnow,1,1,0,1,2026-09-29,2026-10-06,all events except coverage rows
Singapore,gartner,-1,2,3,5,2026-09-29,2026-10-06,all events except coverage rows
Singapore,geaerospace,1,1,0,1,2026-09-29,2026-10-06,all events except coverage rows
Singapore,georgfischer,-1,0,1,1,2026-09-29,2026-10-06,all events except coverage rows
Singapore,gevernova,1,6,5,11,2026-09-29,2026-10-06,all events except coverage rows
Singapore,greenlight-workforce-solutions,1,1,0,1,2026-09-29,2026-10-06,all events except coverage rows
Singapore,gtlaw,1,1,0,1,2026-09-29,2026-10-06,all events except coverage rows
Singapore,hitachi,-1,0,1,1,2026-09-29,2026-10-06,all events except coverage rows
Singapore,hiya,-1,0,1,1,2026-09-29,2026-10-06,all events except coverage rows
Singapore,hmhw,1,1,0,1,2026-09-29,2026-10-06,all events except coverage rows
Singapore,immersive,-1,0,1,1,2026-09-29,2026-10-06,all events except coverage rows
Singapore,ingredion,-1,1,2,3,2026-09-29,2026-10-06,all events except coverage rows
Singapore,kbr,-1,2,3,5,2026-09-29,2026-10-06,all events except coverage rows
Singapore,keplergroup,-1,0,1,1,2026-09-29,2026-10-06,all events except coverage rows
Singapore,kimberlyclark,-1,0,1,1,2026-09-29,2026-10-06,all events except coverage rows
Singapore,kiongroup,-1,0,1,1,2026-09-29,2026-10-06,all events except coverage rows
Singapore,kodex,1,1,0,1,2026-09-29,2026-10-06,all events except coverage rows
Singapore,kone,-1,0,1,1,2026-09-29,2026-10-06,all events except coverage rows
Singapore,kryptonfs,1,1,0,1,2026-09-29,2026-10-06,all events except coverage rows
Singapore,leapxpert,1,1,0,1,2026-09-29,2026-10-06,all events except coverage rows
Singapore,lilly,-1,0,1,1,2026-09-29,2026-10-06,all events except coverage rows
Singapore,manulife,-1,7,8,15,2026-09-29,2026-10-06,all events except coverage rows
Singapore,maxar,-1,0,1,1,2026-09-29,2026-10-06,all events except coverage rows
Singapore,memoryblue,1,1,0,1,2026-09-29,2026-10-06,all events except coverage rows
Singapore,moneyherogroup,1,1,0,1,2026-09-29,2026-10-06,all events except coverage rows
Singapore,moomoo,-1,0,1,1,2026-09-29,2026-10-06,all events except coverage rows
Singapore,motorolasolutions,-1,0,1,1,2026-09-29,2026-10-06,all events except coverage rows
Singapore,mrmarinegroup,-1,0,1,1,2026-09-29,2026-10-06,all events except coverage rows
Singapore,murex,-1,0,1,1,2026-09-29,2026-10-06,all events except coverage rows
Singapore,netflix,1,1,0,1,2026-09-29,2026-10-06,all events except coverage rows
Singapore,nts,1,3,2,5,2026-09-29,2026-10-06,all events except coverage rows
Singapore,nxp,-1,0,1,1,2026-09-29,2026-10-06,all events except coverage rows
Singapore,oanda,-1,0,1,1,2026-09-29,2026-10-06,all events except coverage rows
Singapore,oceanx,-1,0,1,1,2026-09-29,2026-10-06,all events except coverage rows
Singapore,oliverseapac,-1,0,1,1,2026-09-29,2026-10-06,all events except coverage rows
Singapore,omni,1,1,0,1,2026-09-29,2026-10-06,all events except coverage rows
Singapore,optro,-1,0,1,1,2026-09-29,2026-10-06,all events except coverage rows
Singapore,pavebank,1,2,1,3,2026-09-29,2026-10-06,all events except coverage rows
Singapore,pinebridge,-1,0,1,1,2026-09-29,2026-10-06,all events except coverage rows
Singapore,pitchbookdata,1,1,0,1,2026-09-29,2026-10-06,all events except coverage rows
Singapore,plugandplaytechcenter,1,1,0,1,2026-09-29,2026-10-06,all events except coverage rows
Singapore,proofpoint,-1,0,1,1,2026-09-29,2026-10-06,all events except coverage rows
Singapore,recordedfuture,1,2,1,3,2026-09-29,2026-10-06,all events except coverage rows
Singapore,rezolveai,-1,0,1,1,2026-09-29,2026-10-06,all events except coverage rows
Singapore,roche,1,1,0,1,2026-09-29,2026-10-06,all events except coverage rows
Singapore,rogo,1,1,0,1,2026-09-29,2026-10-06,all events except coverage rows
Singapore,santander,-1,1,2,3,2026-09-29,2026-10-06,all events except coverage rows
Singapore,screeningeagle,-1,0,1,1,2026-09-29,2026-10-06,all events except coverage rows
Singapore,sedgwick,1,1,0,1,2026-09-29,2026-10-06,all events except coverage rows
Singapore,solace,1,1,0,1,2026-09-29,2026-10-06,all events except coverage rows
Singapore,sonyglobal,1,1,0,1,2026-09-29,2026-10-06,all events except coverage rows
Singapore,squirro,1,1,0,1,2026-09-29,2026-10-06,all events except coverage rows
Singapore,stryker,-1,0,1,1,2026-09-29,2026-10-06,all events except coverage rows
Singapore,tapestry,-1,0,1,1,2026-09-29,2026-10-06,all events except coverage rows
Singapore,td,1,3,2,5,2026-09-29,2026-10-06,all events except coverage rows
Singapore,tollgroup,-1,0,1,1,2026-09-29,2026-10-06,all events except coverage rows
Singapore,vaynermedia,1,1,0,1,2026-09-29,2026-10-06,all events except coverage rows
Singapore,vilgain,-1,0,1,1,2026-09-29,2026-10-06,all events except coverage rows
Singapore,visiersolutionsinc,-1,0,1,1,2026-09-29,2026-10-06,all events except coverage rows
Singapore,vistamusic,-1,0,1,1,2026-09-29,2026-10-06,all events except coverage rows
Singapore,vwr,1,1,0,1,2026-09-29,2026-10-06,all events except coverage rows
Singapore,workday,1,1,0,1,2026-09-29,2026-10-06,all events except coverage rows
Singapore,xendit,-1,0,1,1,2026-09-29,2026-10-06,all events except coverage rows
Singapore,yojee,-1,0,1,1,2026-09-29,2026-10-06,all events except coverage rows
Singapore,zendesk,1,2,1,3,2026-09-29,2026-10-06,all events except coverage rows
Singapore,AvePoint,0,2,2,4,2026-09-29,2026-10-06,all events except coverage rows
Singapore,Clera,0,8,8,16,2026-09-29,2026-10-06,all events except coverage rows
Singapore,Keywords Studios,0,4,4,8,2026-09-29,2026-10-06,all events except coverage rows
Singapore,Lumilens,0,2,2,4,2026-09-29,2026-10-06,all events except coverage rows
Singapore,Mindrift - Data annotation,0,5,5,10,2026-09-29,2026-10-06,all events except coverage rows
Singapore,Nebius,0,1,1,2,2026-09-29,2026-10-06,all events except coverage rows
Singapore,Pinterest,0,2,2,4,2026-09-29,2026-10-06,all events except coverage rows
Singapore,Rentokil Initial,0,1,1,2,2026-09-29,2026-10-06,all events except coverage rows
Singapore,SentinelOne,0,1,1,2,2026-09-29,2026-10-06,all events except coverage rows
Singapore,Zscaler,0,1,1,2,2026-09-29,2026-10-06,all events except coverage rows
Singapore,blackstone,0,1,1,2,2026-09-29,2026-10-06,all events except coverage rows
Singapore,charleskeith,0,1,1,2,2026-09-29,2026-10-06,all events except coverage rows
Singapore,chevron,0,1,1,2,2026-09-29,2026-10-06,all events except coverage rows
Singapore,cibc,0,1,1,2,2026-09-29,2026-10-06,all events except coverage rows
Singapore,cw,0,13,13,26,2026-09-29,2026-10-06,all events except coverage rows
Singapore,db,0,7,7,14,2026-09-29,2026-10-06,all events except coverage rows
Singapore,dentsuaegis,0,1,1,2,2026-09-29,2026-10-06,all events except coverage rows
Singapore,ebanx,0,1,1,2,2026-09-29,2026-10-06,all events except coverage rows
Singapore,fico,0,1,1,2,2026-09-29,2026-10-06,all events except coverage rows
Singapore,freseniusmedicalcare,0,2,2,4,2026-09-29,2026-10-06,all events except coverage rows
Singapore,gravitonresearchcapital,0,1,1,2,2026-09-29,2026-10-06,all events except coverage rows
Singapore,iCapital,0,1,1,2,2026-09-29,2026-10-06,all events except coverage rows
Singapore,jll,0,36,36,72,2026-09-29,2026-10-06,all events except coverage rows
Singapore,ms,0,2,2,4,2026-09-29,2026-10-06,all events except coverage rows
Singapore,plaud,0,1,1,2,2026-09-29,2026-10-06,all events except coverage rows
Singapore,resmed,0,6,6,12,2026-09-29,2026-10-06,all events except coverage rows
Singapore,singpost,0,1,1,2,2026-09-29,2026-10-06,all events except coverage rows
Singapore,spgi,0,1,1,2,2026-09-29,2026-10-06,all events except coverage rows
Singapore,thought-machine,0,1,1,2,2026-09-29,2026-10-06,all events except coverage rows
Singapore,trustbank,0,2,2,4,2026-09-29,2026-10-06,all events except coverage rows
Singapore,visa,0,1,1,2,2026-09-29,2026-10-06,all events except coverage rows
Singapore,weareeverise,0,1,1,2,2026-09-29,2026-10-06,all events except coverage rows
Stockholm,Neko Health,6,6,0,6,2026-09-29,2026-10-06,all events except coverage rows
Stockholm,Mentimeter,-4,1,5,6,2026-09-29,2026-10-06,all events except coverage rows
Stockholm,careers,3,4,1,5,2026-09-29,2026-10-06,all events except coverage rows
Stockholm,j,-3,0,3,3,2026-09-29,2026-10-06,all events except coverage rows
Stockholm,seb,3,7,4,11,2026-09-29,2026-10-06,all events except coverage rows
Stockholm,Databricks,-2,0,2,2,2026-09-29,2026-10-06,all events except coverage rows
Stockholm,Modal,-2,0,2,2,2026-09-29,2026-10-06,all events except coverage rows
Stockholm,Spotify,2,2,0,2,2026-09-29,2026-10-06,all events except coverage rows
Stockholm,Wolt - English,-2,0,2,2,2026-09-29,2026-10-06,all events except coverage rows
Stockholm,appliedvalue,-2,0,2,2,2026-09-29,2026-10-06,all events except coverage rows
Stockholm,cc,-2,0,2,2,2026-09-29,2026-10-06,all events except coverage rows
Stockholm,sysco,-2,0,2,2,2026-09-29,2026-10-06,all events except coverage rows
Stockholm,Arrive,1,1,0,1,2026-09-29,2026-10-06,all events except coverage rows
Stockholm,Clera,-1,2,3,5,2026-09-29,2026-10-06,all events except coverage rows
Stockholm,Everpure,1,1,0,1,2026-09-29,2026-10-06,all events except coverage rows
Stockholm,Harness,1,1,0,1,2026-09-29,2026-10-06,all events except coverage rows
Stockholm,Ubiquiti,-1,0,1,1,2026-09-29,2026-10-06,all events except coverage rows
Stockholm,Valtech,1,1,0,1,2026-09-29,2026-10-06,all events except coverage rows
Stockholm,Verkada,-1,0,1,1,2026-09-29,2026-10-06,all events except coverage rows
Stockholm,WPP Media,-1,0,1,1,2026-09-29,2026-10-06,all events except coverage rows
Stockholm,aceve,1,2,1,3,2026-09-29,2026-10-06,all events except coverage rows
Stockholm,alfalaval,1,2,1,3,2026-09-29,2026-10-06,all events except coverage rows
Stockholm,banyansoftware,1,1,0,1,2026-09-29,2026-10-06,all events except coverage rows
Stockholm,cisco,-1,0,1,1,2026-09-29,2026-10-06,all events except coverage rows
Stockholm,coreweave,-1,0,1,1,2026-09-29,2026-10-06,all events except coverage rows
Stockholm,cw,-1,0,1,1,2026-09-29,2026-10-06,all events except coverage rows
Stockholm,freseniusmedicalcare,1,1,0,1,2026-09-29,2026-10-06,all events except coverage rows
Stockholm,heinz,-1,0,1,1,2026-09-29,2026-10-06,all events except coverage rows
Stockholm,hpe,-1,0,1,1,2026-09-29,2026-10-06,all events except coverage rows
Stockholm,ideals,1,1,0,1,2026-09-29,2026-10-06,all events except coverage rows
Stockholm,iqvia,-1,0,1,1,2026-09-29,2026-10-06,all events except coverage rows
Stockholm,jll,-1,0,1,1,2026-09-29,2026-10-06,all events except coverage rows
Stockholm,kognity,1,1,0,1,2026-09-29,2026-10-06,all events except coverage rows
Stockholm,lminternational,-1,0,1,1,2026-09-29,2026-10-06,all events except coverage rows
Stockholm,logitech,1,1,0,1,2026-09-29,2026-10-06,all events except coverage rows
Stockholm,mastercard,1,1,0,1,2026-09-29,2026-10-06,all events except coverage rows
Stockholm,netflix,-1,0,1,1,2026-09-29,2026-10-06,all events except coverage rows
Stockholm,paloaltonetworks,-1,0,1,1,2026-09-29,2026-10-06,all events except coverage rows
Stockholm,pernodricard,1,1,0,1,2026-09-29,2026-10-06,all events except coverage rows
Stockholm,philips,-1,0,1,1,2026-09-29,2026-10-06,all events except coverage rows
Stockholm,sanoma,1,1,0,1,2026-09-29,2026-10-06,all events except coverage rows
Stockholm,thermofisher,-1,0,1,1,2026-09-29,2026-10-06,all events except coverage rows
Stockholm,Speechify,0,1,1,2,2026-09-29,2026-10-06,all events except coverage rows
Stockholm,alsglobal,0,1,1,2,2026-09-29,2026-10-06,all events except coverage rows
Stockholm,bahras,0,1,1,2,2026-09-29,2026-10-06,all events except coverage rows
Stockholm,biibhr,0,1,1,2,2026-09-29,2026-10-06,all events except coverage rows
Stockholm,lovable,0,3,3,6,2026-09-29,2026-10-06,all events except coverage rows
Stockholm,tandem-health,0,3,3,6,2026-09-29,2026-10-06,all events except coverage rows
Sydney,careers,17,17,0,17,2026-09-29,2026-10-06,all events except coverage rows
Sydney,j,8,22,14,36,2026-09-29,2026-10-06,all events except coverage rows
Sydney,ing,-7,6,13,19,2026-09-29,2026-10-06,all events except coverage rows
Sydney,rba,-6,8,14,22,2026-09-29,2026-10-06,all events except coverage rows
Sydney,tsys,6,9,3,12,2026-09-29,2026-10-06,all events except coverage rows
Sydney,claytonutz,4,4,0,4,2026-09-29,2026-10-06,all events except coverage rows
Sydney,cw,4,5,1,6,2026-09-29,2026-10-06,all events except coverage rows
Sydney,jll,4,12,8,20,2026-09-29,2026-10-06,all events except coverage rows
Sydney,shift,-4,1,5,6,2026-09-29,2026-10-06,all events except coverage rows
Sydney,snapchat,4,4,0,4,2026-09-29,2026-10-06,all events except coverage rows
Sydney,unispace,-4,0,4,4,2026-09-29,2026-10-06,all events except coverage rows
Sydney,Anduril Industries,-3,6,9,15,2026-09-29,2026-10-06,all events except coverage rows
Sydney,OpenAI,3,3,0,3,2026-09-29,2026-10-06,all events except coverage rows
Sydney,Rentokil Initial,3,4,1,5,2026-09-29,2026-10-06,all events except coverage rows
Sydney,Riot Games,-3,0,3,3,2026-09-29,2026-10-06,all events except coverage rows
Sydney,aig,-3,0,3,3,2026-09-29,2026-10-06,all events except coverage rows
Sydney,haast,-3,0,3,3,2026-09-29,2026-10-06,all events except coverage rows
Sydney,medtronic,3,4,1,5,2026-09-29,2026-10-06,all events except coverage rows
Sydney,relevanceai,-3,0,3,3,2026-09-29,2026-10-06,all events except coverage rows
Sydney,surbanajurong,-3,1,4,5,2026-09-29,2026-10-06,all events except coverage rows
Sydney,Anaplan,2,2,0,2,2026-09-29,2026-10-06,all events except coverage rows
Sydney,Control Risks,2,2,0,2,2026-09-29,2026-10-06,all events except coverage rows
Sydney,DEPT®,2,2,0,2,2026-09-29,2026-10-06,all events except coverage rows
Sydney,FeverUp,2,2,0,2,2026-09-29,2026-10-06,all events except coverage rows
Sydney,Harvey,2,2,0,2,2026-09-29,2026-10-06,all events except coverage rows
Sydney,Jensen Hughes,2,2,0,2,2026-09-29,2026-10-06,all events except coverage rows
Sydney,Mako,-2,0,2,2,2026-09-29,2026-10-06,all events except coverage rows
Sydney,Mediix,-2,3,5,8,2026-09-29,2026-10-06,all events except coverage rows
Sydney,Monks,-2,0,2,2,2026-09-29,2026-10-06,all events except coverage rows
Sydney,Omilia,2,2,0,2,2026-09-29,2026-10-06,all events except coverage rows
Sydney,On,-2,0,2,2,2026-09-29,2026-10-06,all events except coverage rows
Sydney,Toast,-2,1,3,4,2026-09-29,2026-10-06,all events except coverage rows
Sydney,advanced-navigation,2,6,4,10,2026-09-29,2026-10-06,all events except coverage rows
Sydney,antares,-2,0,2,2,2026-09-29,2026-10-06,all events except coverage rows
Sydney,db,2,2,0,2,2026-09-29,2026-10-06,all events except coverage rows
Sydney,eml,-2,2,4,6,2026-09-29,2026-10-06,all events except coverage rows
Sydney,gartner,2,3,1,4,2026-09-29,2026-10-06,all events except coverage rows
Sydney,hipagesgroup,-2,0,2,2,2026-09-29,2026-10-06,all events except coverage rows
Sydney,lgt,2,2,0,2,2026-09-29,2026-10-06,all events except coverage rows
Sydney,resmed,-2,5,7,12,2026-09-29,2026-10-06,all events except coverage rows
Sydney,simcorp,2,2,0,2,2026-09-29,2026-10-06,all events except coverage rows
Sydney,1Password,1,1,0,1,2026-09-29,2026-10-06,all events except coverage rows
Sydney,ALO,1,3,2,5,2026-09-29,2026-10-06,all events except coverage rows
Sydney,Airbnb,-1,0,1,1,2026-09-29,2026-10-06,all events except coverage rows
Sydney,Algolia,1,1,0,1,2026-09-29,2026-10-06,all events except coverage rows
Sydney,Anthropic,1,2,1,3,2026-09-29,2026-10-06,all events except coverage rows
Sydney,Asana,-1,0,1,1,2026-09-29,2026-10-06,all events except coverage rows
Sydney,AvePoint,1,1,0,1,2026-09-29,2026-10-06,all events except coverage rows
Sydney,Bjak,1,2,1,3,2026-09-29,2026-10-06,all events except coverage rows
Sydney,Block,1,1,0,1,2026-09-29,2026-10-06,all events except coverage rows
Sydney,Braze,1,1,0,1,2026-09-29,2026-10-06,all events except coverage rows
Sydney,ClickHouse,1,1,0,1,2026-09-29,2026-10-06,all events except coverage rows
Sydney,Crypto,1,1,0,1,2026-09-29,2026-10-06,all events except coverage rows
Sydney,Databricks,1,1,0,1,2026-09-29,2026-10-06,all events except coverage rows
Sydney,Elastic,-1,0,1,1,2026-09-29,2026-10-06,all events except coverage rows
Sydney,Figma,-1,0,1,1,2026-09-29,2026-10-06,all events except coverage rows
Sydney,Fin,1,1,0,1,2026-09-29,2026-10-06,all events except coverage rows
Sydney,Fivetran,-1,0,1,1,2026-09-29,2026-10-06,all events except coverage rows
Sydney,Fuku,-1,0,1,1,2026-09-29,2026-10-06,all events except coverage rows
Sydney,Gong.io,-1,0,1,1,2026-09-29,2026-10-06,all events except coverage rows
Sydney,Guidepoint,-1,0,1,1,2026-09-29,2026-10-06,all events except coverage rows
Sydney,Harness,-1,0,1,1,2026-09-29,2026-10-06,all events except coverage rows
Sydney,Heidi,-1,0,1,1,2026-09-29,2026-10-06,all events except coverage rows
Sydney,Hightouch - Analytics [old],-1,0,1,1,2026-09-29,2026-10-06,all events except coverage rows
Sydney,HubSpot,1,1,0,1,2026-09-29,2026-10-06,all events except coverage rows
Sydney,Karbon,1,3,2,5,2026-09-29,2026-10-06,all events except coverage rows
Sydney,Mixpanel,-1,0,1,1,2026-09-29,2026-10-06,all events except coverage rows
Sydney,MongoDB,-1,0,1,1,2026-09-29,2026-10-06,all events except coverage rows
Sydney,Navan,1,1,0,1,2026-09-29,2026-10-06,all events except coverage rows
Sydney,Okta,-1,0,1,1,2026-09-29,2026-10-06,all events except coverage rows
Sydney,Pattern,1,1,0,1,2026-09-29,2026-10-06,all events except coverage rows
Sydney,Pinterest,1,2,1,3,2026-09-29,2026-10-06,all events except coverage rows
Sydney,Pulse Healthcare,1,1,0,1,2026-09-29,2026-10-06,all events except coverage rows
Sydney,Ripple,1,1,0,1,2026-09-29,2026-10-06,all events except coverage rows
Sydney,Smartsheet,-1,0,1,1,2026-09-29,2026-10-06,all events except coverage rows
Sydney,Speechify,-1,0,1,1,2026-09-29,2026-10-06,all events except coverage rows
Sydney,Stripe,1,2,1,3,2026-09-29,2026-10-06,all events except coverage rows
Sydney,Verkada,1,1,0,1,2026-09-29,2026-10-06,all events except coverage rows
Sydney,Woolpert,-1,0,1,1,2026-09-29,2026-10-06,all events except coverage rows
Sydney,Zip,-1,0,1,1,2026-09-29,2026-10-06,all events except coverage rows
Sydney,acciona,-1,3,4,7,2026-09-29,2026-10-06,all events except coverage rows
Sydney,adobe,-1,0,1,1,2026-09-29,2026-10-06,all events except coverage rows
Sydney,alfalaval,1,1,0,1,2026-09-29,2026-10-06,all events except coverage rows
Sydney,alphafmcroles,1,1,0,1,2026-09-29,2026-10-06,all events except coverage rows
Sydney,alsglobal,-1,0,1,1,2026-09-29,2026-10-06,all events except coverage rows
Sydney,altis,1,1,0,1,2026-09-29,2026-10-06,all events except coverage rows
Sydney,ausvenueco,1,1,0,1,2026-09-29,2026-10-06,all events except coverage rows
Sydney,blackrock,-1,1,2,3,2026-09-29,2026-10-06,all events except coverage rows
Sydney,breaker,-1,0,1,1,2026-09-29,2026-10-06,all events except coverage rows
Sydney,broadsign,-1,0,1,1,2026-09-29,2026-10-06,all events except coverage rows
Sydney,cae,1,1,0,1,2026-09-29,2026-10-06,all events except coverage rows
Sydney,caruso,-1,1,2,3,2026-09-29,2026-10-06,all events except coverage rows
Sydney,cibc,-1,0,1,1,2026-09-29,2026-10-06,all events except coverage rows
Sydney,coreflow,-1,0,1,1,2026-09-29,2026-10-06,all events except coverage rows
Sydney,creatio,1,1,0,1,2026-09-29,2026-10-06,all events except coverage rows
Sydney,cullen-jewellery,1,1,0,1,2026-09-29,2026-10-06,all events except coverage rows
Sydney,dentalmonitoring,-1,0,1,1,2026-09-29,2026-10-06,all events except coverage rows
Sydney,doordashaustralia,1,1,0,1,2026-09-29,2026-10-06,all events except coverage rows
Sydney,eset,1,1,0,1,2026-09-29,2026-10-06,all events except coverage rows
Sydney,flg,1,1,0,1,2026-09-29,2026-10-06,all events except coverage rows
Sydney,flyingbark,1,4,3,7,2026-09-29,2026-10-06,all events except coverage rows
Sydney,happyrobot.ai,1,1,0,1,2026-09-29,2026-10-06,all events except coverage rows
Sydney,hpe,1,1,0,1,2026-09-29,2026-10-06,all events except coverage rows
Sydney,hudl,-1,0,1,1,2026-09-29,2026-10-06,all events except coverage rows
Sydney,ilsc,-1,0,1,1,2026-09-29,2026-10-06,all events except coverage rows
Sydney,impact.com,1,1,0,1,2026-09-29,2026-10-06,all events except coverage rows
Sydney,infotrack-careers,-1,1,2,3,2026-09-29,2026-10-06,all events except coverage rows
Sydney,ingrammicro,1,1,0,1,2026-09-29,2026-10-06,all events except coverage rows
Sydney,jcdecaux,1,1,0,1,2026-09-29,2026-10-06,all events except coverage rows
Sydney,kbr,-1,5,6,11,2026-09-29,2026-10-06,all events except coverage rows
Sydney,lilt-corporate,1,1,0,1,2026-09-29,2026-10-06,all events except coverage rows
Sydney,liveramp,-1,0,1,1,2026-09-29,2026-10-06,all events except coverage rows
Sydney,lorikeet,-1,0,1,1,2026-09-29,2026-10-06,all events except coverage rows
Sydney,lyrebird-health,-1,0,1,1,2026-09-29,2026-10-06,all events except coverage rows
Sydney,ms,1,1,0,1,2026-09-29,2026-10-06,all events except coverage rows
Sydney,neara,1,1,0,1,2026-09-29,2026-10-06,all events except coverage rows
Sydney,nike,-1,0,1,1,2026-09-29,2026-10-06,all events except coverage rows
Sydney,nshsc,-1,0,1,1,2026-09-29,2026-10-06,all events except coverage rows
Sydney,nttlimited,-1,0,1,1,2026-09-29,2026-10-06,all events except coverage rows
Sydney,obsidiansecurity,-1,0,1,1,2026-09-29,2026-10-06,all events except coverage rows
Sydney,orangeskyau,-1,0,1,1,2026-09-29,2026-10-06,all events except coverage rows
Sydney,pebl,-1,0,1,1,2026-09-29,2026-10-06,all events except coverage rows
Sydney,peopleworth,1,1,0,1,2026-09-29,2026-10-06,all events except coverage rows
Sydney,philips,-1,0,1,1,2026-09-29,2026-10-06,all events except coverage rows
Sydney,playgroupnsw,-1,0,1,1,2026-09-29,2026-10-06,all events except coverage rows
Sydney,prezzee,1,1,0,1,2026-09-29,2026-10-06,all events except coverage rows
Sydney,proofpoint,1,1,0,1,2026-09-29,2026-10-06,all events except coverage rows
Sydney,propertyme,-1,0,1,1,2026-09-29,2026-10-06,all events except coverage rows
Sydney,reagroup,1,1,0,1,2026-09-29,2026-10-06,all events except coverage rows
Sydney,relx,1,1,0,1,2026-09-29,2026-10-06,all events except coverage rows
Sydney,remitly,-1,0,1,1,2026-09-29,2026-10-06,all events except coverage rows
Sydney,repeatbuilders,1,1,0,1,2026-09-29,2026-10-06,all events except coverage rows
Sydney,rippling,-1,0,1,1,2026-09-29,2026-10-06,all events except coverage rows
Sydney,rockstargames,-1,0,1,1,2026-09-29,2026-10-06,all events except coverage rows
Sydney,shippit,-1,0,1,1,2026-09-29,2026-10-06,all events except coverage rows
Sydney,siteminder,-1,0,1,1,2026-09-29,2026-10-06,all events except coverage rows
Sydney,skip-loans,-1,0,1,1,2026-09-29,2026-10-06,all events except coverage rows
Sydney,statestreet,-1,6,7,13,2026-09-29,2026-10-06,all events except coverage rows
Sydney,stryker,1,2,1,3,2026-09-29,2026-10-06,all events except coverage rows
Sydney,tapestry,-1,0,1,1,2026-09-29,2026-10-06,all events except coverage rows
Sydney,techholding,1,1,0,1,2026-09-29,2026-10-06,all events except coverage rows
Sydney,theapexgroup,-1,0,1,1,2026-09-29,2026-10-06,all events except coverage rows
Sydney,tiaa,-1,0,1,1,2026-09-29,2026-10-06,all events except coverage rows
Sydney,trading212,1,1,0,1,2026-09-29,2026-10-06,all events except coverage rows
Sydney,usyd,-1,0,1,1,2026-09-29,2026-10-06,all events except coverage rows
Sydney,wattswater,-1,0,1,1,2026-09-29,2026-10-06,all events except coverage rows
Sydney,wellington,-1,0,1,1,2026-09-29,2026-10-06,all events except coverage rows
Sydney,workyard,1,1,0,1,2026-09-29,2026-10-06,all events except coverage rows
Sydney,www,-1,1,2,3,2026-09-29,2026-10-06,all events except coverage rows
Sydney,wynd,-1,0,1,1,2026-09-29,2026-10-06,all events except coverage rows
Sydney,zipcolimited,1,2,1,3,2026-09-29,2026-10-06,all events except coverage rows
Sydney,Datadog,0,1,1,2,2026-09-29,2026-10-06,all events except coverage rows
Sydney,DroneShield,0,1,1,2,2026-09-29,2026-10-06,all events except coverage rows
Sydney,Ebury,0,2,2,4,2026-09-29,2026-10-06,all events except coverage rows
Sydney,Fulcrum,0,1,1,2,2026-09-29,2026-10-06,all events except coverage rows
Sydney,HelloFresh,0,1,1,2,2026-09-29,2026-10-06,all events except coverage rows
Sydney,Klaviyo,0,1,1,2,2026-09-29,2026-10-06,all events except coverage rows
Sydney,Legora,0,1,1,2,2026-09-29,2026-10-06,all events except coverage rows
Sydney,The Trade Desk,0,1,1,2,2026-09-29,2026-10-06,all events except coverage rows
Sydney,WPP Media,0,2,2,4,2026-09-29,2026-10-06,all events except coverage rows
Sydney,allens,0,1,1,2,2026-09-29,2026-10-06,all events except coverage rows
Sydney,dentsuaegis,0,2,2,4,2026-09-29,2026-10-06,all events except coverage rows
Sydney,diageo,0,1,1,2,2026-09-29,2026-10-06,all events except coverage rows
Sydney,moomoo,0,1,1,2,2026-09-29,2026-10-06,all events except coverage rows
Sydney,protocase,0,2,2,4,2026-09-29,2026-10-06,all events except coverage rows
Sydney,td,0,1,1,2,2026-09-29,2026-10-06,all events except coverage rows
Sydney,teneolinkedin,0,1,1,2,2026-09-29,2026-10-06,all events except coverage rows
Sydney,thales,0,1,1,2,2026-09-29,2026-10-06,all events except coverage rows
Sydney,theiconic,0,1,1,2,2026-09-29,2026-10-06,all events except coverage rows
Sydney,unisys,0,1,1,2,2026-09-29,2026-10-06,all events except coverage rows
Tel Aviv,www,-9,2,11,13,2026-09-29,2026-10-06,all events except coverage rows
Tel Aviv,Navan,4,5,1,6,2026-09-29,2026-10-06,all events except coverage rows
Tel Aviv,Via,-4,0,4,4,2026-09-29,2026-10-06,all events except coverage rows
Tel Aviv,honeybook,-4,1,5,6,2026-09-29,2026-10-06,all events except coverage rows
Tel Aviv,j,-4,2,6,8,2026-09-29,2026-10-06,all events except coverage rows
Tel Aviv,SentinelOne,3,4,1,5,2026-09-29,2026-10-06,all events except coverage rows
Tel Aviv,remitly,-3,0,3,3,2026-09-29,2026-10-06,all events except coverage rows
Tel Aviv,Nebius,2,3,1,4,2026-09-29,2026-10-06,all events except coverage rows
Tel Aviv,Taboola,-2,3,5,8,2026-09-29,2026-10-06,all events except coverage rows
Tel Aviv,atbayjobs,2,2,0,2,2026-09-29,2026-10-06,all events except coverage rows
Tel Aviv,mobileye,2,2,0,2,2026-09-29,2026-10-06,all events except coverage rows
Tel Aviv,Alta,1,1,0,1,2026-09-29,2026-10-06,all events except coverage rows
Tel Aviv,Astera Labs,1,2,1,3,2026-09-29,2026-10-06,all events except coverage rows
Tel Aviv,BigID,-1,0,1,1,2026-09-29,2026-10-06,all events except coverage rows
Tel Aviv,Glow,-1,0,1,1,2026-09-29,2026-10-06,all events except coverage rows
Tel Aviv,Harness,-1,0,1,1,2026-09-29,2026-10-06,all events except coverage rows
Tel Aviv,JFrog,-1,0,1,1,2026-09-29,2026-10-06,all events except coverage rows
Tel Aviv,MongoDB,-1,0,1,1,2026-09-29,2026-10-06,all events except coverage rows
Tel Aviv,Similarweb,1,3,2,5,2026-09-29,2026-10-06,all events except coverage rows
Tel Aviv,Speechify,-1,0,1,1,2026-09-29,2026-10-06,all events except coverage rows
Tel Aviv,Torq,-1,0,1,1,2026-09-29,2026-10-06,all events except coverage rows
Tel Aviv,Viz.ai,1,2,1,3,2026-09-29,2026-10-06,all events except coverage rows
Tel Aviv,Wolt - English,1,1,0,1,2026-09-29,2026-10-06,all events except coverage rows
Tel Aviv,aikidosecurity,-1,0,1,1,2026-09-29,2026-10-06,all events except coverage rows
Tel Aviv,autodesk,1,1,0,1,2026-09-29,2026-10-06,all events except coverage rows
Tel Aviv,beamup,-1,0,1,1,2026-09-29,2026-10-06,all events except coverage rows
Tel Aviv,careers,1,1,0,1,2026-09-29,2026-10-06,all events except coverage rows
Tel Aviv,datarails,1,1,0,1,2026-09-29,2026-10-06,all events except coverage rows
Tel Aviv,glassesusa,1,1,0,1,2026-09-29,2026-10-06,all events except coverage rows
Tel Aviv,helloheart,1,1,0,1,2026-09-29,2026-10-06,all events except coverage rows
Tel Aviv,iqvia,-1,0,1,1,2026-09-29,2026-10-06,all events except coverage rows
Tel Aviv,jll,-1,0,1,1,2026-09-29,2026-10-06,all events except coverage rows
Tel Aviv,matia,-1,0,1,1,2026-09-29,2026-10-06,all events except coverage rows
Tel Aviv,melio,1,3,2,5,2026-09-29,2026-10-06,all events except coverage rows
Tel Aviv,motorolasolutions,-1,0,1,1,2026-09-29,2026-10-06,all events except coverage rows
Tel Aviv,oasissecurity,-1,0,1,1,2026-09-29,2026-10-06,all events except coverage rows
Tel Aviv,pointfive,1,1,0,1,2026-09-29,2026-10-06,all events except coverage rows
Tel Aviv,residenthome,-1,0,1,1,2026-09-29,2026-10-06,all events except coverage rows
Tel Aviv,safebreach,-1,0,1,1,2026-09-29,2026-10-06,all events except coverage rows
Tel Aviv,semperis,-1,1,2,3,2026-09-29,2026-10-06,all events except coverage rows
Tel Aviv,singular,-1,0,1,1,2026-09-29,2026-10-06,all events except coverage rows
Tel Aviv,thales,1,1,0,1,2026-09-29,2026-10-06,all events except coverage rows
Tel Aviv,theapexgroup,1,1,0,1,2026-09-29,2026-10-06,all events except coverage rows
Tel Aviv,tripledotstudios,-1,0,1,1,2026-09-29,2026-10-06,all events except coverage rows
Tel Aviv,Gong.io,0,3,3,6,2026-09-29,2026-10-06,all events except coverage rows
Tel Aviv,"Wiz, Inc.",0,1,1,2,2026-09-29,2026-10-06,all events except coverage rows
Tel Aviv,eleoshealth,0,1,1,2,2026-09-29,2026-10-06,all events except coverage rows
Tel Aviv,nexxen,0,1,1,2,2026-09-29,2026-10-06,all events except coverage rows
Tel Aviv,optimove,0,1,1,2,2026-09-29,2026-10-06,all events except coverage rows
Tel Aviv,pagayais,0,1,1,2,2026-09-29,2026-10-06,all events except coverage rows
Tel Aviv,perionnetworkltd,0,1,1,2,2026-09-29,2026-10-06,all events except coverage rows
Tokyo,collectorsuniverse,-14,2,16,18,2026-09-29,2026-10-06,all events except coverage rows
Tokyo,Revolution Medicines,10,11,1,12,2026-09-29,2026-10-06,all events except coverage rows
Tokyo,abb,10,11,1,12,2026-09-29,2026-10-06,all events except coverage rows
Tokyo,micron,6,6,0,6,2026-09-29,2026-10-06,all events except coverage rows
Tokyo,Datadog,-5,0,5,5,2026-09-29,2026-10-06,all events except coverage rows
Tokyo,manulife,-5,2,7,9,2026-09-29,2026-10-06,all events except coverage rows
Tokyo,statestreet,-5,1,6,7,2026-09-29,2026-10-06,all events except coverage rows
Tokyo,Agoda,4,4,0,4,2026-09-29,2026-10-06,all events except coverage rows
Tokyo,Applied Intuition,4,4,0,4,2026-09-29,2026-10-06,all events except coverage rows
Tokyo,gartner,4,5,1,6,2026-09-29,2026-10-06,all events except coverage rows
Tokyo,hitachi,4,5,1,6,2026-09-29,2026-10-06,all events except coverage rows
Tokyo,synnex,4,4,0,4,2026-09-29,2026-10-06,all events except coverage rows
Tokyo,Zscaler,3,4,1,5,2026-09-29,2026-10-06,all events except coverage rows
Tokyo,iqvia,-3,0,3,3,2026-09-29,2026-10-06,all events except coverage rows
Tokyo,mastercard,-3,1,4,5,2026-09-29,2026-10-06,all events except coverage rows
Tokyo,moomoo,-3,0,3,3,2026-09-29,2026-10-06,all events except coverage rows
Tokyo,ms,3,4,1,5,2026-09-29,2026-10-06,all events except coverage rows
Tokyo,nttglobaldatacenters,3,4,1,5,2026-09-29,2026-10-06,all events except coverage rows
Tokyo,Anaplan,2,2,0,2,2026-09-29,2026-10-06,all events except coverage rows
Tokyo,Appier,-2,0,2,2,2026-09-29,2026-10-06,all events except coverage rows
Tokyo,EXTREME NETWORKS,-2,0,2,2,2026-09-29,2026-10-06,all events except coverage rows
Tokyo,OpenAI,2,3,1,4,2026-09-29,2026-10-06,all events except coverage rows
Tokyo,Tenstorrent,2,2,0,2,2026-09-29,2026-10-06,all events except coverage rows
Tokyo,astroscale,-2,2,4,6,2026-09-29,2026-10-06,all events except coverage rows
Tokyo,barclays,2,3,1,4,2026-09-29,2026-10-06,all events except coverage rows
Tokyo,blackrock,2,3,1,4,2026-09-29,2026-10-06,all events except coverage rows
Tokyo,fortrea,-2,0,2,2,2026-09-29,2026-10-06,all events except coverage rows
Tokyo,gn,2,2,0,2,2026-09-29,2026-10-06,all events except coverage rows
Tokyo,j,2,2,0,2,2026-09-29,2026-10-06,all events except coverage rows
Tokyo,regeneron,-2,2,4,6,2026-09-29,2026-10-06,all events except coverage rows
Tokyo,thales,-2,0,2,2,2026-09-29,2026-10-06,all events except coverage rows
Tokyo,Adyen,-1,1,2,3,2026-09-29,2026-10-06,all events except coverage rows
Tokyo,Airbnb,1,1,0,1,2026-09-29,2026-10-06,all events except coverage rows
Tokyo,Anthropic,1,1,0,1,2026-09-29,2026-10-06,all events except coverage rows
Tokyo,Asana,1,1,0,1,2026-09-29,2026-10-06,all events except coverage rows
Tokyo,Bjak,-1,1,2,3,2026-09-29,2026-10-06,all events except coverage rows
Tokyo,Box,-1,0,1,1,2026-09-29,2026-10-06,all events except coverage rows
Tokyo,Celonis,-1,0,1,1,2026-09-29,2026-10-06,all events except coverage rows
Tokyo,Cognition,-1,0,1,1,2026-09-29,2026-10-06,all events except coverage rows
Tokyo,Cohere,-1,0,1,1,2026-09-29,2026-10-06,all events except coverage rows
Tokyo,Coupang Internal,1,1,0,1,2026-09-29,2026-10-06,all events except coverage rows
Tokyo,Elastic,1,1,0,1,2026-09-29,2026-10-06,all events except coverage rows
Tokyo,FeverUp,-1,1,2,3,2026-09-29,2026-10-06,all events except coverage rows
Tokyo,ICEYE,1,1,0,1,2026-09-29,2026-10-06,all events except coverage rows
Tokyo,Legora,1,1,0,1,2026-09-29,2026-10-06,all events except coverage rows
Tokyo,Monks,-1,0,1,1,2026-09-29,2026-10-06,all events except coverage rows
Tokyo,New Relic,1,1,0,1,2026-09-29,2026-10-06,all events except coverage rows
Tokyo,Pinterest,1,1,0,1,2026-09-29,2026-10-06,all events except coverage rows
Tokyo,Referral Board,1,1,0,1,2026-09-29,2026-10-06,all events except coverage rows
Tokyo,Sierra,1,2,1,3,2026-09-29,2026-10-06,all events except coverage rows
Tokyo,Similarweb,-1,0,1,1,2026-09-29,2026-10-06,all events except coverage rows
Tokyo,SpaceXAI,1,1,0,1,2026-09-29,2026-10-06,all events except coverage rows
Tokyo,Speechify,-1,0,1,1,2026-09-29,2026-10-06,all events except coverage rows
Tokyo,Veeam Software,1,1,0,1,2026-09-29,2026-10-06,all events except coverage rows
Tokyo,WPP,1,1,0,1,2026-09-29,2026-10-06,all events except coverage rows
Tokyo,Waymo,-1,0,1,1,2026-09-29,2026-10-06,all events except coverage rows
Tokyo,adjoe,-1,1,2,3,2026-09-29,2026-10-06,all events except coverage rows
Tokyo,ag,1,1,0,1,2026-09-29,2026-10-06,all events except coverage rows
Tokyo,amat,-1,0,1,1,2026-09-29,2026-10-06,all events except coverage rows
Tokyo,ameriprise,1,1,0,1,2026-09-29,2026-10-06,all events except coverage rows
Tokyo,aresmgmt,-1,0,1,1,2026-09-29,2026-10-06,all events except coverage rows
Tokyo,barrywehmiller,-1,0,1,1,2026-09-29,2026-10-06,all events except coverage rows
Tokyo,biibhr,-1,0,1,1,2026-09-29,2026-10-06,all events except coverage rows
Tokyo,blackduck,-1,0,1,1,2026-09-29,2026-10-06,all events except coverage rows
Tokyo,blackpanda,1,1,0,1,2026-09-29,2026-10-06,all events except coverage rows
Tokyo,capgroup,-1,0,1,1,2026-09-29,2026-10-06,all events except coverage rows
Tokyo,cc,-1,2,3,5,2026-09-29,2026-10-06,all events except coverage rows
Tokyo,citadel-ai,-1,0,1,1,2026-09-29,2026-10-06,all events except coverage rows
Tokyo,convatec,1,1,0,1,2026-09-29,2026-10-06,all events except coverage rows
Tokyo,covestro,-1,0,1,1,2026-09-29,2026-10-06,all events except coverage rows
Tokyo,dexcom,1,1,0,1,2026-09-29,2026-10-06,all events except coverage rows
Tokyo,diageo,1,1,0,1,2026-09-29,2026-10-06,all events except coverage rows
Tokyo,evonik,-1,0,1,1,2026-09-29,2026-10-06,all events except coverage rows
Tokyo,ffive,-1,0,1,1,2026-09-29,2026-10-06,all events except coverage rows
Tokyo,hp,-1,0,1,1,2026-09-29,2026-10-06,all events except coverage rows
Tokyo,hpe,-1,0,1,1,2026-09-29,2026-10-06,all events except coverage rows
Tokyo,invesco,1,1,0,1,2026-09-29,2026-10-06,all events except coverage rows
Tokyo,issgovernance,1,1,0,1,2026-09-29,2026-10-06,all events except coverage rows
Tokyo,jll,1,4,3,7,2026-09-29,2026-10-06,all events except coverage rows
Tokyo,kantar,-1,0,1,1,2026-09-29,2026-10-06,all events except coverage rows
Tokyo,languagedoctors,1,1,0,1,2026-09-29,2026-10-06,all events except coverage rows
Tokyo,loftwork,1,1,0,1,2026-09-29,2026-10-06,all events except coverage rows
Tokyo,medtronic,-1,3,4,7,2026-09-29,2026-10-06,all events except coverage rows
Tokyo,murex,1,1,0,1,2026-09-29,2026-10-06,all events except coverage rows
Tokyo,nike,-1,0,1,1,2026-09-29,2026-10-06,all events except coverage rows
Tokyo,paloaltonetworks,-1,0,1,1,2026-09-29,2026-10-06,all events except coverage rows
Tokyo,pernodricard,-1,0,1,1,2026-09-29,2026-10-06,all events except coverage rows
Tokyo,philips,1,1,0,1,2026-09-29,2026-10-06,all events except coverage rows
Tokyo,qualys,-1,0,1,1,2026-09-29,2026-10-06,all events except coverage rows
Tokyo,rakuten,-1,33,34,67,2026-09-29,2026-10-06,all events except coverage rows
Tokyo,rescale,1,1,0,1,2026-09-29,2026-10-06,all events except coverage rows
Tokyo,riministreet,-1,0,1,1,2026-09-29,2026-10-06,all events except coverage rows
Tokyo,spacexglobal,1,1,0,1,2026-09-29,2026-10-06,all events except coverage rows
Tokyo,springernature,-1,0,1,1,2026-09-29,2026-10-06,all events except coverage rows
Tokyo,stryker,-1,0,1,1,2026-09-29,2026-10-06,all events except coverage rows
Tokyo,synechron,1,1,0,1,2026-09-29,2026-10-06,all events except coverage rows
Tokyo,td,1,1,0,1,2026-09-29,2026-10-06,all events except coverage rows
Tokyo,the-channel-company-careers,-1,0,1,1,2026-09-29,2026-10-06,all events except coverage rows
Tokyo,tuj,-1,1,2,3,2026-09-29,2026-10-06,all events except coverage rows
Tokyo,wellington,-1,0,1,1,2026-09-29,2026-10-06,all events except coverage rows
Tokyo,www,-1,1,2,3,2026-09-29,2026-10-06,all events except coverage rows
Tokyo,zivid,-1,0,1,1,2026-09-29,2026-10-06,all events except coverage rows
Tokyo,AlphaSights,0,1,1,2,2026-09-29,2026-10-06,all events except coverage rows
Tokyo,Coupang,0,1,1,2,2026-09-29,2026-10-06,all events except coverage rows
Tokyo,Everpure,0,1,1,2,2026-09-29,2026-10-06,all events except coverage rows
Tokyo,Formlabs,0,1,1,2,2026-09-29,2026-10-06,all events except coverage rows
Tokyo,Miro,0,1,1,2,2026-09-29,2026-10-06,all events except coverage rows
Tokyo,Okta,0,1,1,2,2026-09-29,2026-10-06,all events except coverage rows
Tokyo,Supermicro,0,1,1,2,2026-09-29,2026-10-06,all events except coverage rows
Tokyo,autodesk,0,2,2,4,2026-09-29,2026-10-06,all events except coverage rows
Tokyo,cw,0,1,1,2,2026-09-29,2026-10-06,all events except coverage rows
Tokyo,kyndryl,0,3,3,6,2026-09-29,2026-10-06,all events except coverage rows
Tokyo,miro,0,1,1,2,2026-09-29,2026-10-06,all events except coverage rows
Tokyo,spgi,0,1,1,2,2026-09-29,2026-10-06,all events except coverage rows
Tokyo,thermofisher,0,2,2,4,2026-09-29,2026-10-06,all events except coverage rows
Toronto,manulife,-38,19,57,76,2026-09-29,2026-10-06,all events except coverage rows
Toronto,bmo,-22,79,101,180,2026-09-29,2026-10-06,all events except coverage rows
Toronto,careers,16,16,0,16,2026-09-29,2026-10-06,all events except coverage rows
Toronto,rsm,-13,6,19,25,2026-09-29,2026-10-06,all events except coverage rows
Toronto,pontosense,11,11,0,11,2026-09-29,2026-10-06,all events except coverage rows
Toronto,Okta,8,14,6,20,2026-09-29,2026-10-06,all events except coverage rows
Toronto,armstrongfluidtechnology,-7,1,8,9,2026-09-29,2026-10-06,all events except coverage rows
Toronto,cineplex,7,17,10,27,2026-09-29,2026-10-06,all events except coverage rows
Toronto,pwc,-7,1,8,9,2026-09-29,2026-10-06,all events except coverage rows
Toronto,avcomm,6,6,0,6,2026-09-29,2026-10-06,all events except coverage rows
Toronto,dentsuaegis,-6,2,8,10,2026-09-29,2026-10-06,all events except coverage rows
Toronto,otppb,-6,5,11,16,2026-09-29,2026-10-06,all events except coverage rows
Toronto,rbc,-6,6,12,18,2026-09-29,2026-10-06,all events except coverage rows
Toronto,Lyft,5,9,4,13,2026-09-29,2026-10-06,all events except coverage rows
Toronto,Stripe,5,5,0,5,2026-09-29,2026-10-06,all events except coverage rows
Toronto,Tiger Analytics Inc.,-5,2,7,9,2026-09-29,2026-10-06,all events except coverage rows
Toronto,autodesk,5,8,3,11,2026-09-29,2026-10-06,all events except coverage rows
Toronto,baileynelson,5,6,1,7,2026-09-29,2026-10-06,all events except coverage rows
Toronto,canadiantirecorporation,-5,14,19,33,2026-09-29,2026-10-06,all events except coverage rows
Toronto,cibc,-5,84,89,173,2026-09-29,2026-10-06,all events except coverage rows
Toronto,oh,5,7,2,9,2026-09-29,2026-10-06,all events except coverage rows
Toronto,sunlife,-5,4,9,13,2026-09-29,2026-10-06,all events except coverage rows
Toronto,carbon60,-4,0,4,4,2026-09-29,2026-10-06,all events except coverage rows
Toronto,ebay,4,5,1,6,2026-09-29,2026-10-06,all events except coverage rows
Toronto,ia,4,6,2,8,2026-09-29,2026-10-06,all events except coverage rows
Toronto,jll,4,5,1,6,2026-09-29,2026-10-06,all events except coverage rows
Toronto,mitacs,-4,0,4,4,2026-09-29,2026-10-06,all events except coverage rows
Toronto,zafinlabsamericasinc,-4,0,4,4,2026-09-29,2026-10-06,all events except coverage rows
Toronto,EliseAI,3,3,0,3,2026-09-29,2026-10-06,all events except coverage rows
Toronto,Kepler,-3,0,3,3,2026-09-29,2026-10-06,all events except coverage rows
Toronto,Solstice,3,3,0,3,2026-09-29,2026-10-06,all events except coverage rows
Toronto,aig,-3,0,3,3,2026-09-29,2026-10-06,all events except coverage rows
Toronto,appnovation,3,3,0,3,2026-09-29,2026-10-06,all events except coverage rows
Toronto,archgroup,3,3,0,3,2026-09-29,2026-10-06,all events except coverage rows
Toronto,cbcrc,-3,8,11,19,2026-09-29,2026-10-06,all events except coverage rows
Toronto,circularmaterials,-3,0,3,3,2026-09-29,2026-10-06,all events except coverage rows
Toronto,elementfleet,-3,2,5,7,2026-09-29,2026-10-06,all events except coverage rows
Toronto,enbridge,-3,0,3,3,2026-09-29,2026-10-06,all events except coverage rows
Toronto,hidi,-3,1,4,5,2026-09-29,2026-10-06,all events except coverage rows
Toronto,hitachi,3,6,3,9,2026-09-29,2026-10-06,all events except coverage rows
Toronto,j,3,21,18,39,2026-09-29,2026-10-06,all events except coverage rows
Toronto,marsdd,3,3,0,3,2026-09-29,2026-10-06,all events except coverage rows
Toronto,soci,3,3,0,3,2026-09-29,2026-10-06,all events except coverage rows
Toronto,statestreet,-3,5,8,13,2026-09-29,2026-10-06,all events except coverage rows
Toronto,synechron,-3,0,3,3,2026-09-29,2026-10-06,all events except coverage rows
Toronto,theturnlab,-3,1,4,5,2026-09-29,2026-10-06,all events except coverage rows
Toronto,7shifts,2,2,0,2,2026-09-29,2026-10-06,all events except coverage rows
Toronto,Adyen,2,2,0,2,2026-09-29,2026-10-06,all events except coverage rows
Toronto,Braze,2,3,1,4,2026-09-29,2026-10-06,all events except coverage rows
Toronto,Community Sports Partners,2,2,0,2,2026-09-29,2026-10-06,all events except coverage rows
Toronto,"Lightspeed Commerce, Inc.",2,2,0,2,2026-09-29,2026-10-06,all events except coverage rows
Toronto,MaintainX (An Autodesk Company),2,3,1,4,2026-09-29,2026-10-06,all events except coverage rows
Toronto,Mejuri,2,2,0,2,2026-09-29,2026-10-06,all events except coverage rows
Toronto,Monks,2,4,2,6,2026-09-29,2026-10-06,all events except coverage rows
Toronto,Neo Financial,-2,0,2,2,2026-09-29,2026-10-06,all events except coverage rows
Toronto,Nubank,-2,0,2,2,2026-09-29,2026-10-06,all events except coverage rows
Toronto,PagerDuty,2,2,0,2,2026-09-29,2026-10-06,all events except coverage rows
Toronto,Pinterest,2,6,4,10,2026-09-29,2026-10-06,all events except coverage rows
Toronto,Tenstorrent,2,3,1,4,2026-09-29,2026-10-06,all events except coverage rows
Toronto,Think Academy US,2,2,0,2,2026-09-29,2026-10-06,all events except coverage rows
Toronto,WPP Media,2,4,2,6,2026-09-29,2026-10-06,all events except coverage rows
Toronto,Workana,2,2,0,2,2026-09-29,2026-10-06,all events except coverage rows
Toronto,agecare,-2,0,2,2,2026-09-29,2026-10-06,all events except coverage rows
Toronto,appdirect,-2,0,2,2,2026-09-29,2026-10-06,all events except coverage rows
Toronto,blanclabs,2,2,0,2,2026-09-29,2026-10-06,all events except coverage rows
Toronto,brainstation,-2,4,6,10,2026-09-29,2026-10-06,all events except coverage rows
Toronto,canada-rocket-company,-2,0,2,2,2026-09-29,2026-10-06,all events except coverage rows
Toronto,ccsai,2,2,0,2,2026-09-29,2026-10-06,all events except coverage rows
Toronto,chatbase,2,2,0,2,2026-09-29,2026-10-06,all events except coverage rows
Toronto,dialogue-fr,2,2,0,2,2026-09-29,2026-10-06,all events except coverage rows
Toronto,docebo,-2,1,3,4,2026-09-29,2026-10-06,all events except coverage rows
Toronto,internaljobsatlush,-2,3,5,8,2026-09-29,2026-10-06,all events except coverage rows
Toronto,leagueinc,-2,0,2,2,2026-09-29,2026-10-06,all events except coverage rows
Toronto,minitab,2,2,0,2,2026-09-29,2026-10-06,all events except coverage rows
Toronto,mufgub,-2,1,3,4,2026-09-29,2026-10-06,all events except coverage rows
Toronto,oliverusa,2,2,0,2,2026-09-29,2026-10-06,all events except coverage rows
Toronto,opendoor,2,2,0,2,2026-09-29,2026-10-06,all events except coverage rows
Toronto,priceline,-2,1,3,4,2026-09-29,2026-10-06,all events except coverage rows
Toronto,rednucleus,2,2,0,2,2026-09-29,2026-10-06,all events except coverage rows
Toronto,relayfi,2,3,1,4,2026-09-29,2026-10-06,all events except coverage rows
Toronto,revau,2,2,0,2,2026-09-29,2026-10-06,all events except coverage rows
Toronto,samsters,-2,0,2,2,2026-09-29,2026-10-06,all events except coverage rows
Toronto,sgico,-2,0,2,2,2026-09-29,2026-10-06,all events except coverage rows
Toronto,signal1,2,2,0,2,2026-09-29,2026-10-06,all events except coverage rows
Toronto,spgi,2,2,0,2,2026-09-29,2026-10-06,all events except coverage rows
Toronto,swarovski,2,3,1,4,2026-09-29,2026-10-06,all events except coverage rows
Toronto,taketwo,-2,0,2,2,2026-09-29,2026-10-06,all events except coverage rows
Toronto,tjx,2,4,2,6,2026-09-29,2026-10-06,all events except coverage rows
Toronto,tsys,-2,0,2,2,2026-09-29,2026-10-06,all events except coverage rows
Toronto,turnerfleischer,-2,0,2,2,2026-09-29,2026-10-06,all events except coverage rows
Toronto,vanguard,-2,0,2,2,2026-09-29,2026-10-06,all events except coverage rows
Toronto,varicent,2,2,0,2,2026-09-29,2026-10-06,all events except coverage rows
Toronto,www,2,3,1,4,2026-09-29,2026-10-06,all events except coverage rows
Toronto,Agentis-Capital-Advisors,-1,0,1,1,2026-09-29,2026-10-06,all events except coverage rows
Toronto,Alan,1,1,0,1,2026-09-29,2026-10-06,all events except coverage rows
Toronto,AppLovin,1,1,0,1,2026-09-29,2026-10-06,all events except coverage rows
Toronto,Astera Labs,1,1,0,1,2026-09-29,2026-10-06,all events except coverage rows
Toronto,AvePoint,-1,0,1,1,2026-09-29,2026-10-06,all events except coverage rows
Toronto,Avomind,1,1,0,1,2026-09-29,2026-10-06,all events except coverage rows
Toronto,Block,1,1,0,1,2026-09-29,2026-10-06,all events except coverage rows
Toronto,Blue Moon Metals,-1,0,1,1,2026-09-29,2026-10-06,all events except coverage rows
Toronto,Cohere,-1,0,1,1,2026-09-29,2026-10-06,all events except coverage rows
Toronto,"Connor, Clark & Lunn Private Capital Ltd.",1,1,0,1,2026-09-29,2026-10-06,all events except coverage rows
Toronto,Control Risks,1,1,0,1,2026-09-29,2026-10-06,all events except coverage rows
Toronto,CoreWeave,-1,0,1,1,2026-09-29,2026-10-06,all events except coverage rows
Toronto,Coursera,1,1,0,1,2026-09-29,2026-10-06,all events except coverage rows
Toronto,DEPT®,1,2,1,3,2026-09-29,2026-10-06,all events except coverage rows
Toronto,Databricks,-1,0,1,1,2026-09-29,2026-10-06,all events except coverage rows
Toronto,EXTREME NETWORKS,-1,0,1,1,2026-09-29,2026-10-06,all events except coverage rows
Toronto,Elastic,1,1,0,1,2026-09-29,2026-10-06,all events except coverage rows
Toronto,ElevenLabs,-1,0,1,1,2026-09-29,2026-10-06,all events except coverage rows
Toronto,FeverUp,-1,0,1,1,2026-09-29,2026-10-06,all events except coverage rows
Toronto,Guidepoint,1,1,0,1,2026-09-29,2026-10-06,all events except coverage rows
Toronto,Harvey,-1,1,2,3,2026-09-29,2026-10-06,all events except coverage rows
Toronto,Heidi,-1,0,1,1,2026-09-29,2026-10-06,all events except coverage rows
Toronto,HelloFresh,1,6,5,11,2026-09-29,2026-10-06,all events except coverage rows
Toronto,Jobber,1,3,2,5,2026-09-29,2026-10-06,all events except coverage rows
Toronto,Justworks,-1,0,1,1,2026-09-29,2026-10-06,all events except coverage rows
Toronto,Lush Handmade Cosmetics,-1,1,2,3,2026-09-29,2026-10-06,all events except coverage rows
Toronto,Mentimeter,1,1,0,1,2026-09-29,2026-10-06,all events except coverage rows
Toronto,MongoDB,1,1,0,1,2026-09-29,2026-10-06,all events except coverage rows
Toronto,Netskope,-1,0,1,1,2026-09-29,2026-10-06,all events except coverage rows
Toronto,Peregrine Technologies,-1,0,1,1,2026-09-29,2026-10-06,all events except coverage rows
Toronto,Phoenix,-1,0,1,1,2026-09-29,2026-10-06,all events except coverage rows
Toronto,Pine,1,1,0,1,2026-09-29,2026-10-06,all events except coverage rows
Toronto,Range,1,1,0,1,2026-09-29,2026-10-06,all events except coverage rows
Toronto,Rivian and Volkswagen Group Technologies,-1,0,1,1,2026-09-29,2026-10-06,all events except coverage rows
Toronto,Sapsol Technologies Inc,1,2,1,3,2026-09-29,2026-10-06,all events except coverage rows
Toronto,Speechify,-1,0,1,1,2026-09-29,2026-10-06,all events except coverage rows
Toronto,Spotify,1,1,0,1,2026-09-29,2026-10-06,all events except coverage rows
Toronto,StepStone Group,1,1,0,1,2026-09-29,2026-10-06,all events except coverage rows
Toronto,Taboola,1,1,0,1,2026-09-29,2026-10-06,all events except coverage rows
Toronto,Teltonika,1,1,0,1,2026-09-29,2026-10-06,all events except coverage rows
Toronto,Upwork,1,1,0,1,2026-09-29,2026-10-06,all events except coverage rows
Toronto,Zip,-1,0,1,1,2026-09-29,2026-10-06,all events except coverage rows
Toronto,ZoomInfo Technologies LLC,1,2,1,3,2026-09-29,2026-10-06,all events except coverage rows
Toronto,aggreko,1,1,0,1,2026-09-29,2026-10-06,all events except coverage rows
Toronto,altera,-1,3,4,7,2026-09-29,2026-10-06,all events except coverage rows
Toronto,alternativepayments,-1,1,2,3,2026-09-29,2026-10-06,all events except coverage rows
Toronto,apluscreative,-1,0,1,1,2026-09-29,2026-10-06,all events except coverage rows
Toronto,ballysintralotsa,1,1,0,1,2026-09-29,2026-10-06,all events except coverage rows
Toronto,bree,1,1,0,1,2026-09-29,2026-10-06,all events except coverage rows
Toronto,capgroup,-1,0,1,1,2026-09-29,2026-10-06,all events except coverage rows
Toronto,charlesriverassociates,-1,0,1,1,2026-09-29,2026-10-06,all events except coverage rows
Toronto,cifar,-1,0,1,1,2026-09-29,2026-10-06,all events except coverage rows
Toronto,classicfls,1,1,0,1,2026-09-29,2026-10-06,all events except coverage rows
Toronto,clearco,1,1,0,1,2026-09-29,2026-10-06,all events except coverage rows
Toronto,clio,1,1,0,1,2026-09-29,2026-10-06,all events except coverage rows
Toronto,cmha,-1,0,1,1,2026-09-29,2026-10-06,all events except coverage rows
Toronto,coc,1,1,0,1,2026-09-29,2026-10-06,all events except coverage rows
Toronto,colliers,1,2,1,3,2026-09-29,2026-10-06,all events except coverage rows
Toronto,condoauthorityontario,1,1,0,1,2026-09-29,2026-10-06,all events except coverage rows
Toronto,cullen-jewellery,1,1,0,1,2026-09-29,2026-10-06,all events except coverage rows
Toronto,cw,-1,1,2,3,2026-09-29,2026-10-06,all events except coverage rows
Toronto,danaher,1,1,0,1,2026-09-29,2026-10-06,all events except coverage rows
Toronto,dialogue-en,-1,1,2,3,2026-09-29,2026-10-06,all events except coverage rows
Toronto,doordashcanada,1,2,1,3,2026-09-29,2026-10-06,all events except coverage rows
Toronto,enavatecareers,-1,0,1,1,2026-09-29,2026-10-06,all events except coverage rows
Toronto,engineeredintel,1,1,0,1,2026-09-29,2026-10-06,all events except coverage rows
Toronto,exacare-inc,-1,1,2,3,2026-09-29,2026-10-06,all events except coverage rows
Toronto,firststudent,1,1,0,1,2026-09-29,2026-10-06,all events except coverage rows
Toronto,fittes,-1,0,1,1,2026-09-29,2026-10-06,all events except coverage rows
Toronto,formaaiinc,1,1,0,1,2026-09-29,2026-10-06,all events except coverage rows
Toronto,friendsofruby,-1,2,3,5,2026-09-29,2026-10-06,all events except coverage rows
Toronto,funday,-1,0,1,1,2026-09-29,2026-10-06,all events except coverage rows
Toronto,g2i,1,1,0,1,2026-09-29,2026-10-06,all events except coverage rows
Toronto,gartner,1,2,1,3,2026-09-29,2026-10-06,all events except coverage rows
Toronto,generac,-1,0,1,1,2026-09-29,2026-10-06,all events except coverage rows
Toronto,gevernova,-1,0,1,1,2026-09-29,2026-10-06,all events except coverage rows
Toronto,gobolt,1,1,0,1,2026-09-29,2026-10-06,all events except coverage rows
Toronto,gopci,-1,0,1,1,2026-09-29,2026-10-06,all events except coverage rows
Toronto,gorgias,1,2,1,3,2026-09-29,2026-10-06,all events except coverage rows
Toronto,highdive,-1,0,1,1,2026-09-29,2026-10-06,all events except coverage rows
Toronto,highlightta,-1,0,1,1,2026-09-29,2026-10-06,all events except coverage rows
Toronto,homebase,1,1,0,1,2026-09-29,2026-10-06,all events except coverage rows
Toronto,hubinternational,-1,3,4,7,2026-09-29,2026-10-06,all events except coverage rows
Toronto,iCapital,-1,0,1,1,2026-09-29,2026-10-06,all events except coverage rows
Toronto,iko,1,2,1,3,2026-09-29,2026-10-06,all events except coverage rows
Toronto,ingeno,1,1,0,1,2026-09-29,2026-10-06,all events except coverage rows
Toronto,issgovernance,-1,0,1,1,2026-09-29,2026-10-06,all events except coverage rows
Toronto,jfklaw,1,1,0,1,2026-09-29,2026-10-06,all events except coverage rows
Toronto,kensingtongrey,-1,0,1,1,2026-09-29,2026-10-06,all events except coverage rows
Toronto,keplergroup,1,1,0,1,2026-09-29,2026-10-06,all events except coverage rows
Toronto,lasenza,-1,0,1,1,2026-09-29,2026-10-06,all events except coverage rows
Toronto,levitate,1,1,0,1,2026-09-29,2026-10-06,all events except coverage rows
Toronto,loop-careers,-1,0,1,1,2026-09-29,2026-10-06,all events except coverage rows
Toronto,maei,1,1,0,1,2026-09-29,2026-10-06,all events except coverage rows
Toronto,makeship,1,1,0,1,2026-09-29,2026-10-06,all events except coverage rows
Toronto,marcusmillichap,1,2,1,3,2026-09-29,2026-10-06,all events except coverage rows
Toronto,marvell,1,1,0,1,2026-09-29,2026-10-06,all events except coverage rows
Toronto,meatymeats,1,1,0,1,2026-09-29,2026-10-06,all events except coverage rows
Toronto,messagepoint,-1,0,1,1,2026-09-29,2026-10-06,all events except coverage rows
Toronto,mlse,1,13,12,25,2026-09-29,2026-10-06,all events except coverage rows
Toronto,momentumfinancialservicesgroup,1,2,1,3,2026-09-29,2026-10-06,all events except coverage rows
Toronto,moov-pool-products,-1,0,1,1,2026-09-29,2026-10-06,all events except coverage rows
Toronto,ms,-1,0,1,1,2026-09-29,2026-10-06,all events except coverage rows
Toronto,mthreerecruitingportal,-1,0,1,1,2026-09-29,2026-10-06,all events except coverage rows
Toronto,muellerwaterproducts,1,1,0,1,2026-09-29,2026-10-06,all events except coverage rows
Toronto,mycroft,-1,0,1,1,2026-09-29,2026-10-06,all events except coverage rows
Toronto,mypurplesales,1,1,0,1,2026-09-29,2026-10-06,all events except coverage rows
Toronto,nkpr,1,1,0,1,2026-09-29,2026-10-06,all events except coverage rows
Toronto,northern,-1,0,1,1,2026-09-29,2026-10-06,all events except coverage rows
Toronto,ntrs,-1,0,1,1,2026-09-29,2026-10-06,all events except coverage rows
Toronto,onelocal,1,1,0,1,2026-09-29,2026-10-06,all events except coverage rows
Toronto,onexgeneral,-1,0,1,1,2026-09-29,2026-10-06,all events except coverage rows
Toronto,pebl,-1,0,1,1,2026-09-29,2026-10-06,all events except coverage rows
Toronto,penninteractive,1,1,0,1,2026-09-29,2026-10-06,all events except coverage rows
Toronto,perionnetworkltd,-1,0,1,1,2026-09-29,2026-10-06,all events except coverage rows
Toronto,pernodricard,-1,0,1,1,2026-09-29,2026-10-06,all events except coverage rows
Toronto,pier4ltd,1,2,1,3,2026-09-29,2026-10-06,all events except coverage rows
Toronto,quadreal,-1,1,2,3,2026-09-29,2026-10-06,all events except coverage rows
Toronto,quartermaster,-1,0,1,1,2026-09-29,2026-10-06,all events except coverage rows
Toronto,ramsoftinc,-1,0,1,1,2026-09-29,2026-10-06,all events except coverage rows
Toronto,republic,1,1,0,1,2026-09-29,2026-10-06,all events except coverage rows
Toronto,rippling,-1,0,1,1,2026-09-29,2026-10-06,all events except coverage rows
Toronto,rivaltechnologies,-1,0,1,1,2026-09-29,2026-10-06,all events except coverage rows
Toronto,rocketdoctor,1,1,0,1,2026-09-29,2026-10-06,all events except coverage rows
Toronto,rockportnetworks,-1,0,1,1,2026-09-29,2026-10-06,all events except coverage rows
Toronto,rumble,-1,0,1,1,2026-09-29,2026-10-06,all events except coverage rows
Toronto,shiplake,1,1,0,1,2026-09-29,2026-10-06,all events except coverage rows
Toronto,sidefx,1,1,0,1,2026-09-29,2026-10-06,all events except coverage rows
Toronto,simcorp,1,2,1,3,2026-09-29,2026-10-06,all events except coverage rows
Toronto,snapchat,1,1,0,1,2026-09-29,2026-10-06,all events except coverage rows
Toronto,sodalessolutions,-1,0,1,1,2026-09-29,2026-10-06,all events except coverage rows
Toronto,stryker,-1,0,1,1,2026-09-29,2026-10-06,all events except coverage rows
Toronto,super.com,-1,0,1,1,2026-09-29,2026-10-06,all events except coverage rows
Toronto,td,-1,125,126,251,2026-09-29,2026-10-06,all events except coverage rows
Toronto,teads1,1,1,0,1,2026-09-29,2026-10-06,all events except coverage rows
Toronto,theapexgroup,1,1,0,1,2026-09-29,2026-10-06,all events except coverage rows
Toronto,tipalti,1,1,0,1,2026-09-29,2026-10-06,all events except coverage rows
Toronto,tubitv,1,1,0,1,2026-09-29,2026-10-06,all events except coverage rows
Toronto,tulip,1,1,0,1,2026-09-29,2026-10-06,all events except coverage rows
Toronto,turo,-1,0,1,1,2026-09-29,2026-10-06,all events except coverage rows
Toronto,upwithwomen,-1,0,1,1,2026-09-29,2026-10-06,all events except coverage rows
Toronto,usbank,-1,0,1,1,2026-09-29,2026-10-06,all events except coverage rows
Toronto,vaultcredit,1,1,0,1,2026-09-29,2026-10-06,all events except coverage rows
Toronto,venn,-1,0,1,1,2026-09-29,2026-10-06,all events except coverage rows
Toronto,ventureforcanada,-1,0,1,1,2026-09-29,2026-10-06,all events except coverage rows
Toronto,vgw-canada,-1,0,1,1,2026-09-29,2026-10-06,all events except coverage rows
Toronto,vhaca,1,5,4,9,2026-09-29,2026-10-06,all events except coverage rows
Toronto,vicimus,1,1,0,1,2026-09-29,2026-10-06,all events except coverage rows
Toronto,viralnation,1,2,1,3,2026-09-29,2026-10-06,all events except coverage rows
Toronto,wealthsimple,-1,0,1,1,2026-09-29,2026-10-06,all events except coverage rows
Toronto,webull,-1,0,1,1,2026-09-29,2026-10-06,all events except coverage rows
Toronto,weirfouldsllp,-1,0,1,1,2026-09-29,2026-10-06,all events except coverage rows
Toronto,wf,1,1,0,1,2026-09-29,2026-10-06,all events except coverage rows
Toronto,ysm,1,1,0,1,2026-09-29,2026-10-06,all events except coverage rows
Toronto,ziro,1,1,0,1,2026-09-29,2026-10-06,all events except coverage rows
Toronto,zulualphakilo,1,1,0,1,2026-09-29,2026-10-06,all events except coverage rows
Toronto,zyngacareers,1,1,0,1,2026-09-29,2026-10-06,all events except coverage rows
Toronto,Agoda,0,1,1,2,2026-09-29,2026-10-06,all events except coverage rows
Toronto,BuildOps,0,1,1,2,2026-09-29,2026-10-06,all events except coverage rows
Toronto,CookUnity,0,1,1,2,2026-09-29,2026-10-06,all events except coverage rows
Toronto,Ebury,0,1,1,2,2026-09-29,2026-10-06,all events except coverage rows
Toronto,FanDuel,0,1,1,2,2026-09-29,2026-10-06,all events except coverage rows
Toronto,Human Agency,0,1,1,2,2026-09-29,2026-10-06,all events except coverage rows
Toronto,Loopio Inc.,0,1,1,2,2026-09-29,2026-10-06,all events except coverage rows
Toronto,OpenTable,0,5,5,10,2026-09-29,2026-10-06,all events except coverage rows
Toronto,Quince,0,1,1,2,2026-09-29,2026-10-06,all events except coverage rows
Toronto,Robinhood,0,2,2,4,2026-09-29,2026-10-06,all events except coverage rows
Toronto,Sentry,0,1,1,2,2026-09-29,2026-10-06,all events except coverage rows
Toronto,Supermicro,0,1,1,2,2026-09-29,2026-10-06,all events except coverage rows
Toronto,TELUS Digital,0,1,1,2,2026-09-29,2026-10-06,all events except coverage rows
Toronto,Toast,0,1,1,2,2026-09-29,2026-10-06,all events except coverage rows
Toronto,abacum,0,1,1,2,2026-09-29,2026-10-06,all events except coverage rows
Toronto,aviva,0,1,1,2,2026-09-29,2026-10-06,all events except coverage rows
Toronto,bakertillywm,0,1,1,2,2026-09-29,2026-10-06,all events except coverage rows
Toronto,bdc,0,4,4,8,2026-09-29,2026-10-06,all events except coverage rows
Toronto,blackrock,0,1,1,2,2026-09-29,2026-10-06,all events except coverage rows
Toronto,caatpension,0,1,1,2,2026-09-29,2026-10-06,all events except coverage rows
Toronto,cae,0,1,1,2,2026-09-29,2026-10-06,all events except coverage rows
Toronto,cc,0,1,1,2,2026-09-29,2026-10-06,all events except coverage rows
Toronto,cisco,0,1,1,2,2026-09-29,2026-10-06,all events except coverage rows
Toronto,clutch,0,2,2,4,2026-09-29,2026-10-06,all events except coverage rows
Toronto,cna,0,1,1,2,2026-09-29,2026-10-06,all events except coverage rows
Toronto,desjardins,0,2,2,4,2026-09-29,2026-10-06,all events except coverage rows
Toronto,diageo,0,1,1,2,2026-09-29,2026-10-06,all events except coverage rows
Toronto,flosonicsmedical,0,1,1,2,2026-09-29,2026-10-06,all events except coverage rows
Toronto,formulafig,0,1,1,2,2026-09-29,2026-10-06,all events except coverage rows
Toronto,ilsc,0,1,1,2,2026-09-29,2026-10-06,all events except coverage rows
Toronto,iqvia,0,1,1,2,2026-09-29,2026-10-06,all events except coverage rows
Toronto,jj,0,2,2,4,2026-09-29,2026-10-06,all events except coverage rows
Toronto,kensingtontours,0,1,1,2,2026-09-29,2026-10-06,all events except coverage rows
Toronto,litmus,0,1,1,2,2026-09-29,2026-10-06,all events except coverage rows
Toronto,mastercard,0,3,3,6,2026-09-29,2026-10-06,all events except coverage rows
Toronto,mdlz,0,1,1,2,2026-09-29,2026-10-06,all events except coverage rows
Toronto,motorolasolutions,0,1,1,2,2026-09-29,2026-10-06,all events except coverage rows
Toronto,navcanada,0,1,1,2,2026-09-29,2026-10-06,all events except coverage rows
Toronto,novartis,0,1,1,2,2026-09-29,2026-10-06,all events except coverage rows
Toronto,saltxc,0,4,4,8,2026-09-29,2026-10-06,all events except coverage rows
Toronto,tenstorrentuniversity,0,1,1,2,2026-09-29,2026-10-06,all events except coverage rows
Toronto,torontobluejays,0,1,1,2,2026-09-29,2026-10-06,all events except coverage rows
Toronto,ur,0,1,1,2,2026-09-29,2026-10-06,all events except coverage rows
Vancouver,careers,6,6,0,6,2026-09-29,2026-10-06,all events except coverage rows
Vancouver,cibc,5,12,7,19,2026-09-29,2026-10-06,all events except coverage rows
Vancouver,Brex,4,5,1,6,2026-09-29,2026-10-06,all events except coverage rows
Vancouver,AbCellera,-3,2,5,7,2026-09-29,2026-10-06,all events except coverage rows
Vancouver,JOEY Restaurants,-3,0,3,3,2026-09-29,2026-10-06,all events except coverage rows
Vancouver,Monks,-3,0,3,3,2026-09-29,2026-10-06,all events except coverage rows
Vancouver,Neo Financial,-3,1,4,5,2026-09-29,2026-10-06,all events except coverage rows
Vancouver,app,3,3,0,3,2026-09-29,2026-10-06,all events except coverage rows
Vancouver,bmo,-3,4,7,11,2026-09-29,2026-10-06,all events except coverage rows
Vancouver,lawsonlundell,-3,0,3,3,2026-09-29,2026-10-06,all events except coverage rows
Vancouver,mastercard,3,4,1,5,2026-09-29,2026-10-06,all events except coverage rows
Vancouver,mitacs,-3,0,3,3,2026-09-29,2026-10-06,all events except coverage rows
Vancouver,mosaicbc,-3,0,3,3,2026-09-29,2026-10-06,all events except coverage rows
Vancouver,ALO,-2,0,2,2,2026-09-29,2026-10-06,all events except coverage rows
Vancouver,Asana,-2,1,3,4,2026-09-29,2026-10-06,all events except coverage rows
Vancouver,Epic Games,-2,1,3,4,2026-09-29,2026-10-06,all events except coverage rows
Vancouver,Jobber,-2,0,2,2,2026-09-29,2026-10-06,all events except coverage rows
Vancouver,agecare,-2,0,2,2,2026-09-29,2026-10-06,all events except coverage rows
Vancouver,atomiccartoons,-2,0,2,2,2026-09-29,2026-10-06,all events except coverage rows
Vancouver,cineplex,2,6,4,10,2026-09-29,2026-10-06,all events except coverage rows
Vancouver,colliers,2,2,0,2,2026-09-29,2026-10-06,all events except coverage rows
Vancouver,healthemployersassociationofbc,-2,2,4,6,2026-09-29,2026-10-06,all events except coverage rows
Vancouver,hiive,2,2,0,2,2026-09-29,2026-10-06,all events except coverage rows
Vancouver,ia,2,2,0,2,2026-09-29,2026-10-06,all events except coverage rows
Vancouver,pwc,-2,0,2,2,2026-09-29,2026-10-06,all events except coverage rows
Vancouver,rivaltechnologies,-2,0,2,2,2026-09-29,2026-10-06,all events except coverage rows
Vancouver,td,2,7,5,12,2026-09-29,2026-10-06,all events except coverage rows
Vancouver,tigera,2,2,0,2,2026-09-29,2026-10-06,all events except coverage rows
Vancouver,1800gotjunk,1,1,0,1,2026-09-29,2026-10-06,all events except coverage rows
Vancouver,7shifts,-1,0,1,1,2026-09-29,2026-10-06,all events except coverage rows
Vancouver,APM Monaco,1,1,0,1,2026-09-29,2026-10-06,all events except coverage rows
Vancouver,"Connor, Clark & Lunn Private Capital Ltd.",1,1,0,1,2026-09-29,2026-10-06,all events except coverage rows
Vancouver,Dutch Bros,-1,1,2,3,2026-09-29,2026-10-06,all events except coverage rows
Vancouver,EXTREME NETWORKS,1,1,0,1,2026-09-29,2026-10-06,all events except coverage rows
Vancouver,Elastic,1,1,0,1,2026-09-29,2026-10-06,all events except coverage rows
Vancouver,Keywords Studios,-1,0,1,1,2026-09-29,2026-10-06,all events except coverage rows
Vancouver,Kognitive Sales Solutions,1,1,0,1,2026-09-29,2026-10-06,all events except coverage rows
Vancouver,"Lightspeed Commerce, Inc.",-1,0,1,1,2026-09-29,2026-10-06,all events except coverage rows
Vancouver,Lush Handmade Cosmetics,1,2,1,3,2026-09-29,2026-10-06,all events except coverage rows
Vancouver,Mindrift,1,1,0,1,2026-09-29,2026-10-06,all events except coverage rows
Vancouver,Money Mart,1,1,0,1,2026-09-29,2026-10-06,all events except coverage rows
Vancouver,Rentokil Initial,-1,0,1,1,2026-09-29,2026-10-06,all events except coverage rows
Vancouver,Toast,-1,0,1,1,2026-09-29,2026-10-06,all events except coverage rows
Vancouver,TransPerfect,-1,0,1,1,2026-09-29,2026-10-06,all events except coverage rows
Vancouver,Verkada,-1,0,1,1,2026-09-29,2026-10-06,all events except coverage rows
Vancouver,Xenon Pharmaceuticals,-1,0,1,1,2026-09-29,2026-10-06,all events except coverage rows
Vancouver,aritzia,-1,5,6,11,2026-09-29,2026-10-06,all events except coverage rows
Vancouver,asiapacific,-1,0,1,1,2026-09-29,2026-10-06,all events except coverage rows
Vancouver,aspectbiosystems,1,1,0,1,2026-09-29,2026-10-06,all events except coverage rows
Vancouver,bayswater,-1,0,1,1,2026-09-29,2026-10-06,all events except coverage rows
Vancouver,bgcengineering,1,2,1,3,2026-09-29,2026-10-06,all events except coverage rows
Vancouver,borealisbio,1,1,0,1,2026-09-29,2026-10-06,all events except coverage rows
Vancouver,cc,-1,0,1,1,2026-09-29,2026-10-06,all events except coverage rows
Vancouver,clarkwilsonllp,1,1,0,1,2026-09-29,2026-10-06,all events except coverage rows
Vancouver,corinexcom,1,1,0,1,2026-09-29,2026-10-06,all events except coverage rows
Vancouver,creationtech,1,1,0,1,2026-09-29,2026-10-06,all events except coverage rows
Vancouver,datamundi,-1,0,1,1,2026-09-29,2026-10-06,all events except coverage rows
Vancouver,destinationbc,-1,0,1,1,2026-09-29,2026-10-06,all events except coverage rows
Vancouver,dhgroup,-1,0,1,1,2026-09-29,2026-10-06,all events except coverage rows
Vancouver,dialogue-en,1,1,0,1,2026-09-29,2026-10-06,all events except coverage rows
Vancouver,doordashcanada,-1,0,1,1,2026-09-29,2026-10-06,all events except coverage rows
Vancouver,fintelconnect,-1,0,1,1,2026-09-29,2026-10-06,all events except coverage rows
Vancouver,fispan,1,1,0,1,2026-09-29,2026-10-06,all events except coverage rows
Vancouver,freshtrackscanada,1,1,0,1,2026-09-29,2026-10-06,all events except coverage rows
Vancouver,funday,-1,0,1,1,2026-09-29,2026-10-06,all events except coverage rows
Vancouver,heidelbergmaterials,1,1,0,1,2026-09-29,2026-10-06,all events except coverage rows
Vancouver,hubinternational,-1,0,1,1,2026-09-29,2026-10-06,all events except coverage rows
Vancouver,icon,1,1,0,1,2026-09-29,2026-10-06,all events except coverage rows
Vancouver,ilsc,1,1,0,1,2026-09-29,2026-10-06,all events except coverage rows
Vancouver,imageengine,-1,0,1,1,2026-09-29,2026-10-06,all events except coverage rows
Vancouver,internaljobsatlush,-1,1,2,3,2026-09-29,2026-10-06,all events except coverage rows
Vancouver,j,-1,6,7,13,2026-09-29,2026-10-06,all events except coverage rows
Vancouver,jll,1,1,0,1,2026-09-29,2026-10-06,all events except coverage rows
Vancouver,klue,1,2,1,3,2026-09-29,2026-10-06,all events except coverage rows
Vancouver,layerzerolabs,-1,0,1,1,2026-09-29,2026-10-06,all events except coverage rows
Vancouver,makola,-1,0,1,1,2026-09-29,2026-10-06,all events except coverage rows
Vancouver,marcusmillichap,1,1,0,1,2026-09-29,2026-10-06,all events except coverage rows
Vancouver,mlacanada,-1,0,1,1,2026-09-29,2026-10-06,all events except coverage rows
Vancouver,nanovation-careers,-1,0,1,1,2026-09-29,2026-10-06,all events except coverage rows
Vancouver,naturetrustofbc,-1,0,1,1,2026-09-29,2026-10-06,all events except coverage rows
Vancouver,nestogroup,1,1,0,1,2026-09-29,2026-10-06,all events except coverage rows
Vancouver,netflix,-1,0,1,1,2026-09-29,2026-10-06,all events except coverage rows
Vancouver,nike,1,1,0,1,2026-09-29,2026-10-06,all events except coverage rows
Vancouver,nucleus,-1,0,1,1,2026-09-29,2026-10-06,all events except coverage rows
Vancouver,pingidentity,-1,0,1,1,2026-09-29,2026-10-06,all events except coverage rows
Vancouver,purplebrand,-1,0,1,1,2026-09-29,2026-10-06,all events except coverage rows
Vancouver,pythian,-1,0,1,1,2026-09-29,2026-10-06,all events except coverage rows
Vancouver,quadreal,-1,2,3,5,2026-09-29,2026-10-06,all events except coverage rows
Vancouver,relayfi,1,1,0,1,2026-09-29,2026-10-06,all events except coverage rows
Vancouver,roberthalf,-1,0,1,1,2026-09-29,2026-10-06,all events except coverage rows
Vancouver,samsters,1,1,0,1,2026-09-29,2026-10-06,all events except coverage rows
Vancouver,sbdinc,-1,0,1,1,2026-09-29,2026-10-06,all events except coverage rows
Vancouver,sonypicturesimageworks,-1,0,1,1,2026-09-29,2026-10-06,all events except coverage rows
Vancouver,spare,1,1,0,1,2026-09-29,2026-10-06,all events except coverage rows
Vancouver,successbc,1,1,0,1,2026-09-29,2026-10-06,all events except coverage rows
Vancouver,swarovski,1,1,0,1,2026-09-29,2026-10-06,all events except coverage rows
Vancouver,tapestry,1,2,1,3,2026-09-29,2026-10-06,all events except coverage rows
Vancouver,thermofisher,-1,0,1,1,2026-09-29,2026-10-06,all events except coverage rows
Vancouver,tipalti,1,1,0,1,2026-09-29,2026-10-06,all events except coverage rows
Vancouver,tjx,1,1,0,1,2026-09-29,2026-10-06,all events except coverage rows
Vancouver,tractionrec,1,1,0,1,2026-09-29,2026-10-06,all events except coverage rows
Vancouver,visiersolutionsinc,-1,2,3,5,2026-09-29,2026-10-06,all events except coverage rows
Vancouver,vrify,1,1,0,1,2026-09-29,2026-10-06,all events except coverage rows
Vancouver,whitecapsfc,1,1,0,1,2026-09-29,2026-10-06,all events except coverage rows
Vancouver,Diligent Corporation,0,2,2,4,2026-09-29,2026-10-06,all events except coverage rows
Vancouver,Rivian and Volkswagen Group Technologies,0,1,1,2,2026-09-29,2026-10-06,all events except coverage rows
Vancouver,appnovation,0,2,2,4,2026-09-29,2026-10-06,all events except coverage rows
Vancouver,bakertillywm,0,1,1,2,2026-09-29,2026-10-06,all events except coverage rows
Vancouver,cbcrc,0,2,2,4,2026-09-29,2026-10-06,all events except coverage rows
Vancouver,iconcreative,0,1,1,2,2026-09-29,2026-10-06,all events except coverage rows
Vancouver,motorolasolutions,0,2,2,4,2026-09-29,2026-10-06,all events except coverage rows
Vancouver,navcanada,0,1,1,2,2026-09-29,2026-10-06,all events except coverage rows
Vancouver,rsm,0,1,1,2,2026-09-29,2026-10-06,all events except coverage rows
Vancouver,theembassy,0,1,1,2,2026-09-29,2026-10-06,all events except coverage rows
Warsaw,Capital Power /ADR,6,7,1,8,2026-09-29,2026-10-06,all events except coverage rows
Warsaw,Nord Security,6,6,0,6,2026-09-29,2026-10-06,all events except coverage rows
Warsaw,jll,6,11,5,16,2026-09-29,2026-10-06,all events except coverage rows
Warsaw,ICEYE,-4,0,4,4,2026-09-29,2026-10-06,all events except coverage rows
Warsaw,Veeam Software,-4,0,4,4,2026-09-29,2026-10-06,all events except coverage rows
Warsaw,WPP Media,4,5,1,6,2026-09-29,2026-10-06,all events except coverage rows
Warsaw,usbank,-4,4,8,12,2026-09-29,2026-10-06,all events except coverage rows
Warsaw,docplanner,3,3,0,3,2026-09-29,2026-10-06,all events except coverage rows
Warsaw,fortrea,3,7,4,11,2026-09-29,2026-10-06,all events except coverage rows
Warsaw,medtronic,-3,3,6,9,2026-09-29,2026-10-06,all events except coverage rows
Warsaw,meniga,-3,0,3,3,2026-09-29,2026-10-06,all events except coverage rows
Warsaw,roche,3,7,4,11,2026-09-29,2026-10-06,all events except coverage rows
Warsaw,Box,2,6,4,10,2026-09-29,2026-10-06,all events except coverage rows
Warsaw,SKELAR,-2,2,4,6,2026-09-29,2026-10-06,all events except coverage rows
Warsaw,TransPerfect,-2,0,2,2,2026-09-29,2026-10-06,all events except coverage rows
Warsaw,baxter,-2,0,2,2,2026-09-29,2026-10-06,all events except coverage rows
Warsaw,coreweave,-2,1,3,4,2026-09-29,2026-10-06,all events except coverage rows
Warsaw,dentsuaegis,2,2,0,2,2026-09-29,2026-10-06,all events except coverage rows
Warsaw,geaerospace,2,2,0,2,2026-09-29,2026-10-06,all events except coverage rows
Warsaw,gehc,2,2,0,2,2026-09-29,2026-10-06,all events except coverage rows
Warsaw,iqvia,2,7,5,12,2026-09-29,2026-10-06,all events except coverage rows
Warsaw,j,2,8,6,14,2026-09-29,2026-10-06,all events except coverage rows
Warsaw,logitech,2,2,0,2,2026-09-29,2026-10-06,all events except coverage rows
Warsaw,nvent,-2,1,3,4,2026-09-29,2026-10-06,all events except coverage rows
Warsaw,solenis,-2,1,3,4,2026-09-29,2026-10-06,all events except coverage rows
Warsaw,transfergo,2,2,0,2,2026-09-29,2026-10-06,all events except coverage rows
Warsaw,tripledotstudios,2,3,1,4,2026-09-29,2026-10-06,all events except coverage rows
Warsaw,viktor,-2,0,2,2,2026-09-29,2026-10-06,all events except coverage rows
Warsaw,Asana,1,2,1,3,2026-09-29,2026-10-06,all events except coverage rows
Warsaw,Aurora Solar,-1,0,1,1,2026-09-29,2026-10-06,all events except coverage rows
Warsaw,Cato Networks,-1,0,1,1,2026-09-29,2026-10-06,all events except coverage rows
Warsaw,EXTREME NETWORKS,1,1,0,1,2026-09-29,2026-10-06,all events except coverage rows
Warsaw,Groupon,-1,0,1,1,2026-09-29,2026-10-06,all events except coverage rows
Warsaw,Intetics,-1,0,1,1,2026-09-29,2026-10-06,all events except coverage rows
Warsaw,Monks,-1,0,1,1,2026-09-29,2026-10-06,all events except coverage rows
Warsaw,Okta,-1,0,1,1,2026-09-29,2026-10-06,all events except coverage rows
Warsaw,Satispay,1,1,0,1,2026-09-29,2026-10-06,all events except coverage rows
Warsaw,SupportYourApp,-1,0,1,1,2026-09-29,2026-10-06,all events except coverage rows
Warsaw,Veterinary Practice Partners,1,1,0,1,2026-09-29,2026-10-06,all events except coverage rows
Warsaw,Waymo,-1,0,1,1,2026-09-29,2026-10-06,all events except coverage rows
Warsaw,Wolt - English,1,2,1,3,2026-09-29,2026-10-06,all events except coverage rows
Warsaw,acciona,-1,0,1,1,2026-09-29,2026-10-06,all events except coverage rows
Warsaw,aristocrat,-1,0,1,1,2026-09-29,2026-10-06,all events except coverage rows
Warsaw,bostonscientific,1,1,0,1,2026-09-29,2026-10-06,all events except coverage rows
Warsaw,creatoriq,1,1,0,1,2026-09-29,2026-10-06,all events except coverage rows
Warsaw,customssupport,1,2,1,3,2026-09-29,2026-10-06,all events except coverage rows
Warsaw,envipco,1,1,0,1,2026-09-29,2026-10-06,all events except coverage rows
Warsaw,enzazaden,1,1,0,1,2026-09-29,2026-10-06,all events except coverage rows
Warsaw,erm,1,1,0,1,2026-09-29,2026-10-06,all events except coverage rows
Warsaw,fonio,1,1,0,1,2026-09-29,2026-10-06,all events except coverage rows
Warsaw,genpt,-1,0,1,1,2026-09-29,2026-10-06,all events except coverage rows
Warsaw,gevernova,-1,3,4,7,2026-09-29,2026-10-06,all events except coverage rows
Warsaw,growe,1,1,0,1,2026-09-29,2026-10-06,all events except coverage rows
Warsaw,growetalents,1,1,0,1,2026-09-29,2026-10-06,all events except coverage rows
Warsaw,gsk,-1,1,2,3,2026-09-29,2026-10-06,all events except coverage rows
Warsaw,gsknch,1,1,0,1,2026-09-29,2026-10-06,all events except coverage rows
Warsaw,gt-hq,1,1,0,1,2026-09-29,2026-10-06,all events except coverage rows
Warsaw,jj,1,4,3,7,2026-09-29,2026-10-06,all events except coverage rows
Warsaw,mastercard,1,2,1,3,2026-09-29,2026-10-06,all events except coverage rows
Warsaw,mdlz,-1,0,1,1,2026-09-29,2026-10-06,all events except coverage rows
Warsaw,motorolasolutions,1,1,0,1,2026-09-29,2026-10-06,all events except coverage rows
Warsaw,ncratleos,-1,0,1,1,2026-09-29,2026-10-06,all events except coverage rows
Warsaw,nike,1,1,0,1,2026-09-29,2026-10-06,all events except coverage rows
Warsaw,oanda,-1,0,1,1,2026-09-29,2026-10-06,all events except coverage rows
Warsaw,olx,1,2,1,3,2026-09-29,2026-10-06,all events except coverage rows
Warsaw,ovoko,1,1,0,1,2026-09-29,2026-10-06,all events except coverage rows
Warsaw,pg,1,2,1,3,2026-09-29,2026-10-06,all events except coverage rows
Warsaw,psibufet,1,1,0,1,2026-09-29,2026-10-06,all events except coverage rows
Warsaw,seb,1,1,0,1,2026-09-29,2026-10-06,all events except coverage rows
Warsaw,simcorp,1,5,4,9,2026-09-29,2026-10-06,all events except coverage rows
Warsaw,skechers,1,1,0,1,2026-09-29,2026-10-06,all events except coverage rows
Warsaw,swarmer,-1,0,1,1,2026-09-29,2026-10-06,all events except coverage rows
Warsaw,swarovski,1,1,0,1,2026-09-29,2026-10-06,all events except coverage rows
Warsaw,synnex,1,4,3,7,2026-09-29,2026-10-06,all events except coverage rows
Warsaw,telnyx54,-1,0,1,1,2026-09-29,2026-10-06,all events except coverage rows
Warsaw,thermofisher,-1,1,2,3,2026-09-29,2026-10-06,all events except coverage rows
Warsaw,truist,1,1,0,1,2026-09-29,2026-10-06,all events except coverage rows
Warsaw,tsys,1,2,1,3,2026-09-29,2026-10-06,all events except coverage rows
Warsaw,vertis,1,1,0,1,2026-09-29,2026-10-06,all events except coverage rows
Warsaw,vgw-eu,-1,0,1,1,2026-09-29,2026-10-06,all events except coverage rows
Warsaw,warnerbros,1,5,4,9,2026-09-29,2026-10-06,all events except coverage rows
Warsaw,www,1,1,0,1,2026-09-29,2026-10-06,all events except coverage rows
Warsaw,biibhr,0,2,2,4,2026-09-29,2026-10-06,all events except coverage rows
Warsaw,iff,0,1,1,2,2026-09-29,2026-10-06,all events except coverage rows
Warsaw,novartis,0,1,1,2,2026-09-29,2026-10-06,all events except coverage rows
Warsaw,relx,0,1,1,2,2026-09-29,2026-10-06,all events except coverage rows
Warsaw,sanoma,0,1,1,2,2026-09-29,2026-10-06,all events except coverage rows
Warsaw,springernature,0,1,1,2,2026-09-29,2026-10-06,all events except coverage rows
Warsaw,stryker,0,3,3,6,2026-09-29,2026-10-06,all events except coverage rows
Warsaw,tickmill,0,1,1,2,2026-09-29,2026-10-06,all events except coverage rows
Warsaw,xflow,0,1,1,2,2026-09-29,2026-10-06,all events except coverage rows
Zurich,juliusbaer,-17,10,27,37,2026-09-29,2026-10-06,all events except coverage rows
Zurich,hitachi,5,11,6,17,2026-09-29,2026-10-06,all events except coverage rows
Zurich,On,-4,0,4,4,2026-09-29,2026-10-06,all events except coverage rows
Zurich,gategroup,-3,1,4,5,2026-09-29,2026-10-06,all events except coverage rows
Zurich,Benchling,-2,0,2,2,2026-09-29,2026-10-06,all events except coverage rows
Zurich,Ebury,2,2,0,2,2026-09-29,2026-10-06,all events except coverage rows
Zurich,Pinterest,2,2,0,2,2026-09-29,2026-10-06,all events except coverage rows
Zurich,legartis,2,2,0,2,2026-09-29,2026-10-06,all events except coverage rows
Zurich,puregymswiss,-2,0,2,2,2026-09-29,2026-10-06,all events except coverage rows
Zurich,8advisory,-1,0,1,1,2026-09-29,2026-10-06,all events except coverage rows
Zurich,OpenAI,1,1,0,1,2026-09-29,2026-10-06,all events except coverage rows
Zurich,Prophet,-1,0,1,1,2026-09-29,2026-10-06,all events except coverage rows
Zurich,Valtech,-1,0,1,1,2026-09-29,2026-10-06,all events except coverage rows
Zurich,barclays,-1,0,1,1,2026-09-29,2026-10-06,all events except coverage rows
Zurich,blueorchard,1,1,0,1,2026-09-29,2026-10-06,all events except coverage rows
Zurich,climeworks,1,1,0,1,2026-09-29,2026-10-06,all events except coverage rows
Zurich,fotokite,-1,0,1,1,2026-09-29,2026-10-06,all events except coverage rows
Zurich,iCapital,-1,0,1,1,2026-09-29,2026-10-06,all events except coverage rows
Zurich,lgt,-1,1,2,3,2026-09-29,2026-10-06,all events except coverage rows
Zurich,marble,-1,0,1,1,2026-09-29,2026-10-06,all events except coverage rows
Zurich,proxima-fusion,-1,0,1,1,2026-09-29,2026-10-06,all events except coverage rows
Zurich,sereact,1,1,0,1,2026-09-29,2026-10-06,all events except coverage rows
Zurich,statestreet,-1,0,1,1,2026-09-29,2026-10-06,all events except coverage rows
Zurich,Harmattan AI,0,2,2,4,2026-09-29,2026-10-06,all events except coverage rows
Zurich,Speechify,0,1,1,2,2026-09-29,2026-10-06,all events except coverage rows
Zurich,StepStone Group,0,1,1,2,2026-09-29,2026-10-06,all events except coverage rows
Zurich,jll,0,1,1,2,2026-09-29,2026-10-06,all events except coverage rows
Zurich,rothschildandco,0,1,1,2,2026-09-29,2026-10-06,all events except coverage rows
Zurich,swarovski,0,1,1,2,2026-09-29,2026-10-06,all events except coverage rows
