platform,token,company,board_url,api_url,open_roles,count_basis,region
personio,1komma5grad,1komma5grad,https://1komma5grad.jobs.personio.de,https://1komma5grad.jobs.personio.de/xml,317,observed,
personio,1sp-agency,1sp-agency,https://1sp-agency.jobs.personio.de,https://1sp-agency.jobs.personio.de/xml,151,observed,
personio,21dx-gmbh,21dx-gmbh,https://21dx-gmbh.jobs.personio.de,https://21dx-gmbh.jobs.personio.de/xml,22,observed,
personio,2spicy-entertainment-gmbh,2spicy-entertainment-gmbh,https://2spicy-entertainment-gmbh.jobs.personio.de,https://2spicy-entertainment-gmbh.jobs.personio.de/xml,6,observed,
personio,360t,360t,https://360t.jobs.personio.de,https://360t.jobs.personio.de/xml,26,observed,
personio,42watt,42watt,https://42watt.jobs.personio.de,https://42watt.jobs.personio.de/xml,14,observed,
personio,4401,4401,https://4401.jobs.personio.de,https://4401.jobs.personio.de/xml,1,observed,
personio,55birchstreet,55birchstreet,https://55birchstreet.jobs.personio.de,https://55birchstreet.jobs.personio.de/xml,1,observed,
personio,9elements,9elements,https://9elements.jobs.personio.de,https://9elements.jobs.personio.de/xml,2,observed,
personio,aampere,aampere,https://aampere.jobs.personio.de,https://aampere.jobs.personio.de/xml,14,observed,
personio,abcfinlab,abcfinlab,https://abcfinlab.jobs.personio.de,https://abcfinlab.jobs.personio.de/xml,1,observed,
personio,academediaeducation-gmbh,academediaeducation-gmbh,https://academediaeducation-gmbh.jobs.personio.de,https://academediaeducation-gmbh.jobs.personio.de/xml,21,observed,
personio,academia-holding-gmbh,academia-holding-gmbh,https://academia-holding-gmbh.jobs.personio.de,https://academia-holding-gmbh.jobs.personio.de/xml,40,observed,
personio,accure,accure,https://accure.jobs.personio.de,https://accure.jobs.personio.de/xml,4,observed,
personio,achtung,achtung,https://achtung.jobs.personio.de,https://achtung.jobs.personio.de/xml,8,observed,
personio,acture-germany,acture-germany,https://acture-germany.jobs.personio.de,https://acture-germany.jobs.personio.de/xml,31,observed,
personio,adac-pincamp,adac-pincamp,https://adac-pincamp.jobs.personio.de,https://adac-pincamp.jobs.personio.de/xml,3,observed,
personio,adelholzener,adelholzener,https://adelholzener.jobs.personio.de,https://adelholzener.jobs.personio.de/xml,26,observed,
personio,adorsys,adorsys,https://adorsys.jobs.personio.de,https://adorsys.jobs.personio.de/xml,17,observed,
personio,adragos-leipzig,adragos-leipzig,https://adragos-leipzig.jobs.personio.de,https://adragos-leipzig.jobs.personio.de/xml,10,observed,
personio,adsquare,adsquare,https://adsquare.jobs.personio.de,https://adsquare.jobs.personio.de/xml,8,observed,
personio,advidera-gmbh-co-kg,advidera-gmbh-co-kg,https://advidera-gmbh-co-kg.jobs.personio.de,https://advidera-gmbh-co-kg.jobs.personio.de/xml,1,observed,
personio,agens,agens,https://agens.jobs.personio.de,https://agens.jobs.personio.de/xml,5,observed,
personio,agile-robots-se,agile-robots-se,https://agile-robots-se.jobs.personio.de,https://agile-robots-se.jobs.personio.de/xml,75,observed,
personio,aktiv-schuh-handelsgesellschaft-mbh,aktiv-schuh-handelsgesellschaft-mbh,https://aktiv-schuh-handelsgesellschaft-mbh.jobs.personio.de,https://aktiv-schuh-handelsgesellschaft-mbh.jobs.personio.de/xml,21,observed,
personio,aktivbank,aktivbank,https://aktivbank.jobs.personio.de,https://aktivbank.jobs.personio.de/xml,2,observed,
personio,aleno,aleno,https://aleno.jobs.personio.de,https://aleno.jobs.personio.de/xml,2,observed,
personio,alphapet-ventures,alphapet-ventures,https://alphapet-ventures.jobs.personio.de,https://alphapet-ventures.jobs.personio.de/xml,8,observed,
personio,amada,amada,https://amada.jobs.personio.de,https://amada.jobs.personio.de/xml,5,observed,
personio,amberra,amberra,https://amberra.jobs.personio.de,https://amberra.jobs.personio.de/xml,4,observed,
personio,ambior-gmbh,ambior-gmbh,https://ambior-gmbh.jobs.personio.de,https://ambior-gmbh.jobs.personio.de/xml,6,observed,
personio,amnesty-international-deutschland,amnesty-international-deutschland,https://amnesty-international-deutschland.jobs.personio.de,https://amnesty-international-deutschland.jobs.personio.de/xml,3,observed,
personio,amplimind,amplimind,https://amplimind.jobs.personio.de,https://amplimind.jobs.personio.de/xml,3,observed,
personio,amplio,amplio,https://amplio.jobs.personio.de,https://amplio.jobs.personio.de/xml,5,observed,
personio,ams-technologies-ag,ams-technologies-ag,https://ams-technologies-ag.jobs.personio.de,https://ams-technologies-ag.jobs.personio.de/xml,1,observed,
personio,antenne-deutschland,antenne-deutschland,https://antenne-deutschland.jobs.personio.de,https://antenne-deutschland.jobs.personio.de/xml,1,observed,
personio,anybill,anybill,https://anybill.jobs.personio.de,https://anybill.jobs.personio.de/xml,3,observed,
personio,anyline-gmbh,anyline-gmbh,https://anyline-gmbh.jobs.personio.de,https://anyline-gmbh.jobs.personio.de/xml,2,observed,
personio,aok-connect,aok-connect,https://aok-connect.jobs.personio.de,https://aok-connect.jobs.personio.de/xml,2,observed,
personio,appliedai,appliedai,https://appliedai.jobs.personio.de,https://appliedai.jobs.personio.de/xml,9,observed,
personio,apploft,apploft,https://apploft.jobs.personio.de,https://apploft.jobs.personio.de/xml,2,observed,
personio,arc-studio,arc-studio,https://arc-studio.jobs.personio.de,https://arc-studio.jobs.personio.de/xml,2,observed,
personio,armira-beteiligungen-gmbh-co-kg,armira-beteiligungen-gmbh-co-kg,https://armira-beteiligungen-gmbh-co-kg.jobs.personio.de,https://armira-beteiligungen-gmbh-co-kg.jobs.personio.de/xml,7,observed,
personio,art-tempi,art-tempi,https://art-tempi.jobs.personio.de,https://art-tempi.jobs.personio.de/xml,1,observed,
personio,artnight-gmbh,artnight-gmbh,https://artnight-gmbh.jobs.personio.de,https://artnight-gmbh.jobs.personio.de/xml,3,observed,
personio,arverio,arverio,https://arverio.jobs.personio.de,https://arverio.jobs.personio.de/xml,53,observed,
personio,arx,arx,https://arx.jobs.personio.de,https://arx.jobs.personio.de/xml,2,observed,
personio,asellerate-gmbh,asellerate-gmbh,https://asellerate-gmbh.jobs.personio.de,https://asellerate-gmbh.jobs.personio.de/xml,7,observed,
personio,aserto,aserto,https://aserto.jobs.personio.de,https://aserto.jobs.personio.de/xml,1,observed,
personio,ass,ass,https://ass.jobs.personio.de,https://ass.jobs.personio.de/xml,3,observed,
personio,atd-gmbh,atd-gmbh,https://atd-gmbh.jobs.personio.de,https://atd-gmbh.jobs.personio.de/xml,4,observed,
personio,atgde,atgde,https://atgde.jobs.personio.de,https://atgde.jobs.personio.de/xml,15,observed,
personio,atmosfair,atmosfair,https://atmosfair.jobs.personio.de,https://atmosfair.jobs.personio.de/xml,15,observed,
personio,atrain-gmbh,atrain-gmbh,https://atrain-gmbh.jobs.personio.de,https://atrain-gmbh.jobs.personio.de/xml,4,observed,
personio,attocube-systems-ag,attocube-systems-ag,https://attocube-systems-ag.jobs.personio.de,https://attocube-systems-ag.jobs.personio.de/xml,6,observed,
personio,audatis-group,audatis-group,https://audatis-group.jobs.personio.de,https://audatis-group.jobs.personio.de/xml,3,observed,
personio,audi-business-innovation-gmbh,audi-business-innovation-gmbh,https://audi-business-innovation-gmbh.jobs.personio.de,https://audi-business-innovation-gmbh.jobs.personio.de/xml,1,observed,
personio,audi-formula-racing,audi-formula-racing,https://audi-formula-racing.jobs.personio.de,https://audi-formula-racing.jobs.personio.de/xml,8,observed,
personio,augprien,augprien,https://augprien.jobs.personio.de,https://augprien.jobs.personio.de/xml,21,observed,
personio,autarcenergy,autarcenergy,https://autarcenergy.jobs.personio.de,https://autarcenergy.jobs.personio.de/xml,16,observed,
personio,autohaus-bleker-gmbh,autohaus-bleker-gmbh,https://autohaus-bleker-gmbh.jobs.personio.de,https://autohaus-bleker-gmbh.jobs.personio.de/xml,93,observed,
personio,autohof-reimers,autohof-reimers,https://autohof-reimers.jobs.personio.de,https://autohof-reimers.jobs.personio.de/xml,11,observed,
personio,autonomous-teaming,autonomous-teaming,https://autonomous-teaming.jobs.personio.de,https://autonomous-teaming.jobs.personio.de/xml,25,observed,
personio,auxmoney-gmbh,auxmoney-gmbh,https://auxmoney-gmbh.jobs.personio.de,https://auxmoney-gmbh.jobs.personio.de/xml,17,observed,
personio,avat,avat,https://avat.jobs.personio.de,https://avat.jobs.personio.de/xml,38,observed,
personio,aventus,aventus,https://aventus.jobs.personio.de,https://aventus.jobs.personio.de/xml,4,observed,
personio,aviloo-gmbh,aviloo-gmbh,https://aviloo-gmbh.jobs.personio.de,https://aviloo-gmbh.jobs.personio.de/xml,6,observed,
personio,aw-algorithmwatch-ggmbh,aw-algorithmwatch-ggmbh,https://aw-algorithmwatch-ggmbh.jobs.personio.de,https://aw-algorithmwatch-ggmbh.jobs.personio.de/xml,4,observed,
personio,axess-ag,axess-ag,https://axess-ag.jobs.personio.de,https://axess-ag.jobs.personio.de/xml,12,observed,
personio,ba-tax-gmbh,ba-tax-gmbh,https://ba-tax-gmbh.jobs.personio.de,https://ba-tax-gmbh.jobs.personio.de/xml,4,observed,
personio,backhaus-zoller,backhaus-zoller,https://backhaus-zoller.jobs.personio.de,https://backhaus-zoller.jobs.personio.de/xml,18,observed,
personio,badener-kurbetriebe,badener-kurbetriebe,https://badener-kurbetriebe.jobs.personio.de,https://badener-kurbetriebe.jobs.personio.de/xml,6,observed,
personio,baeuerle,baeuerle,https://baeuerle.jobs.personio.de,https://baeuerle.jobs.personio.de/xml,3,observed,
personio,basecamp,basecamp,https://basecamp.jobs.personio.de,https://basecamp.jobs.personio.de/xml,4,observed,
personio,battleroyalstudios,battleroyalstudios,https://battleroyalstudios.jobs.personio.de,https://battleroyalstudios.jobs.personio.de/xml,2,observed,
personio,bauer-elektroanlagen,bauer-elektroanlagen,https://bauer-elektroanlagen.jobs.personio.de,https://bauer-elektroanlagen.jobs.personio.de/xml,189,observed,
personio,bauer-kirch,bauer-kirch,https://bauer-kirch.jobs.personio.de,https://bauer-kirch.jobs.personio.de/xml,3,observed,
personio,bb-hotels-gmbh,bb-hotels-gmbh,https://bb-hotels-gmbh.jobs.personio.de,https://bb-hotels-gmbh.jobs.personio.de/xml,26,observed,
personio,bbz,bbz,https://bbz.jobs.personio.de,https://bbz.jobs.personio.de/xml,7,observed,
personio,beb-immobilien-gmbh,beb-immobilien-gmbh,https://beb-immobilien-gmbh.jobs.personio.de,https://beb-immobilien-gmbh.jobs.personio.de/xml,4,observed,
personio,bell-flavors-fragrances-gmbh,bell-flavors-fragrances-gmbh,https://bell-flavors-fragrances-gmbh.jobs.personio.de,https://bell-flavors-fragrances-gmbh.jobs.personio.de/xml,10,observed,
personio,bergmanclinics,bergmanclinics,https://bergmanclinics.jobs.personio.de,https://bergmanclinics.jobs.personio.de/xml,56,observed,
personio,berliner-fussball-verband,berliner-fussball-verband,https://berliner-fussball-verband.jobs.personio.de,https://berliner-fussball-verband.jobs.personio.de/xml,2,observed,
personio,berlinhaus-verwaltung-gmbh,berlinhaus-verwaltung-gmbh,https://berlinhaus-verwaltung-gmbh.jobs.personio.de,https://berlinhaus-verwaltung-gmbh.jobs.personio.de/xml,24,observed,
personio,bertram,bertram,https://bertram.jobs.personio.de,https://bertram.jobs.personio.de/xml,16,observed,
personio,bestway-deutschland,bestway-deutschland,https://bestway-deutschland.jobs.personio.de,https://bestway-deutschland.jobs.personio.de/xml,8,observed,
personio,bettercallpaul,bettercallpaul,https://bettercallpaul.jobs.personio.de,https://bettercallpaul.jobs.personio.de/xml,6,observed,
personio,betterdoc,betterdoc,https://betterdoc.jobs.personio.de,https://betterdoc.jobs.personio.de/xml,2,observed,
personio,bfgroup,bfgroup,https://bfgroup.jobs.personio.de,https://bfgroup.jobs.personio.de/xml,5,observed,
personio,bfv,bfv,https://bfv.jobs.personio.de,https://bfv.jobs.personio.de/xml,2,observed,
personio,bidt,bidt,https://bidt.jobs.personio.de,https://bidt.jobs.personio.de/xml,1,observed,
personio,bilendogmbh,bilendogmbh,https://bilendogmbh.jobs.personio.de,https://bilendogmbh.jobs.personio.de/xml,5,observed,
personio,biogeen,biogeen,https://biogeen.jobs.personio.de,https://biogeen.jobs.personio.de/xml,12,observed,
personio,bital,bital,https://bital.jobs.personio.de,https://bital.jobs.personio.de/xml,4,observed,
personio,blaser-group-gmbh,blaser-group-gmbh,https://blaser-group-gmbh.jobs.personio.de,https://blaser-group-gmbh.jobs.personio.de/xml,34,observed,
personio,blaudirekt,blaudirekt,https://blaudirekt.jobs.personio.de,https://blaudirekt.jobs.personio.de/xml,19,observed,
personio,blueforte,blueforte,https://blueforte.jobs.personio.de,https://blueforte.jobs.personio.de/xml,9,observed,
personio,bongfish,bongfish,https://bongfish.jobs.personio.de,https://bongfish.jobs.personio.de/xml,1,observed,
personio,borgel-elementbau-gmbh,borgel-elementbau-gmbh,https://borgel-elementbau-gmbh.jobs.personio.de,https://borgel-elementbau-gmbh.jobs.personio.de/xml,13,observed,
personio,borkel-dedecke,borkel-dedecke,https://borkel-dedecke.jobs.personio.de,https://borkel-dedecke.jobs.personio.de/xml,4,observed,
personio,brainchild,brainchild,https://brainchild.jobs.personio.de,https://brainchild.jobs.personio.de/xml,1,observed,
personio,brandung,brandung,https://brandung.jobs.personio.de,https://brandung.jobs.personio.de/xml,11,observed,
personio,braun-feinwerktechnik-gmbh,braun-feinwerktechnik-gmbh,https://braun-feinwerktechnik-gmbh.jobs.personio.de,https://braun-feinwerktechnik-gmbh.jobs.personio.de/xml,5,observed,
personio,brawoge,brawoge,https://brawoge.jobs.personio.de,https://brawoge.jobs.personio.de/xml,3,observed,
personio,brbappel-partner,brbappel-partner,https://brbappel-partner.jobs.personio.de,https://brbappel-partner.jobs.personio.de/xml,12,observed,
personio,brera,brera,https://brera.jobs.personio.de,https://brera.jobs.personio.de/xml,2,observed,
personio,breuer-nachrichtentechnik-gmbh,breuer-nachrichtentechnik-gmbh,https://breuer-nachrichtentechnik-gmbh.jobs.personio.de,https://breuer-nachrichtentechnik-gmbh.jobs.personio.de/xml,2,observed,
personio,bridgemaker-gmbh,bridgemaker-gmbh,https://bridgemaker-gmbh.jobs.personio.de,https://bridgemaker-gmbh.jobs.personio.de/xml,2,observed,
personio,brighter-ai,brighter-ai,https://brighter-ai.jobs.personio.de,https://brighter-ai.jobs.personio.de/xml,3,observed,
personio,buchner-partner-gmbh,buchner-partner-gmbh,https://buchner-partner-gmbh.jobs.personio.de,https://buchner-partner-gmbh.jobs.personio.de/xml,4,observed,
personio,buendnis-90die-gruenen,buendnis-90die-gruenen,https://buendnis-90die-gruenen.jobs.personio.de,https://buendnis-90die-gruenen.jobs.personio.de/xml,7,observed,
personio,buergelin-gmbh-1,buergelin-gmbh-1,https://buergelin-gmbh-1.jobs.personio.de,https://buergelin-gmbh-1.jobs.personio.de/xml,4,observed,
personio,buhl-data-service-gmbh,buhl-data-service-gmbh,https://buhl-data-service-gmbh.jobs.personio.de,https://buhl-data-service-gmbh.jobs.personio.de/xml,10,observed,
personio,bulex-rechtsanwaltsgesellschaft,bulex-rechtsanwaltsgesellschaft,https://bulex-rechtsanwaltsgesellschaft.jobs.personio.de,https://bulex-rechtsanwaltsgesellschaft.jobs.personio.de/xml,5,observed,
personio,burmeister,burmeister,https://burmeister.jobs.personio.de,https://burmeister.jobs.personio.de/xml,3,observed,
personio,businessangels,businessangels,https://businessangels.jobs.personio.de,https://businessangels.jobs.personio.de/xml,31,observed,
personio,busse-design,busse-design,https://busse-design.jobs.personio.de,https://busse-design.jobs.personio.de/xml,2,observed,
personio,byodo-naturkost-gmbh,byodo-naturkost-gmbh,https://byodo-naturkost-gmbh.jobs.personio.de,https://byodo-naturkost-gmbh.jobs.personio.de/xml,6,observed,
personio,cactus,cactus,https://cactus.jobs.personio.de,https://cactus.jobs.personio.de/xml,9,observed,
personio,cafedelsol,cafedelsol,https://cafedelsol.jobs.personio.de,https://cafedelsol.jobs.personio.de/xml,125,observed,
personio,caigos-gmbh,caigos-gmbh,https://caigos-gmbh.jobs.personio.de,https://caigos-gmbh.jobs.personio.de/xml,24,observed,
personio,cairo-ag,cairo-ag,https://cairo-ag.jobs.personio.de,https://cairo-ag.jobs.personio.de/xml,1,observed,
personio,cansativa,cansativa,https://cansativa.jobs.personio.de,https://cansativa.jobs.personio.de/xml,3,observed,
personio,capmo,capmo,https://capmo.jobs.personio.de,https://capmo.jobs.personio.de/xml,11,observed,
personio,caprimedgmbh,caprimedgmbh,https://caprimedgmbh.jobs.personio.de,https://caprimedgmbh.jobs.personio.de/xml,6,observed,
personio,care-deutschland-e-v,care-deutschland-e-v,https://care-deutschland-e-v.jobs.personio.de,https://care-deutschland-e-v.jobs.personio.de/xml,1,observed,
personio,carfax-europe-gmbh,carfax-europe-gmbh,https://carfax-europe-gmbh.jobs.personio.de,https://carfax-europe-gmbh.jobs.personio.de/xml,4,observed,
personio,cargoboard,cargoboard,https://cargoboard.jobs.personio.de,https://cargoboard.jobs.personio.de/xml,13,observed,
personio,carvia-gmbh,carvia-gmbh,https://carvia-gmbh.jobs.personio.de,https://carvia-gmbh.jobs.personio.de/xml,13,observed,
personio,cashlink,cashlink,https://cashlink.jobs.personio.de,https://cashlink.jobs.personio.de/xml,2,observed,
personio,catalym,catalym,https://catalym.jobs.personio.de,https://catalym.jobs.personio.de/xml,4,observed,
personio,ccf,ccf,https://ccf.jobs.personio.de,https://ccf.jobs.personio.de/xml,4,observed,
personio,cellumation,cellumation,https://cellumation.jobs.personio.de,https://cellumation.jobs.personio.de/xml,5,observed,
personio,centroplan-gmbh,centroplan-gmbh,https://centroplan-gmbh.jobs.personio.de,https://centroplan-gmbh.jobs.personio.de/xml,10,observed,
personio,channel-pilot-solutions-gmbh,channel-pilot-solutions-gmbh,https://channel-pilot-solutions-gmbh.jobs.personio.de,https://channel-pilot-solutions-gmbh.jobs.personio.de/xml,1,observed,
personio,chargecloud-gmbh,chargecloud-gmbh,https://chargecloud-gmbh.jobs.personio.de,https://chargecloud-gmbh.jobs.personio.de/xml,8,observed,
personio,checkmk-gmbh,checkmk-gmbh,https://checkmk-gmbh.jobs.personio.de,https://checkmk-gmbh.jobs.personio.de/xml,12,observed,
personio,christburg-campus-ggmbh,christburg-campus-ggmbh,https://christburg-campus-ggmbh.jobs.personio.de,https://christburg-campus-ggmbh.jobs.personio.de/xml,10,observed,
personio,chrono24,chrono24,https://chrono24.jobs.personio.de,https://chrono24.jobs.personio.de/xml,26,observed,
personio,civey-gmbh,civey-gmbh,https://civey-gmbh.jobs.personio.de,https://civey-gmbh.jobs.personio.de/xml,4,observed,
personio,clarius,clarius,https://clarius.jobs.personio.de,https://clarius.jobs.personio.de/xml,15,observed,
personio,clicks,clicks,https://clicks.jobs.personio.de,https://clicks.jobs.personio.de/xml,14,observed,
personio,climedo,climedo,https://climedo.jobs.personio.de,https://climedo.jobs.personio.de/xml,3,observed,
personio,codeblick,codeblick,https://codeblick.jobs.personio.de,https://codeblick.jobs.personio.de/xml,5,observed,
personio,codecampn,codecampn,https://codecampn.jobs.personio.de,https://codecampn.jobs.personio.de/xml,3,observed,
personio,codecentric,codecentric,https://codecentric.jobs.personio.de,https://codecentric.jobs.personio.de/xml,19,observed,
personio,codon,codon,https://codon.jobs.personio.de,https://codon.jobs.personio.de/xml,2,observed,
personio,compay,compay,https://compay.jobs.personio.de,https://compay.jobs.personio.de/xml,1,observed,
personio,complero-gmbh,complero-gmbh,https://complero-gmbh.jobs.personio.de,https://complero-gmbh.jobs.personio.de/xml,2,observed,
personio,comrce,comrce,https://comrce.jobs.personio.de,https://comrce.jobs.personio.de/xml,5,observed,
personio,comsol-unternehmensloesungen-ag,comsol-unternehmensloesungen-ag,https://comsol-unternehmensloesungen-ag.jobs.personio.de,https://comsol-unternehmensloesungen-ag.jobs.personio.de/xml,4,observed,
personio,condo-group,condo-group,https://condo-group.jobs.personio.de,https://condo-group.jobs.personio.de/xml,8,observed,
personio,correctiv,correctiv,https://correctiv.jobs.personio.de,https://correctiv.jobs.personio.de/xml,5,observed,
personio,cps-group,cps-group,https://cps-group.jobs.personio.de,https://cps-group.jobs.personio.de/xml,17,observed,
personio,crowe-bpg,crowe-bpg,https://crowe-bpg.jobs.personio.de,https://crowe-bpg.jobs.personio.de/xml,7,observed,
personio,culligan,culligan,https://culligan.jobs.personio.de,https://culligan.jobs.personio.de/xml,24,observed,
personio,cureosity-gmbh,cureosity-gmbh,https://cureosity-gmbh.jobs.personio.de,https://cureosity-gmbh.jobs.personio.de/xml,6,observed,
personio,cycle,cycle,https://cycle.jobs.personio.de,https://cycle.jobs.personio.de/xml,13,observed,
personio,cyclize,cyclize,https://cyclize.jobs.personio.de,https://cyclize.jobs.personio.de/xml,5,observed,
personio,cycloid,cycloid,https://cycloid.jobs.personio.de,https://cycloid.jobs.personio.de/xml,3,observed,
personio,d-o-b-landtechnik-ag,d-o-b-landtechnik-ag,https://d-o-b-landtechnik-ag.jobs.personio.de,https://d-o-b-landtechnik-ag.jobs.personio.de/xml,45,observed,
personio,dah-gruppe,dah-gruppe,https://dah-gruppe.jobs.personio.de,https://dah-gruppe.jobs.personio.de/xml,23,observed,
personio,damedic-gmbh,damedic-gmbh,https://damedic-gmbh.jobs.personio.de,https://damedic-gmbh.jobs.personio.de/xml,8,observed,
personio,damm-bierbaum-gmbh,damm-bierbaum-gmbh,https://damm-bierbaum-gmbh.jobs.personio.de,https://damm-bierbaum-gmbh.jobs.personio.de/xml,3,observed,
personio,data4life,data4life,https://data4life.jobs.personio.de,https://data4life.jobs.personio.de/xml,12,observed,
personio,dataunit,dataunit,https://dataunit.jobs.personio.de,https://dataunit.jobs.personio.de/xml,3,observed,
personio,davidsystems,davidsystems,https://davidsystems.jobs.personio.de,https://davidsystems.jobs.personio.de/xml,1,observed,
personio,decarbon1ze-gmbh,decarbon1ze-gmbh,https://decarbon1ze-gmbh.jobs.personio.de,https://decarbon1ze-gmbh.jobs.personio.de/xml,5,observed,
personio,deecoob,deecoob,https://deecoob.jobs.personio.de,https://deecoob.jobs.personio.de/xml,2,observed,
personio,deepdrive-gmbh,deepdrive-gmbh,https://deepdrive-gmbh.jobs.personio.de,https://deepdrive-gmbh.jobs.personio.de/xml,7,observed,
personio,dehogabw,dehogabw,https://dehogabw.jobs.personio.de,https://dehogabw.jobs.personio.de/xml,10,observed,
personio,deinzer-weyland-gmbh,deinzer-weyland-gmbh,https://deinzer-weyland-gmbh.jobs.personio.de,https://deinzer-weyland-gmbh.jobs.personio.de/xml,27,observed,
personio,dela-lebensversicherungen,dela-lebensversicherungen,https://dela-lebensversicherungen.jobs.personio.de,https://dela-lebensversicherungen.jobs.personio.de/xml,5,observed,
personio,delta-v-gmbh,delta-v-gmbh,https://delta-v-gmbh.jobs.personio.de,https://delta-v-gmbh.jobs.personio.de/xml,3,observed,
personio,dembach-goo-informatik-gmbh-co-kg,dembach-goo-informatik-gmbh-co-kg,https://dembach-goo-informatik-gmbh-co-kg.jobs.personio.de,https://dembach-goo-informatik-gmbh-co-kg.jobs.personio.de/xml,4,observed,
personio,democracy-reporting,democracy-reporting,https://democracy-reporting.jobs.personio.de,https://democracy-reporting.jobs.personio.de/xml,1,observed,
personio,deneff,deneff,https://deneff.jobs.personio.de,https://deneff.jobs.personio.de/xml,5,observed,
personio,denkwerk-gmbh,denkwerk-gmbh,https://denkwerk-gmbh.jobs.personio.de,https://denkwerk-gmbh.jobs.personio.de/xml,5,observed,
personio,dental21,dental21,https://dental21.jobs.personio.de,https://dental21.jobs.personio.de/xml,186,observed,
personio,deutsche-giganetz,deutsche-giganetz,https://deutsche-giganetz.jobs.personio.de,https://deutsche-giganetz.jobs.personio.de/xml,4,observed,
personio,deutscher-reisesicherungsfond-gmbh,deutscher-reisesicherungsfond-gmbh,https://deutscher-reisesicherungsfond-gmbh.jobs.personio.de,https://deutscher-reisesicherungsfond-gmbh.jobs.personio.de/xml,1,observed,
personio,dezernat-zukunft,dezernat-zukunft,https://dezernat-zukunft.jobs.personio.de,https://dezernat-zukunft.jobs.personio.de/xml,1,observed,
personio,dfb,dfb,https://dfb.jobs.personio.de,https://dfb.jobs.personio.de/xml,3,observed,
personio,dgi,dgi,https://dgi.jobs.personio.de,https://dgi.jobs.personio.de/xml,10,observed,
personio,dgnb,dgnb,https://dgnb.jobs.personio.de,https://dgnb.jobs.personio.de/xml,5,observed,
personio,diasys,diasys,https://diasys.jobs.personio.de,https://diasys.jobs.personio.de/xml,11,observed,
personio,dieproduktmacher,dieproduktmacher,https://dieproduktmacher.jobs.personio.de,https://dieproduktmacher.jobs.personio.de/xml,2,observed,
personio,dieza,dieza,https://dieza.jobs.personio.de,https://dieza.jobs.personio.de/xml,8,observed,
personio,digetiers-gmbh,digetiers-gmbh,https://digetiers-gmbh.jobs.personio.de,https://digetiers-gmbh.jobs.personio.de/xml,7,observed,
personio,dina,dina,https://dina.jobs.personio.de,https://dina.jobs.personio.de/xml,5,observed,
personio,dishdigital,dishdigital,https://dishdigital.jobs.personio.de,https://dishdigital.jobs.personio.de/xml,7,observed,
personio,divve,divve,https://divve.jobs.personio.de,https://divve.jobs.personio.de/xml,1,observed,
personio,dje-kapital-ag,dje-kapital-ag,https://dje-kapital-ag.jobs.personio.de,https://dje-kapital-ag.jobs.personio.de/xml,4,observed,
personio,docuware,docuware,https://docuware.jobs.personio.de,https://docuware.jobs.personio.de/xml,23,observed,
personio,dolatel,dolatel,https://dolatel.jobs.personio.de,https://dolatel.jobs.personio.de/xml,7,observed,
personio,dornier-medtech,dornier-medtech,https://dornier-medtech.jobs.personio.de,https://dornier-medtech.jobs.personio.de/xml,6,observed,
personio,dpa,dpa,https://dpa.jobs.personio.de,https://dpa.jobs.personio.de/xml,12,observed,
personio,dr-franz-koehler-chemie-gmbh,dr-franz-koehler-chemie-gmbh,https://dr-franz-koehler-chemie-gmbh.jobs.personio.de,https://dr-franz-koehler-chemie-gmbh.jobs.personio.de/xml,4,observed,
personio,dr-schauer-partgmbb,dr-schauer-partgmbb,https://dr-schauer-partgmbb.jobs.personio.de,https://dr-schauer-partgmbb.jobs.personio.de/xml,3,observed,
personio,drachenreiter-ggmbh,drachenreiter-ggmbh,https://drachenreiter-ggmbh.jobs.personio.de,https://drachenreiter-ggmbh.jobs.personio.de/xml,12,observed,
personio,dreicad-gmbh,dreicad-gmbh,https://dreicad-gmbh.jobs.personio.de,https://dreicad-gmbh.jobs.personio.de/xml,3,observed,
personio,driving-sales-group,driving-sales-group,https://driving-sales-group.jobs.personio.de,https://driving-sales-group.jobs.personio.de/xml,17,observed,
personio,drk,drk,https://drk.jobs.personio.de,https://drk.jobs.personio.de/xml,21,observed,
personio,dtad-gmbh,dtad-gmbh,https://dtad-gmbh.jobs.personio.de,https://dtad-gmbh.jobs.personio.de/xml,6,observed,
personio,duh-group-gmbh,duh-group-gmbh,https://duh-group-gmbh.jobs.personio.de,https://duh-group-gmbh.jobs.personio.de/xml,7,observed,
personio,dymatrix,dymatrix,https://dymatrix.jobs.personio.de,https://dymatrix.jobs.personio.de/xml,15,observed,
personio,e-nema-gmbh,e-nema-gmbh,https://e-nema-gmbh.jobs.personio.de,https://e-nema-gmbh.jobs.personio.de/xml,5,observed,
personio,e-shelter-security,e-shelter-security,https://e-shelter-security.jobs.personio.de,https://e-shelter-security.jobs.personio.de/xml,22,observed,
personio,ecbf,ecbf,https://ecbf.jobs.personio.de,https://ecbf.jobs.personio.de/xml,2,observed,
personio,echte-mamas-gmbh,echte-mamas-gmbh,https://echte-mamas-gmbh.jobs.personio.de,https://echte-mamas-gmbh.jobs.personio.de/xml,5,observed,
personio,ecosia,ecosia,https://ecosia.jobs.personio.de,https://ecosia.jobs.personio.de/xml,2,observed,
personio,ecovis-kso,ecovis-kso,https://ecovis-kso.jobs.personio.de,https://ecovis-kso.jobs.personio.de/xml,59,observed,
personio,ecpmf-sce-mbh,ecpmf-sce-mbh,https://ecpmf-sce-mbh.jobs.personio.de,https://ecpmf-sce-mbh.jobs.personio.de/xml,1,observed,
personio,edocag,edocag,https://edocag.jobs.personio.de,https://edocag.jobs.personio.de/xml,3,observed,
personio,edurino,edurino,https://edurino.jobs.personio.de,https://edurino.jobs.personio.de/xml,4,observed,
personio,eeden,eeden,https://eeden.jobs.personio.de,https://eeden.jobs.personio.de/xml,4,observed,
personio,efeso-management-consultants-dach,efeso-management-consultants-dach,https://efeso-management-consultants-dach.jobs.personio.de,https://efeso-management-consultants-dach.jobs.personio.de/xml,6,observed,
personio,effzeh,effzeh,https://effzeh.jobs.personio.de,https://effzeh.jobs.personio.de/xml,16,observed,
personio,eigenherd-gmbh,eigenherd-gmbh,https://eigenherd-gmbh.jobs.personio.de,https://eigenherd-gmbh.jobs.personio.de/xml,4,observed,
personio,einhundert-energie-gmbh,einhundert-energie-gmbh,https://einhundert-energie-gmbh.jobs.personio.de,https://einhundert-energie-gmbh.jobs.personio.de/xml,17,observed,
personio,eladeinfrastruktur,eladeinfrastruktur,https://eladeinfrastruktur.jobs.personio.de,https://eladeinfrastruktur.jobs.personio.de/xml,5,observed,
personio,emeram-capital-partners-gmbh,emeram-capital-partners-gmbh,https://emeram-capital-partners-gmbh.jobs.personio.de,https://emeram-capital-partners-gmbh.jobs.personio.de/xml,5,observed,
personio,emma-noah-gmbh,emma-noah-gmbh,https://emma-noah-gmbh.jobs.personio.de,https://emma-noah-gmbh.jobs.personio.de/xml,3,observed,
personio,emp-biotech-gmbh,emp-biotech-gmbh,https://emp-biotech-gmbh.jobs.personio.de,https://emp-biotech-gmbh.jobs.personio.de/xml,6,observed,
personio,encoviva,encoviva,https://encoviva.jobs.personio.de,https://encoviva.jobs.personio.de/xml,25,observed,
personio,energy-software-holding-gmbh,energy-software-holding-gmbh,https://energy-software-holding-gmbh.jobs.personio.de,https://energy-software-holding-gmbh.jobs.personio.de/xml,6,observed,
personio,enlite,enlite,https://enlite.jobs.personio.de,https://enlite.jobs.personio.de/xml,31,observed,
personio,envelio,envelio,https://envelio.jobs.personio.de,https://envelio.jobs.personio.de/xml,9,observed,
personio,enviria,enviria,https://enviria.jobs.personio.de,https://enviria.jobs.personio.de/xml,9,observed,
personio,enyring,enyring,https://enyring.jobs.personio.de,https://enyring.jobs.personio.de/xml,2,observed,
personio,eppdata,eppdata,https://eppdata.jobs.personio.de,https://eppdata.jobs.personio.de/xml,1,observed,
personio,eqs-group,eqs-group,https://eqs-group.jobs.personio.de,https://eqs-group.jobs.personio.de/xml,13,observed,
personio,eraneos,eraneos,https://eraneos.jobs.personio.de,https://eraneos.jobs.personio.de/xml,23,observed,
personio,erasmus,erasmus,https://erasmus.jobs.personio.de,https://erasmus.jobs.personio.de/xml,12,observed,
personio,es-group,es-group,https://es-group.jobs.personio.de,https://es-group.jobs.personio.de/xml,27,observed,
personio,esg-solar,esg-solar,https://esg-solar.jobs.personio.de,https://esg-solar.jobs.personio.de/xml,2,observed,
personio,essentry,essentry,https://essentry.jobs.personio.de,https://essentry.jobs.personio.de/xml,5,observed,
personio,estermann,estermann,https://estermann.jobs.personio.de,https://estermann.jobs.personio.de/xml,8,observed,
personio,etribes-connect,etribes-connect,https://etribes-connect.jobs.personio.de,https://etribes-connect.jobs.personio.de/xml,10,observed,
personio,ets-group,ets-group,https://ets-group.jobs.personio.de,https://ets-group.jobs.personio.de/xml,5,observed,
personio,eurocres-consulting-gmbh,eurocres-consulting-gmbh,https://eurocres-consulting-gmbh.jobs.personio.de,https://eurocres-consulting-gmbh.jobs.personio.de/xml,2,observed,
personio,eurofun-touristik,eurofun-touristik,https://eurofun-touristik.jobs.personio.de,https://eurofun-touristik.jobs.personio.de/xml,4,observed,
personio,europ-assistance-services-gmbh,europ-assistance-services-gmbh,https://europ-assistance-services-gmbh.jobs.personio.de,https://europ-assistance-services-gmbh.jobs.personio.de/xml,26,observed,
personio,europcell,europcell,https://europcell.jobs.personio.de,https://europcell.jobs.personio.de/xml,5,observed,
personio,ev-diakonieverein-berlin-zehlendorf-e-v,ev-diakonieverein-berlin-zehlendorf-e-v,https://ev-diakonieverein-berlin-zehlendorf-e-v.jobs.personio.de,https://ev-diakonieverein-berlin-zehlendorf-e-v.jobs.personio.de/xml,7,observed,
personio,evanium-healthcare,evanium-healthcare,https://evanium-healthcare.jobs.personio.de,https://evanium-healthcare.jobs.personio.de/xml,3,observed,
personio,everphone,everphone,https://everphone.jobs.personio.de,https://everphone.jobs.personio.de/xml,6,observed,
personio,exactag,exactag,https://exactag.jobs.personio.de,https://exactag.jobs.personio.de/xml,1,observed,
personio,exmox-gmbh,exmox-gmbh,https://exmox-gmbh.jobs.personio.de,https://exmox-gmbh.jobs.personio.de/xml,18,observed,
personio,eyesense,eyesense,https://eyesense.jobs.personio.de,https://eyesense.jobs.personio.de/xml,1,observed,
personio,faaren,faaren,https://faaren.jobs.personio.de,https://faaren.jobs.personio.de/xml,3,observed,
personio,factory42,factory42,https://factory42.jobs.personio.de,https://factory42.jobs.personio.de/xml,2,observed,
personio,fairfood-freiburg,fairfood-freiburg,https://fairfood-freiburg.jobs.personio.de,https://fairfood-freiburg.jobs.personio.de/xml,5,observed,
personio,falkemedia,falkemedia,https://falkemedia.jobs.personio.de,https://falkemedia.jobs.personio.de/xml,6,observed,
personio,falling-walls,falling-walls,https://falling-walls.jobs.personio.de,https://falling-walls.jobs.personio.de/xml,5,observed,
personio,faqhealth,faqhealth,https://faqhealth.jobs.personio.de,https://faqhealth.jobs.personio.de/xml,8,observed,
personio,ferdinand-schultz-nachfolger,ferdinand-schultz-nachfolger,https://ferdinand-schultz-nachfolger.jobs.personio.de,https://ferdinand-schultz-nachfolger.jobs.personio.de/xml,21,observed,
personio,fiantec,fiantec,https://fiantec.jobs.personio.de,https://fiantec.jobs.personio.de/xml,7,observed,
personio,fides-technology-gmbh,fides-technology-gmbh,https://fides-technology-gmbh.jobs.personio.de,https://fides-technology-gmbh.jobs.personio.de/xml,4,observed,
personio,fieldfisher,fieldfisher,https://fieldfisher.jobs.personio.de,https://fieldfisher.jobs.personio.de/xml,33,observed,
personio,filics,filics,https://filics.jobs.personio.de,https://filics.jobs.personio.de/xml,2,observed,
personio,finlex,finlex,https://finlex.jobs.personio.de,https://finlex.jobs.personio.de/xml,2,observed,
personio,fiz,fiz,https://fiz.jobs.personio.de,https://fiz.jobs.personio.de/xml,1,observed,
personio,fle,fle,https://fle.jobs.personio.de,https://fle.jobs.personio.de/xml,9,observed,
personio,fleetloop-gmbh,fleetloop-gmbh,https://fleetloop-gmbh.jobs.personio.de,https://fleetloop-gmbh.jobs.personio.de/xml,3,observed,
personio,fleishmanhillard,fleishmanhillard,https://fleishmanhillard.jobs.personio.de,https://fleishmanhillard.jobs.personio.de/xml,3,observed,
personio,flex-capital-management-gmbh,flex-capital-management-gmbh,https://flex-capital-management-gmbh.jobs.personio.de,https://flex-capital-management-gmbh.jobs.personio.de/xml,17,observed,
personio,flh,flh,https://flh.jobs.personio.de,https://flh.jobs.personio.de/xml,9,observed,
personio,flowprime,flowprime,https://flowprime.jobs.personio.de,https://flowprime.jobs.personio.de/xml,2,observed,
personio,flughafen-memmingen-gmbh,flughafen-memmingen-gmbh,https://flughafen-memmingen-gmbh.jobs.personio.de,https://flughafen-memmingen-gmbh.jobs.personio.de/xml,20,observed,
personio,foodwatch-ev,foodwatch-ev,https://foodwatch-ev.jobs.personio.de,https://foodwatch-ev.jobs.personio.de/xml,1,observed,
personio,formmed-1,formmed-1,https://formmed-1.jobs.personio.de,https://formmed-1.jobs.personio.de/xml,3,observed,
personio,framen-gmbh,framen-gmbh,https://framen-gmbh.jobs.personio.de,https://framen-gmbh.jobs.personio.de/xml,3,observed,
personio,framos,framos,https://framos.jobs.personio.de,https://framos.jobs.personio.de/xml,10,observed,
personio,freiburger-stadtbau-gmbh,freiburger-stadtbau-gmbh,https://freiburger-stadtbau-gmbh.jobs.personio.de,https://freiburger-stadtbau-gmbh.jobs.personio.de/xml,6,observed,
personio,freicon,freicon,https://freicon.jobs.personio.de,https://freicon.jobs.personio.de/xml,8,observed,
personio,freiwilligendienste-drs,freiwilligendienste-drs,https://freiwilligendienste-drs.jobs.personio.de,https://freiwilligendienste-drs.jobs.personio.de/xml,1,observed,
personio,friedrich-zufall-gmbh,friedrich-zufall-gmbh,https://friedrich-zufall-gmbh.jobs.personio.de,https://friedrich-zufall-gmbh.jobs.personio.de/xml,101,observed,
personio,frp,frp,https://frp.jobs.personio.de,https://frp.jobs.personio.de/xml,4,observed,
personio,ftapi,ftapi,https://ftapi.jobs.personio.de,https://ftapi.jobs.personio.de/xml,8,observed,
personio,fuchs-eule,fuchs-eule,https://fuchs-eule.jobs.personio.de,https://fuchs-eule.jobs.personio.de/xml,9,observed,
personio,fulfin,fulfin,https://fulfin.jobs.personio.de,https://fulfin.jobs.personio.de/xml,1,observed,
personio,funkeworks,funkeworks,https://funkeworks.jobs.personio.de,https://funkeworks.jobs.personio.de/xml,5,observed,
personio,gbc-gruppe,gbc-gruppe,https://gbc-gruppe.jobs.personio.de,https://gbc-gruppe.jobs.personio.de/xml,26,observed,
personio,gbg-forschungs-gmbh,gbg-forschungs-gmbh,https://gbg-forschungs-gmbh.jobs.personio.de,https://gbg-forschungs-gmbh.jobs.personio.de/xml,5,observed,
personio,gcs,gcs,https://gcs.jobs.personio.de,https://gcs.jobs.personio.de/xml,15,observed,
personio,gebr-lorenzen-1,gebr-lorenzen-1,https://gebr-lorenzen-1.jobs.personio.de,https://gebr-lorenzen-1.jobs.personio.de/xml,12,observed,
personio,geissler-it,geissler-it,https://geissler-it.jobs.personio.de,https://geissler-it.jobs.personio.de/xml,2,observed,
personio,gemesys,gemesys,https://gemesys.jobs.personio.de,https://gemesys.jobs.personio.de/xml,1,observed,
personio,geno-kom,geno-kom,https://geno-kom.jobs.personio.de,https://geno-kom.jobs.personio.de/xml,1,observed,
personio,german-airways,german-airways,https://german-airways.jobs.personio.de,https://german-airways.jobs.personio.de/xml,9,observed,
personio,gesis,gesis,https://gesis.jobs.personio.de,https://gesis.jobs.personio.de/xml,12,observed,
personio,gestalten,gestalten,https://gestalten.jobs.personio.de,https://gestalten.jobs.personio.de/xml,2,observed,
personio,getec-energie-gmbh,getec-energie-gmbh,https://getec-energie-gmbh.jobs.personio.de,https://getec-energie-gmbh.jobs.personio.de/xml,3,observed,
personio,getec-holding,getec-holding,https://getec-holding.jobs.personio.de,https://getec-holding.jobs.personio.de/xml,34,observed,
personio,getquin,getquin,https://getquin.jobs.personio.de,https://getquin.jobs.personio.de/xml,8,observed,
personio,gicom-ag,gicom-ag,https://gicom-ag.jobs.personio.de,https://gicom-ag.jobs.personio.de/xml,16,observed,
personio,giga-green,giga-green,https://giga-green.jobs.personio.de,https://giga-green.jobs.personio.de/xml,10,observed,
personio,glacier,glacier,https://glacier.jobs.personio.de,https://glacier.jobs.personio.de/xml,1,observed,
personio,go-express-logistics-gmbh,go-express-logistics-gmbh,https://go-express-logistics-gmbh.jobs.personio.de,https://go-express-logistics-gmbh.jobs.personio.de/xml,49,observed,
personio,goerg-partnerschaft-von-rechtsanwaelten,goerg-partnerschaft-von-rechtsanwaelten,https://goerg-partnerschaft-von-rechtsanwaelten.jobs.personio.de,https://goerg-partnerschaft-von-rechtsanwaelten.jobs.personio.de/xml,33,observed,
personio,gokarla-gmbh,gokarla-gmbh,https://gokarla-gmbh.jobs.personio.de,https://gokarla-gmbh.jobs.personio.de/xml,4,observed,
personio,good-hood-gmbh,good-hood-gmbh,https://good-hood-gmbh.jobs.personio.de,https://good-hood-gmbh.jobs.personio.de/xml,4,observed,
personio,goodbytz,goodbytz,https://goodbytz.jobs.personio.de,https://goodbytz.jobs.personio.de/xml,11,observed,
personio,govradar,govradar,https://govradar.jobs.personio.de,https://govradar.jobs.personio.de/xml,7,observed,
personio,gpe,gpe,https://gpe.jobs.personio.de,https://gpe.jobs.personio.de/xml,7,observed,
personio,gpnz,gpnz,https://gpnz.jobs.personio.de,https://gpnz.jobs.personio.de/xml,41,observed,
personio,greenbone-ag,greenbone-ag,https://greenbone-ag.jobs.personio.de,https://greenbone-ag.jobs.personio.de/xml,1,observed,
personio,greencells-gmbh,greencells-gmbh,https://greencells-gmbh.jobs.personio.de,https://greencells-gmbh.jobs.personio.de/xml,10,observed,
personio,greenflash,greenflash,https://greenflash.jobs.personio.de,https://greenflash.jobs.personio.de/xml,15,observed,
personio,greenpeak,greenpeak,https://greenpeak.jobs.personio.de,https://greenpeak.jobs.personio.de/xml,1,observed,
personio,greenwind-group,greenwind-group,https://greenwind-group.jobs.personio.de,https://greenwind-group.jobs.personio.de/xml,12,observed,
personio,greven-twt-gruppe,greven-twt-gruppe,https://greven-twt-gruppe.jobs.personio.de,https://greven-twt-gruppe.jobs.personio.de/xml,2,observed,
personio,gridx,gridx,https://gridx.jobs.personio.de,https://gridx.jobs.personio.de/xml,6,observed,
personio,gross-und-partner,gross-und-partner,https://gross-und-partner.jobs.personio.de,https://gross-und-partner.jobs.personio.de/xml,19,observed,
personio,gus-germany,gus-germany,https://gus-germany.jobs.personio.de,https://gus-germany.jobs.personio.de/xml,108,observed,
personio,gustav-benz-haus,gustav-benz-haus,https://gustav-benz-haus.jobs.personio.de,https://gustav-benz-haus.jobs.personio.de/xml,3,observed,
personio,gustavogusto,gustavogusto,https://gustavogusto.jobs.personio.de,https://gustavogusto.jobs.personio.de/xml,13,observed,
personio,gwzo,gwzo,https://gwzo.jobs.personio.de,https://gwzo.jobs.personio.de/xml,1,observed,
personio,h2fly-gmbh,h2fly-gmbh,https://h2fly-gmbh.jobs.personio.de,https://h2fly-gmbh.jobs.personio.de/xml,4,observed,
personio,haefft,haefft,https://haefft.jobs.personio.de,https://haefft.jobs.personio.de/xml,2,observed,
personio,haevg-ag,haevg-ag,https://haevg-ag.jobs.personio.de,https://haevg-ag.jobs.personio.de/xml,17,observed,
personio,hafen-und-hof,hafen-und-hof,https://hafen-und-hof.jobs.personio.de,https://hafen-und-hof.jobs.personio.de/xml,12,observed,
personio,hafencity-hamburg,hafencity-hamburg,https://hafencity-hamburg.jobs.personio.de,https://hafencity-hamburg.jobs.personio.de/xml,4,observed,
personio,hagos-eg,hagos-eg,https://hagos-eg.jobs.personio.de,https://hagos-eg.jobs.personio.de/xml,12,observed,
personio,hameln-pharma,hameln-pharma,https://hameln-pharma.jobs.personio.de,https://hameln-pharma.jobs.personio.de/xml,4,observed,
personio,hand-werk-gmbh,hand-werk-gmbh,https://hand-werk-gmbh.jobs.personio.de,https://hand-werk-gmbh.jobs.personio.de/xml,19,observed,
personio,haniel,haniel,https://haniel.jobs.personio.de,https://haniel.jobs.personio.de/xml,6,observed,
personio,hasenkamp,hasenkamp,https://hasenkamp.jobs.personio.de,https://hasenkamp.jobs.personio.de/xml,15,observed,
personio,hateaid,hateaid,https://hateaid.jobs.personio.de,https://hateaid.jobs.personio.de/xml,2,observed,
personio,hbm,hbm,https://hbm.jobs.personio.de,https://hbm.jobs.personio.de/xml,11,observed,
personio,hck,hck,https://hck.jobs.personio.de,https://hck.jobs.personio.de/xml,4,observed,
personio,heim-watt,heim-watt,https://heim-watt.jobs.personio.de,https://heim-watt.jobs.personio.de/xml,18,observed,
personio,heinstadt-reiss-gmbh,heinstadt-reiss-gmbh,https://heinstadt-reiss-gmbh.jobs.personio.de,https://heinstadt-reiss-gmbh.jobs.personio.de/xml,10,observed,
personio,helu,helu,https://helu.jobs.personio.de,https://helu.jobs.personio.de/xml,2,observed,
personio,hhpberlin,hhpberlin,https://hhpberlin.jobs.personio.de,https://hhpberlin.jobs.personio.de/xml,11,observed,
personio,high-office-it-gmbh,high-office-it-gmbh,https://high-office-it-gmbh.jobs.personio.de,https://high-office-it-gmbh.jobs.personio.de/xml,19,observed,
personio,hiq,hiq,https://hiq.jobs.personio.de,https://hiq.jobs.personio.de/xml,5,observed,
personio,hitzler,hitzler,https://hitzler.jobs.personio.de,https://hitzler.jobs.personio.de/xml,50,observed,
personio,hkabadelster,hkabadelster,https://hkabadelster.jobs.personio.de,https://hkabadelster.jobs.personio.de/xml,2,observed,
personio,hkes-gmbh,hkes-gmbh,https://hkes-gmbh.jobs.personio.de,https://hkes-gmbh.jobs.personio.de/xml,4,observed,
personio,hlb,hlb,https://hlb.jobs.personio.de,https://hlb.jobs.personio.de/xml,2,observed,
personio,hoermann-reisen,hoermann-reisen,https://hoermann-reisen.jobs.personio.de,https://hoermann-reisen.jobs.personio.de/xml,7,observed,
personio,hoffnungstraeger-stiftung,hoffnungstraeger-stiftung,https://hoffnungstraeger-stiftung.jobs.personio.de,https://hoffnungstraeger-stiftung.jobs.personio.de/xml,14,observed,
personio,hoft-berlin,hoft-berlin,https://hoft-berlin.jobs.personio.de,https://hoft-berlin.jobs.personio.de/xml,2,observed,
personio,hohenstein,hohenstein,https://hohenstein.jobs.personio.de,https://hohenstein.jobs.personio.de/xml,13,observed,
personio,holidaycheck,holidaycheck,https://holidaycheck.jobs.personio.de,https://holidaycheck.jobs.personio.de/xml,10,observed,
personio,holidaypirates,holidaypirates,https://holidaypirates.jobs.personio.de,https://holidaypirates.jobs.personio.de/xml,2,observed,
personio,holoplot,holoplot,https://holoplot.jobs.personio.de,https://holoplot.jobs.personio.de/xml,6,observed,
personio,homeday,homeday,https://homeday.jobs.personio.de,https://homeday.jobs.personio.de/xml,3,observed,
personio,homify,homify,https://homify.jobs.personio.de,https://homify.jobs.personio.de/xml,3,observed,
personio,honeysales-gmbh,honeysales-gmbh,https://honeysales-gmbh.jobs.personio.de,https://honeysales-gmbh.jobs.personio.de/xml,7,observed,
personio,horl-1993,horl-1993,https://horl-1993.jobs.personio.de,https://horl-1993.jobs.personio.de/xml,2,observed,
personio,house-of-yas,house-of-yas,https://house-of-yas.jobs.personio.de,https://house-of-yas.jobs.personio.de/xml,8,observed,
personio,hseq,hseq,https://hseq.jobs.personio.de,https://hseq.jobs.personio.de/xml,9,observed,
personio,htgf,htgf,https://htgf.jobs.personio.de,https://htgf.jobs.personio.de/xml,3,observed,
personio,hubject-gmbh,hubject-gmbh,https://hubject-gmbh.jobs.personio.de,https://hubject-gmbh.jobs.personio.de/xml,3,observed,
personio,huk-autowelt,huk-autowelt,https://huk-autowelt.jobs.personio.de,https://huk-autowelt.jobs.personio.de/xml,3,observed,
personio,humanizing,humanizing,https://humanizing.jobs.personio.de,https://humanizing.jobs.personio.de/xml,4,observed,
personio,humedica-e-v,humedica-e-v,https://humedica-e-v.jobs.personio.de,https://humedica-e-v.jobs.personio.de/xml,6,observed,
personio,huz,huz,https://huz.jobs.personio.de,https://huz.jobs.personio.de/xml,21,observed,
personio,hygh,hygh,https://hygh.jobs.personio.de,https://hygh.jobs.personio.de/xml,5,observed,
personio,hypatos-gmbh,hypatos-gmbh,https://hypatos-gmbh.jobs.personio.de,https://hypatos-gmbh.jobs.personio.de/xml,13,observed,
personio,iakw,iakw,https://iakw.jobs.personio.de,https://iakw.jobs.personio.de/xml,3,observed,
personio,icongroup-gmbh,icongroup-gmbh,https://icongroup-gmbh.jobs.personio.de,https://icongroup-gmbh.jobs.personio.de/xml,1,observed,
personio,ida,ida,https://ida.jobs.personio.de,https://ida.jobs.personio.de/xml,5,observed,
personio,idealworks,idealworks,https://idealworks.jobs.personio.de,https://idealworks.jobs.personio.de/xml,15,observed,
personio,iges-institut-gmbh,iges-institut-gmbh,https://iges-institut-gmbh.jobs.personio.de,https://iges-institut-gmbh.jobs.personio.de/xml,9,observed,
personio,ihk-akademie-suedlicher-oberrhein,ihk-akademie-suedlicher-oberrhein,https://ihk-akademie-suedlicher-oberrhein.jobs.personio.de,https://ihk-akademie-suedlicher-oberrhein.jobs.personio.de/xml,1,observed,
personio,ihk-essen,ihk-essen,https://ihk-essen.jobs.personio.de,https://ihk-essen.jobs.personio.de/xml,2,observed,
personio,ihk-suedlicher-oberrhein,ihk-suedlicher-oberrhein,https://ihk-suedlicher-oberrhein.jobs.personio.de,https://ihk-suedlicher-oberrhein.jobs.personio.de/xml,2,observed,
personio,imap-gmbh-1,imap-gmbh-1,https://imap-gmbh-1.jobs.personio.de,https://imap-gmbh-1.jobs.personio.de/xml,7,observed,
personio,immojects,immojects,https://immojects.jobs.personio.de,https://immojects.jobs.personio.de/xml,1,observed,
personio,immunic,immunic,https://immunic.jobs.personio.de,https://immunic.jobs.personio.de/xml,3,observed,
personio,imwind,imwind,https://imwind.jobs.personio.de,https://imwind.jobs.personio.de/xml,3,observed,
personio,ines-ag,ines-ag,https://ines-ag.jobs.personio.de,https://ines-ag.jobs.personio.de/xml,2,observed,
personio,innolizer-gmbh,innolizer-gmbh,https://innolizer-gmbh.jobs.personio.de,https://innolizer-gmbh.jobs.personio.de/xml,5,observed,
personio,inovisco,inovisco,https://inovisco.jobs.personio.de,https://inovisco.jobs.personio.de/xml,46,observed,
personio,insglueck,insglueck,https://insglueck.jobs.personio.de,https://insglueck.jobs.personio.de/xml,8,observed,
personio,intec-industrie-technik-gmbh,intec-industrie-technik-gmbh,https://intec-industrie-technik-gmbh.jobs.personio.de,https://intec-industrie-technik-gmbh.jobs.personio.de/xml,17,observed,
personio,integrity-next-gmbh,integrity-next-gmbh,https://integrity-next-gmbh.jobs.personio.de,https://integrity-next-gmbh.jobs.personio.de/xml,4,observed,
personio,intelligentfood-schweiz-ag,intelligentfood-schweiz-ag,https://intelligentfood-schweiz-ag.jobs.personio.de,https://intelligentfood-schweiz-ag.jobs.personio.de/xml,4,observed,
personio,intense-ag,intense-ag,https://intense-ag.jobs.personio.de,https://intense-ag.jobs.personio.de/xml,23,observed,
personio,interlog-management-gmbh,interlog-management-gmbh,https://interlog-management-gmbh.jobs.personio.de,https://interlog-management-gmbh.jobs.personio.de/xml,5,observed,
personio,internations,internations,https://internations.jobs.personio.de,https://internations.jobs.personio.de/xml,1,observed,
personio,intumind,intumind,https://intumind.jobs.personio.de,https://intumind.jobs.personio.de/xml,4,observed,
personio,ishap,ishap,https://ishap.jobs.personio.de,https://ishap.jobs.personio.de/xml,2,observed,
personio,it-p,it-p,https://it-p.jobs.personio.de,https://it-p.jobs.personio.de/xml,3,observed,
personio,itemis,itemis,https://itemis.jobs.personio.de,https://itemis.jobs.personio.de/xml,2,observed,
personio,its-gruppe,its-gruppe,https://its-gruppe.jobs.personio.de,https://its-gruppe.jobs.personio.de/xml,39,observed,
personio,jbs-agrar,jbs-agrar,https://jbs-agrar.jobs.personio.de,https://jbs-agrar.jobs.personio.de/xml,14,observed,
personio,jedox,jedox,https://jedox.jobs.personio.de,https://jedox.jobs.personio.de/xml,20,observed,
personio,jf-group-gmbh,jf-group-gmbh,https://jf-group-gmbh.jobs.personio.de,https://jf-group-gmbh.jobs.personio.de/xml,12,observed,
personio,jobleads,jobleads,https://jobleads.jobs.personio.de,https://jobleads.jobs.personio.de/xml,12,observed,
personio,joblinge,joblinge,https://joblinge.jobs.personio.de,https://joblinge.jobs.personio.de/xml,22,observed,
personio,jobrad-loop,jobrad-loop,https://jobrad-loop.jobs.personio.de,https://jobrad-loop.jobs.personio.de/xml,27,observed,
personio,jodel,jodel,https://jodel.jobs.personio.de,https://jodel.jobs.personio.de/xml,1,observed,
personio,johann-und-erika-loewe-stiftung,johann-und-erika-loewe-stiftung,https://johann-und-erika-loewe-stiftung.jobs.personio.de,https://johann-und-erika-loewe-stiftung.jobs.personio.de/xml,8,observed,
personio,johannes-lefeld-gmbh-co-kg,johannes-lefeld-gmbh-co-kg,https://johannes-lefeld-gmbh-co-kg.jobs.personio.de,https://johannes-lefeld-gmbh-co-kg.jobs.personio.de/xml,7,observed,
personio,join,join,https://join.jobs.personio.de,https://join.jobs.personio.de/xml,5,observed,
personio,jom-group,jom-group,https://jom-group.jobs.personio.de,https://jom-group.jobs.personio.de/xml,3,observed,
personio,jungvonmatt,jungvonmatt,https://jungvonmatt.jobs.personio.de,https://jungvonmatt.jobs.personio.de/xml,35,observed,
personio,just-virtual-food,just-virtual-food,https://just-virtual-food.jobs.personio.de,https://just-virtual-food.jobs.personio.de/xml,5,observed,
personio,juston,juston,https://juston.jobs.personio.de,https://juston.jobs.personio.de/xml,3,observed,
personio,kaer,kaer,https://kaer.jobs.personio.de,https://kaer.jobs.personio.de/xml,22,observed,
personio,kaiserwetter,kaiserwetter,https://kaiserwetter.jobs.personio.de,https://kaiserwetter.jobs.personio.de/xml,4,observed,
personio,kalorimeta,kalorimeta,https://kalorimeta.jobs.personio.de,https://kalorimeta.jobs.personio.de/xml,10,observed,
personio,kangoolutions,kangoolutions,https://kangoolutions.jobs.personio.de,https://kangoolutions.jobs.personio.de/xml,5,observed,
personio,karrieretutor-de,karrieretutor-de,https://karrieretutor-de.jobs.personio.de,https://karrieretutor-de.jobs.personio.de/xml,16,observed,
personio,kb1,kb1,https://kb1.jobs.personio.de,https://kb1.jobs.personio.de/xml,105,observed,
personio,kbc,kbc,https://kbc.jobs.personio.de,https://kbc.jobs.personio.de/xml,6,observed,
personio,kemmler-kemmler-gmbh,kemmler-kemmler-gmbh,https://kemmler-kemmler-gmbh.jobs.personio.de,https://kemmler-kemmler-gmbh.jobs.personio.de/xml,13,observed,
personio,kent,kent,https://kent.jobs.personio.de,https://kent.jobs.personio.de/xml,12,observed,
personio,keyou-gmbh,keyou-gmbh,https://keyou-gmbh.jobs.personio.de,https://keyou-gmbh.jobs.personio.de/xml,2,observed,
personio,kfzinnungschwaben,kfzinnungschwaben,https://kfzinnungschwaben.jobs.personio.de,https://kfzinnungschwaben.jobs.personio.de/xml,1,observed,
personio,ki-macht-schule-ggmbh,ki-macht-schule-ggmbh,https://ki-macht-schule-ggmbh.jobs.personio.de,https://ki-macht-schule-ggmbh.jobs.personio.de/xml,1,observed,
personio,kindernothilfe,kindernothilfe,https://kindernothilfe.jobs.personio.de,https://kindernothilfe.jobs.personio.de/xml,2,observed,
personio,kirberg,kirberg,https://kirberg.jobs.personio.de,https://kirberg.jobs.personio.de/xml,3,observed,
personio,kiron,kiron,https://kiron.jobs.personio.de,https://kiron.jobs.personio.de/xml,1,observed,
personio,kita-kinderzimmer,kita-kinderzimmer,https://kita-kinderzimmer.jobs.personio.de,https://kita-kinderzimmer.jobs.personio.de/xml,19,observed,
personio,kitarino-service-gmbh,kitarino-service-gmbh,https://kitarino-service-gmbh.jobs.personio.de,https://kitarino-service-gmbh.jobs.personio.de/xml,61,observed,
personio,kiwi,kiwi,https://kiwi.jobs.personio.de,https://kiwi.jobs.personio.de/xml,2,observed,
personio,klarx,klarx,https://klarx.jobs.personio.de,https://klarx.jobs.personio.de/xml,1,observed,
personio,klk-kolb,klk-kolb,https://klk-kolb.jobs.personio.de,https://klk-kolb.jobs.personio.de/xml,13,observed,
personio,klu,klu,https://klu.jobs.personio.de,https://klu.jobs.personio.de/xml,8,observed,
personio,kmpro-muenchen-gmbh-co-kg-stbg,kmpro-muenchen-gmbh-co-kg-stbg,https://kmpro-muenchen-gmbh-co-kg-stbg.jobs.personio.de,https://kmpro-muenchen-gmbh-co-kg-stbg.jobs.personio.de/xml,7,observed,
personio,knime,knime,https://knime.jobs.personio.de,https://knime.jobs.personio.de/xml,8,observed,
personio,knsk,knsk,https://knsk.jobs.personio.de,https://knsk.jobs.personio.de/xml,3,observed,
personio,kobaltblau,kobaltblau,https://kobaltblau.jobs.personio.de,https://kobaltblau.jobs.personio.de/xml,10,observed,
personio,kochs-gmbh,kochs-gmbh,https://kochs-gmbh.jobs.personio.de,https://kochs-gmbh.jobs.personio.de/xml,8,observed,
personio,kolb-distribution-ltd,kolb-distribution-ltd,https://kolb-distribution-ltd.jobs.personio.de,https://kolb-distribution-ltd.jobs.personio.de/xml,4,observed,
personio,kopfsachen,kopfsachen,https://kopfsachen.jobs.personio.de,https://kopfsachen.jobs.personio.de/xml,7,observed,
personio,koppla,koppla,https://koppla.jobs.personio.de,https://koppla.jobs.personio.de/xml,5,observed,
personio,koro-handels-gmbh,koro-handels-gmbh,https://koro-handels-gmbh.jobs.personio.de,https://koro-handels-gmbh.jobs.personio.de/xml,8,observed,
personio,kraemmel,kraemmel,https://kraemmel.jobs.personio.de,https://kraemmel.jobs.personio.de/xml,12,observed,
personio,kraftblock,kraftblock,https://kraftblock.jobs.personio.de,https://kraftblock.jobs.personio.de/xml,1,observed,
personio,kraftling,kraftling,https://kraftling.jobs.personio.de,https://kraftling.jobs.personio.de/xml,3,observed,
personio,kraus-partner-unternehemensberatung,kraus-partner-unternehemensberatung,https://kraus-partner-unternehemensberatung.jobs.personio.de,https://kraus-partner-unternehemensberatung.jobs.personio.de/xml,7,observed,
personio,kremer-naturtalente,kremer-naturtalente,https://kremer-naturtalente.jobs.personio.de,https://kremer-naturtalente.jobs.personio.de/xml,25,observed,
personio,krick-com-gmbh-co-kg,krick-com-gmbh-co-kg,https://krick-com-gmbh-co-kg.jobs.personio.de,https://krick-com-gmbh-co-kg.jobs.personio.de/xml,8,observed,
personio,kultbude-gmbh,kultbude-gmbh,https://kultbude-gmbh.jobs.personio.de,https://kultbude-gmbh.jobs.personio.de/xml,3,observed,
personio,kumi-health-gmbh,kumi-health-gmbh,https://kumi-health-gmbh.jobs.personio.de,https://kumi-health-gmbh.jobs.personio.de/xml,5,observed,
personio,l21s-gmbh,l21s-gmbh,https://l21s-gmbh.jobs.personio.de,https://l21s-gmbh.jobs.personio.de/xml,5,observed,
personio,laemmermann,laemmermann,https://laemmermann.jobs.personio.de,https://laemmermann.jobs.personio.de/xml,4,observed,
personio,laemmerzahl-gmbh,laemmerzahl-gmbh,https://laemmerzahl-gmbh.jobs.personio.de,https://laemmerzahl-gmbh.jobs.personio.de/xml,5,observed,
personio,lanch,lanch,https://lanch.jobs.personio.de,https://lanch.jobs.personio.de/xml,14,observed,
personio,lao,lao,https://lao.jobs.personio.de,https://lao.jobs.personio.de/xml,6,observed,
personio,lavera,lavera,https://lavera.jobs.personio.de,https://lavera.jobs.personio.de/xml,27,observed,
personio,lavita-gmbh,lavita-gmbh,https://lavita-gmbh.jobs.personio.de,https://lavita-gmbh.jobs.personio.de/xml,10,observed,
personio,lawpilots,lawpilots,https://lawpilots.jobs.personio.de,https://lawpilots.jobs.personio.de/xml,4,observed,
personio,layer-four,layer-four,https://layer-four.jobs.personio.de,https://layer-four.jobs.personio.de/xml,3,observed,
personio,lazars,lazars,https://lazars.jobs.personio.de,https://lazars.jobs.personio.de/xml,1,observed,
personio,leantechnik,leantechnik,https://leantechnik.jobs.personio.de,https://leantechnik.jobs.personio.de/xml,4,observed,
personio,lebenshilfe-landshut,lebenshilfe-landshut,https://lebenshilfe-landshut.jobs.personio.de,https://lebenshilfe-landshut.jobs.personio.de/xml,33,observed,
personio,legalhero,legalhero,https://legalhero.jobs.personio.de,https://legalhero.jobs.personio.de/xml,16,observed,
personio,legartis,legartis,https://legartis.jobs.personio.de,https://legartis.jobs.personio.de/xml,13,observed,
personio,lehleiter-ag,lehleiter-ag,https://lehleiter-ag.jobs.personio.de,https://lehleiter-ag.jobs.personio.de/xml,25,observed,
personio,lennertz,lennertz,https://lennertz.jobs.personio.de,https://lennertz.jobs.personio.de/xml,4,observed,
personio,leonine,leonine,https://leonine.jobs.personio.de,https://leonine.jobs.personio.de/xml,14,observed,
personio,lepaya,lepaya,https://lepaya.jobs.personio.de,https://lepaya.jobs.personio.de/xml,2,observed,
personio,letmeship,letmeship,https://letmeship.jobs.personio.de,https://letmeship.jobs.personio.de/xml,5,observed,
personio,lhr,lhr,https://lhr.jobs.personio.de,https://lhr.jobs.personio.de/xml,1,observed,
personio,lifelink-medical-gmbh,lifelink-medical-gmbh,https://lifelink-medical-gmbh.jobs.personio.de,https://lifelink-medical-gmbh.jobs.personio.de/xml,56,observed,
personio,linkbroker,linkbroker,https://linkbroker.jobs.personio.de,https://linkbroker.jobs.personio.de/xml,4,observed,
personio,liveeo-gmbh,liveeo-gmbh,https://liveeo-gmbh.jobs.personio.de,https://liveeo-gmbh.jobs.personio.de/xml,22,observed,
personio,lmit,lmit,https://lmit.jobs.personio.de,https://lmit.jobs.personio.de/xml,9,observed,
personio,lrz,lrz,https://lrz.jobs.personio.de,https://lrz.jobs.personio.de/xml,3,observed,
personio,luis-technology,luis-technology,https://luis-technology.jobs.personio.de,https://luis-technology.jobs.personio.de/xml,5,observed,
personio,lumaserv,lumaserv,https://lumaserv.jobs.personio.de,https://lumaserv.jobs.personio.de/xml,7,observed,
personio,lumenaza,lumenaza,https://lumenaza.jobs.personio.de,https://lumenaza.jobs.personio.de/xml,7,observed,
personio,lush,lush,https://lush.jobs.personio.de,https://lush.jobs.personio.de/xml,39,observed,
personio,lytra,lytra,https://lytra.jobs.personio.de,https://lytra.jobs.personio.de/xml,5,observed,
personio,m3connect,m3connect,https://m3connect.jobs.personio.de,https://m3connect.jobs.personio.de/xml,6,observed,
personio,m4c,m4c,https://m4c.jobs.personio.de,https://m4c.jobs.personio.de/xml,13,observed,
personio,madame-moneypenny-gmbh,madame-moneypenny-gmbh,https://madame-moneypenny-gmbh.jobs.personio.de,https://madame-moneypenny-gmbh.jobs.personio.de/xml,2,observed,
personio,maibornwolff,maibornwolff,https://maibornwolff.jobs.personio.de,https://maibornwolff.jobs.personio.de/xml,48,observed,
personio,maisenbacher-hort-partner-1,maisenbacher-hort-partner-1,https://maisenbacher-hort-partner-1.jobs.personio.de,https://maisenbacher-hort-partner-1.jobs.personio.de/xml,11,observed,
personio,maltego,maltego,https://maltego.jobs.personio.de,https://maltego.jobs.personio.de/xml,9,observed,
personio,manthey-racing-gmbh,manthey-racing-gmbh,https://manthey-racing-gmbh.jobs.personio.de,https://manthey-racing-gmbh.jobs.personio.de/xml,23,observed,
personio,marcapo,marcapo,https://marcapo.jobs.personio.de,https://marcapo.jobs.personio.de/xml,3,observed,
personio,markgraph,markgraph,https://markgraph.jobs.personio.de,https://markgraph.jobs.personio.de/xml,2,observed,
personio,martin-et-karczinski-gmbh,martin-et-karczinski-gmbh,https://martin-et-karczinski-gmbh.jobs.personio.de,https://martin-et-karczinski-gmbh.jobs.personio.de/xml,4,observed,
personio,maxl-baeck-gmbh-co-kg,maxl-baeck-gmbh-co-kg,https://maxl-baeck-gmbh-co-kg.jobs.personio.de,https://maxl-baeck-gmbh-co-kg.jobs.personio.de/xml,23,observed,
personio,mayflower,mayflower,https://mayflower.jobs.personio.de,https://mayflower.jobs.personio.de/xml,6,observed,
personio,mbgglobal,mbgglobal,https://mbgglobal.jobs.personio.de,https://mbgglobal.jobs.personio.de/xml,21,observed,
personio,mec-group,mec-group,https://mec-group.jobs.personio.de,https://mec-group.jobs.personio.de/xml,2,observed,
personio,medas-factoring-gmbh,medas-factoring-gmbh,https://medas-factoring-gmbh.jobs.personio.de,https://medas-factoring-gmbh.jobs.personio.de/xml,1,observed,
personio,medermis-clinics-gmbh,medermis-clinics-gmbh,https://medermis-clinics-gmbh.jobs.personio.de,https://medermis-clinics-gmbh.jobs.personio.de/xml,54,observed,
personio,media-central-gmbh,media-central-gmbh,https://media-central-gmbh.jobs.personio.de,https://media-central-gmbh.jobs.personio.de/xml,4,observed,
personio,medien-bayern,medien-bayern,https://medien-bayern.jobs.personio.de,https://medien-bayern.jobs.personio.de/xml,2,observed,
personio,mediengruppe-bayern-gmbh,mediengruppe-bayern-gmbh,https://mediengruppe-bayern-gmbh.jobs.personio.de,https://mediengruppe-bayern-gmbh.jobs.personio.de/xml,30,observed,
personio,mediserv-bank-gmbh,mediserv-bank-gmbh,https://mediserv-bank-gmbh.jobs.personio.de,https://mediserv-bank-gmbh.jobs.personio.de/xml,10,observed,
personio,megazoo,megazoo,https://megazoo.jobs.personio.de,https://megazoo.jobs.personio.de/xml,1,observed,
personio,meierhofer,meierhofer,https://meierhofer.jobs.personio.de,https://meierhofer.jobs.personio.de/xml,19,observed,
personio,meinunterricht,meinunterricht,https://meinunterricht.jobs.personio.de,https://meinunterricht.jobs.personio.de/xml,2,observed,
personio,meister,meister,https://meister.jobs.personio.de,https://meister.jobs.personio.de/xml,1,observed,
personio,menlo-systems-gmbh,menlo-systems-gmbh,https://menlo-systems-gmbh.jobs.personio.de,https://menlo-systems-gmbh.jobs.personio.de/xml,8,observed,
personio,mentalis,mentalis,https://mentalis.jobs.personio.de,https://mentalis.jobs.personio.de/xml,2,observed,
personio,merantix,merantix,https://merantix.jobs.personio.de,https://merantix.jobs.personio.de/xml,14,observed,
personio,mercanis,mercanis,https://mercanis.jobs.personio.de,https://mercanis.jobs.personio.de/xml,18,observed,
personio,meteocontrol,meteocontrol,https://meteocontrol.jobs.personio.de,https://meteocontrol.jobs.personio.de/xml,37,observed,
personio,metergrid,metergrid,https://metergrid.jobs.personio.de,https://metergrid.jobs.personio.de/xml,9,observed,
personio,metoda-gmbh,metoda-gmbh,https://metoda-gmbh.jobs.personio.de,https://metoda-gmbh.jobs.personio.de/xml,2,observed,
personio,micronova,micronova,https://micronova.jobs.personio.de,https://micronova.jobs.personio.de/xml,4,observed,
personio,microtech,microtech,https://microtech.jobs.personio.de,https://microtech.jobs.personio.de/xml,5,observed,
personio,millerundmeier,millerundmeier,https://millerundmeier.jobs.personio.de,https://millerundmeier.jobs.personio.de/xml,1,observed,
personio,mindeight,mindeight,https://mindeight.jobs.personio.de,https://mindeight.jobs.personio.de/xml,1,observed,
personio,mindfuel,mindfuel,https://mindfuel.jobs.personio.de,https://mindfuel.jobs.personio.de/xml,2,observed,
personio,mitocare,mitocare,https://mitocare.jobs.personio.de,https://mitocare.jobs.personio.de/xml,6,observed,
personio,mobilityconcept,mobilityconcept,https://mobilityconcept.jobs.personio.de,https://mobilityconcept.jobs.personio.de/xml,10,observed,
personio,modelwise,modelwise,https://modelwise.jobs.personio.de,https://modelwise.jobs.personio.de/xml,4,observed,
personio,montafon-tourismus,montafon-tourismus,https://montafon-tourismus.jobs.personio.de,https://montafon-tourismus.jobs.personio.de/xml,1,observed,
personio,mosel-eifel-klinik-1,mosel-eifel-klinik-1,https://mosel-eifel-klinik-1.jobs.personio.de,https://mosel-eifel-klinik-1.jobs.personio.de/xml,5,observed,
personio,movesell,movesell,https://movesell.jobs.personio.de,https://movesell.jobs.personio.de/xml,3,observed,
personio,movexm,movexm,https://movexm.jobs.personio.de,https://movexm.jobs.personio.de/xml,2,observed,
personio,moving-adventures-medien-gmbh,moving-adventures-medien-gmbh,https://moving-adventures-medien-gmbh.jobs.personio.de,https://moving-adventures-medien-gmbh.jobs.personio.de/xml,3,observed,
personio,mrge-group-gmbh,mrge-group-gmbh,https://mrge-group-gmbh.jobs.personio.de,https://mrge-group-gmbh.jobs.personio.de/xml,2,observed,
personio,msr-family-office,msr-family-office,https://msr-family-office.jobs.personio.de,https://msr-family-office.jobs.personio.de/xml,2,observed,
personio,mtg-ag,mtg-ag,https://mtg-ag.jobs.personio.de,https://mtg-ag.jobs.personio.de/xml,6,observed,
personio,mum,mum,https://mum.jobs.personio.de,https://mum.jobs.personio.de/xml,10,observed,
personio,munich-security-conference-1,munich-security-conference-1,https://munich-security-conference-1.jobs.personio.de,https://munich-security-conference-1.jobs.personio.de/xml,10,observed,
personio,mutabor,mutabor,https://mutabor.jobs.personio.de,https://mutabor.jobs.personio.de/xml,14,observed,
personio,mute-labs-gmbh,mute-labs-gmbh,https://mute-labs-gmbh.jobs.personio.de,https://mute-labs-gmbh.jobs.personio.de/xml,12,observed,
personio,muuuh-gmbh,muuuh-gmbh,https://muuuh-gmbh.jobs.personio.de,https://muuuh-gmbh.jobs.personio.de/xml,11,observed,
personio,mybacs-vertriebs-gmbh,mybacs-vertriebs-gmbh,https://mybacs-vertriebs-gmbh.jobs.personio.de,https://mybacs-vertriebs-gmbh.jobs.personio.de/xml,3,observed,
personio,myra,myra,https://myra.jobs.personio.de,https://myra.jobs.personio.de/xml,18,observed,
personio,natsana,natsana,https://natsana.jobs.personio.de,https://natsana.jobs.personio.de/xml,10,observed,
personio,nbs-partners-servicegesellschaft-mbh,nbs-partners-servicegesellschaft-mbh,https://nbs-partners-servicegesellschaft-mbh.jobs.personio.de,https://nbs-partners-servicegesellschaft-mbh.jobs.personio.de/xml,13,observed,
personio,ncs-gmbh,ncs-gmbh,https://ncs-gmbh.jobs.personio.de,https://ncs-gmbh.jobs.personio.de/xml,1,observed,
personio,neoom,neoom,https://neoom.jobs.personio.de,https://neoom.jobs.personio.de/xml,2,observed,
personio,neos,neos,https://neos.jobs.personio.de,https://neos.jobs.personio.de/xml,9,observed,
personio,neoshare,neoshare,https://neoshare.jobs.personio.de,https://neoshare.jobs.personio.de/xml,13,observed,
personio,net-at-work-gmbh,net-at-work-gmbh,https://net-at-work-gmbh.jobs.personio.de,https://net-at-work-gmbh.jobs.personio.de/xml,4,observed,
personio,netclusive,netclusive,https://netclusive.jobs.personio.de,https://netclusive.jobs.personio.de/xml,3,observed,
personio,netcologne-it-services-gmbh,netcologne-it-services-gmbh,https://netcologne-it-services-gmbh.jobs.personio.de,https://netcologne-it-services-gmbh.jobs.personio.de/xml,3,observed,
personio,netcom-connected-services-gmbh,netcom-connected-services-gmbh,https://netcom-connected-services-gmbh.jobs.personio.de,https://netcom-connected-services-gmbh.jobs.personio.de/xml,4,observed,
personio,netformic,netformic,https://netformic.jobs.personio.de,https://netformic.jobs.personio.de/xml,1,observed,
personio,netzlink,netzlink,https://netzlink.jobs.personio.de,https://netzlink.jobs.personio.de/xml,5,observed,
personio,neumeier-ag,neumeier-ag,https://neumeier-ag.jobs.personio.de,https://neumeier-ag.jobs.personio.de/xml,21,observed,
personio,neuronation,neuronation,https://neuronation.jobs.personio.de,https://neuronation.jobs.personio.de/xml,7,observed,
personio,new-soul-gmbh,new-soul-gmbh,https://new-soul-gmbh.jobs.personio.de,https://new-soul-gmbh.jobs.personio.de/xml,25,observed,
personio,newboxes,newboxes,https://newboxes.jobs.personio.de,https://newboxes.jobs.personio.de/xml,7,observed,
personio,newflag,newflag,https://newflag.jobs.personio.de,https://newflag.jobs.personio.de/xml,16,observed,
personio,nexaris,nexaris,https://nexaris.jobs.personio.de,https://nexaris.jobs.personio.de/xml,5,observed,
personio,nextwind,nextwind,https://nextwind.jobs.personio.de,https://nextwind.jobs.personio.de/xml,12,observed,
personio,nfon,nfon,https://nfon.jobs.personio.de,https://nfon.jobs.personio.de/xml,8,observed,
personio,nihon-kohden-europe-gmbh,nihon-kohden-europe-gmbh,https://nihon-kohden-europe-gmbh.jobs.personio.de,https://nihon-kohden-europe-gmbh.jobs.personio.de/xml,4,observed,
personio,node-energy,node-energy,https://node-energy.jobs.personio.de,https://node-energy.jobs.personio.de/xml,2,observed,
personio,nordantech,nordantech,https://nordantech.jobs.personio.de,https://nordantech.jobs.personio.de/xml,2,observed,
personio,nscon,nscon,https://nscon.jobs.personio.de,https://nscon.jobs.personio.de/xml,4,observed,
personio,nunatak,nunatak,https://nunatak.jobs.personio.de,https://nunatak.jobs.personio.de/xml,13,observed,
personio,nussli,nussli,https://nussli.jobs.personio.de,https://nussli.jobs.personio.de/xml,26,observed,
personio,nvbw-mbh,nvbw-mbh,https://nvbw-mbh.jobs.personio.de,https://nvbw-mbh.jobs.personio.de/xml,6,observed,
personio,nyala,nyala,https://nyala.jobs.personio.de,https://nyala.jobs.personio.de/xml,1,observed,
personio,nzym,nzym,https://nzym.jobs.personio.de,https://nzym.jobs.personio.de/xml,8,observed,
personio,oberender,oberender,https://oberender.jobs.personio.de,https://oberender.jobs.personio.de/xml,12,observed,
personio,obremba-partner,obremba-partner,https://obremba-partner.jobs.personio.de,https://obremba-partner.jobs.personio.de/xml,7,observed,
personio,oceanoutdoorde,oceanoutdoorde,https://oceanoutdoorde.jobs.personio.de,https://oceanoutdoorde.jobs.personio.de/xml,6,observed,
personio,octonomy-ai,octonomy-ai,https://octonomy-ai.jobs.personio.de,https://octonomy-ai.jobs.personio.de/xml,6,observed,
personio,oebv,oebv,https://oebv.jobs.personio.de,https://oebv.jobs.personio.de/xml,4,observed,
personio,oncampus,oncampus,https://oncampus.jobs.personio.de,https://oncampus.jobs.personio.de/xml,1,observed,
personio,onchain,onchain,https://onchain.jobs.personio.de,https://onchain.jobs.personio.de/xml,2,observed,
personio,oneconcepts,oneconcepts,https://oneconcepts.jobs.personio.de,https://oneconcepts.jobs.personio.de/xml,2,observed,
personio,onepage,onepage,https://onepage.jobs.personio.de,https://onepage.jobs.personio.de/xml,3,observed,
personio,onpier,onpier,https://onpier.jobs.personio.de,https://onpier.jobs.personio.de/xml,1,observed,
personio,onventis,onventis,https://onventis.jobs.personio.de,https://onventis.jobs.personio.de/xml,12,observed,
personio,orfo,orfo,https://orfo.jobs.personio.de,https://orfo.jobs.personio.de/xml,1,observed,
personio,ory,ory,https://ory.jobs.personio.de,https://ory.jobs.personio.de/xml,1,observed,
personio,ottonova,ottonova,https://ottonova.jobs.personio.de,https://ottonova.jobs.personio.de/xml,11,observed,
personio,p3-security,p3-security,https://p3-security.jobs.personio.de,https://p3-security.jobs.personio.de/xml,21,observed,
personio,paedquis-stiftung,paedquis-stiftung,https://paedquis-stiftung.jobs.personio.de,https://paedquis-stiftung.jobs.personio.de/xml,2,observed,
personio,palabra-praxisgruppe-gmbh,palabra-praxisgruppe-gmbh,https://palabra-praxisgruppe-gmbh.jobs.personio.de,https://palabra-praxisgruppe-gmbh.jobs.personio.de/xml,52,observed,
personio,papair-gmbh,papair-gmbh,https://papair-gmbh.jobs.personio.de,https://papair-gmbh.jobs.personio.de/xml,5,observed,
personio,paperandtea,paperandtea,https://paperandtea.jobs.personio.de,https://paperandtea.jobs.personio.de/xml,11,observed,
personio,parasol,parasol,https://parasol.jobs.personio.de,https://parasol.jobs.personio.de/xml,7,observed,
personio,parqet,parqet,https://parqet.jobs.personio.de,https://parqet.jobs.personio.de/xml,4,observed,
personio,partscloud,partscloud,https://partscloud.jobs.personio.de,https://partscloud.jobs.personio.de/xml,2,observed,
personio,pava-partners,pava-partners,https://pava-partners.jobs.personio.de,https://pava-partners.jobs.personio.de/xml,4,observed,
personio,pbvi,pbvi,https://pbvi.jobs.personio.de,https://pbvi.jobs.personio.de/xml,15,observed,
personio,pcs-systemtechnik-gmbh,pcs-systemtechnik-gmbh,https://pcs-systemtechnik-gmbh.jobs.personio.de,https://pcs-systemtechnik-gmbh.jobs.personio.de/xml,8,observed,
personio,peakace,peakace,https://peakace.jobs.personio.de,https://peakace.jobs.personio.de/xml,2,observed,
personio,peakpeak,peakpeak,https://peakpeak.jobs.personio.de,https://peakpeak.jobs.personio.de/xml,23,observed,
personio,pec,pec,https://pec.jobs.personio.de,https://pec.jobs.personio.de/xml,8,observed,
personio,pec-project-engineers-consultants-gmbh,pec-project-engineers-consultants-gmbh,https://pec-project-engineers-consultants-gmbh.jobs.personio.de,https://pec-project-engineers-consultants-gmbh.jobs.personio.de/xml,6,observed,
personio,penzilla-gmbh,penzilla-gmbh,https://penzilla-gmbh.jobs.personio.de,https://penzilla-gmbh.jobs.personio.de/xml,4,observed,
personio,peoplex,peoplex,https://peoplex.jobs.personio.de,https://peoplex.jobs.personio.de/xml,7,observed,
personio,pepco,pepco,https://pepco.jobs.personio.de,https://pepco.jobs.personio.de/xml,48,observed,
personio,periti-digital-ltd,periti-digital-ltd,https://periti-digital-ltd.jobs.personio.de,https://periti-digital-ltd.jobs.personio.de/xml,4,observed,
personio,peter-park,peter-park,https://peter-park.jobs.personio.de,https://peter-park.jobs.personio.de/xml,32,observed,
personio,pflege-de,pflege-de,https://pflege-de.jobs.personio.de,https://pflege-de.jobs.personio.de/xml,1,observed,
personio,pharma4u,pharma4u,https://pharma4u.jobs.personio.de,https://pharma4u.jobs.personio.de/xml,4,observed,
personio,phenospex-bv,phenospex-bv,https://phenospex-bv.jobs.personio.de,https://phenospex-bv.jobs.personio.de/xml,1,observed,
personio,phineo,phineo,https://phineo.jobs.personio.de,https://phineo.jobs.personio.de/xml,4,observed,
personio,pixolith,pixolith,https://pixolith.jobs.personio.de,https://pixolith.jobs.personio.de/xml,2,observed,
personio,pixum,pixum,https://pixum.jobs.personio.de,https://pixum.jobs.personio.de/xml,6,observed,
personio,pkf-wulf-gruppe,pkf-wulf-gruppe,https://pkf-wulf-gruppe.jobs.personio.de,https://pkf-wulf-gruppe.jobs.personio.de/xml,106,observed,
personio,planb,planb,https://planb.jobs.personio.de,https://planb.jobs.personio.de/xml,2,observed,
personio,planet-biogastechnik-gmbh,planet-biogastechnik-gmbh,https://planet-biogastechnik-gmbh.jobs.personio.de,https://planet-biogastechnik-gmbh.jobs.personio.de/xml,24,observed,
personio,planetafoods,planetafoods,https://planetafoods.jobs.personio.de,https://planetafoods.jobs.personio.de/xml,8,observed,
personio,planorg,planorg,https://planorg.jobs.personio.de,https://planorg.jobs.personio.de/xml,6,observed,
personio,plantura,plantura,https://plantura.jobs.personio.de,https://plantura.jobs.personio.de/xml,5,observed,
personio,pm-team,pm-team,https://pm-team.jobs.personio.de,https://pm-team.jobs.personio.de/xml,3,observed,
personio,pmone,pmone,https://pmone.jobs.personio.de,https://pmone.jobs.personio.de/xml,8,observed,
personio,polarstern-gmbh,polarstern-gmbh,https://polarstern-gmbh.jobs.personio.de,https://polarstern-gmbh.jobs.personio.de/xml,2,observed,
personio,pomelo-co,pomelo-co,https://pomelo-co.jobs.personio.de,https://pomelo-co.jobs.personio.de/xml,3,observed,
personio,positec-germany-gmbh,positec-germany-gmbh,https://positec-germany-gmbh.jobs.personio.de,https://positec-germany-gmbh.jobs.personio.de/xml,10,observed,
personio,praeventsozial,praeventsozial,https://praeventsozial.jobs.personio.de,https://praeventsozial.jobs.personio.de/xml,2,observed,
personio,praxis-dr-beer,praxis-dr-beer,https://praxis-dr-beer.jobs.personio.de,https://praxis-dr-beer.jobs.personio.de/xml,3,observed,
personio,predium,predium,https://predium.jobs.personio.de,https://predium.jobs.personio.de/xml,4,observed,
personio,prematch-sports-gmbh,prematch-sports-gmbh,https://prematch-sports-gmbh.jobs.personio.de,https://prematch-sports-gmbh.jobs.personio.de/xml,15,observed,
personio,prima-pflege-netzwerk-gmbh,prima-pflege-netzwerk-gmbh,https://prima-pflege-netzwerk-gmbh.jobs.personio.de,https://prima-pflege-netzwerk-gmbh.jobs.personio.de/xml,7,observed,
personio,primecapital-ag,primecapital-ag,https://primecapital-ag.jobs.personio.de,https://primecapital-ag.jobs.personio.de/xml,3,observed,
personio,primedus,primedus,https://primedus.jobs.personio.de,https://primedus.jobs.personio.de/xml,16,observed,
personio,primus-solutions,primus-solutions,https://primus-solutions.jobs.personio.de,https://primus-solutions.jobs.personio.de/xml,1,observed,
personio,pripares,pripares,https://pripares.jobs.personio.de,https://pripares.jobs.personio.de/xml,3,observed,
personio,procom-automation,procom-automation,https://procom-automation.jobs.personio.de,https://procom-automation.jobs.personio.de/xml,7,observed,
personio,projecttogether-ggmbh,projecttogether-ggmbh,https://projecttogether-ggmbh.jobs.personio.de,https://projecttogether-ggmbh.jobs.personio.de/xml,3,observed,
personio,proofnet,proofnet,https://proofnet.jobs.personio.de,https://proofnet.jobs.personio.de/xml,3,observed,
personio,prosperity,prosperity,https://prosperity.jobs.personio.de,https://prosperity.jobs.personio.de/xml,3,observed,
personio,proteindistillery,proteindistillery,https://proteindistillery.jobs.personio.de,https://proteindistillery.jobs.personio.de/xml,5,observed,
personio,proteros-biostructures-gmbh,proteros-biostructures-gmbh,https://proteros-biostructures-gmbh.jobs.personio.de,https://proteros-biostructures-gmbh.jobs.personio.de/xml,14,observed,
personio,proveg,proveg,https://proveg.jobs.personio.de,https://proveg.jobs.personio.de/xml,2,observed,
personio,publicplan,publicplan,https://publicplan.jobs.personio.de,https://publicplan.jobs.personio.de/xml,1,observed,
personio,puschwahlig-workplace-law,puschwahlig-workplace-law,https://puschwahlig-workplace-law.jobs.personio.de,https://puschwahlig-workplace-law.jobs.personio.de/xml,10,observed,
personio,quadriga,quadriga,https://quadriga.jobs.personio.de,https://quadriga.jobs.personio.de/xml,11,observed,
personio,quantum-diamond,quantum-diamond,https://quantum-diamond.jobs.personio.de,https://quantum-diamond.jobs.personio.de/xml,12,observed,
personio,quattron,quattron,https://quattron.jobs.personio.de,https://quattron.jobs.personio.de/xml,13,observed,
personio,rail-flow,rail-flow,https://rail-flow.jobs.personio.de,https://rail-flow.jobs.personio.de/xml,10,observed,
personio,ramp106-gmbh,ramp106-gmbh,https://ramp106-gmbh.jobs.personio.de,https://ramp106-gmbh.jobs.personio.de/xml,20,observed,
personio,rapid-data,rapid-data,https://rapid-data.jobs.personio.de,https://rapid-data.jobs.personio.de/xml,3,observed,
personio,rausgegangen,rausgegangen,https://rausgegangen.jobs.personio.de,https://rausgegangen.jobs.personio.de/xml,2,observed,
personio,raya-diagnostics,raya-diagnostics,https://raya-diagnostics.jobs.personio.de,https://raya-diagnostics.jobs.personio.de/xml,4,observed,
personio,ready2order,ready2order,https://ready2order.jobs.personio.de,https://ready2order.jobs.personio.de/xml,3,observed,
personio,realeyes,realeyes,https://realeyes.jobs.personio.de,https://realeyes.jobs.personio.de/xml,14,observed,
personio,reev,reev,https://reev.jobs.personio.de,https://reev.jobs.personio.de/xml,5,observed,
personio,reflex-aerospace-gmbh,reflex-aerospace-gmbh,https://reflex-aerospace-gmbh.jobs.personio.de,https://reflex-aerospace-gmbh.jobs.personio.de/xml,18,observed,
personio,regnology,regnology,https://regnology.jobs.personio.de,https://regnology.jobs.personio.de/xml,3,observed,
personio,remazing-gmbh,remazing-gmbh,https://remazing-gmbh.jobs.personio.de,https://remazing-gmbh.jobs.personio.de/xml,7,observed,
personio,reos,reos,https://reos.jobs.personio.de,https://reos.jobs.personio.de/xml,5,observed,
personio,retoflow,retoflow,https://retoflow.jobs.personio.de,https://retoflow.jobs.personio.de/xml,4,observed,
personio,reverse-retail,reverse-retail,https://reverse-retail.jobs.personio.de,https://reverse-retail.jobs.personio.de/xml,2,observed,
personio,rg-finance-gmbh,rg-finance-gmbh,https://rg-finance-gmbh.jobs.personio.de,https://rg-finance-gmbh.jobs.personio.de/xml,4,observed,
personio,rheinland-air-service-gmbh,rheinland-air-service-gmbh,https://rheinland-air-service-gmbh.jobs.personio.de,https://rheinland-air-service-gmbh.jobs.personio.de/xml,8,observed,
personio,rightmart-gmbh,rightmart-gmbh,https://rightmart-gmbh.jobs.personio.de,https://rightmart-gmbh.jobs.personio.de/xml,2,observed,
personio,roast-market-gmbh,roast-market-gmbh,https://roast-market-gmbh.jobs.personio.de,https://roast-market-gmbh.jobs.personio.de/xml,5,observed,
personio,robnicolas,robnicolas,https://robnicolas.jobs.personio.de,https://robnicolas.jobs.personio.de/xml,3,observed,
personio,roesberg-engineering-gmbh,roesberg-engineering-gmbh,https://roesberg-engineering-gmbh.jobs.personio.de,https://roesberg-engineering-gmbh.jobs.personio.de/xml,12,observed,
personio,rohm-semiconductor,rohm-semiconductor,https://rohm-semiconductor.jobs.personio.de,https://rohm-semiconductor.jobs.personio.de/xml,2,observed,
personio,rooflineai-gmbh,rooflineai-gmbh,https://rooflineai-gmbh.jobs.personio.de,https://rooflineai-gmbh.jobs.personio.de/xml,3,observed,
personio,rose-druck-gmbh,rose-druck-gmbh,https://rose-druck-gmbh.jobs.personio.de,https://rose-druck-gmbh.jobs.personio.de/xml,9,observed,
personio,rosengarten-gmbh,rosengarten-gmbh,https://rosengarten-gmbh.jobs.personio.de,https://rosengarten-gmbh.jobs.personio.de/xml,52,observed,
personio,rossittis-gmbh,rossittis-gmbh,https://rossittis-gmbh.jobs.personio.de,https://rossittis-gmbh.jobs.personio.de/xml,5,observed,
personio,rtc-rath-gmbh,rtc-rath-gmbh,https://rtc-rath-gmbh.jobs.personio.de,https://rtc-rath-gmbh.jobs.personio.de/xml,5,observed,
personio,rumble,rumble,https://rumble.jobs.personio.de,https://rumble.jobs.personio.de/xml,54,observed,
personio,rwg-erdinger-land,rwg-erdinger-land,https://rwg-erdinger-land.jobs.personio.de,https://rwg-erdinger-land.jobs.personio.de/xml,4,observed,
personio,rwth-international-academy,rwth-international-academy,https://rwth-international-academy.jobs.personio.de,https://rwth-international-academy.jobs.personio.de/xml,2,observed,
personio,saeki,saeki,https://saeki.jobs.personio.de,https://saeki.jobs.personio.de/xml,9,observed,
personio,safetonet-family-store,safetonet-family-store,https://safetonet-family-store.jobs.personio.de,https://safetonet-family-store.jobs.personio.de/xml,20,observed,
personio,salestechgroup,salestechgroup,https://salestechgroup.jobs.personio.de,https://salestechgroup.jobs.personio.de/xml,5,observed,
personio,saxoventwindpunx,saxoventwindpunx,https://saxoventwindpunx.jobs.personio.de,https://saxoventwindpunx.jobs.personio.de/xml,15,observed,
personio,scheerer-logistik,scheerer-logistik,https://scheerer-logistik.jobs.personio.de,https://scheerer-logistik.jobs.personio.de/xml,10,observed,
personio,schickler,schickler,https://schickler.jobs.personio.de,https://schickler.jobs.personio.de/xml,11,observed,
personio,schiffmann,schiffmann,https://schiffmann.jobs.personio.de,https://schiffmann.jobs.personio.de/xml,3,observed,
personio,schluetersche-mediengruppe,schluetersche-mediengruppe,https://schluetersche-mediengruppe.jobs.personio.de,https://schluetersche-mediengruppe.jobs.personio.de/xml,6,observed,
personio,schmetterling,schmetterling,https://schmetterling.jobs.personio.de,https://schmetterling.jobs.personio.de/xml,11,observed,
personio,schmidhuber,schmidhuber,https://schmidhuber.jobs.personio.de,https://schmidhuber.jobs.personio.de/xml,6,observed,
personio,schmidmeier-naturenergie,schmidmeier-naturenergie,https://schmidmeier-naturenergie.jobs.personio.de,https://schmidmeier-naturenergie.jobs.personio.de/xml,3,observed,
personio,schuberth,schuberth,https://schuberth.jobs.personio.de,https://schuberth.jobs.personio.de/xml,12,observed,
personio,schuellermann-und-partner-ag,schuellermann-und-partner-ag,https://schuellermann-und-partner-ag.jobs.personio.de,https://schuellermann-und-partner-ag.jobs.personio.de/xml,16,observed,
personio,schuermann,schuermann,https://schuermann.jobs.personio.de,https://schuermann.jobs.personio.de/xml,18,observed,
personio,schwarz-matt,schwarz-matt,https://schwarz-matt.jobs.personio.de,https://schwarz-matt.jobs.personio.de/xml,2,observed,
personio,schweizerische-rheinhaefen,schweizerische-rheinhaefen,https://schweizerische-rheinhaefen.jobs.personio.de,https://schweizerische-rheinhaefen.jobs.personio.de/xml,1,observed,
personio,screeningeagle,screeningeagle,https://screeningeagle.jobs.personio.de,https://screeningeagle.jobs.personio.de/xml,12,observed,
personio,script-communications,script-communications,https://script-communications.jobs.personio.de,https://script-communications.jobs.personio.de/xml,2,observed,
personio,sda-software-defined-automation-gmbh,sda-software-defined-automation-gmbh,https://sda-software-defined-automation-gmbh.jobs.personio.de,https://sda-software-defined-automation-gmbh.jobs.personio.de/xml,5,observed,
personio,security-research-labs,security-research-labs,https://security-research-labs.jobs.personio.de,https://security-research-labs.jobs.personio.de/xml,8,observed,
personio,segmenta,segmenta,https://segmenta.jobs.personio.de,https://segmenta.jobs.personio.de/xml,13,observed,
personio,seitenbau-gmbh,seitenbau-gmbh,https://seitenbau-gmbh.jobs.personio.de,https://seitenbau-gmbh.jobs.personio.de/xml,10,observed,
personio,selfbits,selfbits,https://selfbits.jobs.personio.de,https://selfbits.jobs.personio.de/xml,4,observed,
personio,sensorberg,sensorberg,https://sensorberg.jobs.personio.de,https://sensorberg.jobs.personio.de/xml,4,observed,
personio,service4evu,service4evu,https://service4evu.jobs.personio.de,https://service4evu.jobs.personio.de/xml,2,observed,
personio,sfgroup,sfgroup,https://sfgroup.jobs.personio.de,https://sfgroup.jobs.personio.de/xml,3,observed,
personio,sgh,sgh,https://sgh.jobs.personio.de,https://sgh.jobs.personio.de/xml,3,observed,
personio,sherpa-design,sherpa-design,https://sherpa-design.jobs.personio.de,https://sherpa-design.jobs.personio.de/xml,1,observed,
personio,shopmacher,shopmacher,https://shopmacher.jobs.personio.de,https://shopmacher.jobs.personio.de/xml,1,observed,
personio,siepmann-media,siepmann-media,https://siepmann-media.jobs.personio.de,https://siepmann-media.jobs.personio.de/xml,3,observed,
personio,sikwel-gmbh,sikwel-gmbh,https://sikwel-gmbh.jobs.personio.de,https://sikwel-gmbh.jobs.personio.de/xml,6,observed,
personio,silbury,silbury,https://silbury.jobs.personio.de,https://silbury.jobs.personio.de/xml,4,observed,
personio,simpleshow,simpleshow,https://simpleshow.jobs.personio.de,https://simpleshow.jobs.personio.de/xml,3,observed,
personio,skalbach-gmbh,skalbach-gmbh,https://skalbach-gmbh.jobs.personio.de,https://skalbach-gmbh.jobs.personio.de/xml,168,observed,
personio,skl-schienen-komplex-logistik-magdeburg,skl-schienen-komplex-logistik-magdeburg,https://skl-schienen-komplex-logistik-magdeburg.jobs.personio.de,https://skl-schienen-komplex-logistik-magdeburg.jobs.personio.de/xml,2,observed,
personio,skytanking,skytanking,https://skytanking.jobs.personio.de,https://skytanking.jobs.personio.de/xml,8,observed,
personio,skytron,skytron,https://skytron.jobs.personio.de,https://skytron.jobs.personio.de/xml,3,observed,
personio,sll-automotive-group,sll-automotive-group,https://sll-automotive-group.jobs.personio.de,https://sll-automotive-group.jobs.personio.de/xml,8,observed,
personio,smartekarriere,smartekarriere,https://smartekarriere.jobs.personio.de,https://smartekarriere.jobs.personio.de/xml,2,observed,
personio,smf-gmbh,smf-gmbh,https://smf-gmbh.jobs.personio.de,https://smf-gmbh.jobs.personio.de/xml,5,observed,
personio,snocks,snocks,https://snocks.jobs.personio.de,https://snocks.jobs.personio.de/xml,14,observed,
personio,social-dna,social-dna,https://social-dna.jobs.personio.de,https://social-dna.jobs.personio.de/xml,4,observed,
personio,socialhub,socialhub,https://socialhub.jobs.personio.de,https://socialhub.jobs.personio.de/xml,1,observed,
personio,socialpals,socialpals,https://socialpals.jobs.personio.de,https://socialpals.jobs.personio.de/xml,2,observed,
personio,softing,softing,https://softing.jobs.personio.de,https://softing.jobs.personio.de/xml,11,observed,
personio,sogedes,sogedes,https://sogedes.jobs.personio.de,https://sogedes.jobs.personio.de/xml,1,observed,
personio,solar-andresen,solar-andresen,https://solar-andresen.jobs.personio.de,https://solar-andresen.jobs.personio.de/xml,4,observed,
personio,solar-materials-gmbh,solar-materials-gmbh,https://solar-materials-gmbh.jobs.personio.de,https://solar-materials-gmbh.jobs.personio.de/xml,4,observed,
personio,somengo-gmbh,somengo-gmbh,https://somengo-gmbh.jobs.personio.de,https://somengo-gmbh.jobs.personio.de/xml,2,observed,
personio,sonnenernte-gmbh,sonnenernte-gmbh,https://sonnenernte-gmbh.jobs.personio.de,https://sonnenernte-gmbh.jobs.personio.de/xml,3,observed,
personio,sport-import-gmbh,sport-import-gmbh,https://sport-import-gmbh.jobs.personio.de,https://sport-import-gmbh.jobs.personio.de/xml,6,observed,
personio,spread-gmbh,spread-gmbh,https://spread-gmbh.jobs.personio.de,https://spread-gmbh.jobs.personio.de/xml,8,observed,
personio,stackmeister-gmbh,stackmeister-gmbh,https://stackmeister-gmbh.jobs.personio.de,https://stackmeister-gmbh.jobs.personio.de/xml,3,observed,
personio,start2,start2,https://start2.jobs.personio.de,https://start2.jobs.personio.de/xml,4,observed,
personio,stayraus-gmbh,stayraus-gmbh,https://stayraus-gmbh.jobs.personio.de,https://stayraus-gmbh.jobs.personio.de/xml,3,observed,
personio,stenon-gmbh,stenon-gmbh,https://stenon-gmbh.jobs.personio.de,https://stenon-gmbh.jobs.personio.de/xml,2,observed,
personio,stercom-power-solutions-gmbh,stercom-power-solutions-gmbh,https://stercom-power-solutions-gmbh.jobs.personio.de,https://stercom-power-solutions-gmbh.jobs.personio.de/xml,5,observed,
personio,sti,sti,https://sti.jobs.personio.de,https://sti.jobs.personio.de/xml,7,observed,
personio,stiftung-unabhaengige-patientenberatung,stiftung-unabhaengige-patientenberatung,https://stiftung-unabhaengige-patientenberatung.jobs.personio.de,https://stiftung-unabhaengige-patientenberatung.jobs.personio.de/xml,14,observed,
personio,stock3-ag,stock3-ag,https://stock3-ag.jobs.personio.de,https://stock3-ag.jobs.personio.de/xml,1,observed,
personio,storymachine,storymachine,https://storymachine.jobs.personio.de,https://storymachine.jobs.personio.de/xml,10,observed,
personio,stp-one,stp-one,https://stp-one.jobs.personio.de,https://stp-one.jobs.personio.de/xml,11,observed,
personio,strateco,strateco,https://strateco.jobs.personio.de,https://strateco.jobs.personio.de/xml,3,observed,
personio,strategis-ag,strategis-ag,https://strategis-ag.jobs.personio.de,https://strategis-ag.jobs.personio.de/xml,3,observed,
personio,studiokurbos,studiokurbos,https://studiokurbos.jobs.personio.de,https://studiokurbos.jobs.personio.de/xml,3,observed,
personio,studyflix-gmbh,studyflix-gmbh,https://studyflix-gmbh.jobs.personio.de,https://studyflix-gmbh.jobs.personio.de/xml,21,observed,
personio,suedwestmetall,suedwestmetall,https://suedwestmetall.jobs.personio.de,https://suedwestmetall.jobs.personio.de/xml,6,observed,
personio,suhm-ventures,suhm-ventures,https://suhm-ventures.jobs.personio.de,https://suhm-ventures.jobs.personio.de/xml,14,observed,
personio,sungrow-emea,sungrow-emea,https://sungrow-emea.jobs.personio.de,https://sungrow-emea.jobs.personio.de/xml,162,observed,
personio,supercode-gmbh-co-kg,supercode-gmbh-co-kg,https://supercode-gmbh-co-kg.jobs.personio.de,https://supercode-gmbh-co-kg.jobs.personio.de/xml,3,observed,
personio,supreme-gmbh,supreme-gmbh,https://supreme-gmbh.jobs.personio.de,https://supreme-gmbh.jobs.personio.de/xml,9,observed,
personio,surftown,surftown,https://surftown.jobs.personio.de,https://surftown.jobs.personio.de/xml,6,observed,
personio,sustentio,sustentio,https://sustentio.jobs.personio.de,https://sustentio.jobs.personio.de/xml,2,observed,
personio,swan-gmbh,swan-gmbh,https://swan-gmbh.jobs.personio.de,https://swan-gmbh.jobs.personio.de/xml,29,observed,
personio,swh-gruppe,swh-gruppe,https://swh-gruppe.jobs.personio.de,https://swh-gruppe.jobs.personio.de/xml,11,observed,
personio,swissbit,swissbit,https://swissbit.jobs.personio.de,https://swissbit.jobs.personio.de/xml,29,observed,
personio,syde,syde,https://syde.jobs.personio.de,https://syde.jobs.personio.de/xml,3,observed,
personio,synaforce-gmbh,synaforce-gmbh,https://synaforce-gmbh.jobs.personio.de,https://synaforce-gmbh.jobs.personio.de/xml,23,observed,
personio,synaos-gmbh,synaos-gmbh,https://synaos-gmbh.jobs.personio.de,https://synaos-gmbh.jobs.personio.de/xml,1,observed,
personio,taktiq,taktiq,https://taktiq.jobs.personio.de,https://taktiq.jobs.personio.de/xml,6,observed,
personio,tamara-comolli-fine-jewelry,tamara-comolli-fine-jewelry,https://tamara-comolli-fine-jewelry.jobs.personio.de,https://tamara-comolli-fine-jewelry.jobs.personio.de/xml,3,observed,
personio,tandler,tandler,https://tandler.jobs.personio.de,https://tandler.jobs.personio.de/xml,3,observed,
personio,tantive,tantive,https://tantive.jobs.personio.de,https://tantive.jobs.personio.de/xml,4,observed,
personio,taskom,taskom,https://taskom.jobs.personio.de,https://taskom.jobs.personio.de/xml,1,observed,
personio,taw,taw,https://taw.jobs.personio.de,https://taw.jobs.personio.de/xml,18,observed,
personio,tbinternational,tbinternational,https://tbinternational.jobs.personio.de,https://tbinternational.jobs.personio.de/xml,21,observed,
personio,team-gmbh,team-gmbh,https://team-gmbh.jobs.personio.de,https://team-gmbh.jobs.personio.de/xml,16,observed,
personio,teamative,teamative,https://teamative.jobs.personio.de,https://teamative.jobs.personio.de/xml,18,observed,
personio,teamvet-verbund,teamvet-verbund,https://teamvet-verbund.jobs.personio.de,https://teamvet-verbund.jobs.personio.de/xml,65,observed,
personio,technischermieterservice,technischermieterservice,https://technischermieterservice.jobs.personio.de,https://technischermieterservice.jobs.personio.de/xml,5,observed,
personio,techquartier,techquartier,https://techquartier.jobs.personio.de,https://techquartier.jobs.personio.de/xml,4,observed,
personio,tecvia,tecvia,https://tecvia.jobs.personio.de,https://tecvia.jobs.personio.de/xml,10,observed,
personio,tegosgroup,tegosgroup,https://tegosgroup.jobs.personio.de,https://tegosgroup.jobs.personio.de/xml,6,observed,
personio,telluride,telluride,https://telluride.jobs.personio.de,https://telluride.jobs.personio.de/xml,10,observed,
personio,temedica,temedica,https://temedica.jobs.personio.de,https://temedica.jobs.personio.de/xml,3,observed,
personio,tengelmann-audit-gmbh,tengelmann-audit-gmbh,https://tengelmann-audit-gmbh.jobs.personio.de,https://tengelmann-audit-gmbh.jobs.personio.de/xml,1,observed,
personio,terra-infrastructure,terra-infrastructure,https://terra-infrastructure.jobs.personio.de,https://terra-infrastructure.jobs.personio.de/xml,11,observed,
personio,tertianum,tertianum,https://tertianum.jobs.personio.de,https://tertianum.jobs.personio.de/xml,14,observed,
personio,tesvolt-gmbh,tesvolt-gmbh,https://tesvolt-gmbh.jobs.personio.de,https://tesvolt-gmbh.jobs.personio.de/xml,9,observed,
personio,teveo-gmbh,teveo-gmbh,https://teveo-gmbh.jobs.personio.de,https://teveo-gmbh.jobs.personio.de/xml,6,observed,
personio,theaterbremen,theaterbremen,https://theaterbremen.jobs.personio.de,https://theaterbremen.jobs.personio.de/xml,4,observed,
personio,theion-gmbh,theion-gmbh,https://theion-gmbh.jobs.personio.de,https://theion-gmbh.jobs.personio.de/xml,3,observed,
personio,theobald-software-gmbh,theobald-software-gmbh,https://theobald-software-gmbh.jobs.personio.de,https://theobald-software-gmbh.jobs.personio.de/xml,5,observed,
personio,therapiezentrum-snoek,therapiezentrum-snoek,https://therapiezentrum-snoek.jobs.personio.de,https://therapiezentrum-snoek.jobs.personio.de/xml,2,observed,
personio,thinkport-gmbh,thinkport-gmbh,https://thinkport-gmbh.jobs.personio.de,https://thinkport-gmbh.jobs.personio.de/xml,6,observed,
personio,thjnkag,thjnkag,https://thjnkag.jobs.personio.de,https://thjnkag.jobs.personio.de/xml,6,observed,
personio,thomassabo,thomassabo,https://thomassabo.jobs.personio.de,https://thomassabo.jobs.personio.de/xml,24,observed,
personio,titan-wind-energy-germany,titan-wind-energy-germany,https://titan-wind-energy-germany.jobs.personio.de,https://titan-wind-energy-germany.jobs.personio.de/xml,6,observed,
personio,tkp,tkp,https://tkp.jobs.personio.de,https://tkp.jobs.personio.de/xml,11,observed,
personio,tli-stbg-dobner-gmbh-co-kg,tli-stbg-dobner-gmbh-co-kg,https://tli-stbg-dobner-gmbh-co-kg.jobs.personio.de,https://tli-stbg-dobner-gmbh-co-kg.jobs.personio.de/xml,5,observed,
personio,tngtech,tngtech,https://tngtech.jobs.personio.de,https://tngtech.jobs.personio.de/xml,19,observed,
personio,tonies,tonies,https://tonies.jobs.personio.de,https://tonies.jobs.personio.de/xml,15,observed,
personio,tonitrus,tonitrus,https://tonitrus.jobs.personio.de,https://tonitrus.jobs.personio.de/xml,16,observed,
personio,towa,towa,https://towa.jobs.personio.de,https://towa.jobs.personio.de/xml,16,observed,
personio,tradedoubler-en,tradedoubler-en,https://tradedoubler-en.jobs.personio.de,https://tradedoubler-en.jobs.personio.de/xml,13,observed,
personio,trauringschmiede,trauringschmiede,https://trauringschmiede.jobs.personio.de,https://trauringschmiede.jobs.personio.de/xml,11,observed,
personio,travelcircus,travelcircus,https://travelcircus.jobs.personio.de,https://travelcircus.jobs.personio.de/xml,5,observed,
personio,traviangames,traviangames,https://traviangames.jobs.personio.de,https://traviangames.jobs.personio.de/xml,2,observed,
personio,triple-a,triple-a,https://triple-a.jobs.personio.de,https://triple-a.jobs.personio.de/xml,38,observed,
personio,trusteq-gmbh,trusteq-gmbh,https://trusteq-gmbh.jobs.personio.de,https://trusteq-gmbh.jobs.personio.de/xml,22,observed,
personio,tuerantuer,tuerantuer,https://tuerantuer.jobs.personio.de,https://tuerantuer.jobs.personio.de/xml,1,observed,
personio,tv-wartezimmer-1,tv-wartezimmer-1,https://tv-wartezimmer-1.jobs.personio.de,https://tv-wartezimmer-1.jobs.personio.de/xml,3,observed,
personio,ubg,ubg,https://ubg.jobs.personio.de,https://ubg.jobs.personio.de/xml,3,observed,
personio,umco,umco,https://umco.jobs.personio.de,https://umco.jobs.personio.de/xml,4,observed,
personio,unchained-robotics-gmbh,unchained-robotics-gmbh,https://unchained-robotics-gmbh.jobs.personio.de,https://unchained-robotics-gmbh.jobs.personio.de/xml,7,observed,
personio,unite-ggmbh,unite-ggmbh,https://unite-ggmbh.jobs.personio.de,https://unite-ggmbh.jobs.personio.de/xml,2,observed,
personio,unitedgames,unitedgames,https://unitedgames.jobs.personio.de,https://unitedgames.jobs.personio.de/xml,1,observed,
personio,univativ-group,univativ-group,https://univativ-group.jobs.personio.de,https://univativ-group.jobs.personio.de/xml,4,observed,
personio,univention,univention,https://univention.jobs.personio.de,https://univention.jobs.personio.de/xml,1,observed,
personio,unternehmertum,unternehmertum,https://unternehmertum.jobs.personio.de,https://unternehmertum.jobs.personio.de/xml,32,observed,
personio,uptodate-ventures-gmbh,uptodate-ventures-gmbh,https://uptodate-ventures-gmbh.jobs.personio.de,https://uptodate-ventures-gmbh.jobs.personio.de/xml,2,observed,
personio,urbanheroes,urbanheroes,https://urbanheroes.jobs.personio.de,https://urbanheroes.jobs.personio.de/xml,2,observed,
personio,urlaubsguru,urlaubsguru,https://urlaubsguru.jobs.personio.de,https://urlaubsguru.jobs.personio.de/xml,2,observed,
personio,usd-ag,usd-ag,https://usd-ag.jobs.personio.de,https://usd-ag.jobs.personio.de/xml,5,observed,
personio,validas-ag,validas-ag,https://validas-ag.jobs.personio.de,https://validas-ag.jobs.personio.de/xml,4,observed,
personio,valuedesk,valuedesk,https://valuedesk.jobs.personio.de,https://valuedesk.jobs.personio.de/xml,11,observed,
personio,valuenet-group,valuenet-group,https://valuenet-group.jobs.personio.de,https://valuenet-group.jobs.personio.de/xml,23,observed,
personio,vamo,vamo,https://vamo.jobs.personio.de,https://vamo.jobs.personio.de/xml,25,observed,
personio,varm,varm,https://varm.jobs.personio.de,https://varm.jobs.personio.de/xml,17,observed,
personio,vdw-rheinland-westfalen-ev,vdw-rheinland-westfalen-ev,https://vdw-rheinland-westfalen-ev.jobs.personio.de,https://vdw-rheinland-westfalen-ev.jobs.personio.de/xml,1,observed,
personio,vdwbayern,vdwbayern,https://vdwbayern.jobs.personio.de,https://vdwbayern.jobs.personio.de/xml,7,observed,
personio,velptec,velptec,https://velptec.jobs.personio.de,https://velptec.jobs.personio.de/xml,23,observed,
personio,vereinigung-cockpit,vereinigung-cockpit,https://vereinigung-cockpit.jobs.personio.de,https://vereinigung-cockpit.jobs.personio.de/xml,1,observed,
personio,versorgungszentren-dillingen-gbr,versorgungszentren-dillingen-gbr,https://versorgungszentren-dillingen-gbr.jobs.personio.de,https://versorgungszentren-dillingen-gbr.jobs.personio.de/xml,18,observed,
personio,vgda,vgda,https://vgda.jobs.personio.de,https://vgda.jobs.personio.de/xml,6,observed,
personio,viastore-group,viastore-group,https://viastore-group.jobs.personio.de,https://viastore-group.jobs.personio.de/xml,16,observed,
personio,vicollective,vicollective,https://vicollective.jobs.personio.de,https://vicollective.jobs.personio.de/xml,7,observed,
personio,viehoff-gruppe,viehoff-gruppe,https://viehoff-gruppe.jobs.personio.de,https://viehoff-gruppe.jobs.personio.de/xml,26,observed,
personio,vindelici,vindelici,https://vindelici.jobs.personio.de,https://vindelici.jobs.personio.de/xml,18,observed,
personio,virtual-solution-ag,virtual-solution-ag,https://virtual-solution-ag.jobs.personio.de,https://virtual-solution-ag.jobs.personio.de/xml,1,observed,
personio,visiconsult-x-ray-systems-solutions-gmbh,visiconsult-x-ray-systems-solutions-gmbh,https://visiconsult-x-ray-systems-solutions-gmbh.jobs.personio.de,https://visiconsult-x-ray-systems-solutions-gmbh.jobs.personio.de/xml,48,observed,
personio,vitafy,vitafy,https://vitafy.jobs.personio.de,https://vitafy.jobs.personio.de/xml,14,observed,
personio,viu-ventures,viu-ventures,https://viu-ventures.jobs.personio.de,https://viu-ventures.jobs.personio.de/xml,36,observed,
personio,vivid,vivid,https://vivid.jobs.personio.de,https://vivid.jobs.personio.de/xml,24,observed,
personio,vmray-gmbh,vmray-gmbh,https://vmray-gmbh.jobs.personio.de,https://vmray-gmbh.jobs.personio.de/xml,7,observed,
personio,volksbund,volksbund,https://volksbund.jobs.personio.de,https://volksbund.jobs.personio.de/xml,3,observed,
personio,vollack,vollack,https://vollack.jobs.personio.de,https://vollack.jobs.personio.de/xml,18,observed,
personio,vollcorner,vollcorner,https://vollcorner.jobs.personio.de,https://vollcorner.jobs.personio.de/xml,17,observed,
personio,voltfang,voltfang,https://voltfang.jobs.personio.de,https://voltfang.jobs.personio.de/xml,11,observed,
personio,vsquadrat,vsquadrat,https://vsquadrat.jobs.personio.de,https://vsquadrat.jobs.personio.de/xml,3,observed,
personio,vulpius-klinik-gmbh,vulpius-klinik-gmbh,https://vulpius-klinik-gmbh.jobs.personio.de,https://vulpius-klinik-gmbh.jobs.personio.de/xml,14,observed,
personio,vyoma-gmbh,vyoma-gmbh,https://vyoma-gmbh.jobs.personio.de,https://vyoma-gmbh.jobs.personio.de/xml,3,observed,
personio,vytal,vytal,https://vytal.jobs.personio.de,https://vytal.jobs.personio.de/xml,2,observed,
personio,wattline,wattline,https://wattline.jobs.personio.de,https://wattline.jobs.personio.de/xml,9,observed,
personio,waveit-gmbh,waveit-gmbh,https://waveit-gmbh.jobs.personio.de,https://waveit-gmbh.jobs.personio.de/xml,4,observed,
personio,wavesix,wavesix,https://wavesix.jobs.personio.de,https://wavesix.jobs.personio.de/xml,1,observed,
personio,weber-und-weber-arzneimittel,weber-und-weber-arzneimittel,https://weber-und-weber-arzneimittel.jobs.personio.de,https://weber-und-weber-arzneimittel.jobs.personio.de/xml,2,observed,
personio,webgo-gmbh,webgo-gmbh,https://webgo-gmbh.jobs.personio.de,https://webgo-gmbh.jobs.personio.de/xml,4,observed,
personio,weclapp,weclapp,https://weclapp.jobs.personio.de,https://weclapp.jobs.personio.de/xml,3,observed,
personio,wecreate-data-gmbh,wecreate-data-gmbh,https://wecreate-data-gmbh.jobs.personio.de,https://wecreate-data-gmbh.jobs.personio.de/xml,2,observed,
personio,wecreate-germany-gmbh,wecreate-germany-gmbh,https://wecreate-germany-gmbh.jobs.personio.de,https://wecreate-germany-gmbh.jobs.personio.de/xml,6,observed,
personio,weicon,weicon,https://weicon.jobs.personio.de,https://weicon.jobs.personio.de/xml,13,observed,
personio,welle-und-partner,welle-und-partner,https://welle-und-partner.jobs.personio.de,https://welle-und-partner.jobs.personio.de/xml,1,observed,
personio,weltenbauer-software-entwicklung-gmbh,weltenbauer-software-entwicklung-gmbh,https://weltenbauer-software-entwicklung-gmbh.jobs.personio.de,https://weltenbauer-software-entwicklung-gmbh.jobs.personio.de/xml,11,observed,
personio,wera-werkzeuge,wera-werkzeuge,https://wera-werkzeuge.jobs.personio.de,https://wera-werkzeuge.jobs.personio.de/xml,5,observed,
personio,wertgrund,wertgrund,https://wertgrund.jobs.personio.de,https://wertgrund.jobs.personio.de/xml,13,observed,
personio,westbridge-group,westbridge-group,https://westbridge-group.jobs.personio.de,https://westbridge-group.jobs.personio.de/xml,15,observed,
personio,westhouse,westhouse,https://westhouse.jobs.personio.de,https://westhouse.jobs.personio.de/xml,9,observed,
personio,whu-otto-beisheim-school-of-management-1,whu-otto-beisheim-school-of-management-1,https://whu-otto-beisheim-school-of-management-1.jobs.personio.de,https://whu-otto-beisheim-school-of-management-1.jobs.personio.de/xml,10,observed,
personio,widergy,widergy,https://widergy.jobs.personio.de,https://widergy.jobs.personio.de/xml,5,observed,
personio,wilken,wilken,https://wilken.jobs.personio.de,https://wilken.jobs.personio.de/xml,34,observed,
personio,windhager,windhager,https://windhager.jobs.personio.de,https://windhager.jobs.personio.de/xml,15,observed,
personio,wire-1,wire-1,https://wire-1.jobs.personio.de,https://wire-1.jobs.personio.de/xml,4,observed,
personio,wirtschaftsrat-der-cdu-e-v,wirtschaftsrat-der-cdu-e-v,https://wirtschaftsrat-der-cdu-e-v.jobs.personio.de,https://wirtschaftsrat-der-cdu-e-v.jobs.personio.de/xml,12,observed,
personio,wksimonsfeld,wksimonsfeld,https://wksimonsfeld.jobs.personio.de,https://wksimonsfeld.jobs.personio.de/xml,1,observed,
personio,wohnungsbau,wohnungsbau,https://wohnungsbau.jobs.personio.de,https://wohnungsbau.jobs.personio.de/xml,4,observed,
personio,workidentity,workidentity,https://workidentity.jobs.personio.de,https://workidentity.jobs.personio.de/xml,128,observed,
personio,workist-gmbh,workist-gmbh,https://workist-gmbh.jobs.personio.de,https://workist-gmbh.jobs.personio.de/xml,4,observed,
personio,workpath,workpath,https://workpath.jobs.personio.de,https://workpath.jobs.personio.de/xml,1,observed,
personio,wund,wund,https://wund.jobs.personio.de,https://wund.jobs.personio.de/xml,30,observed,
personio,xolife,xolife,https://xolife.jobs.personio.de,https://xolife.jobs.personio.de/xml,5,observed,
personio,y1-digital-ag,y1-digital-ag,https://y1-digital-ag.jobs.personio.de,https://y1-digital-ag.jobs.personio.de/xml,5,observed,
personio,yoc,yoc,https://yoc.jobs.personio.de,https://yoc.jobs.personio.de/xml,8,observed,
personio,yoummday-gmbh,yoummday-gmbh,https://yoummday-gmbh.jobs.personio.de,https://yoummday-gmbh.jobs.personio.de/xml,16,observed,
personio,yoyaba-gmbh,yoyaba-gmbh,https://yoyaba-gmbh.jobs.personio.de,https://yoyaba-gmbh.jobs.personio.de/xml,6,observed,
personio,yuri,yuri,https://yuri.jobs.personio.de,https://yuri.jobs.personio.de/xml,5,observed,
personio,zahneinsgmbh,zahneinsgmbh,https://zahneinsgmbh.jobs.personio.de,https://zahneinsgmbh.jobs.personio.de/xml,136,observed,
personio,zapf-creation-ag,zapf-creation-ag,https://zapf-creation-ag.jobs.personio.de,https://zapf-creation-ag.jobs.personio.de/xml,2,observed,
personio,zausinger,zausinger,https://zausinger.jobs.personio.de,https://zausinger.jobs.personio.de/xml,4,observed,
personio,zbf,zbf,https://zbf.jobs.personio.de,https://zbf.jobs.personio.de/xml,13,observed,
personio,zdf-digital,zdf-digital,https://zdf-digital.jobs.personio.de,https://zdf-digital.jobs.personio.de/xml,15,observed,
personio,zebes,zebes,https://zebes.jobs.personio.de,https://zebes.jobs.personio.de/xml,1,observed,
personio,zebra-embassy-gmbh,zebra-embassy-gmbh,https://zebra-embassy-gmbh.jobs.personio.de,https://zebra-embassy-gmbh.jobs.personio.de/xml,2,observed,
personio,zeichen-wunder,zeichen-wunder,https://zeichen-wunder.jobs.personio.de,https://zeichen-wunder.jobs.personio.de/xml,1,observed,
personio,zentrale-stelle-verpackungsregister,zentrale-stelle-verpackungsregister,https://zentrale-stelle-verpackungsregister.jobs.personio.de,https://zentrale-stelle-verpackungsregister.jobs.personio.de/xml,2,observed,
personio,zeroex,zeroex,https://zeroex.jobs.personio.de,https://zeroex.jobs.personio.de/xml,1,observed,
personio,zimex,zimex,https://zimex.jobs.personio.de,https://zimex.jobs.personio.de/xml,6,observed,
personio,zollsoft,zollsoft,https://zollsoft.jobs.personio.de,https://zollsoft.jobs.personio.de/xml,71,observed,
personio,zoologisch,zoologisch,https://zoologisch.jobs.personio.de,https://zoologisch.jobs.personio.de/xml,9,observed,
personio,zurheide-feine-kost-kg,zurheide-feine-kost-kg,https://zurheide-feine-kost-kg.jobs.personio.de,https://zurheide-feine-kost-kg.jobs.personio.de/xml,49,observed,
