platform,token,company,board_url,api_url,open_roles,count_basis,region
recruitee,11bitstudios,11bitstudios,https://11bitstudios.recruitee.com,https://11bitstudios.recruitee.com/api/offers/,6,observed,
recruitee,12build,12build,https://12build.recruitee.com,https://12build.recruitee.com/api/offers/,15,observed,
recruitee,3h18,3h18,https://3h18.recruitee.com,https://3h18.recruitee.com/api/offers/,8,observed,
recruitee,8advisory,8advisory,https://8advisory.recruitee.com,https://8advisory.recruitee.com/api/offers/,77,observed,
recruitee,aaff,aaff,https://aaff.recruitee.com,https://aaff.recruitee.com/api/offers/,322,observed,
recruitee,aajt,aajt,https://aajt.recruitee.com,https://aajt.recruitee.com/api/offers/,5,observed,
recruitee,abacusmaschinenbaugmbh,abacusmaschinenbaugmbh,https://abacusmaschinenbaugmbh.recruitee.com,https://abacusmaschinenbaugmbh.recruitee.com/api/offers/,2,observed,
recruitee,abfgroup,abfgroup,https://abfgroup.recruitee.com,https://abfgroup.recruitee.com/api/offers/,5,observed,
recruitee,academyofdigitalindustries,academyofdigitalindustries,https://academyofdigitalindustries.recruitee.com,https://academyofdigitalindustries.recruitee.com/api/offers/,11,observed,
recruitee,acadoro,acadoro,https://acadoro.recruitee.com,https://acadoro.recruitee.com/api/offers/,1,observed,
recruitee,accelecom,accelecom,https://accelecom.recruitee.com,https://accelecom.recruitee.com/api/offers/,8,observed,
recruitee,accenture,accenture,https://accenture.recruitee.com,https://accenture.recruitee.com/api/offers/,2,observed,
recruitee,accso,accso,https://accso.recruitee.com,https://accso.recruitee.com/api/offers/,21,observed,
recruitee,ace,ace,https://ace.recruitee.com,https://ace.recruitee.com/api/offers/,5,observed,
recruitee,adams,adams,https://adams.recruitee.com,https://adams.recruitee.com/api/offers/,3,observed,
recruitee,adamsmithinternational1,adamsmithinternational1,https://adamsmithinternational1.recruitee.com,https://adamsmithinternational1.recruitee.com/api/offers/,9,observed,
recruitee,adarga,adarga,https://adarga.recruitee.com,https://adarga.recruitee.com/api/offers/,4,observed,
recruitee,addepto,addepto,https://addepto.recruitee.com,https://addepto.recruitee.com/api/offers/,10,observed,
recruitee,adeleexpressfr,adeleexpressfr,https://adeleexpressfr.recruitee.com,https://adeleexpressfr.recruitee.com/api/offers/,5,observed,
recruitee,admindagency,admindagency,https://admindagency.recruitee.com,https://admindagency.recruitee.com/api/offers/,2,observed,
recruitee,adstronauts,adstronauts,https://adstronauts.recruitee.com,https://adstronauts.recruitee.com/api/offers/,5,observed,
recruitee,advanced,advanced,https://advanced.recruitee.com,https://advanced.recruitee.com/api/offers/,2,observed,
recruitee,aellia,aellia,https://aellia.recruitee.com,https://aellia.recruitee.com/api/offers/,8,observed,
recruitee,afsenergy,afsenergy,https://afsenergy.recruitee.com,https://afsenergy.recruitee.com/api/offers/,3,observed,
recruitee,agaseurope,agaseurope,https://agaseurope.recruitee.com,https://agaseurope.recruitee.com/api/offers/,8,observed,
recruitee,ahcgmbh,ahcgmbh,https://ahcgmbh.recruitee.com,https://ahcgmbh.recruitee.com/api/offers/,9,observed,
recruitee,aichingergastro,aichingergastro,https://aichingergastro.recruitee.com,https://aichingergastro.recruitee.com/api/offers/,4,observed,
recruitee,aidence,aidence,https://aidence.recruitee.com,https://aidence.recruitee.com/api/offers/,21,observed,
recruitee,aiirinnovationsbv,aiirinnovationsbv,https://aiirinnovationsbv.recruitee.com,https://aiirinnovationsbv.recruitee.com/api/offers/,1,observed,
recruitee,aikidosecurity,aikidosecurity,https://aikidosecurity.recruitee.com,https://aikidosecurity.recruitee.com/api/offers/,63,observed,
recruitee,aimms,aimms,https://aimms.recruitee.com,https://aimms.recruitee.com/api/offers/,4,observed,
recruitee,alaragroup,alaragroup,https://alaragroup.recruitee.com,https://alaragroup.recruitee.com/api/offers/,7,observed,
recruitee,albax,albax,https://albax.recruitee.com,https://albax.recruitee.com/api/offers/,15,observed,
recruitee,alliade,alliade,https://alliade.recruitee.com,https://alliade.recruitee.com/api/offers/,42,observed,
recruitee,allright,allright,https://allright.recruitee.com,https://allright.recruitee.com/api/offers/,1,observed,
recruitee,allstate,allstate,https://allstate.recruitee.com,https://allstate.recruitee.com/api/offers/,1,observed,
recruitee,allyourbi,allyourbi,https://allyourbi.recruitee.com,https://allyourbi.recruitee.com/api/offers/,3,observed,
recruitee,alpha,alpha,https://alpha.recruitee.com,https://alpha.recruitee.com/api/offers/,2,observed,
recruitee,alphacomm,alphacomm,https://alphacomm.recruitee.com,https://alphacomm.recruitee.com/api/offers/,2,observed,
recruitee,alsachimie,alsachimie,https://alsachimie.recruitee.com,https://alsachimie.recruitee.com/api/offers/,4,observed,
recruitee,altrecht,altrecht,https://altrecht.recruitee.com,https://altrecht.recruitee.com/api/offers/,112,observed,
recruitee,altsdigital,altsdigital,https://altsdigital.recruitee.com,https://altsdigital.recruitee.com/api/offers/,2,observed,
recruitee,amberrecycling,amberrecycling,https://amberrecycling.recruitee.com,https://amberrecycling.recruitee.com/api/offers/,2,observed,
recruitee,amcjobs,amcjobs,https://amcjobs.recruitee.com,https://amcjobs.recruitee.com/api/offers/,4,observed,
recruitee,americold,americold,https://americold.recruitee.com,https://americold.recruitee.com/api/offers/,2,observed,
recruitee,amilia,amilia,https://amilia.recruitee.com,https://amilia.recruitee.com/api/offers/,2,observed,
recruitee,anandaventuresgmbh,anandaventuresgmbh,https://anandaventuresgmbh.recruitee.com,https://anandaventuresgmbh.recruitee.com/api/offers/,2,observed,
recruitee,anantaragroup,anantaragroup,https://anantaragroup.recruitee.com,https://anantaragroup.recruitee.com/api/offers/,12,observed,
recruitee,anchr,anchr,https://anchr.recruitee.com,https://anchr.recruitee.com/api/offers/,9,observed,
recruitee,andersrecruitmentservices,andersrecruitmentservices,https://andersrecruitmentservices.recruitee.com,https://andersrecruitmentservices.recruitee.com/api/offers/,1,observed,
recruitee,andina,andina,https://andina.recruitee.com,https://andina.recruitee.com/api/offers/,1,observed,
recruitee,aneo,aneo,https://aneo.recruitee.com,https://aneo.recruitee.com/api/offers/,8,observed,
recruitee,ans,ans,https://ans.recruitee.com,https://ans.recruitee.com/api/offers/,4,observed,
recruitee,anteagroup,anteagroup,https://anteagroup.recruitee.com,https://anteagroup.recruitee.com/api/offers/,115,observed,
recruitee,antenno,antenno,https://antenno.recruitee.com,https://antenno.recruitee.com/api/offers/,5,observed,
recruitee,antonivanleeuwenhoek,antonivanleeuwenhoek,https://antonivanleeuwenhoek.recruitee.com,https://antonivanleeuwenhoek.recruitee.com/api/offers/,57,observed,
recruitee,anywhereworks,anywhereworks,https://anywhereworks.recruitee.com,https://anywhereworks.recruitee.com/api/offers/,3,observed,
recruitee,apoint,apoint,https://apoint.recruitee.com,https://apoint.recruitee.com/api/offers/,25,observed,
recruitee,apolloventures,apolloventures,https://apolloventures.recruitee.com,https://apolloventures.recruitee.com/api/offers/,1,observed,
recruitee,apoverlag,apoverlag,https://apoverlag.recruitee.com,https://apoverlag.recruitee.com/api/offers/,1,observed,
recruitee,appliedvalue,appliedvalue,https://appliedvalue.recruitee.com,https://appliedvalue.recruitee.com/api/offers/,4,observed,
recruitee,applus,applus,https://applus.recruitee.com,https://applus.recruitee.com/api/offers/,7,observed,
recruitee,aramark,aramark,https://aramark.recruitee.com,https://aramark.recruitee.com/api/offers/,27,observed,
recruitee,arcus,arcus,https://arcus.recruitee.com,https://arcus.recruitee.com/api/offers/,19,observed,
recruitee,argumentorikakademiegmbh1,argumentorikakademiegmbh1,https://argumentorikakademiegmbh1.recruitee.com,https://argumentorikakademiegmbh1.recruitee.com/api/offers/,10,observed,
recruitee,arsipa,arsipa,https://arsipa.recruitee.com,https://arsipa.recruitee.com/api/offers/,96,observed,
recruitee,asap,asap,https://asap.recruitee.com,https://asap.recruitee.com/api/offers/,4,observed,
recruitee,asksuite,asksuite,https://asksuite.recruitee.com,https://asksuite.recruitee.com/api/offers/,10,observed,
recruitee,astonjet,astonjet,https://astonjet.recruitee.com,https://astonjet.recruitee.com/api/offers/,5,observed,
recruitee,astrolabs,astrolabs,https://astrolabs.recruitee.com,https://astrolabs.recruitee.com/api/offers/,6,observed,
recruitee,athora,athora,https://athora.recruitee.com,https://athora.recruitee.com/api/offers/,23,observed,
recruitee,atlanticgmbh,atlanticgmbh,https://atlanticgmbh.recruitee.com,https://atlanticgmbh.recruitee.com/api/offers/,3,observed,
recruitee,atosborne,atosborne,https://atosborne.recruitee.com,https://atosborne.recruitee.com/api/offers/,5,observed,
recruitee,atostek,atostek,https://atostek.recruitee.com,https://atostek.recruitee.com/api/offers/,1,observed,
recruitee,auditdata,auditdata,https://auditdata.recruitee.com,https://auditdata.recruitee.com/api/offers/,6,observed,
recruitee,augmedit,augmedit,https://augmedit.recruitee.com,https://augmedit.recruitee.com/api/offers/,1,observed,
recruitee,aumanngrunag,aumanngrunag,https://aumanngrunag.recruitee.com,https://aumanngrunag.recruitee.com/api/offers/,4,observed,
recruitee,autohausduennes,autohausduennes,https://autohausduennes.recruitee.com,https://autohausduennes.recruitee.com/api/offers/,5,observed,
recruitee,autohaushermann,autohaushermann,https://autohaushermann.recruitee.com,https://autohaushermann.recruitee.com/api/offers/,16,observed,
recruitee,automation,automation,https://automation.recruitee.com,https://automation.recruitee.com/api/offers/,6,observed,
recruitee,auxilajobsandmore,auxilajobsandmore,https://auxilajobsandmore.recruitee.com,https://auxilajobsandmore.recruitee.com/api/offers/,16,observed,
recruitee,avantarte,avantarte,https://avantarte.recruitee.com,https://avantarte.recruitee.com/api/offers/,5,observed,
recruitee,aveniq,aveniq,https://aveniq.recruitee.com,https://aveniq.recruitee.com/api/offers/,11,observed,
recruitee,avenircollective,avenircollective,https://avenircollective.recruitee.com,https://avenircollective.recruitee.com/api/offers/,7,observed,
recruitee,axi,axi,https://axi.recruitee.com,https://axi.recruitee.com/api/offers/,22,observed,
recruitee,azubi,azubi,https://azubi.recruitee.com,https://azubi.recruitee.com/api/offers/,9,observed,
recruitee,backspielhaus,backspielhaus,https://backspielhaus.recruitee.com,https://backspielhaus.recruitee.com/api/offers/,3,observed,
recruitee,baeckereimoss,baeckereimoss,https://baeckereimoss.recruitee.com,https://baeckereimoss.recruitee.com/api/offers/,12,observed,
recruitee,baeckereisipl,baeckereisipl,https://baeckereisipl.recruitee.com,https://baeckereisipl.recruitee.com/api/offers/,34,observed,
recruitee,baeckergoertz,baeckergoertz,https://baeckergoertz.recruitee.com,https://baeckergoertz.recruitee.com/api/offers/,91,observed,
recruitee,baeckermueller,baeckermueller,https://baeckermueller.recruitee.com,https://baeckermueller.recruitee.com/api/offers/,14,observed,
recruitee,bakerstreet,bakerstreet,https://bakerstreet.recruitee.com,https://bakerstreet.recruitee.com/api/offers/,5,observed,
recruitee,bakertilly,bakertilly,https://bakertilly.recruitee.com,https://bakertilly.recruitee.com/api/offers/,159,observed,
recruitee,bakkergoedhartbroodspecialiteiten,bakkergoedhartbroodspecialiteiten,https://bakkergoedhartbroodspecialiteiten.recruitee.com,https://bakkergoedhartbroodspecialiteiten.recruitee.com/api/offers/,15,observed,
recruitee,balchem,balchem,https://balchem.recruitee.com,https://balchem.recruitee.com/api/offers/,4,observed,
recruitee,ballastnedam,ballastnedam,https://ballastnedam.recruitee.com,https://ballastnedam.recruitee.com/api/offers/,148,observed,
recruitee,bambuu,bambuu,https://bambuu.recruitee.com,https://bambuu.recruitee.com/api/offers/,2,observed,
recruitee,baobabinsurancegmbh,baobabinsurancegmbh,https://baobabinsurancegmbh.recruitee.com,https://baobabinsurancegmbh.recruitee.com/api/offers/,3,observed,
recruitee,bapmedical,bapmedical,https://bapmedical.recruitee.com,https://bapmedical.recruitee.com/api/offers/,1,observed,
recruitee,barentskrans,barentskrans,https://barentskrans.recruitee.com,https://barentskrans.recruitee.com/api/offers/,22,observed,
recruitee,bartimeus,bartimeus,https://bartimeus.recruitee.com,https://bartimeus.recruitee.com/api/offers/,40,observed,
recruitee,basalt,basalt,https://basalt.recruitee.com,https://basalt.recruitee.com/api/offers/,21,observed,
recruitee,batitprotect,batitprotect,https://batitprotect.recruitee.com,https://batitprotect.recruitee.com/api/offers/,2,observed,
recruitee,bedachungenschmidtgmbh,bedachungenschmidtgmbh,https://bedachungenschmidtgmbh.recruitee.com,https://bedachungenschmidtgmbh.recruitee.com/api/offers/,42,observed,
recruitee,behfarchitects,behfarchitects,https://behfarchitects.recruitee.com,https://behfarchitects.recruitee.com/api/offers/,4,observed,
recruitee,beinguser,beinguser,https://beinguser.recruitee.com,https://beinguser.recruitee.com/api/offers/,5,observed,
recruitee,benchmarkelectronics,benchmarkelectronics,https://benchmarkelectronics.recruitee.com,https://benchmarkelectronics.recruitee.com/api/offers/,19,observed,
recruitee,benvic,benvic,https://benvic.recruitee.com,https://benvic.recruitee.com/api/offers/,11,observed,
recruitee,berenschot,berenschot,https://berenschot.recruitee.com,https://berenschot.recruitee.com/api/offers/,57,observed,
recruitee,bernardgruppe,bernardgruppe,https://bernardgruppe.recruitee.com,https://bernardgruppe.recruitee.com/api/offers/,30,observed,
recruitee,bespokebritannia,bespokebritannia,https://bespokebritannia.recruitee.com,https://bespokebritannia.recruitee.com/api/offers/,5,observed,
recruitee,bettercollective,bettercollective,https://bettercollective.recruitee.com,https://bettercollective.recruitee.com/api/offers/,16,observed,
recruitee,billink,billink,https://billink.recruitee.com,https://billink.recruitee.com/api/offers/,4,observed,
recruitee,billwerk,billwerk,https://billwerk.recruitee.com,https://billwerk.recruitee.com/api/offers/,3,observed,
recruitee,biqh,biqh,https://biqh.recruitee.com,https://biqh.recruitee.com/api/offers/,5,observed,
recruitee,birkenstock,birkenstock,https://birkenstock.recruitee.com,https://birkenstock.recruitee.com/api/offers/,1,observed,
recruitee,biximontreal,biximontreal,https://biximontreal.recruitee.com,https://biximontreal.recruitee.com/api/offers/,2,observed,
recruitee,blauwtrust,blauwtrust,https://blauwtrust.recruitee.com,https://blauwtrust.recruitee.com/api/offers/,7,observed,
recruitee,bloem,bloem,https://bloem.recruitee.com,https://bloem.recruitee.com/api/offers/,5,observed,
recruitee,bloom,bloom,https://bloom.recruitee.com,https://bloom.recruitee.com/api/offers/,3,observed,
recruitee,bluebird,bluebird,https://bluebird.recruitee.com,https://bluebird.recruitee.com/api/offers/,7,observed,
recruitee,bluecrux,bluecrux,https://bluecrux.recruitee.com,https://bluecrux.recruitee.com/api/offers/,36,observed,
recruitee,blueforest,blueforest,https://blueforest.recruitee.com,https://blueforest.recruitee.com/api/offers/,1,observed,
recruitee,boekenvoordeel,boekenvoordeel,https://boekenvoordeel.recruitee.com,https://boekenvoordeel.recruitee.com/api/offers/,29,observed,
recruitee,boggimilano1,boggimilano1,https://boggimilano1.recruitee.com,https://boggimilano1.recruitee.com/api/offers/,84,observed,
recruitee,boldteam,boldteam,https://boldteam.recruitee.com,https://boldteam.recruitee.com/api/offers/,54,observed,
recruitee,bolster,bolster,https://bolster.recruitee.com,https://bolster.recruitee.com/api/offers/,3,observed,
recruitee,bondersgmbh,bondersgmbh,https://bondersgmbh.recruitee.com,https://bondersgmbh.recruitee.com/api/offers/,15,observed,
recruitee,bonial,bonial,https://bonial.recruitee.com,https://bonial.recruitee.com/api/offers/,7,observed,
recruitee,boschmanadvancedpackagingtechnology,boschmanadvancedpackagingtechnology,https://boschmanadvancedpackagingtechnology.recruitee.com,https://boschmanadvancedpackagingtechnology.recruitee.com/api/offers/,1,observed,
recruitee,bouwjijmorgen1,bouwjijmorgen1,https://bouwjijmorgen1.recruitee.com,https://bouwjijmorgen1.recruitee.com/api/offers/,37,observed,
recruitee,bp,bp,https://bp.recruitee.com,https://bp.recruitee.com/api/offers/,1,observed,
recruitee,brainstack,brainstack,https://brainstack.recruitee.com,https://brainstack.recruitee.com/api/offers/,14,observed,
recruitee,bravo,bravo,https://bravo.recruitee.com,https://bravo.recruitee.com/api/offers/,4,observed,
recruitee,brenger,brenger,https://brenger.recruitee.com,https://brenger.recruitee.com/api/offers/,1,observed,
recruitee,bridgefund,bridgefund,https://bridgefund.recruitee.com,https://bridgefund.recruitee.com/api/offers/,4,observed,
recruitee,bright,bright,https://bright.recruitee.com,https://bright.recruitee.com/api/offers/,9,observed,
recruitee,brighterly,brighterly,https://brighterly.recruitee.com,https://brighterly.recruitee.com/api/offers/,3,observed,
recruitee,britsafe,britsafe,https://britsafe.recruitee.com,https://britsafe.recruitee.com/api/offers/,26,observed,
recruitee,brlriskconsulting,brlriskconsulting,https://brlriskconsulting.recruitee.com,https://brlriskconsulting.recruitee.com/api/offers/,4,observed,
recruitee,brpsteuernrecht,brpsteuernrecht,https://brpsteuernrecht.recruitee.com,https://brpsteuernrecht.recruitee.com/api/offers/,5,observed,
recruitee,bsi,bsi,https://bsi.recruitee.com,https://bsi.recruitee.com/api/offers/,4,observed,
recruitee,builders,builders,https://builders.recruitee.com,https://builders.recruitee.com/api/offers/,4,observed,
recruitee,bukoinfrasupport,bukoinfrasupport,https://bukoinfrasupport.recruitee.com,https://bukoinfrasupport.recruitee.com/api/offers/,55,observed,
recruitee,bundl,bundl,https://bundl.recruitee.com,https://bundl.recruitee.com/api/offers/,6,observed,
recruitee,bungemagdeburggmbh,bungemagdeburggmbh,https://bungemagdeburggmbh.recruitee.com,https://bungemagdeburggmbh.recruitee.com/api/offers/,6,observed,
recruitee,buntetonegmbh,buntetonegmbh,https://buntetonegmbh.recruitee.com,https://buntetonegmbh.recruitee.com/api/offers/,3,observed,
recruitee,bwgfoods,bwgfoods,https://bwgfoods.recruitee.com,https://bwgfoods.recruitee.com/api/offers/,17,observed,
recruitee,bwkduisburggmbh,bwkduisburggmbh,https://bwkduisburggmbh.recruitee.com,https://bwkduisburggmbh.recruitee.com/api/offers/,6,observed,
recruitee,bytecode,bytecode,https://bytecode.recruitee.com,https://bytecode.recruitee.com/api/offers/,7,observed,
recruitee,caelisticgroup,caelisticgroup,https://caelisticgroup.recruitee.com,https://caelisticgroup.recruitee.com/api/offers/,8,observed,
recruitee,cainwattersassociates,cainwattersassociates,https://cainwattersassociates.recruitee.com,https://cainwattersassociates.recruitee.com/api/offers/,12,observed,
recruitee,camelbackventures,camelbackventures,https://camelbackventures.recruitee.com,https://camelbackventures.recruitee.com/api/offers/,2,observed,
recruitee,candidatsrha,candidatsrha,https://candidatsrha.recruitee.com,https://candidatsrha.recruitee.com/api/offers/,10,observed,
recruitee,capriconsultgmbh,capriconsultgmbh,https://capriconsultgmbh.recruitee.com,https://capriconsultgmbh.recruitee.com/api/offers/,3,observed,
recruitee,carano,carano,https://carano.recruitee.com,https://carano.recruitee.com/api/offers/,1,observed,
recruitee,careersdeltacapita,careersdeltacapita,https://careersdeltacapita.recruitee.com,https://careersdeltacapita.recruitee.com/api/offers/,70,observed,
recruitee,cartelligent,cartelligent,https://cartelligent.recruitee.com,https://cartelligent.recruitee.com/api/offers/,4,observed,
recruitee,castellumsecurity,castellumsecurity,https://castellumsecurity.recruitee.com,https://castellumsecurity.recruitee.com/api/offers/,33,observed,
recruitee,catsdogs,catsdogs,https://catsdogs.recruitee.com,https://catsdogs.recruitee.com/api/offers/,4,observed,
recruitee,causalens,causalens,https://causalens.recruitee.com,https://causalens.recruitee.com/api/offers/,3,observed,
recruitee,cb,cb,https://cb.recruitee.com,https://cb.recruitee.com/api/offers/,10,observed,
recruitee,cbsconsulting,cbsconsulting,https://cbsconsulting.recruitee.com,https://cbsconsulting.recruitee.com/api/offers/,195,observed,
recruitee,cce,cce,https://cce.recruitee.com,https://cce.recruitee.com/api/offers/,2,observed,
recruitee,ccmeurope,ccmeurope,https://ccmeurope.recruitee.com,https://ccmeurope.recruitee.com/api/offers/,13,observed,
recruitee,cctalent,cctalent,https://cctalent.recruitee.com,https://cctalent.recruitee.com/api/offers/,6,observed,
recruitee,celebratecompany,celebratecompany,https://celebratecompany.recruitee.com,https://celebratecompany.recruitee.com/api/offers/,8,observed,
recruitee,celumgmbh,celumgmbh,https://celumgmbh.recruitee.com,https://celumgmbh.recruitee.com/api/offers/,2,observed,
recruitee,centric,centric,https://centric.recruitee.com,https://centric.recruitee.com/api/offers/,63,observed,
recruitee,cerfrancemayennesarthe,cerfrancemayennesarthe,https://cerfrancemayennesarthe.recruitee.com,https://cerfrancemayennesarthe.recruitee.com/api/offers/,13,observed,
recruitee,certus,certus,https://certus.recruitee.com,https://certus.recruitee.com/api/offers/,6,observed,
recruitee,cesi,cesi,https://cesi.recruitee.com,https://cesi.recruitee.com/api/offers/,24,observed,
recruitee,cf2i,cf2i,https://cf2i.recruitee.com,https://cf2i.recruitee.com/api/offers/,8,observed,
recruitee,change,change,https://change.recruitee.com,https://change.recruitee.com/api/offers/,18,observed,
recruitee,chargerhelp,chargerhelp,https://chargerhelp.recruitee.com,https://chargerhelp.recruitee.com/api/offers/,2,observed,
recruitee,chmedia,chmedia,https://chmedia.recruitee.com,https://chmedia.recruitee.com/api/offers/,28,observed,
recruitee,chowco,chowco,https://chowco.recruitee.com,https://chowco.recruitee.com/api/offers/,11,observed,
recruitee,chrhautesenne,chrhautesenne,https://chrhautesenne.recruitee.com,https://chrhautesenne.recruitee.com/api/offers/,28,observed,
recruitee,circetbenelux,circetbenelux,https://circetbenelux.recruitee.com,https://circetbenelux.recruitee.com/api/offers/,55,observed,
recruitee,civiltecengineering,civiltecengineering,https://civiltecengineering.recruitee.com,https://civiltecengineering.recruitee.com/api/offers/,8,observed,
recruitee,cjbarrymores,cjbarrymores,https://cjbarrymores.recruitee.com,https://cjbarrymores.recruitee.com/api/offers/,8,observed,
recruitee,clario,clario,https://clario.recruitee.com,https://clario.recruitee.com/api/offers/,5,observed,
recruitee,claus,claus,https://claus.recruitee.com,https://claus.recruitee.com/api/offers/,16,observed,
recruitee,clay,clay,https://clay.recruitee.com,https://clay.recruitee.com/api/offers/,27,observed,
recruitee,clbr,clbr,https://clbr.recruitee.com,https://clbr.recruitee.com/api/offers/,27,observed,
recruitee,climeworks,climeworks,https://climeworks.recruitee.com,https://climeworks.recruitee.com/api/offers/,11,observed,
recruitee,cloval,cloval,https://cloval.recruitee.com,https://cloval.recruitee.com/api/offers/,39,observed,
recruitee,cmbtech,cmbtech,https://cmbtech.recruitee.com,https://cmbtech.recruitee.com/api/offers/,2,observed,
recruitee,cmcom,cmcom,https://cmcom.recruitee.com,https://cmcom.recruitee.com/api/offers/,19,observed,
recruitee,cms,cms,https://cms.recruitee.com,https://cms.recruitee.com/api/offers/,23,observed,
recruitee,codepepper,codepepper,https://codepepper.recruitee.com,https://codepepper.recruitee.com/api/offers/,13,observed,
recruitee,coloriet,coloriet,https://coloriet.recruitee.com,https://coloriet.recruitee.com/api/offers/,36,observed,
recruitee,commodityhero,commodityhero,https://commodityhero.recruitee.com,https://commodityhero.recruitee.com/api/offers/,2,observed,
recruitee,companisto,companisto,https://companisto.recruitee.com,https://companisto.recruitee.com/api/offers/,2,observed,
recruitee,comtest,comtest,https://comtest.recruitee.com,https://comtest.recruitee.com/api/offers/,4,observed,
recruitee,confotherapeutics,confotherapeutics,https://confotherapeutics.recruitee.com,https://confotherapeutics.recruitee.com/api/offers/,2,observed,
recruitee,constructivedialogue,constructivedialogue,https://constructivedialogue.recruitee.com,https://constructivedialogue.recruitee.com/api/offers/,4,observed,
recruitee,consultdss,consultdss,https://consultdss.recruitee.com,https://consultdss.recruitee.com/api/offers/,39,observed,
recruitee,context,context,https://context.recruitee.com,https://context.recruitee.com/api/offers/,7,observed,
recruitee,contextand,contextand,https://contextand.recruitee.com,https://contextand.recruitee.com/api/offers/,8,observed,
recruitee,cop1,cop1,https://cop1.recruitee.com,https://cop1.recruitee.com/api/offers/,2,observed,
recruitee,coppensmetaaltechniek,coppensmetaaltechniek,https://coppensmetaaltechniek.recruitee.com,https://coppensmetaaltechniek.recruitee.com/api/offers/,3,observed,
recruitee,cordesconsulting,cordesconsulting,https://cordesconsulting.recruitee.com,https://cordesconsulting.recruitee.com/api/offers/,93,observed,
recruitee,corebackbone,corebackbone,https://corebackbone.recruitee.com,https://corebackbone.recruitee.com/api/offers/,6,observed,
recruitee,corebackbonegmbh1,corebackbonegmbh1,https://corebackbonegmbh1.recruitee.com,https://corebackbonegmbh1.recruitee.com/api/offers/,6,observed,
recruitee,cortexreply,cortexreply,https://cortexreply.recruitee.com,https://cortexreply.recruitee.com/api/offers/,5,observed,
recruitee,corygroup,corygroup,https://corygroup.recruitee.com,https://corygroup.recruitee.com/api/offers/,9,observed,
recruitee,coursera,coursera,https://coursera.recruitee.com,https://coursera.recruitee.com/api/offers/,1,observed,
recruitee,craftzing,craftzing,https://craftzing.recruitee.com,https://craftzing.recruitee.com/api/offers/,16,observed,
recruitee,creativeclicks,creativeclicks,https://creativeclicks.recruitee.com,https://creativeclicks.recruitee.com/api/offers/,16,observed,
recruitee,crestadvanceddrycleaners,crestadvanceddrycleaners,https://crestadvanceddrycleaners.recruitee.com,https://crestadvanceddrycleaners.recruitee.com/api/offers/,4,observed,
recruitee,cronimetenvirotec,cronimetenvirotec,https://cronimetenvirotec.recruitee.com,https://cronimetenvirotec.recruitee.com/api/offers/,3,observed,
recruitee,crop,crop,https://crop.recruitee.com,https://crop.recruitee.com/api/offers/,32,observed,
recruitee,crunchanalyticscareers,crunchanalyticscareers,https://crunchanalyticscareers.recruitee.com,https://crunchanalyticscareers.recruitee.com/api/offers/,3,observed,
recruitee,cscfi,cscfi,https://cscfi.recruitee.com,https://cscfi.recruitee.com/api/offers/,4,observed,
recruitee,ctscompositetechnologiesystemegmbh,ctscompositetechnologiesystemegmbh,https://ctscompositetechnologiesystemegmbh.recruitee.com,https://ctscompositetechnologiesystemegmbh.recruitee.com/api/offers/,6,observed,
recruitee,cuccibu,cuccibu,https://cuccibu.recruitee.com,https://cuccibu.recruitee.com/api/offers/,3,observed,
recruitee,curotec,curotec,https://curotec.recruitee.com,https://curotec.recruitee.com/api/offers/,19,observed,
recruitee,currentagruppe,currentagruppe,https://currentagruppe.recruitee.com,https://currentagruppe.recruitee.com/api/offers/,42,observed,
recruitee,customconnect,customconnect,https://customconnect.recruitee.com,https://customconnect.recruitee.com/api/offers/,13,observed,
recruitee,customssupport,customssupport,https://customssupport.recruitee.com,https://customssupport.recruitee.com/api/offers/,53,observed,
recruitee,dance,dance,https://dance.recruitee.com,https://dance.recruitee.com/api/offers/,2,observed,
recruitee,data,data,https://data.recruitee.com,https://data.recruitee.com/api/offers/,1,observed,
recruitee,datashift,datashift,https://datashift.recruitee.com,https://datashift.recruitee.com/api/offers/,42,observed,
recruitee,dckgroup,dckgroup,https://dckgroup.recruitee.com,https://dckgroup.recruitee.com/api/offers/,210,observed,
recruitee,decircletalentpartner,decircletalentpartner,https://decircletalentpartner.recruitee.com,https://decircletalentpartner.recruitee.com/api/offers/,190,observed,
recruitee,deephealth,deephealth,https://deephealth.recruitee.com,https://deephealth.recruitee.com/api/offers/,21,observed,
recruitee,deepsea,deepsea,https://deepsea.recruitee.com,https://deepsea.recruitee.com/api/offers/,2,observed,
recruitee,degraafbakeries,degraafbakeries,https://degraafbakeries.recruitee.com,https://degraafbakeries.recruitee.com/api/offers/,18,observed,
recruitee,degustabox,degustabox,https://degustabox.recruitee.com,https://degustabox.recruitee.com/api/offers/,5,observed,
recruitee,deintraumjobwartet,deintraumjobwartet,https://deintraumjobwartet.recruitee.com,https://deintraumjobwartet.recruitee.com/api/offers/,184,observed,
recruitee,dekdeutscheextraktkaffeegmbh,dekdeutscheextraktkaffeegmbh,https://dekdeutscheextraktkaffeegmbh.recruitee.com,https://dekdeutscheextraktkaffeegmbh.recruitee.com/api/offers/,4,observed,
recruitee,dekkerchrysanten,dekkerchrysanten,https://dekkerchrysanten.recruitee.com,https://dekkerchrysanten.recruitee.com/api/offers/,5,observed,
recruitee,delfsteam,delfsteam,https://delfsteam.recruitee.com,https://delfsteam.recruitee.com/api/offers/,4,observed,
recruitee,delkeskampverpackungswerke,delkeskampverpackungswerke,https://delkeskampverpackungswerke.recruitee.com,https://delkeskampverpackungswerke.recruitee.com/api/offers/,11,observed,
recruitee,delonghigroup,delonghigroup,https://delonghigroup.recruitee.com,https://delonghigroup.recruitee.com/api/offers/,3,observed,
recruitee,deluxeholidayhomes,deluxeholidayhomes,https://deluxeholidayhomes.recruitee.com,https://deluxeholidayhomes.recruitee.com/api/offers/,10,observed,
recruitee,demoupcliplister,demoupcliplister,https://demoupcliplister.recruitee.com,https://demoupcliplister.recruitee.com/api/offers/,6,observed,
recruitee,demvsystems,demvsystems,https://demvsystems.recruitee.com,https://demvsystems.recruitee.com/api/offers/,9,observed,
recruitee,depiergroep,depiergroep,https://depiergroep.recruitee.com,https://depiergroep.recruitee.com/api/offers/,17,observed,
recruitee,desapflegeeinrichtungengmbh,desapflegeeinrichtungengmbh,https://desapflegeeinrichtungengmbh.recruitee.com,https://desapflegeeinrichtungengmbh.recruitee.com/api/offers/,5,observed,
recruitee,devfinders,devfinders,https://devfinders.recruitee.com,https://devfinders.recruitee.com/api/offers/,89,observed,
recruitee,devgrid,devgrid,https://devgrid.recruitee.com,https://devgrid.recruitee.com/api/offers/,1,observed,
recruitee,devleaps,devleaps,https://devleaps.recruitee.com,https://devleaps.recruitee.com/api/offers/,3,observed,
recruitee,diebayerische,diebayerische,https://diebayerische.recruitee.com,https://diebayerische.recruitee.com/api/offers/,8,observed,
recruitee,diggmbh,diggmbh,https://diggmbh.recruitee.com,https://diggmbh.recruitee.com/api/offers/,10,observed,
recruitee,digitalbeatgmbh,digitalbeatgmbh,https://digitalbeatgmbh.recruitee.com,https://digitalbeatgmbh.recruitee.com/api/offers/,2,observed,
recruitee,diponteducation,diponteducation,https://diponteducation.recruitee.com,https://diponteducation.recruitee.com/api/offers/,16,observed,
recruitee,distilled,distilled,https://distilled.recruitee.com,https://distilled.recruitee.com/api/offers/,8,observed,
recruitee,distribusion,distribusion,https://distribusion.recruitee.com,https://distribusion.recruitee.com/api/offers/,30,observed,
recruitee,distribusiontechnologies,distribusiontechnologies,https://distribusiontechnologies.recruitee.com,https://distribusiontechnologies.recruitee.com/api/offers/,30,observed,
recruitee,dnata,dnata,https://dnata.recruitee.com,https://dnata.recruitee.com/api/offers/,37,observed,
recruitee,doccheckgroup,doccheckgroup,https://doccheckgroup.recruitee.com,https://doccheckgroup.recruitee.com/api/offers/,6,observed,
recruitee,doctenasa,doctenasa,https://doctenasa.recruitee.com,https://doctenasa.recruitee.com/api/offers/,3,observed,
recruitee,dommelvallei,dommelvallei,https://dommelvallei.recruitee.com,https://dommelvallei.recruitee.com/api/offers/,16,observed,
recruitee,dransay,dransay,https://dransay.recruitee.com,https://dransay.recruitee.com/api/offers/,3,observed,
recruitee,dreizen,dreizen,https://dreizen.recruitee.com,https://dreizen.recruitee.com/api/offers/,27,observed,
recruitee,driestroom,driestroom,https://driestroom.recruitee.com,https://driestroom.recruitee.com/api/offers/,9,observed,
recruitee,driven,driven,https://driven.recruitee.com,https://driven.recruitee.com/api/offers/,7,observed,
recruitee,drmayerconsulting,drmayerconsulting,https://drmayerconsulting.recruitee.com,https://drmayerconsulting.recruitee.com/api/offers/,1,observed,
recruitee,droppie,droppie,https://droppie.recruitee.com,https://droppie.recruitee.com/api/offers/,7,observed,
recruitee,drsussmanngmbh,drsussmanngmbh,https://drsussmanngmbh.recruitee.com,https://drsussmanngmbh.recruitee.com/api/offers/,8,observed,
recruitee,dsee,dsee,https://dsee.recruitee.com,https://dsee.recruitee.com/api/offers/,7,observed,
recruitee,dtx,dtx,https://dtx.recruitee.com,https://dtx.recruitee.com/api/offers/,8,observed,
recruitee,dvt,dvt,https://dvt.recruitee.com,https://dvt.recruitee.com/api/offers/,18,observed,
recruitee,dvtcareers,dvtcareers,https://dvtcareers.recruitee.com,https://dvtcareers.recruitee.com/api/offers/,18,observed,
recruitee,eal,eal,https://eal.recruitee.com,https://eal.recruitee.com/api/offers/,1,observed,
recruitee,earlyalpineacademy,earlyalpineacademy,https://earlyalpineacademy.recruitee.com,https://earlyalpineacademy.recruitee.com/api/offers/,1,observed,
recruitee,eastern,eastern,https://eastern.recruitee.com,https://eastern.recruitee.com/api/offers/,2,observed,
recruitee,easypost,easypost,https://easypost.recruitee.com,https://easypost.recruitee.com/api/offers/,5,observed,
recruitee,ebro,ebro,https://ebro.recruitee.com,https://ebro.recruitee.com/api/offers/,5,observed,
recruitee,ecconsultants,ecconsultants,https://ecconsultants.recruitee.com,https://ecconsultants.recruitee.com/api/offers/,1,observed,
recruitee,ecocert,ecocert,https://ecocert.recruitee.com,https://ecocert.recruitee.com/api/offers/,4,observed,
recruitee,ecochain,ecochain,https://ecochain.recruitee.com,https://ecochain.recruitee.com/api/offers/,1,observed,
recruitee,ecolecentraledelyon,ecolecentraledelyon,https://ecolecentraledelyon.recruitee.com,https://ecolecentraledelyon.recruitee.com/api/offers/,6,observed,
recruitee,econocomnederland,econocomnederland,https://econocomnederland.recruitee.com,https://econocomnederland.recruitee.com/api/offers/,7,observed,
recruitee,edubilygmbh,edubilygmbh,https://edubilygmbh.recruitee.com,https://edubilygmbh.recruitee.com/api/offers/,2,observed,
recruitee,effecty,effecty,https://effecty.recruitee.com,https://effecty.recruitee.com/api/offers/,4,observed,
recruitee,egroup,egroup,https://egroup.recruitee.com,https://egroup.recruitee.com/api/offers/,33,observed,
recruitee,eiseleflugdienstgmbh,eiseleflugdienstgmbh,https://eiseleflugdienstgmbh.recruitee.com,https://eiseleflugdienstgmbh.recruitee.com/api/offers/,2,observed,
recruitee,elancite,elancite,https://elancite.recruitee.com,https://elancite.recruitee.com/api/offers/,2,observed,
recruitee,elanwonen,elanwonen,https://elanwonen.recruitee.com,https://elanwonen.recruitee.com/api/offers/,4,observed,
recruitee,elanza,elanza,https://elanza.recruitee.com,https://elanza.recruitee.com/api/offers/,3,observed,
recruitee,elektrosupersaxoag,elektrosupersaxoag,https://elektrosupersaxoag.recruitee.com,https://elektrosupersaxoag.recruitee.com/api/offers/,4,observed,
recruitee,elephantdigital,elephantdigital,https://elephantdigital.recruitee.com,https://elephantdigital.recruitee.com/api/offers/,4,observed,
recruitee,elephanttechnologies,elephanttechnologies,https://elephanttechnologies.recruitee.com,https://elephanttechnologies.recruitee.com/api/offers/,18,observed,
recruitee,eleqtron,eleqtron,https://eleqtron.recruitee.com,https://eleqtron.recruitee.com/api/offers/,14,observed,
recruitee,elockers,elockers,https://elockers.recruitee.com,https://elockers.recruitee.com/api/offers/,10,observed,
recruitee,eluscious,eluscious,https://eluscious.recruitee.com,https://eluscious.recruitee.com/api/offers/,9,observed,
recruitee,ember,ember,https://ember.recruitee.com,https://ember.recruitee.com/api/offers/,22,observed,
recruitee,embrace,embrace,https://embrace.recruitee.com,https://embrace.recruitee.com/api/offers/,2,observed,
recruitee,endriswagnerundkollegengbr,endriswagnerundkollegengbr,https://endriswagnerundkollegengbr.recruitee.com,https://endriswagnerundkollegengbr.recruitee.com/api/offers/,1,observed,
recruitee,enecoemobility,enecoemobility,https://enecoemobility.recruitee.com,https://enecoemobility.recruitee.com/api/offers/,2,observed,
recruitee,energyagency,energyagency,https://energyagency.recruitee.com,https://energyagency.recruitee.com/api/offers/,1,observed,
recruitee,energyking,energyking,https://energyking.recruitee.com,https://energyking.recruitee.com/api/offers/,33,observed,
recruitee,enersee,enersee,https://enersee.recruitee.com,https://enersee.recruitee.com/api/offers/,4,observed,
recruitee,enerviesudwestfalenenergieundwasserag,enerviesudwestfalenenergieundwasserag,https://enerviesudwestfalenenergieundwasserag.recruitee.com,https://enerviesudwestfalenenergieundwasserag.recruitee.com/api/offers/,22,observed,
recruitee,eneve,eneve,https://eneve.recruitee.com,https://eneve.recruitee.com/api/offers/,8,observed,
recruitee,ennatuurlijkbv,ennatuurlijkbv,https://ennatuurlijkbv.recruitee.com,https://ennatuurlijkbv.recruitee.com/api/offers/,11,observed,
recruitee,enpicom,enpicom,https://enpicom.recruitee.com,https://enpicom.recruitee.com/api/offers/,1,observed,
recruitee,enspired,enspired,https://enspired.recruitee.com,https://enspired.recruitee.com/api/offers/,3,observed,
recruitee,enstaparis,enstaparis,https://enstaparis.recruitee.com,https://enstaparis.recruitee.com/api/offers/,14,observed,
recruitee,enterprise,enterprise,https://enterprise.recruitee.com,https://enterprise.recruitee.com/api/offers/,7,observed,
recruitee,enticonretail,enticonretail,https://enticonretail.recruitee.com,https://enticonretail.recruitee.com/api/offers/,1,observed,
recruitee,enviemholdingbv,enviemholdingbv,https://enviemholdingbv.recruitee.com,https://enviemholdingbv.recruitee.com/api/offers/,11,observed,
recruitee,envipco,envipco,https://envipco.recruitee.com,https://envipco.recruitee.com/api/offers/,18,observed,
recruitee,eoninhouseconsultinggmbh,eoninhouseconsultinggmbh,https://eoninhouseconsultinggmbh.recruitee.com,https://eoninhouseconsultinggmbh.recruitee.com/api/offers/,11,observed,
recruitee,epilot,epilot,https://epilot.recruitee.com,https://epilot.recruitee.com/api/offers/,13,observed,
recruitee,equalsmoney,equalsmoney,https://equalsmoney.recruitee.com,https://equalsmoney.recruitee.com/api/offers/,6,observed,
recruitee,equito,equito,https://equito.recruitee.com,https://equito.recruitee.com/api/offers/,2,observed,
recruitee,eraneos,eraneos,https://eraneos.recruitee.com,https://eraneos.recruitee.com/api/offers/,26,observed,
recruitee,erichpommerinstitut,erichpommerinstitut,https://erichpommerinstitut.recruitee.com,https://erichpommerinstitut.recruitee.com/api/offers/,1,observed,
recruitee,erstedigital,erstedigital,https://erstedigital.recruitee.com,https://erstedigital.recruitee.com/api/offers/,25,observed,
recruitee,eskandary,eskandary,https://eskandary.recruitee.com,https://eskandary.recruitee.com/api/offers/,5,observed,
recruitee,esns,esns,https://esns.recruitee.com,https://esns.recruitee.com/api/offers/,1,observed,
recruitee,eternalsungroupbv,eternalsungroupbv,https://eternalsungroupbv.recruitee.com,https://eternalsungroupbv.recruitee.com/api/offers/,6,observed,
recruitee,ethonai,ethonai,https://ethonai.recruitee.com,https://ethonai.recruitee.com/api/offers/,4,observed,
recruitee,etterundpartner,etterundpartner,https://etterundpartner.recruitee.com,https://etterundpartner.recruitee.com/api/offers/,3,observed,
recruitee,eupagohub,eupagohub,https://eupagohub.recruitee.com,https://eupagohub.recruitee.com/api/offers/,5,observed,
recruitee,euro,euro,https://euro.recruitee.com,https://euro.recruitee.com/api/offers/,1,observed,
recruitee,euroeyes,euroeyes,https://euroeyes.recruitee.com,https://euroeyes.recruitee.com/api/offers/,9,observed,
recruitee,euroformationgroupe,euroformationgroupe,https://euroformationgroupe.recruitee.com,https://euroformationgroupe.recruitee.com/api/offers/,6,observed,
recruitee,eurosortsystems,eurosortsystems,https://eurosortsystems.recruitee.com,https://eurosortsystems.recruitee.com/api/offers/,11,observed,
recruitee,eurosparcareers,eurosparcareers,https://eurosparcareers.recruitee.com,https://eurosparcareers.recruitee.com/api/offers/,45,observed,
recruitee,everdrop,everdrop,https://everdrop.recruitee.com,https://everdrop.recruitee.com/api/offers/,8,observed,
recruitee,everest,everest,https://everest.recruitee.com,https://everest.recruitee.com/api/offers/,16,observed,
recruitee,eversmann,eversmann,https://eversmann.recruitee.com,https://eversmann.recruitee.com/api/offers/,2,observed,
recruitee,exeon,exeon,https://exeon.recruitee.com,https://exeon.recruitee.com/api/offers/,3,observed,
recruitee,exner,exner,https://exner.recruitee.com,https://exner.recruitee.com/api/offers/,31,observed,
recruitee,extrashop,extrashop,https://extrashop.recruitee.com,https://extrashop.recruitee.com/api/offers/,7,observed,
recruitee,fab4minds,fab4minds,https://fab4minds.recruitee.com,https://fab4minds.recruitee.com/api/offers/,1,observed,
recruitee,fabianbuenker,fabianbuenker,https://fabianbuenker.recruitee.com,https://fabianbuenker.recruitee.com/api/offers/,5,observed,
recruitee,fachstellemobbingundbelastigung,fachstellemobbingundbelastigung,https://fachstellemobbingundbelastigung.recruitee.com,https://fachstellemobbingundbelastigung.recruitee.com/api/offers/,1,observed,
recruitee,faktionbv1,faktionbv1,https://faktionbv1.recruitee.com,https://faktionbv1.recruitee.com/api/offers/,13,observed,
recruitee,famly,famly,https://famly.recruitee.com,https://famly.recruitee.com/api/offers/,8,observed,
recruitee,fashioncloudgmbh,fashioncloudgmbh,https://fashioncloudgmbh.recruitee.com,https://fashioncloudgmbh.recruitee.com/api/offers/,2,observed,
recruitee,fastems,fastems,https://fastems.recruitee.com,https://fastems.recruitee.com/api/offers/,3,observed,
recruitee,fastned,fastned,https://fastned.recruitee.com,https://fastned.recruitee.com/api/offers/,27,observed,
recruitee,fasttrack,fasttrack,https://fasttrack.recruitee.com,https://fasttrack.recruitee.com/api/offers/,1,observed,
recruitee,ferillis,ferillis,https://ferillis.recruitee.com,https://ferillis.recruitee.com/api/offers/,5,observed,
recruitee,fermedelamotte,fermedelamotte,https://fermedelamotte.recruitee.com,https://fermedelamotte.recruitee.com/api/offers/,5,observed,
recruitee,ferryscanner,ferryscanner,https://ferryscanner.recruitee.com,https://ferryscanner.recruitee.com/api/offers/,3,observed,
recruitee,fidusheinenoord,fidusheinenoord,https://fidusheinenoord.recruitee.com,https://fidusheinenoord.recruitee.com/api/offers/,9,observed,
recruitee,filmlagune,filmlagune,https://filmlagune.recruitee.com,https://filmlagune.recruitee.com/api/offers/,7,observed,
recruitee,filmmakermarketing,filmmakermarketing,https://filmmakermarketing.recruitee.com,https://filmmakermarketing.recruitee.com/api/offers/,2,observed,
recruitee,findyourexpertmedicalrecruitinggmbh,findyourexpertmedicalrecruitinggmbh,https://findyourexpertmedicalrecruitinggmbh.recruitee.com,https://findyourexpertmedicalrecruitinggmbh.recruitee.com/api/offers/,4,observed,
recruitee,fischeredelstahlrohreaustriagmbh,fischeredelstahlrohreaustriagmbh,https://fischeredelstahlrohreaustriagmbh.recruitee.com,https://fischeredelstahlrohreaustriagmbh.recruitee.com/api/offers/,4,observed,
recruitee,florence,florence,https://florence.recruitee.com,https://florence.recruitee.com/api/offers/,161,observed,
recruitee,fluxpartners,fluxpartners,https://fluxpartners.recruitee.com,https://fluxpartners.recruitee.com/api/offers/,21,observed,
recruitee,flyingbisons,flyingbisons,https://flyingbisons.recruitee.com,https://flyingbisons.recruitee.com/api/offers/,24,observed,
recruitee,focusentertainment,focusentertainment,https://focusentertainment.recruitee.com,https://focusentertainment.recruitee.com/api/offers/,6,observed,
recruitee,focushomeinteractive,focushomeinteractive,https://focushomeinteractive.recruitee.com,https://focushomeinteractive.recruitee.com/api/offers/,6,observed,
recruitee,fonteynenburg,fonteynenburg,https://fonteynenburg.recruitee.com,https://fonteynenburg.recruitee.com/api/offers/,14,observed,
recruitee,foodji,foodji,https://foodji.recruitee.com,https://foodji.recruitee.com/api/offers/,9,observed,
recruitee,forcit,forcit,https://forcit.recruitee.com,https://forcit.recruitee.com/api/offers/,3,observed,
recruitee,forcyd,forcyd,https://forcyd.recruitee.com,https://forcyd.recruitee.com/api/offers/,4,observed,
recruitee,formofoodsgmbh,formofoodsgmbh,https://formofoodsgmbh.recruitee.com,https://formofoodsgmbh.recruitee.com/api/offers/,4,observed,
recruitee,formzeuggmbhcokg,formzeuggmbhcokg,https://formzeuggmbhcokg.recruitee.com,https://formzeuggmbhcokg.recruitee.com/api/offers/,4,observed,
recruitee,fortius,fortius,https://fortius.recruitee.com,https://fortius.recruitee.com/api/offers/,18,observed,
recruitee,framestore,framestore,https://framestore.recruitee.com,https://framestore.recruitee.com/api/offers/,46,observed,
recruitee,francophoniecarrieres,francophoniecarrieres,https://francophoniecarrieres.recruitee.com,https://francophoniecarrieres.recruitee.com/api/offers/,1,observed,
recruitee,franzzielgmbh,franzzielgmbh,https://franzzielgmbh.recruitee.com,https://franzzielgmbh.recruitee.com/api/offers/,14,observed,
recruitee,freeday,freeday,https://freeday.recruitee.com,https://freeday.recruitee.com/api/offers/,5,observed,
recruitee,fridayrecruitment,fridayrecruitment,https://fridayrecruitment.recruitee.com,https://fridayrecruitment.recruitee.com/api/offers/,111,observed,
recruitee,frisbii,frisbii,https://frisbii.recruitee.com,https://frisbii.recruitee.com/api/offers/,3,observed,
recruitee,frisseblikken,frisseblikken,https://frisseblikken.recruitee.com,https://frisseblikken.recruitee.com/api/offers/,7,observed,
recruitee,fruitypack,fruitypack,https://fruitypack.recruitee.com,https://fruitypack.recruitee.com/api/offers/,5,observed,
recruitee,fulcrum,fulcrum,https://fulcrum.recruitee.com,https://fulcrum.recruitee.com/api/offers/,1,observed,
recruitee,fullcreative,fullcreative,https://fullcreative.recruitee.com,https://fullcreative.recruitee.com/api/offers/,12,observed,
recruitee,fullorbit,fullorbit,https://fullorbit.recruitee.com,https://fullorbit.recruitee.com/api/offers/,1,observed,
recruitee,fundamentalhospitality,fundamentalhospitality,https://fundamentalhospitality.recruitee.com,https://fundamentalhospitality.recruitee.com/api/offers/,10,observed,
recruitee,funex,funex,https://funex.recruitee.com,https://funex.recruitee.com/api/offers/,3,observed,
recruitee,funzone,funzone,https://funzone.recruitee.com,https://funzone.recruitee.com/api/offers/,7,observed,
recruitee,futurewhiz,futurewhiz,https://futurewhiz.recruitee.com,https://futurewhiz.recruitee.com/api/offers/,11,observed,
recruitee,gardec,gardec,https://gardec.recruitee.com,https://gardec.recruitee.com/api/offers/,7,observed,
recruitee,gateterminal,gateterminal,https://gateterminal.recruitee.com,https://gateterminal.recruitee.com/api/offers/,7,observed,
recruitee,gemeenteachtkarspelen,gemeenteachtkarspelen,https://gemeenteachtkarspelen.recruitee.com,https://gemeenteachtkarspelen.recruitee.com/api/offers/,5,observed,
recruitee,gemeentelansingerland,gemeentelansingerland,https://gemeentelansingerland.recruitee.com,https://gemeentelansingerland.recruitee.com/api/offers/,18,observed,
recruitee,gemeentestaphorst,gemeentestaphorst,https://gemeentestaphorst.recruitee.com,https://gemeentestaphorst.recruitee.com/api/offers/,3,observed,
recruitee,genelec1,genelec1,https://genelec1.recruitee.com,https://genelec1.recruitee.com/api/offers/,1,observed,
recruitee,gerardbertrand,gerardbertrand,https://gerardbertrand.recruitee.com,https://gerardbertrand.recruitee.com/api/offers/,31,observed,
recruitee,gerimedica,gerimedica,https://gerimedica.recruitee.com,https://gerimedica.recruitee.com/api/offers/,1,observed,
recruitee,germanzeroev,germanzeroev,https://germanzeroev.recruitee.com,https://germanzeroev.recruitee.com/api/offers/,5,observed,
recruitee,getontop,getontop,https://getontop.recruitee.com,https://getontop.recruitee.com/api/offers/,3,observed,
recruitee,getransports,getransports,https://getransports.recruitee.com,https://getransports.recruitee.com/api/offers/,10,observed,
recruitee,gevgroupltd,gevgroupltd,https://gevgroupltd.recruitee.com,https://gevgroupltd.recruitee.com/api/offers/,16,observed,
recruitee,gglgroupe,gglgroupe,https://gglgroupe.recruitee.com,https://gglgroupe.recruitee.com/api/offers/,1,observed,
recruitee,ggzbreburg,ggzbreburg,https://ggzbreburg.recruitee.com,https://ggzbreburg.recruitee.com/api/offers/,135,observed,
recruitee,globaljetluxembourg,globaljetluxembourg,https://globaljetluxembourg.recruitee.com,https://globaljetluxembourg.recruitee.com/api/offers/,20,observed,
recruitee,gmk,gmk,https://gmk.recruitee.com,https://gmk.recruitee.com/api/offers/,27,observed,
recruitee,gong,gong,https://gong.recruitee.com,https://gong.recruitee.com/api/offers/,5,observed,
recruitee,goodrec,goodrec,https://goodrec.recruitee.com,https://goodrec.recruitee.com/api/offers/,2,observed,
recruitee,goodturn,goodturn,https://goodturn.recruitee.com,https://goodturn.recruitee.com/api/offers/,3,observed,
recruitee,gpvfinland,gpvfinland,https://gpvfinland.recruitee.com,https://gpvfinland.recruitee.com/api/offers/,1,observed,
recruitee,gpvslovakia,gpvslovakia,https://gpvslovakia.recruitee.com,https://gpvslovakia.recruitee.com/api/offers/,3,observed,
recruitee,grafischlyceumutrecht,grafischlyceumutrecht,https://grafischlyceumutrecht.recruitee.com,https://grafischlyceumutrecht.recruitee.com/api/offers/,2,observed,
recruitee,grantthorntonaustria,grantthorntonaustria,https://grantthorntonaustria.recruitee.com,https://grantthorntonaustria.recruitee.com/api/offers/,9,observed,
recruitee,grb,grb,https://grb.recruitee.com,https://grb.recruitee.com/api/offers/,1,observed,
recruitee,greatminds,greatminds,https://greatminds.recruitee.com,https://greatminds.recruitee.com/api/offers/,30,observed,
recruitee,greeceg4s,greeceg4s,https://greeceg4s.recruitee.com,https://greeceg4s.recruitee.com/api/offers/,24,observed,
recruitee,greenpeacebelgium,greenpeacebelgium,https://greenpeacebelgium.recruitee.com,https://greenpeacebelgium.recruitee.com/api/offers/,4,observed,
recruitee,gremco,gremco,https://gremco.recruitee.com,https://gremco.recruitee.com/api/offers/,2,observed,
recruitee,greyparrotai,greyparrotai,https://greyparrotai.recruitee.com,https://greyparrotai.recruitee.com/api/offers/,2,observed,
recruitee,gridscale,gridscale,https://gridscale.recruitee.com,https://gridscale.recruitee.com/api/offers/,1,observed,
recruitee,groenhart,groenhart,https://groenhart.recruitee.com,https://groenhart.recruitee.com/api/offers/,2,observed,
recruitee,groupealpena,groupealpena,https://groupealpena.recruitee.com,https://groupealpena.recruitee.com/api/offers/,32,observed,
recruitee,groupemarval,groupemarval,https://groupemarval.recruitee.com,https://groupemarval.recruitee.com/api/offers/,4,observed,
recruitee,growprogress,growprogress,https://growprogress.recruitee.com,https://growprogress.recruitee.com/api/offers/,1,observed,
recruitee,gsbsolutions1,gsbsolutions1,https://gsbsolutions1.recruitee.com,https://gsbsolutions1.recruitee.com/api/offers/,35,observed,
recruitee,guidion6,guidion6,https://guidion6.recruitee.com,https://guidion6.recruitee.com/api/offers/,15,observed,
recruitee,habilians,habilians,https://habilians.recruitee.com,https://habilians.recruitee.com/api/offers/,2,observed,
recruitee,hainmueller,hainmueller,https://hainmueller.recruitee.com,https://hainmueller.recruitee.com/api/offers/,7,observed,
recruitee,halbersbacherhospitalitygroup,halbersbacherhospitalitygroup,https://halbersbacherhospitalitygroup.recruitee.com,https://halbersbacherhospitalitygroup.recruitee.com/api/offers/,14,observed,
recruitee,hamelin,hamelin,https://hamelin.recruitee.com,https://hamelin.recruitee.com/api/offers/,32,observed,
recruitee,happeo,happeo,https://happeo.recruitee.com,https://happeo.recruitee.com/api/offers/,2,observed,
recruitee,hardrockdigital,hardrockdigital,https://hardrockdigital.recruitee.com,https://hardrockdigital.recruitee.com/api/offers/,53,observed,
recruitee,hascoinvest,hascoinvest,https://hascoinvest.recruitee.com,https://hascoinvest.recruitee.com/api/offers/,80,observed,
recruitee,hatchtech,hatchtech,https://hatchtech.recruitee.com,https://hatchtech.recruitee.com/api/offers/,3,observed,
recruitee,hausmeisterkrause,hausmeisterkrause,https://hausmeisterkrause.recruitee.com,https://hausmeisterkrause.recruitee.com/api/offers/,6,observed,
recruitee,headfirst,headfirst,https://headfirst.recruitee.com,https://headfirst.recruitee.com/api/offers/,31,observed,
recruitee,healthcare,healthcare,https://healthcare.recruitee.com,https://healthcare.recruitee.com/api/offers/,2,observed,
recruitee,heattransformers,heattransformers,https://heattransformers.recruitee.com,https://heattransformers.recruitee.com/api/offers/,4,observed,
recruitee,heembouw,heembouw,https://heembouw.recruitee.com,https://heembouw.recruitee.com/api/offers/,30,observed,
recruitee,heilindelectronicseurope,heilindelectronicseurope,https://heilindelectronicseurope.recruitee.com,https://heilindelectronicseurope.recruitee.com/api/offers/,5,observed,
recruitee,heliumdoc,heliumdoc,https://heliumdoc.recruitee.com,https://heliumdoc.recruitee.com/api/offers/,3,observed,
recruitee,helloprint,helloprint,https://helloprint.recruitee.com,https://helloprint.recruitee.com/api/offers/,4,observed,
recruitee,helmitehdas,helmitehdas,https://helmitehdas.recruitee.com,https://helmitehdas.recruitee.com/api/offers/,1,observed,
recruitee,highspiritshospitality,highspiritshospitality,https://highspiritshospitality.recruitee.com,https://highspiritshospitality.recruitee.com/api/offers/,13,observed,
recruitee,hived,hived,https://hived.recruitee.com,https://hived.recruitee.com/api/offers/,8,observed,
recruitee,holepunch,holepunch,https://holepunch.recruitee.com,https://holepunch.recruitee.com/api/offers/,2,observed,
recruitee,homodea,homodea,https://homodea.recruitee.com,https://homodea.recruitee.com/api/offers/,6,observed,
recruitee,hostaway,hostaway,https://hostaway.recruitee.com,https://hostaway.recruitee.com/api/offers/,13,observed,
recruitee,hoteldewittebergen,hoteldewittebergen,https://hoteldewittebergen.recruitee.com,https://hoteldewittebergen.recruitee.com/api/offers/,10,observed,
recruitee,hoteldrachten,hoteldrachten,https://hoteldrachten.recruitee.com,https://hoteldrachten.recruitee.com/api/offers/,4,observed,
recruitee,hotelmechelen,hotelmechelen,https://hotelmechelen.recruitee.com,https://hotelmechelen.recruitee.com/api/offers/,3,observed,
recruitee,hotelnazareth,hotelnazareth,https://hotelnazareth.recruitee.com,https://hotelnazareth.recruitee.com/api/offers/,5,observed,
recruitee,hotelnijmegen,hotelnijmegen,https://hotelnijmegen.recruitee.com,https://hotelnijmegen.recruitee.com/api/offers/,5,observed,
recruitee,hoteltexel,hoteltexel,https://hoteltexel.recruitee.com,https://hoteltexel.recruitee.com/api/offers/,6,observed,
recruitee,hoteltwentyseven,hoteltwentyseven,https://hoteltwentyseven.recruitee.com,https://hoteltwentyseven.recruitee.com/api/offers/,23,observed,
recruitee,hotelverviers,hotelverviers,https://hotelverviers.recruitee.com,https://hotelverviers.recruitee.com/api/offers/,3,observed,
recruitee,hotelwesterbroek,hotelwesterbroek,https://hotelwesterbroek.recruitee.com,https://hotelwesterbroek.recruitee.com/api/offers/,12,observed,
recruitee,hrjobmatcher,hrjobmatcher,https://hrjobmatcher.recruitee.com,https://hrjobmatcher.recruitee.com/api/offers/,2,observed,
recruitee,huaweicanada,huaweicanada,https://huaweicanada.recruitee.com,https://huaweicanada.recruitee.com/api/offers/,173,observed,
recruitee,hudsonmanpower,hudsonmanpower,https://hudsonmanpower.recruitee.com,https://hudsonmanpower.recruitee.com/api/offers/,601,observed,
recruitee,huizingharvest,huizingharvest,https://huizingharvest.recruitee.com,https://huizingharvest.recruitee.com/api/offers/,16,observed,
recruitee,huuuge,huuuge,https://huuuge.recruitee.com,https://huuuge.recruitee.com/api/offers/,8,observed,
recruitee,hyand,hyand,https://hyand.recruitee.com,https://hyand.recruitee.com/api/offers/,17,observed,
recruitee,hydriveengineeringgmbh,hydriveengineeringgmbh,https://hydriveengineeringgmbh.recruitee.com,https://hydriveengineeringgmbh.recruitee.com/api/offers/,6,observed,
recruitee,hygraph,hygraph,https://hygraph.recruitee.com,https://hygraph.recruitee.com/api/offers/,4,observed,
recruitee,ibexa,ibexa,https://ibexa.recruitee.com,https://ibexa.recruitee.com/api/offers/,9,observed,
recruitee,icon,icon,https://icon.recruitee.com,https://icon.recruitee.com/api/offers/,2,observed,
recruitee,ikbenfrits,ikbenfrits,https://ikbenfrits.recruitee.com,https://ikbenfrits.recruitee.com/api/offers/,5,observed,
recruitee,ikpartners,ikpartners,https://ikpartners.recruitee.com,https://ikpartners.recruitee.com/api/offers/,3,observed,
recruitee,imnoo,imnoo,https://imnoo.recruitee.com,https://imnoo.recruitee.com/api/offers/,5,observed,
recruitee,impactbrands,impactbrands,https://impactbrands.recruitee.com,https://impactbrands.recruitee.com/api/offers/,5,observed,
recruitee,inconed,inconed,https://inconed.recruitee.com,https://inconed.recruitee.com/api/offers/,5,observed,
recruitee,indg,indg,https://indg.recruitee.com,https://indg.recruitee.com/api/offers/,20,observed,
recruitee,inepro,inepro,https://inepro.recruitee.com,https://inepro.recruitee.com/api/offers/,5,observed,
recruitee,infinitaslearning1,infinitaslearning1,https://infinitaslearning1.recruitee.com,https://infinitaslearning1.recruitee.com/api/offers/,1,observed,
recruitee,innovamarketinsights,innovamarketinsights,https://innovamarketinsights.recruitee.com,https://innovamarketinsights.recruitee.com/api/offers/,9,observed,
recruitee,innovativebeautygroup,innovativebeautygroup,https://innovativebeautygroup.recruitee.com,https://innovativebeautygroup.recruitee.com/api/offers/,10,observed,
recruitee,innovencio,innovencio,https://innovencio.recruitee.com,https://innovencio.recruitee.com/api/offers/,3,observed,
recruitee,inovex,inovex,https://inovex.recruitee.com,https://inovex.recruitee.com/api/offers/,21,observed,
recruitee,insait,insait,https://insait.recruitee.com,https://insait.recruitee.com/api/offers/,3,observed,
recruitee,institutminestelecom,institutminestelecom,https://institutminestelecom.recruitee.com,https://institutminestelecom.recruitee.com/api/offers/,49,observed,
recruitee,instruqt,instruqt,https://instruqt.recruitee.com,https://instruqt.recruitee.com/api/offers/,2,observed,
recruitee,intelic,intelic,https://intelic.recruitee.com,https://intelic.recruitee.com/api/offers/,6,observed,
recruitee,intent,intent,https://intent.recruitee.com,https://intent.recruitee.com/api/offers/,13,observed,
recruitee,intergas,intergas,https://intergas.recruitee.com,https://intergas.recruitee.com/api/offers/,20,observed,
recruitee,internationalfoodconnectors,internationalfoodconnectors,https://internationalfoodconnectors.recruitee.com,https://internationalfoodconnectors.recruitee.com/api/offers/,2,observed,
recruitee,internetwerving,internetwerving,https://internetwerving.recruitee.com,https://internetwerving.recruitee.com/api/offers/,22,observed,
recruitee,interothesniffers,interothesniffers,https://interothesniffers.recruitee.com,https://interothesniffers.recruitee.com/api/offers/,8,observed,
recruitee,intersnackdeutschlandse,intersnackdeutschlandse,https://intersnackdeutschlandse.recruitee.com,https://intersnackdeutschlandse.recruitee.com/api/offers/,28,observed,
recruitee,interstellargroup,interstellargroup,https://interstellargroup.recruitee.com,https://interstellargroup.recruitee.com/api/offers/,37,observed,
recruitee,intescia,intescia,https://intescia.recruitee.com,https://intescia.recruitee.com/api/offers/,21,observed,
recruitee,intralot,intralot,https://intralot.recruitee.com,https://intralot.recruitee.com/api/offers/,42,observed,
recruitee,intuitionstaffing,intuitionstaffing,https://intuitionstaffing.recruitee.com,https://intuitionstaffing.recruitee.com/api/offers/,4,observed,
recruitee,investmentpunk,investmentpunk,https://investmentpunk.recruitee.com,https://investmentpunk.recruitee.com/api/offers/,9,observed,
recruitee,iprofilegmbh,iprofilegmbh,https://iprofilegmbh.recruitee.com,https://iprofilegmbh.recruitee.com/api/offers/,19,observed,
recruitee,irimed,irimed,https://irimed.recruitee.com,https://irimed.recruitee.com/api/offers/,9,observed,
recruitee,isdglobal,isdglobal,https://isdglobal.recruitee.com,https://isdglobal.recruitee.com/api/offers/,1,observed,
recruitee,ism,ism,https://ism.recruitee.com,https://ism.recruitee.com/api/offers/,4,observed,
recruitee,it,it,https://it.recruitee.com,https://it.recruitee.com/api/offers/,1,observed,
recruitee,itg,itg,https://itg.recruitee.com,https://itg.recruitee.com/api/offers/,4,observed,
recruitee,ixonbv,ixonbv,https://ixonbv.recruitee.com,https://ixonbv.recruitee.com/api/offers/,6,observed,
recruitee,jack,jack,https://jack.recruitee.com,https://jack.recruitee.com/api/offers/,1,observed,
recruitee,jafariconsulting,jafariconsulting,https://jafariconsulting.recruitee.com,https://jafariconsulting.recruitee.com/api/offers/,2,observed,
recruitee,janus,janus,https://janus.recruitee.com,https://janus.recruitee.com/api/offers/,,,
recruitee,jeffjill,jeffjill,https://jeffjill.recruitee.com,https://jeffjill.recruitee.com/api/offers/,21,observed,
recruitee,jeranexbp,jeranexbp,https://jeranexbp.recruitee.com,https://jeranexbp.recruitee.com/api/offers/,9,observed,
recruitee,jeugdprofessionalsnederland,jeugdprofessionalsnederland,https://jeugdprofessionalsnederland.recruitee.com,https://jeugdprofessionalsnederland.recruitee.com/api/offers/,33,observed,
recruitee,jimmytechnologies,jimmytechnologies,https://jimmytechnologies.recruitee.com,https://jimmytechnologies.recruitee.com/api/offers/,2,observed,
recruitee,jobmatix,jobmatix,https://jobmatix.recruitee.com,https://jobmatix.recruitee.com/api/offers/,2,observed,
recruitee,jobsatlanticlabsfoodlabs,jobsatlanticlabsfoodlabs,https://jobsatlanticlabsfoodlabs.recruitee.com,https://jobsatlanticlabsfoodlabs.recruitee.com/api/offers/,14,observed,
recruitee,jobsatlanticvc,jobsatlanticvc,https://jobsatlanticvc.recruitee.com,https://jobsatlanticvc.recruitee.com/api/offers/,14,observed,
recruitee,jobsatlanticvcfoodlabs,jobsatlanticvcfoodlabs,https://jobsatlanticvcfoodlabs.recruitee.com,https://jobsatlanticvcfoodlabs.recruitee.com/api/offers/,14,observed,
recruitee,jobsdeerns,jobsdeerns,https://jobsdeerns.recruitee.com,https://jobsdeerns.recruitee.com/api/offers/,79,observed,
recruitee,jobspeakcoaching,jobspeakcoaching,https://jobspeakcoaching.recruitee.com,https://jobspeakcoaching.recruitee.com/api/offers/,11,observed,
recruitee,johogroup,johogroup,https://johogroup.recruitee.com,https://johogroup.recruitee.com/api/offers/,4,observed,
recruitee,juliusbergerinternationalgmbh,juliusbergerinternationalgmbh,https://juliusbergerinternationalgmbh.recruitee.com,https://juliusbergerinternationalgmbh.recruitee.com/api/offers/,34,observed,
recruitee,jumpfactor,jumpfactor,https://jumpfactor.recruitee.com,https://jumpfactor.recruitee.com/api/offers/,8,observed,
recruitee,junolegal,junolegal,https://junolegal.recruitee.com,https://junolegal.recruitee.com/api/offers/,4,observed,
recruitee,justrussel,justrussel,https://justrussel.recruitee.com,https://justrussel.recruitee.com/api/offers/,5,observed,
recruitee,kaizo,kaizo,https://kaizo.recruitee.com,https://kaizo.recruitee.com/api/offers/,5,observed,
recruitee,kaliop,kaliop,https://kaliop.recruitee.com,https://kaliop.recruitee.com/api/offers/,3,observed,
recruitee,kandinsky,kandinsky,https://kandinsky.recruitee.com,https://kandinsky.recruitee.com/api/offers/,3,observed,
recruitee,kantega,kantega,https://kantega.recruitee.com,https://kantega.recruitee.com/api/offers/,8,observed,
recruitee,karriere,karriere,https://karriere.recruitee.com,https://karriere.recruitee.com/api/offers/,4,observed,
recruitee,karriereboeckelsbestede,karriereboeckelsbestede,https://karriereboeckelsbestede.recruitee.com,https://karriereboeckelsbestede.recruitee.com/api/offers/,28,observed,
recruitee,karrierehall,karrierehall,https://karrierehall.recruitee.com,https://karrierehall.recruitee.com/api/offers/,18,observed,
recruitee,karriererheinzeitung,karriererheinzeitung,https://karriererheinzeitung.recruitee.com,https://karriererheinzeitung.recruitee.com/api/offers/,14,observed,
recruitee,karriereteachingsocials,karriereteachingsocials,https://karriereteachingsocials.recruitee.com,https://karriereteachingsocials.recruitee.com/api/offers/,11,observed,
recruitee,kaupunkiliikenne,kaupunkiliikenne,https://kaupunkiliikenne.recruitee.com,https://kaupunkiliikenne.recruitee.com/api/offers/,2,observed,
recruitee,kb,kb,https://kb.recruitee.com,https://kb.recruitee.com/api/offers/,1,observed,
recruitee,kdci1,kdci1,https://kdci1.recruitee.com,https://kdci1.recruitee.com/api/offers/,39,observed,
recruitee,keunecareers,keunecareers,https://keunecareers.recruitee.com,https://keunecareers.recruitee.com/api/offers/,13,observed,
recruitee,keyencecanadainc,keyencecanadainc,https://keyencecanadainc.recruitee.com,https://keyencecanadainc.recruitee.com/api/offers/,2,observed,
recruitee,khonraad,khonraad,https://khonraad.recruitee.com,https://khonraad.recruitee.com/api/offers/,3,observed,
recruitee,kiesertrainingag,kiesertrainingag,https://kiesertrainingag.recruitee.com,https://kiesertrainingag.recruitee.com/api/offers/,42,observed,
recruitee,klymagmbh1,klymagmbh1,https://klymagmbh1.recruitee.com,https://klymagmbh1.recruitee.com/api/offers/,8,observed,
recruitee,knuddels,knuddels,https://knuddels.recruitee.com,https://knuddels.recruitee.com/api/offers/,6,observed,
recruitee,kodify,kodify,https://kodify.recruitee.com,https://kodify.recruitee.com/api/offers/,7,observed,
recruitee,konicaminolta,konicaminolta,https://konicaminolta.recruitee.com,https://konicaminolta.recruitee.com/api/offers/,10,observed,
recruitee,koninklijkesportfondsennederlandbv,koninklijkesportfondsennederlandbv,https://koninklijkesportfondsennederlandbv.recruitee.com,https://koninklijkesportfondsennederlandbv.recruitee.com/api/offers/,160,observed,
recruitee,kornerrealestategmbh,kornerrealestategmbh,https://kornerrealestategmbh.recruitee.com,https://kornerrealestategmbh.recruitee.com/api/offers/,10,observed,
recruitee,korton,korton,https://korton.recruitee.com,https://korton.recruitee.com/api/offers/,4,observed,
recruitee,kpsnacks,kpsnacks,https://kpsnacks.recruitee.com,https://kpsnacks.recruitee.com/api/offers/,23,observed,
recruitee,kpsteuerberatung,kpsteuerberatung,https://kpsteuerberatung.recruitee.com,https://kpsteuerberatung.recruitee.com/api/offers/,4,observed,
recruitee,kraamzorgvda,kraamzorgvda,https://kraamzorgvda.recruitee.com,https://kraamzorgvda.recruitee.com/api/offers/,6,observed,
recruitee,kravet,kravet,https://kravet.recruitee.com,https://kravet.recruitee.com/api/offers/,22,observed,
recruitee,kriegersteuerberatungsgesellschaft,kriegersteuerberatungsgesellschaft,https://kriegersteuerberatungsgesellschaft.recruitee.com,https://kriegersteuerberatungsgesellschaft.recruitee.com/api/offers/,10,observed,
recruitee,krikri,krikri,https://krikri.recruitee.com,https://krikri.recruitee.com/api/offers/,17,observed,
recruitee,kybunjoyaretail,kybunjoyaretail,https://kybunjoyaretail.recruitee.com,https://kybunjoyaretail.recruitee.com/api/offers/,4,observed,
recruitee,lammhr,lammhr,https://lammhr.recruitee.com,https://lammhr.recruitee.com/api/offers/,53,observed,
recruitee,landlifecompany,landlifecompany,https://landlifecompany.recruitee.com,https://landlifecompany.recruitee.com/api/offers/,1,observed,
recruitee,lassnerkarriere,lassnerkarriere,https://lassnerkarriere.recruitee.com,https://lassnerkarriere.recruitee.com/api/offers/,5,observed,
recruitee,learnbydoinginc,learnbydoinginc,https://learnbydoinginc.recruitee.com,https://learnbydoinginc.recruitee.com/api/offers/,4,observed,
recruitee,learned,learned,https://learned.recruitee.com,https://learned.recruitee.com/api/offers/,10,observed,
recruitee,leaseabike,leaseabike,https://leaseabike.recruitee.com,https://leaseabike.recruitee.com/api/offers/,7,observed,
recruitee,leeruniek,leeruniek,https://leeruniek.recruitee.com,https://leeruniek.recruitee.com/api/offers/,1,observed,
recruitee,lefebvresdu,lefebvresdu,https://lefebvresdu.recruitee.com,https://lefebvresdu.recruitee.com/api/offers/,14,observed,
recruitee,leostevenscie,leostevenscie,https://leostevenscie.recruitee.com,https://leostevenscie.recruitee.com/api/offers/,8,observed,
recruitee,lesbonsprofils,lesbonsprofils,https://lesbonsprofils.recruitee.com,https://lesbonsprofils.recruitee.com/api/offers/,10,observed,
recruitee,lessonup,lessonup,https://lessonup.recruitee.com,https://lessonup.recruitee.com/api/offers/,2,observed,
recruitee,levieuxmenuisiers,levieuxmenuisiers,https://levieuxmenuisiers.recruitee.com,https://levieuxmenuisiers.recruitee.com/api/offers/,3,observed,
recruitee,leydenjar,leydenjar,https://leydenjar.recruitee.com,https://leydenjar.recruitee.com/api/offers/,5,observed,
recruitee,leydenlabs,leydenlabs,https://leydenlabs.recruitee.com,https://leydenlabs.recruitee.com/api/offers/,3,observed,
recruitee,lg2,lg2,https://lg2.recruitee.com,https://lg2.recruitee.com/api/offers/,20,observed,
recruitee,lindemannmetalrecycling,lindemannmetalrecycling,https://lindemannmetalrecycling.recruitee.com,https://lindemannmetalrecycling.recruitee.com/api/offers/,1,observed,
recruitee,lippepersonal,lippepersonal,https://lippepersonal.recruitee.com,https://lippepersonal.recruitee.com/api/offers/,18,observed,
recruitee,lister,lister,https://lister.recruitee.com,https://lister.recruitee.com/api/offers/,33,observed,
recruitee,litit,litit,https://litit.recruitee.com,https://litit.recruitee.com/api/offers/,17,observed,
recruitee,livesport,livesport,https://livesport.recruitee.com,https://livesport.recruitee.com/api/offers/,2,observed,
recruitee,livestorm,livestorm,https://livestorm.recruitee.com,https://livestorm.recruitee.com/api/offers/,2,observed,
recruitee,livezoku,livezoku,https://livezoku.recruitee.com,https://livezoku.recruitee.com/api/offers/,10,observed,
recruitee,lleverage,lleverage,https://lleverage.recruitee.com,https://lleverage.recruitee.com/api/offers/,3,observed,
recruitee,logex,logex,https://logex.recruitee.com,https://logex.recruitee.com/api/offers/,13,observed,
recruitee,londiscareers,londiscareers,https://londiscareers.recruitee.com,https://londiscareers.recruitee.com/api/offers/,62,observed,
recruitee,lovebetter,lovebetter,https://lovebetter.recruitee.com,https://lovebetter.recruitee.com/api/offers/,4,observed,
recruitee,luckycart,luckycart,https://luckycart.recruitee.com,https://luckycart.recruitee.com/api/offers/,1,observed,
recruitee,luscii,luscii,https://luscii.recruitee.com,https://luscii.recruitee.com/api/offers/,6,observed,
recruitee,lxt,lxt,https://lxt.recruitee.com,https://lxt.recruitee.com/api/offers/,3,observed,
recruitee,m1,m1,https://m1.recruitee.com,https://m1.recruitee.com/api/offers/,5,observed,
recruitee,m3immobilien,m3immobilien,https://m3immobilien.recruitee.com,https://m3immobilien.recruitee.com/api/offers/,11,observed,
recruitee,machinelearningreply,machinelearningreply,https://machinelearningreply.recruitee.com,https://machinelearningreply.recruitee.com/api/offers/,13,observed,
recruitee,madewithlove,madewithlove,https://madewithlove.recruitee.com,https://madewithlove.recruitee.com/api/offers/,1,observed,
recruitee,mag,mag,https://mag.recruitee.com,https://mag.recruitee.com/api/offers/,2,observed,
recruitee,maierheiztechnikgmbh,maierheiztechnikgmbh,https://maierheiztechnikgmbh.recruitee.com,https://maierheiztechnikgmbh.recruitee.com/api/offers/,18,observed,
recruitee,mailerlite,mailerlite,https://mailerlite.recruitee.com,https://mailerlite.recruitee.com/api/offers/,2,observed,
recruitee,mainstream,mainstream,https://mainstream.recruitee.com,https://mainstream.recruitee.com/api/offers/,7,observed,
recruitee,makersitegmbh,makersitegmbh,https://makersitegmbh.recruitee.com,https://makersitegmbh.recruitee.com/api/offers/,2,observed,
recruitee,manhattanspecialtycare,manhattanspecialtycare,https://manhattanspecialtycare.recruitee.com,https://manhattanspecialtycare.recruitee.com/api/offers/,7,observed,
recruitee,maris,maris,https://maris.recruitee.com,https://maris.recruitee.com/api/offers/,7,observed,
recruitee,maritiemmuseumrotterdam,maritiemmuseumrotterdam,https://maritiemmuseumrotterdam.recruitee.com,https://maritiemmuseumrotterdam.recruitee.com/api/offers/,9,observed,
recruitee,marleenkookt,marleenkookt,https://marleenkookt.recruitee.com,https://marleenkookt.recruitee.com/api/offers/,5,observed,
recruitee,masterenglish,masterenglish,https://masterenglish.recruitee.com,https://masterenglish.recruitee.com/api/offers/,2,observed,
recruitee,matera,matera,https://matera.recruitee.com,https://matera.recruitee.com/api/offers/,25,observed,
recruitee,mathrix,mathrix,https://mathrix.recruitee.com,https://mathrix.recruitee.com/api/offers/,8,observed,
recruitee,mayflower,mayflower,https://mayflower.recruitee.com,https://mayflower.recruitee.com/api/offers/,40,observed,
recruitee,mbio,mbio,https://mbio.recruitee.com,https://mbio.recruitee.com/api/offers/,3,observed,
recruitee,mbw,mbw,https://mbw.recruitee.com,https://mbw.recruitee.com/api/offers/,3,observed,
recruitee,mcb,mcb,https://mcb.recruitee.com,https://mcb.recruitee.com/api/offers/,28,observed,
recruitee,mcdglobalhealth,mcdglobalhealth,https://mcdglobalhealth.recruitee.com,https://mcdglobalhealth.recruitee.com/api/offers/,16,observed,
recruitee,mda,mda,https://mda.recruitee.com,https://mda.recruitee.com/api/offers/,8,observed,
recruitee,meddy1,meddy1,https://meddy1.recruitee.com,https://meddy1.recruitee.com/api/offers/,3,observed,
recruitee,medecinssansfrontieressuisse,medecinssansfrontieressuisse,https://medecinssansfrontieressuisse.recruitee.com,https://medecinssansfrontieressuisse.recruitee.com/api/offers/,3,observed,
recruitee,medecinssansfrontiereswaca,medecinssansfrontiereswaca,https://medecinssansfrontiereswaca.recruitee.com,https://medecinssansfrontiereswaca.recruitee.com/api/offers/,3,observed,
recruitee,mediantechnologies,mediantechnologies,https://mediantechnologies.recruitee.com,https://mediantechnologies.recruitee.com/api/offers/,3,observed,
recruitee,medmehealth,medmehealth,https://medmehealth.recruitee.com,https://medmehealth.recruitee.com/api/offers/,4,observed,
recruitee,megagroupinternational,megagroupinternational,https://megagroupinternational.recruitee.com,https://megagroupinternational.recruitee.com/api/offers/,10,observed,
recruitee,meiarchitectsplanners,meiarchitectsplanners,https://meiarchitectsplanners.recruitee.com,https://meiarchitectsplanners.recruitee.com/api/offers/,1,observed,
recruitee,meliorate,meliorate,https://meliorate.recruitee.com,https://meliorate.recruitee.com/api/offers/,5,observed,
recruitee,meliorategmbh1,meliorategmbh1,https://meliorategmbh1.recruitee.com,https://meliorategmbh1.recruitee.com/api/offers/,5,observed,
recruitee,meltandmarble,meltandmarble,https://meltandmarble.recruitee.com,https://meltandmarble.recruitee.com/api/offers/,1,observed,
recruitee,mercesbv,mercesbv,https://mercesbv.recruitee.com,https://mercesbv.recruitee.com/api/offers/,11,observed,
recruitee,merford,merford,https://merford.recruitee.com,https://merford.recruitee.com/api/offers/,10,observed,
recruitee,merkur,merkur,https://merkur.recruitee.com,https://merkur.recruitee.com/api/offers/,23,observed,
recruitee,merkurzavarovalnica,merkurzavarovalnica,https://merkurzavarovalnica.recruitee.com,https://merkurzavarovalnica.recruitee.com/api/offers/,9,observed,
recruitee,meta,meta,https://meta.recruitee.com,https://meta.recruitee.com/api/offers/,1,observed,
recruitee,metamundo,metamundo,https://metamundo.recruitee.com,https://metamundo.recruitee.com/api/offers/,5,observed,
recruitee,metyisag,metyisag,https://metyisag.recruitee.com,https://metyisag.recruitee.com/api/offers/,67,observed,
recruitee,mgid,mgid,https://mgid.recruitee.com,https://mgid.recruitee.com/api/offers/,12,observed,
recruitee,miaplaza,miaplaza,https://miaplaza.recruitee.com,https://miaplaza.recruitee.com/api/offers/,3,observed,
recruitee,michelscom,michelscom,https://michelscom.recruitee.com,https://michelscom.recruitee.com/api/offers/,10,observed,
recruitee,miebachconsulting,miebachconsulting,https://miebachconsulting.recruitee.com,https://miebachconsulting.recruitee.com/api/offers/,12,observed,
recruitee,mirka,mirka,https://mirka.recruitee.com,https://mirka.recruitee.com/api/offers/,4,observed,
recruitee,mobilexpense,mobilexpense,https://mobilexpense.recruitee.com,https://mobilexpense.recruitee.com/api/offers/,2,observed,
recruitee,mobilityplus,mobilityplus,https://mobilityplus.recruitee.com,https://mobilityplus.recruitee.com/api/offers/,4,observed,
recruitee,modulussa,modulussa,https://modulussa.recruitee.com,https://modulussa.recruitee.com/api/offers/,2,observed,
recruitee,momomedicalbv,momomedicalbv,https://momomedicalbv.recruitee.com,https://momomedicalbv.recruitee.com/api/offers/,11,observed,
recruitee,mondaymerch,mondaymerch,https://mondaymerch.recruitee.com,https://mondaymerch.recruitee.com/api/offers/,23,observed,
recruitee,monizze,monizze,https://monizze.recruitee.com,https://monizze.recruitee.com/api/offers/,3,observed,
recruitee,monsterscore,monsterscore,https://monsterscore.recruitee.com,https://monsterscore.recruitee.com/api/offers/,11,observed,
recruitee,movares,movares,https://movares.recruitee.com,https://movares.recruitee.com/api/offers/,49,observed,
recruitee,moweryschoenfeldllc,moweryschoenfeldllc,https://moweryschoenfeldllc.recruitee.com,https://moweryschoenfeldllc.recruitee.com/api/offers/,15,observed,
recruitee,mrmarinegroup,mrmarinegroup,https://mrmarinegroup.recruitee.com,https://mrmarinegroup.recruitee.com/api/offers/,20,observed,
recruitee,msf,msf,https://msf.recruitee.com,https://msf.recruitee.com/api/offers/,5,observed,
recruitee,mstudio,mstudio,https://mstudio.recruitee.com,https://mstudio.recruitee.com/api/offers/,7,observed,
recruitee,mudwtr,mudwtr,https://mudwtr.recruitee.com,https://mudwtr.recruitee.com/api/offers/,2,observed,
recruitee,multitankcard,multitankcard,https://multitankcard.recruitee.com,https://multitankcard.recruitee.com/api/offers/,1,observed,
recruitee,mumc,mumc,https://mumc.recruitee.com,https://mumc.recruitee.com/api/offers/,67,observed,
recruitee,munichsecurity,munichsecurity,https://munichsecurity.recruitee.com,https://munichsecurity.recruitee.com/api/offers/,4,observed,
recruitee,myflexbox,myflexbox,https://myflexbox.recruitee.com,https://myflexbox.recruitee.com/api/offers/,13,observed,
recruitee,myr,myr,https://myr.recruitee.com,https://myr.recruitee.com/api/offers/,2,observed,
recruitee,n2jsoft,n2jsoft,https://n2jsoft.recruitee.com,https://n2jsoft.recruitee.com/api/offers/,6,observed,
recruitee,nachburag,nachburag,https://nachburag.recruitee.com,https://nachburag.recruitee.com/api/offers/,9,observed,
recruitee,namecheap,namecheap,https://namecheap.recruitee.com,https://namecheap.recruitee.com/api/offers/,2,observed,
recruitee,natuvion,natuvion,https://natuvion.recruitee.com,https://natuvion.recruitee.com/api/offers/,58,observed,
recruitee,nawirigroup,nawirigroup,https://nawirigroup.recruitee.com,https://nawirigroup.recruitee.com/api/offers/,6,observed,
recruitee,nemenergy,nemenergy,https://nemenergy.recruitee.com,https://nemenergy.recruitee.com/api/offers/,7,observed,
recruitee,nencofoodgroup,nencofoodgroup,https://nencofoodgroup.recruitee.com,https://nencofoodgroup.recruitee.com/api/offers/,1,observed,
recruitee,neokanzlei,neokanzlei,https://neokanzlei.recruitee.com,https://neokanzlei.recruitee.com/api/offers/,53,observed,
recruitee,nepocon,nepocon,https://nepocon.recruitee.com,https://nepocon.recruitee.com/api/offers/,26,observed,
recruitee,neptun,neptun,https://neptun.recruitee.com,https://neptun.recruitee.com/api/offers/,5,observed,
recruitee,neptune,neptune,https://neptune.recruitee.com,https://neptune.recruitee.com/api/offers/,2,observed,
recruitee,netconomy,netconomy,https://netconomy.recruitee.com,https://netconomy.recruitee.com/api/offers/,14,observed,
recruitee,netkum,netkum,https://netkum.recruitee.com,https://netkum.recruitee.com/api/offers/,2,observed,
recruitee,newelec,newelec,https://newelec.recruitee.com,https://newelec.recruitee.com/api/offers/,5,observed,
recruitee,newrest,newrest,https://newrest.recruitee.com,https://newrest.recruitee.com/api/offers/,9,observed,
recruitee,newspringnetwork,newspringnetwork,https://newspringnetwork.recruitee.com,https://newspringnetwork.recruitee.com/api/offers/,3,observed,
recruitee,nictiz,nictiz,https://nictiz.recruitee.com,https://nictiz.recruitee.com/api/offers/,1,observed,
recruitee,nmi,nmi,https://nmi.recruitee.com,https://nmi.recruitee.com/api/offers/,1,observed,
recruitee,noldus,noldus,https://noldus.recruitee.com,https://noldus.recruitee.com/api/offers/,3,observed,
recruitee,noordveluwsarchief,noordveluwsarchief,https://noordveluwsarchief.recruitee.com,https://noordveluwsarchief.recruitee.com/api/offers/,1,observed,
recruitee,normecfcnl,normecfcnl,https://normecfcnl.recruitee.com,https://normecfcnl.recruitee.com/api/offers/,19,observed,
recruitee,normecsunl,normecsunl,https://normecsunl.recruitee.com,https://normecsunl.recruitee.com/api/offers/,32,observed,
recruitee,normectalentpool,normectalentpool,https://normectalentpool.recruitee.com,https://normectalentpool.recruitee.com/api/offers/,1,observed,
recruitee,novakidschool,novakidschool,https://novakidschool.recruitee.com,https://novakidschool.recruitee.com/api/offers/,15,observed,
recruitee,nowatch,nowatch,https://nowatch.recruitee.com,https://nowatch.recruitee.com/api/offers/,1,observed,
recruitee,nozrecrute,nozrecrute,https://nozrecrute.recruitee.com,https://nozrecrute.recruitee.com/api/offers/,148,observed,
recruitee,ntm,ntm,https://ntm.recruitee.com,https://ntm.recruitee.com/api/offers/,2,observed,
recruitee,nts,nts,https://nts.recruitee.com,https://nts.recruitee.com/api/offers/,63,observed,
recruitee,nussbaumer,nussbaumer,https://nussbaumer.recruitee.com,https://nussbaumer.recruitee.com/api/offers/,6,observed,
recruitee,nuuvem,nuuvem,https://nuuvem.recruitee.com,https://nuuvem.recruitee.com/api/offers/,5,observed,
recruitee,nwbbank,nwbbank,https://nwbbank.recruitee.com,https://nwbbank.recruitee.com/api/offers/,2,observed,
recruitee,nwsgmbh,nwsgmbh,https://nwsgmbh.recruitee.com,https://nwsgmbh.recruitee.com/api/offers/,56,observed,
recruitee,nynconsulting,nynconsulting,https://nynconsulting.recruitee.com,https://nynconsulting.recruitee.com/api/offers/,5,observed,
recruitee,nyrahealth,nyrahealth,https://nyrahealth.recruitee.com,https://nyrahealth.recruitee.com/api/offers/,15,observed,
recruitee,o2h,o2h,https://o2h.recruitee.com,https://o2h.recruitee.com/api/offers/,3,observed,
recruitee,oakbrother,oakbrother,https://oakbrother.recruitee.com,https://oakbrother.recruitee.com/api/offers/,11,observed,
recruitee,oceansofenergy,oceansofenergy,https://oceansofenergy.recruitee.com,https://oceansofenergy.recruitee.com/api/offers/,3,observed,
recruitee,ockto,ockto,https://ockto.recruitee.com,https://ockto.recruitee.com/api/offers/,6,observed,
recruitee,oculus,oculus,https://oculus.recruitee.com,https://oculus.recruitee.com/api/offers/,2,observed,
recruitee,odion,odion,https://odion.recruitee.com,https://odion.recruitee.com/api/offers/,39,observed,
recruitee,odysseyschoolofdenver,odysseyschoolofdenver,https://odysseyschoolofdenver.recruitee.com,https://odysseyschoolofdenver.recruitee.com/api/offers/,1,observed,
recruitee,oead,oead,https://oead.recruitee.com,https://oead.recruitee.com/api/offers/,2,observed,
recruitee,oeadstudenthousing,oeadstudenthousing,https://oeadstudenthousing.recruitee.com,https://oeadstudenthousing.recruitee.com/api/offers/,1,observed,
recruitee,oejab,oejab,https://oejab.recruitee.com,https://oejab.recruitee.com/api/offers/,12,observed,
recruitee,ogcglobal,ogcglobal,https://ogcglobal.recruitee.com,https://ogcglobal.recruitee.com/api/offers/,7,observed,
recruitee,oil,oil,https://oil.recruitee.com,https://oil.recruitee.com/api/offers/,7,observed,
recruitee,omeris,omeris,https://omeris.recruitee.com,https://omeris.recruitee.com/api/offers/,51,observed,
recruitee,on2it,on2it,https://on2it.recruitee.com,https://on2it.recruitee.com/api/offers/,12,observed,
recruitee,oneventproductionco,oneventproductionco,https://oneventproductionco.recruitee.com,https://oneventproductionco.recruitee.com/api/offers/,6,observed,
recruitee,onlinedialog,onlinedialog,https://onlinedialog.recruitee.com,https://onlinedialog.recruitee.com/api/offers/,15,observed,
recruitee,onlinedialogue,onlinedialogue,https://onlinedialogue.recruitee.com,https://onlinedialogue.recruitee.com/api/offers/,4,observed,
recruitee,onstweedethuis,onstweedethuis,https://onstweedethuis.recruitee.com,https://onstweedethuis.recruitee.com/api/offers/,117,observed,
recruitee,opentag,opentag,https://opentag.recruitee.com,https://opentag.recruitee.com/api/offers/,8,observed,
recruitee,openvpn,openvpn,https://openvpn.recruitee.com,https://openvpn.recruitee.com/api/offers/,6,observed,
recruitee,opergraz,opergraz,https://opergraz.recruitee.com,https://opergraz.recruitee.com/api/offers/,6,observed,
recruitee,opplebv,opplebv,https://opplebv.recruitee.com,https://opplebv.recruitee.com/api/offers/,1,observed,
recruitee,opsbrasil,opsbrasil,https://opsbrasil.recruitee.com,https://opsbrasil.recruitee.com/api/offers/,9,observed,
recruitee,optics11,optics11,https://optics11.recruitee.com,https://optics11.recruitee.com/api/offers/,21,observed,
recruitee,opus,opus,https://opus.recruitee.com,https://opus.recruitee.com/api/offers/,27,observed,
recruitee,orangeburkina,orangeburkina,https://orangeburkina.recruitee.com,https://orangeburkina.recruitee.com/api/offers/,1,observed,
recruitee,otovo,otovo,https://otovo.recruitee.com,https://otovo.recruitee.com/api/offers/,21,observed,
recruitee,otsukapharmagmbh,otsukapharmagmbh,https://otsukapharmagmbh.recruitee.com,https://otsukapharmagmbh.recruitee.com/api/offers/,4,observed,
recruitee,ottawasafetycouncil,ottawasafetycouncil,https://ottawasafetycouncil.recruitee.com,https://ottawasafetycouncil.recruitee.com/api/offers/,5,observed,
recruitee,oxygenconservation,oxygenconservation,https://oxygenconservation.recruitee.com,https://oxygenconservation.recruitee.com/api/offers/,4,observed,
recruitee,ozeol,ozeol,https://ozeol.recruitee.com,https://ozeol.recruitee.com/api/offers/,24,observed,
recruitee,p1travel,p1travel,https://p1travel.recruitee.com,https://p1travel.recruitee.com/api/offers/,2,observed,
recruitee,p2projectenprocesmanagement,p2projectenprocesmanagement,https://p2projectenprocesmanagement.recruitee.com,https://p2projectenprocesmanagement.recruitee.com/api/offers/,6,observed,
recruitee,pacifico,pacifico,https://pacifico.recruitee.com,https://pacifico.recruitee.com/api/offers/,2,observed,
recruitee,pacmed,pacmed,https://pacmed.recruitee.com,https://pacmed.recruitee.com/api/offers/,3,observed,
recruitee,paiqo,paiqo,https://paiqo.recruitee.com,https://paiqo.recruitee.com/api/offers/,1,observed,
recruitee,palazzoversacedubai,palazzoversacedubai,https://palazzoversacedubai.recruitee.com,https://palazzoversacedubai.recruitee.com/api/offers/,20,observed,
recruitee,paragongermany,paragongermany,https://paragongermany.recruitee.com,https://paragongermany.recruitee.com/api/offers/,7,observed,
recruitee,parfumado,parfumado,https://parfumado.recruitee.com,https://parfumado.recruitee.com/api/offers/,5,observed,
recruitee,partejobs,partejobs,https://partejobs.recruitee.com,https://partejobs.recruitee.com/api/offers/,13,observed,
recruitee,partnerpointgmbh,partnerpointgmbh,https://partnerpointgmbh.recruitee.com,https://partnerpointgmbh.recruitee.com/api/offers/,2,observed,
recruitee,passionfroot,passionfroot,https://passionfroot.recruitee.com,https://passionfroot.recruitee.com/api/offers/,1,observed,
recruitee,pbwebmedia,pbwebmedia,https://pbwebmedia.recruitee.com,https://pbwebmedia.recruitee.com/api/offers/,2,observed,
recruitee,pdkarriere,pdkarriere,https://pdkarriere.recruitee.com,https://pdkarriere.recruitee.com/api/offers/,17,observed,
recruitee,peddler,peddler,https://peddler.recruitee.com,https://peddler.recruitee.com/api/offers/,5,observed,
recruitee,pelsrijcken,pelsrijcken,https://pelsrijcken.recruitee.com,https://pelsrijcken.recruitee.com/api/offers/,14,observed,
recruitee,peopleforpeople,peopleforpeople,https://peopleforpeople.recruitee.com,https://peopleforpeople.recruitee.com/api/offers/,1,observed,
recruitee,personeelszaken,personeelszaken,https://personeelszaken.recruitee.com,https://personeelszaken.recruitee.com/api/offers/,15,observed,
recruitee,petalmd,petalmd,https://petalmd.recruitee.com,https://petalmd.recruitee.com/api/offers/,7,observed,
recruitee,pevo,pevo,https://pevo.recruitee.com,https://pevo.recruitee.com/api/offers/,5,observed,
recruitee,picard,picard,https://picard.recruitee.com,https://picard.recruitee.com/api/offers/,6,observed,
recruitee,pineapple,pineapple,https://pineapple.recruitee.com,https://pineapple.recruitee.com/api/offers/,18,observed,
recruitee,pivotandedge,pivotandedge,https://pivotandedge.recruitee.com,https://pivotandedge.recruitee.com/api/offers/,15,observed,
recruitee,pixalione,pixalione,https://pixalione.recruitee.com,https://pixalione.recruitee.com/api/offers/,9,observed,
recruitee,pixelpool,pixelpool,https://pixelpool.recruitee.com,https://pixelpool.recruitee.com/api/offers/,1,observed,
recruitee,planatol,planatol,https://planatol.recruitee.com,https://planatol.recruitee.com/api/offers/,2,observed,
recruitee,plenetude,plenetude,https://plenetude.recruitee.com,https://plenetude.recruitee.com/api/offers/,6,observed,
recruitee,pmpg,pmpg,https://pmpg.recruitee.com,https://pmpg.recruitee.com/api/offers/,77,observed,
recruitee,podiumvictorie,podiumvictorie,https://podiumvictorie.recruitee.com,https://podiumvictorie.recruitee.com/api/offers/,1,observed,
recruitee,polaroid,polaroid,https://polaroid.recruitee.com,https://polaroid.recruitee.com/api/offers/,17,observed,
recruitee,pon22,pon22,https://pon22.recruitee.com,https://pon22.recruitee.com/api/offers/,18,observed,
recruitee,powerprozesse,powerprozesse,https://powerprozesse.recruitee.com,https://powerprozesse.recruitee.com/api/offers/,7,observed,
recruitee,ppg,ppg,https://ppg.recruitee.com,https://ppg.recruitee.com/api/offers/,19,observed,
recruitee,pragmaticcoders,pragmaticcoders,https://pragmaticcoders.recruitee.com,https://pragmaticcoders.recruitee.com/api/offers/,13,observed,
recruitee,preciamolen,preciamolen,https://preciamolen.recruitee.com,https://preciamolen.recruitee.com/api/offers/,29,observed,
recruitee,premiersystems1,premiersystems1,https://premiersystems1.recruitee.com,https://premiersystems1.recruitee.com/api/offers/,9,observed,
recruitee,prenosis,prenosis,https://prenosis.recruitee.com,https://prenosis.recruitee.com/api/offers/,1,observed,
recruitee,prijsvrijvakanties,prijsvrijvakanties,https://prijsvrijvakanties.recruitee.com,https://prijsvrijvakanties.recruitee.com/api/offers/,23,observed,
recruitee,primeworks,primeworks,https://primeworks.recruitee.com,https://primeworks.recruitee.com/api/offers/,8,observed,
recruitee,primion,primion,https://primion.recruitee.com,https://primion.recruitee.com/api/offers/,16,observed,
recruitee,primo,primo,https://primo.recruitee.com,https://primo.recruitee.com/api/offers/,7,observed,
recruitee,processit,processit,https://processit.recruitee.com,https://processit.recruitee.com/api/offers/,4,observed,
recruitee,prodigigroup,prodigigroup,https://prodigigroup.recruitee.com,https://prodigigroup.recruitee.com/api/offers/,3,observed,
recruitee,proindividuum,proindividuum,https://proindividuum.recruitee.com,https://proindividuum.recruitee.com/api/offers/,11,observed,
recruitee,propertyone,propertyone,https://propertyone.recruitee.com,https://propertyone.recruitee.com/api/offers/,6,observed,
recruitee,protectdemocracy,protectdemocracy,https://protectdemocracy.recruitee.com,https://protectdemocracy.recruitee.com/api/offers/,7,observed,
recruitee,protiviti,protiviti,https://protiviti.recruitee.com,https://protiviti.recruitee.com/api/offers/,7,observed,
recruitee,provisioniam,provisioniam,https://provisioniam.recruitee.com,https://provisioniam.recruitee.com/api/offers/,1,observed,
recruitee,pszelectronicgmbh,pszelectronicgmbh,https://pszelectronicgmbh.recruitee.com,https://pszelectronicgmbh.recruitee.com/api/offers/,11,observed,
recruitee,pur,pur,https://pur.recruitee.com,https://pur.recruitee.com/api/offers/,8,observed,
recruitee,puregymswiss,puregymswiss,https://puregymswiss.recruitee.com,https://puregymswiss.recruitee.com/api/offers/,29,observed,
recruitee,pvcase,pvcase,https://pvcase.recruitee.com,https://pvcase.recruitee.com/api/offers/,16,observed,
recruitee,pwrpackinternational,pwrpackinternational,https://pwrpackinternational.recruitee.com,https://pwrpackinternational.recruitee.com/api/offers/,9,observed,
recruitee,qaamgo,qaamgo,https://qaamgo.recruitee.com,https://qaamgo.recruitee.com/api/offers/,1,observed,
recruitee,qfin,qfin,https://qfin.recruitee.com,https://qfin.recruitee.com/api/offers/,5,observed,
recruitee,qinx,qinx,https://qinx.recruitee.com,https://qinx.recruitee.com/api/offers/,10,observed,
recruitee,qualinx,qualinx,https://qualinx.recruitee.com,https://qualinx.recruitee.com/api/offers/,9,observed,
recruitee,quality,quality,https://quality.recruitee.com,https://quality.recruitee.com/api/offers/,19,observed,
recruitee,quartz,quartz,https://quartz.recruitee.com,https://quartz.recruitee.com/api/offers/,11,observed,
recruitee,radishlab,radishlab,https://radishlab.recruitee.com,https://radishlab.recruitee.com/api/offers/,4,observed,
recruitee,railinnovatorsgroup,railinnovatorsgroup,https://railinnovatorsgroup.recruitee.com,https://railinnovatorsgroup.recruitee.com/api/offers/,11,observed,
recruitee,raketech,raketech,https://raketech.recruitee.com,https://raketech.recruitee.com/api/offers/,5,observed,
recruitee,rbcprojectsbv,rbcprojectsbv,https://rbcprojectsbv.recruitee.com,https://rbcprojectsbv.recruitee.com/api/offers/,39,observed,
recruitee,rbr,rbr,https://rbr.recruitee.com,https://rbr.recruitee.com/api/offers/,2,observed,
recruitee,rcube,rcube,https://rcube.recruitee.com,https://rcube.recruitee.com/api/offers/,10,observed,
recruitee,rdao,rdao,https://rdao.recruitee.com,https://rdao.recruitee.com/api/offers/,5,observed,
recruitee,rebuy,rebuy,https://rebuy.recruitee.com,https://rebuy.recruitee.com/api/offers/,6,observed,
recruitee,recaregmbh,recaregmbh,https://recaregmbh.recruitee.com,https://recaregmbh.recruitee.com/api/offers/,9,observed,
recruitee,reco,reco,https://reco.recruitee.com,https://reco.recruitee.com/api/offers/,24,observed,
recruitee,recruitsa,recruitsa,https://recruitsa.recruitee.com,https://recruitsa.recruitee.com/api/offers/,5,observed,
recruitee,redsky,redsky,https://redsky.recruitee.com,https://redsky.recruitee.com/api/offers/,19,observed,
recruitee,reiztech,reiztech,https://reiztech.recruitee.com,https://reiztech.recruitee.com/api/offers/,3,observed,
recruitee,relay,relay,https://relay.recruitee.com,https://relay.recruitee.com/api/offers/,1,observed,
recruitee,reploidgroupag,reploidgroupag,https://reploidgroupag.recruitee.com,https://reploidgroupag.recruitee.com/api/offers/,19,observed,
recruitee,reshift,reshift,https://reshift.recruitee.com,https://reshift.recruitee.com/api/offers/,2,observed,
recruitee,resourcefultalentgroup,resourcefultalentgroup,https://resourcefultalentgroup.recruitee.com,https://resourcefultalentgroup.recruitee.com/api/offers/,18,observed,
recruitee,rewire,rewire,https://rewire.recruitee.com,https://rewire.recruitee.com/api/offers/,11,observed,
recruitee,rhpartners,rhpartners,https://rhpartners.recruitee.com,https://rhpartners.recruitee.com/api/offers/,79,observed,
recruitee,riderlevettbucknall,riderlevettbucknall,https://riderlevettbucknall.recruitee.com,https://riderlevettbucknall.recruitee.com/api/offers/,9,observed,
recruitee,riedmair,riedmair,https://riedmair.recruitee.com,https://riedmair.recruitee.com/api/offers/,6,observed,
recruitee,rift,rift,https://rift.recruitee.com,https://rift.recruitee.com/api/offers/,7,observed,
recruitee,riverflex,riverflex,https://riverflex.recruitee.com,https://riverflex.recruitee.com/api/offers/,12,observed,
recruitee,roamlercareers,roamlercareers,https://roamlercareers.recruitee.com,https://roamlercareers.recruitee.com/api/offers/,2,observed,
recruitee,robert,robert,https://robert.recruitee.com,https://robert.recruitee.com/api/offers/,1,observed,
recruitee,rockencantechcarreiras,rockencantechcarreiras,https://rockencantechcarreiras.recruitee.com,https://rockencantechcarreiras.recruitee.com/api/offers/,1,observed,
recruitee,rocketwerkz,rocketwerkz,https://rocketwerkz.recruitee.com,https://rocketwerkz.recruitee.com/api/offers/,4,observed,
recruitee,rockstarexecs,rockstarexecs,https://rockstarexecs.recruitee.com,https://rockstarexecs.recruitee.com/api/offers/,1,observed,
recruitee,rosebelgoldmines,rosebelgoldmines,https://rosebelgoldmines.recruitee.com,https://rosebelgoldmines.recruitee.com/api/offers/,59,observed,
recruitee,roucoucou,roucoucou,https://roucoucou.recruitee.com,https://roucoucou.recruitee.com/api/offers/,14,observed,
recruitee,rovc,rovc,https://rovc.recruitee.com,https://rovc.recruitee.com/api/offers/,6,observed,
recruitee,roxhealth,roxhealth,https://roxhealth.recruitee.com,https://roxhealth.recruitee.com/api/offers/,2,observed,
recruitee,rtl,rtl,https://rtl.recruitee.com,https://rtl.recruitee.com/api/offers/,8,observed,
recruitee,rudolfweber,rudolfweber,https://rudolfweber.recruitee.com,https://rudolfweber.recruitee.com/api/offers/,8,observed,
recruitee,rupfindustries,rupfindustries,https://rupfindustries.recruitee.com,https://rupfindustries.recruitee.com/api/offers/,27,observed,
recruitee,saffier,saffier,https://saffier.recruitee.com,https://saffier.recruitee.com/api/offers/,43,observed,
recruitee,sahl,sahl,https://sahl.recruitee.com,https://sahl.recruitee.com/api/offers/,5,observed,
recruitee,salesup,salesup,https://salesup.recruitee.com,https://salesup.recruitee.com/api/offers/,8,observed,
recruitee,salmanamedicalbeautygmbh,salmanamedicalbeautygmbh,https://salmanamedicalbeautygmbh.recruitee.com,https://salmanamedicalbeautygmbh.recruitee.com/api/offers/,2,observed,
recruitee,saltsquare,saltsquare,https://saltsquare.recruitee.com,https://saltsquare.recruitee.com/api/offers/,2,observed,
recruitee,salzburgglobalseminar,salzburgglobalseminar,https://salzburgglobalseminar.recruitee.com,https://salzburgglobalseminar.recruitee.com/api/offers/,10,observed,
recruitee,sanitaereledelmann,sanitaereledelmann,https://sanitaereledelmann.recruitee.com,https://sanitaereledelmann.recruitee.com/api/offers/,1,observed,
recruitee,savantzorg,savantzorg,https://savantzorg.recruitee.com,https://savantzorg.recruitee.com/api/offers/,57,observed,
recruitee,schaefergmbh,schaefergmbh,https://schaefergmbh.recruitee.com,https://schaefergmbh.recruitee.com/api/offers/,7,observed,
recruitee,schenk,schenk,https://schenk.recruitee.com,https://schenk.recruitee.com/api/offers/,84,observed,
recruitee,schenktanktransport,schenktanktransport,https://schenktanktransport.recruitee.com,https://schenktanktransport.recruitee.com/api/offers/,84,observed,
recruitee,scheunpflugwirpflegen,scheunpflugwirpflegen,https://scheunpflugwirpflegen.recruitee.com,https://scheunpflugwirpflegen.recruitee.com/api/offers/,5,observed,
recruitee,schliebach,schliebach,https://schliebach.recruitee.com,https://schliebach.recruitee.com/api/offers/,1,observed,
recruitee,schneidermarketing,schneidermarketing,https://schneidermarketing.recruitee.com,https://schneidermarketing.recruitee.com/api/offers/,5,observed,
recruitee,schulzmarkenfamilie,schulzmarkenfamilie,https://schulzmarkenfamilie.recruitee.com,https://schulzmarkenfamilie.recruitee.com/api/offers/,3,observed,
recruitee,scioteq,scioteq,https://scioteq.recruitee.com,https://scioteq.recruitee.com/api/offers/,31,observed,
recruitee,scrumventures,scrumventures,https://scrumventures.recruitee.com,https://scrumventures.recruitee.com/api/offers/,4,observed,
recruitee,seafarnv,seafarnv,https://seafarnv.recruitee.com,https://seafarnv.recruitee.com/api/offers/,8,observed,
recruitee,shalestone,shalestone,https://shalestone.recruitee.com,https://shalestone.recruitee.com/api/offers/,8,observed,
recruitee,sharecompanygroup,sharecompanygroup,https://sharecompanygroup.recruitee.com,https://sharecompanygroup.recruitee.com/api/offers/,3,observed,
recruitee,shawarmaguys,shawarmaguys,https://shawarmaguys.recruitee.com,https://shawarmaguys.recruitee.com/api/offers/,2,observed,
recruitee,shippingtechnology,shippingtechnology,https://shippingtechnology.recruitee.com,https://shippingtechnology.recruitee.com/api/offers/,4,observed,
recruitee,shopmanufaktur,shopmanufaktur,https://shopmanufaktur.recruitee.com,https://shopmanufaktur.recruitee.com/api/offers/,8,observed,
recruitee,shopwareag,shopwareag,https://shopwareag.recruitee.com,https://shopwareag.recruitee.com/api/offers/,10,observed,
recruitee,sidelineswap,sidelineswap,https://sidelineswap.recruitee.com,https://sidelineswap.recruitee.com/api/offers/,3,observed,
recruitee,signifly,signifly,https://signifly.recruitee.com,https://signifly.recruitee.com/api/offers/,9,observed,
recruitee,silverein,silverein,https://silverein.recruitee.com,https://silverein.recruitee.com/api/offers/,132,observed,
recruitee,simvia,simvia,https://simvia.recruitee.com,https://simvia.recruitee.com/api/offers/,11,observed,
recruitee,siwaresystems,siwaresystems,https://siwaresystems.recruitee.com,https://siwaresystems.recruitee.com/api/offers/,4,observed,
recruitee,skfberlin,skfberlin,https://skfberlin.recruitee.com,https://skfberlin.recruitee.com/api/offers/,6,observed,
recruitee,skinvision1,skinvision1,https://skinvision1.recruitee.com,https://skinvision1.recruitee.com/api/offers/,3,observed,
recruitee,skipr,skipr,https://skipr.recruitee.com,https://skipr.recruitee.com/api/offers/,1,observed,
recruitee,skkarriere,skkarriere,https://skkarriere.recruitee.com,https://skkarriere.recruitee.com/api/offers/,42,observed,
recruitee,skmgroup,skmgroup,https://skmgroup.recruitee.com,https://skmgroup.recruitee.com/api/offers/,2,observed,
recruitee,skytree,skytree,https://skytree.recruitee.com,https://skytree.recruitee.com/api/offers/,10,observed,
recruitee,sl,sl,https://sl.recruitee.com,https://sl.recruitee.com/api/offers/,1,observed,
recruitee,sleep21,sleep21,https://sleep21.recruitee.com,https://sleep21.recruitee.com/api/offers/,1,observed,
recruitee,smartercorp,smartercorp,https://smartercorp.recruitee.com,https://smartercorp.recruitee.com/api/offers/,2,observed,
recruitee,smartrecruiting,smartrecruiting,https://smartrecruiting.recruitee.com,https://smartrecruiting.recruitee.com/api/offers/,14,observed,
recruitee,smskarriere,smskarriere,https://smskarriere.recruitee.com,https://smskarriere.recruitee.com/api/offers/,5,observed,
recruitee,sobinco,sobinco,https://sobinco.recruitee.com,https://sobinco.recruitee.com/api/offers/,12,observed,
recruitee,sofatutor,sofatutor,https://sofatutor.recruitee.com,https://sofatutor.recruitee.com/api/offers/,2,observed,
recruitee,solrecogmbh,solrecogmbh,https://solrecogmbh.recruitee.com,https://solrecogmbh.recruitee.com/api/offers/,3,observed,
recruitee,solvinity,solvinity,https://solvinity.recruitee.com,https://solvinity.recruitee.com/api/offers/,7,observed,
recruitee,somniosoftware,somniosoftware,https://somniosoftware.recruitee.com,https://somniosoftware.recruitee.com/api/offers/,3,observed,
recruitee,sonnenschutzdeb1ag,sonnenschutzdeb1ag,https://sonnenschutzdeb1ag.recruitee.com,https://sonnenschutzdeb1ag.recruitee.com/api/offers/,4,observed,
recruitee,soravia,soravia,https://soravia.recruitee.com,https://soravia.recruitee.com/api/offers/,6,observed,
recruitee,sovak3,sovak3,https://sovak3.recruitee.com,https://sovak3.recruitee.com/api/offers/,26,observed,
recruitee,sparcareers,sparcareers,https://sparcareers.recruitee.com,https://sparcareers.recruitee.com/api/offers/,269,observed,
recruitee,spardex,spardex,https://spardex.recruitee.com,https://spardex.recruitee.com/api/offers/,2,observed,
recruitee,spectrumam,spectrumam,https://spectrumam.recruitee.com,https://spectrumam.recruitee.com/api/offers/,12,observed,
recruitee,speditiondecker,speditiondecker,https://speditiondecker.recruitee.com,https://speditiondecker.recruitee.com/api/offers/,8,observed,
recruitee,speedlinehub,speedlinehub,https://speedlinehub.recruitee.com,https://speedlinehub.recruitee.com/api/offers/,10,observed,
recruitee,spinninrecordsandwmgbenelux,spinninrecordsandwmgbenelux,https://spinninrecordsandwmgbenelux.recruitee.com,https://spinninrecordsandwmgbenelux.recruitee.com/api/offers/,13,observed,
recruitee,sportbedrijfdrachten,sportbedrijfdrachten,https://sportbedrijfdrachten.recruitee.com,https://sportbedrijfdrachten.recruitee.com/api/offers/,1,observed,
recruitee,spotzer,spotzer,https://spotzer.recruitee.com,https://spotzer.recruitee.com/api/offers/,5,observed,
recruitee,sri,sri,https://sri.recruitee.com,https://sri.recruitee.com/api/offers/,9,observed,
recruitee,stacvalley,stacvalley,https://stacvalley.recruitee.com,https://stacvalley.recruitee.com/api/offers/,3,observed,
recruitee,stadtverwaltungdorsten,stadtverwaltungdorsten,https://stadtverwaltungdorsten.recruitee.com,https://stadtverwaltungdorsten.recruitee.com/api/offers/,32,observed,
recruitee,standard,standard,https://standard.recruitee.com,https://standard.recruitee.com/api/offers/,2,observed,
recruitee,stasinc,stasinc,https://stasinc.recruitee.com,https://stasinc.recruitee.com/api/offers/,7,observed,
recruitee,statuscag,statuscag,https://statuscag.recruitee.com,https://statuscag.recruitee.com/api/offers/,8,observed,
recruitee,stayery,stayery,https://stayery.recruitee.com,https://stayery.recruitee.com/api/offers/,22,observed,
recruitee,stelz,stelz,https://stelz.recruitee.com,https://stelz.recruitee.com/api/offers/,29,observed,
recruitee,stibbebv,stibbebv,https://stibbebv.recruitee.com,https://stibbebv.recruitee.com/api/offers/,38,observed,
recruitee,stichtingkwintes,stichtingkwintes,https://stichtingkwintes.recruitee.com,https://stichtingkwintes.recruitee.com/api/offers/,107,observed,
recruitee,stichtingsprank,stichtingsprank,https://stichtingsprank.recruitee.com,https://stichtingsprank.recruitee.com/api/offers/,25,observed,
recruitee,stichtingvoorieder1,stichtingvoorieder1,https://stichtingvoorieder1.recruitee.com,https://stichtingvoorieder1.recruitee.com/api/offers/,3,observed,
recruitee,stpaulsschool,stpaulsschool,https://stpaulsschool.recruitee.com,https://stpaulsschool.recruitee.com/api/offers/,4,observed,
recruitee,strata,strata,https://strata.recruitee.com,https://strata.recruitee.com/api/offers/,20,observed,
recruitee,strictbv,strictbv,https://strictbv.recruitee.com,https://strictbv.recruitee.com/api/offers/,6,observed,
recruitee,strix1,strix1,https://strix1.recruitee.com,https://strix1.recruitee.com/api/offers/,13,observed,
recruitee,stvdbrink,stvdbrink,https://stvdbrink.recruitee.com,https://stvdbrink.recruitee.com/api/offers/,24,observed,
recruitee,successday,successday,https://successday.recruitee.com,https://successday.recruitee.com/api/offers/,1,observed,
recruitee,summit,summit,https://summit.recruitee.com,https://summit.recruitee.com/api/offers/,1,observed,
recruitee,superlinear,superlinear,https://superlinear.recruitee.com,https://superlinear.recruitee.com/api/offers/,4,observed,
recruitee,supremesportshospitality,supremesportshospitality,https://supremesportshospitality.recruitee.com,https://supremesportshospitality.recruitee.com/api/offers/,17,observed,
recruitee,surfly,surfly,https://surfly.recruitee.com,https://surfly.recruitee.com/api/offers/,1,observed,
recruitee,sustainablecomfort,sustainablecomfort,https://sustainablecomfort.recruitee.com,https://sustainablecomfort.recruitee.com/api/offers/,10,observed,
recruitee,sverigesakassor,sverigesakassor,https://sverigesakassor.recruitee.com,https://sverigesakassor.recruitee.com/api/offers/,2,observed,
recruitee,svnl,svnl,https://svnl.recruitee.com,https://svnl.recruitee.com/api/offers/,20,observed,
recruitee,swisscom,swisscom,https://swisscom.recruitee.com,https://swisscom.recruitee.com/api/offers/,6,observed,
recruitee,synapseanalytics,synapseanalytics,https://synapseanalytics.recruitee.com,https://synapseanalytics.recruitee.com/api/offers/,13,observed,
recruitee,synergy,synergy,https://synergy.recruitee.com,https://synergy.recruitee.com/api/offers/,4,observed,
recruitee,tabelpersonal,tabelpersonal,https://tabelpersonal.recruitee.com,https://tabelpersonal.recruitee.com/api/offers/,100,observed,
recruitee,tabmed,tabmed,https://tabmed.recruitee.com,https://tabmed.recruitee.com/api/offers/,293,observed,
recruitee,tacobellnederland,tacobellnederland,https://tacobellnederland.recruitee.com,https://tacobellnederland.recruitee.com/api/offers/,37,observed,
recruitee,taledogmbh,taledogmbh,https://taledogmbh.recruitee.com,https://taledogmbh.recruitee.com/api/offers/,42,observed,
recruitee,talk360,talk360,https://talk360.recruitee.com,https://talk360.recruitee.com/api/offers/,3,observed,
recruitee,tampnet,tampnet,https://tampnet.recruitee.com,https://tampnet.recruitee.com/api/offers/,1,observed,
recruitee,taprootfoundation,taprootfoundation,https://taprootfoundation.recruitee.com,https://taprootfoundation.recruitee.com/api/offers/,1,observed,
recruitee,tbibank,tbibank,https://tbibank.recruitee.com,https://tbibank.recruitee.com/api/offers/,64,observed,
recruitee,te,te,https://te.recruitee.com,https://te.recruitee.com/api/offers/,1,observed,
recruitee,teamfortheplanet1,teamfortheplanet1,https://teamfortheplanet1.recruitee.com,https://teamfortheplanet1.recruitee.com/api/offers/,5,observed,
recruitee,tecclegroup,tecclegroup,https://tecclegroup.recruitee.com,https://tecclegroup.recruitee.com/api/offers/,7,observed,
recruitee,techbizglobal,techbizglobal,https://techbizglobal.recruitee.com,https://techbizglobal.recruitee.com/api/offers/,208,observed,
recruitee,technicaengineeringgmbh,technicaengineeringgmbh,https://technicaengineeringgmbh.recruitee.com,https://technicaengineeringgmbh.recruitee.com/api/offers/,11,observed,
recruitee,techpartnerships,techpartnerships,https://techpartnerships.recruitee.com,https://techpartnerships.recruitee.com/api/offers/,57,observed,
recruitee,televic,televic,https://televic.recruitee.com,https://televic.recruitee.com/api/offers/,38,observed,
recruitee,tereos,tereos,https://tereos.recruitee.com,https://tereos.recruitee.com/api/offers/,8,observed,
recruitee,tes,tes,https://tes.recruitee.com,https://tes.recruitee.com/api/offers/,6,observed,
recruitee,tessan1,tessan1,https://tessan1.recruitee.com,https://tessan1.recruitee.com/api/offers/,3,observed,
recruitee,testerwork,testerwork,https://testerwork.recruitee.com,https://testerwork.recruitee.com/api/offers/,10,observed,
recruitee,tether,tether,https://tether.recruitee.com,https://tether.recruitee.com/api/offers/,152,observed,
recruitee,tetratech,tetratech,https://tetratech.recruitee.com,https://tetratech.recruitee.com/api/offers/,29,observed,
recruitee,texaspolicy,texaspolicy,https://texaspolicy.recruitee.com,https://texaspolicy.recruitee.com/api/offers/,6,observed,
recruitee,tg,tg,https://tg.recruitee.com,https://tg.recruitee.com/api/offers/,1,observed,
recruitee,theaterhotelalmelo,theaterhotelalmelo,https://theaterhotelalmelo.recruitee.com,https://theaterhotelalmelo.recruitee.com/api/offers/,17,observed,
recruitee,thecareersteam,thecareersteam,https://thecareersteam.recruitee.com,https://thecareersteam.recruitee.com/api/offers/,5,observed,
recruitee,thegarlandcompany,thegarlandcompany,https://thegarlandcompany.recruitee.com,https://thegarlandcompany.recruitee.com/api/offers/,4,observed,
recruitee,thesafetynetwork,thesafetynetwork,https://thesafetynetwork.recruitee.com,https://thesafetynetwork.recruitee.com/api/offers/,33,observed,
recruitee,thesalescentre,thesalescentre,https://thesalescentre.recruitee.com,https://thesalescentre.recruitee.com/api/offers/,5,observed,
recruitee,thesjefgroup,thesjefgroup,https://thesjefgroup.recruitee.com,https://thesjefgroup.recruitee.com/api/offers/,10,observed,
recruitee,thiemt,thiemt,https://thiemt.recruitee.com,https://thiemt.recruitee.com/api/offers/,4,observed,
recruitee,thirdway,thirdway,https://thirdway.recruitee.com,https://thirdway.recruitee.com/api/offers/,5,observed,
recruitee,thollembeek,thollembeek,https://thollembeek.recruitee.com,https://thollembeek.recruitee.com/api/offers/,20,observed,
recruitee,thomannio,thomannio,https://thomannio.recruitee.com,https://thomannio.recruitee.com/api/offers/,1,observed,
recruitee,tidiocareer,tidiocareer,https://tidiocareer.recruitee.com,https://tidiocareer.recruitee.com/api/offers/,7,observed,
recruitee,tier1asset,tier1asset,https://tier1asset.recruitee.com,https://tier1asset.recruitee.com/api/offers/,1,observed,
recruitee,tierklinikoberhaching,tierklinikoberhaching,https://tierklinikoberhaching.recruitee.com,https://tierklinikoberhaching.recruitee.com/api/offers/,13,observed,
recruitee,timedoctor,timedoctor,https://timedoctor.recruitee.com,https://timedoctor.recruitee.com/api/offers/,4,observed,
recruitee,tiugotech,tiugotech,https://tiugotech.recruitee.com,https://tiugotech.recruitee.com/api/offers/,5,observed,
recruitee,tkhomesolutions,tkhomesolutions,https://tkhomesolutions.recruitee.com,https://tkhomesolutions.recruitee.com/api/offers/,3,observed,
recruitee,tolympgmbh,tolympgmbh,https://tolympgmbh.recruitee.com,https://tolympgmbh.recruitee.com/api/offers/,5,observed,
recruitee,toppy,toppy,https://toppy.recruitee.com,https://toppy.recruitee.com/api/offers/,2,observed,
recruitee,traceair,traceair,https://traceair.recruitee.com,https://traceair.recruitee.com/api/offers/,2,observed,
recruitee,trafilea,trafilea,https://trafilea.recruitee.com,https://trafilea.recruitee.com/api/offers/,45,observed,
recruitee,trafineo,trafineo,https://trafineo.recruitee.com,https://trafineo.recruitee.com/api/offers/,2,observed,
recruitee,transperfect,transperfect,https://transperfect.recruitee.com,https://transperfect.recruitee.com/api/offers/,570,observed,
recruitee,treuge,treuge,https://treuge.recruitee.com,https://treuge.recruitee.com/api/offers/,3,observed,
recruitee,trevi,trevi,https://trevi.recruitee.com,https://trevi.recruitee.com/api/offers/,2,observed,
recruitee,trimetis,trimetis,https://trimetis.recruitee.com,https://trimetis.recruitee.com/api/offers/,3,observed,
recruitee,trimit,trimit,https://trimit.recruitee.com,https://trimit.recruitee.com/api/offers/,2,observed,
recruitee,trivire,trivire,https://trivire.recruitee.com,https://trivire.recruitee.com/api/offers/,1,observed,
recruitee,tropos,tropos,https://tropos.recruitee.com,https://tropos.recruitee.com/api/offers/,4,observed,
recruitee,trustedshops,trustedshops,https://trustedshops.recruitee.com,https://trustedshops.recruitee.com/api/offers/,22,observed,
recruitee,trustero,trustero,https://trustero.recruitee.com,https://trustero.recruitee.com/api/offers/,1,observed,
recruitee,tweedekamer,tweedekamer,https://tweedekamer.recruitee.com,https://tweedekamer.recruitee.com/api/offers/,6,observed,
recruitee,twynstragudde,twynstragudde,https://twynstragudde.recruitee.com,https://twynstragudde.recruitee.com/api/offers/,25,observed,
recruitee,tytantechnologiesgmbh,tytantechnologiesgmbh,https://tytantechnologiesgmbh.recruitee.com,https://tytantechnologiesgmbh.recruitee.com/api/offers/,55,observed,
recruitee,ubqmaterials,ubqmaterials,https://ubqmaterials.recruitee.com,https://ubqmaterials.recruitee.com/api/offers/,1,observed,
recruitee,uhlenhaus,uhlenhaus,https://uhlenhaus.recruitee.com,https://uhlenhaus.recruitee.com/api/offers/,19,observed,
recruitee,umane,umane,https://umane.recruitee.com,https://umane.recruitee.com/api/offers/,80,observed,
recruitee,umbreit,umbreit,https://umbreit.recruitee.com,https://umbreit.recruitee.com/api/offers/,4,observed,
recruitee,unaferm,unaferm,https://unaferm.recruitee.com,https://unaferm.recruitee.com/api/offers/,19,observed,
recruitee,uniprometdoocacak,uniprometdoocacak,https://uniprometdoocacak.recruitee.com,https://uniprometdoocacak.recruitee.com/api/offers/,13,observed,
recruitee,unitedalsaqergroup,unitedalsaqergroup,https://unitedalsaqergroup.recruitee.com,https://unitedalsaqergroup.recruitee.com/api/offers/,76,observed,
recruitee,unnunitednewsnetworkgmbh,unnunitednewsnetworkgmbh,https://unnunitednewsnetworkgmbh.recruitee.com,https://unnunitednewsnetworkgmbh.recruitee.com/api/offers/,1,observed,
recruitee,up42gmbh,up42gmbh,https://up42gmbh.recruitee.com,https://up42gmbh.recruitee.com/api/offers/,3,observed,
recruitee,urbanarrow,urbanarrow,https://urbanarrow.recruitee.com,https://urbanarrow.recruitee.com/api/offers/,4,observed,
recruitee,urbaplan,urbaplan,https://urbaplan.recruitee.com,https://urbaplan.recruitee.com/api/offers/,4,observed,
recruitee,utilityprofit,utilityprofit,https://utilityprofit.recruitee.com,https://utilityprofit.recruitee.com/api/offers/,4,observed,
recruitee,uxstudio,uxstudio,https://uxstudio.recruitee.com,https://uxstudio.recruitee.com/api/offers/,2,observed,
recruitee,vacaturesclbeheer,vacaturesclbeheer,https://vacaturesclbeheer.recruitee.com,https://vacaturesclbeheer.recruitee.com/api/offers/,3,observed,
recruitee,valeuriad,valeuriad,https://valeuriad.recruitee.com,https://valeuriad.recruitee.com/api/offers/,22,observed,
recruitee,valleifinancegroup,valleifinancegroup,https://valleifinancegroup.recruitee.com,https://valleifinancegroup.recruitee.com/api/offers/,113,observed,
recruitee,vandervalkdeutschland,vandervalkdeutschland,https://vandervalkdeutschland.recruitee.com,https://vandervalkdeutschland.recruitee.com/api/offers/,57,observed,
recruitee,vandervalkhotelvenlo,vandervalkhotelvenlo,https://vandervalkhotelvenlo.recruitee.com,https://vandervalkhotelvenlo.recruitee.com/api/offers/,12,observed,
recruitee,vandervalkplazaresortbonaire,vandervalkplazaresortbonaire,https://vandervalkplazaresortbonaire.recruitee.com,https://vandervalkplazaresortbonaire.recruitee.com/api/offers/,16,observed,
recruitee,vandevelde,vandevelde,https://vandevelde.recruitee.com,https://vandevelde.recruitee.com/api/offers/,27,observed,
recruitee,vanwijnen1,vanwijnen1,https://vanwijnen1.recruitee.com,https://vanwijnen1.recruitee.com/api/offers/,166,observed,
recruitee,varef,varef,https://varef.recruitee.com,https://varef.recruitee.com/api/offers/,12,observed,
recruitee,vbgroep,vbgroep,https://vbgroep.recruitee.com,https://vbgroep.recruitee.com/api/offers/,32,observed,
recruitee,vbkvacatures,vbkvacatures,https://vbkvacatures.recruitee.com,https://vbkvacatures.recruitee.com/api/offers/,20,observed,
recruitee,vcfc,vcfc,https://vcfc.recruitee.com,https://vcfc.recruitee.com/api/offers/,6,observed,
recruitee,veaxo,veaxo,https://veaxo.recruitee.com,https://veaxo.recruitee.com/api/offers/,15,observed,
recruitee,vebegofacilityservices3,vebegofacilityservices3,https://vebegofacilityservices3.recruitee.com,https://vebegofacilityservices3.recruitee.com/api/offers/,119,observed,
recruitee,veocareers,veocareers,https://veocareers.recruitee.com,https://veocareers.recruitee.com/api/offers/,65,observed,
recruitee,verbundhaushaltshilfe,verbundhaushaltshilfe,https://verbundhaushaltshilfe.recruitee.com,https://verbundhaushaltshilfe.recruitee.com/api/offers/,26,observed,
recruitee,verticalcompute,verticalcompute,https://verticalcompute.recruitee.com,https://verticalcompute.recruitee.com/api/offers/,3,observed,
recruitee,vertigis,vertigis,https://vertigis.recruitee.com,https://vertigis.recruitee.com/api/offers/,15,observed,
recruitee,vikingmalt,vikingmalt,https://vikingmalt.recruitee.com,https://vikingmalt.recruitee.com/api/offers/,4,observed,
recruitee,vilgain,vilgain,https://vilgain.recruitee.com,https://vilgain.recruitee.com/api/offers/,39,observed,
recruitee,vionfoodgroup,vionfoodgroup,https://vionfoodgroup.recruitee.com,https://vionfoodgroup.recruitee.com/api/offers/,100,observed,
recruitee,viterramagdeburggmbh,viterramagdeburggmbh,https://viterramagdeburggmbh.recruitee.com,https://viterramagdeburggmbh.recruitee.com/api/offers/,6,observed,
recruitee,vitestro,vitestro,https://vitestro.recruitee.com,https://vitestro.recruitee.com/api/offers/,4,observed,
recruitee,vluchtelingenwerknederland,vluchtelingenwerknederland,https://vluchtelingenwerknederland.recruitee.com,https://vluchtelingenwerknederland.recruitee.com/api/offers/,11,observed,
recruitee,vluchtelingenwerkvrijwilligers,vluchtelingenwerkvrijwilligers,https://vluchtelingenwerkvrijwilligers.recruitee.com,https://vluchtelingenwerkvrijwilligers.recruitee.com/api/offers/,316,observed,
recruitee,voortman,voortman,https://voortman.recruitee.com,https://voortman.recruitee.com/api/offers/,91,observed,
recruitee,vpteam,vpteam,https://vpteam.recruitee.com,https://vpteam.recruitee.com/api/offers/,7,observed,
recruitee,vrtlinzbachloecherbachundpartner,vrtlinzbachloecherbachundpartner,https://vrtlinzbachloecherbachundpartner.recruitee.com,https://vrtlinzbachloecherbachundpartner.recruitee.com/api/offers/,13,observed,
recruitee,vsparticle,vsparticle,https://vsparticle.recruitee.com,https://vsparticle.recruitee.com/api/offers/,2,observed,
recruitee,waardeburgh,waardeburgh,https://waardeburgh.recruitee.com,https://waardeburgh.recruitee.com/api/offers/,68,observed,
recruitee,wacomeurope,wacomeurope,https://wacomeurope.recruitee.com,https://wacomeurope.recruitee.com/api/offers/,1,observed,
recruitee,wagenborgnedlift,wagenborgnedlift,https://wagenborgnedlift.recruitee.com,https://wagenborgnedlift.recruitee.com/api/offers/,11,observed,
recruitee,wakuli,wakuli,https://wakuli.recruitee.com,https://wakuli.recruitee.com/api/offers/,6,observed,
recruitee,walibiholland,walibiholland,https://walibiholland.recruitee.com,https://walibiholland.recruitee.com/api/offers/,16,observed,
recruitee,walki,walki,https://walki.recruitee.com,https://walki.recruitee.com/api/offers/,1,observed,
recruitee,warande,warande,https://warande.recruitee.com,https://warande.recruitee.com/api/offers/,31,observed,
recruitee,warmtefonds,warmtefonds,https://warmtefonds.recruitee.com,https://warmtefonds.recruitee.com/api/offers/,7,observed,
recruitee,watchvice,watchvice,https://watchvice.recruitee.com,https://watchvice.recruitee.com/api/offers/,8,observed,
recruitee,wearebit,wearebit,https://wearebit.recruitee.com,https://wearebit.recruitee.com/api/offers/,1,observed,
recruitee,webbtraders,webbtraders,https://webbtraders.recruitee.com,https://webbtraders.recruitee.com/api/offers/,7,observed,
recruitee,webqam,webqam,https://webqam.recruitee.com,https://webqam.recruitee.com/api/offers/,3,observed,
recruitee,wellsterhealthtechgroup,wellsterhealthtechgroup,https://wellsterhealthtechgroup.recruitee.com,https://wellsterhealthtechgroup.recruitee.com/api/offers/,5,observed,
recruitee,welwonen,welwonen,https://welwonen.recruitee.com,https://welwonen.recruitee.com/api/offers/,1,observed,
recruitee,wereldvanvermaat,wereldvanvermaat,https://wereldvanvermaat.recruitee.com,https://wereldvanvermaat.recruitee.com/api/offers/,2,observed,
recruitee,werkenbijace,werkenbijace,https://werkenbijace.recruitee.com,https://werkenbijace.recruitee.com/api/offers/,2,observed,
recruitee,werkenbijadesso,werkenbijadesso,https://werkenbijadesso.recruitee.com,https://werkenbijadesso.recruitee.com/api/offers/,27,observed,
recruitee,werkenbijattentzorgenbehandeling,werkenbijattentzorgenbehandeling,https://werkenbijattentzorgenbehandeling.recruitee.com,https://werkenbijattentzorgenbehandeling.recruitee.com/api/offers/,44,observed,
recruitee,werkenbijbmdadvies,werkenbijbmdadvies,https://werkenbijbmdadvies.recruitee.com,https://werkenbijbmdadvies.recruitee.com/api/offers/,3,observed,
recruitee,werkenbijbrandnewday,werkenbijbrandnewday,https://werkenbijbrandnewday.recruitee.com,https://werkenbijbrandnewday.recruitee.com/api/offers/,10,observed,
recruitee,werkenbijdeafm,werkenbijdeafm,https://werkenbijdeafm.recruitee.com,https://werkenbijdeafm.recruitee.com/api/offers/,20,observed,
recruitee,werkenbijdebeyart,werkenbijdebeyart,https://werkenbijdebeyart.recruitee.com,https://werkenbijdebeyart.recruitee.com/api/offers/,6,observed,
recruitee,werkenbijdecantharel,werkenbijdecantharel,https://werkenbijdecantharel.recruitee.com,https://werkenbijdecantharel.recruitee.com/api/offers/,17,observed,
recruitee,werkenbijfivoor,werkenbijfivoor,https://werkenbijfivoor.recruitee.com,https://werkenbijfivoor.recruitee.com/api/offers/,112,observed,
recruitee,werkenbijflagshipamsterdam,werkenbijflagshipamsterdam,https://werkenbijflagshipamsterdam.recruitee.com,https://werkenbijflagshipamsterdam.recruitee.com/api/offers/,10,observed,
recruitee,werkenbijhiltermann,werkenbijhiltermann,https://werkenbijhiltermann.recruitee.com,https://werkenbijhiltermann.recruitee.com/api/offers/,16,observed,
recruitee,werkenbijklimaatroute,werkenbijklimaatroute,https://werkenbijklimaatroute.recruitee.com,https://werkenbijklimaatroute.recruitee.com/api/offers/,13,observed,
recruitee,werkenbijnedcargo,werkenbijnedcargo,https://werkenbijnedcargo.recruitee.com,https://werkenbijnedcargo.recruitee.com/api/offers/,17,observed,
recruitee,werkenbijnlr,werkenbijnlr,https://werkenbijnlr.recruitee.com,https://werkenbijnlr.recruitee.com/api/offers/,26,observed,
recruitee,werkenbijqterminals,werkenbijqterminals,https://werkenbijqterminals.recruitee.com,https://werkenbijqterminals.recruitee.com/api/offers/,13,observed,
recruitee,werkenbijrolanrobotics,werkenbijrolanrobotics,https://werkenbijrolanrobotics.recruitee.com,https://werkenbijrolanrobotics.recruitee.com/api/offers/,1,observed,
recruitee,werkenbijrs,werkenbijrs,https://werkenbijrs.recruitee.com,https://werkenbijrs.recruitee.com/api/offers/,11,observed,
recruitee,werkenbijtrip,werkenbijtrip,https://werkenbijtrip.recruitee.com,https://werkenbijtrip.recruitee.com/api/offers/,10,observed,
recruitee,werkenbijvalantic,werkenbijvalantic,https://werkenbijvalantic.recruitee.com,https://werkenbijvalantic.recruitee.com/api/offers/,4,observed,
recruitee,werkenbijvanberlo,werkenbijvanberlo,https://werkenbijvanberlo.recruitee.com,https://werkenbijvanberlo.recruitee.com/api/offers/,9,observed,
recruitee,werkenbijvigogroep,werkenbijvigogroep,https://werkenbijvigogroep.recruitee.com,https://werkenbijvigogroep.recruitee.com/api/offers/,97,observed,
recruitee,werkenbijvnoncwmkb,werkenbijvnoncwmkb,https://werkenbijvnoncwmkb.recruitee.com,https://werkenbijvnoncwmkb.recruitee.com/api/offers/,2,observed,
recruitee,werkenbijvrr,werkenbijvrr,https://werkenbijvrr.recruitee.com,https://werkenbijvrr.recruitee.com/api/offers/,17,observed,
recruitee,werkenbijxonar,werkenbijxonar,https://werkenbijxonar.recruitee.com,https://werkenbijxonar.recruitee.com/api/offers/,10,observed,
recruitee,werkenbijyouvia,werkenbijyouvia,https://werkenbijyouvia.recruitee.com,https://werkenbijyouvia.recruitee.com/api/offers/,4,observed,
recruitee,werkeninleisure,werkeninleisure,https://werkeninleisure.recruitee.com,https://werkeninleisure.recruitee.com/api/offers/,5,observed,
recruitee,werkeninsuriname,werkeninsuriname,https://werkeninsuriname.recruitee.com,https://werkeninsuriname.recruitee.com/api/offers/,24,observed,
recruitee,wesoftyou2,wesoftyou2,https://wesoftyou2.recruitee.com,https://wesoftyou2.recruitee.com/api/offers/,2,observed,
recruitee,westerhorstmann,westerhorstmann,https://westerhorstmann.recruitee.com,https://westerhorstmann.recruitee.com/api/offers/,4,observed,
recruitee,wingmangroup,wingmangroup,https://wingmangroup.recruitee.com,https://wingmangroup.recruitee.com/api/offers/,25,observed,
recruitee,wolfpackit,wolfpackit,https://wolfpackit.recruitee.com,https://wolfpackit.recruitee.com/api/offers/,4,observed,
recruitee,wonderkind,wonderkind,https://wonderkind.recruitee.com,https://wonderkind.recruitee.com/api/offers/,2,observed,
recruitee,woonplusschiedam,woonplusschiedam,https://woonplusschiedam.recruitee.com,https://woonplusschiedam.recruitee.com/api/offers/,8,observed,
recruitee,woonzorgnederland,woonzorgnederland,https://woonzorgnederland.recruitee.com,https://woonzorgnederland.recruitee.com/api/offers/,8,observed,
recruitee,wordbank,wordbank,https://wordbank.recruitee.com,https://wordbank.recruitee.com/api/offers/,7,observed,
recruitee,wordbankllc,wordbankllc,https://wordbankllc.recruitee.com,https://wordbankllc.recruitee.com/api/offers/,7,observed,
recruitee,wsdmv,wsdmv,https://wsdmv.recruitee.com,https://wsdmv.recruitee.com/api/offers/,9,observed,
recruitee,wunderbricks,wunderbricks,https://wunderbricks.recruitee.com,https://wunderbricks.recruitee.com/api/offers/,1,observed,
recruitee,xalholdinggmbh,xalholdinggmbh,https://xalholdinggmbh.recruitee.com,https://xalholdinggmbh.recruitee.com/api/offers/,27,observed,
recruitee,xalution,xalution,https://xalution.recruitee.com,https://xalution.recruitee.com/api/offers/,13,observed,
recruitee,xebiacareers,xebiacareers,https://xebiacareers.recruitee.com,https://xebiacareers.recruitee.com/api/offers/,39,observed,
recruitee,xfive,xfive,https://xfive.recruitee.com,https://xfive.recruitee.com/api/offers/,1,observed,
recruitee,xite,xite,https://xite.recruitee.com,https://xite.recruitee.com/api/offers/,1,observed,
recruitee,xneelo,xneelo,https://xneelo.recruitee.com,https://xneelo.recruitee.com/api/offers/,3,observed,
recruitee,xogene,xogene,https://xogene.recruitee.com,https://xogene.recruitee.com/api/offers/,4,observed,
recruitee,yellowtail,yellowtail,https://yellowtail.recruitee.com,https://yellowtail.recruitee.com/api/offers/,36,observed,
recruitee,yopeso,yopeso,https://yopeso.recruitee.com,https://yopeso.recruitee.com/api/offers/,12,observed,
recruitee,younggroup,younggroup,https://younggroup.recruitee.com,https://younggroup.recruitee.com/api/offers/,19,observed,
recruitee,yource,yource,https://yource.recruitee.com,https://yource.recruitee.com/api/offers/,1,observed,
recruitee,zadragruppe,zadragruppe,https://zadragruppe.recruitee.com,https://zadragruppe.recruitee.com/api/offers/,12,observed,
recruitee,zara,zara,https://zara.recruitee.com,https://zara.recruitee.com/api/offers/,10,observed,
recruitee,zarahome,zarahome,https://zarahome.recruitee.com,https://zarahome.recruitee.com/api/offers/,1,observed,
recruitee,zeelandialtd,zeelandialtd,https://zeelandialtd.recruitee.com,https://zeelandialtd.recruitee.com/api/offers/,3,observed,
recruitee,zelh,zelh,https://zelh.recruitee.com,https://zelh.recruitee.com/api/offers/,39,observed,
recruitee,zeotap,zeotap,https://zeotap.recruitee.com,https://zeotap.recruitee.com/api/offers/,1,observed,
recruitee,zerofriction,zerofriction,https://zerofriction.recruitee.com,https://zerofriction.recruitee.com/api/offers/,1,observed,
recruitee,zerofy,zerofy,https://zerofy.recruitee.com,https://zerofy.recruitee.com/api/offers/,2,observed,
recruitee,zeromotorcycles,zeromotorcycles,https://zeromotorcycles.recruitee.com,https://zeromotorcycles.recruitee.com/api/offers/,11,observed,
recruitee,zideris,zideris,https://zideris.recruitee.com,https://zideris.recruitee.com/api/offers/,20,observed,
recruitee,zira,zira,https://zira.recruitee.com,https://zira.recruitee.com/api/offers/,1,observed,
recruitee,zonnehuisgroepamstelland,zonnehuisgroepamstelland,https://zonnehuisgroepamstelland.recruitee.com,https://zonnehuisgroepamstelland.recruitee.com/api/offers/,53,observed,
recruitee,zorgdomein,zorgdomein,https://zorgdomein.recruitee.com,https://zorgdomein.recruitee.com/api/offers/,1,observed,
recruitee,zpvgmbhcokg,zpvgmbhcokg,https://zpvgmbhcokg.recruitee.com,https://zpvgmbhcokg.recruitee.com/api/offers/,3,observed,
recruitee,zuidplas1,zuidplas1,https://zuidplas1.recruitee.com,https://zuidplas1.recruitee.com/api/offers/,8,observed,
