platform,token,company,board_url,api_url,open_roles,count_basis,region
rippling,15-lightyears-careers,15-lightyears-careers,https://ats.rippling.com/15-lightyears-careers,https://api.rippling.com/platform/api/ats/v1/board/15-lightyears-careers/jobs,2,observed,
rippling,1nhealth,1nhealth,https://ats.rippling.com/1nhealth,https://api.rippling.com/platform/api/ats/v1/board/1nhealth/jobs,0,observed,
rippling,3rd-street-youth-center-clinic,3rd-street-youth-center-clinic,https://ats.rippling.com/3rd-street-youth-center-clinic,https://api.rippling.com/platform/api/ats/v1/board/3rd-street-youth-center-clinic/jobs,14,observed,
rippling,514-careers,514-careers,https://ats.rippling.com/514-careers,https://api.rippling.com/platform/api/ats/v1/board/514-careers/jobs,1,observed,
rippling,aaca,aaca,https://ats.rippling.com/aaca,https://api.rippling.com/platform/api/ats/v1/board/aaca/jobs,4,observed,
rippling,aalo-atomics,aalo-atomics,https://ats.rippling.com/aalo-atomics,https://api.rippling.com/platform/api/ats/v1/board/aalo-atomics/jobs,56,observed,
rippling,aalyria-careers,aalyria-careers,https://ats.rippling.com/aalyria-careers,https://api.rippling.com/platform/api/ats/v1/board/aalyria-careers/jobs,37,observed,
rippling,aapd-jobs,aapd-jobs,https://ats.rippling.com/aapd-jobs,https://api.rippling.com/platform/api/ats/v1/board/aapd-jobs/jobs,1,observed,
rippling,absencesoft,absencesoft,https://ats.rippling.com/absencesoft,https://api.rippling.com/platform/api/ats/v1/board/absencesoft/jobs,15,observed,
rippling,abw-appliances,abw-appliances,https://ats.rippling.com/abw-appliances,https://api.rippling.com/platform/api/ats/v1/board/abw-appliances/jobs,2,observed,
rippling,accelerant,accelerant,https://ats.rippling.com/accelerant,https://api.rippling.com/platform/api/ats/v1/board/accelerant/jobs,25,observed,
rippling,acceleration-academies,acceleration-academies,https://ats.rippling.com/acceleration-academies,https://api.rippling.com/platform/api/ats/v1/board/acceleration-academies/jobs,30,observed,
rippling,accelintjobboardtest,accelintjobboardtest,https://ats.rippling.com/accelintjobboardtest,https://api.rippling.com/platform/api/ats/v1/board/accelintjobboardtest/jobs,41,observed,
rippling,accruity-careers,accruity-careers,https://ats.rippling.com/accruity-careers,https://api.rippling.com/platform/api/ats/v1/board/accruity-careers/jobs,1,observed,
rippling,acretrader-jobs,acretrader-jobs,https://ats.rippling.com/acretrader-jobs,https://api.rippling.com/platform/api/ats/v1/board/acretrader-jobs/jobs,5,observed,
rippling,acrn,acrn,https://ats.rippling.com/acrn,https://api.rippling.com/platform/api/ats/v1/board/acrn/jobs,10,observed,
rippling,actionist-consulting,actionist-consulting,https://ats.rippling.com/actionist-consulting,https://api.rippling.com/platform/api/ats/v1/board/actionist-consulting/jobs,6,observed,
rippling,ad-hoc-group,ad-hoc-group,https://ats.rippling.com/ad-hoc-group,https://api.rippling.com/platform/api/ats/v1/board/ad-hoc-group/jobs,2,observed,
rippling,adelaide,adelaide,https://ats.rippling.com/adelaide,https://api.rippling.com/platform/api/ats/v1/board/adelaide/jobs,6,observed,
rippling,advanced-energy-united-career-opportunities,advanced-energy-united-career-opportunities,https://ats.rippling.com/advanced-energy-united-career-opportunities,https://api.rippling.com/platform/api/ats/v1/board/advanced-energy-united-career-opportunities/jobs,8,observed,
rippling,advanced-navigation,advanced-navigation,https://ats.rippling.com/advanced-navigation,https://api.rippling.com/platform/api/ats/v1/board/advanced-navigation/jobs,28,observed,
rippling,advocate-technologies-inc,advocate-technologies-inc,https://ats.rippling.com/advocate-technologies-inc,https://api.rippling.com/platform/api/ats/v1/board/advocate-technologies-inc/jobs,4,observed,
rippling,aeris-communications-inc,aeris-communications-inc,https://ats.rippling.com/aeris-communications-inc,https://api.rippling.com/platform/api/ats/v1/board/aeris-communications-inc/jobs,14,observed,
rippling,aerwavecareers,aerwavecareers,https://ats.rippling.com/aerwavecareers,https://api.rippling.com/platform/api/ats/v1/board/aerwavecareers/jobs,6,observed,
rippling,aery-aviation-llc,aery-aviation-llc,https://ats.rippling.com/aery-aviation-llc,https://api.rippling.com/platform/api/ats/v1/board/aery-aviation-llc/jobs,21,observed,
rippling,aftons-job-board,aftons-job-board,https://ats.rippling.com/aftons-job-board,https://api.rippling.com/platform/api/ats/v1/board/aftons-job-board/jobs,13,observed,
rippling,agelessrx,agelessrx,https://ats.rippling.com/agelessrx,https://api.rippling.com/platform/api/ats/v1/board/agelessrx/jobs,4,observed,
rippling,agentsync-careers,agentsync-careers,https://ats.rippling.com/agentsync-careers,https://api.rippling.com/platform/api/ats/v1/board/agentsync-careers/jobs,4,observed,
rippling,agilitypr,agilitypr,https://ats.rippling.com/agilitypr,https://api.rippling.com/platform/api/ats/v1/board/agilitypr/jobs,11,observed,
rippling,agital-careers,agital-careers,https://ats.rippling.com/agital-careers,https://api.rippling.com/platform/api/ats/v1/board/agital-careers/jobs,4,observed,
rippling,agora,agora,https://ats.rippling.com/agora,https://api.rippling.com/platform/api/ats/v1/board/agora/jobs,9,observed,
rippling,aigent-energy,aigent-energy,https://ats.rippling.com/aigent-energy,https://api.rippling.com/platform/api/ats/v1/board/aigent-energy/jobs,5,observed,
rippling,aimtal,aimtal,https://ats.rippling.com/aimtal,https://api.rippling.com/platform/api/ats/v1/board/aimtal/jobs,2,observed,
rippling,aiq-careers,aiq-careers,https://ats.rippling.com/aiq-careers,https://api.rippling.com/platform/api/ats/v1/board/aiq-careers/jobs,2,observed,
rippling,airbox,airbox,https://ats.rippling.com/airbox,https://api.rippling.com/platform/api/ats/v1/board/airbox/jobs,20,observed,
rippling,aitp,aitp,https://ats.rippling.com/aitp,https://api.rippling.com/platform/api/ats/v1/board/aitp/jobs,5,observed,
rippling,albers-aersopace,albers-aersopace,https://ats.rippling.com/albers-aersopace,https://api.rippling.com/platform/api/ats/v1/board/albers-aersopace/jobs,52,observed,
rippling,albert-invent-corp,albert-invent-corp,https://ats.rippling.com/albert-invent-corp,https://api.rippling.com/platform/api/ats/v1/board/albert-invent-corp/jobs,20,observed,
rippling,algo-communication-products,algo-communication-products,https://ats.rippling.com/algo-communication-products,https://api.rippling.com/platform/api/ats/v1/board/algo-communication-products/jobs,5,observed,
rippling,allaboveall,allaboveall,https://ats.rippling.com/allaboveall,https://api.rippling.com/platform/api/ats/v1/board/allaboveall/jobs,1,observed,
rippling,allegiance-flag,allegiance-flag,https://ats.rippling.com/allegiance-flag,https://api.rippling.com/platform/api/ats/v1/board/allegiance-flag/jobs,4,observed,
rippling,alleyoop,alleyoop,https://ats.rippling.com/alleyoop,https://api.rippling.com/platform/api/ats/v1/board/alleyoop/jobs,1,observed,
rippling,allied-global-marketing,allied-global-marketing,https://ats.rippling.com/allied-global-marketing,https://api.rippling.com/platform/api/ats/v1/board/allied-global-marketing/jobs,9,observed,
rippling,allsup,allsup,https://ats.rippling.com/allsup,https://api.rippling.com/platform/api/ats/v1/board/allsup/jobs,0,observed,
rippling,allvoices,allvoices,https://ats.rippling.com/allvoices,https://api.rippling.com/platform/api/ats/v1/board/allvoices/jobs,5,observed,
rippling,altom-transport-jobs,altom-transport-jobs,https://ats.rippling.com/altom-transport-jobs,https://api.rippling.com/platform/api/ats/v1/board/altom-transport-jobs/jobs,11,observed,
rippling,aman-at-sea,aman-at-sea,https://ats.rippling.com/aman-at-sea,https://api.rippling.com/platform/api/ats/v1/board/aman-at-sea/jobs,3,observed,
rippling,america-west-medical-transport-careers,america-west-medical-transport-careers,https://ats.rippling.com/america-west-medical-transport-careers,https://api.rippling.com/platform/api/ats/v1/board/america-west-medical-transport-careers/jobs,13,observed,
rippling,amopportunities,amopportunities,https://ats.rippling.com/amopportunities,https://api.rippling.com/platform/api/ats/v1/board/amopportunities/jobs,3,observed,
rippling,ampersandbrands,ampersandbrands,https://ats.rippling.com/ampersandbrands,https://api.rippling.com/platform/api/ats/v1/board/ampersandbrands/jobs,75,observed,
rippling,amplify,amplify,https://ats.rippling.com/amplify,https://api.rippling.com/platform/api/ats/v1/board/amplify/jobs,22,observed,
rippling,ampliwork-inc,ampliwork-inc,https://ats.rippling.com/ampliwork-inc,https://api.rippling.com/platform/api/ats/v1/board/ampliwork-inc/jobs,8,observed,
rippling,andesa-services,andesa-services,https://ats.rippling.com/andesa-services,https://api.rippling.com/platform/api/ats/v1/board/andesa-services/jobs,2,observed,
rippling,androscareers,androscareers,https://ats.rippling.com/androscareers,https://api.rippling.com/platform/api/ats/v1/board/androscareers/jobs,1,observed,
rippling,animal-farm-family-llc,animal-farm-family-llc,https://ats.rippling.com/animal-farm-family-llc,https://api.rippling.com/platform/api/ats/v1/board/animal-farm-family-llc/jobs,0,observed,
rippling,answering-service-care,answering-service-care,https://ats.rippling.com/answering-service-care,https://api.rippling.com/platform/api/ats/v1/board/answering-service-care/jobs,16,observed,
rippling,anza-re-llc,anza-re-llc,https://ats.rippling.com/anza-re-llc,https://api.rippling.com/platform/api/ats/v1/board/anza-re-llc/jobs,4,observed,
rippling,apexanalytix-careers,apexanalytix-careers,https://ats.rippling.com/apexanalytix-careers,https://api.rippling.com/platform/api/ats/v1/board/apexanalytix-careers/jobs,31,observed,
rippling,apexorderpickupsolutions,apexorderpickupsolutions,https://ats.rippling.com/apexorderpickupsolutions,https://api.rippling.com/platform/api/ats/v1/board/apexorderpickupsolutions/jobs,2,observed,
rippling,apoha,apoha,https://ats.rippling.com/apoha,https://api.rippling.com/platform/api/ats/v1/board/apoha/jobs,0,observed,
rippling,appriss-retail,appriss-retail,https://ats.rippling.com/appriss-retail,https://api.rippling.com/platform/api/ats/v1/board/appriss-retail/jobs,4,observed,
rippling,apptega,apptega,https://ats.rippling.com/apptega,https://api.rippling.com/platform/api/ats/v1/board/apptega/jobs,4,observed,
rippling,aptnexus,aptnexus,https://ats.rippling.com/aptnexus,https://api.rippling.com/platform/api/ats/v1/board/aptnexus/jobs,10,observed,
rippling,arbor,arbor,https://ats.rippling.com/arbor,https://api.rippling.com/platform/api/ats/v1/board/arbor/jobs,5,observed,
rippling,arborxr,arborxr,https://ats.rippling.com/arborxr,https://api.rippling.com/platform/api/ats/v1/board/arborxr/jobs,0,observed,
rippling,arc,arc,https://ats.rippling.com/arc,https://api.rippling.com/platform/api/ats/v1/board/arc/jobs,0,observed,
rippling,arcgno-jobs,arcgno-jobs,https://ats.rippling.com/arcgno-jobs,https://api.rippling.com/platform/api/ats/v1/board/arcgno-jobs/jobs,12,observed,
rippling,ares-interactive-careers,ares-interactive-careers,https://ats.rippling.com/ares-interactive-careers,https://api.rippling.com/platform/api/ats/v1/board/ares-interactive-careers/jobs,2,observed,
rippling,argyle,argyle,https://ats.rippling.com/argyle,https://api.rippling.com/platform/api/ats/v1/board/argyle/jobs,0,observed,
rippling,arion-care-referrals,arion-care-referrals,https://ats.rippling.com/arion-care-referrals,https://api.rippling.com/platform/api/ats/v1/board/arion-care-referrals/jobs,90,observed,
rippling,arkeuscareer,arkeuscareer,https://ats.rippling.com/arkeuscareer,https://api.rippling.com/platform/api/ats/v1/board/arkeuscareer/jobs,11,observed,
rippling,arrow-electric,arrow-electric,https://ats.rippling.com/arrow-electric,https://api.rippling.com/platform/api/ats/v1/board/arrow-electric/jobs,10,observed,
rippling,artemis-careers,artemis-careers,https://ats.rippling.com/artemis-careers,https://api.rippling.com/platform/api/ats/v1/board/artemis-careers/jobs,4,observed,
rippling,arthaus,arthaus,https://ats.rippling.com/arthaus,https://api.rippling.com/platform/api/ats/v1/board/arthaus/jobs,13,observed,
rippling,asc-careers,asc-careers,https://ats.rippling.com/asc-careers,https://api.rippling.com/platform/api/ats/v1/board/asc-careers/jobs,2,observed,
rippling,ascension-coffee-careers,ascension-coffee-careers,https://ats.rippling.com/ascension-coffee-careers,https://api.rippling.com/platform/api/ats/v1/board/ascension-coffee-careers/jobs,23,observed,
rippling,ash-people,ash-people,https://ats.rippling.com/ash-people,https://api.rippling.com/platform/api/ats/v1/board/ash-people/jobs,24,observed,
rippling,asite,asite,https://ats.rippling.com/asite,https://api.rippling.com/platform/api/ats/v1/board/asite/jobs,7,observed,
rippling,astra,astra,https://ats.rippling.com/astra,https://api.rippling.com/platform/api/ats/v1/board/astra/jobs,35,observed,
rippling,ata,ata,https://ats.rippling.com/ata,https://api.rippling.com/platform/api/ats/v1/board/ata/jobs,14,observed,
rippling,athena-careers,athena-careers,https://ats.rippling.com/athena-careers,https://api.rippling.com/platform/api/ats/v1/board/athena-careers/jobs,10,observed,
rippling,athos-commerce-careers,athos-commerce-careers,https://ats.rippling.com/athos-commerce-careers,https://api.rippling.com/platform/api/ats/v1/board/athos-commerce-careers/jobs,3,observed,
rippling,atlantic-coast-mortgage,atlantic-coast-mortgage,https://ats.rippling.com/atlantic-coast-mortgage,https://api.rippling.com/platform/api/ats/v1/board/atlantic-coast-mortgage/jobs,4,observed,
rippling,axisair-careers,axisair-careers,https://ats.rippling.com/axisair-careers,https://api.rippling.com/platform/api/ats/v1/board/axisair-careers/jobs,34,observed,
rippling,azira-careers-page,azira-careers-page,https://ats.rippling.com/azira-careers-page,https://api.rippling.com/platform/api/ats/v1/board/azira-careers-page/jobs,7,observed,
rippling,baboveservices,baboveservices,https://ats.rippling.com/baboveservices,https://api.rippling.com/platform/api/ats/v1/board/baboveservices/jobs,7,observed,
rippling,ballentine-partners,ballentine-partners,https://ats.rippling.com/ballentine-partners,https://api.rippling.com/platform/api/ats/v1/board/ballentine-partners/jobs,6,observed,
rippling,bamboo-health-careers,bamboo-health-careers,https://ats.rippling.com/bamboo-health-careers,https://api.rippling.com/platform/api/ats/v1/board/bamboo-health-careers/jobs,9,observed,
rippling,bao-consulting,bao-consulting,https://ats.rippling.com/bao-consulting,https://api.rippling.com/platform/api/ats/v1/board/bao-consulting/jobs,10,observed,
rippling,barntools,barntools,https://ats.rippling.com/barntools,https://api.rippling.com/platform/api/ats/v1/board/barntools/jobs,3,observed,
rippling,barron-career-board,barron-career-board,https://ats.rippling.com/barron-career-board,https://api.rippling.com/platform/api/ats/v1/board/barron-career-board/jobs,0,observed,
rippling,bay-fc-jobs,bay-fc-jobs,https://ats.rippling.com/bay-fc-jobs,https://api.rippling.com/platform/api/ats/v1/board/bay-fc-jobs/jobs,7,observed,
rippling,baylandhealth,baylandhealth,https://ats.rippling.com/baylandhealth,https://api.rippling.com/platform/api/ats/v1/board/baylandhealth/jobs,2,observed,
rippling,beacon-global-strategies,beacon-global-strategies,https://ats.rippling.com/beacon-global-strategies,https://api.rippling.com/platform/api/ats/v1/board/beacon-global-strategies/jobs,0,observed,
rippling,bedrock-data,bedrock-data,https://ats.rippling.com/bedrock-data,https://api.rippling.com/platform/api/ats/v1/board/bedrock-data/jobs,6,observed,
rippling,beehive-industries,beehive-industries,https://ats.rippling.com/beehive-industries,https://api.rippling.com/platform/api/ats/v1/board/beehive-industries/jobs,97,observed,
rippling,begin-careers,begin-careers,https://ats.rippling.com/begin-careers,https://api.rippling.com/platform/api/ats/v1/board/begin-careers/jobs,0,observed,
rippling,bellhop,bellhop,https://ats.rippling.com/bellhop,https://api.rippling.com/platform/api/ats/v1/board/bellhop/jobs,1,observed,
rippling,better-cotton-careers,better-cotton-careers,https://ats.rippling.com/better-cotton-careers,https://api.rippling.com/platform/api/ats/v1/board/better-cotton-careers/jobs,5,observed,
rippling,bettercomp,bettercomp,https://ats.rippling.com/bettercomp,https://api.rippling.com/platform/api/ats/v1/board/bettercomp/jobs,0,observed,
rippling,bgus-job,bgus-job,https://ats.rippling.com/bgus-job,https://api.rippling.com/platform/api/ats/v1/board/bgus-job/jobs,3,observed,
rippling,big-com,big-com,https://ats.rippling.com/big-com,https://api.rippling.com/platform/api/ats/v1/board/big-com/jobs,0,observed,
rippling,billingsleycareers,billingsleycareers,https://ats.rippling.com/billingsleycareers,https://api.rippling.com/platform/api/ats/v1/board/billingsleycareers/jobs,42,observed,
rippling,biolyte,biolyte,https://ats.rippling.com/biolyte,https://api.rippling.com/platform/api/ats/v1/board/biolyte/jobs,1,observed,
rippling,bizzycar,bizzycar,https://ats.rippling.com/bizzycar,https://api.rippling.com/platform/api/ats/v1/board/bizzycar/jobs,10,observed,
rippling,blackrockneurotech,blackrockneurotech,https://ats.rippling.com/blackrockneurotech,https://api.rippling.com/platform/api/ats/v1/board/blackrockneurotech/jobs,6,observed,
rippling,blue-robotics,blue-robotics,https://ats.rippling.com/blue-robotics,https://api.rippling.com/platform/api/ats/v1/board/blue-robotics/jobs,3,observed,
rippling,blue-water-autonomy,blue-water-autonomy,https://ats.rippling.com/blue-water-autonomy,https://api.rippling.com/platform/api/ats/v1/board/blue-water-autonomy/jobs,6,observed,
rippling,bluefin-payment-systems,bluefin-payment-systems,https://ats.rippling.com/bluefin-payment-systems,https://api.rippling.com/platform/api/ats/v1/board/bluefin-payment-systems/jobs,2,observed,
rippling,blueridge,blueridge,https://ats.rippling.com/blueridge,https://api.rippling.com/platform/api/ats/v1/board/blueridge/jobs,1,observed,
rippling,bluetree,bluetree,https://ats.rippling.com/bluetree,https://api.rippling.com/platform/api/ats/v1/board/bluetree/jobs,18,observed,
rippling,bluewave,bluewave,https://ats.rippling.com/bluewave,https://api.rippling.com/platform/api/ats/v1/board/bluewave/jobs,8,observed,
rippling,bmsc-careers,bmsc-careers,https://ats.rippling.com/bmsc-careers,https://api.rippling.com/platform/api/ats/v1/board/bmsc-careers/jobs,14,observed,
rippling,bodwe-professional-services-group-companies,bodwe-professional-services-group-companies,https://ats.rippling.com/bodwe-professional-services-group-companies,https://api.rippling.com/platform/api/ats/v1/board/bodwe-professional-services-group-companies/jobs,23,observed,
rippling,bonsairoboticsmain,bonsairoboticsmain,https://ats.rippling.com/bonsairoboticsmain,https://api.rippling.com/platform/api/ats/v1/board/bonsairoboticsmain/jobs,7,observed,
rippling,bonusly,bonusly,https://ats.rippling.com/bonusly,https://api.rippling.com/platform/api/ats/v1/board/bonusly/jobs,3,observed,
rippling,bookmans-careers,bookmans-careers,https://ats.rippling.com/bookmans-careers,https://api.rippling.com/platform/api/ats/v1/board/bookmans-careers/jobs,8,observed,
rippling,booknook-inc,booknook-inc,https://ats.rippling.com/booknook-inc,https://api.rippling.com/platform/api/ats/v1/board/booknook-inc/jobs,2,observed,
rippling,boom-supersonic,boom-supersonic,https://ats.rippling.com/boom-supersonic,https://api.rippling.com/platform/api/ats/v1/board/boom-supersonic/jobs,29,observed,
rippling,boompop,boompop,https://ats.rippling.com/boompop,https://api.rippling.com/platform/api/ats/v1/board/boompop/jobs,1,observed,
rippling,booster-juice-corporate-office,booster-juice-corporate-office,https://ats.rippling.com/booster-juice-corporate-office,https://api.rippling.com/platform/api/ats/v1/board/booster-juice-corporate-office/jobs,4,observed,
rippling,brewing-coach-opportunities,brewing-coach-opportunities,https://ats.rippling.com/brewing-coach-opportunities,https://api.rippling.com/platform/api/ats/v1/board/brewing-coach-opportunities/jobs,9,observed,
rippling,brightside-health-jobs,brightside-health-jobs,https://ats.rippling.com/brightside-health-jobs,https://api.rippling.com/platform/api/ats/v1/board/brightside-health-jobs/jobs,1,observed,
rippling,brillian,brillian,https://ats.rippling.com/brillian,https://api.rippling.com/platform/api/ats/v1/board/brillian/jobs,2,observed,
rippling,broadvoice,broadvoice,https://ats.rippling.com/broadvoice,https://api.rippling.com/platform/api/ats/v1/board/broadvoice/jobs,5,observed,
rippling,bronco-ai,bronco-ai,https://ats.rippling.com/bronco-ai,https://api.rippling.com/platform/api/ats/v1/board/bronco-ai/jobs,3,observed,
rippling,bryson-gillette,bryson-gillette,https://ats.rippling.com/bryson-gillette,https://api.rippling.com/platform/api/ats/v1/board/bryson-gillette/jobs,2,observed,
rippling,btc-inc,btc-inc,https://ats.rippling.com/btc-inc,https://api.rippling.com/platform/api/ats/v1/board/btc-inc/jobs,4,observed,
rippling,buckeye-power-sales,buckeye-power-sales,https://ats.rippling.com/buckeye-power-sales,https://api.rippling.com/platform/api/ats/v1/board/buckeye-power-sales/jobs,19,observed,
rippling,burgmann,burgmann,https://ats.rippling.com/burgmann,https://api.rippling.com/platform/api/ats/v1/board/burgmann/jobs,2,observed,
rippling,button,button,https://ats.rippling.com/button,https://api.rippling.com/platform/api/ats/v1/board/button/jobs,12,observed,
rippling,buxtoncocareers,buxtoncocareers,https://ats.rippling.com/buxtoncocareers,https://api.rippling.com/platform/api/ats/v1/board/buxtoncocareers/jobs,1,observed,
rippling,cabrini-care,cabrini-care,https://ats.rippling.com/cabrini-care,https://api.rippling.com/platform/api/ats/v1/board/cabrini-care/jobs,3,observed,
rippling,caddy,caddy,https://ats.rippling.com/caddy,https://api.rippling.com/platform/api/ats/v1/board/caddy/jobs,1,observed,
rippling,caliza,caliza,https://ats.rippling.com/caliza,https://api.rippling.com/platform/api/ats/v1/board/caliza/jobs,1,observed,
rippling,campspot,campspot,https://ats.rippling.com/campspot,https://api.rippling.com/platform/api/ats/v1/board/campspot/jobs,7,observed,
rippling,canada-rocket-company,canada-rocket-company,https://ats.rippling.com/canada-rocket-company,https://api.rippling.com/platform/api/ats/v1/board/canada-rocket-company/jobs,17,observed,
rippling,capacity,capacity,https://ats.rippling.com/capacity,https://api.rippling.com/platform/api/ats/v1/board/capacity/jobs,2,observed,
rippling,capital-b,capital-b,https://ats.rippling.com/capital-b,https://api.rippling.com/platform/api/ats/v1/board/capital-b/jobs,0,observed,
rippling,career-opportunities-at-mindset,career-opportunities-at-mindset,https://ats.rippling.com/career-opportunities-at-mindset,https://api.rippling.com/platform/api/ats/v1/board/career-opportunities-at-mindset/jobs,5,observed,
rippling,careers-american-federation-of-musicians-employers-pension-fund,careers-american-federation-of-musicians-employers-pension-fund,https://ats.rippling.com/careers-american-federation-of-musicians-employers-pension-fund,https://api.rippling.com/platform/api/ats/v1/board/careers-american-federation-of-musicians-employers-pension-fund/jobs,0,observed,
rippling,careers-at-harver,careers-at-harver,https://ats.rippling.com/careers-at-harver,https://api.rippling.com/platform/api/ats/v1/board/careers-at-harver/jobs,4,observed,
rippling,careers-at-pearl,careers-at-pearl,https://ats.rippling.com/careers-at-pearl,https://api.rippling.com/platform/api/ats/v1/board/careers-at-pearl/jobs,5,observed,
rippling,careers-neuronetics,careers-neuronetics,https://ats.rippling.com/careers-neuronetics,https://api.rippling.com/platform/api/ats/v1/board/careers-neuronetics/jobs,53,observed,
rippling,careers-quartile,careers-quartile,https://ats.rippling.com/careers-quartile,https://api.rippling.com/platform/api/ats/v1/board/careers-quartile/jobs,12,observed,
rippling,careers-ucfs,careers-ucfs,https://ats.rippling.com/careers-ucfs,https://api.rippling.com/platform/api/ats/v1/board/careers-ucfs/jobs,157,observed,
rippling,cargosprint,cargosprint,https://ats.rippling.com/cargosprint,https://api.rippling.com/platform/api/ats/v1/board/cargosprint/jobs,6,observed,
rippling,casa-esperanza,casa-esperanza,https://ats.rippling.com/casa-esperanza,https://api.rippling.com/platform/api/ats/v1/board/casa-esperanza/jobs,21,observed,
rippling,cast-finance,cast-finance,https://ats.rippling.com/cast-finance,https://api.rippling.com/platform/api/ats/v1/board/cast-finance/jobs,4,observed,
rippling,catalyst-careers,catalyst-careers,https://ats.rippling.com/catalyst-careers,https://api.rippling.com/platform/api/ats/v1/board/catalyst-careers/jobs,2,observed,
rippling,catalystcr-careers,catalystcr-careers,https://ats.rippling.com/catalystcr-careers,https://api.rippling.com/platform/api/ats/v1/board/catalystcr-careers/jobs,4,observed,
rippling,catholic-charities,catholic-charities,https://ats.rippling.com/catholic-charities,https://api.rippling.com/platform/api/ats/v1/board/catholic-charities/jobs,5,observed,
rippling,catlin-gabel-school,catlin-gabel-school,https://ats.rippling.com/catlin-gabel-school,https://api.rippling.com/platform/api/ats/v1/board/catlin-gabel-school/jobs,9,observed,
rippling,cbts,cbts,https://ats.rippling.com/cbts,https://api.rippling.com/platform/api/ats/v1/board/cbts/jobs,21,observed,
rippling,cbtsindia,cbtsindia,https://ats.rippling.com/cbtsindia,https://api.rippling.com/platform/api/ats/v1/board/cbtsindia/jobs,42,observed,
rippling,cdata-software,cdata-software,https://ats.rippling.com/cdata-software,https://api.rippling.com/platform/api/ats/v1/board/cdata-software/jobs,8,observed,
rippling,celerdataopenroles,celerdataopenroles,https://ats.rippling.com/celerdataopenroles,https://api.rippling.com/platform/api/ats/v1/board/celerdataopenroles/jobs,14,observed,
rippling,centricity-research,centricity-research,https://ats.rippling.com/centricity-research,https://api.rippling.com/platform/api/ats/v1/board/centricity-research/jobs,9,observed,
rippling,cfi-solutions,cfi-solutions,https://ats.rippling.com/cfi-solutions,https://api.rippling.com/platform/api/ats/v1/board/cfi-solutions/jobs,6,observed,
rippling,chapman-management-group,chapman-management-group,https://ats.rippling.com/chapman-management-group,https://api.rippling.com/platform/api/ats/v1/board/chapman-management-group/jobs,18,observed,
rippling,character-biosciences,character-biosciences,https://ats.rippling.com/character-biosciences,https://api.rippling.com/platform/api/ats/v1/board/character-biosciences/jobs,1,observed,
rippling,chartis-interactive,chartis-interactive,https://ats.rippling.com/chartis-interactive,https://api.rippling.com/platform/api/ats/v1/board/chartis-interactive/jobs,4,observed,
rippling,chess,chess,https://ats.rippling.com/chess,https://api.rippling.com/platform/api/ats/v1/board/chess/jobs,12,observed,
rippling,childrenscouncilsf,childrenscouncilsf,https://ats.rippling.com/childrenscouncilsf,https://api.rippling.com/platform/api/ats/v1/board/childrenscouncilsf/jobs,4,observed,
rippling,christ-covenant-church,christ-covenant-church,https://ats.rippling.com/christ-covenant-church,https://api.rippling.com/platform/api/ats/v1/board/christ-covenant-church/jobs,11,observed,
rippling,cincinnati-school-of-music,cincinnati-school-of-music,https://ats.rippling.com/cincinnati-school-of-music,https://api.rippling.com/platform/api/ats/v1/board/cincinnati-school-of-music/jobs,5,observed,
rippling,citrine-informatics,citrine-informatics,https://ats.rippling.com/citrine-informatics,https://api.rippling.com/platform/api/ats/v1/board/citrine-informatics/jobs,5,observed,
rippling,clarimed,clarimed,https://ats.rippling.com/clarimed,https://api.rippling.com/platform/api/ats/v1/board/clarimed/jobs,0,observed,
rippling,clarity-clinic,clarity-clinic,https://ats.rippling.com/clarity-clinic,https://api.rippling.com/platform/api/ats/v1/board/clarity-clinic/jobs,19,observed,
rippling,clean-energy-services-careers,clean-energy-services-careers,https://ats.rippling.com/clean-energy-services-careers,https://api.rippling.com/platform/api/ats/v1/board/clean-energy-services-careers/jobs,14,observed,
rippling,clearestate,clearestate,https://ats.rippling.com/clearestate,https://api.rippling.com/platform/api/ats/v1/board/clearestate/jobs,1,observed,
rippling,clearpath,clearpath,https://ats.rippling.com/clearpath,https://api.rippling.com/platform/api/ats/v1/board/clearpath/jobs,3,observed,
rippling,clearstar,clearstar,https://ats.rippling.com/clearstar,https://api.rippling.com/platform/api/ats/v1/board/clearstar/jobs,2,observed,
rippling,clicklease,clicklease,https://ats.rippling.com/clicklease,https://api.rippling.com/platform/api/ats/v1/board/clicklease/jobs,14,observed,
rippling,climatepower,climatepower,https://ats.rippling.com/climatepower,https://api.rippling.com/platform/api/ats/v1/board/climatepower/jobs,1,observed,
rippling,clinical-consulting-solutions,clinical-consulting-solutions,https://ats.rippling.com/clinical-consulting-solutions,https://api.rippling.com/platform/api/ats/v1/board/clinical-consulting-solutions/jobs,11,observed,
rippling,closinglock,closinglock,https://ats.rippling.com/closinglock,https://api.rippling.com/platform/api/ats/v1/board/closinglock/jobs,0,observed,
rippling,cloud-synapps-inc,cloud-synapps-inc,https://ats.rippling.com/cloud-synapps-inc,https://api.rippling.com/platform/api/ats/v1/board/cloud-synapps-inc/jobs,13,observed,
rippling,cloudtech,cloudtech,https://ats.rippling.com/cloudtech,https://api.rippling.com/platform/api/ats/v1/board/cloudtech/jobs,1,observed,
rippling,clubessential-holdings-cjb,clubessential-holdings-cjb,https://ats.rippling.com/clubessential-holdings-cjb,https://api.rippling.com/platform/api/ats/v1/board/clubessential-holdings-cjb/jobs,2,observed,
rippling,cnyf,cnyf,https://ats.rippling.com/cnyf,https://api.rippling.com/platform/api/ats/v1/board/cnyf/jobs,3,observed,
rippling,codehs,codehs,https://ats.rippling.com/codehs,https://api.rippling.com/platform/api/ats/v1/board/codehs/jobs,6,observed,
rippling,colheli,colheli,https://ats.rippling.com/colheli,https://api.rippling.com/platform/api/ats/v1/board/colheli/jobs,2,observed,
rippling,collieraerospace,collieraerospace,https://ats.rippling.com/collieraerospace,https://api.rippling.com/platform/api/ats/v1/board/collieraerospace/jobs,7,observed,
rippling,column,column,https://ats.rippling.com/column,https://api.rippling.com/platform/api/ats/v1/board/column/jobs,1,observed,
rippling,combase-usa,combase-usa,https://ats.rippling.com/combase-usa,https://api.rippling.com/platform/api/ats/v1/board/combase-usa/jobs,0,observed,
rippling,combocurve,combocurve,https://ats.rippling.com/combocurve,https://api.rippling.com/platform/api/ats/v1/board/combocurve/jobs,6,observed,
rippling,commandlink,commandlink,https://ats.rippling.com/commandlink,https://api.rippling.com/platform/api/ats/v1/board/commandlink/jobs,19,observed,
rippling,communities-in-schools-of-the-dallas-region,communities-in-schools-of-the-dallas-region,https://ats.rippling.com/communities-in-schools-of-the-dallas-region,https://api.rippling.com/platform/api/ats/v1/board/communities-in-schools-of-the-dallas-region/jobs,2,observed,
rippling,community-phone-careers,community-phone-careers,https://ats.rippling.com/community-phone-careers,https://api.rippling.com/platform/api/ats/v1/board/community-phone-careers/jobs,9,observed,
rippling,compass-coffee,compass-coffee,https://ats.rippling.com/compass-coffee,https://api.rippling.com/platform/api/ats/v1/board/compass-coffee/jobs,0,observed,
rippling,compass-mining,compass-mining,https://ats.rippling.com/compass-mining,https://api.rippling.com/platform/api/ats/v1/board/compass-mining/jobs,2,observed,
rippling,complexly,complexly,https://ats.rippling.com/complexly,https://api.rippling.com/platform/api/ats/v1/board/complexly/jobs,1,observed,
rippling,conab-job-board,conab-job-board,https://ats.rippling.com/conab-job-board,https://api.rippling.com/platform/api/ats/v1/board/conab-job-board/jobs,1,observed,
rippling,conceptplus,conceptplus,https://ats.rippling.com/conceptplus,https://api.rippling.com/platform/api/ats/v1/board/conceptplus/jobs,39,observed,
rippling,concntric,concntric,https://ats.rippling.com/concntric,https://api.rippling.com/platform/api/ats/v1/board/concntric/jobs,1,observed,
rippling,concordare-trials,concordare-trials,https://ats.rippling.com/concordare-trials,https://api.rippling.com/platform/api/ats/v1/board/concordare-trials/jobs,0,observed,
rippling,conferencecatalysts,conferencecatalysts,https://ats.rippling.com/conferencecatalysts,https://api.rippling.com/platform/api/ats/v1/board/conferencecatalysts/jobs,0,observed,
rippling,consensus,consensus,https://ats.rippling.com/consensus,https://api.rippling.com/platform/api/ats/v1/board/consensus/jobs,12,observed,
rippling,conservation-northwest,conservation-northwest,https://ats.rippling.com/conservation-northwest,https://api.rippling.com/platform/api/ats/v1/board/conservation-northwest/jobs,1,observed,
rippling,contour-education,contour-education,https://ats.rippling.com/contour-education,https://api.rippling.com/platform/api/ats/v1/board/contour-education/jobs,71,observed,
rippling,contractor-opportunities,contractor-opportunities,https://ats.rippling.com/contractor-opportunities,https://api.rippling.com/platform/api/ats/v1/board/contractor-opportunities/jobs,2,observed,
rippling,convo-communications-llc,convo-communications-llc,https://ats.rippling.com/convo-communications-llc,https://api.rippling.com/platform/api/ats/v1/board/convo-communications-llc/jobs,2,observed,
rippling,copado,copado,https://ats.rippling.com/copado,https://api.rippling.com/platform/api/ats/v1/board/copado/jobs,32,observed,
rippling,coterie-careers,coterie-careers,https://ats.rippling.com/coterie-careers,https://api.rippling.com/platform/api/ats/v1/board/coterie-careers/jobs,8,observed,
rippling,covetcareers,covetcareers,https://ats.rippling.com/covetcareers,https://api.rippling.com/platform/api/ats/v1/board/covetcareers/jobs,8,observed,
rippling,cozey,cozey,https://ats.rippling.com/cozey,https://api.rippling.com/platform/api/ats/v1/board/cozey/jobs,22,observed,
rippling,crafty,crafty,https://ats.rippling.com/crafty,https://api.rippling.com/platform/api/ats/v1/board/crafty/jobs,25,observed,
rippling,crane-center-careers-page,crane-center-careers-page,https://ats.rippling.com/crane-center-careers-page,https://api.rippling.com/platform/api/ats/v1/board/crane-center-careers-page/jobs,4,observed,
rippling,crawford-mechanical-services,crawford-mechanical-services,https://ats.rippling.com/crawford-mechanical-services,https://api.rippling.com/platform/api/ats/v1/board/crawford-mechanical-services/jobs,14,observed,
rippling,createmusicgroup,createmusicgroup,https://ats.rippling.com/createmusicgroup,https://api.rippling.com/platform/api/ats/v1/board/createmusicgroup/jobs,13,observed,
rippling,cressy,cressy,https://ats.rippling.com/cressy,https://api.rippling.com/platform/api/ats/v1/board/cressy/jobs,3,observed,
rippling,crio,crio,https://ats.rippling.com/crio,https://api.rippling.com/platform/api/ats/v1/board/crio/jobs,6,observed,
rippling,crisp-careers,crisp-careers,https://ats.rippling.com/crisp-careers,https://api.rippling.com/platform/api/ats/v1/board/crisp-careers/jobs,0,observed,
rippling,cristcot-management-company-inc,cristcot-management-company-inc,https://ats.rippling.com/cristcot-management-company-inc,https://api.rippling.com/platform/api/ats/v1/board/cristcot-management-company-inc/jobs,3,observed,
rippling,crjcareers,crjcareers,https://ats.rippling.com/crjcareers,https://api.rippling.com/platform/api/ats/v1/board/crjcareers/jobs,70,observed,
rippling,crosswalk-health-inc,crosswalk-health-inc,https://ats.rippling.com/crosswalk-health-inc,https://api.rippling.com/platform/api/ats/v1/board/crosswalk-health-inc/jobs,8,observed,
rippling,cs-erickson-careers,cs-erickson-careers,https://ats.rippling.com/cs-erickson-careers,https://api.rippling.com/platform/api/ats/v1/board/cs-erickson-careers/jobs,22,observed,
rippling,cullen-jewellery,cullen-jewellery,https://ats.rippling.com/cullen-jewellery,https://api.rippling.com/platform/api/ats/v1/board/cullen-jewellery/jobs,27,observed,
rippling,curiosity-current-openings,curiosity-current-openings,https://ats.rippling.com/curiosity-current-openings,https://api.rippling.com/platform/api/ats/v1/board/curiosity-current-openings/jobs,4,observed,
rippling,current-energy-group,current-energy-group,https://ats.rippling.com/current-energy-group,https://api.rippling.com/platform/api/ats/v1/board/current-energy-group/jobs,5,observed,
rippling,custer-inc,custer-inc,https://ats.rippling.com/custer-inc,https://api.rippling.com/platform/api/ats/v1/board/custer-inc/jobs,1,observed,
rippling,cutcher,cutcher,https://ats.rippling.com/cutcher,https://api.rippling.com/platform/api/ats/v1/board/cutcher/jobs,10,observed,
rippling,d-wave-quantum,d-wave-quantum,https://ats.rippling.com/d-wave-quantum,https://api.rippling.com/platform/api/ats/v1/board/d-wave-quantum/jobs,50,observed,
rippling,dadosfera-carreiras,dadosfera-carreiras,https://ats.rippling.com/dadosfera-carreiras,https://api.rippling.com/platform/api/ats/v1/board/dadosfera-carreiras/jobs,13,observed,
rippling,dailyjournal,dailyjournal,https://ats.rippling.com/dailyjournal,https://api.rippling.com/platform/api/ats/v1/board/dailyjournal/jobs,1,observed,
rippling,daloopa,daloopa,https://ats.rippling.com/daloopa,https://api.rippling.com/platform/api/ats/v1/board/daloopa/jobs,13,observed,
rippling,darksaber-labs,darksaber-labs,https://ats.rippling.com/darksaber-labs,https://api.rippling.com/platform/api/ats/v1/board/darksaber-labs/jobs,4,observed,
rippling,darwin-homes,darwin-homes,https://ats.rippling.com/darwin-homes,https://api.rippling.com/platform/api/ats/v1/board/darwin-homes/jobs,2,observed,
rippling,dataspring,dataspring,https://ats.rippling.com/dataspring,https://api.rippling.com/platform/api/ats/v1/board/dataspring/jobs,9,observed,
rippling,dealeron,dealeron,https://ats.rippling.com/dealeron,https://api.rippling.com/platform/api/ats/v1/board/dealeron/jobs,19,observed,
rippling,decision-technologies-inc,decision-technologies-inc,https://ats.rippling.com/decision-technologies-inc,https://api.rippling.com/platform/api/ats/v1/board/decision-technologies-inc/jobs,48,observed,
rippling,del-mar-vacations,del-mar-vacations,https://ats.rippling.com/del-mar-vacations,https://api.rippling.com/platform/api/ats/v1/board/del-mar-vacations/jobs,7,observed,
rippling,delos-careers,delos-careers,https://ats.rippling.com/delos-careers,https://api.rippling.com/platform/api/ats/v1/board/delos-careers/jobs,4,observed,
rippling,demand-chain,demand-chain,https://ats.rippling.com/demand-chain,https://api.rippling.com/platform/api/ats/v1/board/demand-chain/jobs,6,observed,
rippling,demandpdx,demandpdx,https://ats.rippling.com/demandpdx,https://api.rippling.com/platform/api/ats/v1/board/demandpdx/jobs,9,observed,
rippling,democracy-docket,democracy-docket,https://ats.rippling.com/democracy-docket,https://api.rippling.com/platform/api/ats/v1/board/democracy-docket/jobs,3,observed,
rippling,democratic-national-committee,democratic-national-committee,https://ats.rippling.com/democratic-national-committee,https://api.rippling.com/platform/api/ats/v1/board/democratic-national-committee/jobs,13,observed,
rippling,dental-intelligence-careers,dental-intelligence-careers,https://ats.rippling.com/dental-intelligence-careers,https://api.rippling.com/platform/api/ats/v1/board/dental-intelligence-careers/jobs,4,observed,
rippling,deschutes-river-amphitheater,deschutes-river-amphitheater,https://ats.rippling.com/deschutes-river-amphitheater,https://api.rippling.com/platform/api/ats/v1/board/deschutes-river-amphitheater/jobs,0,observed,
rippling,desri-careers,desri-careers,https://ats.rippling.com/desri-careers,https://api.rippling.com/platform/api/ats/v1/board/desri-careers/jobs,47,observed,
rippling,dext-capital-llc,dext-capital-llc,https://ats.rippling.com/dext-capital-llc,https://api.rippling.com/platform/api/ats/v1/board/dext-capital-llc/jobs,2,observed,
rippling,dgrsystems,dgrsystems,https://ats.rippling.com/dgrsystems,https://api.rippling.com/platform/api/ats/v1/board/dgrsystems/jobs,8,observed,
rippling,dialogue-en,dialogue-en,https://ats.rippling.com/dialogue-en,https://api.rippling.com/platform/api/ats/v1/board/dialogue-en/jobs,33,observed,
rippling,dialogue-fr,dialogue-fr,https://ats.rippling.com/dialogue-fr,https://api.rippling.com/platform/api/ats/v1/board/dialogue-fr/jobs,30,observed,
rippling,dias-geophysical-limited,dias-geophysical-limited,https://ats.rippling.com/dias-geophysical-limited,https://api.rippling.com/platform/api/ats/v1/board/dias-geophysical-limited/jobs,3,observed,
rippling,digital-experience-holdings-llc,digital-experience-holdings-llc,https://ats.rippling.com/digital-experience-holdings-llc,https://api.rippling.com/platform/api/ats/v1/board/digital-experience-holdings-llc/jobs,9,observed,
rippling,digsdogcare,digsdogcare,https://ats.rippling.com/digsdogcare,https://api.rippling.com/platform/api/ats/v1/board/digsdogcare/jobs,15,observed,
rippling,dirty-hands,dirty-hands,https://ats.rippling.com/dirty-hands,https://api.rippling.com/platform/api/ats/v1/board/dirty-hands/jobs,7,observed,
rippling,disabilityrightswi,disabilityrightswi,https://ats.rippling.com/disabilityrightswi,https://api.rippling.com/platform/api/ats/v1/board/disabilityrightswi/jobs,0,observed,
rippling,dispensed-careers,dispensed-careers,https://ats.rippling.com/dispensed-careers,https://api.rippling.com/platform/api/ats/v1/board/dispensed-careers/jobs,7,observed,
rippling,dizplai,dizplai,https://ats.rippling.com/dizplai,https://api.rippling.com/platform/api/ats/v1/board/dizplai/jobs,5,observed,
rippling,dlb-associates,dlb-associates,https://ats.rippling.com/dlb-associates,https://api.rippling.com/platform/api/ats/v1/board/dlb-associates/jobs,84,observed,
rippling,domaine-careers,domaine-careers,https://ats.rippling.com/domaine-careers,https://api.rippling.com/platform/api/ats/v1/board/domaine-careers/jobs,14,observed,
rippling,donum-dei-classical-academy,donum-dei-classical-academy,https://ats.rippling.com/donum-dei-classical-academy,https://api.rippling.com/platform/api/ats/v1/board/donum-dei-classical-academy/jobs,8,observed,
rippling,door,door,https://ats.rippling.com/door,https://api.rippling.com/platform/api/ats/v1/board/door/jobs,6,observed,
rippling,dreww-jobs,dreww-jobs,https://ats.rippling.com/dreww-jobs,https://api.rippling.com/platform/api/ats/v1/board/dreww-jobs/jobs,8,observed,
rippling,droneshield,droneshield,https://ats.rippling.com/droneshield,https://api.rippling.com/platform/api/ats/v1/board/droneshield/jobs,39,observed,
rippling,droneup,droneup,https://ats.rippling.com/droneup,https://api.rippling.com/platform/api/ats/v1/board/droneup/jobs,0,observed,
rippling,drvn-jobs,drvn-jobs,https://ats.rippling.com/drvn-jobs,https://api.rippling.com/platform/api/ats/v1/board/drvn-jobs/jobs,4,observed,
rippling,dub,dub,https://ats.rippling.com/dub,https://api.rippling.com/platform/api/ats/v1/board/dub/jobs,2,observed,
rippling,duku-ai,duku-ai,https://ats.rippling.com/duku-ai,https://api.rippling.com/platform/api/ats/v1/board/duku-ai/jobs,3,observed,
rippling,duplocloud,duplocloud,https://ats.rippling.com/duplocloud,https://api.rippling.com/platform/api/ats/v1/board/duplocloud/jobs,3,observed,
rippling,dynagenlending,dynagenlending,https://ats.rippling.com/dynagenlending,https://api.rippling.com/platform/api/ats/v1/board/dynagenlending/jobs,7,observed,
rippling,easy-dynamics-corporation,easy-dynamics-corporation,https://ats.rippling.com/easy-dynamics-corporation,https://api.rippling.com/platform/api/ats/v1/board/easy-dynamics-corporation/jobs,12,observed,
rippling,econorthwest,econorthwest,https://ats.rippling.com/econorthwest,https://api.rippling.com/platform/api/ats/v1/board/econorthwest/jobs,3,observed,
rippling,ecowize-careers,ecowize-careers,https://ats.rippling.com/ecowize-careers,https://api.rippling.com/platform/api/ats/v1/board/ecowize-careers/jobs,45,observed,
rippling,edgedelta,edgedelta,https://ats.rippling.com/edgedelta,https://api.rippling.com/platform/api/ats/v1/board/edgedelta/jobs,1,observed,
rippling,edgehog-trading,edgehog-trading,https://ats.rippling.com/edgehog-trading,https://api.rippling.com/platform/api/ats/v1/board/edgehog-trading/jobs,14,observed,
rippling,ehouse-studio-llc,ehouse-studio-llc,https://ats.rippling.com/ehouse-studio-llc,https://api.rippling.com/platform/api/ats/v1/board/ehouse-studio-llc/jobs,2,observed,
rippling,eleanor-health-careers,eleanor-health-careers,https://ats.rippling.com/eleanor-health-careers,https://api.rippling.com/platform/api/ats/v1/board/eleanor-health-careers/jobs,5,observed,
rippling,electrosonic-careers,electrosonic-careers,https://ats.rippling.com/electrosonic-careers,https://api.rippling.com/platform/api/ats/v1/board/electrosonic-careers/jobs,4,observed,
rippling,elg-careers-attorneys,elg-careers-attorneys,https://ats.rippling.com/elg-careers-attorneys,https://api.rippling.com/platform/api/ats/v1/board/elg-careers-attorneys/jobs,2,observed,
rippling,emed-technologies-job-board,emed-technologies-job-board,https://ats.rippling.com/emed-technologies-job-board,https://api.rippling.com/platform/api/ats/v1/board/emed-technologies-job-board/jobs,7,observed,
rippling,emeraldx,emeraldx,https://ats.rippling.com/emeraldx,https://api.rippling.com/platform/api/ats/v1/board/emeraldx/jobs,21,observed,
rippling,encamp,encamp,https://ats.rippling.com/encamp,https://api.rippling.com/platform/api/ats/v1/board/encamp/jobs,1,observed,
rippling,endpointsnews,endpointsnews,https://ats.rippling.com/endpointsnews,https://api.rippling.com/platform/api/ats/v1/board/endpointsnews/jobs,2,observed,
rippling,enertiv-jobs,enertiv-jobs,https://ats.rippling.com/enertiv-jobs,https://api.rippling.com/platform/api/ats/v1/board/enertiv-jobs/jobs,0,observed,
rippling,entropico,entropico,https://ats.rippling.com/entropico,https://api.rippling.com/platform/api/ats/v1/board/entropico/jobs,2,observed,
rippling,entrust-community-services-job-board,entrust-community-services-job-board,https://ats.rippling.com/entrust-community-services-job-board,https://api.rippling.com/platform/api/ats/v1/board/entrust-community-services-job-board/jobs,3,observed,
rippling,enzo-health,enzo-health,https://ats.rippling.com/enzo-health,https://api.rippling.com/platform/api/ats/v1/board/enzo-health/jobs,5,observed,
rippling,ephemeris-net,ephemeris-net,https://ats.rippling.com/ephemeris-net,https://api.rippling.com/platform/api/ats/v1/board/ephemeris-net/jobs,8,observed,
rippling,epic-gardening,epic-gardening,https://ats.rippling.com/epic-gardening,https://api.rippling.com/platform/api/ats/v1/board/epic-gardening/jobs,1,observed,
rippling,epic-software,epic-software,https://ats.rippling.com/epic-software,https://api.rippling.com/platform/api/ats/v1/board/epic-software/jobs,19,observed,
rippling,erepublic,erepublic,https://ats.rippling.com/erepublic,https://api.rippling.com/platform/api/ats/v1/board/erepublic/jobs,1,observed,
rippling,ethermed,ethermed,https://ats.rippling.com/ethermed,https://api.rippling.com/platform/api/ats/v1/board/ethermed/jobs,1,observed,
rippling,etix,etix,https://ats.rippling.com/etix,https://api.rippling.com/platform/api/ats/v1/board/etix/jobs,2,observed,
rippling,eurasia-group,eurasia-group,https://ats.rippling.com/eurasia-group,https://api.rippling.com/platform/api/ats/v1/board/eurasia-group/jobs,14,observed,
rippling,evercharge-careers,evercharge-careers,https://ats.rippling.com/evercharge-careers,https://api.rippling.com/platform/api/ats/v1/board/evercharge-careers/jobs,0,observed,
rippling,everfi,everfi,https://ats.rippling.com/everfi,https://api.rippling.com/platform/api/ats/v1/board/everfi/jobs,2,observed,
rippling,everflow,everflow,https://ats.rippling.com/everflow,https://api.rippling.com/platform/api/ats/v1/board/everflow/jobs,7,observed,
rippling,everythingbagelcareers,everythingbagelcareers,https://ats.rippling.com/everythingbagelcareers,https://api.rippling.com/platform/api/ats/v1/board/everythingbagelcareers/jobs,1,observed,
rippling,evidation,evidation,https://ats.rippling.com/evidation,https://api.rippling.com/platform/api/ats/v1/board/evidation/jobs,3,observed,
rippling,evommune,evommune,https://ats.rippling.com/evommune,https://api.rippling.com/platform/api/ats/v1/board/evommune/jobs,3,observed,
rippling,evosus-inc,evosus-inc,https://ats.rippling.com/evosus-inc,https://api.rippling.com/platform/api/ats/v1/board/evosus-inc/jobs,1,observed,
rippling,exacare-inc,exacare-inc,https://ats.rippling.com/exacare-inc,https://api.rippling.com/platform/api/ats/v1/board/exacare-inc/jobs,27,observed,
rippling,exp-jobs,exp-jobs,https://ats.rippling.com/exp-jobs,https://api.rippling.com/platform/api/ats/v1/board/exp-jobs/jobs,13,observed,
rippling,expo,expo,https://ats.rippling.com/expo,https://api.rippling.com/platform/api/ats/v1/board/expo/jobs,11,observed,
rippling,external-job-board,external-job-board,https://ats.rippling.com/external-job-board,https://api.rippling.com/platform/api/ats/v1/board/external-job-board/jobs,7,observed,
rippling,extrityservices,extrityservices,https://ats.rippling.com/extrityservices,https://api.rippling.com/platform/api/ats/v1/board/extrityservices/jobs,12,observed,
rippling,exus-renewables-north-america,exus-renewables-north-america,https://ats.rippling.com/exus-renewables-north-america,https://api.rippling.com/platform/api/ats/v1/board/exus-renewables-north-america/jobs,12,observed,
rippling,fabric-inc,fabric-inc,https://ats.rippling.com/fabric-inc,https://api.rippling.com/platform/api/ats/v1/board/fabric-inc/jobs,3,observed,
rippling,facereality,facereality,https://ats.rippling.com/facereality,https://api.rippling.com/platform/api/ats/v1/board/facereality/jobs,3,observed,
rippling,farmandforgeclub,farmandforgeclub,https://ats.rippling.com/farmandforgeclub,https://api.rippling.com/platform/api/ats/v1/board/farmandforgeclub/jobs,6,observed,
rippling,fastsigns,fastsigns,https://ats.rippling.com/fastsigns,https://api.rippling.com/platform/api/ats/v1/board/fastsigns/jobs,2,observed,
rippling,fellers,fellers,https://ats.rippling.com/fellers,https://api.rippling.com/platform/api/ats/v1/board/fellers/jobs,5,observed,
rippling,fello-careers,fello-careers,https://ats.rippling.com/fello-careers,https://api.rippling.com/platform/api/ats/v1/board/fello-careers/jobs,10,observed,
rippling,ffbc,ffbc,https://ats.rippling.com/ffbc,https://api.rippling.com/platform/api/ats/v1/board/ffbc/jobs,0,observed,
rippling,fieldpulse,fieldpulse,https://ats.rippling.com/fieldpulse,https://api.rippling.com/platform/api/ats/v1/board/fieldpulse/jobs,13,observed,
rippling,findhelp,findhelp,https://ats.rippling.com/findhelp,https://api.rippling.com/platform/api/ats/v1/board/findhelp/jobs,22,observed,
rippling,fintrx-careers,fintrx-careers,https://ats.rippling.com/fintrx-careers,https://api.rippling.com/platform/api/ats/v1/board/fintrx-careers/jobs,1,observed,
rippling,firstfedcareers,firstfedcareers,https://ats.rippling.com/firstfedcareers,https://api.rippling.com/platform/api/ats/v1/board/firstfedcareers/jobs,6,observed,
rippling,firstservicebank,firstservicebank,https://ats.rippling.com/firstservicebank,https://api.rippling.com/platform/api/ats/v1/board/firstservicebank/jobs,12,observed,
rippling,flex-dental,flex-dental,https://ats.rippling.com/flex-dental,https://api.rippling.com/platform/api/ats/v1/board/flex-dental/jobs,2,observed,
rippling,flighthouse,flighthouse,https://ats.rippling.com/flighthouse,https://api.rippling.com/platform/api/ats/v1/board/flighthouse/jobs,1,observed,
rippling,flourish-and-thrive-labs,flourish-and-thrive-labs,https://ats.rippling.com/flourish-and-thrive-labs,https://api.rippling.com/platform/api/ats/v1/board/flourish-and-thrive-labs/jobs,4,observed,
rippling,fluidlogic,fluidlogic,https://ats.rippling.com/fluidlogic,https://api.rippling.com/platform/api/ats/v1/board/fluidlogic/jobs,1,observed,
rippling,foremostcareers,foremostcareers,https://ats.rippling.com/foremostcareers,https://api.rippling.com/platform/api/ats/v1/board/foremostcareers/jobs,1,observed,
rippling,formant-careers,formant-careers,https://ats.rippling.com/formant-careers,https://api.rippling.com/platform/api/ats/v1/board/formant-careers/jobs,1,observed,
rippling,forterra,forterra,https://ats.rippling.com/forterra,https://api.rippling.com/platform/api/ats/v1/board/forterra/jobs,40,observed,
rippling,foundant-careers,foundant-careers,https://ats.rippling.com/foundant-careers,https://api.rippling.com/platform/api/ats/v1/board/foundant-careers/jobs,20,observed,
rippling,foundation-robotics,foundation-robotics,https://ats.rippling.com/foundation-robotics,https://api.rippling.com/platform/api/ats/v1/board/foundation-robotics/jobs,24,observed,
rippling,framework,framework,https://ats.rippling.com/framework,https://api.rippling.com/platform/api/ats/v1/board/framework/jobs,2,observed,
rippling,free-market-health,free-market-health,https://ats.rippling.com/free-market-health,https://api.rippling.com/platform/api/ats/v1/board/free-market-health/jobs,22,observed,
rippling,freedom-house,freedom-house,https://ats.rippling.com/freedom-house,https://api.rippling.com/platform/api/ats/v1/board/freedom-house/jobs,3,observed,
rippling,fsm-apply,fsm-apply,https://ats.rippling.com/fsm-apply,https://api.rippling.com/platform/api/ats/v1/board/fsm-apply/jobs,2,observed,
rippling,fullmind,fullmind,https://ats.rippling.com/fullmind,https://api.rippling.com/platform/api/ats/v1/board/fullmind/jobs,20,observed,
rippling,gaiias-open-positions,gaiias-open-positions,https://ats.rippling.com/gaiias-open-positions,https://api.rippling.com/platform/api/ats/v1/board/gaiias-open-positions/jobs,7,observed,
rippling,gakinoamaagetfc,gakinoamaagetfc,https://ats.rippling.com/gakinoamaagetfc,https://api.rippling.com/platform/api/ats/v1/board/gakinoamaagetfc/jobs,1,observed,
rippling,galvanizetherapeutics,galvanizetherapeutics,https://ats.rippling.com/galvanizetherapeutics,https://api.rippling.com/platform/api/ats/v1/board/galvanizetherapeutics/jobs,8,observed,
rippling,gamerschoice,gamerschoice,https://ats.rippling.com/gamerschoice,https://api.rippling.com/platform/api/ats/v1/board/gamerschoice/jobs,13,observed,
rippling,gamesight,gamesight,https://ats.rippling.com/gamesight,https://api.rippling.com/platform/api/ats/v1/board/gamesight/jobs,2,observed,
rippling,gannett,gannett,https://ats.rippling.com/gannett,https://api.rippling.com/platform/api/ats/v1/board/gannett/jobs,1,observed,
rippling,gearhead-outfitters-careers,gearhead-outfitters-careers,https://ats.rippling.com/gearhead-outfitters-careers,https://api.rippling.com/platform/api/ats/v1/board/gearhead-outfitters-careers/jobs,39,observed,
rippling,genlogs-corporation,genlogs-corporation,https://ats.rippling.com/genlogs-corporation,https://api.rippling.com/platform/api/ats/v1/board/genlogs-corporation/jobs,16,observed,
rippling,georgetownhill,georgetownhill,https://ats.rippling.com/georgetownhill,https://api.rippling.com/platform/api/ats/v1/board/georgetownhill/jobs,4,observed,
rippling,gershautism,gershautism,https://ats.rippling.com/gershautism,https://api.rippling.com/platform/api/ats/v1/board/gershautism/jobs,36,observed,
rippling,get-covered-insurance,get-covered-insurance,https://ats.rippling.com/get-covered-insurance,https://api.rippling.com/platform/api/ats/v1/board/get-covered-insurance/jobs,7,observed,
rippling,get-engaged,get-engaged,https://ats.rippling.com/get-engaged,https://api.rippling.com/platform/api/ats/v1/board/get-engaged/jobs,20,observed,
rippling,gfg-career-page,gfg-career-page,https://ats.rippling.com/gfg-career-page,https://api.rippling.com/platform/api/ats/v1/board/gfg-career-page/jobs,11,observed,
rippling,giftedsavings,giftedsavings,https://ats.rippling.com/giftedsavings,https://api.rippling.com/platform/api/ats/v1/board/giftedsavings/jobs,0,observed,
rippling,gigawatt-ai,gigawatt-ai,https://ats.rippling.com/gigawatt-ai,https://api.rippling.com/platform/api/ats/v1/board/gigawatt-ai/jobs,5,observed,
rippling,gitar-careers,gitar-careers,https://ats.rippling.com/gitar-careers,https://api.rippling.com/platform/api/ats/v1/board/gitar-careers/jobs,2,observed,
rippling,gobolt,gobolt,https://ats.rippling.com/gobolt,https://api.rippling.com/platform/api/ats/v1/board/gobolt/jobs,13,observed,
rippling,goddard-technologies,goddard-technologies,https://ats.rippling.com/goddard-technologies,https://api.rippling.com/platform/api/ats/v1/board/goddard-technologies/jobs,9,observed,
rippling,gofishdigital,gofishdigital,https://ats.rippling.com/gofishdigital,https://api.rippling.com/platform/api/ats/v1/board/gofishdigital/jobs,20,observed,
rippling,govly-inc,govly-inc,https://ats.rippling.com/govly-inc,https://api.rippling.com/platform/api/ats/v1/board/govly-inc/jobs,1,observed,
rippling,greentown-labs,greentown-labs,https://ats.rippling.com/greentown-labs,https://api.rippling.com/platform/api/ats/v1/board/greentown-labs/jobs,6,observed,
rippling,gridsight,gridsight,https://ats.rippling.com/gridsight,https://api.rippling.com/platform/api/ats/v1/board/gridsight/jobs,30,observed,
rippling,grifin,grifin,https://ats.rippling.com/grifin,https://api.rippling.com/platform/api/ats/v1/board/grifin/jobs,2,observed,
rippling,grit-marketing,grit-marketing,https://ats.rippling.com/grit-marketing,https://api.rippling.com/platform/api/ats/v1/board/grit-marketing/jobs,0,observed,
rippling,gshawaii,gshawaii,https://ats.rippling.com/gshawaii,https://api.rippling.com/platform/api/ats/v1/board/gshawaii/jobs,7,observed,
rippling,gsm-jobs,gsm-jobs,https://ats.rippling.com/gsm-jobs,https://api.rippling.com/platform/api/ats/v1/board/gsm-jobs/jobs,19,observed,
rippling,guru-careers,guru-careers,https://ats.rippling.com/guru-careers,https://api.rippling.com/platform/api/ats/v1/board/guru-careers/jobs,3,observed,
rippling,halborn,halborn,https://ats.rippling.com/halborn,https://api.rippling.com/platform/api/ats/v1/board/halborn/jobs,6,observed,
rippling,halborn-inc,halborn-inc,https://ats.rippling.com/halborn-inc,https://api.rippling.com/platform/api/ats/v1/board/halborn-inc/jobs,4,observed,
rippling,hammerspace,hammerspace,https://ats.rippling.com/hammerspace,https://api.rippling.com/platform/api/ats/v1/board/hammerspace/jobs,11,observed,
rippling,harborcompliance,harborcompliance,https://ats.rippling.com/harborcompliance,https://api.rippling.com/platform/api/ats/v1/board/harborcompliance/jobs,12,observed,
rippling,harrison-group,harrison-group,https://ats.rippling.com/harrison-group,https://api.rippling.com/platform/api/ats/v1/board/harrison-group/jobs,25,observed,
rippling,harvest,harvest,https://ats.rippling.com/harvest,https://api.rippling.com/platform/api/ats/v1/board/harvest/jobs,6,observed,
rippling,havenlybrands,havenlybrands,https://ats.rippling.com/havenlybrands,https://api.rippling.com/platform/api/ats/v1/board/havenlybrands/jobs,34,observed,
rippling,heads-up-technologies,heads-up-technologies,https://ats.rippling.com/heads-up-technologies,https://api.rippling.com/platform/api/ats/v1/board/heads-up-technologies/jobs,20,observed,
rippling,healthbar-careers,healthbar-careers,https://ats.rippling.com/healthbar-careers,https://api.rippling.com/platform/api/ats/v1/board/healthbar-careers/jobs,5,observed,
rippling,healthlink-dimensions,healthlink-dimensions,https://ats.rippling.com/healthlink-dimensions,https://api.rippling.com/platform/api/ats/v1/board/healthlink-dimensions/jobs,1,observed,
rippling,healthsnapcareers,healthsnapcareers,https://ats.rippling.com/healthsnapcareers,https://api.rippling.com/platform/api/ats/v1/board/healthsnapcareers/jobs,7,observed,
rippling,hearth-careers,hearth-careers,https://ats.rippling.com/hearth-careers,https://api.rippling.com/platform/api/ats/v1/board/hearth-careers/jobs,5,observed,
rippling,hhrocjobs,hhrocjobs,https://ats.rippling.com/hhrocjobs,https://api.rippling.com/platform/api/ats/v1/board/hhrocjobs/jobs,0,observed,
rippling,hinghamsavings,hinghamsavings,https://ats.rippling.com/hinghamsavings,https://api.rippling.com/platform/api/ats/v1/board/hinghamsavings/jobs,9,observed,
rippling,hl-agency,hl-agency,https://ats.rippling.com/hl-agency,https://api.rippling.com/platform/api/ats/v1/board/hl-agency/jobs,1,observed,
rippling,holly,holly,https://ats.rippling.com/holly,https://api.rippling.com/platform/api/ats/v1/board/holly/jobs,5,observed,
rippling,home-carpet-one,home-carpet-one,https://ats.rippling.com/home-carpet-one,https://api.rippling.com/platform/api/ats/v1/board/home-carpet-one/jobs,1,observed,
rippling,hosmer-chiropractic-health,hosmer-chiropractic-health,https://ats.rippling.com/hosmer-chiropractic-health,https://api.rippling.com/platform/api/ats/v1/board/hosmer-chiropractic-health/jobs,2,observed,
rippling,hqo,hqo,https://ats.rippling.com/hqo,https://api.rippling.com/platform/api/ats/v1/board/hqo/jobs,12,observed,
rippling,htx-labs-careers,htx-labs-careers,https://ats.rippling.com/htx-labs-careers,https://api.rippling.com/platform/api/ats/v1/board/htx-labs-careers/jobs,2,observed,
rippling,hunterstrategy,hunterstrategy,https://ats.rippling.com/hunterstrategy,https://api.rippling.com/platform/api/ats/v1/board/hunterstrategy/jobs,4,observed,
rippling,huntridge-labs-careers,huntridge-labs-careers,https://ats.rippling.com/huntridge-labs-careers,https://api.rippling.com/platform/api/ats/v1/board/huntridge-labs-careers/jobs,2,observed,
rippling,husted-communications-inc-hci,husted-communications-inc-hci,https://ats.rippling.com/husted-communications-inc-hci,https://api.rippling.com/platform/api/ats/v1/board/husted-communications-inc-hci/jobs,8,observed,
rippling,hutch-ads-job-board,hutch-ads-job-board,https://ats.rippling.com/hutch-ads-job-board,https://api.rippling.com/platform/api/ats/v1/board/hutch-ads-job-board/jobs,8,observed,
rippling,hypervision-surgical,hypervision-surgical,https://ats.rippling.com/hypervision-surgical,https://api.rippling.com/platform/api/ats/v1/board/hypervision-surgical/jobs,2,observed,
rippling,hypervolt,hypervolt,https://ats.rippling.com/hypervolt,https://api.rippling.com/platform/api/ats/v1/board/hypervolt/jobs,15,observed,
rippling,ias-careers,ias-careers,https://ats.rippling.com/ias-careers,https://api.rippling.com/platform/api/ats/v1/board/ias-careers/jobs,24,observed,
rippling,icp-globalcareers,icp-globalcareers,https://ats.rippling.com/icp-globalcareers,https://api.rippling.com/platform/api/ats/v1/board/icp-globalcareers/jobs,9,observed,
rippling,ieducate,ieducate,https://ats.rippling.com/ieducate,https://api.rippling.com/platform/api/ats/v1/board/ieducate/jobs,2,observed,
rippling,inair,inair,https://ats.rippling.com/inair,https://api.rippling.com/platform/api/ats/v1/board/inair/jobs,1,observed,
rippling,incredible-health,incredible-health,https://ats.rippling.com/incredible-health,https://api.rippling.com/platform/api/ats/v1/board/incredible-health/jobs,5,observed,
rippling,indivisible-project-careers,indivisible-project-careers,https://ats.rippling.com/indivisible-project-careers,https://api.rippling.com/platform/api/ats/v1/board/indivisible-project-careers/jobs,1,observed,
rippling,infodash,infodash,https://ats.rippling.com/infodash,https://api.rippling.com/platform/api/ats/v1/board/infodash/jobs,0,observed,
rippling,infotrack-careers,infotrack-careers,https://ats.rippling.com/infotrack-careers,https://api.rippling.com/platform/api/ats/v1/board/infotrack-careers/jobs,4,observed,
rippling,inquired-careers,inquired-careers,https://ats.rippling.com/inquired-careers,https://api.rippling.com/platform/api/ats/v1/board/inquired-careers/jobs,5,observed,
rippling,inseego,inseego,https://ats.rippling.com/inseego,https://api.rippling.com/platform/api/ats/v1/board/inseego/jobs,8,observed,
rippling,inspectoriocareers,inspectoriocareers,https://ats.rippling.com/inspectoriocareers,https://api.rippling.com/platform/api/ats/v1/board/inspectoriocareers/jobs,15,observed,
rippling,integrated-community-options,integrated-community-options,https://ats.rippling.com/integrated-community-options,https://api.rippling.com/platform/api/ats/v1/board/integrated-community-options/jobs,5,observed,
rippling,intelliguard,intelliguard,https://ats.rippling.com/intelliguard,https://api.rippling.com/platform/api/ats/v1/board/intelliguard/jobs,5,observed,
rippling,interplaylearning,interplaylearning,https://ats.rippling.com/interplaylearning,https://api.rippling.com/platform/api/ats/v1/board/interplaylearning/jobs,4,observed,
rippling,intersection,intersection,https://ats.rippling.com/intersection,https://api.rippling.com/platform/api/ats/v1/board/intersection/jobs,15,observed,
rippling,ip-house,ip-house,https://ats.rippling.com/ip-house,https://api.rippling.com/platform/api/ats/v1/board/ip-house/jobs,7,observed,
rippling,it-voice-careers,it-voice-careers,https://ats.rippling.com/it-voice-careers,https://api.rippling.com/platform/api/ats/v1/board/it-voice-careers/jobs,5,observed,
rippling,ivywoodclassicalacademy,ivywoodclassicalacademy,https://ats.rippling.com/ivywoodclassicalacademy,https://api.rippling.com/platform/api/ats/v1/board/ivywoodclassicalacademy/jobs,3,observed,
rippling,j2-interactive,j2-interactive,https://ats.rippling.com/j2-interactive,https://api.rippling.com/platform/api/ats/v1/board/j2-interactive/jobs,2,observed,
rippling,japanese-friendship-garden-of-phoenix,japanese-friendship-garden-of-phoenix,https://ats.rippling.com/japanese-friendship-garden-of-phoenix,https://api.rippling.com/platform/api/ats/v1/board/japanese-friendship-garden-of-phoenix/jobs,2,observed,
rippling,jmark-careers,jmark-careers,https://ats.rippling.com/jmark-careers,https://api.rippling.com/platform/api/ats/v1/board/jmark-careers/jobs,12,observed,
rippling,jobboard,jobboard,https://ats.rippling.com/jobboard,https://api.rippling.com/platform/api/ats/v1/board/jobboard/jobs,15,observed,
rippling,jobs-at-tuesday-health,jobs-at-tuesday-health,https://ats.rippling.com/jobs-at-tuesday-health,https://api.rippling.com/platform/api/ats/v1/board/jobs-at-tuesday-health/jobs,9,observed,
rippling,join-modern,join-modern,https://ats.rippling.com/join-modern,https://api.rippling.com/platform/api/ats/v1/board/join-modern/jobs,7,observed,
rippling,join-the-hipcamp-team,join-the-hipcamp-team,https://ats.rippling.com/join-the-hipcamp-team,https://api.rippling.com/platform/api/ats/v1/board/join-the-hipcamp-team/jobs,6,observed,
rippling,joinroot,joinroot,https://ats.rippling.com/joinroot,https://api.rippling.com/platform/api/ats/v1/board/joinroot/jobs,16,observed,
rippling,jsm-careers,jsm-careers,https://ats.rippling.com/jsm-careers,https://api.rippling.com/platform/api/ats/v1/board/jsm-careers/jobs,4,observed,
rippling,just-appraised-jobs,just-appraised-jobs,https://ats.rippling.com/just-appraised-jobs,https://api.rippling.com/platform/api/ats/v1/board/just-appraised-jobs/jobs,6,observed,
rippling,kalamazoo-gospel-ministries,kalamazoo-gospel-ministries,https://ats.rippling.com/kalamazoo-gospel-ministries,https://api.rippling.com/platform/api/ats/v1/board/kalamazoo-gospel-ministries/jobs,5,observed,
rippling,kaporcenter,kaporcenter,https://ats.rippling.com/kaporcenter,https://api.rippling.com/platform/api/ats/v1/board/kaporcenter/jobs,2,observed,
rippling,karoo-health,karoo-health,https://ats.rippling.com/karoo-health,https://api.rippling.com/platform/api/ats/v1/board/karoo-health/jobs,1,observed,
rippling,keeblerhealth,keeblerhealth,https://ats.rippling.com/keeblerhealth,https://api.rippling.com/platform/api/ats/v1/board/keeblerhealth/jobs,2,observed,
rippling,keel-labs-careers,keel-labs-careers,https://ats.rippling.com/keel-labs-careers,https://api.rippling.com/platform/api/ats/v1/board/keel-labs-careers/jobs,2,observed,
rippling,kevel-careers,kevel-careers,https://ats.rippling.com/kevel-careers,https://api.rippling.com/platform/api/ats/v1/board/kevel-careers/jobs,5,observed,
rippling,kick,kick,https://ats.rippling.com/kick,https://api.rippling.com/platform/api/ats/v1/board/kick/jobs,12,observed,
rippling,kidspacemuseum,kidspacemuseum,https://ats.rippling.com/kidspacemuseum,https://api.rippling.com/platform/api/ats/v1/board/kidspacemuseum/jobs,3,observed,
rippling,kinetic,kinetic,https://ats.rippling.com/kinetic,https://api.rippling.com/platform/api/ats/v1/board/kinetic/jobs,22,observed,
rippling,kinetic-games-careers,kinetic-games-careers,https://ats.rippling.com/kinetic-games-careers,https://api.rippling.com/platform/api/ats/v1/board/kinetic-games-careers/jobs,5,observed,
rippling,kisi-jobs,kisi-jobs,https://ats.rippling.com/kisi-jobs,https://api.rippling.com/platform/api/ats/v1/board/kisi-jobs/jobs,0,observed,
rippling,kline-company-inc,kline-company-inc,https://ats.rippling.com/kline-company-inc,https://api.rippling.com/platform/api/ats/v1/board/kline-company-inc/jobs,5,observed,
rippling,knotch-inc,knotch-inc,https://ats.rippling.com/knotch-inc,https://api.rippling.com/platform/api/ats/v1/board/knotch-inc/jobs,3,observed,
rippling,kolar-design-career-opportunities,kolar-design-career-opportunities,https://ats.rippling.com/kolar-design-career-opportunities,https://api.rippling.com/platform/api/ats/v1/board/kolar-design-career-opportunities/jobs,2,observed,
rippling,konabrewinghawaii,konabrewinghawaii,https://ats.rippling.com/konabrewinghawaii,https://api.rippling.com/platform/api/ats/v1/board/konabrewinghawaii/jobs,14,observed,
rippling,koreai-india-careers,koreai-india-careers,https://ats.rippling.com/koreai-india-careers,https://api.rippling.com/platform/api/ats/v1/board/koreai-india-careers/jobs,8,observed,
rippling,kraken-robotics-inc,kraken-robotics-inc,https://ats.rippling.com/kraken-robotics-inc,https://api.rippling.com/platform/api/ats/v1/board/kraken-robotics-inc/jobs,16,observed,
rippling,kubota-basol-llp-job-board,kubota-basol-llp-job-board,https://ats.rippling.com/kubota-basol-llp-job-board,https://api.rippling.com/platform/api/ats/v1/board/kubota-basol-llp-job-board/jobs,1,observed,
rippling,kuvare-jobs,kuvare-jobs,https://ats.rippling.com/kuvare-jobs,https://api.rippling.com/platform/api/ats/v1/board/kuvare-jobs/jobs,6,observed,
rippling,kwetta,kwetta,https://ats.rippling.com/kwetta,https://api.rippling.com/platform/api/ats/v1/board/kwetta/jobs,4,observed,
rippling,l2l-openings,l2l-openings,https://ats.rippling.com/l2l-openings,https://api.rippling.com/platform/api/ats/v1/board/l2l-openings/jobs,3,observed,
rippling,labric,labric,https://ats.rippling.com/labric,https://api.rippling.com/platform/api/ats/v1/board/labric/jobs,2,observed,
rippling,lagos,lagos,https://ats.rippling.com/lagos,https://api.rippling.com/platform/api/ats/v1/board/lagos/jobs,12,observed,
rippling,latentai-careers,latentai-careers,https://ats.rippling.com/latentai-careers,https://api.rippling.com/platform/api/ats/v1/board/latentai-careers/jobs,1,observed,
rippling,latitudesh-jobs,latitudesh-jobs,https://ats.rippling.com/latitudesh-jobs,https://api.rippling.com/platform/api/ats/v1/board/latitudesh-jobs/jobs,6,observed,
rippling,lavu-inc,lavu-inc,https://ats.rippling.com/lavu-inc,https://api.rippling.com/platform/api/ats/v1/board/lavu-inc/jobs,4,observed,
rippling,lawvu-careers,lawvu-careers,https://ats.rippling.com/lawvu-careers,https://api.rippling.com/platform/api/ats/v1/board/lawvu-careers/jobs,8,observed,
rippling,lcacareers,lcacareers,https://ats.rippling.com/lcacareers,https://api.rippling.com/platform/api/ats/v1/board/lcacareers/jobs,11,observed,
rippling,leadsurge,leadsurge,https://ats.rippling.com/leadsurge,https://api.rippling.com/platform/api/ats/v1/board/leadsurge/jobs,3,observed,
rippling,leaflabs,leaflabs,https://ats.rippling.com/leaflabs,https://api.rippling.com/platform/api/ats/v1/board/leaflabs/jobs,3,observed,
rippling,leandna,leandna,https://ats.rippling.com/leandna,https://api.rippling.com/platform/api/ats/v1/board/leandna/jobs,1,observed,
rippling,leap-group,leap-group,https://ats.rippling.com/leap-group,https://api.rippling.com/platform/api/ats/v1/board/leap-group/jobs,10,observed,
rippling,legalontech,legalontech,https://ats.rippling.com/legalontech,https://api.rippling.com/platform/api/ats/v1/board/legalontech/jobs,5,observed,
rippling,legitscript-careers,legitscript-careers,https://ats.rippling.com/legitscript-careers,https://api.rippling.com/platform/api/ats/v1/board/legitscript-careers/jobs,7,observed,
rippling,letterhead,letterhead,https://ats.rippling.com/letterhead,https://api.rippling.com/platform/api/ats/v1/board/letterhead/jobs,3,observed,
rippling,lexitas-open-positions,lexitas-open-positions,https://ats.rippling.com/lexitas-open-positions,https://api.rippling.com/platform/api/ats/v1/board/lexitas-open-positions/jobs,4,observed,
rippling,liberty-in-north-korea,liberty-in-north-korea,https://ats.rippling.com/liberty-in-north-korea,https://api.rippling.com/platform/api/ats/v1/board/liberty-in-north-korea/jobs,2,observed,
rippling,liftoff-campaigns-llc,liftoff-campaigns-llc,https://ats.rippling.com/liftoff-campaigns-llc,https://api.rippling.com/platform/api/ats/v1/board/liftoff-campaigns-llc/jobs,0,observed,
rippling,lightguide,lightguide,https://ats.rippling.com/lightguide,https://api.rippling.com/platform/api/ats/v1/board/lightguide/jobs,5,observed,
rippling,lighthouse-senior-living,lighthouse-senior-living,https://ats.rippling.com/lighthouse-senior-living,https://api.rippling.com/platform/api/ats/v1/board/lighthouse-senior-living/jobs,10,observed,
rippling,lighthouseai-careers,lighthouseai-careers,https://ats.rippling.com/lighthouseai-careers,https://api.rippling.com/platform/api/ats/v1/board/lighthouseai-careers/jobs,12,observed,
rippling,lilac-solutions,lilac-solutions,https://ats.rippling.com/lilac-solutions,https://api.rippling.com/platform/api/ats/v1/board/lilac-solutions/jobs,4,observed,
rippling,lime-technology,lime-technology,https://ats.rippling.com/lime-technology,https://api.rippling.com/platform/api/ats/v1/board/lime-technology/jobs,2,observed,
rippling,lineleap,lineleap,https://ats.rippling.com/lineleap,https://api.rippling.com/platform/api/ats/v1/board/lineleap/jobs,3,observed,
rippling,linqcare-careers,linqcare-careers,https://ats.rippling.com/linqcare-careers,https://api.rippling.com/platform/api/ats/v1/board/linqcare-careers/jobs,23,observed,
rippling,linxup,linxup,https://ats.rippling.com/linxup,https://api.rippling.com/platform/api/ats/v1/board/linxup/jobs,5,observed,
rippling,liquid-agency,liquid-agency,https://ats.rippling.com/liquid-agency,https://api.rippling.com/platform/api/ats/v1/board/liquid-agency/jobs,0,observed,
rippling,lisinski-law-firm,lisinski-law-firm,https://ats.rippling.com/lisinski-law-firm,https://api.rippling.com/platform/api/ats/v1/board/lisinski-law-firm/jobs,37,observed,
rippling,liveops,liveops,https://ats.rippling.com/liveops,https://api.rippling.com/platform/api/ats/v1/board/liveops/jobs,12,observed,
rippling,livingstonclassicalacademy,livingstonclassicalacademy,https://ats.rippling.com/livingstonclassicalacademy,https://api.rippling.com/platform/api/ats/v1/board/livingstonclassicalacademy/jobs,2,observed,
rippling,local-vacation-rentals,local-vacation-rentals,https://ats.rippling.com/local-vacation-rentals,https://api.rippling.com/platform/api/ats/v1/board/local-vacation-rentals/jobs,4,observed,
rippling,locateai,locateai,https://ats.rippling.com/locateai,https://api.rippling.com/platform/api/ats/v1/board/locateai/jobs,2,observed,
rippling,londonsouthendairport,londonsouthendairport,https://ats.rippling.com/londonsouthendairport,https://api.rippling.com/platform/api/ats/v1/board/londonsouthendairport/jobs,2,observed,
rippling,longevity-holdings,longevity-holdings,https://ats.rippling.com/longevity-holdings,https://api.rippling.com/platform/api/ats/v1/board/longevity-holdings/jobs,1,observed,
rippling,longeye,longeye,https://ats.rippling.com/longeye,https://api.rippling.com/platform/api/ats/v1/board/longeye/jobs,3,observed,
rippling,loop-careers,loop-careers,https://ats.rippling.com/loop-careers,https://api.rippling.com/platform/api/ats/v1/board/loop-careers/jobs,4,observed,
rippling,lpfch,lpfch,https://ats.rippling.com/lpfch,https://api.rippling.com/platform/api/ats/v1/board/lpfch/jobs,3,observed,
rippling,luma-financial-technologies,luma-financial-technologies,https://ats.rippling.com/luma-financial-technologies,https://api.rippling.com/platform/api/ats/v1/board/luma-financial-technologies/jobs,15,observed,
rippling,lunastacos,lunastacos,https://ats.rippling.com/lunastacos,https://api.rippling.com/platform/api/ats/v1/board/lunastacos/jobs,3,observed,
rippling,lylaw-recruitment,lylaw-recruitment,https://ats.rippling.com/lylaw-recruitment,https://api.rippling.com/platform/api/ats/v1/board/lylaw-recruitment/jobs,3,observed,
rippling,lynx-software-technologies,lynx-software-technologies,https://ats.rippling.com/lynx-software-technologies,https://api.rippling.com/platform/api/ats/v1/board/lynx-software-technologies/jobs,24,observed,
rippling,lyte,lyte,https://ats.rippling.com/lyte,https://api.rippling.com/platform/api/ats/v1/board/lyte/jobs,53,observed,
rippling,madtree-careers,madtree-careers,https://ats.rippling.com/madtree-careers,https://api.rippling.com/platform/api/ats/v1/board/madtree-careers/jobs,12,observed,
rippling,mainline,mainline,https://ats.rippling.com/mainline,https://api.rippling.com/platform/api/ats/v1/board/mainline/jobs,8,observed,
rippling,makers,makers,https://ats.rippling.com/makers,https://api.rippling.com/platform/api/ats/v1/board/makers/jobs,1,observed,
rippling,malone-center,malone-center,https://ats.rippling.com/malone-center,https://api.rippling.com/platform/api/ats/v1/board/malone-center/jobs,2,observed,
rippling,malwarebytes,malwarebytes,https://ats.rippling.com/malwarebytes,https://api.rippling.com/platform/api/ats/v1/board/malwarebytes/jobs,7,observed,
rippling,managepoint,managepoint,https://ats.rippling.com/managepoint,https://api.rippling.com/platform/api/ats/v1/board/managepoint/jobs,1,observed,
rippling,manly-bands,manly-bands,https://ats.rippling.com/manly-bands,https://api.rippling.com/platform/api/ats/v1/board/manly-bands/jobs,2,observed,
rippling,mapped,mapped,https://ats.rippling.com/mapped,https://api.rippling.com/platform/api/ats/v1/board/mapped/jobs,1,observed,
rippling,mastery-logistics-systems,mastery-logistics-systems,https://ats.rippling.com/mastery-logistics-systems,https://api.rippling.com/platform/api/ats/v1/board/mastery-logistics-systems/jobs,3,observed,
rippling,mdintegrations,mdintegrations,https://ats.rippling.com/mdintegrations,https://api.rippling.com/platform/api/ats/v1/board/mdintegrations/jobs,2,observed,
rippling,measurabljobs,measurabljobs,https://ats.rippling.com/measurabljobs,https://api.rippling.com/platform/api/ats/v1/board/measurabljobs/jobs,0,observed,
rippling,mei-employment,mei-employment,https://ats.rippling.com/mei-employment,https://api.rippling.com/platform/api/ats/v1/board/mei-employment/jobs,5,observed,
rippling,memacareers,memacareers,https://ats.rippling.com/memacareers,https://api.rippling.com/platform/api/ats/v1/board/memacareers/jobs,1,observed,
rippling,memryx,memryx,https://ats.rippling.com/memryx,https://api.rippling.com/platform/api/ats/v1/board/memryx/jobs,5,observed,
rippling,menlochurch,menlochurch,https://ats.rippling.com/menlochurch,https://api.rippling.com/platform/api/ats/v1/board/menlochurch/jobs,9,observed,
rippling,meridian-counseling-careers,meridian-counseling-careers,https://ats.rippling.com/meridian-counseling-careers,https://api.rippling.com/platform/api/ats/v1/board/meridian-counseling-careers/jobs,11,observed,
rippling,meritus-property-group,meritus-property-group,https://ats.rippling.com/meritus-property-group,https://api.rippling.com/platform/api/ats/v1/board/meritus-property-group/jobs,22,observed,
rippling,meroka,meroka,https://ats.rippling.com/meroka,https://api.rippling.com/platform/api/ats/v1/board/meroka/jobs,2,observed,
rippling,meundies-recruiting,meundies-recruiting,https://ats.rippling.com/meundies-recruiting,https://api.rippling.com/platform/api/ats/v1/board/meundies-recruiting/jobs,7,observed,
rippling,miebach-northamerica-career-page,miebach-northamerica-career-page,https://ats.rippling.com/miebach-northamerica-career-page,https://api.rippling.com/platform/api/ats/v1/board/miebach-northamerica-career-page/jobs,7,observed,
rippling,mila-careers,mila-careers,https://ats.rippling.com/mila-careers,https://api.rippling.com/platform/api/ats/v1/board/mila-careers/jobs,6,observed,
rippling,millsroofinginc,millsroofinginc,https://ats.rippling.com/millsroofinginc,https://api.rippling.com/platform/api/ats/v1/board/millsroofinginc/jobs,2,observed,
rippling,mindstate-design-labs,mindstate-design-labs,https://ats.rippling.com/mindstate-design-labs,https://api.rippling.com/platform/api/ats/v1/board/mindstate-design-labs/jobs,1,observed,
rippling,mira-home,mira-home,https://ats.rippling.com/mira-home,https://api.rippling.com/platform/api/ats/v1/board/mira-home/jobs,12,observed,
rippling,mission-underwriting-services,mission-underwriting-services,https://ats.rippling.com/mission-underwriting-services,https://api.rippling.com/platform/api/ats/v1/board/mission-underwriting-services/jobs,9,observed,
rippling,mission-zero-technologies,mission-zero-technologies,https://ats.rippling.com/mission-zero-technologies,https://api.rippling.com/platform/api/ats/v1/board/mission-zero-technologies/jobs,1,observed,
rippling,misterpexpress,misterpexpress,https://ats.rippling.com/misterpexpress,https://api.rippling.com/platform/api/ats/v1/board/misterpexpress/jobs,6,observed,
rippling,moleskine,moleskine,https://ats.rippling.com/moleskine,https://api.rippling.com/platform/api/ats/v1/board/moleskine/jobs,8,observed,
rippling,momentum-behavior-services,momentum-behavior-services,https://ats.rippling.com/momentum-behavior-services,https://api.rippling.com/platform/api/ats/v1/board/momentum-behavior-services/jobs,16,observed,
rippling,monteith,monteith,https://ats.rippling.com/monteith,https://api.rippling.com/platform/api/ats/v1/board/monteith/jobs,14,observed,
rippling,moov,moov,https://ats.rippling.com/moov,https://api.rippling.com/platform/api/ats/v1/board/moov/jobs,2,observed,
rippling,moov-pool-products,moov-pool-products,https://ats.rippling.com/moov-pool-products,https://api.rippling.com/platform/api/ats/v1/board/moov-pool-products/jobs,9,observed,
rippling,mspark-careers,mspark-careers,https://ats.rippling.com/mspark-careers,https://api.rippling.com/platform/api/ats/v1/board/mspark-careers/jobs,2,observed,
rippling,multiplayer-studio,multiplayer-studio,https://ats.rippling.com/multiplayer-studio,https://api.rippling.com/platform/api/ats/v1/board/multiplayer-studio/jobs,6,observed,
rippling,muth-electric-inc,muth-electric-inc,https://ats.rippling.com/muth-electric-inc,https://api.rippling.com/platform/api/ats/v1/board/muth-electric-inc/jobs,57,observed,
rippling,mybeacon,mybeacon,https://ats.rippling.com/mybeacon,https://api.rippling.com/platform/api/ats/v1/board/mybeacon/jobs,4,observed,
rippling,mydnainc,mydnainc,https://ats.rippling.com/mydnainc,https://api.rippling.com/platform/api/ats/v1/board/mydnainc/jobs,5,observed,
rippling,mykaarma,mykaarma,https://ats.rippling.com/mykaarma,https://api.rippling.com/platform/api/ats/v1/board/mykaarma/jobs,15,observed,
rippling,mymenopauserx,mymenopauserx,https://ats.rippling.com/mymenopauserx,https://api.rippling.com/platform/api/ats/v1/board/mymenopauserx/jobs,3,observed,
rippling,mytra,mytra,https://ats.rippling.com/mytra,https://api.rippling.com/platform/api/ats/v1/board/mytra/jobs,39,observed,
rippling,n3xt-jobs,n3xt-jobs,https://ats.rippling.com/n3xt-jobs,https://api.rippling.com/platform/api/ats/v1/board/n3xt-jobs/jobs,4,observed,
rippling,nanovation-careers,nanovation-careers,https://ats.rippling.com/nanovation-careers,https://api.rippling.com/platform/api/ats/v1/board/nanovation-careers/jobs,2,observed,
rippling,ndi_careers,ndi_careers,https://ats.rippling.com/ndi_careers,https://api.rippling.com/platform/api/ats/v1/board/ndi_careers/jobs,1,observed,
rippling,nerdio-careers,nerdio-careers,https://ats.rippling.com/nerdio-careers,https://api.rippling.com/platform/api/ats/v1/board/nerdio-careers/jobs,17,observed,
rippling,nesto,nesto,https://ats.rippling.com/nesto,https://api.rippling.com/platform/api/ats/v1/board/nesto/jobs,37,observed,
rippling,nestogroup,nestogroup,https://ats.rippling.com/nestogroup,https://api.rippling.com/platform/api/ats/v1/board/nestogroup/jobs,23,observed,
rippling,netatwork,netatwork,https://ats.rippling.com/netatwork,https://api.rippling.com/platform/api/ats/v1/board/netatwork/jobs,22,observed,
rippling,netrio,netrio,https://ats.rippling.com/netrio,https://api.rippling.com/platform/api/ats/v1/board/netrio/jobs,15,observed,
rippling,netwrix-corporation,netwrix-corporation,https://ats.rippling.com/netwrix-corporation,https://api.rippling.com/platform/api/ats/v1/board/netwrix-corporation/jobs,23,observed,
rippling,new-life-ranch,new-life-ranch,https://ats.rippling.com/new-life-ranch,https://api.rippling.com/platform/api/ats/v1/board/new-life-ranch/jobs,12,observed,
rippling,newbridge-marketing,newbridge-marketing,https://ats.rippling.com/newbridge-marketing,https://api.rippling.com/platform/api/ats/v1/board/newbridge-marketing/jobs,3,observed,
rippling,newreacheducation,newreacheducation,https://ats.rippling.com/newreacheducation,https://api.rippling.com/platform/api/ats/v1/board/newreacheducation/jobs,6,observed,
rippling,nexcess,nexcess,https://ats.rippling.com/nexcess,https://api.rippling.com/platform/api/ats/v1/board/nexcess/jobs,57,observed,
rippling,nexigendigital,nexigendigital,https://ats.rippling.com/nexigendigital,https://api.rippling.com/platform/api/ats/v1/board/nexigendigital/jobs,6,observed,
rippling,nocd,nocd,https://ats.rippling.com/nocd,https://api.rippling.com/platform/api/ats/v1/board/nocd/jobs,82,observed,
rippling,novata,novata,https://ats.rippling.com/novata,https://api.rippling.com/platform/api/ats/v1/board/novata/jobs,2,observed,
rippling,novella,novella,https://ats.rippling.com/novella,https://api.rippling.com/platform/api/ats/v1/board/novella/jobs,9,observed,
rippling,nucleus-biologics-careers,nucleus-biologics-careers,https://ats.rippling.com/nucleus-biologics-careers,https://api.rippling.com/platform/api/ats/v1/board/nucleus-biologics-careers/jobs,1,observed,
rippling,nutrient,nutrient,https://ats.rippling.com/nutrient,https://api.rippling.com/platform/api/ats/v1/board/nutrient/jobs,9,observed,
rippling,nwsl,nwsl,https://ats.rippling.com/nwsl,https://api.rippling.com/platform/api/ats/v1/board/nwsl/jobs,4,observed,
rippling,nwsl-boston-open-positions,nwsl-boston-open-positions,https://ats.rippling.com/nwsl-boston-open-positions,https://api.rippling.com/platform/api/ats/v1/board/nwsl-boston-open-positions/jobs,6,observed,
rippling,o3-solutions,o3-solutions,https://ats.rippling.com/o3-solutions,https://api.rippling.com/platform/api/ats/v1/board/o3-solutions/jobs,1,observed,
rippling,oasissolutions,oasissolutions,https://ats.rippling.com/oasissolutions,https://api.rippling.com/platform/api/ats/v1/board/oasissolutions/jobs,4,observed,
rippling,obie,obie,https://ats.rippling.com/obie,https://api.rippling.com/platform/api/ats/v1/board/obie/jobs,5,observed,
rippling,obr,obr,https://ats.rippling.com/obr,https://api.rippling.com/platform/api/ats/v1/board/obr/jobs,24,observed,
rippling,oddbytes-llc,oddbytes-llc,https://ats.rippling.com/oddbytes-llc,https://api.rippling.com/platform/api/ats/v1/board/oddbytes-llc/jobs,0,observed,
rippling,ogp,ogp,https://ats.rippling.com/ogp,https://api.rippling.com/platform/api/ats/v1/board/ogp/jobs,0,observed,
rippling,oguz-law,oguz-law,https://ats.rippling.com/oguz-law,https://api.rippling.com/platform/api/ats/v1/board/oguz-law/jobs,9,observed,
rippling,omninet-property-management,omninet-property-management,https://ats.rippling.com/omninet-property-management,https://api.rippling.com/platform/api/ats/v1/board/omninet-property-management/jobs,57,observed,
rippling,on-point-holdings-llc,on-point-holdings-llc,https://ats.rippling.com/on-point-holdings-llc,https://api.rippling.com/platform/api/ats/v1/board/on-point-holdings-llc/jobs,4,observed,
rippling,open-jobs,open-jobs,https://ats.rippling.com/open-jobs,https://api.rippling.com/platform/api/ats/v1/board/open-jobs/jobs,2,observed,
rippling,open-roles,open-roles,https://ats.rippling.com/open-roles,https://api.rippling.com/platform/api/ats/v1/board/open-roles/jobs,15,observed,
rippling,opendoor,opendoor,https://ats.rippling.com/opendoor,https://api.rippling.com/platform/api/ats/v1/board/opendoor/jobs,44,observed,
rippling,opiniion,opiniion,https://ats.rippling.com/opiniion,https://api.rippling.com/platform/api/ats/v1/board/opiniion/jobs,9,observed,
rippling,optigon,optigon,https://ats.rippling.com/optigon,https://api.rippling.com/platform/api/ats/v1/board/optigon/jobs,1,observed,
rippling,orbital-operations,orbital-operations,https://ats.rippling.com/orbital-operations,https://api.rippling.com/platform/api/ats/v1/board/orbital-operations/jobs,0,observed,
rippling,orbitfab,orbitfab,https://ats.rippling.com/orbitfab,https://api.rippling.com/platform/api/ats/v1/board/orbitfab/jobs,4,observed,
rippling,orchestry-software-inc,orchestry-software-inc,https://ats.rippling.com/orchestry-software-inc,https://api.rippling.com/platform/api/ats/v1/board/orchestry-software-inc/jobs,5,observed,
rippling,orderly-wellness,orderly-wellness,https://ats.rippling.com/orderly-wellness,https://api.rippling.com/platform/api/ats/v1/board/orderly-wellness/jobs,2,observed,
rippling,orthofi-open-roles,orthofi-open-roles,https://ats.rippling.com/orthofi-open-roles,https://api.rippling.com/platform/api/ats/v1/board/orthofi-open-roles/jobs,3,observed,
rippling,osn,osn,https://ats.rippling.com/osn,https://api.rippling.com/platform/api/ats/v1/board/osn/jobs,1,observed,
rippling,outbuild-technologies-inc,outbuild-technologies-inc,https://ats.rippling.com/outbuild-technologies-inc,https://api.rippling.com/platform/api/ats/v1/board/outbuild-technologies-inc/jobs,1,observed,
rippling,owc,owc,https://ats.rippling.com/owc,https://api.rippling.com/platform/api/ats/v1/board/owc/jobs,3,observed,
rippling,oxbridge-health,oxbridge-health,https://ats.rippling.com/oxbridge-health,https://api.rippling.com/platform/api/ats/v1/board/oxbridge-health/jobs,6,observed,
rippling,paarc-employment,paarc-employment,https://ats.rippling.com/paarc-employment,https://api.rippling.com/platform/api/ats/v1/board/paarc-employment/jobs,9,observed,
rippling,pace,pace,https://ats.rippling.com/pace,https://api.rippling.com/platform/api/ats/v1/board/pace/jobs,13,observed,
rippling,pacific-exteriors-llc,pacific-exteriors-llc,https://ats.rippling.com/pacific-exteriors-llc,https://api.rippling.com/platform/api/ats/v1/board/pacific-exteriors-llc/jobs,3,observed,
rippling,packetlabs,packetlabs,https://ats.rippling.com/packetlabs,https://api.rippling.com/platform/api/ats/v1/board/packetlabs/jobs,4,observed,
rippling,page-insurance-careers,page-insurance-careers,https://ats.rippling.com/page-insurance-careers,https://api.rippling.com/platform/api/ats/v1/board/page-insurance-careers/jobs,3,observed,
rippling,panthera-careers,panthera-careers,https://ats.rippling.com/panthera-careers,https://api.rippling.com/platform/api/ats/v1/board/panthera-careers/jobs,3,observed,
rippling,paradise-media-recruitment,paradise-media-recruitment,https://ats.rippling.com/paradise-media-recruitment,https://api.rippling.com/platform/api/ats/v1/board/paradise-media-recruitment/jobs,10,observed,
rippling,parallax,parallax,https://ats.rippling.com/parallax,https://api.rippling.com/platform/api/ats/v1/board/parallax/jobs,1,observed,
rippling,parentsquare,parentsquare,https://ats.rippling.com/parentsquare,https://api.rippling.com/platform/api/ats/v1/board/parentsquare/jobs,13,observed,
rippling,pathos,pathos,https://ats.rippling.com/pathos,https://api.rippling.com/platform/api/ats/v1/board/pathos/jobs,10,observed,
rippling,patientfi,patientfi,https://ats.rippling.com/patientfi,https://api.rippling.com/platform/api/ats/v1/board/patientfi/jobs,15,observed,
rippling,patientnow,patientnow,https://ats.rippling.com/patientnow,https://api.rippling.com/platform/api/ats/v1/board/patientnow/jobs,3,observed,
rippling,patriot-erectors-llc,patriot-erectors-llc,https://ats.rippling.com/patriot-erectors-llc,https://api.rippling.com/platform/api/ats/v1/board/patriot-erectors-llc/jobs,17,observed,
rippling,pdq,pdq,https://ats.rippling.com/pdq,https://api.rippling.com/platform/api/ats/v1/board/pdq/jobs,9,observed,
rippling,pdwcareers,pdwcareers,https://ats.rippling.com/pdwcareers,https://api.rippling.com/platform/api/ats/v1/board/pdwcareers/jobs,36,observed,
rippling,peach-finance,peach-finance,https://ats.rippling.com/peach-finance,https://api.rippling.com/platform/api/ats/v1/board/peach-finance/jobs,1,observed,
rippling,peak-power-careers,peak-power-careers,https://ats.rippling.com/peak-power-careers,https://api.rippling.com/platform/api/ats/v1/board/peak-power-careers/jobs,2,observed,
rippling,pear-suites-career-page,pear-suites-career-page,https://ats.rippling.com/pear-suites-career-page,https://api.rippling.com/platform/api/ats/v1/board/pear-suites-career-page/jobs,6,observed,
rippling,pendulum-intelligence-jobs,pendulum-intelligence-jobs,https://ats.rippling.com/pendulum-intelligence-jobs,https://api.rippling.com/platform/api/ats/v1/board/pendulum-intelligence-jobs/jobs,0,observed,
rippling,perle,perle,https://ats.rippling.com/perle,https://api.rippling.com/platform/api/ats/v1/board/perle/jobs,80,observed,
rippling,pet-screening-job-board,pet-screening-job-board,https://ats.rippling.com/pet-screening-job-board,https://api.rippling.com/platform/api/ats/v1/board/pet-screening-job-board/jobs,3,observed,
rippling,petersen-automotive-museum,petersen-automotive-museum,https://ats.rippling.com/petersen-automotive-museum,https://api.rippling.com/platform/api/ats/v1/board/petersen-automotive-museum/jobs,5,observed,
rippling,pimlico-capital,pimlico-capital,https://ats.rippling.com/pimlico-capital,https://api.rippling.com/platform/api/ats/v1/board/pimlico-capital/jobs,1,observed,
rippling,planhub-inc,planhub-inc,https://ats.rippling.com/planhub-inc,https://api.rippling.com/platform/api/ats/v1/board/planhub-inc/jobs,1,observed,
rippling,plantiblefoods,plantiblefoods,https://ats.rippling.com/plantiblefoods,https://api.rippling.com/platform/api/ats/v1/board/plantiblefoods/jobs,12,observed,
rippling,plmrcareers,plmrcareers,https://ats.rippling.com/plmrcareers,https://api.rippling.com/platform/api/ats/v1/board/plmrcareers/jobs,11,observed,
rippling,plume-network,plume-network,https://ats.rippling.com/plume-network,https://api.rippling.com/platform/api/ats/v1/board/plume-network/jobs,15,observed,
rippling,pna-internal,pna-internal,https://ats.rippling.com/pna-internal,https://api.rippling.com/platform/api/ats/v1/board/pna-internal/jobs,6,observed,
rippling,popstroke-job-board-1924,popstroke-job-board-1924,https://ats.rippling.com/popstroke-job-board-1924,https://api.rippling.com/platform/api/ats/v1/board/popstroke-job-board-1924/jobs,162,observed,
rippling,portside,portside,https://ats.rippling.com/portside,https://api.rippling.com/platform/api/ats/v1/board/portside/jobs,5,observed,
rippling,positron,positron,https://ats.rippling.com/positron,https://api.rippling.com/platform/api/ats/v1/board/positron/jobs,19,observed,
rippling,power-takeoff-careers,power-takeoff-careers,https://ats.rippling.com/power-takeoff-careers,https://api.rippling.com/platform/api/ats/v1/board/power-takeoff-careers/jobs,2,observed,
rippling,praia-health,praia-health,https://ats.rippling.com/praia-health,https://api.rippling.com/platform/api/ats/v1/board/praia-health/jobs,2,observed,
rippling,praos-smart-security,praos-smart-security,https://ats.rippling.com/praos-smart-security,https://api.rippling.com/platform/api/ats/v1/board/praos-smart-security/jobs,4,observed,
rippling,priorities,priorities,https://ats.rippling.com/priorities,https://api.rippling.com/platform/api/ats/v1/board/priorities/jobs,2,observed,
rippling,prisma-careers,prisma-careers,https://ats.rippling.com/prisma-careers,https://api.rippling.com/platform/api/ats/v1/board/prisma-careers/jobs,2,observed,
rippling,processunity,processunity,https://ats.rippling.com/processunity,https://api.rippling.com/platform/api/ats/v1/board/processunity/jobs,6,observed,
rippling,proformance-builder-solutions,proformance-builder-solutions,https://ats.rippling.com/proformance-builder-solutions,https://api.rippling.com/platform/api/ats/v1/board/proformance-builder-solutions/jobs,1,observed,
rippling,progressive-automations,progressive-automations,https://ats.rippling.com/progressive-automations,https://api.rippling.com/platform/api/ats/v1/board/progressive-automations/jobs,7,observed,
rippling,pronghorn-careers,pronghorn-careers,https://ats.rippling.com/pronghorn-careers,https://api.rippling.com/platform/api/ats/v1/board/pronghorn-careers/jobs,18,observed,
rippling,protect-life-careers,protect-life-careers,https://ats.rippling.com/protect-life-careers,https://api.rippling.com/platform/api/ats/v1/board/protect-life-careers/jobs,9,observed,
rippling,protopie-careers,protopie-careers,https://ats.rippling.com/protopie-careers,https://api.rippling.com/platform/api/ats/v1/board/protopie-careers/jobs,9,observed,
rippling,prowler,prowler,https://ats.rippling.com/prowler,https://api.rippling.com/platform/api/ats/v1/board/prowler/jobs,1,observed,
rippling,prr,prr,https://ats.rippling.com/prr,https://api.rippling.com/platform/api/ats/v1/board/prr/jobs,4,observed,
rippling,prudentia-sciences,prudentia-sciences,https://ats.rippling.com/prudentia-sciences,https://api.rippling.com/platform/api/ats/v1/board/prudentia-sciences/jobs,0,observed,
rippling,psomagen,psomagen,https://ats.rippling.com/psomagen,https://api.rippling.com/platform/api/ats/v1/board/psomagen/jobs,5,observed,
rippling,pythian,pythian,https://ats.rippling.com/pythian,https://api.rippling.com/platform/api/ats/v1/board/pythian/jobs,18,observed,
rippling,qu-careers,qu-careers,https://ats.rippling.com/qu-careers,https://api.rippling.com/platform/api/ats/v1/board/qu-careers/jobs,7,observed,
rippling,quantum-industrial-services,quantum-industrial-services,https://ats.rippling.com/quantum-industrial-services,https://api.rippling.com/platform/api/ats/v1/board/quantum-industrial-services/jobs,35,observed,
rippling,quavo-inc,quavo-inc,https://ats.rippling.com/quavo-inc,https://api.rippling.com/platform/api/ats/v1/board/quavo-inc/jobs,5,observed,
rippling,quotapath,quotapath,https://ats.rippling.com/quotapath,https://api.rippling.com/platform/api/ats/v1/board/quotapath/jobs,1,observed,
rippling,r2,r2,https://ats.rippling.com/r2,https://api.rippling.com/platform/api/ats/v1/board/r2/jobs,10,observed,
rippling,radian-generation,radian-generation,https://ats.rippling.com/radian-generation,https://api.rippling.com/platform/api/ats/v1/board/radian-generation/jobs,14,observed,
rippling,radicl-defense,radicl-defense,https://ats.rippling.com/radicl-defense,https://api.rippling.com/platform/api/ats/v1/board/radicl-defense/jobs,5,observed,
rippling,rainey-careers,rainey-careers,https://ats.rippling.com/rainey-careers,https://api.rippling.com/platform/api/ats/v1/board/rainey-careers/jobs,6,observed,
rippling,rancho-biosciences,rancho-biosciences,https://ats.rippling.com/rancho-biosciences,https://api.rippling.com/platform/api/ats/v1/board/rancho-biosciences/jobs,3,observed,
rippling,reailizecareers,reailizecareers,https://ats.rippling.com/reailizecareers,https://api.rippling.com/platform/api/ats/v1/board/reailizecareers/jobs,1,observed,
rippling,realmhealth,realmhealth,https://ats.rippling.com/realmhealth,https://api.rippling.com/platform/api/ats/v1/board/realmhealth/jobs,2,observed,
rippling,realwork,realwork,https://ats.rippling.com/realwork,https://api.rippling.com/platform/api/ats/v1/board/realwork/jobs,2,observed,
rippling,rearc,rearc,https://ats.rippling.com/rearc,https://api.rippling.com/platform/api/ats/v1/board/rearc/jobs,0,observed,
rippling,rebel-athletic,rebel-athletic,https://ats.rippling.com/rebel-athletic,https://api.rippling.com/platform/api/ats/v1/board/rebel-athletic/jobs,23,observed,
rippling,recom-careers,recom-careers,https://ats.rippling.com/recom-careers,https://api.rippling.com/platform/api/ats/v1/board/recom-careers/jobs,10,observed,
rippling,redblack,redblack,https://ats.rippling.com/redblack,https://api.rippling.com/platform/api/ats/v1/board/redblack/jobs,1,observed,
rippling,redeemer-counseling,redeemer-counseling,https://ats.rippling.com/redeemer-counseling,https://api.rippling.com/platform/api/ats/v1/board/redeemer-counseling/jobs,0,observed,
rippling,redeemer-presbyterian-church-brooklyn,redeemer-presbyterian-church-brooklyn,https://ats.rippling.com/redeemer-presbyterian-church-brooklyn,https://api.rippling.com/platform/api/ats/v1/board/redeemer-presbyterian-church-brooklyn/jobs,1,observed,
rippling,redeemer-presbyterian-church-downtown,redeemer-presbyterian-church-downtown,https://ats.rippling.com/redeemer-presbyterian-church-downtown,https://api.rippling.com/platform/api/ats/v1/board/redeemer-presbyterian-church-downtown/jobs,1,observed,
rippling,redeemer-presbyterian-church-lsq,redeemer-presbyterian-church-lsq,https://ats.rippling.com/redeemer-presbyterian-church-lsq,https://api.rippling.com/platform/api/ats/v1/board/redeemer-presbyterian-church-lsq/jobs,3,observed,
rippling,redesigncareers,redesigncareers,https://ats.rippling.com/redesigncareers,https://api.rippling.com/platform/api/ats/v1/board/redesigncareers/jobs,18,observed,
rippling,redirect-health-careers,redirect-health-careers,https://ats.rippling.com/redirect-health-careers,https://api.rippling.com/platform/api/ats/v1/board/redirect-health-careers/jobs,16,observed,
rippling,refine-labs,refine-labs,https://ats.rippling.com/refine-labs,https://api.rippling.com/platform/api/ats/v1/board/refine-labs/jobs,2,observed,
rippling,regent-surgical-careers,regent-surgical-careers,https://ats.rippling.com/regent-surgical-careers,https://api.rippling.com/platform/api/ats/v1/board/regent-surgical-careers/jobs,51,observed,
rippling,rely-health,rely-health,https://ats.rippling.com/rely-health,https://api.rippling.com/platform/api/ats/v1/board/rely-health/jobs,1,observed,
rippling,rentspree,rentspree,https://ats.rippling.com/rentspree,https://api.rippling.com/platform/api/ats/v1/board/rentspree/jobs,15,observed,
rippling,rentsync_careers,rentsync_careers,https://ats.rippling.com/rentsync_careers,https://api.rippling.com/platform/api/ats/v1/board/rentsync_careers/jobs,4,observed,
rippling,rentvine,rentvine,https://ats.rippling.com/rentvine,https://api.rippling.com/platform/api/ats/v1/board/rentvine/jobs,10,observed,
rippling,reperio,reperio,https://ats.rippling.com/reperio,https://api.rippling.com/platform/api/ats/v1/board/reperio/jobs,1,observed,
rippling,reserv,reserv,https://ats.rippling.com/reserv,https://api.rippling.com/platform/api/ats/v1/board/reserv/jobs,59,observed,
rippling,resourcemonitor,resourcemonitor,https://ats.rippling.com/resourcemonitor,https://api.rippling.com/platform/api/ats/v1/board/resourcemonitor/jobs,1,observed,
rippling,resourcewise,resourcewise,https://ats.rippling.com/resourcewise,https://api.rippling.com/platform/api/ats/v1/board/resourcewise/jobs,4,observed,
rippling,resurety,resurety,https://ats.rippling.com/resurety,https://api.rippling.com/platform/api/ats/v1/board/resurety/jobs,3,observed,
rippling,reup-education,reup-education,https://ats.rippling.com/reup-education,https://api.rippling.com/platform/api/ats/v1/board/reup-education/jobs,1,observed,
rippling,revhealth,revhealth,https://ats.rippling.com/revhealth,https://api.rippling.com/platform/api/ats/v1/board/revhealth/jobs,9,observed,
rippling,revolution-prep-careers,revolution-prep-careers,https://ats.rippling.com/revolution-prep-careers,https://api.rippling.com/platform/api/ats/v1/board/revolution-prep-careers/jobs,5,observed,
rippling,revyse,revyse,https://ats.rippling.com/revyse,https://api.rippling.com/platform/api/ats/v1/board/revyse/jobs,0,observed,
rippling,rheosense-inc,rheosense-inc,https://ats.rippling.com/rheosense-inc,https://api.rippling.com/platform/api/ats/v1/board/rheosense-inc/jobs,4,observed,
rippling,rhino-federated-computing-jobs,rhino-federated-computing-jobs,https://ats.rippling.com/rhino-federated-computing-jobs,https://api.rippling.com/platform/api/ats/v1/board/rhino-federated-computing-jobs/jobs,4,observed,
rippling,richmond-aesthetic-surgery-and-dermlounge,richmond-aesthetic-surgery-and-dermlounge,https://ats.rippling.com/richmond-aesthetic-surgery-and-dermlounge,https://api.rippling.com/platform/api/ats/v1/board/richmond-aesthetic-surgery-and-dermlounge/jobs,1,observed,
rippling,rightcrowdcareers,rightcrowdcareers,https://ats.rippling.com/rightcrowdcareers,https://api.rippling.com/platform/api/ats/v1/board/rightcrowdcareers/jobs,0,observed,
rippling,riot-platforms-careers,riot-platforms-careers,https://ats.rippling.com/riot-platforms-careers,https://api.rippling.com/platform/api/ats/v1/board/riot-platforms-careers/jobs,52,observed,
rippling,rippling,rippling,https://ats.rippling.com/rippling,https://api.rippling.com/platform/api/ats/v1/board/rippling/jobs,344,observed,
rippling,riseair,riseair,https://ats.rippling.com/riseair,https://api.rippling.com/platform/api/ats/v1/board/riseair/jobs,4,observed,
rippling,rising-sun-center-for-opportunity,rising-sun-center-for-opportunity,https://ats.rippling.com/rising-sun-center-for-opportunity,https://api.rippling.com/platform/api/ats/v1/board/rising-sun-center-for-opportunity/jobs,0,observed,
rippling,ritual,ritual,https://ats.rippling.com/ritual,https://api.rippling.com/platform/api/ats/v1/board/ritual/jobs,2,observed,
rippling,rma-worldwide-chauffeured-transportation-careers-page,rma-worldwide-chauffeured-transportation-careers-page,https://ats.rippling.com/rma-worldwide-chauffeured-transportation-careers-page,https://api.rippling.com/platform/api/ats/v1/board/rma-worldwide-chauffeured-transportation-careers-page/jobs,21,observed,
rippling,roar,roar,https://ats.rippling.com/roar,https://api.rippling.com/platform/api/ats/v1/board/roar/jobs,1,observed,
rippling,robbins-research-international,robbins-research-international,https://ats.rippling.com/robbins-research-international,https://api.rippling.com/platform/api/ats/v1/board/robbins-research-international/jobs,6,observed,
rippling,roberts-civil-engineering-careers,roberts-civil-engineering-careers,https://ats.rippling.com/roberts-civil-engineering-careers,https://api.rippling.com/platform/api/ats/v1/board/roberts-civil-engineering-careers/jobs,5,observed,
rippling,rocket-clicks-careers,rocket-clicks-careers,https://ats.rippling.com/rocket-clicks-careers,https://api.rippling.com/platform/api/ats/v1/board/rocket-clicks-careers/jobs,3,observed,
rippling,rollkall-technologies-llc,rollkall-technologies-llc,https://ats.rippling.com/rollkall-technologies-llc,https://api.rippling.com/platform/api/ats/v1/board/rollkall-technologies-llc/jobs,2,observed,
rippling,rpc_east_side,rpc_east_side,https://ats.rippling.com/rpc_east_side,https://api.rippling.com/platform/api/ats/v1/board/rpc_east_side/jobs,4,observed,
rippling,rpc_west_side,rpc_west_side,https://ats.rippling.com/rpc_west_side,https://api.rippling.com/platform/api/ats/v1/board/rpc_west_side/jobs,3,observed,
rippling,rsa-security,rsa-security,https://ats.rippling.com/rsa-security,https://api.rippling.com/platform/api/ats/v1/board/rsa-security/jobs,46,observed,
rippling,rts,rts,https://ats.rippling.com/rts,https://api.rippling.com/platform/api/ats/v1/board/rts/jobs,14,observed,
rippling,rts-careers,rts-careers,https://ats.rippling.com/rts-careers,https://api.rippling.com/platform/api/ats/v1/board/rts-careers/jobs,1,observed,
rippling,rural-communities-housing-development-corporation,rural-communities-housing-development-corporation,https://ats.rippling.com/rural-communities-housing-development-corporation,https://api.rippling.com/platform/api/ats/v1/board/rural-communities-housing-development-corporation/jobs,5,observed,
rippling,rust-automation-controls,rust-automation-controls,https://ats.rippling.com/rust-automation-controls,https://api.rippling.com/platform/api/ats/v1/board/rust-automation-controls/jobs,13,observed,
rippling,sage-health-careers,sage-health-careers,https://ats.rippling.com/sage-health-careers,https://api.rippling.com/platform/api/ats/v1/board/sage-health-careers/jobs,19,observed,
rippling,salinastriallawcareers,salinastriallawcareers,https://ats.rippling.com/salinastriallawcareers,https://api.rippling.com/platform/api/ats/v1/board/salinastriallawcareers/jobs,14,observed,
rippling,sanas,sanas,https://ats.rippling.com/sanas,https://api.rippling.com/platform/api/ats/v1/board/sanas/jobs,8,observed,
rippling,sanguine-biosciences-inc,sanguine-biosciences-inc,https://ats.rippling.com/sanguine-biosciences-inc,https://api.rippling.com/platform/api/ats/v1/board/sanguine-biosciences-inc/jobs,4,observed,
rippling,sapient-bioanalytics,sapient-bioanalytics,https://ats.rippling.com/sapient-bioanalytics,https://api.rippling.com/platform/api/ats/v1/board/sapient-bioanalytics/jobs,1,observed,
rippling,sbdo-pm-holdings-pty-ltd,sbdo-pm-holdings-pty-ltd,https://ats.rippling.com/sbdo-pm-holdings-pty-ltd,https://api.rippling.com/platform/api/ats/v1/board/sbdo-pm-holdings-pty-ltd/jobs,0,observed,
rippling,scc,scc,https://ats.rippling.com/scc,https://api.rippling.com/platform/api/ats/v1/board/scc/jobs,2,observed,
rippling,scentbird,scentbird,https://ats.rippling.com/scentbird,https://api.rippling.com/platform/api/ats/v1/board/scentbird/jobs,17,observed,
rippling,schoolai,schoolai,https://ats.rippling.com/schoolai,https://api.rippling.com/platform/api/ats/v1/board/schoolai/jobs,0,observed,
rippling,sciens-logistics,sciens-logistics,https://ats.rippling.com/sciens-logistics,https://api.rippling.com/platform/api/ats/v1/board/sciens-logistics/jobs,6,observed,
rippling,scope3pbc,scope3pbc,https://ats.rippling.com/scope3pbc,https://api.rippling.com/platform/api/ats/v1/board/scope3pbc/jobs,2,observed,
rippling,scratch-financial,scratch-financial,https://ats.rippling.com/scratch-financial,https://api.rippling.com/platform/api/ats/v1/board/scratch-financial/jobs,3,observed,
rippling,sdl,sdl,https://ats.rippling.com/sdl,https://api.rippling.com/platform/api/ats/v1/board/sdl/jobs,4,observed,
rippling,seamless,seamless,https://ats.rippling.com/seamless,https://api.rippling.com/platform/api/ats/v1/board/seamless/jobs,8,observed,
rippling,searchbloom-careers,searchbloom-careers,https://ats.rippling.com/searchbloom-careers,https://api.rippling.com/platform/api/ats/v1/board/searchbloom-careers/jobs,4,observed,
rippling,season-health,season-health,https://ats.rippling.com/season-health,https://api.rippling.com/platform/api/ats/v1/board/season-health/jobs,1,observed,
rippling,seasoncareers,seasoncareers,https://ats.rippling.com/seasoncareers,https://api.rippling.com/platform/api/ats/v1/board/seasoncareers/jobs,1,observed,
rippling,seattle-credit-union-careers,seattle-credit-union-careers,https://ats.rippling.com/seattle-credit-union-careers,https://api.rippling.com/platform/api/ats/v1/board/seattle-credit-union-careers/jobs,8,observed,
rippling,secondmuse-llc,secondmuse-llc,https://ats.rippling.com/secondmuse-llc,https://api.rippling.com/platform/api/ats/v1/board/secondmuse-llc/jobs,2,observed,
rippling,securabio,securabio,https://ats.rippling.com/securabio,https://api.rippling.com/platform/api/ats/v1/board/securabio/jobs,4,observed,
rippling,seentvhiring,seentvhiring,https://ats.rippling.com/seentvhiring,https://api.rippling.com/platform/api/ats/v1/board/seentvhiring/jobs,7,observed,
rippling,selfpublishingcom-careers,selfpublishingcom-careers,https://ats.rippling.com/selfpublishingcom-careers,https://api.rippling.com/platform/api/ats/v1/board/selfpublishingcom-careers/jobs,19,observed,
rippling,senne-open-roles,senne-open-roles,https://ats.rippling.com/senne-open-roles,https://api.rippling.com/platform/api/ats/v1/board/senne-open-roles/jobs,7,observed,
rippling,servicesanitation,servicesanitation,https://ats.rippling.com/servicesanitation,https://api.rippling.com/platform/api/ats/v1/board/servicesanitation/jobs,3,observed,
rippling,serviceupcareers,serviceupcareers,https://ats.rippling.com/serviceupcareers,https://api.rippling.com/platform/api/ats/v1/board/serviceupcareers/jobs,5,observed,
rippling,seven-starling-careers,seven-starling-careers,https://ats.rippling.com/seven-starling-careers,https://api.rippling.com/platform/api/ats/v1/board/seven-starling-careers/jobs,3,observed,
rippling,sharetown-careers,sharetown-careers,https://ats.rippling.com/sharetown-careers,https://api.rippling.com/platform/api/ats/v1/board/sharetown-careers/jobs,2,observed,
rippling,sharp-performance,sharp-performance,https://ats.rippling.com/sharp-performance,https://api.rippling.com/platform/api/ats/v1/board/sharp-performance/jobs,4,observed,
rippling,sheerid,sheerid,https://ats.rippling.com/sheerid,https://api.rippling.com/platform/api/ats/v1/board/sheerid/jobs,1,observed,
rippling,shelter-inc,shelter-inc,https://ats.rippling.com/shelter-inc,https://api.rippling.com/platform/api/ats/v1/board/shelter-inc/jobs,8,observed,
rippling,shipium,shipium,https://ats.rippling.com/shipium,https://api.rippling.com/platform/api/ats/v1/board/shipium/jobs,1,observed,
rippling,sibros-technologies,sibros-technologies,https://ats.rippling.com/sibros-technologies,https://api.rippling.com/platform/api/ats/v1/board/sibros-technologies/jobs,5,observed,
rippling,sightline-payments-careers,sightline-payments-careers,https://ats.rippling.com/sightline-payments-careers,https://api.rippling.com/platform/api/ats/v1/board/sightline-payments-careers/jobs,1,observed,
rippling,sightmachine,sightmachine,https://ats.rippling.com/sightmachine,https://api.rippling.com/platform/api/ats/v1/board/sightmachine/jobs,6,observed,
rippling,signaladvisors,signaladvisors,https://ats.rippling.com/signaladvisors,https://api.rippling.com/platform/api/ats/v1/board/signaladvisors/jobs,4,observed,
rippling,signwarehouse,signwarehouse,https://ats.rippling.com/signwarehouse,https://api.rippling.com/platform/api/ats/v1/board/signwarehouse/jobs,6,observed,
rippling,silvercrest-asset-management-group,silvercrest-asset-management-group,https://ats.rippling.com/silvercrest-asset-management-group,https://api.rippling.com/platform/api/ats/v1/board/silvercrest-asset-management-group/jobs,8,observed,
rippling,simeon-global-consulting,simeon-global-consulting,https://ats.rippling.com/simeon-global-consulting,https://api.rippling.com/platform/api/ats/v1/board/simeon-global-consulting/jobs,3,observed,
rippling,sketchy,sketchy,https://ats.rippling.com/sketchy,https://api.rippling.com/platform/api/ats/v1/board/sketchy/jobs,0,observed,
rippling,skillable-careers,skillable-careers,https://ats.rippling.com/skillable-careers,https://api.rippling.com/platform/api/ats/v1/board/skillable-careers/jobs,3,observed,
rippling,skyports-limited,skyports-limited,https://ats.rippling.com/skyports-limited,https://api.rippling.com/platform/api/ats/v1/board/skyports-limited/jobs,2,observed,
rippling,skyportsdeliveries-limited,skyportsdeliveries-limited,https://ats.rippling.com/skyportsdeliveries-limited,https://api.rippling.com/platform/api/ats/v1/board/skyportsdeliveries-limited/jobs,10,observed,
rippling,sleuth,sleuth,https://ats.rippling.com/sleuth,https://api.rippling.com/platform/api/ats/v1/board/sleuth/jobs,1,observed,
rippling,smartsuite,smartsuite,https://ats.rippling.com/smartsuite,https://api.rippling.com/platform/api/ats/v1/board/smartsuite/jobs,2,observed,
rippling,smcnational-careers,smcnational-careers,https://ats.rippling.com/smcnational-careers,https://api.rippling.com/platform/api/ats/v1/board/smcnational-careers/jobs,1,observed,
rippling,smokeballcareers,smokeballcareers,https://ats.rippling.com/smokeballcareers,https://api.rippling.com/platform/api/ats/v1/board/smokeballcareers/jobs,8,observed,
rippling,smooth-media,smooth-media,https://ats.rippling.com/smooth-media,https://api.rippling.com/platform/api/ats/v1/board/smooth-media/jobs,11,observed,
rippling,snowbirdas,snowbirdas,https://ats.rippling.com/snowbirdas,https://api.rippling.com/platform/api/ats/v1/board/snowbirdas/jobs,1,observed,
rippling,sofive,sofive,https://ats.rippling.com/sofive,https://api.rippling.com/platform/api/ats/v1/board/sofive/jobs,23,observed,
rippling,solv-health,solv-health,https://ats.rippling.com/solv-health,https://api.rippling.com/platform/api/ats/v1/board/solv-health/jobs,2,observed,
rippling,soteria,soteria,https://ats.rippling.com/soteria,https://api.rippling.com/platform/api/ats/v1/board/soteria/jobs,3,observed,
rippling,sparq,sparq,https://ats.rippling.com/sparq,https://api.rippling.com/platform/api/ats/v1/board/sparq/jobs,20,observed,
rippling,splash-international,splash-international,https://ats.rippling.com/splash-international,https://api.rippling.com/platform/api/ats/v1/board/splash-international/jobs,5,observed,
rippling,sprig-oral-health-technologies-inc,sprig-oral-health-technologies-inc,https://ats.rippling.com/sprig-oral-health-technologies-inc,https://api.rippling.com/platform/api/ats/v1/board/sprig-oral-health-technologies-inc/jobs,2,observed,
rippling,stambaughness,stambaughness,https://ats.rippling.com/stambaughness,https://api.rippling.com/platform/api/ats/v1/board/stambaughness/jobs,5,observed,
rippling,stampede-studios,stampede-studios,https://ats.rippling.com/stampede-studios,https://api.rippling.com/platform/api/ats/v1/board/stampede-studios/jobs,4,observed,
rippling,starry,starry,https://ats.rippling.com/starry,https://api.rippling.com/platform/api/ats/v1/board/starry/jobs,2,observed,
rippling,stayntouch,stayntouch,https://ats.rippling.com/stayntouch,https://api.rippling.com/platform/api/ats/v1/board/stayntouch/jobs,4,observed,
rippling,steamroller-animation,steamroller-animation,https://ats.rippling.com/steamroller-animation,https://api.rippling.com/platform/api/ats/v1/board/steamroller-animation/jobs,4,observed,
rippling,stella-mental-health,stella-mental-health,https://ats.rippling.com/stella-mental-health,https://api.rippling.com/platform/api/ats/v1/board/stella-mental-health/jobs,15,observed,
rippling,stellaromics-inc,stellaromics-inc,https://ats.rippling.com/stellaromics-inc,https://api.rippling.com/platform/api/ats/v1/board/stellaromics-inc/jobs,7,observed,
rippling,stem-inc,stem-inc,https://ats.rippling.com/stem-inc,https://api.rippling.com/platform/api/ats/v1/board/stem-inc/jobs,9,observed,
rippling,stem-school-highlands-ranch,stem-school-highlands-ranch,https://ats.rippling.com/stem-school-highlands-ranch,https://api.rippling.com/platform/api/ats/v1/board/stem-school-highlands-ranch/jobs,2,observed,
rippling,steno-careers-page,steno-careers-page,https://ats.rippling.com/steno-careers-page,https://api.rippling.com/platform/api/ats/v1/board/steno-careers-page/jobs,32,observed,
rippling,stocktwits,stocktwits,https://ats.rippling.com/stocktwits,https://api.rippling.com/platform/api/ats/v1/board/stocktwits/jobs,1,observed,
rippling,storesight,storesight,https://ats.rippling.com/storesight,https://api.rippling.com/platform/api/ats/v1/board/storesight/jobs,4,observed,
rippling,strategic-analytix-careers,strategic-analytix-careers,https://ats.rippling.com/strategic-analytix-careers,https://api.rippling.com/platform/api/ats/v1/board/strategic-analytix-careers/jobs,21,observed,
rippling,strong-technical-services-inc,strong-technical-services-inc,https://ats.rippling.com/strong-technical-services-inc,https://api.rippling.com/platform/api/ats/v1/board/strong-technical-services-inc/jobs,6,observed,
rippling,structurecraft,structurecraft,https://ats.rippling.com/structurecraft,https://api.rippling.com/platform/api/ats/v1/board/structurecraft/jobs,18,observed,
rippling,studiomuseumcareers,studiomuseumcareers,https://ats.rippling.com/studiomuseumcareers,https://api.rippling.com/platform/api/ats/v1/board/studiomuseumcareers/jobs,16,observed,
rippling,sturdy,sturdy,https://ats.rippling.com/sturdy,https://api.rippling.com/platform/api/ats/v1/board/sturdy/jobs,1,observed,
rippling,subbase,subbase,https://ats.rippling.com/subbase,https://api.rippling.com/platform/api/ats/v1/board/subbase/jobs,4,observed,
rippling,subduxion,subduxion,https://ats.rippling.com/subduxion,https://api.rippling.com/platform/api/ats/v1/board/subduxion/jobs,0,observed,
rippling,sugaredandbronzed,sugaredandbronzed,https://ats.rippling.com/sugaredandbronzed,https://api.rippling.com/platform/api/ats/v1/board/sugaredandbronzed/jobs,36,observed,
rippling,suiteop,suiteop,https://ats.rippling.com/suiteop,https://api.rippling.com/platform/api/ats/v1/board/suiteop/jobs,1,observed,
rippling,sumersports,sumersports,https://ats.rippling.com/sumersports,https://api.rippling.com/platform/api/ats/v1/board/sumersports/jobs,2,observed,
rippling,summer-discovery,summer-discovery,https://ats.rippling.com/summer-discovery,https://api.rippling.com/platform/api/ats/v1/board/summer-discovery/jobs,0,observed,
rippling,summerset,summerset,https://ats.rippling.com/summerset,https://api.rippling.com/platform/api/ats/v1/board/summerset/jobs,7,observed,
rippling,summit,summit,https://ats.rippling.com/summit,https://api.rippling.com/platform/api/ats/v1/board/summit/jobs,3,observed,
rippling,sunco-lighting,sunco-lighting,https://ats.rippling.com/sunco-lighting,https://api.rippling.com/platform/api/ats/v1/board/sunco-lighting/jobs,8,observed,
rippling,supplierio,supplierio,https://ats.rippling.com/supplierio,https://api.rippling.com/platform/api/ats/v1/board/supplierio/jobs,4,observed,
rippling,sway,sway,https://ats.rippling.com/sway,https://api.rippling.com/platform/api/ats/v1/board/sway/jobs,11,observed,
rippling,swimlane,swimlane,https://ats.rippling.com/swimlane,https://api.rippling.com/platform/api/ats/v1/board/swimlane/jobs,7,observed,
rippling,swingtech-careers,swingtech-careers,https://ats.rippling.com/swingtech-careers,https://api.rippling.com/platform/api/ats/v1/board/swingtech-careers/jobs,23,observed,
rippling,swoopishiring,swoopishiring,https://ats.rippling.com/swoopishiring,https://api.rippling.com/platform/api/ats/v1/board/swoopishiring/jobs,18,observed,
rippling,ta-realty-llc,ta-realty-llc,https://ats.rippling.com/ta-realty-llc,https://api.rippling.com/platform/api/ats/v1/board/ta-realty-llc/jobs,4,observed,
rippling,talentneuroncareers,talentneuroncareers,https://ats.rippling.com/talentneuroncareers,https://api.rippling.com/platform/api/ats/v1/board/talentneuroncareers/jobs,6,observed,
rippling,tavernresearch,tavernresearch,https://ats.rippling.com/tavernresearch,https://api.rippling.com/platform/api/ats/v1/board/tavernresearch/jobs,5,observed,
rippling,team1plastics,team1plastics,https://ats.rippling.com/team1plastics,https://api.rippling.com/platform/api/ats/v1/board/team1plastics/jobs,3,observed,
rippling,tenpointtx,tenpointtx,https://ats.rippling.com/tenpointtx,https://api.rippling.com/platform/api/ats/v1/board/tenpointtx/jobs,11,observed,
rippling,tensorlake,tensorlake,https://ats.rippling.com/tensorlake,https://api.rippling.com/platform/api/ats/v1/board/tensorlake/jobs,3,observed,
rippling,tensure,tensure,https://ats.rippling.com/tensure,https://api.rippling.com/platform/api/ats/v1/board/tensure/jobs,3,observed,
rippling,terraytx,terraytx,https://ats.rippling.com/terraytx,https://api.rippling.com/platform/api/ats/v1/board/terraytx/jobs,3,observed,
rippling,texas-democratic-party,texas-democratic-party,https://ats.rippling.com/texas-democratic-party,https://api.rippling.com/platform/api/ats/v1/board/texas-democratic-party/jobs,15,observed,
rippling,the-bright-hospitality-management,the-bright-hospitality-management,https://ats.rippling.com/the-bright-hospitality-management,https://api.rippling.com/platform/api/ats/v1/board/the-bright-hospitality-management/jobs,2,observed,
rippling,the-channel-company-careers,the-channel-company-careers,https://ats.rippling.com/the-channel-company-careers,https://api.rippling.com/platform/api/ats/v1/board/the-channel-company-careers/jobs,7,observed,
rippling,the-dermatology-specialists,the-dermatology-specialists,https://ats.rippling.com/the-dermatology-specialists,https://api.rippling.com/platform/api/ats/v1/board/the-dermatology-specialists/jobs,30,observed,
rippling,the-immune-co,the-immune-co,https://ats.rippling.com/the-immune-co,https://api.rippling.com/platform/api/ats/v1/board/the-immune-co/jobs,1,observed,
rippling,the-origin-way,the-origin-way,https://ats.rippling.com/the-origin-way,https://api.rippling.com/platform/api/ats/v1/board/the-origin-way/jobs,23,observed,
rippling,the-road-home-dane-county,the-road-home-dane-county,https://ats.rippling.com/the-road-home-dane-county,https://api.rippling.com/platform/api/ats/v1/board/the-road-home-dane-county/jobs,3,observed,
rippling,the-rockwell-museum,the-rockwell-museum,https://ats.rippling.com/the-rockwell-museum,https://api.rippling.com/platform/api/ats/v1/board/the-rockwell-museum/jobs,1,observed,
rippling,the-tech,the-tech,https://ats.rippling.com/the-tech,https://api.rippling.com/platform/api/ats/v1/board/the-tech/jobs,5,observed,
rippling,the-wonder-project,the-wonder-project,https://ats.rippling.com/the-wonder-project,https://api.rippling.com/platform/api/ats/v1/board/the-wonder-project/jobs,0,observed,
rippling,theguarantors-open-positions,theguarantors-open-positions,https://ats.rippling.com/theguarantors-open-positions,https://api.rippling.com/platform/api/ats/v1/board/theguarantors-open-positions/jobs,21,observed,
rippling,theimagineteam,theimagineteam,https://ats.rippling.com/theimagineteam,https://api.rippling.com/platform/api/ats/v1/board/theimagineteam/jobs,8,observed,
rippling,thrive-scholars-jobs,thrive-scholars-jobs,https://ats.rippling.com/thrive-scholars-jobs,https://api.rippling.com/platform/api/ats/v1/board/thrive-scholars-jobs/jobs,2,observed,
rippling,thriveglobal,thriveglobal,https://ats.rippling.com/thriveglobal,https://api.rippling.com/platform/api/ats/v1/board/thriveglobal/jobs,8,observed,
rippling,tidalwave-holdings,tidalwave-holdings,https://ats.rippling.com/tidalwave-holdings,https://api.rippling.com/platform/api/ats/v1/board/tidalwave-holdings/jobs,3,observed,
rippling,tive-careers,tive-careers,https://ats.rippling.com/tive-careers,https://api.rippling.com/platform/api/ats/v1/board/tive-careers/jobs,25,observed,
rippling,tixr,tixr,https://ats.rippling.com/tixr,https://api.rippling.com/platform/api/ats/v1/board/tixr/jobs,11,observed,
rippling,tllignitejobs,tllignitejobs,https://ats.rippling.com/tllignitejobs,https://api.rippling.com/platform/api/ats/v1/board/tllignitejobs/jobs,56,observed,
rippling,tmc-hospitality,tmc-hospitality,https://ats.rippling.com/tmc-hospitality,https://api.rippling.com/platform/api/ats/v1/board/tmc-hospitality/jobs,18,observed,
rippling,tmg-llc,tmg-llc,https://ats.rippling.com/tmg-llc,https://api.rippling.com/platform/api/ats/v1/board/tmg-llc/jobs,2,observed,
rippling,tombrascareers,tombrascareers,https://ats.rippling.com/tombrascareers,https://api.rippling.com/platform/api/ats/v1/board/tombrascareers/jobs,22,observed,
rippling,tomorrow-energy-partners,tomorrow-energy-partners,https://ats.rippling.com/tomorrow-energy-partners,https://api.rippling.com/platform/api/ats/v1/board/tomorrow-energy-partners/jobs,0,observed,
rippling,topdoglaw,topdoglaw,https://ats.rippling.com/topdoglaw,https://api.rippling.com/platform/api/ats/v1/board/topdoglaw/jobs,67,observed,
rippling,tort-experts,tort-experts,https://ats.rippling.com/tort-experts,https://api.rippling.com/platform/api/ats/v1/board/tort-experts/jobs,2,observed,
rippling,torus,torus,https://ats.rippling.com/torus,https://api.rippling.com/platform/api/ats/v1/board/torus/jobs,38,observed,
rippling,tpd-careers,tpd-careers,https://ats.rippling.com/tpd-careers,https://api.rippling.com/platform/api/ats/v1/board/tpd-careers/jobs,4,observed,
rippling,treehouse-job-board,treehouse-job-board,https://ats.rippling.com/treehouse-job-board,https://api.rippling.com/platform/api/ats/v1/board/treehouse-job-board/jobs,2,observed,
rippling,trees,trees,https://ats.rippling.com/trees,https://api.rippling.com/platform/api/ats/v1/board/trees/jobs,1,observed,
rippling,trove-home-care,trove-home-care,https://ats.rippling.com/trove-home-care,https://api.rippling.com/platform/api/ats/v1/board/trove-home-care/jobs,10,observed,
rippling,trussvetcareers,trussvetcareers,https://ats.rippling.com/trussvetcareers,https://api.rippling.com/platform/api/ats/v1/board/trussvetcareers/jobs,9,observed,
rippling,trustible,trustible,https://ats.rippling.com/trustible,https://api.rippling.com/platform/api/ats/v1/board/trustible/jobs,3,observed,
rippling,trustlayer-inc,trustlayer-inc,https://ats.rippling.com/trustlayer-inc,https://api.rippling.com/platform/api/ats/v1/board/trustlayer-inc/jobs,2,observed,
rippling,ttcinnovations,ttcinnovations,https://ats.rippling.com/ttcinnovations,https://api.rippling.com/platform/api/ats/v1/board/ttcinnovations/jobs,3,observed,
rippling,tunein,tunein,https://ats.rippling.com/tunein,https://api.rippling.com/platform/api/ats/v1/board/tunein/jobs,0,observed,
rippling,turning-point-center-for-youth-family-development,turning-point-center-for-youth-family-development,https://ats.rippling.com/turning-point-center-for-youth-family-development,https://api.rippling.com/platform/api/ats/v1/board/turning-point-center-for-youth-family-development/jobs,1,observed,
rippling,turntide-careers,turntide-careers,https://ats.rippling.com/turntide-careers,https://api.rippling.com/platform/api/ats/v1/board/turntide-careers/jobs,6,observed,
rippling,twang-partners,twang-partners,https://ats.rippling.com/twang-partners,https://api.rippling.com/platform/api/ats/v1/board/twang-partners/jobs,2,observed,
rippling,ugsolutions,ugsolutions,https://ats.rippling.com/ugsolutions,https://api.rippling.com/platform/api/ats/v1/board/ugsolutions/jobs,7,observed,
rippling,unchained,unchained,https://ats.rippling.com/unchained,https://api.rippling.com/platform/api/ats/v1/board/unchained/jobs,2,observed,
rippling,unily,unily,https://ats.rippling.com/unily,https://api.rippling.com/platform/api/ats/v1/board/unily/jobs,8,observed,
rippling,union-kitchen,union-kitchen,https://ats.rippling.com/union-kitchen,https://api.rippling.com/platform/api/ats/v1/board/union-kitchen/jobs,6,observed,
rippling,unityai-jobs,unityai-jobs,https://ats.rippling.com/unityai-jobs,https://api.rippling.com/platform/api/ats/v1/board/unityai-jobs/jobs,1,observed,
rippling,uniuni,uniuni,https://ats.rippling.com/uniuni,https://api.rippling.com/platform/api/ats/v1/board/uniuni/jobs,21,observed,
rippling,unlimited-tech-solutions,unlimited-tech-solutions,https://ats.rippling.com/unlimited-tech-solutions,https://api.rippling.com/platform/api/ats/v1/board/unlimited-tech-solutions/jobs,3,observed,
rippling,uplinq,uplinq,https://ats.rippling.com/uplinq,https://api.rippling.com/platform/api/ats/v1/board/uplinq/jobs,3,observed,
rippling,urban-initiatives,urban-initiatives,https://ats.rippling.com/urban-initiatives,https://api.rippling.com/platform/api/ats/v1/board/urban-initiatives/jobs,2,observed,
rippling,urban-sdk,urban-sdk,https://ats.rippling.com/urban-sdk,https://api.rippling.com/platform/api/ats/v1/board/urban-sdk/jobs,7,observed,
rippling,uride-careers,uride-careers,https://ats.rippling.com/uride-careers,https://api.rippling.com/platform/api/ats/v1/board/uride-careers/jobs,2,observed,
rippling,ursahealth,ursahealth,https://ats.rippling.com/ursahealth,https://api.rippling.com/platform/api/ats/v1/board/ursahealth/jobs,1,observed,
rippling,us-lawshield,us-lawshield,https://ats.rippling.com/us-lawshield,https://api.rippling.com/platform/api/ats/v1/board/us-lawshield/jobs,69,observed,
rippling,usare,usare,https://ats.rippling.com/usare,https://api.rippling.com/platform/api/ats/v1/board/usare/jobs,15,observed,
rippling,useorigin,useorigin,https://ats.rippling.com/useorigin,https://api.rippling.com/platform/api/ats/v1/board/useorigin/jobs,5,observed,
rippling,utility,utility,https://ats.rippling.com/utility,https://api.rippling.com/platform/api/ats/v1/board/utility/jobs,10,observed,
rippling,valle-del-sol,valle-del-sol,https://ats.rippling.com/valle-del-sol,https://api.rippling.com/platform/api/ats/v1/board/valle-del-sol/jobs,35,observed,
rippling,vcheck,vcheck,https://ats.rippling.com/vcheck,https://api.rippling.com/platform/api/ats/v1/board/vcheck/jobs,6,observed,
rippling,vectorhealthai,vectorhealthai,https://ats.rippling.com/vectorhealthai,https://api.rippling.com/platform/api/ats/v1/board/vectorhealthai/jobs,0,observed,
rippling,veefriends-llc,veefriends-llc,https://ats.rippling.com/veefriends-llc,https://api.rippling.com/platform/api/ats/v1/board/veefriends-llc/jobs,5,observed,
rippling,vella,vella,https://ats.rippling.com/vella,https://api.rippling.com/platform/api/ats/v1/board/vella/jobs,0,observed,
rippling,venncareers,venncareers,https://ats.rippling.com/venncareers,https://api.rippling.com/platform/api/ats/v1/board/venncareers/jobs,7,observed,
rippling,veracityinsurance-careers,veracityinsurance-careers,https://ats.rippling.com/veracityinsurance-careers,https://api.rippling.com/platform/api/ats/v1/board/veracityinsurance-careers/jobs,10,observed,
rippling,veridian-service-partners,veridian-service-partners,https://ats.rippling.com/veridian-service-partners,https://api.rippling.com/platform/api/ats/v1/board/veridian-service-partners/jobs,6,observed,
rippling,verra-opportunities,verra-opportunities,https://ats.rippling.com/verra-opportunities,https://api.rippling.com/platform/api/ats/v1/board/verra-opportunities/jobs,2,observed,
rippling,veryable-careers,veryable-careers,https://ats.rippling.com/veryable-careers,https://api.rippling.com/platform/api/ats/v1/board/veryable-careers/jobs,27,observed,
rippling,vintage-hill-consulting-llc,vintage-hill-consulting-llc,https://ats.rippling.com/vintage-hill-consulting-llc,https://api.rippling.com/platform/api/ats/v1/board/vintage-hill-consulting-llc/jobs,1,observed,
rippling,vip-hospitality-llc,vip-hospitality-llc,https://ats.rippling.com/vip-hospitality-llc,https://api.rippling.com/platform/api/ats/v1/board/vip-hospitality-llc/jobs,5,observed,
rippling,virtual-front-office,virtual-front-office,https://ats.rippling.com/virtual-front-office,https://api.rippling.com/platform/api/ats/v1/board/virtual-front-office/jobs,5,observed,
rippling,visio-lending-careers,visio-lending-careers,https://ats.rippling.com/visio-lending-careers,https://api.rippling.com/platform/api/ats/v1/board/visio-lending-careers/jobs,10,observed,
rippling,vividly,vividly,https://ats.rippling.com/vividly,https://api.rippling.com/platform/api/ats/v1/board/vividly/jobs,4,observed,
rippling,vo-brothers-mechanical,vo-brothers-mechanical,https://ats.rippling.com/vo-brothers-mechanical,https://api.rippling.com/platform/api/ats/v1/board/vo-brothers-mechanical/jobs,7,observed,
rippling,vodori-careers,vodori-careers,https://ats.rippling.com/vodori-careers,https://api.rippling.com/platform/api/ats/v1/board/vodori-careers/jobs,0,observed,
rippling,voiantcareers,voiantcareers,https://ats.rippling.com/voiantcareers,https://api.rippling.com/platform/api/ats/v1/board/voiantcareers/jobs,3,observed,
rippling,voltaiq-careers,voltaiq-careers,https://ats.rippling.com/voltaiq-careers,https://api.rippling.com/platform/api/ats/v1/board/voltaiq-careers/jobs,3,observed,
rippling,vouch-inc,vouch-inc,https://ats.rippling.com/vouch-inc,https://api.rippling.com/platform/api/ats/v1/board/vouch-inc/jobs,12,observed,
rippling,vq-career-page,vq-career-page,https://ats.rippling.com/vq-career-page,https://api.rippling.com/platform/api/ats/v1/board/vq-career-page/jobs,13,observed,
rippling,vtdigger,vtdigger,https://ats.rippling.com/vtdigger,https://api.rippling.com/platform/api/ats/v1/board/vtdigger/jobs,2,observed,
rippling,vulcanforms,vulcanforms,https://ats.rippling.com/vulcanforms,https://api.rippling.com/platform/api/ats/v1/board/vulcanforms/jobs,125,observed,
rippling,wa-opportunities,wa-opportunities,https://ats.rippling.com/wa-opportunities,https://api.rippling.com/platform/api/ats/v1/board/wa-opportunities/jobs,7,observed,
rippling,wander,wander,https://ats.rippling.com/wander,https://api.rippling.com/platform/api/ats/v1/board/wander/jobs,7,observed,
rippling,wanta-thome,wanta-thome,https://ats.rippling.com/wanta-thome,https://api.rippling.com/platform/api/ats/v1/board/wanta-thome/jobs,3,observed,
rippling,war-room-careers,war-room-careers,https://ats.rippling.com/war-room-careers,https://api.rippling.com/platform/api/ats/v1/board/war-room-careers/jobs,1,observed,
rippling,warriorbabe-careers,warriorbabe-careers,https://ats.rippling.com/warriorbabe-careers,https://api.rippling.com/platform/api/ats/v1/board/warriorbabe-careers/jobs,4,observed,
rippling,washington-center-for-equitable-growth,washington-center-for-equitable-growth,https://ats.rippling.com/washington-center-for-equitable-growth,https://api.rippling.com/platform/api/ats/v1/board/washington-center-for-equitable-growth/jobs,1,observed,
rippling,waymaker-resource-group,waymaker-resource-group,https://ats.rippling.com/waymaker-resource-group,https://api.rippling.com/platform/api/ats/v1/board/waymaker-resource-group/jobs,3,observed,
rippling,wearephaedon,wearephaedon,https://ats.rippling.com/wearephaedon,https://api.rippling.com/platform/api/ats/v1/board/wearephaedon/jobs,1,observed,
rippling,wearerally,wearerally,https://ats.rippling.com/wearerally,https://api.rippling.com/platform/api/ats/v1/board/wearerally/jobs,1,observed,
rippling,webull,webull,https://ats.rippling.com/webull,https://api.rippling.com/platform/api/ats/v1/board/webull/jobs,23,observed,
rippling,weekenderhotels,weekenderhotels,https://ats.rippling.com/weekenderhotels,https://api.rippling.com/platform/api/ats/v1/board/weekenderhotels/jobs,7,observed,
rippling,wellinkscareers,wellinkscareers,https://ats.rippling.com/wellinkscareers,https://api.rippling.com/platform/api/ats/v1/board/wellinkscareers/jobs,2,observed,
rippling,wellright,wellright,https://ats.rippling.com/wellright,https://api.rippling.com/platform/api/ats/v1/board/wellright/jobs,4,observed,
rippling,wellspring,wellspring,https://ats.rippling.com/wellspring,https://api.rippling.com/platform/api/ats/v1/board/wellspring/jobs,0,observed,
rippling,wenrix,wenrix,https://ats.rippling.com/wenrix,https://api.rippling.com/platform/api/ats/v1/board/wenrix/jobs,4,observed,
rippling,western-camps-inc,western-camps-inc,https://ats.rippling.com/western-camps-inc,https://api.rippling.com/platform/api/ats/v1/board/western-camps-inc/jobs,8,observed,
rippling,whc,whc,https://ats.rippling.com/whc,https://api.rippling.com/platform/api/ats/v1/board/whc/jobs,5,observed,
rippling,whisker-labs-careers,whisker-labs-careers,https://ats.rippling.com/whisker-labs-careers,https://api.rippling.com/platform/api/ats/v1/board/whisker-labs-careers/jobs,7,observed,
rippling,windsorengineers,windsorengineers,https://ats.rippling.com/windsorengineers,https://api.rippling.com/platform/api/ats/v1/board/windsorengineers/jobs,2,observed,
rippling,wiq-careers,wiq-careers,https://ats.rippling.com/wiq-careers,https://api.rippling.com/platform/api/ats/v1/board/wiq-careers/jobs,1,observed,
rippling,wisdems,wisdems,https://ats.rippling.com/wisdems,https://api.rippling.com/platform/api/ats/v1/board/wisdems/jobs,1,observed,
rippling,within-health-provider-services,within-health-provider-services,https://ats.rippling.com/within-health-provider-services,https://api.rippling.com/platform/api/ats/v1/board/within-health-provider-services/jobs,3,observed,
rippling,wonderist-agency,wonderist-agency,https://ats.rippling.com/wonderist-agency,https://api.rippling.com/platform/api/ats/v1/board/wonderist-agency/jobs,7,observed,
rippling,workspan-inc,workspan-inc,https://ats.rippling.com/workspan-inc,https://api.rippling.com/platform/api/ats/v1/board/workspan-inc/jobs,8,observed,
rippling,workstreet,workstreet,https://ats.rippling.com/workstreet,https://api.rippling.com/platform/api/ats/v1/board/workstreet/jobs,21,observed,
rippling,xenter,xenter,https://ats.rippling.com/xenter,https://api.rippling.com/platform/api/ats/v1/board/xenter/jobs,3,observed,
rippling,yembo,yembo,https://ats.rippling.com/yembo,https://api.rippling.com/platform/api/ats/v1/board/yembo/jobs,0,observed,
rippling,yieldstreet,yieldstreet,https://ats.rippling.com/yieldstreet,https://api.rippling.com/platform/api/ats/v1/board/yieldstreet/jobs,8,observed,
rippling,young-americans-for-liberty,young-americans-for-liberty,https://ats.rippling.com/young-americans-for-liberty,https://api.rippling.com/platform/api/ats/v1/board/young-americans-for-liberty/jobs,5,observed,
rippling,youth-haven-inc,youth-haven-inc,https://ats.rippling.com/youth-haven-inc,https://api.rippling.com/platform/api/ats/v1/board/youth-haven-inc/jobs,1,observed,
rippling,youtooz,youtooz,https://ats.rippling.com/youtooz,https://api.rippling.com/platform/api/ats/v1/board/youtooz/jobs,3,observed,
rippling,zap-energy-careers,zap-energy-careers,https://ats.rippling.com/zap-energy-careers,https://api.rippling.com/platform/api/ats/v1/board/zap-energy-careers/jobs,16,observed,
rippling,zapata-quantum,zapata-quantum,https://ats.rippling.com/zapata-quantum,https://api.rippling.com/platform/api/ats/v1/board/zapata-quantum/jobs,5,observed,
rippling,zrg-partners-careers,zrg-partners-careers,https://ats.rippling.com/zrg-partners-careers,https://api.rippling.com/platform/api/ats/v1/board/zrg-partners-careers/jobs,4,observed,
rippling,zymeworks-careers,zymeworks-careers,https://ats.rippling.com/zymeworks-careers,https://api.rippling.com/platform/api/ats/v1/board/zymeworks-careers/jobs,4,observed,
