platform,token,company,board_url,api_url,open_roles,count_basis,region
smartrecruiters,10xValuePartnersGmbH,10xValuePartnersGmbH,https://jobs.smartrecruiters.com/10xValuePartnersGmbH,https://api.smartrecruiters.com/v1/companies/10xValuePartnersGmbH/postings,5,vendor,
smartrecruiters,1HUDDLE,1HUDDLE,https://jobs.smartrecruiters.com/1HUDDLE,https://api.smartrecruiters.com/v1/companies/1HUDDLE/postings,9,vendor,
smartrecruiters,2NTELEKOMUNIKACEAs,2NTELEKOMUNIKACEAs,https://jobs.smartrecruiters.com/2NTELEKOMUNIKACEAs,https://api.smartrecruiters.com/v1/companies/2NTELEKOMUNIKACEAs/postings,15,vendor,
smartrecruiters,336ExpressLLC,336ExpressLLC,https://jobs.smartrecruiters.com/336ExpressLLC,https://api.smartrecruiters.com/v1/companies/336ExpressLLC/postings,2,vendor,
smartrecruiters,3HPartners,3HPartners,https://jobs.smartrecruiters.com/3HPartners,https://api.smartrecruiters.com/v1/companies/3HPartners/postings,3,vendor,
smartrecruiters,A2Design,A2Design,https://jobs.smartrecruiters.com/A2Design,https://api.smartrecruiters.com/v1/companies/A2Design/postings,3,vendor,
smartrecruiters,AbanoHealthcare,AbanoHealthcare,https://jobs.smartrecruiters.com/AbanoHealthcare,https://api.smartrecruiters.com/v1/companies/AbanoHealthcare/postings,165,vendor,
smartrecruiters,abbvie,abbvie,https://jobs.smartrecruiters.com/abbvie,https://api.smartrecruiters.com/v1/companies/abbvie/postings,1729,vendor,
smartrecruiters,abercrombieandfitchco,abercrombieandfitchco,https://jobs.smartrecruiters.com/abercrombieandfitchco,https://api.smartrecruiters.com/v1/companies/abercrombieandfitchco/postings,8,vendor,
smartrecruiters,ABInBev1,ABInBev1,https://jobs.smartrecruiters.com/ABInBev1,https://api.smartrecruiters.com/v1/companies/ABInBev1/postings,15,vendor,
smartrecruiters,AccorCorpo,AccorCorpo,https://jobs.smartrecruiters.com/AccorCorpo,https://api.smartrecruiters.com/v1/companies/AccorCorpo/postings,283,vendor,
smartrecruiters,AccorHotel,AccorHotel,https://jobs.smartrecruiters.com/AccorHotel,https://api.smartrecruiters.com/v1/companies/AccorHotel/postings,5906,vendor,
smartrecruiters,Achieve1,Achieve1,https://jobs.smartrecruiters.com/Achieve1,https://api.smartrecruiters.com/v1/companies/Achieve1/postings,20,vendor,
smartrecruiters,ACRELEC,ACRELEC,https://jobs.smartrecruiters.com/ACRELEC,https://api.smartrecruiters.com/v1/companies/ACRELEC/postings,9,vendor,
smartrecruiters,actiniumpharmaceuticals,actiniumpharmaceuticals,https://jobs.smartrecruiters.com/actiniumpharmaceuticals,https://api.smartrecruiters.com/v1/companies/actiniumpharmaceuticals/postings,1,vendor,
smartrecruiters,Activy1,Activy1,https://jobs.smartrecruiters.com/Activy1,https://api.smartrecruiters.com/v1/companies/Activy1/postings,1,vendor,
smartrecruiters,ADVENS,ADVENS,https://jobs.smartrecruiters.com/ADVENS,https://api.smartrecruiters.com/v1/companies/ADVENS/postings,27,vendor,
smartrecruiters,aecom2,aecom2,https://jobs.smartrecruiters.com/aecom2,https://api.smartrecruiters.com/v1/companies/aecom2/postings,4977,vendor,
smartrecruiters,AFCA,AFCA,https://jobs.smartrecruiters.com/AFCA,https://api.smartrecruiters.com/v1/companies/AFCA/postings,29,vendor,
smartrecruiters,AFRY,AFRY,https://jobs.smartrecruiters.com/AFRY,https://api.smartrecruiters.com/v1/companies/AFRY/postings,943,vendor,
smartrecruiters,AHRCNYC1,AHRCNYC1,https://jobs.smartrecruiters.com/AHRCNYC1,https://api.smartrecruiters.com/v1/companies/AHRCNYC1/postings,66,vendor,
smartrecruiters,airespring1,airespring1,https://jobs.smartrecruiters.com/airespring1,https://api.smartrecruiters.com/v1/companies/airespring1/postings,16,vendor,
smartrecruiters,Ajua,Ajua,https://jobs.smartrecruiters.com/Ajua,https://api.smartrecruiters.com/v1/companies/Ajua/postings,9,vendor,
smartrecruiters,Akirolabs,Akirolabs,https://jobs.smartrecruiters.com/Akirolabs,https://api.smartrecruiters.com/v1/companies/Akirolabs/postings,7,vendor,
smartrecruiters,Akuo,Akuo,https://jobs.smartrecruiters.com/Akuo,https://api.smartrecruiters.com/v1/companies/Akuo/postings,15,vendor,
smartrecruiters,allegro,allegro,https://jobs.smartrecruiters.com/allegro,https://api.smartrecruiters.com/v1/companies/allegro/postings,1,vendor,
smartrecruiters,AllianceAnimalHealth,AllianceAnimalHealth,https://jobs.smartrecruiters.com/AllianceAnimalHealth,https://api.smartrecruiters.com/v1/companies/AllianceAnimalHealth/postings,640,vendor,
smartrecruiters,alnylam,alnylam,https://jobs.smartrecruiters.com/alnylam,https://api.smartrecruiters.com/v1/companies/alnylam/postings,10,vendor,
smartrecruiters,AlpadiaLanguageSchoolsSA,AlpadiaLanguageSchoolsSA,https://jobs.smartrecruiters.com/AlpadiaLanguageSchoolsSA,https://api.smartrecruiters.com/v1/companies/AlpadiaLanguageSchoolsSA/postings,61,vendor,
smartrecruiters,AlphabeInsightInc,AlphabeInsightInc,https://jobs.smartrecruiters.com/AlphabeInsightInc,https://api.smartrecruiters.com/v1/companies/AlphabeInsightInc/postings,1560,vendor,
smartrecruiters,AlphaTechnologiesIncUSA1,AlphaTechnologiesIncUSA1,https://jobs.smartrecruiters.com/AlphaTechnologiesIncUSA1,https://api.smartrecruiters.com/v1/companies/AlphaTechnologiesIncUSA1/postings,73,vendor,
smartrecruiters,alset,alset,https://jobs.smartrecruiters.com/alset,https://api.smartrecruiters.com/v1/companies/alset/postings,1,vendor,
smartrecruiters,ALTAREA,ALTAREA,https://jobs.smartrecruiters.com/ALTAREA,https://api.smartrecruiters.com/v1/companies/ALTAREA/postings,83,vendor,
smartrecruiters,alten,alten,https://jobs.smartrecruiters.com/alten,https://api.smartrecruiters.com/v1/companies/alten/postings,1116,vendor,
smartrecruiters,ALTEREA,ALTEREA,https://jobs.smartrecruiters.com/ALTEREA,https://api.smartrecruiters.com/v1/companies/ALTEREA/postings,79,vendor,
smartrecruiters,altersolutions,altersolutions,https://jobs.smartrecruiters.com/altersolutions,https://api.smartrecruiters.com/v1/companies/altersolutions/postings,261,vendor,
smartrecruiters,Altisource,Altisource,https://jobs.smartrecruiters.com/Altisource,https://api.smartrecruiters.com/v1/companies/Altisource/postings,88,vendor,
smartrecruiters,AmaliTech,AmaliTech,https://jobs.smartrecruiters.com/AmaliTech,https://api.smartrecruiters.com/v1/companies/AmaliTech/postings,9,vendor,
smartrecruiters,AmericanIronAndMetal,AmericanIronAndMetal,https://jobs.smartrecruiters.com/AmericanIronAndMetal,https://api.smartrecruiters.com/v1/companies/AmericanIronAndMetal/postings,358,vendor,
smartrecruiters,AmericanMontessoriSociety,AmericanMontessoriSociety,https://jobs.smartrecruiters.com/AmericanMontessoriSociety,https://api.smartrecruiters.com/v1/companies/AmericanMontessoriSociety/postings,1,vendor,
smartrecruiters,AmpleInsightInc,AmpleInsightInc,https://jobs.smartrecruiters.com/AmpleInsightInc,https://api.smartrecruiters.com/v1/companies/AmpleInsightInc/postings,9,vendor,
smartrecruiters,AmrefHealthAfrica4,AmrefHealthAfrica4,https://jobs.smartrecruiters.com/AmrefHealthAfrica4,https://api.smartrecruiters.com/v1/companies/AmrefHealthAfrica4/postings,11,vendor,
smartrecruiters,AngloAmericanDeBeersGroup,AngloAmericanDeBeersGroup,https://jobs.smartrecruiters.com/AngloAmericanDeBeersGroup,https://api.smartrecruiters.com/v1/companies/AngloAmericanDeBeersGroup/postings,104,vendor,
smartrecruiters,AnimalThinkTank,AnimalThinkTank,https://jobs.smartrecruiters.com/AnimalThinkTank,https://api.smartrecruiters.com/v1/companies/AnimalThinkTank/postings,1,vendor,
smartrecruiters,AntonPaar1,AntonPaar1,https://jobs.smartrecruiters.com/AntonPaar1,https://api.smartrecruiters.com/v1/companies/AntonPaar1/postings,194,vendor,
smartrecruiters,ApexCleanEnergy,ApexCleanEnergy,https://jobs.smartrecruiters.com/ApexCleanEnergy,https://api.smartrecruiters.com/v1/companies/ApexCleanEnergy/postings,14,vendor,
smartrecruiters,APF-Entreprises,APF-Entreprises,https://jobs.smartrecruiters.com/APF-Entreprises,https://api.smartrecruiters.com/v1/companies/APF-Entreprises/postings,212,vendor,
smartrecruiters,APMGroup,APMGroup,https://jobs.smartrecruiters.com/APMGroup,https://api.smartrecruiters.com/v1/companies/APMGroup/postings,382,vendor,
smartrecruiters,ApplaudoStudios,ApplaudoStudios,https://jobs.smartrecruiters.com/ApplaudoStudios,https://api.smartrecruiters.com/v1/companies/ApplaudoStudios/postings,47,vendor,
smartrecruiters,ApplusIDIADA1,ApplusIDIADA1,https://jobs.smartrecruiters.com/ApplusIDIADA1,https://api.smartrecruiters.com/v1/companies/ApplusIDIADA1/postings,200,vendor,
smartrecruiters,archglobalservicesphilippinesinc,archglobalservicesphilippinesinc,https://jobs.smartrecruiters.com/archglobalservicesphilippinesinc,https://api.smartrecruiters.com/v1/companies/archglobalservicesphilippinesinc/postings,61,vendor,
smartrecruiters,aristanetworks,aristanetworks,https://jobs.smartrecruiters.com/aristanetworks,https://api.smartrecruiters.com/v1/companies/aristanetworks/postings,236,vendor,
smartrecruiters,Artelia,Artelia,https://jobs.smartrecruiters.com/Artelia,https://api.smartrecruiters.com/v1/companies/Artelia/postings,479,vendor,
smartrecruiters,ArtemedSE,ArtemedSE,https://jobs.smartrecruiters.com/ArtemedSE,https://api.smartrecruiters.com/v1/companies/ArtemedSE/postings,444,vendor,
smartrecruiters,AsburyCommunities,AsburyCommunities,https://jobs.smartrecruiters.com/AsburyCommunities,https://api.smartrecruiters.com/v1/companies/AsburyCommunities/postings,128,vendor,
smartrecruiters,ASIFR,ASIFR,https://jobs.smartrecruiters.com/ASIFR,https://api.smartrecruiters.com/v1/companies/ASIFR/postings,49,vendor,
smartrecruiters,asos,asos,https://jobs.smartrecruiters.com/asos,https://api.smartrecruiters.com/v1/companies/asos/postings,63,vendor,
smartrecruiters,Aspect2,Aspect2,https://jobs.smartrecruiters.com/Aspect2,https://api.smartrecruiters.com/v1/companies/Aspect2/postings,21,vendor,
smartrecruiters,AspenSkiingCompany,AspenSkiingCompany,https://jobs.smartrecruiters.com/AspenSkiingCompany,https://api.smartrecruiters.com/v1/companies/AspenSkiingCompany/postings,202,vendor,
smartrecruiters,assent,assent,https://jobs.smartrecruiters.com/assent,https://api.smartrecruiters.com/v1/companies/assent/postings,28,vendor,
smartrecruiters,assystem,assystem,https://jobs.smartrecruiters.com/assystem,https://api.smartrecruiters.com/v1/companies/assystem/postings,960,vendor,
smartrecruiters,AstroscaleUS,AstroscaleUS,https://jobs.smartrecruiters.com/AstroscaleUS,https://api.smartrecruiters.com/v1/companies/AstroscaleUS/postings,1,vendor,
smartrecruiters,astucemedia,astucemedia,https://jobs.smartrecruiters.com/astucemedia,https://api.smartrecruiters.com/v1/companies/astucemedia/postings,6,vendor,
smartrecruiters,AsureQuality,AsureQuality,https://jobs.smartrecruiters.com/AsureQuality,https://api.smartrecruiters.com/v1/companies/AsureQuality/postings,16,vendor,
smartrecruiters,ATParchitekteningenieure,ATParchitekteningenieure,https://jobs.smartrecruiters.com/ATParchitekteningenieure,https://api.smartrecruiters.com/v1/companies/ATParchitekteningenieure/postings,109,vendor,
smartrecruiters,AudiInteractionGmbH,AudiInteractionGmbH,https://jobs.smartrecruiters.com/AudiInteractionGmbH,https://api.smartrecruiters.com/v1/companies/AudiInteractionGmbH/postings,6,vendor,
smartrecruiters,AugsburgUniversity-MinneapolisMN,AugsburgUniversity-MinneapolisMN,https://jobs.smartrecruiters.com/AugsburgUniversity-MinneapolisMN,https://api.smartrecruiters.com/v1/companies/AugsburgUniversity-MinneapolisMN/postings,56,vendor,
smartrecruiters,aumovio,aumovio,https://jobs.smartrecruiters.com/aumovio,https://api.smartrecruiters.com/v1/companies/aumovio/postings,539,vendor,
smartrecruiters,auroradairies,auroradairies,https://jobs.smartrecruiters.com/auroradairies,https://api.smartrecruiters.com/v1/companies/auroradairies/postings,14,vendor,
smartrecruiters,AustroHolding,AustroHolding,https://jobs.smartrecruiters.com/AustroHolding,https://api.smartrecruiters.com/v1/companies/AustroHolding/postings,63,vendor,
smartrecruiters,auto1,auto1,https://jobs.smartrecruiters.com/auto1,https://api.smartrecruiters.com/v1/companies/auto1/postings,532,vendor,
smartrecruiters,avaloq1,avaloq1,https://jobs.smartrecruiters.com/avaloq1,https://api.smartrecruiters.com/v1/companies/avaloq1/postings,131,vendor,
smartrecruiters,AVANCOGmbH,AVANCOGmbH,https://jobs.smartrecruiters.com/AVANCOGmbH,https://api.smartrecruiters.com/v1/companies/AVANCOGmbH/postings,14,vendor,
smartrecruiters,Averna1,Averna1,https://jobs.smartrecruiters.com/Averna1,https://api.smartrecruiters.com/v1/companies/Averna1/postings,19,vendor,
smartrecruiters,averydennison,averydennison,https://jobs.smartrecruiters.com/averydennison,https://api.smartrecruiters.com/v1/companies/averydennison/postings,434,vendor,
smartrecruiters,AVIVGroup,AVIVGroup,https://jobs.smartrecruiters.com/AVIVGroup,https://api.smartrecruiters.com/v1/companies/AVIVGroup/postings,34,vendor,
smartrecruiters,AWPSafety,AWPSafety,https://jobs.smartrecruiters.com/AWPSafety,https://api.smartrecruiters.com/v1/companies/AWPSafety/postings,236,vendor,
smartrecruiters,AxelSpringerNewsMediaNational,AxelSpringerNewsMediaNational,https://jobs.smartrecruiters.com/AxelSpringerNewsMediaNational,https://api.smartrecruiters.com/v1/companies/AxelSpringerNewsMediaNational/postings,68,vendor,
smartrecruiters,Axiado,Axiado,https://jobs.smartrecruiters.com/Axiado,https://api.smartrecruiters.com/v1/companies/Axiado/postings,46,vendor,
smartrecruiters,Ayming,Ayming,https://jobs.smartrecruiters.com/Ayming,https://api.smartrecruiters.com/v1/companies/Ayming/postings,99,vendor,
smartrecruiters,BaddpizzaBuffalo,BaddpizzaBuffalo,https://jobs.smartrecruiters.com/BaddpizzaBuffalo,https://api.smartrecruiters.com/v1/companies/BaddpizzaBuffalo/postings,5,vendor,
smartrecruiters,BankersWithoutBoundaries,BankersWithoutBoundaries,https://jobs.smartrecruiters.com/BankersWithoutBoundaries,https://api.smartrecruiters.com/v1/companies/BankersWithoutBoundaries/postings,5,vendor,
smartrecruiters,BaptistRainbowPrimarySchool,BaptistRainbowPrimarySchool,https://jobs.smartrecruiters.com/BaptistRainbowPrimarySchool,https://api.smartrecruiters.com/v1/companies/BaptistRainbowPrimarySchool/postings,1,vendor,
smartrecruiters,BarmeniaGothaerAG,BarmeniaGothaerAG,https://jobs.smartrecruiters.com/BarmeniaGothaerAG,https://api.smartrecruiters.com/v1/companies/BarmeniaGothaerAG/postings,402,vendor,
smartrecruiters,barriere,barriere,https://jobs.smartrecruiters.com/barriere,https://api.smartrecruiters.com/v1/companies/barriere/postings,394,vendor,
smartrecruiters,BayWaAG,BayWaAG,https://jobs.smartrecruiters.com/BayWaAG,https://api.smartrecruiters.com/v1/companies/BayWaAG/postings,999,vendor,
smartrecruiters,BCI2,BCI2,https://jobs.smartrecruiters.com/BCI2,https://api.smartrecruiters.com/v1/companies/BCI2/postings,10,vendor,
smartrecruiters,Believe,Believe,https://jobs.smartrecruiters.com/Believe,https://api.smartrecruiters.com/v1/companies/Believe/postings,25,vendor,
smartrecruiters,BePeConstructionBv,BePeConstructionBv,https://jobs.smartrecruiters.com/BePeConstructionBv,https://api.smartrecruiters.com/v1/companies/BePeConstructionBv/postings,6,vendor,
smartrecruiters,berlinerverkehrsbetriebebvg1,berlinerverkehrsbetriebebvg1,https://jobs.smartrecruiters.com/berlinerverkehrsbetriebebvg1,https://api.smartrecruiters.com/v1/companies/berlinerverkehrsbetriebebvg1/postings,30,vendor,
smartrecruiters,BermanAutoGroup,BermanAutoGroup,https://jobs.smartrecruiters.com/BermanAutoGroup,https://api.smartrecruiters.com/v1/companies/BermanAutoGroup/postings,26,vendor,
smartrecruiters,BESIX,BESIX,https://jobs.smartrecruiters.com/BESIX,https://api.smartrecruiters.com/v1/companies/BESIX/postings,320,vendor,
smartrecruiters,Bet3651,Bet3651,https://jobs.smartrecruiters.com/Bet3651,https://api.smartrecruiters.com/v1/companies/Bet3651/postings,110,vendor,
smartrecruiters,betsol,betsol,https://jobs.smartrecruiters.com/betsol,https://api.smartrecruiters.com/v1/companies/betsol/postings,22,vendor,
smartrecruiters,BEUMERGroup1,BEUMERGroup1,https://jobs.smartrecruiters.com/BEUMERGroup1,https://api.smartrecruiters.com/v1/companies/BEUMERGroup1/postings,238,vendor,
smartrecruiters,bew,bew,https://jobs.smartrecruiters.com/bew,https://api.smartrecruiters.com/v1/companies/bew/postings,23,vendor,
smartrecruiters,beyondtrust,beyondtrust,https://jobs.smartrecruiters.com/beyondtrust,https://api.smartrecruiters.com/v1/companies/beyondtrust/postings,2,vendor,
smartrecruiters,BHFT,BHFT,https://jobs.smartrecruiters.com/BHFT,https://api.smartrecruiters.com/v1/companies/BHFT/postings,4,vendor,
smartrecruiters,bicycletherapeutics,bicycletherapeutics,https://jobs.smartrecruiters.com/bicycletherapeutics,https://api.smartrecruiters.com/v1/companies/bicycletherapeutics/postings,5,vendor,
smartrecruiters,bigcommerce,bigcommerce,https://jobs.smartrecruiters.com/bigcommerce,https://api.smartrecruiters.com/v1/companies/bigcommerce/postings,2,vendor,
smartrecruiters,bionanogenomics,bionanogenomics,https://jobs.smartrecruiters.com/bionanogenomics,https://api.smartrecruiters.com/v1/companies/bionanogenomics/postings,1,vendor,
smartrecruiters,BlackbirdCollective,BlackbirdCollective,https://jobs.smartrecruiters.com/BlackbirdCollective,https://api.smartrecruiters.com/v1/companies/BlackbirdCollective/postings,7,vendor,
smartrecruiters,blend360,blend360,https://jobs.smartrecruiters.com/blend360,https://api.smartrecruiters.com/v1/companies/blend360/postings,156,vendor,
smartrecruiters,blockdeliver,blockdeliver,https://jobs.smartrecruiters.com/blockdeliver,https://api.smartrecruiters.com/v1/companies/blockdeliver/postings,5,vendor,
smartrecruiters,bloom,bloom,https://jobs.smartrecruiters.com/bloom,https://api.smartrecruiters.com/v1/companies/bloom/postings,2,vendor,
smartrecruiters,BlueOptima,BlueOptima,https://jobs.smartrecruiters.com/BlueOptima,https://api.smartrecruiters.com/v1/companies/BlueOptima/postings,10,vendor,
smartrecruiters,BOCCARD,BOCCARD,https://jobs.smartrecruiters.com/BOCCARD,https://api.smartrecruiters.com/v1/companies/BOCCARD/postings,80,vendor,
smartrecruiters,BoschGroup,BoschGroup,https://jobs.smartrecruiters.com/BoschGroup,https://api.smartrecruiters.com/v1/companies/BoschGroup/postings,4782,vendor,
smartrecruiters,Boskalis,Boskalis,https://jobs.smartrecruiters.com/Boskalis,https://api.smartrecruiters.com/v1/companies/Boskalis/postings,108,vendor,
smartrecruiters,BossSearchGroup,BossSearchGroup,https://jobs.smartrecruiters.com/BossSearchGroup,https://api.smartrecruiters.com/v1/companies/BossSearchGroup/postings,4,vendor,
smartrecruiters,Boulanger,Boulanger,https://jobs.smartrecruiters.com/Boulanger,https://api.smartrecruiters.com/v1/companies/Boulanger/postings,192,vendor,
smartrecruiters,boydgaming,boydgaming,https://jobs.smartrecruiters.com/boydgaming,https://api.smartrecruiters.com/v1/companies/boydgaming/postings,922,vendor,
smartrecruiters,Brainient,Brainient,https://jobs.smartrecruiters.com/Brainient,https://api.smartrecruiters.com/v1/companies/Brainient/postings,4,vendor,
smartrecruiters,Brainlab,Brainlab,https://jobs.smartrecruiters.com/Brainlab,https://api.smartrecruiters.com/v1/companies/Brainlab/postings,50,vendor,
smartrecruiters,BrainsonicParis,BrainsonicParis,https://jobs.smartrecruiters.com/BrainsonicParis,https://api.smartrecruiters.com/v1/companies/BrainsonicParis/postings,1,vendor,
smartrecruiters,BrakesPlus,BrakesPlus,https://jobs.smartrecruiters.com/BrakesPlus,https://api.smartrecruiters.com/v1/companies/BrakesPlus/postings,374,vendor,
smartrecruiters,brightspeed,brightspeed,https://jobs.smartrecruiters.com/brightspeed,https://api.smartrecruiters.com/v1/companies/brightspeed/postings,18,vendor,
smartrecruiters,brownbrown,brownbrown,https://jobs.smartrecruiters.com/brownbrown,https://api.smartrecruiters.com/v1/companies/brownbrown/postings,2,vendor,
smartrecruiters,BSInternational,BSInternational,https://jobs.smartrecruiters.com/BSInternational,https://api.smartrecruiters.com/v1/companies/BSInternational/postings,54,vendor,
smartrecruiters,buildersfirstsource,buildersfirstsource,https://jobs.smartrecruiters.com/buildersfirstsource,https://api.smartrecruiters.com/v1/companies/buildersfirstsource/postings,4,vendor,
smartrecruiters,BUT2,BUT2,https://jobs.smartrecruiters.com/BUT2,https://api.smartrecruiters.com/v1/companies/BUT2/postings,242,vendor,
smartrecruiters,caci,caci,https://jobs.smartrecruiters.com/caci,https://api.smartrecruiters.com/v1/companies/caci/postings,14,vendor,
smartrecruiters,Cahoot,Cahoot,https://jobs.smartrecruiters.com/Cahoot,https://api.smartrecruiters.com/v1/companies/Cahoot/postings,5,vendor,
smartrecruiters,CaliforniaClosets,CaliforniaClosets,https://jobs.smartrecruiters.com/CaliforniaClosets,https://api.smartrecruiters.com/v1/companies/CaliforniaClosets/postings,83,vendor,
smartrecruiters,CantieriDigitaliMedtech,CantieriDigitaliMedtech,https://jobs.smartrecruiters.com/CantieriDigitaliMedtech,https://api.smartrecruiters.com/v1/companies/CantieriDigitaliMedtech/postings,4,vendor,
smartrecruiters,canva,canva,https://jobs.smartrecruiters.com/canva,https://api.smartrecruiters.com/v1/companies/canva/postings,251,vendor,
smartrecruiters,CapitalDevelopmentServices,CapitalDevelopmentServices,https://jobs.smartrecruiters.com/CapitalDevelopmentServices,https://api.smartrecruiters.com/v1/companies/CapitalDevelopmentServices/postings,2,vendor,
smartrecruiters,CapTechConsulting,CapTechConsulting,https://jobs.smartrecruiters.com/CapTechConsulting,https://api.smartrecruiters.com/v1/companies/CapTechConsulting/postings,121,vendor,
smartrecruiters,cardiodiagnostics,cardiodiagnostics,https://jobs.smartrecruiters.com/cardiodiagnostics,https://api.smartrecruiters.com/v1/companies/cardiodiagnostics/postings,2,vendor,
smartrecruiters,CareEmploymentServices,CareEmploymentServices,https://jobs.smartrecruiters.com/CareEmploymentServices,https://api.smartrecruiters.com/v1/companies/CareEmploymentServices/postings,4,vendor,
smartrecruiters,CarousellGroup,CarousellGroup,https://jobs.smartrecruiters.com/CarousellGroup,https://api.smartrecruiters.com/v1/companies/CarousellGroup/postings,44,vendor,
smartrecruiters,carsales,carsales,https://jobs.smartrecruiters.com/carsales,https://api.smartrecruiters.com/v1/companies/carsales/postings,39,vendor,
smartrecruiters,CAVISTA,CAVISTA,https://jobs.smartrecruiters.com/CAVISTA,https://api.smartrecruiters.com/v1/companies/CAVISTA/postings,10,vendor,
smartrecruiters,CAWST,CAWST,https://jobs.smartrecruiters.com/CAWST,https://api.smartrecruiters.com/v1/companies/CAWST/postings,2,vendor,
smartrecruiters,CCA1,CCA1,https://jobs.smartrecruiters.com/CCA1,https://api.smartrecruiters.com/v1/companies/CCA1/postings,1,vendor,
smartrecruiters,cdprojektred,cdprojektred,https://jobs.smartrecruiters.com/cdprojektred,https://api.smartrecruiters.com/v1/companies/cdprojektred/postings,36,vendor,
smartrecruiters,celanese,celanese,https://jobs.smartrecruiters.com/celanese,https://api.smartrecruiters.com/v1/companies/celanese/postings,5,vendor,
smartrecruiters,celestecek,celestecek,https://jobs.smartrecruiters.com/celestecek,https://api.smartrecruiters.com/v1/companies/celestecek/postings,6,vendor,
smartrecruiters,cencora,cencora,https://jobs.smartrecruiters.com/cencora,https://api.smartrecruiters.com/v1/companies/cencora/postings,4,vendor,
smartrecruiters,CerfranceBroceliande,CerfranceBroceliande,https://jobs.smartrecruiters.com/CerfranceBroceliande,https://api.smartrecruiters.com/v1/companies/CerfranceBroceliande/postings,28,vendor,
smartrecruiters,cern,cern,https://jobs.smartrecruiters.com/cern,https://api.smartrecruiters.com/v1/companies/cern/postings,65,vendor,
smartrecruiters,CFMontreal,CFMontreal,https://jobs.smartrecruiters.com/CFMontreal,https://api.smartrecruiters.com/v1/companies/CFMontreal/postings,8,vendor,
smartrecruiters,CGLRS1,CGLRS1,https://jobs.smartrecruiters.com/CGLRS1,https://api.smartrecruiters.com/v1/companies/CGLRS1/postings,81,vendor,
smartrecruiters,CharliesProduce1,CharliesProduce1,https://jobs.smartrecruiters.com/CharliesProduce1,https://api.smartrecruiters.com/v1/companies/CharliesProduce1/postings,69,vendor,
smartrecruiters,CHECK24,CHECK24,https://jobs.smartrecruiters.com/CHECK24,https://api.smartrecruiters.com/v1/companies/CHECK24/postings,231,vendor,
smartrecruiters,checkpointsoftwaretechnologies,checkpointsoftwaretechnologies,https://jobs.smartrecruiters.com/checkpointsoftwaretechnologies,https://api.smartrecruiters.com/v1/companies/checkpointsoftwaretechnologies/postings,2,vendor,
smartrecruiters,ChristianBrothersAutomotive,ChristianBrothersAutomotive,https://jobs.smartrecruiters.com/ChristianBrothersAutomotive,https://api.smartrecruiters.com/v1/companies/ChristianBrothersAutomotive/postings,524,vendor,
smartrecruiters,ChristsChurchOfTheValley,ChristsChurchOfTheValley,https://jobs.smartrecruiters.com/ChristsChurchOfTheValley,https://api.smartrecruiters.com/v1/companies/ChristsChurchOfTheValley/postings,34,vendor,
smartrecruiters,chubbfiresecurity,chubbfiresecurity,https://jobs.smartrecruiters.com/chubbfiresecurity,https://api.smartrecruiters.com/v1/companies/chubbfiresecurity/postings,58,vendor,
smartrecruiters,cielo2,cielo2,https://jobs.smartrecruiters.com/cielo2,https://api.smartrecruiters.com/v1/companies/cielo2/postings,59,vendor,
smartrecruiters,Cint,Cint,https://jobs.smartrecruiters.com/Cint,https://api.smartrecruiters.com/v1/companies/Cint/postings,29,vendor,
smartrecruiters,CITECH,CITECH,https://jobs.smartrecruiters.com/CITECH,https://api.smartrecruiters.com/v1/companies/CITECH/postings,55,vendor,
smartrecruiters,CityAndCountyOfSanFrancisco1,CityAndCountyOfSanFrancisco1,https://jobs.smartrecruiters.com/CityAndCountyOfSanFrancisco1,https://api.smartrecruiters.com/v1/companies/CityAndCountyOfSanFrancisco1/postings,157,vendor,
smartrecruiters,citycountyhealthcaregroupltd,citycountyhealthcaregroupltd,https://jobs.smartrecruiters.com/citycountyhealthcaregroupltd,https://api.smartrecruiters.com/v1/companies/citycountyhealthcaregroupltd/postings,1316,vendor,
smartrecruiters,CityFibre,CityFibre,https://jobs.smartrecruiters.com/CityFibre,https://api.smartrecruiters.com/v1/companies/CityFibre/postings,3,vendor,
smartrecruiters,CityOfNewYork,CityOfNewYork,https://jobs.smartrecruiters.com/CityOfNewYork,https://api.smartrecruiters.com/v1/companies/CityOfNewYork/postings,1874,vendor,
smartrecruiters,CityofPhiladelphia,CityofPhiladelphia,https://jobs.smartrecruiters.com/CityofPhiladelphia,https://api.smartrecruiters.com/v1/companies/CityofPhiladelphia/postings,64,vendor,
smartrecruiters,CliffordChance,CliffordChance,https://jobs.smartrecruiters.com/CliffordChance,https://api.smartrecruiters.com/v1/companies/CliffordChance/postings,157,vendor,
smartrecruiters,CliniqueSaint-Jean,CliniqueSaint-Jean,https://jobs.smartrecruiters.com/CliniqueSaint-Jean,https://api.smartrecruiters.com/v1/companies/CliniqueSaint-Jean/postings,43,vendor,
smartrecruiters,clipboardhealth,clipboardhealth,https://jobs.smartrecruiters.com/clipboardhealth,https://api.smartrecruiters.com/v1/companies/clipboardhealth/postings,1,vendor,
smartrecruiters,coface,coface,https://jobs.smartrecruiters.com/coface,https://api.smartrecruiters.com/v1/companies/coface/postings,202,vendor,
smartrecruiters,collabz,collabz,https://jobs.smartrecruiters.com/collabz,https://api.smartrecruiters.com/v1/companies/collabz/postings,1,vendor,
smartrecruiters,colliers,colliers,https://jobs.smartrecruiters.com/colliers,https://api.smartrecruiters.com/v1/companies/colliers/postings,103,vendor,
smartrecruiters,Colliers1,Colliers1,https://jobs.smartrecruiters.com/Colliers1,https://api.smartrecruiters.com/v1/companies/Colliers1/postings,108,vendor,
smartrecruiters,ColliersInternationalEMEA,ColliersInternationalEMEA,https://jobs.smartrecruiters.com/ColliersInternationalEMEA,https://api.smartrecruiters.com/v1/companies/ColliersInternationalEMEA/postings,108,vendor,
smartrecruiters,ConseilScolaireFrancophoneDeLaColombie-Britannique,ConseilScolaireFrancophoneDeLaColombie-Britannique,https://jobs.smartrecruiters.com/ConseilScolaireFrancophoneDeLaColombie-Britannique,https://api.smartrecruiters.com/v1/companies/ConseilScolaireFrancophoneDeLaColombie-Britannique/postings,68,vendor,
smartrecruiters,ConstanceHospitalityManagement,ConstanceHospitalityManagement,https://jobs.smartrecruiters.com/ConstanceHospitalityManagement,https://api.smartrecruiters.com/v1/companies/ConstanceHospitalityManagement/postings,59,vendor,
smartrecruiters,continental,continental,https://jobs.smartrecruiters.com/continental,https://api.smartrecruiters.com/v1/companies/continental/postings,915,vendor,
smartrecruiters,ContinentalGroupSectorContiTech,ContinentalGroupSectorContiTech,https://jobs.smartrecruiters.com/ContinentalGroupSectorContiTech,https://api.smartrecruiters.com/v1/companies/ContinentalGroupSectorContiTech/postings,403,vendor,
smartrecruiters,ConvergintFederalSolutions,ConvergintFederalSolutions,https://jobs.smartrecruiters.com/ConvergintFederalSolutions,https://api.smartrecruiters.com/v1/companies/ConvergintFederalSolutions/postings,3,vendor,
smartrecruiters,CooksPestControlInc1,CooksPestControlInc1,https://jobs.smartrecruiters.com/CooksPestControlInc1,https://api.smartrecruiters.com/v1/companies/CooksPestControlInc1/postings,66,vendor,
smartrecruiters,cooperautogroup,cooperautogroup,https://jobs.smartrecruiters.com/cooperautogroup,https://api.smartrecruiters.com/v1/companies/cooperautogroup/postings,52,vendor,
smartrecruiters,corizona,corizona,https://jobs.smartrecruiters.com/corizona,https://api.smartrecruiters.com/v1/companies/corizona/postings,2,vendor,
smartrecruiters,Courir,Courir,https://jobs.smartrecruiters.com/Courir,https://api.smartrecruiters.com/v1/companies/Courir/postings,394,vendor,
smartrecruiters,cova1,cova1,https://jobs.smartrecruiters.com/cova1,https://api.smartrecruiters.com/v1/companies/cova1/postings,3,vendor,
smartrecruiters,Covista,Covista,https://jobs.smartrecruiters.com/Covista,https://api.smartrecruiters.com/v1/companies/Covista/postings,372,vendor,
smartrecruiters,crealogix,crealogix,https://jobs.smartrecruiters.com/crealogix,https://api.smartrecruiters.com/v1/companies/crealogix/postings,3,vendor,
smartrecruiters,Cricut,Cricut,https://jobs.smartrecruiters.com/Cricut,https://api.smartrecruiters.com/v1/companies/Cricut/postings,53,vendor,
smartrecruiters,CrownInnovationsInc,CrownInnovationsInc,https://jobs.smartrecruiters.com/CrownInnovationsInc,https://api.smartrecruiters.com/v1/companies/CrownInnovationsInc/postings,32,vendor,
smartrecruiters,CulinaGroup1,CulinaGroup1,https://jobs.smartrecruiters.com/CulinaGroup1,https://api.smartrecruiters.com/v1/companies/CulinaGroup1/postings,260,vendor,
smartrecruiters,cumberlandfarms,cumberlandfarms,https://jobs.smartrecruiters.com/cumberlandfarms,https://api.smartrecruiters.com/v1/companies/cumberlandfarms/postings,23,vendor,
smartrecruiters,CyberVadis,CyberVadis,https://jobs.smartrecruiters.com/CyberVadis,https://api.smartrecruiters.com/v1/companies/CyberVadis/postings,9,vendor,
smartrecruiters,dailymotion,dailymotion,https://jobs.smartrecruiters.com/dailymotion,https://api.smartrecruiters.com/v1/companies/dailymotion/postings,14,vendor,
smartrecruiters,darbasllc,darbasllc,https://jobs.smartrecruiters.com/darbasllc,https://api.smartrecruiters.com/v1/companies/darbasllc/postings,4,vendor,
smartrecruiters,dataintellect,dataintellect,https://jobs.smartrecruiters.com/dataintellect,https://api.smartrecruiters.com/v1/companies/dataintellect/postings,31,vendor,
smartrecruiters,DavidSuzukiFoundation,DavidSuzukiFoundation,https://jobs.smartrecruiters.com/DavidSuzukiFoundation,https://api.smartrecruiters.com/v1/companies/DavidSuzukiFoundation/postings,2,vendor,
smartrecruiters,dcigroup,dcigroup,https://jobs.smartrecruiters.com/dcigroup,https://api.smartrecruiters.com/v1/companies/dcigroup/postings,7,vendor,
smartrecruiters,DeAngeloContractingServices,DeAngeloContractingServices,https://jobs.smartrecruiters.com/DeAngeloContractingServices,https://api.smartrecruiters.com/v1/companies/DeAngeloContractingServices/postings,295,vendor,
smartrecruiters,DeepBlueCompany,DeepBlueCompany,https://jobs.smartrecruiters.com/DeepBlueCompany,https://api.smartrecruiters.com/v1/companies/DeepBlueCompany/postings,21,vendor,
smartrecruiters,DEINDENTALEDG,DEINDENTALEDG,https://jobs.smartrecruiters.com/DEINDENTALEDG,https://api.smartrecruiters.com/v1/companies/DEINDENTALEDG/postings,68,vendor,
smartrecruiters,DeliveryHero,DeliveryHero,https://jobs.smartrecruiters.com/DeliveryHero,https://api.smartrecruiters.com/v1/companies/DeliveryHero/postings,1004,vendor,
smartrecruiters,Deloitte6,Deloitte6,https://jobs.smartrecruiters.com/Deloitte6,https://api.smartrecruiters.com/v1/companies/Deloitte6/postings,282,vendor,
smartrecruiters,DeloitteAT,DeloitteAT,https://jobs.smartrecruiters.com/DeloitteAT,https://api.smartrecruiters.com/v1/companies/DeloitteAT/postings,109,vendor,
smartrecruiters,DeloitteNordic,DeloitteNordic,https://jobs.smartrecruiters.com/DeloitteNordic,https://api.smartrecruiters.com/v1/companies/DeloitteNordic/postings,94,vendor,
smartrecruiters,DeloitteNZ,DeloitteNZ,https://jobs.smartrecruiters.com/DeloitteNZ,https://api.smartrecruiters.com/v1/companies/DeloitteNZ/postings,100,vendor,
smartrecruiters,DeltaElectronics,DeltaElectronics,https://jobs.smartrecruiters.com/DeltaElectronics,https://api.smartrecruiters.com/v1/companies/DeltaElectronics/postings,53,vendor,
smartrecruiters,DENSOINTERNATIONALEUROPE,DENSOINTERNATIONALEUROPE,https://jobs.smartrecruiters.com/DENSOINTERNATIONALEUROPE,https://api.smartrecruiters.com/v1/companies/DENSOINTERNATIONALEUROPE/postings,18,vendor,
smartrecruiters,DENTEGO,DENTEGO,https://jobs.smartrecruiters.com/DENTEGO,https://api.smartrecruiters.com/v1/companies/DENTEGO/postings,420,vendor,
smartrecruiters,DeutschePruefserviceGmbH,DeutschePruefserviceGmbH,https://jobs.smartrecruiters.com/DeutschePruefserviceGmbH,https://api.smartrecruiters.com/v1/companies/DeutschePruefserviceGmbH/postings,62,vendor,
smartrecruiters,DeutscheTelekomITSolutionsSlovakia,DeutscheTelekomITSolutionsSlovakia,https://jobs.smartrecruiters.com/DeutscheTelekomITSolutionsSlovakia,https://api.smartrecruiters.com/v1/companies/DeutscheTelekomITSolutionsSlovakia/postings,116,vendor,
smartrecruiters,Devoteam,Devoteam,https://jobs.smartrecruiters.com/Devoteam,https://api.smartrecruiters.com/v1/companies/Devoteam/postings,1013,vendor,
smartrecruiters,dominos,dominos,https://jobs.smartrecruiters.com/dominos,https://api.smartrecruiters.com/v1/companies/dominos/postings,24573,vendor,
smartrecruiters,DONTNOD,DONTNOD,https://jobs.smartrecruiters.com/DONTNOD,https://api.smartrecruiters.com/v1/companies/DONTNOD/postings,3,vendor,
smartrecruiters,DreamjobsES,DreamjobsES,https://jobs.smartrecruiters.com/DreamjobsES,https://api.smartrecruiters.com/v1/companies/DreamjobsES/postings,1,vendor,
smartrecruiters,DreesSommerSE,DreesSommerSE,https://jobs.smartrecruiters.com/DreesSommerSE,https://api.smartrecruiters.com/v1/companies/DreesSommerSE/postings,1512,vendor,
smartrecruiters,DrReddysLaboratoriesLimited,DrReddysLaboratoriesLimited,https://jobs.smartrecruiters.com/DrReddysLaboratoriesLimited,https://api.smartrecruiters.com/v1/companies/DrReddysLaboratoriesLimited/postings,117,vendor,
smartrecruiters,Dungarvin,Dungarvin,https://jobs.smartrecruiters.com/Dungarvin,https://api.smartrecruiters.com/v1/companies/Dungarvin/postings,284,vendor,
smartrecruiters,EACH1,EACH1,https://jobs.smartrecruiters.com/EACH1,https://api.smartrecruiters.com/v1/companies/EACH1/postings,28,vendor,
smartrecruiters,EatNGoLimited,EatNGoLimited,https://jobs.smartrecruiters.com/EatNGoLimited,https://api.smartrecruiters.com/v1/companies/EatNGoLimited/postings,8,vendor,
smartrecruiters,ecovadis,ecovadis,https://jobs.smartrecruiters.com/ecovadis,https://api.smartrecruiters.com/v1/companies/ecovadis/postings,38,vendor,
smartrecruiters,EDF-UK,EDF-UK,https://jobs.smartrecruiters.com/EDF-UK,https://api.smartrecruiters.com/v1/companies/EDF-UK/postings,34,vendor,
smartrecruiters,EducantaAB,EducantaAB,https://jobs.smartrecruiters.com/EducantaAB,https://api.smartrecruiters.com/v1/companies/EducantaAB/postings,2,vendor,
smartrecruiters,EducationDevelopmentCenter,EducationDevelopmentCenter,https://jobs.smartrecruiters.com/EducationDevelopmentCenter,https://api.smartrecruiters.com/v1/companies/EducationDevelopmentCenter/postings,2,vendor,
smartrecruiters,EgisGroup,EgisGroup,https://jobs.smartrecruiters.com/EgisGroup,https://api.smartrecruiters.com/v1/companies/EgisGroup/postings,1796,vendor,
smartrecruiters,EmbassySporthandelGmbH,EmbassySporthandelGmbH,https://jobs.smartrecruiters.com/EmbassySporthandelGmbH,https://api.smartrecruiters.com/v1/companies/EmbassySporthandelGmbH/postings,6,vendor,
smartrecruiters,EMCOCorporation,EMCOCorporation,https://jobs.smartrecruiters.com/EMCOCorporation,https://api.smartrecruiters.com/v1/companies/EMCOCorporation/postings,298,vendor,
smartrecruiters,Endava,Endava,https://jobs.smartrecruiters.com/Endava,https://api.smartrecruiters.com/v1/companies/Endava/postings,184,vendor,
smartrecruiters,Enero,Enero,https://jobs.smartrecruiters.com/Enero,https://api.smartrecruiters.com/v1/companies/Enero/postings,23,vendor,
smartrecruiters,enertrag,enertrag,https://jobs.smartrecruiters.com/enertrag,https://api.smartrecruiters.com/v1/companies/enertrag/postings,106,vendor,
smartrecruiters,Entain,Entain,https://jobs.smartrecruiters.com/Entain,https://api.smartrecruiters.com/v1/companies/Entain/postings,284,vendor,
smartrecruiters,Enthuse-Marketing,Enthuse-Marketing,https://jobs.smartrecruiters.com/Enthuse-Marketing,https://api.smartrecruiters.com/v1/companies/Enthuse-Marketing/postings,38,vendor,
smartrecruiters,EOCTEBP,EOCTEBP,https://jobs.smartrecruiters.com/EOCTEBP,https://api.smartrecruiters.com/v1/companies/EOCTEBP/postings,1243,vendor,
smartrecruiters,EOSFrance,EOSFrance,https://jobs.smartrecruiters.com/EOSFrance,https://api.smartrecruiters.com/v1/companies/EOSFrance/postings,14,vendor,
smartrecruiters,EpochGames,EpochGames,https://jobs.smartrecruiters.com/EpochGames,https://api.smartrecruiters.com/v1/companies/EpochGames/postings,8,vendor,
smartrecruiters,EPSA,EPSA,https://jobs.smartrecruiters.com/EPSA,https://api.smartrecruiters.com/v1/companies/EPSA/postings,104,vendor,
smartrecruiters,EPSOG,EPSOG,https://jobs.smartrecruiters.com/EPSOG,https://api.smartrecruiters.com/v1/companies/EPSOG/postings,38,vendor,
smartrecruiters,Equinox,Equinox,https://jobs.smartrecruiters.com/Equinox,https://api.smartrecruiters.com/v1/companies/Equinox/postings,718,vendor,
smartrecruiters,equus,equus,https://jobs.smartrecruiters.com/equus,https://api.smartrecruiters.com/v1/companies/equus/postings,194,vendor,
smartrecruiters,ergomed,ergomed,https://jobs.smartrecruiters.com/ergomed,https://api.smartrecruiters.com/v1/companies/ergomed/postings,111,vendor,
smartrecruiters,EtihadAirways5,EtihadAirways5,https://jobs.smartrecruiters.com/EtihadAirways5,https://api.smartrecruiters.com/v1/companies/EtihadAirways5/postings,97,vendor,
smartrecruiters,Eurofins,Eurofins,https://jobs.smartrecruiters.com/Eurofins,https://api.smartrecruiters.com/v1/companies/Eurofins/postings,2559,vendor,
smartrecruiters,EuropeanHomecareGmbH,EuropeanHomecareGmbH,https://jobs.smartrecruiters.com/EuropeanHomecareGmbH,https://api.smartrecruiters.com/v1/companies/EuropeanHomecareGmbH/postings,156,vendor,
smartrecruiters,EVERIENCE,EVERIENCE,https://jobs.smartrecruiters.com/EVERIENCE,https://api.smartrecruiters.com/v1/companies/EVERIENCE/postings,359,vendor,
smartrecruiters,eversana1,eversana1,https://jobs.smartrecruiters.com/eversana1,https://api.smartrecruiters.com/v1/companies/eversana1/postings,162,vendor,
smartrecruiters,Evolution,Evolution,https://jobs.smartrecruiters.com/Evolution,https://api.smartrecruiters.com/v1/companies/Evolution/postings,304,vendor,
smartrecruiters,expeditors,expeditors,https://jobs.smartrecruiters.com/expeditors,https://api.smartrecruiters.com/v1/companies/expeditors/postings,523,vendor,
smartrecruiters,experian,experian,https://jobs.smartrecruiters.com/experian,https://api.smartrecruiters.com/v1/companies/experian/postings,476,vendor,
smartrecruiters,FeedingSanDiego,FeedingSanDiego,https://jobs.smartrecruiters.com/FeedingSanDiego,https://api.smartrecruiters.com/v1/companies/FeedingSanDiego/postings,1,vendor,
smartrecruiters,FireHoseGames,FireHoseGames,https://jobs.smartrecruiters.com/FireHoseGames,https://api.smartrecruiters.com/v1/companies/FireHoseGames/postings,1,vendor,
smartrecruiters,FIREVAnDerRWTHAachen,FIREVAnDerRWTHAachen,https://jobs.smartrecruiters.com/FIREVAnDerRWTHAachen,https://api.smartrecruiters.com/v1/companies/FIREVAnDerRWTHAachen/postings,61,vendor,
smartrecruiters,Flink3,Flink3,https://jobs.smartrecruiters.com/Flink3,https://api.smartrecruiters.com/v1/companies/Flink3/postings,119,vendor,
smartrecruiters,FLINTCorp1,FLINTCorp1,https://jobs.smartrecruiters.com/FLINTCorp1,https://api.smartrecruiters.com/v1/companies/FLINTCorp1/postings,104,vendor,
smartrecruiters,Fluxo1,Fluxo1,https://jobs.smartrecruiters.com/Fluxo1,https://api.smartrecruiters.com/v1/companies/Fluxo1/postings,1,vendor,
smartrecruiters,Flywire1,Flywire1,https://jobs.smartrecruiters.com/Flywire1,https://api.smartrecruiters.com/v1/companies/Flywire1/postings,51,vendor,
smartrecruiters,FocusFinanceInternational,FocusFinanceInternational,https://jobs.smartrecruiters.com/FocusFinanceInternational,https://api.smartrecruiters.com/v1/companies/FocusFinanceInternational/postings,5,vendor,
smartrecruiters,FondationClairBois,FondationClairBois,https://jobs.smartrecruiters.com/FondationClairBois,https://api.smartrecruiters.com/v1/companies/FondationClairBois/postings,4,vendor,
smartrecruiters,FondationOfficielleDeLaJeunesse,FondationOfficielleDeLaJeunesse,https://jobs.smartrecruiters.com/FondationOfficielleDeLaJeunesse,https://api.smartrecruiters.com/v1/companies/FondationOfficielleDeLaJeunesse/postings,5,vendor,
smartrecruiters,FOODCONCEPTSPLC2,FOODCONCEPTSPLC2,https://jobs.smartrecruiters.com/FOODCONCEPTSPLC2,https://api.smartrecruiters.com/v1/companies/FOODCONCEPTSPLC2/postings,7,vendor,
smartrecruiters,FortuneBrands,FortuneBrands,https://jobs.smartrecruiters.com/FortuneBrands,https://api.smartrecruiters.com/v1/companies/FortuneBrands/postings,123,vendor,
smartrecruiters,FrasersGroup,FrasersGroup,https://jobs.smartrecruiters.com/FrasersGroup,https://api.smartrecruiters.com/v1/companies/FrasersGroup/postings,380,vendor,
smartrecruiters,freeport-mcmoran,freeport-mcmoran,https://jobs.smartrecruiters.com/freeport-mcmoran,https://api.smartrecruiters.com/v1/companies/freeport-mcmoran/postings,10,vendor,
smartrecruiters,Freshworks,Freshworks,https://jobs.smartrecruiters.com/Freshworks,https://api.smartrecruiters.com/v1/companies/Freshworks/postings,166,vendor,
smartrecruiters,FRPAdvisory,FRPAdvisory,https://jobs.smartrecruiters.com/FRPAdvisory,https://api.smartrecruiters.com/v1/companies/FRPAdvisory/postings,47,vendor,
smartrecruiters,FusionConsulting,FusionConsulting,https://jobs.smartrecruiters.com/FusionConsulting,https://api.smartrecruiters.com/v1/companies/FusionConsulting/postings,82,vendor,
smartrecruiters,fusionmedicalstaffing,fusionmedicalstaffing,https://jobs.smartrecruiters.com/fusionmedicalstaffing,https://api.smartrecruiters.com/v1/companies/fusionmedicalstaffing/postings,1,vendor,
smartrecruiters,GalileoLearning,GalileoLearning,https://jobs.smartrecruiters.com/GalileoLearning,https://api.smartrecruiters.com/v1/companies/GalileoLearning/postings,2,vendor,
smartrecruiters,Gameloft,Gameloft,https://jobs.smartrecruiters.com/Gameloft,https://api.smartrecruiters.com/v1/companies/Gameloft/postings,51,vendor,
smartrecruiters,GDMSI,GDMSI,https://jobs.smartrecruiters.com/GDMSI,https://api.smartrecruiters.com/v1/companies/GDMSI/postings,94,vendor,
smartrecruiters,GenomicsEngland,GenomicsEngland,https://jobs.smartrecruiters.com/GenomicsEngland,https://api.smartrecruiters.com/v1/companies/GenomicsEngland/postings,9,vendor,
smartrecruiters,GermanInternationalSchoolDubai,GermanInternationalSchoolDubai,https://jobs.smartrecruiters.com/GermanInternationalSchoolDubai,https://api.smartrecruiters.com/v1/companies/GermanInternationalSchoolDubai/postings,8,vendor,
smartrecruiters,Gerresheimer,Gerresheimer,https://jobs.smartrecruiters.com/Gerresheimer,https://api.smartrecruiters.com/v1/companies/Gerresheimer/postings,169,vendor,
smartrecruiters,GesellschaftFrGesundheitUndPdagogikMbH,GesellschaftFrGesundheitUndPdagogikMbH,https://jobs.smartrecruiters.com/GesellschaftFrGesundheitUndPdagogikMbH,https://api.smartrecruiters.com/v1/companies/GesellschaftFrGesundheitUndPdagogikMbH/postings,21,vendor,
smartrecruiters,GhobashGroup,GhobashGroup,https://jobs.smartrecruiters.com/GhobashGroup,https://api.smartrecruiters.com/v1/companies/GhobashGroup/postings,145,vendor,
smartrecruiters,GIANTSSoftwareGmbH,GIANTSSoftwareGmbH,https://jobs.smartrecruiters.com/GIANTSSoftwareGmbH,https://api.smartrecruiters.com/v1/companies/GIANTSSoftwareGmbH/postings,4,vendor,
smartrecruiters,gong,gong,https://jobs.smartrecruiters.com/gong,https://api.smartrecruiters.com/v1/companies/gong/postings,9,vendor,
smartrecruiters,GoodReturn,GoodReturn,https://jobs.smartrecruiters.com/GoodReturn,https://api.smartrecruiters.com/v1/companies/GoodReturn/postings,1,vendor,
smartrecruiters,grab,grab,https://jobs.smartrecruiters.com/grab,https://api.smartrecruiters.com/v1/companies/grab/postings,413,vendor,
smartrecruiters,GRAUGmbHCoKG,GRAUGmbHCoKG,https://jobs.smartrecruiters.com/GRAUGmbHCoKG,https://api.smartrecruiters.com/v1/companies/GRAUGmbHCoKG/postings,21,vendor,
smartrecruiters,GreencrossPetWellnessCompany,GreencrossPetWellnessCompany,https://jobs.smartrecruiters.com/GreencrossPetWellnessCompany,https://api.smartrecruiters.com/v1/companies/GreencrossPetWellnessCompany/postings,212,vendor,
smartrecruiters,greenthumbindustries,greenthumbindustries,https://jobs.smartrecruiters.com/greenthumbindustries,https://api.smartrecruiters.com/v1/companies/greenthumbindustries/postings,1,vendor,
smartrecruiters,greenwave,greenwave,https://jobs.smartrecruiters.com/greenwave,https://api.smartrecruiters.com/v1/companies/greenwave/postings,1,vendor,
smartrecruiters,GriffithUniversity,GriffithUniversity,https://jobs.smartrecruiters.com/GriffithUniversity,https://api.smartrecruiters.com/v1/companies/GriffithUniversity/postings,62,vendor,
smartrecruiters,Groupe-Gardinier,Groupe-Gardinier,https://jobs.smartrecruiters.com/Groupe-Gardinier,https://api.smartrecruiters.com/v1/companies/Groupe-Gardinier/postings,25,vendor,
smartrecruiters,GroupeHelios,GroupeHelios,https://jobs.smartrecruiters.com/GroupeHelios,https://api.smartrecruiters.com/v1/companies/GroupeHelios/postings,124,vendor,
smartrecruiters,GroupementMousquetaires,GroupementMousquetaires,https://jobs.smartrecruiters.com/GroupementMousquetaires,https://api.smartrecruiters.com/v1/companies/GroupementMousquetaires/postings,9814,vendor,
smartrecruiters,GroupementMousquetaires3,GroupementMousquetaires3,https://jobs.smartrecruiters.com/GroupementMousquetaires3,https://api.smartrecruiters.com/v1/companies/GroupementMousquetaires3/postings,403,vendor,
smartrecruiters,GroupeMontoni,GroupeMontoni,https://jobs.smartrecruiters.com/GroupeMontoni,https://api.smartrecruiters.com/v1/companies/GroupeMontoni/postings,12,vendor,
smartrecruiters,HaltonHealthcare1,HaltonHealthcare1,https://jobs.smartrecruiters.com/HaltonHealthcare1,https://api.smartrecruiters.com/v1/companies/HaltonHealthcare1/postings,39,vendor,
smartrecruiters,HanaGroup,HanaGroup,https://jobs.smartrecruiters.com/HanaGroup,https://api.smartrecruiters.com/v1/companies/HanaGroup/postings,522,vendor,
smartrecruiters,HarvardUniversity,HarvardUniversity,https://jobs.smartrecruiters.com/HarvardUniversity,https://api.smartrecruiters.com/v1/companies/HarvardUniversity/postings,274,vendor,
smartrecruiters,HatoHoneStJohn,HatoHoneStJohn,https://jobs.smartrecruiters.com/HatoHoneStJohn,https://api.smartrecruiters.com/v1/companies/HatoHoneStJohn/postings,87,vendor,
smartrecruiters,healthcare,healthcare,https://jobs.smartrecruiters.com/healthcare,https://api.smartrecruiters.com/v1/companies/healthcare/postings,1,vendor,
smartrecruiters,HealthcareAustralia1,HealthcareAustralia1,https://jobs.smartrecruiters.com/HealthcareAustralia1,https://api.smartrecruiters.com/v1/companies/HealthcareAustralia1/postings,41,vendor,
smartrecruiters,Heimstaden,Heimstaden,https://jobs.smartrecruiters.com/Heimstaden,https://api.smartrecruiters.com/v1/companies/Heimstaden/postings,33,vendor,
smartrecruiters,henryschein,henryschein,https://jobs.smartrecruiters.com/henryschein,https://api.smartrecruiters.com/v1/companies/henryschein/postings,3,vendor,
smartrecruiters,Hiflylabs,Hiflylabs,https://jobs.smartrecruiters.com/Hiflylabs,https://api.smartrecruiters.com/v1/companies/Hiflylabs/postings,26,vendor,
smartrecruiters,HighDistinctionLogisticsLLC,HighDistinctionLogisticsLLC,https://jobs.smartrecruiters.com/HighDistinctionLogisticsLLC,https://api.smartrecruiters.com/v1/companies/HighDistinctionLogisticsLLC/postings,2,vendor,
smartrecruiters,HitachiSolutions,HitachiSolutions,https://jobs.smartrecruiters.com/HitachiSolutions,https://api.smartrecruiters.com/v1/companies/HitachiSolutions/postings,59,vendor,
smartrecruiters,hni,hni,https://jobs.smartrecruiters.com/hni,https://api.smartrecruiters.com/v1/companies/hni/postings,1,vendor,
smartrecruiters,HomeInsteadCare,HomeInsteadCare,https://jobs.smartrecruiters.com/HomeInsteadCare,https://api.smartrecruiters.com/v1/companies/HomeInsteadCare/postings,2877,vendor,
smartrecruiters,HotelSailer,HotelSailer,https://jobs.smartrecruiters.com/HotelSailer,https://api.smartrecruiters.com/v1/companies/HotelSailer/postings,4,vendor,
smartrecruiters,HRConnectLimited,HRConnectLimited,https://jobs.smartrecruiters.com/HRConnectLimited,https://api.smartrecruiters.com/v1/companies/HRConnectLimited/postings,26,vendor,
smartrecruiters,HSMC1,HSMC1,https://jobs.smartrecruiters.com/HSMC1,https://api.smartrecruiters.com/v1/companies/HSMC1/postings,78,vendor,
smartrecruiters,HUG,HUG,https://jobs.smartrecruiters.com/HUG,https://api.smartrecruiters.com/v1/companies/HUG/postings,68,vendor,
smartrecruiters,HuskPowerSystems,HuskPowerSystems,https://jobs.smartrecruiters.com/HuskPowerSystems,https://api.smartrecruiters.com/v1/companies/HuskPowerSystems/postings,8,vendor,
smartrecruiters,HVAF,HVAF,https://jobs.smartrecruiters.com/HVAF,https://api.smartrecruiters.com/v1/companies/HVAF/postings,3,vendor,
smartrecruiters,hyatthotels,hyatthotels,https://jobs.smartrecruiters.com/hyatthotels,https://api.smartrecruiters.com/v1/companies/hyatthotels/postings,1,vendor,
smartrecruiters,iad,iad,https://jobs.smartrecruiters.com/iad,https://api.smartrecruiters.com/v1/companies/iad/postings,12,vendor,
smartrecruiters,ifs1,ifs1,https://jobs.smartrecruiters.com/ifs1,https://api.smartrecruiters.com/v1/companies/ifs1/postings,269,vendor,
smartrecruiters,Ignitisgroup,Ignitisgroup,https://jobs.smartrecruiters.com/Ignitisgroup,https://api.smartrecruiters.com/v1/companies/Ignitisgroup/postings,125,vendor,
smartrecruiters,IkanoRetail,IkanoRetail,https://jobs.smartrecruiters.com/IkanoRetail,https://api.smartrecruiters.com/v1/companies/IkanoRetail/postings,127,vendor,
smartrecruiters,IKEABulgaria,IKEABulgaria,https://jobs.smartrecruiters.com/IKEABulgaria,https://api.smartrecruiters.com/v1/companies/IKEABulgaria/postings,44,vendor,
smartrecruiters,IKM,IKM,https://jobs.smartrecruiters.com/IKM,https://api.smartrecruiters.com/v1/companies/IKM/postings,1,vendor,
smartrecruiters,IMSNanofabricationGmbH,IMSNanofabricationGmbH,https://jobs.smartrecruiters.com/IMSNanofabricationGmbH,https://api.smartrecruiters.com/v1/companies/IMSNanofabricationGmbH/postings,13,vendor,
smartrecruiters,indonesia,indonesia,https://jobs.smartrecruiters.com/indonesia,https://api.smartrecruiters.com/v1/companies/indonesia/postings,9,vendor,
smartrecruiters,inetum2,inetum2,https://jobs.smartrecruiters.com/inetum2,https://api.smartrecruiters.com/v1/companies/inetum2/postings,1532,vendor,
smartrecruiters,InfaktSpZOo,InfaktSpZOo,https://jobs.smartrecruiters.com/InfaktSpZOo,https://api.smartrecruiters.com/v1/companies/InfaktSpZOo/postings,11,vendor,
smartrecruiters,InformaGroupPlc,InformaGroupPlc,https://jobs.smartrecruiters.com/InformaGroupPlc,https://api.smartrecruiters.com/v1/companies/InformaGroupPlc/postings,138,vendor,
smartrecruiters,IngramContentGroup1,IngramContentGroup1,https://jobs.smartrecruiters.com/IngramContentGroup1,https://api.smartrecruiters.com/v1/companies/IngramContentGroup1/postings,43,vendor,
smartrecruiters,Ingrop,Ingrop,https://jobs.smartrecruiters.com/Ingrop,https://api.smartrecruiters.com/v1/companies/Ingrop/postings,248,vendor,
smartrecruiters,INNERGY1,INNERGY1,https://jobs.smartrecruiters.com/INNERGY1,https://api.smartrecruiters.com/v1/companies/INNERGY1/postings,12,vendor,
smartrecruiters,InPost,InPost,https://jobs.smartrecruiters.com/InPost,https://api.smartrecruiters.com/v1/companies/InPost/postings,113,vendor,
smartrecruiters,Insidea1,Insidea1,https://jobs.smartrecruiters.com/Insidea1,https://api.smartrecruiters.com/v1/companies/Insidea1/postings,9,vendor,
smartrecruiters,insightsoftware,insightsoftware,https://jobs.smartrecruiters.com/insightsoftware,https://api.smartrecruiters.com/v1/companies/insightsoftware/postings,7,vendor,
smartrecruiters,IntegriChain1,IntegriChain1,https://jobs.smartrecruiters.com/IntegriChain1,https://api.smartrecruiters.com/v1/companies/IntegriChain1/postings,35,vendor,
smartrecruiters,InterIKEAGroup,InterIKEAGroup,https://jobs.smartrecruiters.com/InterIKEAGroup,https://api.smartrecruiters.com/v1/companies/InterIKEAGroup/postings,81,vendor,
smartrecruiters,InternationalDairyQueen,InternationalDairyQueen,https://jobs.smartrecruiters.com/InternationalDairyQueen,https://api.smartrecruiters.com/v1/companies/InternationalDairyQueen/postings,14,vendor,
smartrecruiters,intuitive,intuitive,https://jobs.smartrecruiters.com/intuitive,https://api.smartrecruiters.com/v1/companies/intuitive/postings,677,vendor,
smartrecruiters,INXInternationalInkCo,INXInternationalInkCo,https://jobs.smartrecruiters.com/INXInternationalInkCo,https://api.smartrecruiters.com/v1/companies/INXInternationalInkCo/postings,74,vendor,
smartrecruiters,IQEQ,IQEQ,https://jobs.smartrecruiters.com/IQEQ,https://api.smartrecruiters.com/v1/companies/IQEQ/postings,169,vendor,
smartrecruiters,ironmountain,ironmountain,https://jobs.smartrecruiters.com/ironmountain,https://api.smartrecruiters.com/v1/companies/ironmountain/postings,1,vendor,
smartrecruiters,IUNGOSpA,IUNGOSpA,https://jobs.smartrecruiters.com/IUNGOSpA,https://api.smartrecruiters.com/v1/companies/IUNGOSpA/postings,1,vendor,
smartrecruiters,JackLinksProteinSnacks,JackLinksProteinSnacks,https://jobs.smartrecruiters.com/JackLinksProteinSnacks,https://api.smartrecruiters.com/v1/companies/JackLinksProteinSnacks/postings,98,vendor,
smartrecruiters,JACOBSDOUWEEGBERTS,JACOBSDOUWEEGBERTS,https://jobs.smartrecruiters.com/JACOBSDOUWEEGBERTS,https://api.smartrecruiters.com/v1/companies/JACOBSDOUWEEGBERTS/postings,137,vendor,
smartrecruiters,JLIConsulting,JLIConsulting,https://jobs.smartrecruiters.com/JLIConsulting,https://api.smartrecruiters.com/v1/companies/JLIConsulting/postings,8,vendor,
smartrecruiters,jobmobz1,jobmobz1,https://jobs.smartrecruiters.com/jobmobz1,https://api.smartrecruiters.com/v1/companies/jobmobz1/postings,51,vendor,
smartrecruiters,juicebox,juicebox,https://jobs.smartrecruiters.com/juicebox,https://api.smartrecruiters.com/v1/companies/juicebox/postings,2,vendor,
smartrecruiters,JulhietSterwen,JulhietSterwen,https://jobs.smartrecruiters.com/JulhietSterwen,https://api.smartrecruiters.com/v1/companies/JulhietSterwen/postings,21,vendor,
smartrecruiters,JuniorAdventuresGroup,JuniorAdventuresGroup,https://jobs.smartrecruiters.com/JuniorAdventuresGroup,https://api.smartrecruiters.com/v1/companies/JuniorAdventuresGroup/postings,327,vendor,
smartrecruiters,justworks,justworks,https://jobs.smartrecruiters.com/justworks,https://api.smartrecruiters.com/v1/companies/justworks/postings,7,vendor,
smartrecruiters,JYSK,JYSK,https://jobs.smartrecruiters.com/JYSK,https://api.smartrecruiters.com/v1/companies/JYSK/postings,2757,vendor,
smartrecruiters,JYSKCanada,JYSKCanada,https://jobs.smartrecruiters.com/JYSKCanada,https://api.smartrecruiters.com/v1/companies/JYSKCanada/postings,42,vendor,
smartrecruiters,KanadeviaInova,KanadeviaInova,https://jobs.smartrecruiters.com/KanadeviaInova,https://api.smartrecruiters.com/v1/companies/KanadeviaInova/postings,216,vendor,
smartrecruiters,Kataai,Kataai,https://jobs.smartrecruiters.com/Kataai,https://api.smartrecruiters.com/v1/companies/Kataai/postings,6,vendor,
smartrecruiters,KennBorekAir,KennBorekAir,https://jobs.smartrecruiters.com/KennBorekAir,https://api.smartrecruiters.com/v1/companies/KennBorekAir/postings,10,vendor,
smartrecruiters,kenvue,kenvue,https://jobs.smartrecruiters.com/kenvue,https://api.smartrecruiters.com/v1/companies/kenvue/postings,7,vendor,
smartrecruiters,KEYENCEFRANCE,KEYENCEFRANCE,https://jobs.smartrecruiters.com/KEYENCEFRANCE,https://api.smartrecruiters.com/v1/companies/KEYENCEFRANCE/postings,11,vendor,
smartrecruiters,KeypathEducation,KeypathEducation,https://jobs.smartrecruiters.com/KeypathEducation,https://api.smartrecruiters.com/v1/companies/KeypathEducation/postings,3,vendor,
smartrecruiters,KeywordsStudios,KeywordsStudios,https://jobs.smartrecruiters.com/KeywordsStudios,https://api.smartrecruiters.com/v1/companies/KeywordsStudios/postings,51,vendor,
smartrecruiters,KIABI,KIABI,https://jobs.smartrecruiters.com/KIABI,https://api.smartrecruiters.com/v1/companies/KIABI/postings,301,vendor,
smartrecruiters,kimberlyclark,kimberlyclark,https://jobs.smartrecruiters.com/kimberlyclark,https://api.smartrecruiters.com/v1/companies/kimberlyclark/postings,1,vendor,
smartrecruiters,kioxia,kioxia,https://jobs.smartrecruiters.com/kioxia,https://api.smartrecruiters.com/v1/companies/kioxia/postings,11,vendor,
smartrecruiters,KIPP,KIPP,https://jobs.smartrecruiters.com/KIPP,https://api.smartrecruiters.com/v1/companies/KIPP/postings,522,vendor,
smartrecruiters,Klugo,Klugo,https://jobs.smartrecruiters.com/Klugo,https://api.smartrecruiters.com/v1/companies/Klugo/postings,2,vendor,
smartrecruiters,KMSTechnology1,KMSTechnology1,https://jobs.smartrecruiters.com/KMSTechnology1,https://api.smartrecruiters.com/v1/companies/KMSTechnology1/postings,21,vendor,
smartrecruiters,knight,knight,https://jobs.smartrecruiters.com/knight,https://api.smartrecruiters.com/v1/companies/knight/postings,1,vendor,
smartrecruiters,KPFFConsultingEngineers,KPFFConsultingEngineers,https://jobs.smartrecruiters.com/KPFFConsultingEngineers,https://api.smartrecruiters.com/v1/companies/KPFFConsultingEngineers/postings,157,vendor,
smartrecruiters,KPMGAustralia1,KPMGAustralia1,https://jobs.smartrecruiters.com/KPMGAustralia1,https://api.smartrecruiters.com/v1/companies/KPMGAustralia1/postings,88,vendor,
smartrecruiters,Krombacher,Krombacher,https://jobs.smartrecruiters.com/Krombacher,https://api.smartrecruiters.com/v1/companies/Krombacher/postings,68,vendor,
smartrecruiters,Kronospan,Kronospan,https://jobs.smartrecruiters.com/Kronospan,https://api.smartrecruiters.com/v1/companies/Kronospan/postings,330,vendor,
smartrecruiters,LaborMobilityPartnerships,LaborMobilityPartnerships,https://jobs.smartrecruiters.com/LaborMobilityPartnerships,https://api.smartrecruiters.com/v1/companies/LaborMobilityPartnerships/postings,1,vendor,
smartrecruiters,lambweston,lambweston,https://jobs.smartrecruiters.com/lambweston,https://api.smartrecruiters.com/v1/companies/lambweston/postings,1,vendor,
smartrecruiters,LAPEYRE,LAPEYRE,https://jobs.smartrecruiters.com/LAPEYRE,https://api.smartrecruiters.com/v1/companies/LAPEYRE/postings,125,vendor,
smartrecruiters,lastminutecom,lastminutecom,https://jobs.smartrecruiters.com/lastminutecom,https://api.smartrecruiters.com/v1/companies/lastminutecom/postings,6,vendor,
smartrecruiters,LAV-LEGAANTIVIVISEZIONE,LAV-LEGAANTIVIVISEZIONE,https://jobs.smartrecruiters.com/LAV-LEGAANTIVIVISEZIONE,https://api.smartrecruiters.com/v1/companies/LAV-LEGAANTIVIVISEZIONE/postings,9,vendor,
smartrecruiters,LegalAndGeneral,LegalAndGeneral,https://jobs.smartrecruiters.com/LegalAndGeneral,https://api.smartrecruiters.com/v1/companies/LegalAndGeneral/postings,122,vendor,
smartrecruiters,legendbiotech,legendbiotech,https://jobs.smartrecruiters.com/legendbiotech,https://api.smartrecruiters.com/v1/companies/legendbiotech/postings,5,vendor,
smartrecruiters,Lely1,Lely1,https://jobs.smartrecruiters.com/Lely1,https://api.smartrecruiters.com/v1/companies/Lely1/postings,110,vendor,
smartrecruiters,LendiGroup1,LendiGroup1,https://jobs.smartrecruiters.com/LendiGroup1,https://api.smartrecruiters.com/v1/companies/LendiGroup1/postings,122,vendor,
smartrecruiters,leonardodrs,leonardodrs,https://jobs.smartrecruiters.com/leonardodrs,https://api.smartrecruiters.com/v1/companies/leonardodrs/postings,5,vendor,
smartrecruiters,LEONI1,LEONI1,https://jobs.smartrecruiters.com/LEONI1,https://api.smartrecruiters.com/v1/companies/LEONI1/postings,320,vendor,
smartrecruiters,Lesaffre,Lesaffre,https://jobs.smartrecruiters.com/Lesaffre,https://api.smartrecruiters.com/v1/companies/Lesaffre/postings,176,vendor,
smartrecruiters,LevelAll,LevelAll,https://jobs.smartrecruiters.com/LevelAll,https://api.smartrecruiters.com/v1/companies/LevelAll/postings,3,vendor,
smartrecruiters,LGCGroup,LGCGroup,https://jobs.smartrecruiters.com/LGCGroup,https://api.smartrecruiters.com/v1/companies/LGCGroup/postings,112,vendor,
smartrecruiters,LinkedIn3,LinkedIn3,https://jobs.smartrecruiters.com/LinkedIn3,https://api.smartrecruiters.com/v1/companies/LinkedIn3/postings,312,vendor,
smartrecruiters,liquidity,liquidity,https://jobs.smartrecruiters.com/liquidity,https://api.smartrecruiters.com/v1/companies/liquidity/postings,2,vendor,
smartrecruiters,LivCorLLC1,LivCorLLC1,https://jobs.smartrecruiters.com/LivCorLLC1,https://api.smartrecruiters.com/v1/companies/LivCorLLC1/postings,39,vendor,
smartrecruiters,livenationentertainment,livenationentertainment,https://jobs.smartrecruiters.com/livenationentertainment,https://api.smartrecruiters.com/v1/companies/livenationentertainment/postings,6,vendor,
smartrecruiters,LLNL,LLNL,https://jobs.smartrecruiters.com/LLNL,https://api.smartrecruiters.com/v1/companies/LLNL/postings,157,vendor,
smartrecruiters,Locinox,Locinox,https://jobs.smartrecruiters.com/Locinox,https://api.smartrecruiters.com/v1/companies/Locinox/postings,9,vendor,
smartrecruiters,Logic2020Inc,Logic2020Inc,https://jobs.smartrecruiters.com/Logic2020Inc,https://api.smartrecruiters.com/v1/companies/Logic2020Inc/postings,6,vendor,
smartrecruiters,Lostar,Lostar,https://jobs.smartrecruiters.com/Lostar,https://api.smartrecruiters.com/v1/companies/Lostar/postings,3,vendor,
smartrecruiters,Loxam,Loxam,https://jobs.smartrecruiters.com/Loxam,https://api.smartrecruiters.com/v1/companies/Loxam/postings,338,vendor,
smartrecruiters,Luceats,Luceats,https://jobs.smartrecruiters.com/Luceats,https://api.smartrecruiters.com/v1/companies/Luceats/postings,4,vendor,
smartrecruiters,lucidchart,lucidchart,https://jobs.smartrecruiters.com/lucidchart,https://api.smartrecruiters.com/v1/companies/lucidchart/postings,3,vendor,
smartrecruiters,ludwig,ludwig,https://jobs.smartrecruiters.com/ludwig,https://api.smartrecruiters.com/v1/companies/ludwig/postings,1,vendor,
smartrecruiters,LVMH2,LVMH2,https://jobs.smartrecruiters.com/LVMH2,https://api.smartrecruiters.com/v1/companies/LVMH2/postings,20,vendor,
smartrecruiters,lvmhperfumescosmetics,lvmhperfumescosmetics,https://jobs.smartrecruiters.com/lvmhperfumescosmetics,https://api.smartrecruiters.com/v1/companies/lvmhperfumescosmetics/postings,79,vendor,
smartrecruiters,M1Finance,M1Finance,https://jobs.smartrecruiters.com/M1Finance,https://api.smartrecruiters.com/v1/companies/M1Finance/postings,2,vendor,
smartrecruiters,M3USA,M3USA,https://jobs.smartrecruiters.com/M3USA,https://api.smartrecruiters.com/v1/companies/M3USA/postings,73,vendor,
smartrecruiters,magellan,magellan,https://jobs.smartrecruiters.com/magellan,https://api.smartrecruiters.com/v1/companies/magellan/postings,408,vendor,
smartrecruiters,ManitoulinGroupOfCompanies,ManitoulinGroupOfCompanies,https://jobs.smartrecruiters.com/ManitoulinGroupOfCompanies,https://api.smartrecruiters.com/v1/companies/ManitoulinGroupOfCompanies/postings,109,vendor,
smartrecruiters,MarieCurie1,MarieCurie1,https://jobs.smartrecruiters.com/MarieCurie1,https://api.smartrecruiters.com/v1/companies/MarieCurie1/postings,38,vendor,
smartrecruiters,markel,markel,https://jobs.smartrecruiters.com/markel,https://api.smartrecruiters.com/v1/companies/markel/postings,1,vendor,
smartrecruiters,masdar,masdar,https://jobs.smartrecruiters.com/masdar,https://api.smartrecruiters.com/v1/companies/masdar/postings,27,vendor,
smartrecruiters,MaxMaraFashionGroup,MaxMaraFashionGroup,https://jobs.smartrecruiters.com/MaxMaraFashionGroup,https://api.smartrecruiters.com/v1/companies/MaxMaraFashionGroup/postings,183,vendor,
smartrecruiters,MAZARS,MAZARS,https://jobs.smartrecruiters.com/MAZARS,https://api.smartrecruiters.com/v1/companies/MAZARS/postings,188,vendor,
smartrecruiters,McDonaldsCorporation,McDonaldsCorporation,https://jobs.smartrecruiters.com/McDonaldsCorporation,https://api.smartrecruiters.com/v1/companies/McDonaldsCorporation/postings,4,vendor,
smartrecruiters,McWaneInc,McWaneInc,https://jobs.smartrecruiters.com/McWaneInc,https://api.smartrecruiters.com/v1/companies/McWaneInc/postings,124,vendor,
smartrecruiters,METROMAKRO,METROMAKRO,https://jobs.smartrecruiters.com/METROMAKRO,https://api.smartrecruiters.com/v1/companies/METROMAKRO/postings,1625,vendor,
smartrecruiters,mgmresortsinternational,mgmresortsinternational,https://jobs.smartrecruiters.com/mgmresortsinternational,https://api.smartrecruiters.com/v1/companies/mgmresortsinternational/postings,5,vendor,
smartrecruiters,microchip,microchip,https://jobs.smartrecruiters.com/microchip,https://api.smartrecruiters.com/v1/companies/microchip/postings,9,vendor,
smartrecruiters,Minorinternational,Minorinternational,https://jobs.smartrecruiters.com/Minorinternational,https://api.smartrecruiters.com/v1/companies/Minorinternational/postings,166,vendor,
smartrecruiters,mirantis,mirantis,https://jobs.smartrecruiters.com/mirantis,https://api.smartrecruiters.com/v1/companies/mirantis/postings,71,vendor,
smartrecruiters,Miratech1,Miratech1,https://jobs.smartrecruiters.com/Miratech1,https://api.smartrecruiters.com/v1/companies/Miratech1/postings,321,vendor,
smartrecruiters,MonoSoftware,MonoSoftware,https://jobs.smartrecruiters.com/MonoSoftware,https://api.smartrecruiters.com/v1/companies/MonoSoftware/postings,4,vendor,
smartrecruiters,MonroInc,MonroInc,https://jobs.smartrecruiters.com/MonroInc,https://api.smartrecruiters.com/v1/companies/MonroInc/postings,304,vendor,
smartrecruiters,MontamoGmbH,MontamoGmbH,https://jobs.smartrecruiters.com/MontamoGmbH,https://api.smartrecruiters.com/v1/companies/MontamoGmbH/postings,9,vendor,
smartrecruiters,Morguard,Morguard,https://jobs.smartrecruiters.com/Morguard,https://api.smartrecruiters.com/v1/companies/Morguard/postings,21,vendor,
smartrecruiters,mosaic,mosaic,https://jobs.smartrecruiters.com/mosaic,https://api.smartrecruiters.com/v1/companies/mosaic/postings,3,vendor,
smartrecruiters,MotelOne,MotelOne,https://jobs.smartrecruiters.com/MotelOne,https://api.smartrecruiters.com/v1/companies/MotelOne/postings,149,vendor,
smartrecruiters,MSXInternational,MSXInternational,https://jobs.smartrecruiters.com/MSXInternational,https://api.smartrecruiters.com/v1/companies/MSXInternational/postings,378,vendor,
smartrecruiters,MYNRMA,MYNRMA,https://jobs.smartrecruiters.com/MYNRMA,https://api.smartrecruiters.com/v1/companies/MYNRMA/postings,160,vendor,
smartrecruiters,MysticInvestHoldingSA,MysticInvestHoldingSA,https://jobs.smartrecruiters.com/MysticInvestHoldingSA,https://api.smartrecruiters.com/v1/companies/MysticInvestHoldingSA/postings,101,vendor,
smartrecruiters,nagarro1,nagarro1,https://jobs.smartrecruiters.com/nagarro1,https://api.smartrecruiters.com/v1/companies/nagarro1/postings,926,vendor,
smartrecruiters,nage1,nage1,https://jobs.smartrecruiters.com/nage1,https://api.smartrecruiters.com/v1/companies/nage1/postings,6,vendor,
smartrecruiters,natureO,natureO,https://jobs.smartrecruiters.com/natureO,https://api.smartrecruiters.com/v1/companies/natureO/postings,22,vendor,
smartrecruiters,nauticusrobotics,nauticusrobotics,https://jobs.smartrecruiters.com/nauticusrobotics,https://api.smartrecruiters.com/v1/companies/nauticusrobotics/postings,1,vendor,
smartrecruiters,navitas,navitas,https://jobs.smartrecruiters.com/navitas,https://api.smartrecruiters.com/v1/companies/navitas/postings,46,vendor,
smartrecruiters,NazarbayevUniversity1,NazarbayevUniversity1,https://jobs.smartrecruiters.com/NazarbayevUniversity1,https://api.smartrecruiters.com/v1/companies/NazarbayevUniversity1/postings,106,vendor,
smartrecruiters,nbcuniversal3,nbcuniversal3,https://jobs.smartrecruiters.com/nbcuniversal3,https://api.smartrecruiters.com/v1/companies/nbcuniversal3/postings,406,vendor,
smartrecruiters,NCC,NCC,https://jobs.smartrecruiters.com/NCC,https://api.smartrecruiters.com/v1/companies/NCC/postings,167,vendor,
smartrecruiters,NECSWS,NECSWS,https://jobs.smartrecruiters.com/NECSWS,https://api.smartrecruiters.com/v1/companies/NECSWS/postings,121,vendor,
smartrecruiters,Nemera,Nemera,https://jobs.smartrecruiters.com/Nemera,https://api.smartrecruiters.com/v1/companies/Nemera/postings,116,vendor,
smartrecruiters,netcompany1,netcompany1,https://jobs.smartrecruiters.com/netcompany1,https://api.smartrecruiters.com/v1/companies/netcompany1/postings,139,vendor,
smartrecruiters,netskope,netskope,https://jobs.smartrecruiters.com/netskope,https://api.smartrecruiters.com/v1/companies/netskope/postings,8,vendor,
smartrecruiters,NETZSCHGroup,NETZSCHGroup,https://jobs.smartrecruiters.com/NETZSCHGroup,https://api.smartrecruiters.com/v1/companies/NETZSCHGroup/postings,54,vendor,
smartrecruiters,newrelic,newrelic,https://jobs.smartrecruiters.com/newrelic,https://api.smartrecruiters.com/v1/companies/newrelic/postings,3,vendor,
smartrecruiters,Nexity,Nexity,https://jobs.smartrecruiters.com/Nexity,https://api.smartrecruiters.com/v1/companies/Nexity/postings,17,vendor,
smartrecruiters,Nexthink,Nexthink,https://jobs.smartrecruiters.com/Nexthink,https://api.smartrecruiters.com/v1/companies/Nexthink/postings,99,vendor,
smartrecruiters,NEXTON,NEXTON,https://jobs.smartrecruiters.com/NEXTON,https://api.smartrecruiters.com/v1/companies/NEXTON/postings,115,vendor,
smartrecruiters,NielsenIQ,NielsenIQ,https://jobs.smartrecruiters.com/NielsenIQ,https://api.smartrecruiters.com/v1/companies/NielsenIQ/postings,428,vendor,
smartrecruiters,northwesternmedicine,northwesternmedicine,https://jobs.smartrecruiters.com/northwesternmedicine,https://api.smartrecruiters.com/v1/companies/northwesternmedicine/postings,1477,vendor,
smartrecruiters,norwegiancruiseline,norwegiancruiseline,https://jobs.smartrecruiters.com/norwegiancruiseline,https://api.smartrecruiters.com/v1/companies/norwegiancruiseline/postings,5,vendor,
smartrecruiters,novavax,novavax,https://jobs.smartrecruiters.com/novavax,https://api.smartrecruiters.com/v1/companies/novavax/postings,3,vendor,
smartrecruiters,numberly,numberly,https://jobs.smartrecruiters.com/numberly,https://api.smartrecruiters.com/v1/companies/numberly/postings,2,vendor,
smartrecruiters,O-I,O-I,https://jobs.smartrecruiters.com/O-I,https://api.smartrecruiters.com/v1/companies/O-I/postings,158,vendor,
smartrecruiters,oceanagold,oceanagold,https://jobs.smartrecruiters.com/oceanagold,https://api.smartrecruiters.com/v1/companies/oceanagold/postings,57,vendor,
smartrecruiters,Ocorian,Ocorian,https://jobs.smartrecruiters.com/Ocorian,https://api.smartrecruiters.com/v1/companies/Ocorian/postings,57,vendor,
smartrecruiters,OCTOTechnology,OCTOTechnology,https://jobs.smartrecruiters.com/OCTOTechnology,https://api.smartrecruiters.com/v1/companies/OCTOTechnology/postings,13,vendor,
smartrecruiters,OECD,OECD,https://jobs.smartrecruiters.com/OECD,https://api.smartrecruiters.com/v1/companies/OECD/postings,38,vendor,
smartrecruiters,Oetiker,Oetiker,https://jobs.smartrecruiters.com/Oetiker,https://api.smartrecruiters.com/v1/companies/Oetiker/postings,35,vendor,
smartrecruiters,OFX1,OFX1,https://jobs.smartrecruiters.com/OFX1,https://api.smartrecruiters.com/v1/companies/OFX1/postings,1,vendor,
smartrecruiters,olin,olin,https://jobs.smartrecruiters.com/olin,https://api.smartrecruiters.com/v1/companies/olin/postings,1,vendor,
smartrecruiters,OliverBonacini,OliverBonacini,https://jobs.smartrecruiters.com/OliverBonacini,https://api.smartrecruiters.com/v1/companies/OliverBonacini/postings,105,vendor,
smartrecruiters,OnActuate,OnActuate,https://jobs.smartrecruiters.com/OnActuate,https://api.smartrecruiters.com/v1/companies/OnActuate/postings,3,vendor,
smartrecruiters,OntarioTransitGroup,OntarioTransitGroup,https://jobs.smartrecruiters.com/OntarioTransitGroup,https://api.smartrecruiters.com/v1/companies/OntarioTransitGroup/postings,14,vendor,
smartrecruiters,Order,Order,https://jobs.smartrecruiters.com/Order,https://api.smartrecruiters.com/v1/companies/Order/postings,1,vendor,
smartrecruiters,oricpharmaceuticals,oricpharmaceuticals,https://jobs.smartrecruiters.com/oricpharmaceuticals,https://api.smartrecruiters.com/v1/companies/oricpharmaceuticals/postings,2,vendor,
smartrecruiters,ormat,ormat,https://jobs.smartrecruiters.com/ormat,https://api.smartrecruiters.com/v1/companies/ormat/postings,13,vendor,
smartrecruiters,OTTOFUCHSKG,OTTOFUCHSKG,https://jobs.smartrecruiters.com/OTTOFUCHSKG,https://api.smartrecruiters.com/v1/companies/OTTOFUCHSKG/postings,62,vendor,
smartrecruiters,OurNationalConversation,OurNationalConversation,https://jobs.smartrecruiters.com/OurNationalConversation,https://api.smartrecruiters.com/v1/companies/OurNationalConversation/postings,6,vendor,
smartrecruiters,outdoor,outdoor,https://jobs.smartrecruiters.com/outdoor,https://api.smartrecruiters.com/v1/companies/outdoor/postings,1,vendor,
smartrecruiters,OutpostVFX,OutpostVFX,https://jobs.smartrecruiters.com/OutpostVFX,https://api.smartrecruiters.com/v1/companies/OutpostVFX/postings,30,vendor,
smartrecruiters,OUTsurance,OUTsurance,https://jobs.smartrecruiters.com/OUTsurance,https://api.smartrecruiters.com/v1/companies/OUTsurance/postings,8,vendor,
smartrecruiters,p2,p2,https://jobs.smartrecruiters.com/p2,https://api.smartrecruiters.com/v1/companies/p2/postings,1,vendor,
smartrecruiters,palantir,palantir,https://jobs.smartrecruiters.com/palantir,https://api.smartrecruiters.com/v1/companies/palantir/postings,10,vendor,
smartrecruiters,PalRobotics,PalRobotics,https://jobs.smartrecruiters.com/PalRobotics,https://api.smartrecruiters.com/v1/companies/PalRobotics/postings,4,vendor,
smartrecruiters,paradox,paradox,https://jobs.smartrecruiters.com/paradox,https://api.smartrecruiters.com/v1/companies/paradox/postings,6,vendor,
smartrecruiters,ParkerDrilling1,ParkerDrilling1,https://jobs.smartrecruiters.com/ParkerDrilling1,https://api.smartrecruiters.com/v1/companies/ParkerDrilling1/postings,27,vendor,
smartrecruiters,PassionForLifeInc,PassionForLifeInc,https://jobs.smartrecruiters.com/PassionForLifeInc,https://api.smartrecruiters.com/v1/companies/PassionForLifeInc/postings,9,vendor,
smartrecruiters,PenFinancialCreditUnion,PenFinancialCreditUnion,https://jobs.smartrecruiters.com/PenFinancialCreditUnion,https://api.smartrecruiters.com/v1/companies/PenFinancialCreditUnion/postings,6,vendor,
smartrecruiters,pentair,pentair,https://jobs.smartrecruiters.com/pentair,https://api.smartrecruiters.com/v1/companies/pentair/postings,1,vendor,
smartrecruiters,PeopleCanFly,PeopleCanFly,https://jobs.smartrecruiters.com/PeopleCanFly,https://api.smartrecruiters.com/v1/companies/PeopleCanFly/postings,17,vendor,
smartrecruiters,PeopleConsults,PeopleConsults,https://jobs.smartrecruiters.com/PeopleConsults,https://api.smartrecruiters.com/v1/companies/PeopleConsults/postings,1,vendor,
smartrecruiters,PhillyTechCo,PhillyTechCo,https://jobs.smartrecruiters.com/PhillyTechCo,https://api.smartrecruiters.com/v1/companies/PhillyTechCo/postings,7,vendor,
smartrecruiters,PilotCompany,PilotCompany,https://jobs.smartrecruiters.com/PilotCompany,https://api.smartrecruiters.com/v1/companies/PilotCompany/postings,1639,vendor,
smartrecruiters,pinwheel,pinwheel,https://jobs.smartrecruiters.com/pinwheel,https://api.smartrecruiters.com/v1/companies/pinwheel/postings,1,vendor,
smartrecruiters,Playtech,Playtech,https://jobs.smartrecruiters.com/Playtech,https://api.smartrecruiters.com/v1/companies/Playtech/postings,119,vendor,
smartrecruiters,PortmanDentex,PortmanDentex,https://jobs.smartrecruiters.com/PortmanDentex,https://api.smartrecruiters.com/v1/companies/PortmanDentex/postings,278,vendor,
smartrecruiters,PortsmouthHospitalsUniversityNHSTrust,PortsmouthHospitalsUniversityNHSTrust,https://jobs.smartrecruiters.com/PortsmouthHospitalsUniversityNHSTrust,https://api.smartrecruiters.com/v1/companies/PortsmouthHospitalsUniversityNHSTrust/postings,43,vendor,
smartrecruiters,PowerGenRenewableEnergy,PowerGenRenewableEnergy,https://jobs.smartrecruiters.com/PowerGenRenewableEnergy,https://api.smartrecruiters.com/v1/companies/PowerGenRenewableEnergy/postings,9,vendor,
smartrecruiters,Primark,Primark,https://jobs.smartrecruiters.com/Primark,https://api.smartrecruiters.com/v1/companies/Primark/postings,803,vendor,
smartrecruiters,PriviaHealth,PriviaHealth,https://jobs.smartrecruiters.com/PriviaHealth,https://api.smartrecruiters.com/v1/companies/PriviaHealth/postings,47,vendor,
smartrecruiters,ProcessProConsulting,ProcessProConsulting,https://jobs.smartrecruiters.com/ProcessProConsulting,https://api.smartrecruiters.com/v1/companies/ProcessProConsulting/postings,2,vendor,
smartrecruiters,ProcomServices,ProcomServices,https://jobs.smartrecruiters.com/ProcomServices,https://api.smartrecruiters.com/v1/companies/ProcomServices/postings,223,vendor,
smartrecruiters,prosidianconsulting,prosidianconsulting,https://jobs.smartrecruiters.com/prosidianconsulting,https://api.smartrecruiters.com/v1/companies/prosidianconsulting/postings,4010,vendor,
smartrecruiters,PROVALLIANCE,PROVALLIANCE,https://jobs.smartrecruiters.com/PROVALLIANCE,https://api.smartrecruiters.com/v1/companies/PROVALLIANCE/postings,318,vendor,
smartrecruiters,PSICRO,PSICRO,https://jobs.smartrecruiters.com/PSICRO,https://api.smartrecruiters.com/v1/companies/PSICRO/postings,237,vendor,
smartrecruiters,publicstorage,publicstorage,https://jobs.smartrecruiters.com/publicstorage,https://api.smartrecruiters.com/v1/companies/publicstorage/postings,694,vendor,
smartrecruiters,PureIntegration,PureIntegration,https://jobs.smartrecruiters.com/PureIntegration,https://api.smartrecruiters.com/v1/companies/PureIntegration/postings,4,vendor,
smartrecruiters,Pyrotek3,Pyrotek3,https://jobs.smartrecruiters.com/Pyrotek3,https://api.smartrecruiters.com/v1/companies/Pyrotek3/postings,28,vendor,
smartrecruiters,QSL,QSL,https://jobs.smartrecruiters.com/QSL,https://api.smartrecruiters.com/v1/companies/QSL/postings,46,vendor,
smartrecruiters,Quadient1,Quadient1,https://jobs.smartrecruiters.com/Quadient1,https://api.smartrecruiters.com/v1/companies/Quadient1/postings,65,vendor,
smartrecruiters,radian,radian,https://jobs.smartrecruiters.com/radian,https://api.smartrecruiters.com/v1/companies/radian/postings,4,vendor,
smartrecruiters,RaisingCanes,RaisingCanes,https://jobs.smartrecruiters.com/RaisingCanes,https://api.smartrecruiters.com/v1/companies/RaisingCanes/postings,568,vendor,
smartrecruiters,RAKUNA1,RAKUNA1,https://jobs.smartrecruiters.com/RAKUNA1,https://api.smartrecruiters.com/v1/companies/RAKUNA1/postings,6,vendor,
smartrecruiters,Ramboll3,Ramboll3,https://jobs.smartrecruiters.com/Ramboll3,https://api.smartrecruiters.com/v1/companies/Ramboll3/postings,1263,vendor,
smartrecruiters,RDPartners1,RDPartners1,https://jobs.smartrecruiters.com/RDPartners1,https://api.smartrecruiters.com/v1/companies/RDPartners1/postings,10,vendor,
smartrecruiters,ReachPlc,ReachPlc,https://jobs.smartrecruiters.com/ReachPlc,https://api.smartrecruiters.com/v1/companies/ReachPlc/postings,14,vendor,
smartrecruiters,RedBull,RedBull,https://jobs.smartrecruiters.com/RedBull,https://api.smartrecruiters.com/v1/companies/RedBull/postings,1185,vendor,
smartrecruiters,redcare-pharmacy,redcare-pharmacy,https://jobs.smartrecruiters.com/redcare-pharmacy,https://api.smartrecruiters.com/v1/companies/redcare-pharmacy/postings,258,vendor,
smartrecruiters,RedPoints1,RedPoints1,https://jobs.smartrecruiters.com/RedPoints1,https://api.smartrecruiters.com/v1/companies/RedPoints1/postings,8,vendor,
smartrecruiters,RedWingShoeCompany,RedWingShoeCompany,https://jobs.smartrecruiters.com/RedWingShoeCompany,https://api.smartrecruiters.com/v1/companies/RedWingShoeCompany/postings,57,vendor,
smartrecruiters,ReitmansCanadaLteLtd,ReitmansCanadaLteLtd,https://jobs.smartrecruiters.com/ReitmansCanadaLteLtd,https://api.smartrecruiters.com/v1/companies/ReitmansCanadaLteLtd/postings,288,vendor,
smartrecruiters,RelaisChateaux,RelaisChateaux,https://jobs.smartrecruiters.com/RelaisChateaux,https://api.smartrecruiters.com/v1/companies/RelaisChateaux/postings,719,vendor,
smartrecruiters,resmed,resmed,https://jobs.smartrecruiters.com/resmed,https://api.smartrecruiters.com/v1/companies/resmed/postings,2,vendor,
smartrecruiters,RESPECInc,RESPECInc,https://jobs.smartrecruiters.com/RESPECInc,https://api.smartrecruiters.com/v1/companies/RESPECInc/postings,88,vendor,
smartrecruiters,REWEInternationalDienstleistungsgesellschaftmbH,REWEInternationalDienstleistungsgesellschaftmbH,https://jobs.smartrecruiters.com/REWEInternationalDienstleistungsgesellschaftmbH,https://api.smartrecruiters.com/v1/companies/REWEInternationalDienstleistungsgesellschaftmbH/postings,138,vendor,
smartrecruiters,REXEL1,REXEL1,https://jobs.smartrecruiters.com/REXEL1,https://api.smartrecruiters.com/v1/companies/REXEL1/postings,666,vendor,
smartrecruiters,RFConnect,RFConnect,https://jobs.smartrecruiters.com/RFConnect,https://api.smartrecruiters.com/v1/companies/RFConnect/postings,4,vendor,
smartrecruiters,RheinGroup,RheinGroup,https://jobs.smartrecruiters.com/RheinGroup,https://api.smartrecruiters.com/v1/companies/RheinGroup/postings,122,vendor,
smartrecruiters,RipplesEdgeMedia,RipplesEdgeMedia,https://jobs.smartrecruiters.com/RipplesEdgeMedia,https://api.smartrecruiters.com/v1/companies/RipplesEdgeMedia/postings,1,vendor,
smartrecruiters,RIVOHoldingsLLC,RIVOHoldingsLLC,https://jobs.smartrecruiters.com/RIVOHoldingsLLC,https://api.smartrecruiters.com/v1/companies/RIVOHoldingsLLC/postings,5,vendor,
smartrecruiters,RobertBoschKrankenhausGmbH,RobertBoschKrankenhausGmbH,https://jobs.smartrecruiters.com/RobertBoschKrankenhausGmbH,https://api.smartrecruiters.com/v1/companies/RobertBoschKrankenhausGmbH/postings,139,vendor,
smartrecruiters,ROCO1,ROCO1,https://jobs.smartrecruiters.com/ROCO1,https://api.smartrecruiters.com/v1/companies/ROCO1/postings,22,vendor,
smartrecruiters,RodeoFX,RodeoFX,https://jobs.smartrecruiters.com/RodeoFX,https://api.smartrecruiters.com/v1/companies/RodeoFX/postings,37,vendor,
smartrecruiters,RolandBerger,RolandBerger,https://jobs.smartrecruiters.com/RolandBerger,https://api.smartrecruiters.com/v1/companies/RolandBerger/postings,201,vendor,
smartrecruiters,RTE1,RTE1,https://jobs.smartrecruiters.com/RTE1,https://api.smartrecruiters.com/v1/companies/RTE1/postings,39,vendor,
smartrecruiters,RWWA,RWWA,https://jobs.smartrecruiters.com/RWWA,https://api.smartrecruiters.com/v1/companies/RWWA/postings,3,vendor,
smartrecruiters,rythm,rythm,https://jobs.smartrecruiters.com/rythm,https://api.smartrecruiters.com/v1/companies/rythm/postings,1,vendor,
smartrecruiters,SalesianerMiettex,SalesianerMiettex,https://jobs.smartrecruiters.com/SalesianerMiettex,https://api.smartrecruiters.com/v1/companies/SalesianerMiettex/postings,38,vendor,
smartrecruiters,SamsungEnA,SamsungEnA,https://jobs.smartrecruiters.com/SamsungEnA,https://api.smartrecruiters.com/v1/companies/SamsungEnA/postings,187,vendor,
smartrecruiters,SanaCommerce,SanaCommerce,https://jobs.smartrecruiters.com/SanaCommerce,https://api.smartrecruiters.com/v1/companies/SanaCommerce/postings,6,vendor,
smartrecruiters,Sandisk,Sandisk,https://jobs.smartrecruiters.com/Sandisk,https://api.smartrecruiters.com/v1/companies/Sandisk/postings,297,vendor,
smartrecruiters,sangamo,sangamo,https://jobs.smartrecruiters.com/sangamo,https://api.smartrecruiters.com/v1/companies/sangamo/postings,1,vendor,
smartrecruiters,SBBCargoDeutschlandGmbH,SBBCargoDeutschlandGmbH,https://jobs.smartrecruiters.com/SBBCargoDeutschlandGmbH,https://api.smartrecruiters.com/v1/companies/SBBCargoDeutschlandGmbH/postings,19,vendor,
smartrecruiters,ScalableGmbH,ScalableGmbH,https://jobs.smartrecruiters.com/ScalableGmbH,https://api.smartrecruiters.com/v1/companies/ScalableGmbH/postings,99,vendor,
smartrecruiters,ScyneAdvisory,ScyneAdvisory,https://jobs.smartrecruiters.com/ScyneAdvisory,https://api.smartrecruiters.com/v1/companies/ScyneAdvisory/postings,27,vendor,
smartrecruiters,securitas,securitas,https://jobs.smartrecruiters.com/securitas,https://api.smartrecruiters.com/v1/companies/securitas/postings,1235,vendor,
smartrecruiters,SedusGruppe,SedusGruppe,https://jobs.smartrecruiters.com/SedusGruppe,https://api.smartrecruiters.com/v1/companies/SedusGruppe/postings,37,vendor,
smartrecruiters,seekout,seekout,https://jobs.smartrecruiters.com/seekout,https://api.smartrecruiters.com/v1/companies/seekout/postings,10,vendor,
smartrecruiters,SegulaTechnologies,SegulaTechnologies,https://jobs.smartrecruiters.com/SegulaTechnologies,https://api.smartrecruiters.com/v1/companies/SegulaTechnologies/postings,1,vendor,
smartrecruiters,Selfa2,Selfa2,https://jobs.smartrecruiters.com/Selfa2,https://api.smartrecruiters.com/v1/companies/Selfa2/postings,4,vendor,
smartrecruiters,SeniorLifestyle1,SeniorLifestyle1,https://jobs.smartrecruiters.com/SeniorLifestyle1,https://api.smartrecruiters.com/v1/companies/SeniorLifestyle1/postings,543,vendor,
smartrecruiters,SeniorPlc1,SeniorPlc1,https://jobs.smartrecruiters.com/SeniorPlc1,https://api.smartrecruiters.com/v1/companies/SeniorPlc1/postings,199,vendor,
smartrecruiters,servicenow,servicenow,https://jobs.smartrecruiters.com/servicenow,https://api.smartrecruiters.com/v1/companies/servicenow/postings,594,vendor,
smartrecruiters,servicetitan,servicetitan,https://jobs.smartrecruiters.com/servicetitan,https://api.smartrecruiters.com/v1/companies/servicetitan/postings,8,vendor,
smartrecruiters,SevenSenders,SevenSenders,https://jobs.smartrecruiters.com/SevenSenders,https://api.smartrecruiters.com/v1/companies/SevenSenders/postings,15,vendor,
smartrecruiters,sezzle,sezzle,https://jobs.smartrecruiters.com/sezzle,https://api.smartrecruiters.com/v1/companies/sezzle/postings,1,vendor,
smartrecruiters,SGS,SGS,https://jobs.smartrecruiters.com/SGS,https://api.smartrecruiters.com/v1/companies/SGS/postings,4320,vendor,
smartrecruiters,shakeshack,shakeshack,https://jobs.smartrecruiters.com/shakeshack,https://api.smartrecruiters.com/v1/companies/shakeshack/postings,1,vendor,
smartrecruiters,ShijiGroup,ShijiGroup,https://jobs.smartrecruiters.com/ShijiGroup,https://api.smartrecruiters.com/v1/companies/ShijiGroup/postings,11,vendor,
smartrecruiters,ShowroomPriv,ShowroomPriv,https://jobs.smartrecruiters.com/ShowroomPriv,https://api.smartrecruiters.com/v1/companies/ShowroomPriv/postings,4,vendor,
smartrecruiters,Sia,Sia,https://jobs.smartrecruiters.com/Sia,https://api.smartrecruiters.com/v1/companies/Sia/postings,588,vendor,
smartrecruiters,SibyllineLtd,SibyllineLtd,https://jobs.smartrecruiters.com/SibyllineLtd,https://api.smartrecruiters.com/v1/companies/SibyllineLtd/postings,10,vendor,
smartrecruiters,sigmasoftware2,sigmasoftware2,https://jobs.smartrecruiters.com/sigmasoftware2,https://api.smartrecruiters.com/v1/companies/sigmasoftware2/postings,108,vendor,
smartrecruiters,SikaAG,SikaAG,https://jobs.smartrecruiters.com/SikaAG,https://api.smartrecruiters.com/v1/companies/SikaAG/postings,685,vendor,
smartrecruiters,siloamcareers,siloamcareers,https://jobs.smartrecruiters.com/siloamcareers,https://api.smartrecruiters.com/v1/companies/siloamcareers/postings,679,vendor,
smartrecruiters,Silvaco1,Silvaco1,https://jobs.smartrecruiters.com/Silvaco1,https://api.smartrecruiters.com/v1/companies/Silvaco1/postings,25,vendor,
smartrecruiters,SIXT,SIXT,https://jobs.smartrecruiters.com/SIXT,https://api.smartrecruiters.com/v1/companies/SIXT/postings,534,vendor,
smartrecruiters,SMAC1,SMAC1,https://jobs.smartrecruiters.com/SMAC1,https://api.smartrecruiters.com/v1/companies/SMAC1/postings,271,vendor,
smartrecruiters,smart,smart,https://jobs.smartrecruiters.com/smart,https://api.smartrecruiters.com/v1/companies/smart/postings,1,vendor,
smartrecruiters,Smartkarma,Smartkarma,https://jobs.smartrecruiters.com/Smartkarma,https://api.smartrecruiters.com/v1/companies/Smartkarma/postings,10,vendor,
smartrecruiters,smartrecruiters,smartrecruiters,https://jobs.smartrecruiters.com/smartrecruiters,https://api.smartrecruiters.com/v1/companies/smartrecruiters/postings,8,vendor,
smartrecruiters,Smartylink,Smartylink,https://jobs.smartrecruiters.com/Smartylink,https://api.smartrecruiters.com/v1/companies/Smartylink/postings,2,vendor,
smartrecruiters,SNV,SNV,https://jobs.smartrecruiters.com/SNV,https://api.smartrecruiters.com/v1/companies/SNV/postings,13,vendor,
smartrecruiters,Sobi,Sobi,https://jobs.smartrecruiters.com/Sobi,https://api.smartrecruiters.com/v1/companies/Sobi/postings,118,vendor,
smartrecruiters,Socotec,Socotec,https://jobs.smartrecruiters.com/Socotec,https://api.smartrecruiters.com/v1/companies/Socotec/postings,743,vendor,
smartrecruiters,Sodexo,Sodexo,https://jobs.smartrecruiters.com/Sodexo,https://api.smartrecruiters.com/v1/companies/Sodexo/postings,136,vendor,
smartrecruiters,Solidigm,Solidigm,https://jobs.smartrecruiters.com/Solidigm,https://api.smartrecruiters.com/v1/companies/Solidigm/postings,50,vendor,
smartrecruiters,somfygroup,somfygroup,https://jobs.smartrecruiters.com/somfygroup,https://api.smartrecruiters.com/v1/companies/somfygroup/postings,59,vendor,
smartrecruiters,SonicAutomotive,SonicAutomotive,https://jobs.smartrecruiters.com/SonicAutomotive,https://api.smartrecruiters.com/v1/companies/SonicAutomotive/postings,365,vendor,
smartrecruiters,SopraSteria1,SopraSteria1,https://jobs.smartrecruiters.com/SopraSteria1,https://api.smartrecruiters.com/v1/companies/SopraSteria1/postings,1956,vendor,
smartrecruiters,SOSi1,SOSi1,https://jobs.smartrecruiters.com/SOSi1,https://api.smartrecruiters.com/v1/companies/SOSi1/postings,320,vendor,
smartrecruiters,SourceBioscience,SourceBioscience,https://jobs.smartrecruiters.com/SourceBioscience,https://api.smartrecruiters.com/v1/companies/SourceBioscience/postings,3,vendor,
smartrecruiters,SpadeworxSoftwareServicesInc,SpadeworxSoftwareServicesInc,https://jobs.smartrecruiters.com/SpadeworxSoftwareServicesInc,https://api.smartrecruiters.com/v1/companies/SpadeworxSoftwareServicesInc/postings,12,vendor,
smartrecruiters,SPHEREA,SPHEREA,https://jobs.smartrecruiters.com/SPHEREA,https://api.smartrecruiters.com/v1/companies/SPHEREA/postings,30,vendor,
smartrecruiters,Spie-batignolles,Spie-batignolles,https://jobs.smartrecruiters.com/Spie-batignolles,https://api.smartrecruiters.com/v1/companies/Spie-batignolles/postings,544,vendor,
smartrecruiters,sportradar,sportradar,https://jobs.smartrecruiters.com/sportradar,https://api.smartrecruiters.com/v1/companies/sportradar/postings,78,vendor,
smartrecruiters,SpringVentureGroup1,SpringVentureGroup1,https://jobs.smartrecruiters.com/SpringVentureGroup1,https://api.smartrecruiters.com/v1/companies/SpringVentureGroup1/postings,4,vendor,
smartrecruiters,StaubliGroup,StaubliGroup,https://jobs.smartrecruiters.com/StaubliGroup,https://api.smartrecruiters.com/v1/companies/StaubliGroup/postings,117,vendor,
smartrecruiters,SteelFabricatorsLLC,SteelFabricatorsLLC,https://jobs.smartrecruiters.com/SteelFabricatorsLLC,https://api.smartrecruiters.com/v1/companies/SteelFabricatorsLLC/postings,27,vendor,
smartrecruiters,stepstone,stepstone,https://jobs.smartrecruiters.com/stepstone,https://api.smartrecruiters.com/v1/companies/stepstone/postings,3,vendor,
smartrecruiters,StepStoneGroup,StepStoneGroup,https://jobs.smartrecruiters.com/StepStoneGroup,https://api.smartrecruiters.com/v1/companies/StepStoneGroup/postings,79,vendor,
smartrecruiters,stifel,stifel,https://jobs.smartrecruiters.com/stifel,https://api.smartrecruiters.com/v1/companies/stifel/postings,1,vendor,
smartrecruiters,STMARYDEDICATIONBRITISHINTERNATIONALSCHOOL,STMARYDEDICATIONBRITISHINTERNATIONALSCHOOL,https://jobs.smartrecruiters.com/STMARYDEDICATIONBRITISHINTERNATIONALSCHOOL,https://api.smartrecruiters.com/v1/companies/STMARYDEDICATIONBRITISHINTERNATIONALSCHOOL/postings,9,vendor,
smartrecruiters,StratasFoods,StratasFoods,https://jobs.smartrecruiters.com/StratasFoods,https://api.smartrecruiters.com/v1/companies/StratasFoods/postings,52,vendor,
smartrecruiters,StreemEnergy,StreemEnergy,https://jobs.smartrecruiters.com/StreemEnergy,https://api.smartrecruiters.com/v1/companies/StreemEnergy/postings,9,vendor,
smartrecruiters,StrerSECoKGaAStrerGruppe,StrerSECoKGaAStrerGruppe,https://jobs.smartrecruiters.com/StrerSECoKGaAStrerGruppe,https://api.smartrecruiters.com/v1/companies/StrerSECoKGaAStrerGruppe/postings,236,vendor,
smartrecruiters,Sutherland,Sutherland,https://jobs.smartrecruiters.com/Sutherland,https://api.smartrecruiters.com/v1/companies/Sutherland/postings,322,vendor,
smartrecruiters,SWARCO,SWARCO,https://jobs.smartrecruiters.com/SWARCO,https://api.smartrecruiters.com/v1/companies/SWARCO/postings,125,vendor,
smartrecruiters,SwissMedicalNetwork1,SwissMedicalNetwork1,https://jobs.smartrecruiters.com/SwissMedicalNetwork1,https://api.smartrecruiters.com/v1/companies/SwissMedicalNetwork1/postings,108,vendor,
smartrecruiters,Swissquote,Swissquote,https://jobs.smartrecruiters.com/Swissquote,https://api.smartrecruiters.com/v1/companies/Swissquote/postings,32,vendor,
smartrecruiters,syngentagroup,syngentagroup,https://jobs.smartrecruiters.com/syngentagroup,https://api.smartrecruiters.com/v1/companies/syngentagroup/postings,456,vendor,
smartrecruiters,SYNTEGON,SYNTEGON,https://jobs.smartrecruiters.com/SYNTEGON,https://api.smartrecruiters.com/v1/companies/SYNTEGON/postings,121,vendor,
smartrecruiters,T-SystemsIberia,T-SystemsIberia,https://jobs.smartrecruiters.com/T-SystemsIberia,https://api.smartrecruiters.com/v1/companies/T-SystemsIberia/postings,123,vendor,
smartrecruiters,tal,tal,https://jobs.smartrecruiters.com/tal,https://api.smartrecruiters.com/v1/companies/tal/postings,49,vendor,
smartrecruiters,Talan,Talan,https://jobs.smartrecruiters.com/Talan,https://api.smartrecruiters.com/v1/companies/Talan/postings,477,vendor,
smartrecruiters,talentnavigationexperts,talentnavigationexperts,https://jobs.smartrecruiters.com/talentnavigationexperts,https://api.smartrecruiters.com/v1/companies/talentnavigationexperts/postings,9,vendor,
smartrecruiters,TBCBANK,TBCBANK,https://jobs.smartrecruiters.com/TBCBANK,https://api.smartrecruiters.com/v1/companies/TBCBANK/postings,142,vendor,
smartrecruiters,TeamworkCorporate,TeamworkCorporate,https://jobs.smartrecruiters.com/TeamworkCorporate,https://api.smartrecruiters.com/v1/companies/TeamworkCorporate/postings,78,vendor,
smartrecruiters,TechlandSA,TechlandSA,https://jobs.smartrecruiters.com/TechlandSA,https://api.smartrecruiters.com/v1/companies/TechlandSA/postings,36,vendor,
smartrecruiters,techo-bloc,techo-bloc,https://jobs.smartrecruiters.com/techo-bloc,https://api.smartrecruiters.com/v1/companies/techo-bloc/postings,66,vendor,
smartrecruiters,TeideesAudiovisuals,TeideesAudiovisuals,https://jobs.smartrecruiters.com/TeideesAudiovisuals,https://api.smartrecruiters.com/v1/companies/TeideesAudiovisuals/postings,2,vendor,
smartrecruiters,temperzone,temperzone,https://jobs.smartrecruiters.com/temperzone,https://api.smartrecruiters.com/v1/companies/temperzone/postings,9,vendor,
smartrecruiters,terrascope,terrascope,https://jobs.smartrecruiters.com/terrascope,https://api.smartrecruiters.com/v1/companies/terrascope/postings,2,vendor,
smartrecruiters,TessenderloGroup,TessenderloGroup,https://jobs.smartrecruiters.com/TessenderloGroup,https://api.smartrecruiters.com/v1/companies/TessenderloGroup/postings,108,vendor,
smartrecruiters,TheAdaptavistGroup,TheAdaptavistGroup,https://jobs.smartrecruiters.com/TheAdaptavistGroup,https://api.smartrecruiters.com/v1/companies/TheAdaptavistGroup/postings,9,vendor,
smartrecruiters,TheArtemisCenterForGuidance,TheArtemisCenterForGuidance,https://jobs.smartrecruiters.com/TheArtemisCenterForGuidance,https://api.smartrecruiters.com/v1/companies/TheArtemisCenterForGuidance/postings,3,vendor,
smartrecruiters,TheDownsizersLLC,TheDownsizersLLC,https://jobs.smartrecruiters.com/TheDownsizersLLC,https://api.smartrecruiters.com/v1/companies/TheDownsizersLLC/postings,1,vendor,
smartrecruiters,TheNielsenCompany,TheNielsenCompany,https://jobs.smartrecruiters.com/TheNielsenCompany,https://api.smartrecruiters.com/v1/companies/TheNielsenCompany/postings,136,vendor,
smartrecruiters,ThePAMFirm,ThePAMFirm,https://jobs.smartrecruiters.com/ThePAMFirm,https://api.smartrecruiters.com/v1/companies/ThePAMFirm/postings,5,vendor,
smartrecruiters,TheracareINC,TheracareINC,https://jobs.smartrecruiters.com/TheracareINC,https://api.smartrecruiters.com/v1/companies/TheracareINC/postings,169,vendor,
smartrecruiters,TheTileShop1,TheTileShop1,https://jobs.smartrecruiters.com/TheTileShop1,https://api.smartrecruiters.com/v1/companies/TheTileShop1/postings,204,vendor,
smartrecruiters,TheUniversityOfAuckland,TheUniversityOfAuckland,https://jobs.smartrecruiters.com/TheUniversityOfAuckland,https://api.smartrecruiters.com/v1/companies/TheUniversityOfAuckland/postings,27,vendor,
smartrecruiters,TheWarehouseGroup1,TheWarehouseGroup1,https://jobs.smartrecruiters.com/TheWarehouseGroup1,https://api.smartrecruiters.com/v1/companies/TheWarehouseGroup1/postings,130,vendor,
smartrecruiters,TheWonderfulCompany,TheWonderfulCompany,https://jobs.smartrecruiters.com/TheWonderfulCompany,https://api.smartrecruiters.com/v1/companies/TheWonderfulCompany/postings,220,vendor,
smartrecruiters,TheYirosShop,TheYirosShop,https://jobs.smartrecruiters.com/TheYirosShop,https://api.smartrecruiters.com/v1/companies/TheYirosShop/postings,29,vendor,
smartrecruiters,Tidepool,Tidepool,https://jobs.smartrecruiters.com/Tidepool,https://api.smartrecruiters.com/v1/companies/Tidepool/postings,1,vendor,
smartrecruiters,timocomgmbh1,timocomgmbh1,https://jobs.smartrecruiters.com/timocomgmbh1,https://api.smartrecruiters.com/v1/companies/timocomgmbh1/postings,18,vendor,
smartrecruiters,tipico,tipico,https://jobs.smartrecruiters.com/tipico,https://api.smartrecruiters.com/v1/companies/tipico/postings,186,vendor,
smartrecruiters,together,together,https://jobs.smartrecruiters.com/together,https://api.smartrecruiters.com/v1/companies/together/postings,22,vendor,
smartrecruiters,Torstar,Torstar,https://jobs.smartrecruiters.com/Torstar,https://api.smartrecruiters.com/v1/companies/Torstar/postings,8,vendor,
smartrecruiters,TownOfStonyPlain,TownOfStonyPlain,https://jobs.smartrecruiters.com/TownOfStonyPlain,https://api.smartrecruiters.com/v1/companies/TownOfStonyPlain/postings,4,vendor,
smartrecruiters,tradedesk,tradedesk,https://jobs.smartrecruiters.com/tradedesk,https://api.smartrecruiters.com/v1/companies/tradedesk/postings,1,vendor,
smartrecruiters,TransatAT1,TransatAT1,https://jobs.smartrecruiters.com/TransatAT1,https://api.smartrecruiters.com/v1/companies/TransatAT1/postings,46,vendor,
smartrecruiters,TTP1,TTP1,https://jobs.smartrecruiters.com/TTP1,https://api.smartrecruiters.com/v1/companies/TTP1/postings,31,vendor,
smartrecruiters,TurnerTownsend,TurnerTownsend,https://jobs.smartrecruiters.com/TurnerTownsend,https://api.smartrecruiters.com/v1/companies/TurnerTownsend/postings,2919,vendor,
smartrecruiters,TurnitinLLC,TurnitinLLC,https://jobs.smartrecruiters.com/TurnitinLLC,https://api.smartrecruiters.com/v1/companies/TurnitinLLC/postings,44,vendor,
smartrecruiters,Twitter2,Twitter2,https://jobs.smartrecruiters.com/Twitter2,https://api.smartrecruiters.com/v1/companies/Twitter2/postings,12,vendor,
smartrecruiters,u-haul,u-haul,https://jobs.smartrecruiters.com/u-haul,https://api.smartrecruiters.com/v1/companies/u-haul/postings,7,vendor,
smartrecruiters,uber,uber,https://jobs.smartrecruiters.com/uber,https://api.smartrecruiters.com/v1/companies/uber/postings,1,vendor,
smartrecruiters,ubisoft2,ubisoft2,https://jobs.smartrecruiters.com/ubisoft2,https://api.smartrecruiters.com/v1/companies/ubisoft2/postings,277,vendor,
smartrecruiters,UKAtomicEnergyAuthority,UKAtomicEnergyAuthority,https://jobs.smartrecruiters.com/UKAtomicEnergyAuthority,https://api.smartrecruiters.com/v1/companies/UKAtomicEnergyAuthority/postings,58,vendor,
smartrecruiters,UmdaschGroup,UmdaschGroup,https://jobs.smartrecruiters.com/UmdaschGroup,https://api.smartrecruiters.com/v1/companies/UmdaschGroup/postings,187,vendor,
smartrecruiters,UncommonSchools,UncommonSchools,https://jobs.smartrecruiters.com/UncommonSchools,https://api.smartrecruiters.com/v1/companies/UncommonSchools/postings,104,vendor,
smartrecruiters,unifydots,unifydots,https://jobs.smartrecruiters.com/unifydots,https://api.smartrecruiters.com/v1/companies/unifydots/postings,9,vendor,
smartrecruiters,unit44,unit44,https://jobs.smartrecruiters.com/unit44,https://api.smartrecruiters.com/v1/companies/unit44/postings,43,vendor,
smartrecruiters,UnitekLearning,UnitekLearning,https://jobs.smartrecruiters.com/UnitekLearning,https://api.smartrecruiters.com/v1/companies/UnitekLearning/postings,205,vendor,
smartrecruiters,UniversityHealthNetwork,UniversityHealthNetwork,https://jobs.smartrecruiters.com/UniversityHealthNetwork,https://api.smartrecruiters.com/v1/companies/UniversityHealthNetwork/postings,202,vendor,
smartrecruiters,UpEducation,UpEducation,https://jobs.smartrecruiters.com/UpEducation,https://api.smartrecruiters.com/v1/companies/UpEducation/postings,66,vendor,
smartrecruiters,UPROSPECT,UPROSPECT,https://jobs.smartrecruiters.com/UPROSPECT,https://api.smartrecruiters.com/v1/companies/UPROSPECT/postings,7,vendor,
smartrecruiters,USPhysicalTherapy2,USPhysicalTherapy2,https://jobs.smartrecruiters.com/USPhysicalTherapy2,https://api.smartrecruiters.com/v1/companies/USPhysicalTherapy2/postings,952,vendor,
smartrecruiters,UTAC,UTAC,https://jobs.smartrecruiters.com/UTAC,https://api.smartrecruiters.com/v1/companies/UTAC/postings,44,vendor,
smartrecruiters,ValeoFoods,ValeoFoods,https://jobs.smartrecruiters.com/ValeoFoods,https://api.smartrecruiters.com/v1/companies/ValeoFoods/postings,47,vendor,
smartrecruiters,VariosystemsAG,VariosystemsAG,https://jobs.smartrecruiters.com/VariosystemsAG,https://api.smartrecruiters.com/v1/companies/VariosystemsAG/postings,56,vendor,
smartrecruiters,vci,vci,https://jobs.smartrecruiters.com/vci,https://api.smartrecruiters.com/v1/companies/vci/postings,1,vendor,
smartrecruiters,VelaaPrivateIslandMaldives,VelaaPrivateIslandMaldives,https://jobs.smartrecruiters.com/VelaaPrivateIslandMaldives,https://api.smartrecruiters.com/v1/companies/VelaaPrivateIslandMaldives/postings,1,vendor,
smartrecruiters,VentureMedia,VentureMedia,https://jobs.smartrecruiters.com/VentureMedia,https://api.smartrecruiters.com/v1/companies/VentureMedia/postings,10,vendor,
smartrecruiters,veoliaenvironnementsa,veoliaenvironnementsa,https://jobs.smartrecruiters.com/veoliaenvironnementsa,https://api.smartrecruiters.com/v1/companies/veoliaenvironnementsa/postings,2909,vendor,
smartrecruiters,Versant3,Versant3,https://jobs.smartrecruiters.com/Versant3,https://api.smartrecruiters.com/v1/companies/Versant3/postings,165,vendor,
smartrecruiters,Version1,Version1,https://jobs.smartrecruiters.com/Version1,https://api.smartrecruiters.com/v1/companies/Version1/postings,172,vendor,
smartrecruiters,Vetoquinol,Vetoquinol,https://jobs.smartrecruiters.com/Vetoquinol,https://api.smartrecruiters.com/v1/companies/Vetoquinol/postings,18,vendor,
smartrecruiters,Videotron,Videotron,https://jobs.smartrecruiters.com/Videotron,https://api.smartrecruiters.com/v1/companies/Videotron/postings,79,vendor,
smartrecruiters,VillageVoice,VillageVoice,https://jobs.smartrecruiters.com/VillageVoice,https://api.smartrecruiters.com/v1/companies/VillageVoice/postings,5,vendor,
smartrecruiters,visa,visa,https://jobs.smartrecruiters.com/visa,https://api.smartrecruiters.com/v1/companies/visa/postings,0,vendor,
smartrecruiters,VitosgGmbH,VitosgGmbH,https://jobs.smartrecruiters.com/VitosgGmbH,https://api.smartrecruiters.com/v1/companies/VitosgGmbH/postings,275,vendor,
smartrecruiters,VITRUInternationalExecutiveRecruitment,VITRUInternationalExecutiveRecruitment,https://jobs.smartrecruiters.com/VITRUInternationalExecutiveRecruitment,https://api.smartrecruiters.com/v1/companies/VITRUInternationalExecutiveRecruitment/postings,1,vendor,
smartrecruiters,VuoriInc,VuoriInc,https://jobs.smartrecruiters.com/VuoriInc,https://api.smartrecruiters.com/v1/companies/VuoriInc/postings,293,vendor,
smartrecruiters,VusionGroupSA,VusionGroupSA,https://jobs.smartrecruiters.com/VusionGroupSA,https://api.smartrecruiters.com/v1/companies/VusionGroupSA/postings,69,vendor,
smartrecruiters,WabashValleyPowerAlliance,WabashValleyPowerAlliance,https://jobs.smartrecruiters.com/WabashValleyPowerAlliance,https://api.smartrecruiters.com/v1/companies/WabashValleyPowerAlliance/postings,21,vendor,
smartrecruiters,WaiChowPublicSchoolSheungShui,WaiChowPublicSchoolSheungShui,https://jobs.smartrecruiters.com/WaiChowPublicSchoolSheungShui,https://api.smartrecruiters.com/v1/companies/WaiChowPublicSchoolSheungShui/postings,3,vendor,
smartrecruiters,WAREMARenkhoffSE,WAREMARenkhoffSE,https://jobs.smartrecruiters.com/WAREMARenkhoffSE,https://api.smartrecruiters.com/v1/companies/WAREMARenkhoffSE/postings,61,vendor,
smartrecruiters,Wavestone1,Wavestone1,https://jobs.smartrecruiters.com/Wavestone1,https://api.smartrecruiters.com/v1/companies/Wavestone1/postings,285,vendor,
smartrecruiters,wayfair,wayfair,https://jobs.smartrecruiters.com/wayfair,https://api.smartrecruiters.com/v1/companies/wayfair/postings,1,vendor,
smartrecruiters,WCGInternationalConsultantsLtd,WCGInternationalConsultantsLtd,https://jobs.smartrecruiters.com/WCGInternationalConsultantsLtd,https://api.smartrecruiters.com/v1/companies/WCGInternationalConsultantsLtd/postings,35,vendor,
smartrecruiters,WeAreRosie,WeAreRosie,https://jobs.smartrecruiters.com/WeAreRosie,https://api.smartrecruiters.com/v1/companies/WeAreRosie/postings,19,vendor,
smartrecruiters,WeledaBeneluxSE,WeledaBeneluxSE,https://jobs.smartrecruiters.com/WeledaBeneluxSE,https://api.smartrecruiters.com/v1/companies/WeledaBeneluxSE/postings,4,vendor,
smartrecruiters,WellmarkInc,WellmarkInc,https://jobs.smartrecruiters.com/WellmarkInc,https://api.smartrecruiters.com/v1/companies/WellmarkInc/postings,34,vendor,
smartrecruiters,WernerMertzGmbH,WernerMertzGmbH,https://jobs.smartrecruiters.com/WernerMertzGmbH,https://api.smartrecruiters.com/v1/companies/WernerMertzGmbH/postings,37,vendor,
smartrecruiters,WesternDigital,WesternDigital,https://jobs.smartrecruiters.com/WesternDigital,https://api.smartrecruiters.com/v1/companies/WesternDigital/postings,367,vendor,
smartrecruiters,WesternSydneyUniversity,WesternSydneyUniversity,https://jobs.smartrecruiters.com/WesternSydneyUniversity,https://api.smartrecruiters.com/v1/companies/WesternSydneyUniversity/postings,36,vendor,
smartrecruiters,WetaWorkshop,WetaWorkshop,https://jobs.smartrecruiters.com/WetaWorkshop,https://api.smartrecruiters.com/v1/companies/WetaWorkshop/postings,2,vendor,
smartrecruiters,Whitecollars,Whitecollars,https://jobs.smartrecruiters.com/Whitecollars,https://api.smartrecruiters.com/v1/companies/Whitecollars/postings,10,vendor,
smartrecruiters,WildBrain,WildBrain,https://jobs.smartrecruiters.com/WildBrain,https://api.smartrecruiters.com/v1/companies/WildBrain/postings,19,vendor,
smartrecruiters,WilshireAdvisorsLLC,WilshireAdvisorsLLC,https://jobs.smartrecruiters.com/WilshireAdvisorsLLC,https://api.smartrecruiters.com/v1/companies/WilshireAdvisorsLLC/postings,16,vendor,
smartrecruiters,WinAir,WinAir,https://jobs.smartrecruiters.com/WinAir,https://api.smartrecruiters.com/v1/companies/WinAir/postings,3,vendor,
smartrecruiters,wise,wise,https://jobs.smartrecruiters.com/wise,https://api.smartrecruiters.com/v1/companies/wise/postings,441,vendor,
smartrecruiters,WiserSolutions,WiserSolutions,https://jobs.smartrecruiters.com/WiserSolutions,https://api.smartrecruiters.com/v1/companies/WiserSolutions/postings,4,vendor,
smartrecruiters,wix2,wix2,https://jobs.smartrecruiters.com/wix2,https://api.smartrecruiters.com/v1/companies/wix2/postings,49,vendor,
smartrecruiters,WNSGlobalServices144,WNSGlobalServices144,https://jobs.smartrecruiters.com/WNSGlobalServices144,https://api.smartrecruiters.com/v1/companies/WNSGlobalServices144/postings,342,vendor,
smartrecruiters,WorldWildlifeFundInc1,WorldWildlifeFundInc1,https://jobs.smartrecruiters.com/WorldWildlifeFundInc1,https://api.smartrecruiters.com/v1/companies/WorldWildlifeFundInc1/postings,44,vendor,
smartrecruiters,Worthix,Worthix,https://jobs.smartrecruiters.com/Worthix,https://api.smartrecruiters.com/v1/companies/Worthix/postings,3,vendor,
smartrecruiters,WSHGroup,WSHGroup,https://jobs.smartrecruiters.com/WSHGroup,https://api.smartrecruiters.com/v1/companies/WSHGroup/postings,720,vendor,
smartrecruiters,wynnresorts,wynnresorts,https://jobs.smartrecruiters.com/wynnresorts,https://api.smartrecruiters.com/v1/companies/wynnresorts/postings,135,vendor,
smartrecruiters,XceedSearchcom,XceedSearchcom,https://jobs.smartrecruiters.com/XceedSearchcom,https://api.smartrecruiters.com/v1/companies/XceedSearchcom/postings,10,vendor,
smartrecruiters,Xplor,Xplor,https://jobs.smartrecruiters.com/Xplor,https://api.smartrecruiters.com/v1/companies/Xplor/postings,240,vendor,
smartrecruiters,ZenosyneKft,ZenosyneKft,https://jobs.smartrecruiters.com/ZenosyneKft,https://api.smartrecruiters.com/v1/companies/ZenosyneKft/postings,1,vendor,
smartrecruiters,ZHDStevedores,ZHDStevedores,https://jobs.smartrecruiters.com/ZHDStevedores,https://api.smartrecruiters.com/v1/companies/ZHDStevedores/postings,9,vendor,
smartrecruiters,ZooplusSE,ZooplusSE,https://jobs.smartrecruiters.com/ZooplusSE,https://api.smartrecruiters.com/v1/companies/ZooplusSE/postings,50,vendor,
smartrecruiters,zooz,zooz,https://jobs.smartrecruiters.com/zooz,https://api.smartrecruiters.com/v1/companies/zooz/postings,1,vendor,
