platform,token,company,board_url,api_url,open_roles,count_basis,region
workable,1-stopasia,1-stopasia,https://apply.workable.com/1-stopasia,https://apply.workable.com/api/v1/widget/accounts/1-stopasia,3,observed,
workable,1000heads,1000heads,https://apply.workable.com/1000heads,https://apply.workable.com/api/v1/widget/accounts/1000heads,10,observed,
workable,1915-south-ashley,1915-south-ashley,https://apply.workable.com/1915-south-ashley,https://apply.workable.com/api/v1/widget/accounts/1915-south-ashley,66,observed,
workable,1global,1global,https://apply.workable.com/1global,https://apply.workable.com/api/v1/widget/accounts/1global,36,observed,
workable,1kosmos,1kosmos,https://apply.workable.com/1kosmos,https://apply.workable.com/api/v1/widget/accounts/1kosmos,14,observed,
workable,2-1-1-big-bend,2-1-1-big-bend,https://apply.workable.com/2-1-1-big-bend,https://apply.workable.com/api/v1/widget/accounts/2-1-1-big-bend,1,observed,
workable,2070health,2070health,https://apply.workable.com/2070health,https://apply.workable.com/api/v1/widget/accounts/2070health,99,observed,
workable,28stone,28stone,https://apply.workable.com/28stone,https://apply.workable.com/api/v1/widget/accounts/28stone,2,observed,
workable,315,315,https://apply.workable.com/315,https://apply.workable.com/api/v1/widget/accounts/315,8,observed,
workable,3degrees,3degrees,https://apply.workable.com/3degrees,https://apply.workable.com/api/v1/widget/accounts/3degrees,3,observed,
workable,3e,3e,https://apply.workable.com/3e,https://apply.workable.com/api/v1/widget/accounts/3e,10,observed,
workable,7thsense,7thsense,https://apply.workable.com/7thsense,https://apply.workable.com/api/v1/widget/accounts/7thsense,6,observed,
workable,99xbrazil,99xbrazil,https://apply.workable.com/99xbrazil,https://apply.workable.com/api/v1/widget/accounts/99xbrazil,1,observed,
workable,9dtechnologies-1,9dtechnologies-1,https://apply.workable.com/9dtechnologies-1,https://apply.workable.com/api/v1/widget/accounts/9dtechnologies-1,8,observed,
workable,a-hatzopoulos-sa,a-hatzopoulos-sa,https://apply.workable.com/a-hatzopoulos-sa,https://apply.workable.com/api/v1/widget/accounts/a-hatzopoulos-sa,5,observed,
workable,a-la-carte-solutions,a-la-carte-solutions,https://apply.workable.com/a-la-carte-solutions,https://apply.workable.com/api/v1/widget/accounts/a-la-carte-solutions,3,observed,
workable,a-more-perfect-union-the-jewish-partnership-for-democracy,a-more-perfect-union-the-jewish-partnership-for-democracy,https://apply.workable.com/a-more-perfect-union-the-jewish-partnership-for-democracy,https://apply.workable.com/api/v1/widget/accounts/a-more-perfect-union-the-jewish-partnership-for-democracy,1,observed,
workable,a17,a17,https://apply.workable.com/a17,https://apply.workable.com/api/v1/widget/accounts/a17,3,observed,
workable,a2e-technologies-1,a2e-technologies-1,https://apply.workable.com/a2e-technologies-1,https://apply.workable.com/api/v1/widget/accounts/a2e-technologies-1,9,observed,
workable,a2mac1,a2mac1,https://apply.workable.com/a2mac1,https://apply.workable.com/api/v1/widget/accounts/a2mac1,42,observed,
workable,aaaspecialty,aaaspecialty,https://apply.workable.com/aaaspecialty,https://apply.workable.com/api/v1/widget/accounts/aaaspecialty,3,observed,
workable,aand-m-architects-sa,aand-m-architects-sa,https://apply.workable.com/aand-m-architects-sa,https://apply.workable.com/api/v1/widget/accounts/aand-m-architects-sa,1,observed,
workable,aardvark-studios,aardvark-studios,https://apply.workable.com/aardvark-studios,https://apply.workable.com/api/v1/widget/accounts/aardvark-studios,5,observed,
workable,abakus-center,abakus-center,https://apply.workable.com/abakus-center,https://apply.workable.com/api/v1/widget/accounts/abakus-center,12,observed,
workable,abc-center,abc-center,https://apply.workable.com/abc-center,https://apply.workable.com/api/v1/widget/accounts/abc-center,16,observed,
workable,abcom,abcom,https://apply.workable.com/abcom,https://apply.workable.com/api/v1/widget/accounts/abcom,26,observed,
workable,abi-hiring,abi-hiring,https://apply.workable.com/abi-hiring,https://apply.workable.com/api/v1/widget/accounts/abi-hiring,8,observed,
workable,abis,abis,https://apply.workable.com/abis,https://apply.workable.com/api/v1/widget/accounts/abis,85,observed,
workable,abm-careers,abm-careers,https://apply.workable.com/abm-careers,https://apply.workable.com/api/v1/widget/accounts/abm-careers,153,observed,
workable,abpipeliners,abpipeliners,https://apply.workable.com/abpipeliners,https://apply.workable.com/api/v1/widget/accounts/abpipeliners,8,observed,
workable,abtrace,abtrace,https://apply.workable.com/abtrace,https://apply.workable.com/api/v1/widget/accounts/abtrace,15,observed,
workable,abu-dhabi-investment-council,abu-dhabi-investment-council,https://apply.workable.com/abu-dhabi-investment-council,https://apply.workable.com/api/v1/widget/accounts/abu-dhabi-investment-council,3,observed,
workable,abzorbagames,abzorbagames,https://apply.workable.com/abzorbagames,https://apply.workable.com/api/v1/widget/accounts/abzorbagames,0,observed,
workable,academy-of-medical-sciences,academy-of-medical-sciences,https://apply.workable.com/academy-of-medical-sciences,https://apply.workable.com/api/v1/widget/accounts/academy-of-medical-sciences,2,observed,
workable,accellor,accellor,https://apply.workable.com/accellor,https://apply.workable.com/api/v1/widget/accounts/accellor,34,observed,
workable,accepted-ltd,accepted-ltd,https://apply.workable.com/accepted-ltd,https://apply.workable.com/api/v1/widget/accounts/accepted-ltd,5,observed,
workable,access-bank,access-bank,https://apply.workable.com/access-bank,https://apply.workable.com/api/v1/widget/accounts/access-bank,39,observed,
workable,access-services-3,access-services-3,https://apply.workable.com/access-services-3,https://apply.workable.com/api/v1/widget/accounts/access-services-3,21,observed,
workable,accessorypower,accessorypower,https://apply.workable.com/accessorypower,https://apply.workable.com/api/v1/widget/accounts/accessorypower,2,observed,
workable,acclaro,acclaro,https://apply.workable.com/acclaro,https://apply.workable.com/api/v1/widget/accounts/acclaro,19,observed,
workable,accordia,accordia,https://apply.workable.com/accordia,https://apply.workable.com/api/v1/widget/accounts/accordia,3,observed,
workable,accurant,accurant,https://apply.workable.com/accurant,https://apply.workable.com/api/v1/widget/accounts/accurant,3,observed,
workable,acdisaster,acdisaster,https://apply.workable.com/acdisaster,https://apply.workable.com/api/v1/widget/accounts/acdisaster,11,observed,
workable,ace-it-careers-1,ace-it-careers-1,https://apply.workable.com/ace-it-careers-1,https://apply.workable.com/api/v1/widget/accounts/ace-it-careers-1,0,observed,
workable,ackerherz,ackerherz,https://apply.workable.com/ackerherz,https://apply.workable.com/api/v1/widget/accounts/ackerherz,2,observed,
workable,action-against-hunger,action-against-hunger,https://apply.workable.com/action-against-hunger,https://apply.workable.com/api/v1/widget/accounts/action-against-hunger,0,observed,
workable,action-day-schools,action-day-schools,https://apply.workable.com/action-day-schools,https://apply.workable.com/api/v1/widget/accounts/action-day-schools,9,observed,
workable,action1,action1,https://apply.workable.com/action1,https://apply.workable.com/api/v1/widget/accounts/action1,19,observed,
workable,actionline-ltd,actionline-ltd,https://apply.workable.com/actionline-ltd,https://apply.workable.com/api/v1/widget/accounts/actionline-ltd,51,observed,
workable,actionstep,actionstep,https://apply.workable.com/actionstep,https://apply.workable.com/api/v1/widget/accounts/actionstep,9,observed,
workable,activ-2,activ-2,https://apply.workable.com/activ-2,https://apply.workable.com/api/v1/widget/accounts/activ-2,3,observed,
workable,activate-interactive-pte-ltd,activate-interactive-pte-ltd,https://apply.workable.com/activate-interactive-pte-ltd,https://apply.workable.com/api/v1/widget/accounts/activate-interactive-pte-ltd,61,observed,
workable,activatecare,activatecare,https://apply.workable.com/activatecare,https://apply.workable.com/api/v1/widget/accounts/activatecare,24,observed,
workable,activtrak,activtrak,https://apply.workable.com/activtrak,https://apply.workable.com/api/v1/widget/accounts/activtrak,3,observed,
workable,acuity-insights,acuity-insights,https://apply.workable.com/acuity-insights,https://apply.workable.com/api/v1/widget/accounts/acuity-insights,4,observed,
workable,adia,adia,https://apply.workable.com/adia,https://apply.workable.com/api/v1/widget/accounts/adia,9,observed,
workable,admirals,admirals,https://apply.workable.com/admirals,https://apply.workable.com/api/v1/widget/accounts/admirals,1,observed,
workable,adoreal,adoreal,https://apply.workable.com/adoreal,https://apply.workable.com/api/v1/widget/accounts/adoreal,13,observed,
workable,adree,adree,https://apply.workable.com/adree,https://apply.workable.com/api/v1/widget/accounts/adree,6,observed,
workable,advancial,advancial,https://apply.workable.com/advancial,https://apply.workable.com/api/v1/widget/accounts/advancial,8,observed,
workable,advansys-esc-1,advansys-esc-1,https://apply.workable.com/advansys-esc-1,https://apply.workable.com/api/v1/widget/accounts/advansys-esc-1,55,observed,
workable,advantmed,advantmed,https://apply.workable.com/advantmed,https://apply.workable.com/api/v1/widget/accounts/advantmed,86,observed,
workable,advisacare-2,advisacare-2,https://apply.workable.com/advisacare-2,https://apply.workable.com/api/v1/widget/accounts/advisacare-2,248,observed,
workable,aerones,aerones,https://apply.workable.com/aerones,https://apply.workable.com/api/v1/widget/accounts/aerones,22,observed,
workable,aetos-systems-inc,aetos-systems-inc,https://apply.workable.com/aetos-systems-inc,https://apply.workable.com/api/v1/widget/accounts/aetos-systems-inc,7,observed,
workable,agad-technology,agad-technology,https://apply.workable.com/agad-technology,https://apply.workable.com/api/v1/widget/accounts/agad-technology,9,observed,
workable,agcp,agcp,https://apply.workable.com/agcp,https://apply.workable.com/api/v1/widget/accounts/agcp,6,observed,
workable,agile-robots,agile-robots,https://apply.workable.com/agile-robots,https://apply.workable.com/api/v1/widget/accounts/agile-robots,3,observed,
workable,agileactors,agileactors,https://apply.workable.com/agileactors,https://apply.workable.com/api/v1/widget/accounts/agileactors,25,observed,
workable,agility,agility,https://apply.workable.com/agility,https://apply.workable.com/api/v1/widget/accounts/agility,16,observed,
workable,ahsproperties,ahsproperties,https://apply.workable.com/ahsproperties,https://apply.workable.com/api/v1/widget/accounts/ahsproperties,24,observed,
workable,ai-acquisition,ai-acquisition,https://apply.workable.com/ai-acquisition,https://apply.workable.com/api/v1/widget/accounts/ai-acquisition,16,observed,
workable,aidey,aidey,https://apply.workable.com/aidey,https://apply.workable.com/api/v1/widget/accounts/aidey,15,observed,
workable,aion,aion,https://apply.workable.com/aion,https://apply.workable.com/api/v1/widget/accounts/aion,10,observed,
workable,airhelp,airhelp,https://apply.workable.com/airhelp,https://apply.workable.com/api/v1/widget/accounts/airhelp,6,observed,
workable,airrack,airrack,https://apply.workable.com/airrack,https://apply.workable.com/api/v1/widget/accounts/airrack,11,observed,
workable,airs-medical-inc,airs-medical-inc,https://apply.workable.com/airs-medical-inc,https://apply.workable.com/api/v1/widget/accounts/airs-medical-inc,13,observed,
workable,ajaia,ajaia,https://apply.workable.com/ajaia,https://apply.workable.com/api/v1/widget/accounts/ajaia,45,observed,
workable,akeno,akeno,https://apply.workable.com/akeno,https://apply.workable.com/api/v1/widget/accounts/akeno,4,observed,
workable,al-goodbody,al-goodbody,https://apply.workable.com/al-goodbody,https://apply.workable.com/api/v1/widget/accounts/al-goodbody,25,observed,
workable,alaro-city,alaro-city,https://apply.workable.com/alaro-city,https://apply.workable.com/api/v1/widget/accounts/alaro-city,13,observed,
workable,albert-bartlett,albert-bartlett,https://apply.workable.com/albert-bartlett,https://apply.workable.com/api/v1/widget/accounts/albert-bartlett,45,observed,
workable,albi,albi,https://apply.workable.com/albi,https://apply.workable.com/api/v1/widget/accounts/albi,10,observed,
workable,alcemy,alcemy,https://apply.workable.com/alcemy,https://apply.workable.com/api/v1/widget/accounts/alcemy,0,observed,
workable,alex-staff-agency-careers,alex-staff-agency-careers,https://apply.workable.com/alex-staff-agency-careers,https://apply.workable.com/api/v1/widget/accounts/alex-staff-agency-careers,15,observed,
workable,alexanders,alexanders,https://apply.workable.com/alexanders,https://apply.workable.com/api/v1/widget/accounts/alexanders,1,observed,
workable,algaecal,algaecal,https://apply.workable.com/algaecal,https://apply.workable.com/api/v1/widget/accounts/algaecal,22,observed,
workable,allego-1,allego-1,https://apply.workable.com/allego-1,https://apply.workable.com/api/v1/widget/accounts/allego-1,0,observed,
workable,allen-shariff-corporation,allen-shariff-corporation,https://apply.workable.com/allen-shariff-corporation,https://apply.workable.com/api/v1/widget/accounts/allen-shariff-corporation,8,observed,
workable,allgrandbrands,allgrandbrands,https://apply.workable.com/allgrandbrands,https://apply.workable.com/api/v1/widget/accounts/allgrandbrands,4,observed,
workable,allnet-dot-italia-spa,allnet-dot-italia-spa,https://apply.workable.com/allnet-dot-italia-spa,https://apply.workable.com/api/v1/widget/accounts/allnet-dot-italia-spa,4,observed,
workable,alloy-partners,alloy-partners,https://apply.workable.com/alloy-partners,https://apply.workable.com/api/v1/widget/accounts/alloy-partners,1,observed,
workable,allucent,allucent,https://apply.workable.com/allucent,https://apply.workable.com/api/v1/widget/accounts/allucent,30,observed,
workable,allwynnorthamerica,allwynnorthamerica,https://apply.workable.com/allwynnorthamerica,https://apply.workable.com/api/v1/widget/accounts/allwynnorthamerica,2,observed,
workable,allwynuk,allwynuk,https://apply.workable.com/allwynuk,https://apply.workable.com/api/v1/widget/accounts/allwynuk,21,observed,
workable,almaadvisorygroup,almaadvisorygroup,https://apply.workable.com/almaadvisorygroup,https://apply.workable.com/api/v1/widget/accounts/almaadvisorygroup,2,observed,
workable,alongside-team,alongside-team,https://apply.workable.com/alongside-team,https://apply.workable.com/api/v1/widget/accounts/alongside-team,14,observed,
workable,alpaca-vc,alpaca-vc,https://apply.workable.com/alpaca-vc,https://apply.workable.com/api/v1/widget/accounts/alpaca-vc,0,observed,
workable,alpinehomeair,alpinehomeair,https://apply.workable.com/alpinehomeair,https://apply.workable.com/api/v1/widget/accounts/alpinehomeair,3,observed,
workable,altalink,altalink,https://apply.workable.com/altalink,https://apply.workable.com/api/v1/widget/accounts/altalink,9,observed,
workable,alten-mexico-1,alten-mexico-1,https://apply.workable.com/alten-mexico-1,https://apply.workable.com/api/v1/widget/accounts/alten-mexico-1,258,observed,
workable,altom-transport,altom-transport,https://apply.workable.com/altom-transport,https://apply.workable.com/api/v1/widget/accounts/altom-transport,52,observed,
workable,altoros,altoros,https://apply.workable.com/altoros,https://apply.workable.com/api/v1/widget/accounts/altoros,3,observed,
workable,alumil,alumil,https://apply.workable.com/alumil,https://apply.workable.com/api/v1/widget/accounts/alumil,23,observed,
workable,alvariumbeer,alvariumbeer,https://apply.workable.com/alvariumbeer,https://apply.workable.com/api/v1/widget/accounts/alvariumbeer,1,observed,
workable,amartha,amartha,https://apply.workable.com/amartha,https://apply.workable.com/api/v1/widget/accounts/amartha,563,observed,
workable,amazing-athletes-2,amazing-athletes-2,https://apply.workable.com/amazing-athletes-2,https://apply.workable.com/api/v1/widget/accounts/amazing-athletes-2,247,observed,
workable,amazingcarecareers,amazingcarecareers,https://apply.workable.com/amazingcarecareers,https://apply.workable.com/api/v1/widget/accounts/amazingcarecareers,232,observed,
workable,amazingcareoutpatient,amazingcareoutpatient,https://apply.workable.com/amazingcareoutpatient,https://apply.workable.com/api/v1/widget/accounts/amazingcareoutpatient,27,observed,
workable,amcon-industrial,amcon-industrial,https://apply.workable.com/amcon-industrial,https://apply.workable.com/api/v1/widget/accounts/amcon-industrial,2,observed,
workable,american-concrete,american-concrete,https://apply.workable.com/american-concrete,https://apply.workable.com/api/v1/widget/accounts/american-concrete,12,observed,
workable,american-hoteland-lodging-association,american-hoteland-lodging-association,https://apply.workable.com/american-hoteland-lodging-association,https://apply.workable.com/api/v1/widget/accounts/american-hoteland-lodging-association,5,observed,
workable,american-institute-of-chemical-engineers,american-institute-of-chemical-engineers,https://apply.workable.com/american-institute-of-chemical-engineers,https://apply.workable.com/api/v1/widget/accounts/american-institute-of-chemical-engineers,2,observed,
workable,americanbatterytechnologycompany,americanbatterytechnologycompany,https://apply.workable.com/americanbatterytechnologycompany,https://apply.workable.com/api/v1/widget/accounts/americanbatterytechnologycompany,18,observed,
workable,amerilux-international,amerilux-international,https://apply.workable.com/amerilux-international,https://apply.workable.com/api/v1/widget/accounts/amerilux-international,25,observed,
workable,amexio,amexio,https://apply.workable.com/amexio,https://apply.workable.com/api/v1/widget/accounts/amexio,5,observed,
workable,ammortal,ammortal,https://apply.workable.com/ammortal,https://apply.workable.com/api/v1/widget/accounts/ammortal,3,observed,
workable,amoda,amoda,https://apply.workable.com/amoda,https://apply.workable.com/api/v1/widget/accounts/amoda,10,observed,
workable,amplio,amplio,https://apply.workable.com/amplio,https://apply.workable.com/api/v1/widget/accounts/amplio,1,observed,
workable,amprius,amprius,https://apply.workable.com/amprius,https://apply.workable.com/api/v1/widget/accounts/amprius,11,observed,
workable,ampthink,ampthink,https://apply.workable.com/ampthink,https://apply.workable.com/api/v1/widget/accounts/ampthink,5,observed,
workable,analytic-solutions-group,analytic-solutions-group,https://apply.workable.com/analytic-solutions-group,https://apply.workable.com/api/v1/widget/accounts/analytic-solutions-group,9,observed,
workable,anatomage,anatomage,https://apply.workable.com/anatomage,https://apply.workable.com/api/v1/widget/accounts/anatomage,14,observed,
workable,and-digital,and-digital,https://apply.workable.com/and-digital,https://apply.workable.com/api/v1/widget/accounts/and-digital,20,observed,
workable,andy-transport,andy-transport,https://apply.workable.com/andy-transport,https://apply.workable.com/api/v1/widget/accounts/andy-transport,2,observed,
workable,antenna,antenna,https://apply.workable.com/antenna,https://apply.workable.com/api/v1/widget/accounts/antenna,40,observed,
workable,anthro,anthro,https://apply.workable.com/anthro,https://apply.workable.com/api/v1/widget/accounts/anthro,3,observed,
workable,anvilogic-inc,anvilogic-inc,https://apply.workable.com/anvilogic-inc,https://apply.workable.com/api/v1/widget/accounts/anvilogic-inc,2,observed,
workable,anypear,anypear,https://apply.workable.com/anypear,https://apply.workable.com/api/v1/widget/accounts/anypear,0,observed,
workable,anza-xyz,anza-xyz,https://apply.workable.com/anza-xyz,https://apply.workable.com/api/v1/widget/accounts/anza-xyz,2,observed,
workable,aoc-global-services,aoc-global-services,https://apply.workable.com/aoc-global-services,https://apply.workable.com/api/v1/widget/accounts/aoc-global-services,6,observed,
workable,aosense,aosense,https://apply.workable.com/aosense,https://apply.workable.com/api/v1/widget/accounts/aosense,5,observed,
workable,aperture-london,aperture-london,https://apply.workable.com/aperture-london,https://apply.workable.com/api/v1/widget/accounts/aperture-london,9,observed,
workable,apex-network-1,apex-network-1,https://apply.workable.com/apex-network-1,https://apply.workable.com/api/v1/widget/accounts/apex-network-1,6,observed,
workable,apexwheels,apexwheels,https://apply.workable.com/apexwheels,https://apply.workable.com/api/v1/widget/accounts/apexwheels,1,observed,
workable,apivita,apivita,https://apply.workable.com/apivita,https://apply.workable.com/api/v1/widget/accounts/apivita,7,observed,
workable,apm-monaco,apm-monaco,https://apply.workable.com/apm-monaco,https://apply.workable.com/api/v1/widget/accounts/apm-monaco,181,observed,
workable,apna,apna,https://apply.workable.com/apna,https://apply.workable.com/api/v1/widget/accounts/apna,111,observed,
workable,apothekary,apothekary,https://apply.workable.com/apothekary,https://apply.workable.com/api/v1/widget/accounts/apothekary,0,observed,
workable,appgate,appgate,https://apply.workable.com/appgate,https://apply.workable.com/api/v1/widget/accounts/appgate,9,observed,
workable,applause-4,applause-4,https://apply.workable.com/applause-4,https://apply.workable.com/api/v1/widget/accounts/applause-4,1,observed,
workable,applied-physics-1,applied-physics-1,https://apply.workable.com/applied-physics-1,https://apply.workable.com/api/v1/widget/accounts/applied-physics-1,8,observed,
workable,appliedblockchain,appliedblockchain,https://apply.workable.com/appliedblockchain,https://apply.workable.com/api/v1/widget/accounts/appliedblockchain,0,observed,
workable,apply-superstaffjobs,apply-superstaffjobs,https://apply.workable.com/apply-superstaffjobs,https://apply.workable.com/api/v1/widget/accounts/apply-superstaffjobs,10,observed,
workable,apt-2026,apt-2026,https://apply.workable.com/apt-2026,https://apply.workable.com/api/v1/widget/accounts/apt-2026,0,observed,
workable,apt-resources,apt-resources,https://apply.workable.com/apt-resources,https://apply.workable.com/api/v1/widget/accounts/apt-resources,134,observed,
workable,aptihealth,aptihealth,https://apply.workable.com/aptihealth,https://apply.workable.com/api/v1/widget/accounts/aptihealth,3,observed,
workable,aptus-health-care,aptus-health-care,https://apply.workable.com/aptus-health-care,https://apply.workable.com/api/v1/widget/accounts/aptus-health-care,19,observed,
workable,aquaria,aquaria,https://apply.workable.com/aquaria,https://apply.workable.com/api/v1/widget/accounts/aquaria,5,observed,
workable,arabicai,arabicai,https://apply.workable.com/arabicai,https://apply.workable.com/api/v1/widget/accounts/arabicai,14,observed,
workable,araic,araic,https://apply.workable.com/araic,https://apply.workable.com/api/v1/widget/accounts/araic,13,observed,
workable,arch-aerial-llc,arch-aerial-llc,https://apply.workable.com/arch-aerial-llc,https://apply.workable.com/api/v1/widget/accounts/arch-aerial-llc,3,observed,
workable,archimed,archimed,https://apply.workable.com/archimed,https://apply.workable.com/api/v1/widget/accounts/archimed,14,observed,
workable,archistar,archistar,https://apply.workable.com/archistar,https://apply.workable.com/api/v1/widget/accounts/archistar,5,observed,
workable,architus,architus,https://apply.workable.com/architus,https://apply.workable.com/api/v1/widget/accounts/architus,7,observed,
workable,arcos,arcos,https://apply.workable.com/arcos,https://apply.workable.com/api/v1/widget/accounts/arcos,1,observed,
workable,arcsen,arcsen,https://apply.workable.com/arcsen,https://apply.workable.com/api/v1/widget/accounts/arcsen,13,observed,
workable,arcsite,arcsite,https://apply.workable.com/arcsite,https://apply.workable.com/api/v1/widget/accounts/arcsite,3,observed,
workable,arena-investors-lp,arena-investors-lp,https://apply.workable.com/arena-investors-lp,https://apply.workable.com/api/v1/widget/accounts/arena-investors-lp,26,observed,
workable,aretum,aretum,https://apply.workable.com/aretum,https://apply.workable.com/api/v1/widget/accounts/aretum,28,observed,
workable,aristotle,aristotle,https://apply.workable.com/aristotle,https://apply.workable.com/api/v1/widget/accounts/aristotle,12,observed,
workable,arkham-technologies,arkham-technologies,https://apply.workable.com/arkham-technologies,https://apply.workable.com/api/v1/widget/accounts/arkham-technologies,12,observed,
workable,arondite,arondite,https://apply.workable.com/arondite,https://apply.workable.com/api/v1/widget/accounts/arondite,17,observed,
workable,arvo,arvo,https://apply.workable.com/arvo,https://apply.workable.com/api/v1/widget/accounts/arvo,33,observed,
workable,ascendis-pharma,ascendis-pharma,https://apply.workable.com/ascendis-pharma,https://apply.workable.com/api/v1/widget/accounts/ascendis-pharma,60,observed,
workable,asco-equipment,asco-equipment,https://apply.workable.com/asco-equipment,https://apply.workable.com/api/v1/widget/accounts/asco-equipment,93,observed,
workable,asi-student-government,asi-student-government,https://apply.workable.com/asi-student-government,https://apply.workable.com/api/v1/widget/accounts/asi-student-government,1,observed,
workable,assala-energy,assala-energy,https://apply.workable.com/assala-energy,https://apply.workable.com/api/v1/widget/accounts/assala-energy,16,observed,
workable,assist-rx,assist-rx,https://apply.workable.com/assist-rx,https://apply.workable.com/api/v1/widget/accounts/assist-rx,1,observed,
workable,assistant-launch,assistant-launch,https://apply.workable.com/assistant-launch,https://apply.workable.com/api/v1/widget/accounts/assistant-launch,4,observed,
workable,assistiq,assistiq,https://apply.workable.com/assistiq,https://apply.workable.com/api/v1/widget/accounts/assistiq,5,observed,
workable,associacanada,associacanada,https://apply.workable.com/associacanada,https://apply.workable.com/api/v1/widget/accounts/associacanada,17,observed,
workable,associated-students-inc,associated-students-inc,https://apply.workable.com/associated-students-inc,https://apply.workable.com/api/v1/widget/accounts/associated-students-inc,11,observed,
workable,associated-veterinary-partners,associated-veterinary-partners,https://apply.workable.com/associated-veterinary-partners,https://apply.workable.com/api/v1/widget/accounts/associated-veterinary-partners,37,observed,
workable,assurasource,assurasource,https://apply.workable.com/assurasource,https://apply.workable.com/api/v1/widget/accounts/assurasource,10,observed,
workable,assurity-trusted-solutions,assurity-trusted-solutions,https://apply.workable.com/assurity-trusted-solutions,https://apply.workable.com/api/v1/widget/accounts/assurity-trusted-solutions,43,observed,
workable,astorandsanders,astorandsanders,https://apply.workable.com/astorandsanders,https://apply.workable.com/api/v1/widget/accounts/astorandsanders,20,observed,
workable,astrome-technologies,astrome-technologies,https://apply.workable.com/astrome-technologies,https://apply.workable.com/api/v1/widget/accounts/astrome-technologies,9,observed,
workable,atec-spine,atec-spine,https://apply.workable.com/atec-spine,https://apply.workable.com/api/v1/widget/accounts/atec-spine,29,observed,
workable,atheer-act,atheer-act,https://apply.workable.com/atheer-act,https://apply.workable.com/api/v1/widget/accounts/atheer-act,0,observed,
workable,athenacloud,athenacloud,https://apply.workable.com/athenacloud,https://apply.workable.com/api/v1/widget/accounts/athenacloud,6,observed,
workable,athens-technology-center-1,athens-technology-center-1,https://apply.workable.com/athens-technology-center-1,https://apply.workable.com/api/v1/widget/accounts/athens-technology-center-1,0,observed,
workable,atlantbh,atlantbh,https://apply.workable.com/atlantbh,https://apply.workable.com/api/v1/widget/accounts/atlantbh,4,observed,
workable,atleanworld,atleanworld,https://apply.workable.com/atleanworld,https://apply.workable.com/api/v1/widget/accounts/atleanworld,180,observed,
workable,atmio,atmio,https://apply.workable.com/atmio,https://apply.workable.com/api/v1/widget/accounts/atmio,2,observed,
workable,atria-health,atria-health,https://apply.workable.com/atria-health,https://apply.workable.com/api/v1/widget/accounts/atria-health,99,observed,
workable,atum-ventures,atum-ventures,https://apply.workable.com/atum-ventures,https://apply.workable.com/api/v1/widget/accounts/atum-ventures,8,observed,
workable,audiostack,audiostack,https://apply.workable.com/audiostack,https://apply.workable.com/api/v1/widget/accounts/audiostack,1,observed,
workable,aurora-3,aurora-3,https://apply.workable.com/aurora-3,https://apply.workable.com/api/v1/widget/accounts/aurora-3,10,observed,
workable,aurora-behavioral-charter-oak,aurora-behavioral-charter-oak,https://apply.workable.com/aurora-behavioral-charter-oak,https://apply.workable.com/api/v1/widget/accounts/aurora-behavioral-charter-oak,12,observed,
workable,australian-christian-college,australian-christian-college,https://apply.workable.com/australian-christian-college,https://apply.workable.com/api/v1/widget/accounts/australian-christian-college,70,observed,
workable,autofleet,autofleet,https://apply.workable.com/autofleet,https://apply.workable.com/api/v1/widget/accounts/autofleet,7,observed,
workable,autoleap,autoleap,https://apply.workable.com/autoleap,https://apply.workable.com/api/v1/widget/accounts/autoleap,6,observed,
workable,automotive-modus-group,automotive-modus-group,https://apply.workable.com/automotive-modus-group,https://apply.workable.com/api/v1/widget/accounts/automotive-modus-group,4,observed,
workable,autorentals,autorentals,https://apply.workable.com/autorentals,https://apply.workable.com/api/v1/widget/accounts/autorentals,2,observed,
workable,avint,avint,https://apply.workable.com/avint,https://apply.workable.com/api/v1/widget/accounts/avint,11,observed,
workable,avis-greece,avis-greece,https://apply.workable.com/avis-greece,https://apply.workable.com/api/v1/widget/accounts/avis-greece,15,observed,
workable,avk-seg-uk-ltd,avk-seg-uk-ltd,https://apply.workable.com/avk-seg-uk-ltd,https://apply.workable.com/api/v1/widget/accounts/avk-seg-uk-ltd,18,observed,
workable,avomind,avomind,https://apply.workable.com/avomind,https://apply.workable.com/api/v1/widget/accounts/avomind,256,observed,
workable,awesomemotive,awesomemotive,https://apply.workable.com/awesomemotive,https://apply.workable.com/api/v1/widget/accounts/awesomemotive,1,observed,
workable,axesinmotion,axesinmotion,https://apply.workable.com/axesinmotion,https://apply.workable.com/api/v1/widget/accounts/axesinmotion,1,observed,
workable,axur,axur,https://apply.workable.com/axur,https://apply.workable.com/api/v1/widget/accounts/axur,0,observed,
workable,ayana,ayana,https://apply.workable.com/ayana,https://apply.workable.com/api/v1/widget/accounts/ayana,120,observed,
workable,azeus-convene,azeus-convene,https://apply.workable.com/azeus-convene,https://apply.workable.com/api/v1/widget/accounts/azeus-convene,38,observed,
workable,azumo,azumo,https://apply.workable.com/azumo,https://apply.workable.com/api/v1/widget/accounts/azumo,10,observed,
workable,backtotheroots,backtotheroots,https://apply.workable.com/backtotheroots,https://apply.workable.com/api/v1/widget/accounts/backtotheroots,0,observed,
workable,bacr,bacr,https://apply.workable.com/bacr,https://apply.workable.com/api/v1/widget/accounts/bacr,0,observed,
workable,baesman-group-inc,baesman-group-inc,https://apply.workable.com/baesman-group-inc,https://apply.workable.com/api/v1/widget/accounts/baesman-group-inc,9,observed,
workable,bairnsdale-christian-college,bairnsdale-christian-college,https://apply.workable.com/bairnsdale-christian-college,https://apply.workable.com/api/v1/widget/accounts/bairnsdale-christian-college,4,observed,
workable,ballingerco,ballingerco,https://apply.workable.com/ballingerco,https://apply.workable.com/api/v1/widget/accounts/ballingerco,13,observed,
workable,ballotpedia,ballotpedia,https://apply.workable.com/ballotpedia,https://apply.workable.com/api/v1/widget/accounts/ballotpedia,6,observed,
workable,bank-al-etihad,bank-al-etihad,https://apply.workable.com/bank-al-etihad,https://apply.workable.com/api/v1/widget/accounts/bank-al-etihad,19,observed,
workable,banksvaluation,banksvaluation,https://apply.workable.com/banksvaluation,https://apply.workable.com/api/v1/widget/accounts/banksvaluation,30,observed,
workable,bardel-entertainment,bardel-entertainment,https://apply.workable.com/bardel-entertainment,https://apply.workable.com/api/v1/widget/accounts/bardel-entertainment,9,observed,
workable,barfoots-of-botley-2,barfoots-of-botley-2,https://apply.workable.com/barfoots-of-botley-2,https://apply.workable.com/api/v1/widget/accounts/barfoots-of-botley-2,7,observed,
workable,barre3,barre3,https://apply.workable.com/barre3,https://apply.workable.com/api/v1/widget/accounts/barre3,3,observed,
workable,bartlett-and-co-dot-llc,bartlett-and-co-dot-llc,https://apply.workable.com/bartlett-and-co-dot-llc,https://apply.workable.com/api/v1/widget/accounts/bartlett-and-co-dot-llc,4,observed,
workable,basetwo,basetwo,https://apply.workable.com/basetwo,https://apply.workable.com/api/v1/widget/accounts/basetwo,5,observed,
workable,basis-health-1,basis-health-1,https://apply.workable.com/basis-health-1,https://apply.workable.com/api/v1/widget/accounts/basis-health-1,4,observed,
workable,bask-health-1,bask-health-1,https://apply.workable.com/bask-health-1,https://apply.workable.com/api/v1/widget/accounts/bask-health-1,28,observed,
workable,bauermediaoutdoor,bauermediaoutdoor,https://apply.workable.com/bauermediaoutdoor,https://apply.workable.com/api/v1/widget/accounts/bauermediaoutdoor,15,observed,
workable,bayutdubizzle,bayutdubizzle,https://apply.workable.com/bayutdubizzle,https://apply.workable.com/api/v1/widget/accounts/bayutdubizzle,40,observed,
workable,bband-e-1,bband-e-1,https://apply.workable.com/bband-e-1,https://apply.workable.com/api/v1/widget/accounts/bband-e-1,40,observed,
workable,bbgc,bbgc,https://apply.workable.com/bbgc,https://apply.workable.com/api/v1/widget/accounts/bbgc,19,observed,
workable,bce,bce,https://apply.workable.com/bce,https://apply.workable.com/api/v1/widget/accounts/bce,19,observed,
workable,be-love,be-love,https://apply.workable.com/be-love,https://apply.workable.com/api/v1/widget/accounts/be-love,2,observed,
workable,beamng,beamng,https://apply.workable.com/beamng,https://apply.workable.com/api/v1/widget/accounts/beamng,5,observed,
workable,beeflow,beeflow,https://apply.workable.com/beeflow,https://apply.workable.com/api/v1/widget/accounts/beeflow,29,observed,
workable,behavioral-health-works,behavioral-health-works,https://apply.workable.com/behavioral-health-works,https://apply.workable.com/api/v1/widget/accounts/behavioral-health-works,22,observed,
workable,belmond-uk-ltd,belmond-uk-ltd,https://apply.workable.com/belmond-uk-ltd,https://apply.workable.com/api/v1/widget/accounts/belmond-uk-ltd,271,observed,
workable,belmont-lavan-ltd,belmont-lavan-ltd,https://apply.workable.com/belmont-lavan-ltd,https://apply.workable.com/api/v1/widget/accounts/belmont-lavan-ltd,13,observed,
workable,belong-3,belong-3,https://apply.workable.com/belong-3,https://apply.workable.com/api/v1/widget/accounts/belong-3,62,observed,
workable,belong-6,belong-6,https://apply.workable.com/belong-6,https://apply.workable.com/api/v1/widget/accounts/belong-6,4,observed,
workable,benivo,benivo,https://apply.workable.com/benivo,https://apply.workable.com/api/v1/widget/accounts/benivo,2,observed,
workable,beond,beond,https://apply.workable.com/beond,https://apply.workable.com/api/v1/widget/accounts/beond,9,observed,
workable,berry-street,berry-street,https://apply.workable.com/berry-street,https://apply.workable.com/api/v1/widget/accounts/berry-street,59,observed,
workable,berryvirtual,berryvirtual,https://apply.workable.com/berryvirtual,https://apply.workable.com/api/v1/widget/accounts/berryvirtual,82,observed,
workable,betabox,betabox,https://apply.workable.com/betabox,https://apply.workable.com/api/v1/widget/accounts/betabox,1,observed,
workable,bethel-music-5,bethel-music-5,https://apply.workable.com/bethel-music-5,https://apply.workable.com/api/v1/widget/accounts/bethel-music-5,2,observed,
workable,beyondco,beyondco,https://apply.workable.com/beyondco,https://apply.workable.com/api/v1/widget/accounts/beyondco,4,observed,
workable,bezos,bezos,https://apply.workable.com/bezos,https://apply.workable.com/api/v1/widget/accounts/bezos,5,observed,
workable,biffa,biffa,https://apply.workable.com/biffa,https://apply.workable.com/api/v1/widget/accounts/biffa,118,observed,
workable,bigdatacorp,bigdatacorp,https://apply.workable.com/bigdatacorp,https://apply.workable.com/api/v1/widget/accounts/bigdatacorp,8,observed,
workable,billings-flying-service,billings-flying-service,https://apply.workable.com/billings-flying-service,https://apply.workable.com/api/v1/widget/accounts/billings-flying-service,6,observed,
workable,biocytogen,biocytogen,https://apply.workable.com/biocytogen,https://apply.workable.com/api/v1/widget/accounts/biocytogen,19,observed,
workable,bipventures,bipventures,https://apply.workable.com/bipventures,https://apply.workable.com/api/v1/widget/accounts/bipventures,3,observed,
workable,bizee,bizee,https://apply.workable.com/bizee,https://apply.workable.com/api/v1/widget/accounts/bizee,2,observed,
workable,biztory,biztory,https://apply.workable.com/biztory,https://apply.workable.com/api/v1/widget/accounts/biztory,4,observed,
workable,black-futures-lab,black-futures-lab,https://apply.workable.com/black-futures-lab,https://apply.workable.com/api/v1/widget/accounts/black-futures-lab,4,observed,
workable,blacklinesafety,blacklinesafety,https://apply.workable.com/blacklinesafety,https://apply.workable.com/api/v1/widget/accounts/blacklinesafety,19,observed,
workable,blackspectacles,blackspectacles,https://apply.workable.com/blackspectacles,https://apply.workable.com/api/v1/widget/accounts/blackspectacles,1,observed,
workable,blackstone,blackstone,https://apply.workable.com/blackstone,https://apply.workable.com/api/v1/widget/accounts/blackstone,5,observed,
workable,blackstone-eit-2,blackstone-eit-2,https://apply.workable.com/blackstone-eit-2,https://apply.workable.com/api/v1/widget/accounts/blackstone-eit-2,113,observed,
workable,blast,blast,https://apply.workable.com/blast,https://apply.workable.com/api/v1/widget/accounts/blast,4,observed,
workable,blew,blew,https://apply.workable.com/blew,https://apply.workable.com/api/v1/widget/accounts/blew,53,observed,
workable,bloomlife,bloomlife,https://apply.workable.com/bloomlife,https://apply.workable.com/api/v1/widget/accounts/bloomlife,4,observed,
workable,blue-altair,blue-altair,https://apply.workable.com/blue-altair,https://apply.workable.com/api/v1/widget/accounts/blue-altair,12,observed,
workable,blue-raster,blue-raster,https://apply.workable.com/blue-raster,https://apply.workable.com/api/v1/widget/accounts/blue-raster,2,observed,
workable,blue-sky-plumbingand-heating,blue-sky-plumbingand-heating,https://apply.workable.com/blue-sky-plumbingand-heating,https://apply.workable.com/api/v1/widget/accounts/blue-sky-plumbingand-heating,11,observed,
workable,blue-sky-utility,blue-sky-utility,https://apply.workable.com/blue-sky-utility,https://apply.workable.com/api/v1/widget/accounts/blue-sky-utility,4,observed,
workable,blue-united-sourcing,blue-united-sourcing,https://apply.workable.com/blue-united-sourcing,https://apply.workable.com/api/v1/widget/accounts/blue-united-sourcing,114,observed,
workable,blueapache-pty-ltd,blueapache-pty-ltd,https://apply.workable.com/blueapache-pty-ltd,https://apply.workable.com/api/v1/widget/accounts/blueapache-pty-ltd,4,observed,
workable,blueflag,blueflag,https://apply.workable.com/blueflag,https://apply.workable.com/api/v1/widget/accounts/blueflag,2,observed,
workable,blueground,blueground,https://apply.workable.com/blueground,https://apply.workable.com/api/v1/widget/accounts/blueground,9,observed,
workable,blueprint-health,blueprint-health,https://apply.workable.com/blueprint-health,https://apply.workable.com/api/v1/widget/accounts/blueprint-health,0,observed,
workable,bluetuskr,bluetuskr,https://apply.workable.com/bluetuskr,https://apply.workable.com/api/v1/widget/accounts/bluetuskr,6,observed,
workable,bmat,bmat,https://apply.workable.com/bmat,https://apply.workable.com/api/v1/widget/accounts/bmat,3,observed,
workable,bme-strategies,bme-strategies,https://apply.workable.com/bme-strategies,https://apply.workable.com/api/v1/widget/accounts/bme-strategies,11,observed,
workable,bmgt,bmgt,https://apply.workable.com/bmgt,https://apply.workable.com/api/v1/widget/accounts/bmgt,11,observed,
workable,bnberry,bnberry,https://apply.workable.com/bnberry,https://apply.workable.com/api/v1/widget/accounts/bnberry,10,observed,
workable,boilertubes,boilertubes,https://apply.workable.com/boilertubes,https://apply.workable.com/api/v1/widget/accounts/boilertubes,7,observed,
workable,boldr-1,boldr-1,https://apply.workable.com/boldr-1,https://apply.workable.com/api/v1/widget/accounts/boldr-1,60,observed,
workable,booknook-inc,booknook-inc,https://apply.workable.com/booknook-inc,https://apply.workable.com/api/v1/widget/accounts/booknook-inc,5,observed,
workable,booksy-1,booksy-1,https://apply.workable.com/booksy-1,https://apply.workable.com/api/v1/widget/accounts/booksy-1,9,observed,
workable,boost,boost,https://apply.workable.com/boost,https://apply.workable.com/api/v1/widget/accounts/boost,1,observed,
workable,boostdraft,boostdraft,https://apply.workable.com/boostdraft,https://apply.workable.com/api/v1/widget/accounts/boostdraft,6,observed,
workable,borrowell,borrowell,https://apply.workable.com/borrowell,https://apply.workable.com/api/v1/widget/accounts/borrowell,3,observed,
workable,botpress,botpress,https://apply.workable.com/botpress,https://apply.workable.com/api/v1/widget/accounts/botpress,8,observed,
workable,botsync-1,botsync-1,https://apply.workable.com/botsync-1,https://apply.workable.com/api/v1/widget/accounts/botsync-1,23,observed,
workable,boulder-housing-partners,boulder-housing-partners,https://apply.workable.com/boulder-housing-partners,https://apply.workable.com/api/v1/widget/accounts/boulder-housing-partners,7,observed,
workable,braven,braven,https://apply.workable.com/braven,https://apply.workable.com/api/v1/widget/accounts/braven,28,observed,
workable,breakaway,breakaway,https://apply.workable.com/breakaway,https://apply.workable.com/api/v1/widget/accounts/breakaway,1,observed,
workable,bremer-whyte-brownand-omeara-llp,bremer-whyte-brownand-omeara-llp,https://apply.workable.com/bremer-whyte-brownand-omeara-llp,https://apply.workable.com/api/v1/widget/accounts/bremer-whyte-brownand-omeara-llp,19,observed,
workable,bridewell,bridewell,https://apply.workable.com/bridewell,https://apply.workable.com/api/v1/widget/accounts/bridewell,14,observed,
workable,bridge33capital,bridge33capital,https://apply.workable.com/bridge33capital,https://apply.workable.com/api/v1/widget/accounts/bridge33capital,19,observed,
workable,bridgit,bridgit,https://apply.workable.com/bridgit,https://apply.workable.com/api/v1/widget/accounts/bridgit,3,observed,
workable,brightorder,brightorder,https://apply.workable.com/brightorder,https://apply.workable.com/api/v1/widget/accounts/brightorder,2,observed,
workable,briljent,briljent,https://apply.workable.com/briljent,https://apply.workable.com/api/v1/widget/accounts/briljent,6,observed,
workable,brilliant-corners,brilliant-corners,https://apply.workable.com/brilliant-corners,https://apply.workable.com/api/v1/widget/accounts/brilliant-corners,15,observed,
workable,brooklyn-waldorf-school,brooklyn-waldorf-school,https://apply.workable.com/brooklyn-waldorf-school,https://apply.workable.com/api/v1/widget/accounts/brooklyn-waldorf-school,5,observed,
workable,bswarena,bswarena,https://apply.workable.com/bswarena,https://apply.workable.com/api/v1/widget/accounts/bswarena,4,observed,
workable,bully-pulpit-international-1,bully-pulpit-international-1,https://apply.workable.com/bully-pulpit-international-1,https://apply.workable.com/api/v1/widget/accounts/bully-pulpit-international-1,19,observed,
workable,burkes,burkes,https://apply.workable.com/burkes,https://apply.workable.com/api/v1/widget/accounts/burkes,0,observed,
workable,burq,burq,https://apply.workable.com/burq,https://apply.workable.com/api/v1/widget/accounts/burq,16,observed,
workable,bushand-bush-law-group,bushand-bush-law-group,https://apply.workable.com/bushand-bush-law-group,https://apply.workable.com/api/v1/widget/accounts/bushand-bush-law-group,38,observed,
workable,busplanner,busplanner,https://apply.workable.com/busplanner,https://apply.workable.com/api/v1/widget/accounts/busplanner,6,observed,
workable,busright,busright,https://apply.workable.com/busright,https://apply.workable.com/api/v1/widget/accounts/busright,3,observed,
workable,buzz-oates,buzz-oates,https://apply.workable.com/buzz-oates,https://apply.workable.com/api/v1/widget/accounts/buzz-oates,1,observed,
workable,bw-energy,bw-energy,https://apply.workable.com/bw-energy,https://apply.workable.com/api/v1/widget/accounts/bw-energy,16,observed,
workable,bwise-media-ag,bwise-media-ag,https://apply.workable.com/bwise-media-ag,https://apply.workable.com/api/v1/widget/accounts/bwise-media-ag,1,observed,
workable,bystadium,bystadium,https://apply.workable.com/bystadium,https://apply.workable.com/api/v1/widget/accounts/bystadium,10,observed,
workable,c-serv,c-serv,https://apply.workable.com/c-serv,https://apply.workable.com/api/v1/widget/accounts/c-serv,12,observed,
workable,c-the-signs,c-the-signs,https://apply.workable.com/c-the-signs,https://apply.workable.com/api/v1/widget/accounts/c-the-signs,5,observed,
workable,cache,cache,https://apply.workable.com/cache,https://apply.workable.com/api/v1/widget/accounts/cache,20,observed,
workable,cachefly,cachefly,https://apply.workable.com/cachefly,https://apply.workable.com/api/v1/widget/accounts/cachefly,0,observed,
workable,caddi,caddi,https://apply.workable.com/caddi,https://apply.workable.com/api/v1/widget/accounts/caddi,16,observed,
workable,cadillacf1team,cadillacf1team,https://apply.workable.com/cadillacf1team,https://apply.workable.com/api/v1/widget/accounts/cadillacf1team,22,observed,
workable,cadmus-io,cadmus-io,https://apply.workable.com/cadmus-io,https://apply.workable.com/api/v1/widget/accounts/cadmus-io,5,observed,
workable,cairn-partners-1,cairn-partners-1,https://apply.workable.com/cairn-partners-1,https://apply.workable.com/api/v1/widget/accounts/cairn-partners-1,7,observed,
workable,cal-farleys-boys-ranch,cal-farleys-boys-ranch,https://apply.workable.com/cal-farleys-boys-ranch,https://apply.workable.com/api/v1/widget/accounts/cal-farleys-boys-ranch,25,observed,
workable,calibrant-energy,calibrant-energy,https://apply.workable.com/calibrant-energy,https://apply.workable.com/api/v1/widget/accounts/calibrant-energy,5,observed,
workable,callminer,callminer,https://apply.workable.com/callminer,https://apply.workable.com/api/v1/widget/accounts/callminer,6,observed,
workable,calvary-hospital,calvary-hospital,https://apply.workable.com/calvary-hospital,https://apply.workable.com/api/v1/widget/accounts/calvary-hospital,41,observed,
workable,cambridge-gan-devices,cambridge-gan-devices,https://apply.workable.com/cambridge-gan-devices,https://apply.workable.com/api/v1/widget/accounts/cambridge-gan-devices,6,observed,
workable,cambridge-healthcare-research,cambridge-healthcare-research,https://apply.workable.com/cambridge-healthcare-research,https://apply.workable.com/api/v1/widget/accounts/cambridge-healthcare-research,6,observed,
workable,camino-partners-1,camino-partners-1,https://apply.workable.com/camino-partners-1,https://apply.workable.com/api/v1/widget/accounts/camino-partners-1,2,observed,
workable,camtran,camtran,https://apply.workable.com/camtran,https://apply.workable.com/api/v1/widget/accounts/camtran,9,observed,
workable,cand-m-dredging-inc,cand-m-dredging-inc,https://apply.workable.com/cand-m-dredging-inc,https://apply.workable.com/api/v1/widget/accounts/cand-m-dredging-inc,5,observed,
workable,candyai,candyai,https://apply.workable.com/candyai,https://apply.workable.com/api/v1/widget/accounts/candyai,1,observed,
workable,canopie,canopie,https://apply.workable.com/canopie,https://apply.workable.com/api/v1/widget/accounts/canopie,0,observed,
workable,canopy-7,canopy-7,https://apply.workable.com/canopy-7,https://apply.workable.com/api/v1/widget/accounts/canopy-7,2,observed,
workable,capgemini-insurance,capgemini-insurance,https://apply.workable.com/capgemini-insurance,https://apply.workable.com/api/v1/widget/accounts/capgemini-insurance,191,observed,
workable,capital-economics,capital-economics,https://apply.workable.com/capital-economics,https://apply.workable.com/api/v1/widget/accounts/capital-economics,3,observed,
workable,capital-factory,capital-factory,https://apply.workable.com/capital-factory,https://apply.workable.com/api/v1/widget/accounts/capital-factory,8,observed,
workable,capitex,capitex,https://apply.workable.com/capitex,https://apply.workable.com/api/v1/widget/accounts/capitex,113,observed,
workable,capula-investment-management-ltd,capula-investment-management-ltd,https://apply.workable.com/capula-investment-management-ltd,https://apply.workable.com/api/v1/widget/accounts/capula-investment-management-ltd,10,observed,
workable,care-harmony,care-harmony,https://apply.workable.com/care-harmony,https://apply.workable.com/api/v1/widget/accounts/care-harmony,68,observed,
workable,careacross,careacross,https://apply.workable.com/careacross,https://apply.workable.com/api/v1/widget/accounts/careacross,1,observed,
workable,careers-at-sleek,careers-at-sleek,https://apply.workable.com/careers-at-sleek,https://apply.workable.com/api/v1/widget/accounts/careers-at-sleek,37,observed,
workable,careers-sixflags-and-aquarabia,careers-sixflags-and-aquarabia,https://apply.workable.com/careers-sixflags-and-aquarabia,https://apply.workable.com/api/v1/widget/accounts/careers-sixflags-and-aquarabia,15,observed,
workable,carefound-home-care,carefound-home-care,https://apply.workable.com/carefound-home-care,https://apply.workable.com/api/v1/widget/accounts/carefound-home-care,10,observed,
workable,carewell,carewell,https://apply.workable.com/carewell,https://apply.workable.com/api/v1/widget/accounts/carewell,12,observed,
workable,carmoola-1,carmoola-1,https://apply.workable.com/carmoola-1,https://apply.workable.com/api/v1/widget/accounts/carmoola-1,4,observed,
workable,carrie-rikonand-associates,carrie-rikonand-associates,https://apply.workable.com/carrie-rikonand-associates,https://apply.workable.com/api/v1/widget/accounts/carrie-rikonand-associates,110,observed,
workable,catilas-resources-limited,catilas-resources-limited,https://apply.workable.com/catilas-resources-limited,https://apply.workable.com/api/v1/widget/accounts/catilas-resources-limited,23,observed,
workable,caxton,caxton,https://apply.workable.com/caxton,https://apply.workable.com/api/v1/widget/accounts/caxton,22,observed,
workable,cbh-homes,cbh-homes,https://apply.workable.com/cbh-homes,https://apply.workable.com/api/v1/widget/accounts/cbh-homes,26,observed,
workable,ccres,ccres,https://apply.workable.com/ccres,https://apply.workable.com/api/v1/widget/accounts/ccres,77,observed,
workable,cdp,cdp,https://apply.workable.com/cdp,https://apply.workable.com/api/v1/widget/accounts/cdp,5,observed,
workable,celestino,celestino,https://apply.workable.com/celestino,https://apply.workable.com/api/v1/widget/accounts/celestino,21,observed,
workable,cellply,cellply,https://apply.workable.com/cellply,https://apply.workable.com/api/v1/widget/accounts/cellply,1,observed,
workable,celsius,celsius,https://apply.workable.com/celsius,https://apply.workable.com/api/v1/widget/accounts/celsius,55,observed,
workable,centorrino-technologies,centorrino-technologies,https://apply.workable.com/centorrino-technologies,https://apply.workable.com/api/v1/widget/accounts/centorrino-technologies,34,observed,
workable,central-houston-inc,central-houston-inc,https://apply.workable.com/central-houston-inc,https://apply.workable.com/api/v1/widget/accounts/central-houston-inc,0,observed,
workable,centralapp,centralapp,https://apply.workable.com/centralapp,https://apply.workable.com/api/v1/widget/accounts/centralapp,3,observed,
workable,centre-for-information-resilience,centre-for-information-resilience,https://apply.workable.com/centre-for-information-resilience,https://apply.workable.com/api/v1/widget/accounts/centre-for-information-resilience,6,observed,
workable,centric-services,centric-services,https://apply.workable.com/centric-services,https://apply.workable.com/api/v1/widget/accounts/centric-services,5,observed,
workable,cepal,cepal,https://apply.workable.com/cepal,https://apply.workable.com/api/v1/widget/accounts/cepal,15,observed,
workable,cequens,cequens,https://apply.workable.com/cequens,https://apply.workable.com/api/v1/widget/accounts/cequens,8,observed,
workable,cesna-group-2,cesna-group-2,https://apply.workable.com/cesna-group-2,https://apply.workable.com/api/v1/widget/accounts/cesna-group-2,289,observed,
workable,chain-reaction-1,chain-reaction-1,https://apply.workable.com/chain-reaction-1,https://apply.workable.com/api/v1/widget/accounts/chain-reaction-1,48,observed,
workable,chaingpt,chaingpt,https://apply.workable.com/chaingpt,https://apply.workable.com/api/v1/widget/accounts/chaingpt,19,observed,
workable,chandonau,chandonau,https://apply.workable.com/chandonau,https://apply.workable.com/api/v1/widget/accounts/chandonau,5,observed,
workable,channel-factory,channel-factory,https://apply.workable.com/channel-factory,https://apply.workable.com/api/v1/widget/accounts/channel-factory,12,observed,
workable,chaos-theory,chaos-theory,https://apply.workable.com/chaos-theory,https://apply.workable.com/api/v1/widget/accounts/chaos-theory,2,observed,
workable,charger-logistics-inc,charger-logistics-inc,https://apply.workable.com/charger-logistics-inc,https://apply.workable.com/api/v1/widget/accounts/charger-logistics-inc,83,observed,
workable,charterhouse-2,charterhouse-2,https://apply.workable.com/charterhouse-2,https://apply.workable.com/api/v1/widget/accounts/charterhouse-2,5,observed,
workable,chase-design-group,chase-design-group,https://apply.workable.com/chase-design-group,https://apply.workable.com/api/v1/widget/accounts/chase-design-group,7,observed,
workable,cheer-home-care,cheer-home-care,https://apply.workable.com/cheer-home-care,https://apply.workable.com/api/v1/widget/accounts/cheer-home-care,115,observed,
workable,chemin,chemin,https://apply.workable.com/chemin,https://apply.workable.com/api/v1/widget/accounts/chemin,24,observed,
workable,chirocat,chirocat,https://apply.workable.com/chirocat,https://apply.workable.com/api/v1/widget/accounts/chirocat,0,observed,
workable,choice,choice,https://apply.workable.com/choice,https://apply.workable.com/api/v1/widget/accounts/choice,3,observed,
workable,chuva-inc,chuva-inc,https://apply.workable.com/chuva-inc,https://apply.workable.com/api/v1/widget/accounts/chuva-inc,0,observed,
workable,cimmyt-1,cimmyt-1,https://apply.workable.com/cimmyt-1,https://apply.workable.com/api/v1/widget/accounts/cimmyt-1,45,observed,
workable,circit-limited,circit-limited,https://apply.workable.com/circit-limited,https://apply.workable.com/api/v1/widget/accounts/circit-limited,2,observed,
workable,circlelink-health,circlelink-health,https://apply.workable.com/circlelink-health,https://apply.workable.com/api/v1/widget/accounts/circlelink-health,5,observed,
workable,circles,circles,https://apply.workable.com/circles,https://apply.workable.com/api/v1/widget/accounts/circles,4,observed,
workable,circonomit,circonomit,https://apply.workable.com/circonomit,https://apply.workable.com/api/v1/widget/accounts/circonomit,6,observed,
workable,cirrusmd,cirrusmd,https://apply.workable.com/cirrusmd,https://apply.workable.com/api/v1/widget/accounts/cirrusmd,1,observed,
workable,citylitics,citylitics,https://apply.workable.com/citylitics,https://apply.workable.com/api/v1/widget/accounts/citylitics,3,observed,
workable,citywide,citywide,https://apply.workable.com/citywide,https://apply.workable.com/api/v1/widget/accounts/citywide,468,observed,
workable,claritasrx,claritasrx,https://apply.workable.com/claritasrx,https://apply.workable.com/api/v1/widget/accounts/claritasrx,8,observed,
workable,classet,classet,https://apply.workable.com/classet,https://apply.workable.com/api/v1/widget/accounts/classet,0,observed,
workable,classwallet,classwallet,https://apply.workable.com/classwallet,https://apply.workable.com/api/v1/widget/accounts/classwallet,8,observed,
workable,cleantec,cleantec,https://apply.workable.com/cleantec,https://apply.workable.com/api/v1/widget/accounts/cleantec,57,observed,
workable,clearcourse-1,clearcourse-1,https://apply.workable.com/clearcourse-1,https://apply.workable.com/api/v1/widget/accounts/clearcourse-1,6,observed,
workable,clearlyagile,clearlyagile,https://apply.workable.com/clearlyagile,https://apply.workable.com/api/v1/widget/accounts/clearlyagile,11,observed,
workable,clearsite-industrial,clearsite-industrial,https://apply.workable.com/clearsite-industrial,https://apply.workable.com/api/v1/widget/accounts/clearsite-industrial,12,observed,
workable,clearstory,clearstory,https://apply.workable.com/clearstory,https://apply.workable.com/api/v1/widget/accounts/clearstory,12,observed,
workable,clearwaters-dot-i-t,clearwaters-dot-i-t,https://apply.workable.com/clearwaters-dot-i-t,https://apply.workable.com/api/v1/widget/accounts/clearwaters-dot-i-t,1,observed,
workable,cledara,cledara,https://apply.workable.com/cledara,https://apply.workable.com/api/v1/widget/accounts/cledara,5,observed,
workable,cleeng-1,cleeng-1,https://apply.workable.com/cleeng-1,https://apply.workable.com/api/v1/widget/accounts/cleeng-1,3,observed,
workable,clickmechanic,clickmechanic,https://apply.workable.com/clickmechanic,https://apply.workable.com/api/v1/widget/accounts/clickmechanic,1,observed,
workable,clients-blackbox-inc,clients-blackbox-inc,https://apply.workable.com/clients-blackbox-inc,https://apply.workable.com/api/v1/widget/accounts/clients-blackbox-inc,142,observed,
workable,climate-catalyst-1,climate-catalyst-1,https://apply.workable.com/climate-catalyst-1,https://apply.workable.com/api/v1/widget/accounts/climate-catalyst-1,0,observed,
workable,climateworks-foundation-1,climateworks-foundation-1,https://apply.workable.com/climateworks-foundation-1,https://apply.workable.com/api/v1/widget/accounts/climateworks-foundation-1,2,observed,
workable,climax-studios,climax-studios,https://apply.workable.com/climax-studios,https://apply.workable.com/api/v1/widget/accounts/climax-studios,9,observed,
workable,clinigen,clinigen,https://apply.workable.com/clinigen,https://apply.workable.com/api/v1/widget/accounts/clinigen,22,observed,
workable,clipperton,clipperton,https://apply.workable.com/clipperton,https://apply.workable.com/api/v1/widget/accounts/clipperton,4,observed,
workable,clipt,clipt,https://apply.workable.com/clipt,https://apply.workable.com/api/v1/widget/accounts/clipt,7,observed,
workable,cloudfactory,cloudfactory,https://apply.workable.com/cloudfactory,https://apply.workable.com/api/v1/widget/accounts/cloudfactory,42,observed,
workable,cloudlinux-1,cloudlinux-1,https://apply.workable.com/cloudlinux-1,https://apply.workable.com/api/v1/widget/accounts/cloudlinux-1,12,observed,
workable,cloudshare,cloudshare,https://apply.workable.com/cloudshare,https://apply.workable.com/api/v1/widget/accounts/cloudshare,2,observed,
workable,cloudtalk,cloudtalk,https://apply.workable.com/cloudtalk,https://apply.workable.com/api/v1/widget/accounts/cloudtalk,7,observed,
workable,club-24-concept-gyms,club-24-concept-gyms,https://apply.workable.com/club-24-concept-gyms,https://apply.workable.com/api/v1/widget/accounts/club-24-concept-gyms,3,observed,
workable,cmicareers,cmicareers,https://apply.workable.com/cmicareers,https://apply.workable.com/api/v1/widget/accounts/cmicareers,18,observed,
workable,cnc-agency,cnc-agency,https://apply.workable.com/cnc-agency,https://apply.workable.com/api/v1/widget/accounts/cnc-agency,1,observed,
workable,coconutva,coconutva,https://apply.workable.com/coconutva,https://apply.workable.com/api/v1/widget/accounts/coconutva,36,observed,
workable,codehunter,codehunter,https://apply.workable.com/codehunter,https://apply.workable.com/api/v1/widget/accounts/codehunter,2,observed,
workable,cogna,cogna,https://apply.workable.com/cogna,https://apply.workable.com/api/v1/widget/accounts/cogna,3,observed,
workable,coldquanta,coldquanta,https://apply.workable.com/coldquanta,https://apply.workable.com/api/v1/widget/accounts/coldquanta,60,observed,
workable,collectiveresidential,collectiveresidential,https://apply.workable.com/collectiveresidential,https://apply.workable.com/api/v1/widget/accounts/collectiveresidential,6,observed,
workable,comate,comate,https://apply.workable.com/comate,https://apply.workable.com/api/v1/widget/accounts/comate,3,observed,
workable,commercial-lending,commercial-lending,https://apply.workable.com/commercial-lending,https://apply.workable.com/api/v1/widget/accounts/commercial-lending,29,observed,
workable,commify,commify,https://apply.workable.com/commify,https://apply.workable.com/api/v1/widget/accounts/commify,15,observed,
workable,community-foodbank-of-new-jersey,community-foodbank-of-new-jersey,https://apply.workable.com/community-foodbank-of-new-jersey,https://apply.workable.com/api/v1/widget/accounts/community-foodbank-of-new-jersey,7,observed,
workable,community-sports-partners,community-sports-partners,https://apply.workable.com/community-sports-partners,https://apply.workable.com/api/v1/widget/accounts/community-sports-partners,118,observed,
workable,concept3d-dot-c-om,concept3d-dot-c-om,https://apply.workable.com/concept3d-dot-c-om,https://apply.workable.com/api/v1/widget/accounts/concept3d-dot-c-om,3,observed,
workable,concord-servicing,concord-servicing,https://apply.workable.com/concord-servicing,https://apply.workable.com/api/v1/widget/accounts/concord-servicing,9,observed,
workable,conflux,conflux,https://apply.workable.com/conflux,https://apply.workable.com/api/v1/widget/accounts/conflux,0,observed,
workable,conjointly,conjointly,https://apply.workable.com/conjointly,https://apply.workable.com/api/v1/widget/accounts/conjointly,0,observed,
workable,connelly-school-of-the-holy-child,connelly-school-of-the-holy-child,https://apply.workable.com/connelly-school-of-the-holy-child,https://apply.workable.com/api/v1/widget/accounts/connelly-school-of-the-holy-child,4,observed,
workable,connexity,connexity,https://apply.workable.com/connexity,https://apply.workable.com/api/v1/widget/accounts/connexity,7,observed,
workable,consigli-construction-1,consigli-construction-1,https://apply.workable.com/consigli-construction-1,https://apply.workable.com/api/v1/widget/accounts/consigli-construction-1,226,observed,
workable,contact,contact,https://apply.workable.com/contact,https://apply.workable.com/api/v1/widget/accounts/contact,26,observed,
workable,contactpigeon,contactpigeon,https://apply.workable.com/contactpigeon,https://apply.workable.com/api/v1/widget/accounts/contactpigeon,2,observed,
workable,continuity-global-solutions,continuity-global-solutions,https://apply.workable.com/continuity-global-solutions,https://apply.workable.com/api/v1/widget/accounts/continuity-global-solutions,43,observed,
workable,control-risks-6,control-risks-6,https://apply.workable.com/control-risks-6,https://apply.workable.com/api/v1/widget/accounts/control-risks-6,133,observed,
workable,convergent-careers,convergent-careers,https://apply.workable.com/convergent-careers,https://apply.workable.com/api/v1/widget/accounts/convergent-careers,2,observed,
workable,convosphere,convosphere,https://apply.workable.com/convosphere,https://apply.workable.com/api/v1/widget/accounts/convosphere,1,observed,
workable,cooperidge-consulting-firm,cooperidge-consulting-firm,https://apply.workable.com/cooperidge-consulting-firm,https://apply.workable.com/api/v1/widget/accounts/cooperidge-consulting-firm,7,observed,
workable,cordx,cordx,https://apply.workable.com/cordx,https://apply.workable.com/api/v1/widget/accounts/cordx,58,observed,
workable,core-va-solutions,core-va-solutions,https://apply.workable.com/core-va-solutions,https://apply.workable.com/api/v1/widget/accounts/core-va-solutions,8,observed,
workable,coretek-services,coretek-services,https://apply.workable.com/coretek-services,https://apply.workable.com/api/v1/widget/accounts/coretek-services,11,observed,
workable,cosmo,cosmo,https://apply.workable.com/cosmo,https://apply.workable.com/api/v1/widget/accounts/cosmo,0,observed,
workable,cosmos-sport-s-dot-a,cosmos-sport-s-dot-a,https://apply.workable.com/cosmos-sport-s-dot-a,https://apply.workable.com/api/v1/widget/accounts/cosmos-sport-s-dot-a,114,observed,
workable,cosmote-global-solutions-nv,cosmote-global-solutions-nv,https://apply.workable.com/cosmote-global-solutions-nv,https://apply.workable.com/api/v1/widget/accounts/cosmote-global-solutions-nv,55,observed,
workable,costa-navarino,costa-navarino,https://apply.workable.com/costa-navarino,https://apply.workable.com/api/v1/widget/accounts/costa-navarino,123,observed,
workable,cover-whale,cover-whale,https://apply.workable.com/cover-whale,https://apply.workable.com/api/v1/widget/accounts/cover-whale,1,observed,
workable,covergo,covergo,https://apply.workable.com/covergo,https://apply.workable.com/api/v1/widget/accounts/covergo,93,observed,
workable,cowboy,cowboy,https://apply.workable.com/cowboy,https://apply.workable.com/api/v1/widget/accounts/cowboy,21,observed,
workable,cpm-ireland,cpm-ireland,https://apply.workable.com/cpm-ireland,https://apply.workable.com/api/v1/widget/accounts/cpm-ireland,18,observed,
workable,cps-4,cps-4,https://apply.workable.com/cps-4,https://apply.workable.com/api/v1/widget/accounts/cps-4,3,observed,
workable,cqs,cqs,https://apply.workable.com/cqs,https://apply.workable.com/api/v1/widget/accounts/cqs,76,observed,
workable,crazymaplestudio,crazymaplestudio,https://apply.workable.com/crazymaplestudio,https://apply.workable.com/api/v1/widget/accounts/crazymaplestudio,10,observed,
workable,createq-space,createq-space,https://apply.workable.com/createq-space,https://apply.workable.com/api/v1/widget/accounts/createq-space,1,observed,
workable,creativechaos,creativechaos,https://apply.workable.com/creativechaos,https://apply.workable.com/api/v1/widget/accounts/creativechaos,166,observed,
workable,credence,credence,https://apply.workable.com/credence,https://apply.workable.com/api/v1/widget/accounts/credence,115,observed,
workable,creditorwatch,creditorwatch,https://apply.workable.com/creditorwatch,https://apply.workable.com/api/v1/widget/accounts/creditorwatch,8,observed,
workable,crewai,crewai,https://apply.workable.com/crewai,https://apply.workable.com/api/v1/widget/accounts/crewai,6,observed,
workable,crewbloom,crewbloom,https://apply.workable.com/crewbloom,https://apply.workable.com/api/v1/widget/accounts/crewbloom,59,observed,
workable,crewlinkltd,crewlinkltd,https://apply.workable.com/crewlinkltd,https://apply.workable.com/api/v1/widget/accounts/crewlinkltd,5,observed,
workable,creyos,creyos,https://apply.workable.com/creyos,https://apply.workable.com/api/v1/widget/accounts/creyos,2,observed,
workable,crop-photo-at-evolphin,crop-photo-at-evolphin,https://apply.workable.com/crop-photo-at-evolphin,https://apply.workable.com/api/v1/widget/accounts/crop-photo-at-evolphin,3,observed,
workable,cropx,cropx,https://apply.workable.com/cropx,https://apply.workable.com/api/v1/widget/accounts/cropx,7,observed,
workable,crossbordertalents,crossbordertalents,https://apply.workable.com/crossbordertalents,https://apply.workable.com/api/v1/widget/accounts/crossbordertalents,616,observed,
workable,crown-equipment,crown-equipment,https://apply.workable.com/crown-equipment,https://apply.workable.com/api/v1/widget/accounts/crown-equipment,48,observed,
workable,crown-equipment-limited-nz,crown-equipment-limited-nz,https://apply.workable.com/crown-equipment-limited-nz,https://apply.workable.com/api/v1/widget/accounts/crown-equipment-limited-nz,15,observed,
workable,crown-equipment-sdn-bhd-malaysia,crown-equipment-sdn-bhd-malaysia,https://apply.workable.com/crown-equipment-sdn-bhd-malaysia,https://apply.workable.com/api/v1/widget/accounts/crown-equipment-sdn-bhd-malaysia,5,observed,
workable,crypto-finance,crypto-finance,https://apply.workable.com/crypto-finance,https://apply.workable.com/api/v1/widget/accounts/crypto-finance,7,observed,
workable,cryptonext-security,cryptonext-security,https://apply.workable.com/cryptonext-security,https://apply.workable.com/api/v1/widget/accounts/cryptonext-security,4,observed,
workable,crystalia-glass,crystalia-glass,https://apply.workable.com/crystalia-glass,https://apply.workable.com/api/v1/widget/accounts/crystalia-glass,26,observed,
workable,csbio,csbio,https://apply.workable.com/csbio,https://apply.workable.com/api/v1/widget/accounts/csbio,1,observed,
workable,cubx,cubx,https://apply.workable.com/cubx,https://apply.workable.com/api/v1/widget/accounts/cubx,6,observed,
workable,curbwaste,curbwaste,https://apply.workable.com/curbwaste,https://apply.workable.com/api/v1/widget/accounts/curbwaste,1,observed,
workable,curewiki-1,curewiki-1,https://apply.workable.com/curewiki-1,https://apply.workable.com/api/v1/widget/accounts/curewiki-1,8,observed,
workable,curology,curology,https://apply.workable.com/curology,https://apply.workable.com/api/v1/widget/accounts/curology,1,observed,
workable,cuso-international,cuso-international,https://apply.workable.com/cuso-international,https://apply.workable.com/api/v1/widget/accounts/cuso-international,44,observed,
workable,cvector,cvector,https://apply.workable.com/cvector,https://apply.workable.com/api/v1/widget/accounts/cvector,4,observed,
workable,cvnl,cvnl,https://apply.workable.com/cvnl,https://apply.workable.com/api/v1/widget/accounts/cvnl,2,observed,
workable,cwcpcn,cwcpcn,https://apply.workable.com/cwcpcn,https://apply.workable.com/api/v1/widget/accounts/cwcpcn,2,observed,
workable,cxg,cxg,https://apply.workable.com/cxg,https://apply.workable.com/api/v1/widget/accounts/cxg,551,observed,
workable,cynet-corp,cynet-corp,https://apply.workable.com/cynet-corp,https://apply.workable.com/api/v1/widget/accounts/cynet-corp,16,observed,
workable,d-one,d-one,https://apply.workable.com/d-one,https://apply.workable.com/api/v1/widget/accounts/d-one,9,observed,
workable,d-ploy,d-ploy,https://apply.workable.com/d-ploy,https://apply.workable.com/api/v1/widget/accounts/d-ploy,78,observed,
workable,d2b-1,d2b-1,https://apply.workable.com/d2b-1,https://apply.workable.com/api/v1/widget/accounts/d2b-1,309,observed,
workable,dacodes-mx,dacodes-mx,https://apply.workable.com/dacodes-mx,https://apply.workable.com/api/v1/widget/accounts/dacodes-mx,25,observed,
workable,dane-street-llc,dane-street-llc,https://apply.workable.com/dane-street-llc,https://apply.workable.com/api/v1/widget/accounts/dane-street-llc,420,observed,
workable,daniels-solutions,daniels-solutions,https://apply.workable.com/daniels-solutions,https://apply.workable.com/api/v1/widget/accounts/daniels-solutions,2,observed,
workable,datamark-inc,datamark-inc,https://apply.workable.com/datamark-inc,https://apply.workable.com/api/v1/widget/accounts/datamark-inc,82,observed,
workable,datavisor-jobs,datavisor-jobs,https://apply.workable.com/datavisor-jobs,https://apply.workable.com/api/v1/widget/accounts/datavisor-jobs,30,observed,
workable,datawow,datawow,https://apply.workable.com/datawow,https://apply.workable.com/api/v1/widget/accounts/datawow,7,observed,
workable,dave-jones-llc,dave-jones-llc,https://apply.workable.com/dave-jones-llc,https://apply.workable.com/api/v1/widget/accounts/dave-jones-llc,13,observed,
workable,david-protein,david-protein,https://apply.workable.com/david-protein,https://apply.workable.com/api/v1/widget/accounts/david-protein,34,observed,
workable,davy,davy,https://apply.workable.com/davy,https://apply.workable.com/api/v1/widget/accounts/davy,24,observed,
workable,day30,day30,https://apply.workable.com/day30,https://apply.workable.com/api/v1/widget/accounts/day30,0,observed,
workable,dayshape,dayshape,https://apply.workable.com/dayshape,https://apply.workable.com/api/v1/widget/accounts/dayshape,7,observed,
workable,daystar-power-group,daystar-power-group,https://apply.workable.com/daystar-power-group,https://apply.workable.com/api/v1/widget/accounts/daystar-power-group,2,observed,
workable,dc-enterprises-career,dc-enterprises-career,https://apply.workable.com/dc-enterprises-career,https://apply.workable.com/api/v1/widget/accounts/dc-enterprises-career,1,observed,
workable,dcoh,dcoh,https://apply.workable.com/dcoh,https://apply.workable.com/api/v1/widget/accounts/dcoh,21,observed,
workable,dcthomson,dcthomson,https://apply.workable.com/dcthomson,https://apply.workable.com/api/v1/widget/accounts/dcthomson,5,observed,
workable,debenhamsgroup,debenhamsgroup,https://apply.workable.com/debenhamsgroup,https://apply.workable.com/api/v1/widget/accounts/debenhamsgroup,8,observed,
workable,debiopharm,debiopharm,https://apply.workable.com/debiopharm,https://apply.workable.com/api/v1/widget/accounts/debiopharm,8,observed,
workable,deblock,deblock,https://apply.workable.com/deblock,https://apply.workable.com/api/v1/widget/accounts/deblock,16,observed,
workable,decentralized-masters,decentralized-masters,https://apply.workable.com/decentralized-masters,https://apply.workable.com/api/v1/widget/accounts/decentralized-masters,12,observed,
workable,decision-foundry,decision-foundry,https://apply.workable.com/decision-foundry,https://apply.workable.com/api/v1/widget/accounts/decision-foundry,0,observed,
workable,deep-science-ventures,deep-science-ventures,https://apply.workable.com/deep-science-ventures,https://apply.workable.com/api/v1/widget/accounts/deep-science-ventures,9,observed,
workable,deeplab,deeplab,https://apply.workable.com/deeplab,https://apply.workable.com/api/v1/widget/accounts/deeplab,2,observed,
workable,deeproute-dot-a-i,deeproute-dot-a-i,https://apply.workable.com/deeproute-dot-a-i,https://apply.workable.com/api/v1/widget/accounts/deeproute-dot-a-i,4,observed,
workable,defiancellc,defiancellc,https://apply.workable.com/defiancellc,https://apply.workable.com/api/v1/widget/accounts/defiancellc,3,observed,
workable,deltaexchange,deltaexchange,https://apply.workable.com/deltaexchange,https://apply.workable.com/api/v1/widget/accounts/deltaexchange,6,observed,
workable,democracy-alliance,democracy-alliance,https://apply.workable.com/democracy-alliance,https://apply.workable.com/api/v1/widget/accounts/democracy-alliance,1,observed,
workable,dentons-europe,dentons-europe,https://apply.workable.com/dentons-europe,https://apply.workable.com/api/v1/widget/accounts/dentons-europe,52,observed,
workable,dentopedia-group,dentopedia-group,https://apply.workable.com/dentopedia-group,https://apply.workable.com/api/v1/widget/accounts/dentopedia-group,7,observed,
workable,dephy,dephy,https://apply.workable.com/dephy,https://apply.workable.com/api/v1/widget/accounts/dephy,0,observed,
workable,desert-parkway,desert-parkway,https://apply.workable.com/desert-parkway,https://apply.workable.com/api/v1/widget/accounts/desert-parkway,10,observed,
workable,designer-group-1,designer-group-1,https://apply.workable.com/designer-group-1,https://apply.workable.com/api/v1/widget/accounts/designer-group-1,38,observed,
workable,desilva-gates,desilva-gates,https://apply.workable.com/desilva-gates,https://apply.workable.com/api/v1/widget/accounts/desilva-gates,5,observed,
workable,destinusgroup,destinusgroup,https://apply.workable.com/destinusgroup,https://apply.workable.com/api/v1/widget/accounts/destinusgroup,121,observed,
workable,devoted-studios-1,devoted-studios-1,https://apply.workable.com/devoted-studios-1,https://apply.workable.com/api/v1/widget/accounts/devoted-studios-1,5,observed,
workable,devpro,devpro,https://apply.workable.com/devpro,https://apply.workable.com/api/v1/widget/accounts/devpro,34,observed,
workable,devsu,devsu,https://apply.workable.com/devsu,https://apply.workable.com/api/v1/widget/accounts/devsu,28,observed,
workable,dfdl,dfdl,https://apply.workable.com/dfdl,https://apply.workable.com/api/v1/widget/accounts/dfdl,16,observed,
workable,digifycareers,digifycareers,https://apply.workable.com/digifycareers,https://apply.workable.com/api/v1/widget/accounts/digifycareers,4,observed,
workable,digital-368,digital-368,https://apply.workable.com/digital-368,https://apply.workable.com/api/v1/widget/accounts/digital-368,50,observed,
workable,digitalgenius,digitalgenius,https://apply.workable.com/digitalgenius,https://apply.workable.com/api/v1/widget/accounts/digitalgenius,5,observed,
workable,dimeo,dimeo,https://apply.workable.com/dimeo,https://apply.workable.com/api/v1/widget/accounts/dimeo,6,observed,
workable,disa-technologies,disa-technologies,https://apply.workable.com/disa-technologies,https://apply.workable.com/api/v1/widget/accounts/disa-technologies,10,observed,
workable,disco,disco,https://apply.workable.com/disco,https://apply.workable.com/api/v1/widget/accounts/disco,3,observed,
workable,dispel,dispel,https://apply.workable.com/dispel,https://apply.workable.com/api/v1/widget/accounts/dispel,0,observed,
workable,distalmotion,distalmotion,https://apply.workable.com/distalmotion,https://apply.workable.com/api/v1/widget/accounts/distalmotion,6,observed,
workable,distillersr-inc,distillersr-inc,https://apply.workable.com/distillersr-inc,https://apply.workable.com/api/v1/widget/accounts/distillersr-inc,2,observed,
workable,division50,division50,https://apply.workable.com/division50,https://apply.workable.com/api/v1/widget/accounts/division50,23,observed,
workable,dnigov,dnigov,https://apply.workable.com/dnigov,https://apply.workable.com/api/v1/widget/accounts/dnigov,46,observed,
workable,docmatter-inc-2,docmatter-inc-2,https://apply.workable.com/docmatter-inc-2,https://apply.workable.com/api/v1/widget/accounts/docmatter-inc-2,0,observed,
workable,docorto,docorto,https://apply.workable.com/docorto,https://apply.workable.com/api/v1/widget/accounts/docorto,10,observed,
workable,docyt,docyt,https://apply.workable.com/docyt,https://apply.workable.com/api/v1/widget/accounts/docyt,6,observed,
workable,dodge-construction-network,dodge-construction-network,https://apply.workable.com/dodge-construction-network,https://apply.workable.com/api/v1/widget/accounts/dodge-construction-network,19,observed,
workable,dof,dof,https://apply.workable.com/dof,https://apply.workable.com/api/v1/widget/accounts/dof,83,observed,
workable,domain-tools,domain-tools,https://apply.workable.com/domain-tools,https://apply.workable.com/api/v1/widget/accounts/domain-tools,11,observed,
workable,domes-resorts,domes-resorts,https://apply.workable.com/domes-resorts,https://apply.workable.com/api/v1/widget/accounts/domes-resorts,146,observed,
workable,donna,donna,https://apply.workable.com/donna,https://apply.workable.com/api/v1/widget/accounts/donna,0,observed,
workable,dossier,dossier,https://apply.workable.com/dossier,https://apply.workable.com/api/v1/widget/accounts/dossier,1,observed,
workable,dotactiv,dotactiv,https://apply.workable.com/dotactiv,https://apply.workable.com/api/v1/widget/accounts/dotactiv,13,observed,
workable,double-eleven,double-eleven,https://apply.workable.com/double-eleven,https://apply.workable.com/api/v1/widget/accounts/double-eleven,6,observed,
workable,drakecooper,drakecooper,https://apply.workable.com/drakecooper,https://apply.workable.com/api/v1/widget/accounts/drakecooper,3,observed,
workable,dreamix-ltd,dreamix-ltd,https://apply.workable.com/dreamix-ltd,https://apply.workable.com/api/v1/widget/accounts/dreamix-ltd,9,observed,
workable,dreamscape-learn,dreamscape-learn,https://apply.workable.com/dreamscape-learn,https://apply.workable.com/api/v1/widget/accounts/dreamscape-learn,4,observed,
workable,driftrock,driftrock,https://apply.workable.com/driftrock,https://apply.workable.com/api/v1/widget/accounts/driftrock,2,observed,
workable,drug-hunter,drug-hunter,https://apply.workable.com/drug-hunter,https://apply.workable.com/api/v1/widget/accounts/drug-hunter,9,observed,
workable,dry-farm-wines-1,dry-farm-wines-1,https://apply.workable.com/dry-farm-wines-1,https://apply.workable.com/api/v1/widget/accounts/dry-farm-wines-1,1,observed,
workable,dstillery,dstillery,https://apply.workable.com/dstillery,https://apply.workable.com/api/v1/widget/accounts/dstillery,0,observed,
workable,duke-corporate-education,duke-corporate-education,https://apply.workable.com/duke-corporate-education,https://apply.workable.com/api/v1/widget/accounts/duke-corporate-education,0,observed,
workable,dunlop,dunlop,https://apply.workable.com/dunlop,https://apply.workable.com/api/v1/widget/accounts/dunlop,1,observed,
workable,dvi-solution,dvi-solution,https://apply.workable.com/dvi-solution,https://apply.workable.com/api/v1/widget/accounts/dvi-solution,10,observed,
workable,dyania-health,dyania-health,https://apply.workable.com/dyania-health,https://apply.workable.com/api/v1/widget/accounts/dyania-health,7,observed,
workable,eagle-seven,eagle-seven,https://apply.workable.com/eagle-seven,https://apply.workable.com/api/v1/widget/accounts/eagle-seven,5,observed,
workable,eandd,eandd,https://apply.workable.com/eandd,https://apply.workable.com/api/v1/widget/accounts/eandd,44,observed,
workable,eatclub,eatclub,https://apply.workable.com/eatclub,https://apply.workable.com/api/v1/widget/accounts/eatclub,29,observed,
workable,ec-electric,ec-electric,https://apply.workable.com/ec-electric,https://apply.workable.com/api/v1/widget/accounts/ec-electric,39,observed,
workable,echo360-inc,echo360-inc,https://apply.workable.com/echo360-inc,https://apply.workable.com/api/v1/widget/accounts/echo360-inc,0,observed,
workable,ecocem,ecocem,https://apply.workable.com/ecocem,https://apply.workable.com/api/v1/widget/accounts/ecocem,6,observed,
workable,ecp-123,ecp-123,https://apply.workable.com/ecp-123,https://apply.workable.com/api/v1/widget/accounts/ecp-123,11,observed,
workable,education-perfect,education-perfect,https://apply.workable.com/education-perfect,https://apply.workable.com/api/v1/widget/accounts/education-perfect,2,observed,
workable,eed,eed,https://apply.workable.com/eed,https://apply.workable.com/api/v1/widget/accounts/eed,2,observed,
workable,effective-direct-solutions,effective-direct-solutions,https://apply.workable.com/effective-direct-solutions,https://apply.workable.com/api/v1/widget/accounts/effective-direct-solutions,1,observed,
workable,efm-logistics,efm-logistics,https://apply.workable.com/efm-logistics,https://apply.workable.com/api/v1/widget/accounts/efm-logistics,11,observed,
workable,eight-and-four,eight-and-four,https://apply.workable.com/eight-and-four,https://apply.workable.com/api/v1/widget/accounts/eight-and-four,8,observed,
workable,ejam,ejam,https://apply.workable.com/ejam,https://apply.workable.com/api/v1/widget/accounts/ejam,5,observed,
workable,elasticstage,elasticstage,https://apply.workable.com/elasticstage,https://apply.workable.com/api/v1/widget/accounts/elasticstage,5,observed,
workable,eldoradogold,eldoradogold,https://apply.workable.com/eldoradogold,https://apply.workable.com/api/v1/widget/accounts/eldoradogold,30,observed,
workable,elementlpower,elementlpower,https://apply.workable.com/elementlpower,https://apply.workable.com/api/v1/widget/accounts/elementlpower,0,observed,
workable,elevate-47,elevate-47,https://apply.workable.com/elevate-47,https://apply.workable.com/api/v1/widget/accounts/elevate-47,4,observed,
workable,elevation-autism-center,elevation-autism-center,https://apply.workable.com/elevation-autism-center,https://apply.workable.com/api/v1/widget/accounts/elevation-autism-center,14,observed,
workable,elevation-capital-3,elevation-capital-3,https://apply.workable.com/elevation-capital-3,https://apply.workable.com/api/v1/widget/accounts/elevation-capital-3,23,observed,
workable,ella-hotels-and-resorts,ella-hotels-and-resorts,https://apply.workable.com/ella-hotels-and-resorts,https://apply.workable.com/api/v1/widget/accounts/ella-hotels-and-resorts,76,observed,
workable,ellaexecutivesearch,ellaexecutivesearch,https://apply.workable.com/ellaexecutivesearch,https://apply.workable.com/api/v1/widget/accounts/ellaexecutivesearch,2,observed,
workable,ellison-institute-of-technology,ellison-institute-of-technology,https://apply.workable.com/ellison-institute-of-technology,https://apply.workable.com/api/v1/widget/accounts/ellison-institute-of-technology,56,observed,
workable,elmhurst-edu,elmhurst-edu,https://apply.workable.com/elmhurst-edu,https://apply.workable.com/api/v1/widget/accounts/elmhurst-edu,15,observed,
workable,elmwood,elmwood,https://apply.workable.com/elmwood,https://apply.workable.com/api/v1/widget/accounts/elmwood,2,observed,
workable,elorus,elorus,https://apply.workable.com/elorus,https://apply.workable.com/api/v1/widget/accounts/elorus,2,observed,
workable,eluvio,eluvio,https://apply.workable.com/eluvio,https://apply.workable.com/api/v1/widget/accounts/eluvio,2,observed,
workable,elvtrcom,elvtrcom,https://apply.workable.com/elvtrcom,https://apply.workable.com/api/v1/widget/accounts/elvtrcom,25,observed,
workable,emaratech-2,emaratech-2,https://apply.workable.com/emaratech-2,https://apply.workable.com/api/v1/widget/accounts/emaratech-2,5,observed,
workable,emerchantpay,emerchantpay,https://apply.workable.com/emerchantpay,https://apply.workable.com/api/v1/widget/accounts/emerchantpay,13,observed,
workable,emerging-travel-group,emerging-travel-group,https://apply.workable.com/emerging-travel-group,https://apply.workable.com/api/v1/widget/accounts/emerging-travel-group,25,observed,
workable,emirates-investment-authority,emirates-investment-authority,https://apply.workable.com/emirates-investment-authority,https://apply.workable.com/api/v1/widget/accounts/emirates-investment-authority,6,observed,
workable,empiria-s-dot-a-hotelsand-resorts,empiria-s-dot-a-hotelsand-resorts,https://apply.workable.com/empiria-s-dot-a-hotelsand-resorts,https://apply.workable.com/api/v1/widget/accounts/empiria-s-dot-a-hotelsand-resorts,0,observed,
workable,ems-group,ems-group,https://apply.workable.com/ems-group,https://apply.workable.com/api/v1/widget/accounts/ems-group,4,observed,
workable,emw,emw,https://apply.workable.com/emw,https://apply.workable.com/api/v1/widget/accounts/emw,60,observed,
workable,enable-data,enable-data,https://apply.workable.com/enable-data,https://apply.workable.com/api/v1/widget/accounts/enable-data,4,observed,
workable,endo-networks,endo-networks,https://apply.workable.com/endo-networks,https://apply.workable.com/api/v1/widget/accounts/endo-networks,0,observed,
workable,energysciences,energysciences,https://apply.workable.com/energysciences,https://apply.workable.com/api/v1/widget/accounts/energysciences,12,observed,
workable,enexor,enexor,https://apply.workable.com/enexor,https://apply.workable.com/api/v1/widget/accounts/enexor,9,observed,
workable,enjins,enjins,https://apply.workable.com/enjins,https://apply.workable.com/api/v1/widget/accounts/enjins,6,observed,
workable,enoiagr,enoiagr,https://apply.workable.com/enoiagr,https://apply.workable.com/api/v1/widget/accounts/enoiagr,1,observed,
workable,enroute,enroute,https://apply.workable.com/enroute,https://apply.workable.com/api/v1/widget/accounts/enroute,3,observed,
workable,ensodata,ensodata,https://apply.workable.com/ensodata,https://apply.workable.com/api/v1/widget/accounts/ensodata,3,observed,
workable,entaingroup,entaingroup,https://apply.workable.com/entaingroup,https://apply.workable.com/api/v1/widget/accounts/entaingroup,11,observed,
workable,enterfusion,enterfusion,https://apply.workable.com/enterfusion,https://apply.workable.com/api/v1/widget/accounts/enterfusion,1,observed,
workable,enterprise-precast,enterprise-precast,https://apply.workable.com/enterprise-precast,https://apply.workable.com/api/v1/widget/accounts/enterprise-precast,15,observed,
workable,enterprise-properties,enterprise-properties,https://apply.workable.com/enterprise-properties,https://apply.workable.com/api/v1/widget/accounts/enterprise-properties,1,observed,
workable,entouragevc,entouragevc,https://apply.workable.com/entouragevc,https://apply.workable.com/api/v1/widget/accounts/entouragevc,6,observed,
workable,envalior,envalior,https://apply.workable.com/envalior,https://apply.workable.com/api/v1/widget/accounts/envalior,42,observed,
workable,envirogen-group-uk-limited,envirogen-group-uk-limited,https://apply.workable.com/envirogen-group-uk-limited,https://apply.workable.com/api/v1/widget/accounts/envirogen-group-uk-limited,37,observed,
workable,enviromedica,enviromedica,https://apply.workable.com/enviromedica,https://apply.workable.com/api/v1/widget/accounts/enviromedica,4,observed,
workable,envisiones,envisiones,https://apply.workable.com/envisiones,https://apply.workable.com/api/v1/widget/accounts/envisiones,54,observed,
workable,eopae,eopae,https://apply.workable.com/eopae,https://apply.workable.com/api/v1/widget/accounts/eopae,10,observed,
workable,epay,epay,https://apply.workable.com/epay,https://apply.workable.com/api/v1/widget/accounts/epay,21,observed,
workable,epignosis,epignosis,https://apply.workable.com/epignosis,https://apply.workable.com/api/v1/widget/accounts/epignosis,9,observed,
workable,epos,epos,https://apply.workable.com/epos,https://apply.workable.com/api/v1/widget/accounts/epos,115,observed,
workable,eqltech,eqltech,https://apply.workable.com/eqltech,https://apply.workable.com/api/v1/widget/accounts/eqltech,34,observed,
workable,equal-parts,equal-parts,https://apply.workable.com/equal-parts,https://apply.workable.com/api/v1/widget/accounts/equal-parts,2,observed,
workable,equipment-experts-inc,equipment-experts-inc,https://apply.workable.com/equipment-experts-inc,https://apply.workable.com/api/v1/widget/accounts/equipment-experts-inc,3,observed,
workable,eramtalent-1,eramtalent-1,https://apply.workable.com/eramtalent-1,https://apply.workable.com/api/v1/widget/accounts/eramtalent-1,454,observed,
workable,erg-recruiting,erg-recruiting,https://apply.workable.com/erg-recruiting,https://apply.workable.com/api/v1/widget/accounts/erg-recruiting,17,observed,
workable,ergonia,ergonia,https://apply.workable.com/ergonia,https://apply.workable.com/api/v1/widget/accounts/ergonia,1,observed,
workable,esalon,esalon,https://apply.workable.com/esalon,https://apply.workable.com/api/v1/widget/accounts/esalon,2,observed,
workable,escuela-popular,escuela-popular,https://apply.workable.com/escuela-popular,https://apply.workable.com/api/v1/widget/accounts/escuela-popular,0,observed,
workable,esgusa,esgusa,https://apply.workable.com/esgusa,https://apply.workable.com/api/v1/widget/accounts/esgusa,3,observed,
workable,espresso-services-inc,espresso-services-inc,https://apply.workable.com/espresso-services-inc,https://apply.workable.com/api/v1/widget/accounts/espresso-services-inc,4,observed,
workable,esselenvironmental,esselenvironmental,https://apply.workable.com/esselenvironmental,https://apply.workable.com/api/v1/widget/accounts/esselenvironmental,445,observed,
workable,etnz,etnz,https://apply.workable.com/etnz,https://apply.workable.com/api/v1/widget/accounts/etnz,0,observed,
workable,eupry-aps,eupry-aps,https://apply.workable.com/eupry-aps,https://apply.workable.com/api/v1/widget/accounts/eupry-aps,4,observed,
workable,euromonitor,euromonitor,https://apply.workable.com/euromonitor,https://apply.workable.com/api/v1/widget/accounts/euromonitor,61,observed,
workable,european-dynamics,european-dynamics,https://apply.workable.com/european-dynamics,https://apply.workable.com/api/v1/widget/accounts/european-dynamics,164,observed,
workable,evalion-shl-greeceand-cyprus,evalion-shl-greeceand-cyprus,https://apply.workable.com/evalion-shl-greeceand-cyprus,https://apply.workable.com/api/v1/widget/accounts/evalion-shl-greeceand-cyprus,1,observed,
workable,eventellect,eventellect,https://apply.workable.com/eventellect,https://apply.workable.com/api/v1/widget/accounts/eventellect,1,observed,
workable,everservice,everservice,https://apply.workable.com/everservice,https://apply.workable.com/api/v1/widget/accounts/everservice,0,observed,
workable,everwest,everwest,https://apply.workable.com/everwest,https://apply.workable.com/api/v1/widget/accounts/everwest,13,observed,
workable,everyday-dose-inc,everyday-dose-inc,https://apply.workable.com/everyday-dose-inc,https://apply.workable.com/api/v1/widget/accounts/everyday-dose-inc,15,observed,
workable,evidence-action,evidence-action,https://apply.workable.com/evidence-action,https://apply.workable.com/api/v1/widget/accounts/evidence-action,34,observed,
workable,evisit,evisit,https://apply.workable.com/evisit,https://apply.workable.com/api/v1/widget/accounts/evisit,4,observed,
workable,evolv-technology,evolv-technology,https://apply.workable.com/evolv-technology,https://apply.workable.com/api/v1/widget/accounts/evolv-technology,18,observed,
workable,evolve-security,evolve-security,https://apply.workable.com/evolve-security,https://apply.workable.com/api/v1/widget/accounts/evolve-security,2,observed,
workable,evolving-web,evolving-web,https://apply.workable.com/evolving-web,https://apply.workable.com/api/v1/widget/accounts/evolving-web,12,observed,
workable,exec,exec,https://apply.workable.com/exec,https://apply.workable.com/api/v1/widget/accounts/exec,4,observed,
workable,exely,exely,https://apply.workable.com/exely,https://apply.workable.com/api/v1/widget/accounts/exely,11,observed,
workable,exoticca,exoticca,https://apply.workable.com/exoticca,https://apply.workable.com/api/v1/widget/accounts/exoticca,33,observed,
workable,experience-sl-co,experience-sl-co,https://apply.workable.com/experience-sl-co,https://apply.workable.com/api/v1/widget/accounts/experience-sl-co,131,observed,
workable,experts-plus,experts-plus,https://apply.workable.com/experts-plus,https://apply.workable.com/api/v1/widget/accounts/experts-plus,153,observed,
workable,exponent-energy,exponent-energy,https://apply.workable.com/exponent-energy,https://apply.workable.com/api/v1/widget/accounts/exponent-energy,49,observed,
workable,export-development-canada,export-development-canada,https://apply.workable.com/export-development-canada,https://apply.workable.com/api/v1/widget/accounts/export-development-canada,58,observed,
workable,extremereach,extremereach,https://apply.workable.com/extremereach,https://apply.workable.com/api/v1/widget/accounts/extremereach,8,observed,
workable,exus,exus,https://apply.workable.com/exus,https://apply.workable.com/api/v1/widget/accounts/exus,4,observed,
workable,f-dot-h-paschen-1,f-dot-h-paschen-1,https://apply.workable.com/f-dot-h-paschen-1,https://apply.workable.com/api/v1/widget/accounts/f-dot-h-paschen-1,72,observed,
workable,fabulousco,fabulousco,https://apply.workable.com/fabulousco,https://apply.workable.com/api/v1/widget/accounts/fabulousco,15,observed,
workable,facetwealth,facetwealth,https://apply.workable.com/facetwealth,https://apply.workable.com/api/v1/widget/accounts/facetwealth,18,observed,
workable,faircom,faircom,https://apply.workable.com/faircom,https://apply.workable.com/api/v1/widget/accounts/faircom,3,observed,
workable,fairmoney,fairmoney,https://apply.workable.com/fairmoney,https://apply.workable.com/api/v1/widget/accounts/fairmoney,20,observed,
workable,falcomm,falcomm,https://apply.workable.com/falcomm,https://apply.workable.com/api/v1/widget/accounts/falcomm,19,observed,
workable,farmacy,farmacy,https://apply.workable.com/farmacy,https://apply.workable.com/api/v1/widget/accounts/farmacy,3,observed,
workable,farohealth,farohealth,https://apply.workable.com/farohealth,https://apply.workable.com/api/v1/widget/accounts/farohealth,9,observed,
workable,fastbreak-ai,fastbreak-ai,https://apply.workable.com/fastbreak-ai,https://apply.workable.com/api/v1/widget/accounts/fastbreak-ai,3,observed,
workable,fatcat-strategies,fatcat-strategies,https://apply.workable.com/fatcat-strategies,https://apply.workable.com/api/v1/widget/accounts/fatcat-strategies,0,observed,
workable,fawkes-idm,fawkes-idm,https://apply.workable.com/fawkes-idm,https://apply.workable.com/api/v1/widget/accounts/fawkes-idm,7,observed,
workable,fccn,fccn,https://apply.workable.com/fccn,https://apply.workable.com/api/v1/widget/accounts/fccn,6,observed,
workable,fe-fundinfo,fe-fundinfo,https://apply.workable.com/fe-fundinfo,https://apply.workable.com/api/v1/widget/accounts/fe-fundinfo,16,observed,
workable,feeldco,feeldco,https://apply.workable.com/feeldco,https://apply.workable.com/api/v1/widget/accounts/feeldco,4,observed,
workable,felsburg-holt-and-ullevig,felsburg-holt-and-ullevig,https://apply.workable.com/felsburg-holt-and-ullevig,https://apply.workable.com/api/v1/widget/accounts/felsburg-holt-and-ullevig,27,observed,
workable,fenergocareers,fenergocareers,https://apply.workable.com/fenergocareers,https://apply.workable.com/api/v1/widget/accounts/fenergocareers,19,observed,
workable,fengate,fengate,https://apply.workable.com/fengate,https://apply.workable.com/api/v1/widget/accounts/fengate,4,observed,
workable,fernandez,fernandez,https://apply.workable.com/fernandez,https://apply.workable.com/api/v1/widget/accounts/fernandez,5,observed,
workable,ferryhopper,ferryhopper,https://apply.workable.com/ferryhopper,https://apply.workable.com/api/v1/widget/accounts/ferryhopper,4,observed,
workable,fetch-veterinary,fetch-veterinary,https://apply.workable.com/fetch-veterinary,https://apply.workable.com/api/v1/widget/accounts/fetch-veterinary,32,observed,
workable,fibraconsulting,fibraconsulting,https://apply.workable.com/fibraconsulting,https://apply.workable.com/api/v1/widget/accounts/fibraconsulting,10,observed,
workable,fidus,fidus,https://apply.workable.com/fidus,https://apply.workable.com/api/v1/widget/accounts/fidus,14,observed,
workable,fifth-element-2,fifth-element-2,https://apply.workable.com/fifth-element-2,https://apply.workable.com/api/v1/widget/accounts/fifth-element-2,4,observed,
workable,fifty-five,fifty-five,https://apply.workable.com/fifty-five,https://apply.workable.com/api/v1/widget/accounts/fifty-five,27,observed,
workable,filtronic,filtronic,https://apply.workable.com/filtronic,https://apply.workable.com/api/v1/widget/accounts/filtronic,16,observed,
workable,financeit,financeit,https://apply.workable.com/financeit,https://apply.workable.com/api/v1/widget/accounts/financeit,16,observed,
workable,findevcanada,findevcanada,https://apply.workable.com/findevcanada,https://apply.workable.com/api/v1/widget/accounts/findevcanada,2,observed,
workable,finexio,finexio,https://apply.workable.com/finexio,https://apply.workable.com/api/v1/widget/accounts/finexio,1,observed,
workable,fioneer,fioneer,https://apply.workable.com/fioneer,https://apply.workable.com/api/v1/widget/accounts/fioneer,96,observed,
workable,firetrol,firetrol,https://apply.workable.com/firetrol,https://apply.workable.com/api/v1/widget/accounts/firetrol,90,observed,
workable,first-circle,first-circle,https://apply.workable.com/first-circle,https://apply.workable.com/api/v1/widget/accounts/first-circle,28,observed,
workable,firsthelpfinancial,firsthelpfinancial,https://apply.workable.com/firsthelpfinancial,https://apply.workable.com/api/v1/widget/accounts/firsthelpfinancial,7,observed,
workable,fiscal-ai,fiscal-ai,https://apply.workable.com/fiscal-ai,https://apply.workable.com/api/v1/widget/accounts/fiscal-ai,7,observed,
workable,fitmate-coach,fitmate-coach,https://apply.workable.com/fitmate-coach,https://apply.workable.com/api/v1/widget/accounts/fitmate-coach,0,observed,
workable,fleetpartners,fleetpartners,https://apply.workable.com/fleetpartners,https://apply.workable.com/api/v1/widget/accounts/fleetpartners,6,observed,
workable,flexcarcareers,flexcarcareers,https://apply.workable.com/flexcarcareers,https://apply.workable.com/api/v1/widget/accounts/flexcarcareers,8,observed,
workable,flexcompute,flexcompute,https://apply.workable.com/flexcompute,https://apply.workable.com/api/v1/widget/accounts/flexcompute,20,observed,
workable,flexion-robotics,flexion-robotics,https://apply.workable.com/flexion-robotics,https://apply.workable.com/api/v1/widget/accounts/flexion-robotics,9,observed,
workable,flexxon-1,flexxon-1,https://apply.workable.com/flexxon-1,https://apply.workable.com/api/v1/widget/accounts/flexxon-1,11,observed,
workable,flip,flip,https://apply.workable.com/flip,https://apply.workable.com/api/v1/widget/accounts/flip,0,observed,
workable,flo-addenergie,flo-addenergie,https://apply.workable.com/flo-addenergie,https://apply.workable.com/api/v1/widget/accounts/flo-addenergie,12,observed,
workable,flooid,flooid,https://apply.workable.com/flooid,https://apply.workable.com/api/v1/widget/accounts/flooid,5,observed,
workable,flosum,flosum,https://apply.workable.com/flosum,https://apply.workable.com/api/v1/widget/accounts/flosum,169,observed,
workable,flowxai,flowxai,https://apply.workable.com/flowxai,https://apply.workable.com/api/v1/widget/accounts/flowxai,21,observed,
workable,fluent,fluent,https://apply.workable.com/fluent,https://apply.workable.com/api/v1/widget/accounts/fluent,10,observed,
workable,flusso-ltd,flusso-ltd,https://apply.workable.com/flusso-ltd,https://apply.workable.com/api/v1/widget/accounts/flusso-ltd,1,observed,
workable,fme-romania,fme-romania,https://apply.workable.com/fme-romania,https://apply.workable.com/api/v1/widget/accounts/fme-romania,4,observed,
workable,fmx,fmx,https://apply.workable.com/fmx,https://apply.workable.com/api/v1/widget/accounts/fmx,14,observed,
workable,focusrite,focusrite,https://apply.workable.com/focusrite,https://apply.workable.com/api/v1/widget/accounts/focusrite,19,observed,
workable,foodics,foodics,https://apply.workable.com/foodics,https://apply.workable.com/api/v1/widget/accounts/foodics,26,observed,
workable,foodsysteminnovations,foodsysteminnovations,https://apply.workable.com/foodsysteminnovations,https://apply.workable.com/api/v1/widget/accounts/foodsysteminnovations,1,observed,
workable,footprint,footprint,https://apply.workable.com/footprint,https://apply.workable.com/api/v1/widget/accounts/footprint,22,observed,
workable,forager,forager,https://apply.workable.com/forager,https://apply.workable.com/api/v1/widget/accounts/forager,2,observed,
workable,forcemetrics,forcemetrics,https://apply.workable.com/forcemetrics,https://apply.workable.com/api/v1/widget/accounts/forcemetrics,0,observed,
workable,forefront-rf,forefront-rf,https://apply.workable.com/forefront-rf,https://apply.workable.com/api/v1/widget/accounts/forefront-rf,5,observed,
workable,forgotten-empires,forgotten-empires,https://apply.workable.com/forgotten-empires,https://apply.workable.com/api/v1/widget/accounts/forgotten-empires,6,observed,
workable,formassembly,formassembly,https://apply.workable.com/formassembly,https://apply.workable.com/api/v1/widget/accounts/formassembly,1,observed,
workable,fortanix,fortanix,https://apply.workable.com/fortanix,https://apply.workable.com/api/v1/widget/accounts/fortanix,20,observed,
workable,fortifycompanies,fortifycompanies,https://apply.workable.com/fortifycompanies,https://apply.workable.com/api/v1/widget/accounts/fortifycompanies,39,observed,
workable,fortytwo,fortytwo,https://apply.workable.com/fortytwo,https://apply.workable.com/api/v1/widget/accounts/fortytwo,2,observed,
workable,foundations-early-learning-center,foundations-early-learning-center,https://apply.workable.com/foundations-early-learning-center,https://apply.workable.com/api/v1/widget/accounts/foundations-early-learning-center,16,observed,
workable,foundersforum,foundersforum,https://apply.workable.com/foundersforum,https://apply.workable.com/api/v1/widget/accounts/foundersforum,10,observed,
workable,fp1-strategies,fp1-strategies,https://apply.workable.com/fp1-strategies,https://apply.workable.com/api/v1/widget/accounts/fp1-strategies,1,observed,
workable,fpmarkets,fpmarkets,https://apply.workable.com/fpmarkets,https://apply.workable.com/api/v1/widget/accounts/fpmarkets,21,observed,
workable,freedom-leisure,freedom-leisure,https://apply.workable.com/freedom-leisure,https://apply.workable.com/api/v1/widget/accounts/freedom-leisure,64,observed,
workable,freedup,freedup,https://apply.workable.com/freedup,https://apply.workable.com/api/v1/widget/accounts/freedup,35,observed,
workable,freedx,freedx,https://apply.workable.com/freedx,https://apply.workable.com/api/v1/widget/accounts/freedx,4,observed,
workable,freelance-latin-america,freelance-latin-america,https://apply.workable.com/freelance-latin-america,https://apply.workable.com/api/v1/widget/accounts/freelance-latin-america,20,observed,
workable,fridababy,fridababy,https://apply.workable.com/fridababy,https://apply.workable.com/api/v1/widget/accounts/fridababy,22,observed,
workable,friends-from-the-city,friends-from-the-city,https://apply.workable.com/friends-from-the-city,https://apply.workable.com/api/v1/widget/accounts/friends-from-the-city,0,observed,
workable,fromdayone,fromdayone,https://apply.workable.com/fromdayone,https://apply.workable.com/api/v1/widget/accounts/fromdayone,11,observed,
workable,fuku,fuku,https://apply.workable.com/fuku,https://apply.workable.com/api/v1/widget/accounts/fuku,696,observed,
workable,fulkers-bailey-russell,fulkers-bailey-russell,https://apply.workable.com/fulkers-bailey-russell,https://apply.workable.com/api/v1/widget/accounts/fulkers-bailey-russell,8,observed,
workable,fullstackacademy,fullstackacademy,https://apply.workable.com/fullstackacademy,https://apply.workable.com/api/v1/widget/accounts/fullstackacademy,21,observed,
workable,fundcraft,fundcraft,https://apply.workable.com/fundcraft,https://apply.workable.com/api/v1/widget/accounts/fundcraft,16,observed,
workable,fundingsocieties,fundingsocieties,https://apply.workable.com/fundingsocieties,https://apply.workable.com/api/v1/widget/accounts/fundingsocieties,75,observed,
workable,funnel-leasing,funnel-leasing,https://apply.workable.com/funnel-leasing,https://apply.workable.com/api/v1/widget/accounts/funnel-leasing,4,observed,
workable,fuseenergy,fuseenergy,https://apply.workable.com/fuseenergy,https://apply.workable.com/api/v1/widget/accounts/fuseenergy,74,observed,
workable,fusionhitjobs,fusionhitjobs,https://apply.workable.com/fusionhitjobs,https://apply.workable.com/api/v1/widget/accounts/fusionhitjobs,3,observed,
workable,futurecaucus,futurecaucus,https://apply.workable.com/futurecaucus,https://apply.workable.com/api/v1/widget/accounts/futurecaucus,3,observed,
workable,futureplc,futureplc,https://apply.workable.com/futureplc,https://apply.workable.com/api/v1/widget/accounts/futureplc,45,observed,
workable,futuresight,futuresight,https://apply.workable.com/futuresight,https://apply.workable.com/api/v1/widget/accounts/futuresight,0,observed,
workable,futurex-1,futurex-1,https://apply.workable.com/futurex-1,https://apply.workable.com/api/v1/widget/accounts/futurex-1,27,observed,
workable,futurpreneur,futurpreneur,https://apply.workable.com/futurpreneur,https://apply.workable.com/api/v1/widget/accounts/futurpreneur,2,observed,
workable,g-20-advisors-ag,g-20-advisors-ag,https://apply.workable.com/g-20-advisors-ag,https://apply.workable.com/api/v1/widget/accounts/g-20-advisors-ag,14,observed,
workable,g-mass,g-mass,https://apply.workable.com/g-mass,https://apply.workable.com/api/v1/widget/accounts/g-mass,110,observed,
workable,gables-of-fitchburg,gables-of-fitchburg,https://apply.workable.com/gables-of-fitchburg,https://apply.workable.com/api/v1/widget/accounts/gables-of-fitchburg,0,observed,
workable,gadge-usa,gadge-usa,https://apply.workable.com/gadge-usa,https://apply.workable.com/api/v1/widget/accounts/gadge-usa,5,observed,
workable,galois,galois,https://apply.workable.com/galois,https://apply.workable.com/api/v1/widget/accounts/galois,3,observed,
workable,gamigo,gamigo,https://apply.workable.com/gamigo,https://apply.workable.com/api/v1/widget/accounts/gamigo,0,observed,
workable,gatekeeper-3,gatekeeper-3,https://apply.workable.com/gatekeeper-3,https://apply.workable.com/api/v1/widget/accounts/gatekeeper-3,10,observed,
workable,gateway-trailer-repair,gateway-trailer-repair,https://apply.workable.com/gateway-trailer-repair,https://apply.workable.com/api/v1/widget/accounts/gateway-trailer-repair,1,observed,
workable,gbg,gbg,https://apply.workable.com/gbg,https://apply.workable.com/api/v1/widget/accounts/gbg,17,observed,
workable,gearup2success-1,gearup2success-1,https://apply.workable.com/gearup2success-1,https://apply.workable.com/api/v1/widget/accounts/gearup2success-1,39,observed,
workable,geeks-on-site,geeks-on-site,https://apply.workable.com/geeks-on-site,https://apply.workable.com/api/v1/widget/accounts/geeks-on-site,153,observed,
workable,gek-terna,gek-terna,https://apply.workable.com/gek-terna,https://apply.workable.com/api/v1/widget/accounts/gek-terna,112,observed,
workable,gemmo,gemmo,https://apply.workable.com/gemmo,https://apply.workable.com/api/v1/widget/accounts/gemmo,2,observed,
workable,genetec-inc,genetec-inc,https://apply.workable.com/genetec-inc,https://apply.workable.com/api/v1/widget/accounts/genetec-inc,152,observed,
workable,genplusgroup,genplusgroup,https://apply.workable.com/genplusgroup,https://apply.workable.com/api/v1/widget/accounts/genplusgroup,7,observed,
workable,genus-ai,genus-ai,https://apply.workable.com/genus-ai,https://apply.workable.com/api/v1/widget/accounts/genus-ai,0,observed,
workable,genz-ryan,genz-ryan,https://apply.workable.com/genz-ryan,https://apply.workable.com/api/v1/widget/accounts/genz-ryan,5,observed,
workable,geo-technology-associates-inc,geo-technology-associates-inc,https://apply.workable.com/geo-technology-associates-inc,https://apply.workable.com/api/v1/widget/accounts/geo-technology-associates-inc,59,observed,
workable,geoprobe,geoprobe,https://apply.workable.com/geoprobe,https://apply.workable.com/api/v1/widget/accounts/geoprobe,15,observed,
workable,get-reliance-health,get-reliance-health,https://apply.workable.com/get-reliance-health,https://apply.workable.com/api/v1/widget/accounts/get-reliance-health,52,observed,
workable,getbits,getbits,https://apply.workable.com/getbits,https://apply.workable.com/api/v1/widget/accounts/getbits,1,observed,
workable,getfpv,getfpv,https://apply.workable.com/getfpv,https://apply.workable.com/api/v1/widget/accounts/getfpv,3,observed,
workable,getolo,getolo,https://apply.workable.com/getolo,https://apply.workable.com/api/v1/widget/accounts/getolo,9,observed,
workable,getresponse,getresponse,https://apply.workable.com/getresponse,https://apply.workable.com/api/v1/widget/accounts/getresponse,7,observed,
workable,getsubstance,getsubstance,https://apply.workable.com/getsubstance,https://apply.workable.com/api/v1/widget/accounts/getsubstance,5,observed,
workable,getvocal-ai,getvocal-ai,https://apply.workable.com/getvocal-ai,https://apply.workable.com/api/v1/widget/accounts/getvocal-ai,3,observed,
workable,ghgsat,ghgsat,https://apply.workable.com/ghgsat,https://apply.workable.com/api/v1/widget/accounts/ghgsat,0,observed,
workable,gigmos,gigmos,https://apply.workable.com/gigmos,https://apply.workable.com/api/v1/widget/accounts/gigmos,0,observed,
workable,giskard,giskard,https://apply.workable.com/giskard,https://apply.workable.com/api/v1/widget/accounts/giskard,0,observed,
workable,glass-research,glass-research,https://apply.workable.com/glass-research,https://apply.workable.com/api/v1/widget/accounts/glass-research,0,observed,
workable,globaldevgroup,globaldevgroup,https://apply.workable.com/globaldevgroup,https://apply.workable.com/api/v1/widget/accounts/globaldevgroup,11,observed,
workable,gmva,gmva,https://apply.workable.com/gmva,https://apply.workable.com/api/v1/widget/accounts/gmva,17,observed,
workable,gobi-technologies-inc,gobi-technologies-inc,https://apply.workable.com/gobi-technologies-inc,https://apply.workable.com/api/v1/widget/accounts/gobi-technologies-inc,1,observed,
workable,godotcg,godotcg,https://apply.workable.com/godotcg,https://apply.workable.com/api/v1/widget/accounts/godotcg,5,observed,
workable,goglobal,goglobal,https://apply.workable.com/goglobal,https://apply.workable.com/api/v1/widget/accounts/goglobal,39,observed,
workable,goldair-handling-s-dot-a,goldair-handling-s-dot-a,https://apply.workable.com/goldair-handling-s-dot-a,https://apply.workable.com/api/v1/widget/accounts/goldair-handling-s-dot-a,21,observed,
workable,gomining,gomining,https://apply.workable.com/gomining,https://apply.workable.com/api/v1/widget/accounts/gomining,28,observed,
workable,goodhabitz,goodhabitz,https://apply.workable.com/goodhabitz,https://apply.workable.com/api/v1/widget/accounts/goodhabitz,7,observed,
workable,goreel,goreel,https://apply.workable.com/goreel,https://apply.workable.com/api/v1/widget/accounts/goreel,3,observed,
workable,gotymex,gotymex,https://apply.workable.com/gotymex,https://apply.workable.com/api/v1/widget/accounts/gotymex,30,observed,
workable,grahamand-brown,grahamand-brown,https://apply.workable.com/grahamand-brown,https://apply.workable.com/api/v1/widget/accounts/grahamand-brown,1,observed,
workable,gramian,gramian,https://apply.workable.com/gramian,https://apply.workable.com/api/v1/widget/accounts/gramian,49,observed,
workable,grapevine-msp-technology-services,grapevine-msp-technology-services,https://apply.workable.com/grapevine-msp-technology-services,https://apply.workable.com/api/v1/widget/accounts/grapevine-msp-technology-services,4,observed,
workable,grassrootscarbon,grassrootscarbon,https://apply.workable.com/grassrootscarbon,https://apply.workable.com/api/v1/widget/accounts/grassrootscarbon,3,observed,
workable,greater-iowa-credit-union,greater-iowa-credit-union,https://apply.workable.com/greater-iowa-credit-union,https://apply.workable.com/api/v1/widget/accounts/greater-iowa-credit-union,5,observed,
workable,green-led-lighting-solutions,green-led-lighting-solutions,https://apply.workable.com/green-led-lighting-solutions,https://apply.workable.com/api/v1/widget/accounts/green-led-lighting-solutions,0,observed,
workable,greenberg-larraby-inc-gli,greenberg-larraby-inc-gli,https://apply.workable.com/greenberg-larraby-inc-gli,https://apply.workable.com/api/v1/widget/accounts/greenberg-larraby-inc-gli,50,observed,
workable,greenearth,greenearth,https://apply.workable.com/greenearth,https://apply.workable.com/api/v1/widget/accounts/greenearth,11,observed,
workable,greenlife-healthcare-staffing-1,greenlife-healthcare-staffing-1,https://apply.workable.com/greenlife-healthcare-staffing-1,https://apply.workable.com/api/v1/widget/accounts/greenlife-healthcare-staffing-1,929,observed,
workable,gresb,gresb,https://apply.workable.com/gresb,https://apply.workable.com/api/v1/widget/accounts/gresb,4,observed,
workable,gridcog,gridcog,https://apply.workable.com/gridcog,https://apply.workable.com/api/v1/widget/accounts/gridcog,5,observed,
workable,gritter-francona,gritter-francona,https://apply.workable.com/gritter-francona,https://apply.workable.com/api/v1/widget/accounts/gritter-francona,4,observed,
workable,groundtruth,groundtruth,https://apply.workable.com/groundtruth,https://apply.workable.com/api/v1/widget/accounts/groundtruth,5,observed,
workable,gsstech-group,gsstech-group,https://apply.workable.com/gsstech-group,https://apply.workable.com/api/v1/widget/accounts/gsstech-group,53,observed,
workable,gtech,gtech,https://apply.workable.com/gtech,https://apply.workable.com/api/v1/widget/accounts/gtech,3,observed,
workable,guess-europe-sagl,guess-europe-sagl,https://apply.workable.com/guess-europe-sagl,https://apply.workable.com/api/v1/widget/accounts/guess-europe-sagl,159,observed,
workable,guidantfinancial,guidantfinancial,https://apply.workable.com/guidantfinancial,https://apply.workable.com/api/v1/widget/accounts/guidantfinancial,1,observed,
workable,gunner,gunner,https://apply.workable.com/gunner,https://apply.workable.com/api/v1/widget/accounts/gunner,1,observed,
workable,gypsy,gypsy,https://apply.workable.com/gypsy,https://apply.workable.com/api/v1/widget/accounts/gypsy,9,observed,
workable,h2-health,h2-health,https://apply.workable.com/h2-health,https://apply.workable.com/api/v1/widget/accounts/h2-health,331,observed,
workable,habitat-learn-inc,habitat-learn-inc,https://apply.workable.com/habitat-learn-inc,https://apply.workable.com/api/v1/widget/accounts/habitat-learn-inc,11,observed,
workable,hack-the-box-ltd,hack-the-box-ltd,https://apply.workable.com/hack-the-box-ltd,https://apply.workable.com/api/v1/widget/accounts/hack-the-box-ltd,21,observed,
workable,hadley-designs,hadley-designs,https://apply.workable.com/hadley-designs,https://apply.workable.com/api/v1/widget/accounts/hadley-designs,52,observed,
workable,haiqu-inc,haiqu-inc,https://apply.workable.com/haiqu-inc,https://apply.workable.com/api/v1/widget/accounts/haiqu-inc,0,observed,
workable,halo-industries,halo-industries,https://apply.workable.com/halo-industries,https://apply.workable.com/api/v1/widget/accounts/halo-industries,19,observed,
workable,hampr,hampr,https://apply.workable.com/hampr,https://apply.workable.com/api/v1/widget/accounts/hampr,0,observed,
workable,hanna-interpreting-services-llc,hanna-interpreting-services-llc,https://apply.workable.com/hanna-interpreting-services-llc,https://apply.workable.com/api/v1/widget/accounts/hanna-interpreting-services-llc,2,observed,
workable,harlem-childrens-zone,harlem-childrens-zone,https://apply.workable.com/harlem-childrens-zone,https://apply.workable.com/api/v1/widget/accounts/harlem-childrens-zone,110,observed,
workable,harriett-buhai-center-for-family-law,harriett-buhai-center-for-family-law,https://apply.workable.com/harriett-buhai-center-for-family-law,https://apply.workable.com/api/v1/widget/accounts/harriett-buhai-center-for-family-law,2,observed,
workable,haus,haus,https://apply.workable.com/haus,https://apply.workable.com/api/v1/widget/accounts/haus,4,observed,
workable,hayfin-capital-management,hayfin-capital-management,https://apply.workable.com/hayfin-capital-management,https://apply.workable.com/api/v1/widget/accounts/hayfin-capital-management,4,observed,
workable,headquarters,headquarters,https://apply.workable.com/headquarters,https://apply.workable.com/api/v1/widget/accounts/headquarters,4,observed,
workable,headworks-inc,headworks-inc,https://apply.workable.com/headworks-inc,https://apply.workable.com/api/v1/widget/accounts/headworks-inc,5,observed,
workable,healthcarerecruiter,healthcarerecruiter,https://apply.workable.com/healthcarerecruiter,https://apply.workable.com/api/v1/widget/accounts/healthcarerecruiter,178,observed,
workable,healthcorpsorg,healthcorpsorg,https://apply.workable.com/healthcorpsorg,https://apply.workable.com/api/v1/widget/accounts/healthcorpsorg,23,observed,
workable,healthop-solutions,healthop-solutions,https://apply.workable.com/healthop-solutions,https://apply.workable.com/api/v1/widget/accounts/healthop-solutions,134,observed,
workable,healwell-ai,healwell-ai,https://apply.workable.com/healwell-ai,https://apply.workable.com/api/v1/widget/accounts/healwell-ai,2,observed,
workable,hedepy,hedepy,https://apply.workable.com/hedepy,https://apply.workable.com/api/v1/widget/accounts/hedepy,6,observed,
workable,helical,helical,https://apply.workable.com/helical,https://apply.workable.com/api/v1/widget/accounts/helical,4,observed,
workable,hello-sunshine,hello-sunshine,https://apply.workable.com/hello-sunshine,https://apply.workable.com/api/v1/widget/accounts/hello-sunshine,0,observed,
workable,helloaoa,helloaoa,https://apply.workable.com/helloaoa,https://apply.workable.com/api/v1/widget/accounts/helloaoa,3,observed,
workable,hellogov,hellogov,https://apply.workable.com/hellogov,https://apply.workable.com/api/v1/widget/accounts/hellogov,3,observed,
workable,helprise-1,helprise-1,https://apply.workable.com/helprise-1,https://apply.workable.com/api/v1/widget/accounts/helprise-1,44,observed,
workable,heor,heor,https://apply.workable.com/heor,https://apply.workable.com/api/v1/widget/accounts/heor,3,observed,
workable,heritage-exposition-services,heritage-exposition-services,https://apply.workable.com/heritage-exposition-services,https://apply.workable.com/api/v1/widget/accounts/heritage-exposition-services,6,observed,
workable,heritage-healthcare-services,heritage-healthcare-services,https://apply.workable.com/heritage-healthcare-services,https://apply.workable.com/api/v1/widget/accounts/heritage-healthcare-services,20,observed,
workable,hero-software,hero-software,https://apply.workable.com/hero-software,https://apply.workable.com/api/v1/widget/accounts/hero-software,7,observed,
workable,hextrust,hextrust,https://apply.workable.com/hextrust,https://apply.workable.com/api/v1/widget/accounts/hextrust,16,observed,
workable,hi-auto,hi-auto,https://apply.workable.com/hi-auto,https://apply.workable.com/api/v1/widget/accounts/hi-auto,1,observed,
workable,hi-jobs,hi-jobs,https://apply.workable.com/hi-jobs,https://apply.workable.com/api/v1/widget/accounts/hi-jobs,46,observed,
workable,hialtitudebrands,hialtitudebrands,https://apply.workable.com/hialtitudebrands,https://apply.workable.com/api/v1/widget/accounts/hialtitudebrands,6,observed,
workable,hicx-solutions,hicx-solutions,https://apply.workable.com/hicx-solutions,https://apply.workable.com/api/v1/widget/accounts/hicx-solutions,1,observed,
workable,higher-learning-commission,higher-learning-commission,https://apply.workable.com/higher-learning-commission,https://apply.workable.com/api/v1/widget/accounts/higher-learning-commission,0,observed,
workable,highland-spring-group,highland-spring-group,https://apply.workable.com/highland-spring-group,https://apply.workable.com/api/v1/widget/accounts/highland-spring-group,8,observed,
workable,hilobyaktiia,hilobyaktiia,https://apply.workable.com/hilobyaktiia,https://apply.workable.com/api/v1/widget/accounts/hilobyaktiia,1,observed,
workable,hire-resolve-the-top-recruitment-agency,hire-resolve-the-top-recruitment-agency,https://apply.workable.com/hire-resolve-the-top-recruitment-agency,https://apply.workable.com/api/v1/widget/accounts/hire-resolve-the-top-recruitment-agency,396,observed,
workable,hireframe,hireframe,https://apply.workable.com/hireframe,https://apply.workable.com/api/v1/widget/accounts/hireframe,60,observed,
workable,hiregroundtalent,hiregroundtalent,https://apply.workable.com/hiregroundtalent,https://apply.workable.com/api/v1/widget/accounts/hiregroundtalent,5,observed,
workable,hirehawk,hirehawk,https://apply.workable.com/hirehawk,https://apply.workable.com/api/v1/widget/accounts/hirehawk,148,observed,
workable,hirotec-america,hirotec-america,https://apply.workable.com/hirotec-america,https://apply.workable.com/api/v1/widget/accounts/hirotec-america,16,observed,
workable,hja,hja,https://apply.workable.com/hja,https://apply.workable.com/api/v1/widget/accounts/hja,2,observed,
workable,hoa-talent,hoa-talent,https://apply.workable.com/hoa-talent,https://apply.workable.com/api/v1/widget/accounts/hoa-talent,41,observed,
workable,hoffmann-brothers,hoffmann-brothers,https://apply.workable.com/hoffmann-brothers,https://apply.workable.com/api/v1/widget/accounts/hoffmann-brothers,23,observed,
workable,hokali,hokali,https://apply.workable.com/hokali,https://apply.workable.com/api/v1/widget/accounts/hokali,18,observed,
workable,homa-games,homa-games,https://apply.workable.com/homa-games,https://apply.workable.com/api/v1/widget/accounts/homa-games,13,observed,
workable,hometown-urgent-care,hometown-urgent-care,https://apply.workable.com/hometown-urgent-care,https://apply.workable.com/api/v1/widget/accounts/hometown-urgent-care,29,observed,
workable,hometrack,hometrack,https://apply.workable.com/hometrack,https://apply.workable.com/api/v1/widget/accounts/hometrack,3,observed,
workable,hospitable,hospitable,https://apply.workable.com/hospitable,https://apply.workable.com/api/v1/widget/accounts/hospitable,13,observed,
workable,hpdcareers,hpdcareers,https://apply.workable.com/hpdcareers,https://apply.workable.com/api/v1/widget/accounts/hpdcareers,26,observed,
workable,hr-one,hr-one,https://apply.workable.com/hr-one,https://apply.workable.com/api/v1/widget/accounts/hr-one,28,observed,
workable,hrfactory-lithuania,hrfactory-lithuania,https://apply.workable.com/hrfactory-lithuania,https://apply.workable.com/api/v1/widget/accounts/hrfactory-lithuania,31,observed,
workable,hsi-1,hsi-1,https://apply.workable.com/hsi-1,https://apply.workable.com/api/v1/widget/accounts/hsi-1,8,observed,
workable,hudabeauty,hudabeauty,https://apply.workable.com/hudabeauty,https://apply.workable.com/api/v1/widget/accounts/hudabeauty,34,observed,
workable,huggingface,huggingface,https://apply.workable.com/huggingface,https://apply.workable.com/api/v1/widget/accounts/huggingface,6,observed,
workable,human-intelligence,human-intelligence,https://apply.workable.com/human-intelligence,https://apply.workable.com/api/v1/widget/accounts/human-intelligence,9,observed,
workable,humanintelligence,humanintelligence,https://apply.workable.com/humanintelligence,https://apply.workable.com/api/v1/widget/accounts/humanintelligence,43,observed,
workable,humanmade,humanmade,https://apply.workable.com/humanmade,https://apply.workable.com/api/v1/widget/accounts/humanmade,6,observed,
workable,humanz,humanz,https://apply.workable.com/humanz,https://apply.workable.com/api/v1/widget/accounts/humanz,10,observed,
workable,hunt-st,hunt-st,https://apply.workable.com/hunt-st,https://apply.workable.com/api/v1/widget/accounts/hunt-st,136,observed,
workable,hustler-marketing,hustler-marketing,https://apply.workable.com/hustler-marketing,https://apply.workable.com/api/v1/widget/accounts/hustler-marketing,28,observed,
workable,huzzle,huzzle,https://apply.workable.com/huzzle,https://apply.workable.com/api/v1/widget/accounts/huzzle,628,observed,
workable,hy-studio-gmbh-1,hy-studio-gmbh-1,https://apply.workable.com/hy-studio-gmbh-1,https://apply.workable.com/api/v1/widget/accounts/hy-studio-gmbh-1,0,observed,
workable,hyperiondev,hyperiondev,https://apply.workable.com/hyperiondev,https://apply.workable.com/api/v1/widget/accounts/hyperiondev,16,observed,
workable,hyperlight,hyperlight,https://apply.workable.com/hyperlight,https://apply.workable.com/api/v1/widget/accounts/hyperlight,16,observed,
workable,i-5-design-build-inc,i-5-design-build-inc,https://apply.workable.com/i-5-design-build-inc,https://apply.workable.com/api/v1/widget/accounts/i-5-design-build-inc,0,observed,
workable,iapwe,iapwe,https://apply.workable.com/iapwe,https://apply.workable.com/api/v1/widget/accounts/iapwe,1,observed,
workable,ibhs,ibhs,https://apply.workable.com/ibhs,https://apply.workable.com/api/v1/widget/accounts/ibhs,5,observed,
workable,ibmcid,ibmcid,https://apply.workable.com/ibmcid,https://apply.workable.com/api/v1/widget/accounts/ibmcid,78,observed,
workable,icbd-holdings,icbd-holdings,https://apply.workable.com/icbd-holdings,https://apply.workable.com/api/v1/widget/accounts/icbd-holdings,206,observed,
workable,icmp-6,icmp-6,https://apply.workable.com/icmp-6,https://apply.workable.com/api/v1/widget/accounts/icmp-6,26,observed,
workable,icorp,icorp,https://apply.workable.com/icorp,https://apply.workable.com/api/v1/widget/accounts/icorp,21,observed,
workable,ict-protect,ict-protect,https://apply.workable.com/ict-protect,https://apply.workable.com/api/v1/widget/accounts/ict-protect,2,observed,
workable,identiv,identiv,https://apply.workable.com/identiv,https://apply.workable.com/api/v1/widget/accounts/identiv,1,observed,
workable,idoven,idoven,https://apply.workable.com/idoven,https://apply.workable.com/api/v1/widget/accounts/idoven,2,observed,
workable,ifeelonline,ifeelonline,https://apply.workable.com/ifeelonline,https://apply.workable.com/api/v1/widget/accounts/ifeelonline,4,observed,
workable,iglooinsure,iglooinsure,https://apply.workable.com/iglooinsure,https://apply.workable.com/api/v1/widget/accounts/iglooinsure,40,observed,
workable,ignite-33,ignite-33,https://apply.workable.com/ignite-33,https://apply.workable.com/api/v1/widget/accounts/ignite-33,33,observed,
workable,ihateironing,ihateironing,https://apply.workable.com/ihateironing,https://apply.workable.com/api/v1/widget/accounts/ihateironing,1,observed,
workable,ihrseattle,ihrseattle,https://apply.workable.com/ihrseattle,https://apply.workable.com/api/v1/widget/accounts/ihrseattle,2,observed,
workable,iita,iita,https://apply.workable.com/iita,https://apply.workable.com/api/v1/widget/accounts/iita,31,observed,
workable,imachines,imachines,https://apply.workable.com/imachines,https://apply.workable.com/api/v1/widget/accounts/imachines,16,observed,
workable,imagine-black,imagine-black,https://apply.workable.com/imagine-black,https://apply.workable.com/api/v1/widget/accounts/imagine-black,2,observed,
workable,imitheamg,imitheamg,https://apply.workable.com/imitheamg,https://apply.workable.com/api/v1/widget/accounts/imitheamg,56,observed,
workable,immediate-media-co,immediate-media-co,https://apply.workable.com/immediate-media-co,https://apply.workable.com/api/v1/widget/accounts/immediate-media-co,4,observed,
workable,impact-clients,impact-clients,https://apply.workable.com/impact-clients,https://apply.workable.com/api/v1/widget/accounts/impact-clients,15,observed,
workable,impactperformanceteam,impactperformanceteam,https://apply.workable.com/impactperformanceteam,https://apply.workable.com/api/v1/widget/accounts/impactperformanceteam,17,observed,
workable,impactplus,impactplus,https://apply.workable.com/impactplus,https://apply.workable.com/api/v1/widget/accounts/impactplus,3,observed,
workable,improvedcf,improvedcf,https://apply.workable.com/improvedcf,https://apply.workable.com/api/v1/widget/accounts/improvedcf,3,observed,
workable,inatai,inatai,https://apply.workable.com/inatai,https://apply.workable.com/api/v1/widget/accounts/inatai,1,observed,
workable,inautalent,inautalent,https://apply.workable.com/inautalent,https://apply.workable.com/api/v1/widget/accounts/inautalent,18,observed,
workable,incentfit,incentfit,https://apply.workable.com/incentfit,https://apply.workable.com/api/v1/widget/accounts/incentfit,2,observed,
workable,indiancreekschool,indiancreekschool,https://apply.workable.com/indiancreekschool,https://apply.workable.com/api/v1/widget/accounts/indiancreekschool,4,observed,
workable,indice,indice,https://apply.workable.com/indice,https://apply.workable.com/api/v1/widget/accounts/indice,1,observed,
workable,indico,indico,https://apply.workable.com/indico,https://apply.workable.com/api/v1/widget/accounts/indico,10,observed,
workable,indra-uk,indra-uk,https://apply.workable.com/indra-uk,https://apply.workable.com/api/v1/widget/accounts/indra-uk,67,observed,
workable,ineos-automotive,ineos-automotive,https://apply.workable.com/ineos-automotive,https://apply.workable.com/api/v1/widget/accounts/ineos-automotive,11,observed,
workable,infatica-dot-i-o,infatica-dot-i-o,https://apply.workable.com/infatica-dot-i-o,https://apply.workable.com/api/v1/widget/accounts/infatica-dot-i-o,0,observed,
workable,infopro-digital,infopro-digital,https://apply.workable.com/infopro-digital,https://apply.workable.com/api/v1/widget/accounts/infopro-digital,18,observed,
workable,infoquest,infoquest,https://apply.workable.com/infoquest,https://apply.workable.com/api/v1/widget/accounts/infoquest,5,observed,
workable,informed-solutions,informed-solutions,https://apply.workable.com/informed-solutions,https://apply.workable.com/api/v1/widget/accounts/informed-solutions,16,observed,
workable,infosys-consulting-europe,infosys-consulting-europe,https://apply.workable.com/infosys-consulting-europe,https://apply.workable.com/api/v1/widget/accounts/infosys-consulting-europe,164,observed,
workable,infotrack-us,infotrack-us,https://apply.workable.com/infotrack-us,https://apply.workable.com/api/v1/widget/accounts/infotrack-us,12,observed,
workable,infuse-it,infuse-it,https://apply.workable.com/infuse-it,https://apply.workable.com/api/v1/widget/accounts/infuse-it,2,observed,
workable,inkomoko,inkomoko,https://apply.workable.com/inkomoko,https://apply.workable.com/api/v1/widget/accounts/inkomoko,2,observed,
workable,innerplant,innerplant,https://apply.workable.com/innerplant,https://apply.workable.com/api/v1/widget/accounts/innerplant,5,observed,
workable,innocence-project,innocence-project,https://apply.workable.com/innocence-project,https://apply.workable.com/api/v1/widget/accounts/innocence-project,5,observed,
workable,innovaccer-analytics,innovaccer-analytics,https://apply.workable.com/innovaccer-analytics,https://apply.workable.com/api/v1/widget/accounts/innovaccer-analytics,75,observed,
workable,innovationteam,innovationteam,https://apply.workable.com/innovationteam,https://apply.workable.com/api/v1/widget/accounts/innovationteam,45,observed,
workable,innovatrics,innovatrics,https://apply.workable.com/innovatrics,https://apply.workable.com/api/v1/widget/accounts/innovatrics,10,observed,
workable,inproduction,inproduction,https://apply.workable.com/inproduction,https://apply.workable.com/api/v1/widget/accounts/inproduction,37,observed,
workable,insight-investment,insight-investment,https://apply.workable.com/insight-investment,https://apply.workable.com/api/v1/widget/accounts/insight-investment,9,observed,
workable,insight-network-inc,insight-network-inc,https://apply.workable.com/insight-network-inc,https://apply.workable.com/api/v1/widget/accounts/insight-network-inc,4,observed,
workable,inspiroz1,inspiroz1,https://apply.workable.com/inspiroz1,https://apply.workable.com/api/v1/widget/accounts/inspiroz1,8,observed,
workable,installation-made-easy,installation-made-easy,https://apply.workable.com/installation-made-easy,https://apply.workable.com/api/v1/widget/accounts/installation-made-easy,2,observed,
workable,intale,intale,https://apply.workable.com/intale,https://apply.workable.com/api/v1/widget/accounts/intale,4,observed,
workable,integrant,integrant,https://apply.workable.com/integrant,https://apply.workable.com/api/v1/widget/accounts/integrant,29,observed,
workable,integritym,integritym,https://apply.workable.com/integritym,https://apply.workable.com/api/v1/widget/accounts/integritym,3,observed,
workable,intellatriage,intellatriage,https://apply.workable.com/intellatriage,https://apply.workable.com/api/v1/widget/accounts/intellatriage,36,observed,
workable,intellecthq,intellecthq,https://apply.workable.com/intellecthq,https://apply.workable.com/api/v1/widget/accounts/intellecthq,278,observed,
workable,intellectsoft,intellectsoft,https://apply.workable.com/intellectsoft,https://apply.workable.com/api/v1/widget/accounts/intellectsoft,7,observed,
workable,interactivestrategies,interactivestrategies,https://apply.workable.com/interactivestrategies,https://apply.workable.com/api/v1/widget/accounts/interactivestrategies,4,observed,
workable,interface-1,interface-1,https://apply.workable.com/interface-1,https://apply.workable.com/api/v1/widget/accounts/interface-1,174,observed,
workable,interlaced,interlaced,https://apply.workable.com/interlaced,https://apply.workable.com/api/v1/widget/accounts/interlaced,4,observed,
workable,international-water-management-institute,international-water-management-institute,https://apply.workable.com/international-water-management-institute,https://apply.workable.com/api/v1/widget/accounts/international-water-management-institute,1,observed,
workable,interpath-advisory,interpath-advisory,https://apply.workable.com/interpath-advisory,https://apply.workable.com/api/v1/widget/accounts/interpath-advisory,84,observed,
workable,interpolitan-money,interpolitan-money,https://apply.workable.com/interpolitan-money,https://apply.workable.com/api/v1/widget/accounts/interpolitan-money,4,observed,
workable,interweave,interweave,https://apply.workable.com/interweave,https://apply.workable.com/api/v1/widget/accounts/interweave,6,observed,
workable,intetics-2,intetics-2,https://apply.workable.com/intetics-2,https://apply.workable.com/api/v1/widget/accounts/intetics-2,124,observed,
workable,inventyou-ab,inventyou-ab,https://apply.workable.com/inventyou-ab,https://apply.workable.com/api/v1/widget/accounts/inventyou-ab,8,observed,
workable,invest-lithuania,invest-lithuania,https://apply.workable.com/invest-lithuania,https://apply.workable.com/api/v1/widget/accounts/invest-lithuania,8,observed,
workable,invygo,invygo,https://apply.workable.com/invygo,https://apply.workable.com/api/v1/widget/accounts/invygo,3,observed,
workable,io-global,io-global,https://apply.workable.com/io-global,https://apply.workable.com/api/v1/widget/accounts/io-global,0,observed,
workable,ionate,ionate,https://apply.workable.com/ionate,https://apply.workable.com/api/v1/widget/accounts/ionate,8,observed,
workable,iosh,iosh,https://apply.workable.com/iosh,https://apply.workable.com/api/v1/widget/accounts/iosh,3,observed,
workable,ipullrank,ipullrank,https://apply.workable.com/ipullrank,https://apply.workable.com/api/v1/widget/accounts/ipullrank,1,observed,
workable,irth,irth,https://apply.workable.com/irth,https://apply.workable.com/api/v1/widget/accounts/irth,9,observed,
workable,irth-solutions,irth-solutions,https://apply.workable.com/irth-solutions,https://apply.workable.com/api/v1/widget/accounts/irth-solutions,24,observed,
workable,is-international-services,is-international-services,https://apply.workable.com/is-international-services,https://apply.workable.com/api/v1/widget/accounts/is-international-services,37,observed,
workable,ischool,ischool,https://apply.workable.com/ischool,https://apply.workable.com/api/v1/widget/accounts/ischool,5,observed,
workable,ista-2,ista-2,https://apply.workable.com/ista-2,https://apply.workable.com/api/v1/widget/accounts/ista-2,37,observed,
workable,it1,it1,https://apply.workable.com/it1,https://apply.workable.com/api/v1/widget/accounts/it1,22,observed,
workable,itecor,itecor,https://apply.workable.com/itecor,https://apply.workable.com/api/v1/widget/accounts/itecor,15,observed,
workable,itg,itg,https://apply.workable.com/itg,https://apply.workable.com/api/v1/widget/accounts/itg,34,observed,
workable,itrs,itrs,https://apply.workable.com/itrs,https://apply.workable.com/api/v1/widget/accounts/itrs,19,observed,
workable,itsacheckmate-dot-com,itsacheckmate-dot-com,https://apply.workable.com/itsacheckmate-dot-com,https://apply.workable.com/api/v1/widget/accounts/itsacheckmate-dot-com,1,observed,
workable,ivyhill-technologies-llc,ivyhill-technologies-llc,https://apply.workable.com/ivyhill-technologies-llc,https://apply.workable.com/api/v1/widget/accounts/ivyhill-technologies-llc,11,observed,
workable,izix,izix,https://apply.workable.com/izix,https://apply.workable.com/api/v1/widget/accounts/izix,1,observed,
workable,jacuzzi-group,jacuzzi-group,https://apply.workable.com/jacuzzi-group,https://apply.workable.com/api/v1/widget/accounts/jacuzzi-group,40,observed,
workable,jaded-london-2,jaded-london-2,https://apply.workable.com/jaded-london-2,https://apply.workable.com/api/v1/widget/accounts/jaded-london-2,16,observed,
workable,jagex-limited,jagex-limited,https://apply.workable.com/jagex-limited,https://apply.workable.com/api/v1/widget/accounts/jagex-limited,10,observed,
workable,jalasoft,jalasoft,https://apply.workable.com/jalasoft,https://apply.workable.com/api/v1/widget/accounts/jalasoft,11,observed,
workable,jam-4,jam-4,https://apply.workable.com/jam-4,https://apply.workable.com/api/v1/widget/accounts/jam-4,1,observed,
workable,james-a-wheat-and-sons,james-a-wheat-and-sons,https://apply.workable.com/james-a-wheat-and-sons,https://apply.workable.com/api/v1/widget/accounts/james-a-wheat-and-sons,3,observed,
workable,jasarapmc,jasarapmc,https://apply.workable.com/jasarapmc,https://apply.workable.com/api/v1/widget/accounts/jasarapmc,198,observed,
workable,jcc-greater-boston,jcc-greater-boston,https://apply.workable.com/jcc-greater-boston,https://apply.workable.com/api/v1/widget/accounts/jcc-greater-boston,61,observed,
workable,jenzabar1,jenzabar1,https://apply.workable.com/jenzabar1,https://apply.workable.com/api/v1/widget/accounts/jenzabar1,5,observed,
workable,job-bridge-global-1,job-bridge-global-1,https://apply.workable.com/job-bridge-global-1,https://apply.workable.com/api/v1/widget/accounts/job-bridge-global-1,177,observed,
workable,jobhire,jobhire,https://apply.workable.com/jobhire,https://apply.workable.com/api/v1/widget/accounts/jobhire,8,observed,
workable,jobicompany,jobicompany,https://apply.workable.com/jobicompany,https://apply.workable.com/api/v1/widget/accounts/jobicompany,35,observed,
workable,jobrack,jobrack,https://apply.workable.com/jobrack,https://apply.workable.com/api/v1/widget/accounts/jobrack,13,observed,
workable,jobsxillium,jobsxillium,https://apply.workable.com/jobsxillium,https://apply.workable.com/api/v1/widget/accounts/jobsxillium,5,observed,
workable,joey-restaurants-1,joey-restaurants-1,https://apply.workable.com/joey-restaurants-1,https://apply.workable.com/api/v1/widget/accounts/joey-restaurants-1,244,observed,
workable,joinbeam,joinbeam,https://apply.workable.com/joinbeam,https://apply.workable.com/api/v1/widget/accounts/joinbeam,9,observed,
workable,joinblink,joinblink,https://apply.workable.com/joinblink,https://apply.workable.com/api/v1/widget/accounts/joinblink,12,observed,
workable,joindelta,joindelta,https://apply.workable.com/joindelta,https://apply.workable.com/api/v1/widget/accounts/joindelta,1,observed,
workable,jon-ossoff-for-senate,jon-ossoff-for-senate,https://apply.workable.com/jon-ossoff-for-senate,https://apply.workable.com/api/v1/widget/accounts/jon-ossoff-for-senate,7,observed,
workable,jones-knowles-ritchie,jones-knowles-ritchie,https://apply.workable.com/jones-knowles-ritchie,https://apply.workable.com/api/v1/widget/accounts/jones-knowles-ritchie,4,observed,
workable,jove,jove,https://apply.workable.com/jove,https://apply.workable.com/api/v1/widget/accounts/jove,35,observed,
workable,joymemories,joymemories,https://apply.workable.com/joymemories,https://apply.workable.com/api/v1/widget/accounts/joymemories,236,observed,
workable,justpark,justpark,https://apply.workable.com/justpark,https://apply.workable.com/api/v1/widget/accounts/justpark,5,observed,
workable,justvision,justvision,https://apply.workable.com/justvision,https://apply.workable.com/api/v1/widget/accounts/justvision,1,observed,
workable,kahoot,kahoot,https://apply.workable.com/kahoot,https://apply.workable.com/api/v1/widget/accounts/kahoot,5,observed,
workable,kanopi,kanopi,https://apply.workable.com/kanopi,https://apply.workable.com/api/v1/widget/accounts/kanopi,4,observed,
workable,kantox,kantox,https://apply.workable.com/kantox,https://apply.workable.com/api/v1/widget/accounts/kantox,5,observed,
workable,karohealthcare,karohealthcare,https://apply.workable.com/karohealthcare,https://apply.workable.com/api/v1/widget/accounts/karohealthcare,16,observed,
workable,kaseware-inc,kaseware-inc,https://apply.workable.com/kaseware-inc,https://apply.workable.com/api/v1/widget/accounts/kaseware-inc,0,observed,
workable,kaynecapital,kaynecapital,https://apply.workable.com/kaynecapital,https://apply.workable.com/api/v1/widget/accounts/kaynecapital,10,observed,
workable,kda-consulting,kda-consulting,https://apply.workable.com/kda-consulting,https://apply.workable.com/api/v1/widget/accounts/kda-consulting,10,observed,
workable,keen,keen,https://apply.workable.com/keen,https://apply.workable.com/api/v1/widget/accounts/keen,18,observed,
workable,keepsafe,keepsafe,https://apply.workable.com/keepsafe,https://apply.workable.com/api/v1/widget/accounts/keepsafe,1,observed,
workable,keller-executive-search,keller-executive-search,https://apply.workable.com/keller-executive-search,https://apply.workable.com/api/v1/widget/accounts/keller-executive-search,143,observed,
workable,kepak,kepak,https://apply.workable.com/kepak,https://apply.workable.com/api/v1/widget/accounts/kepak,75,observed,
workable,kettle-2,kettle-2,https://apply.workable.com/kettle-2,https://apply.workable.com/api/v1/widget/accounts/kettle-2,0,observed,
workable,kettle-and-fire,kettle-and-fire,https://apply.workable.com/kettle-and-fire,https://apply.workable.com/api/v1/widget/accounts/kettle-and-fire,2,observed,
workable,key-mortgage,key-mortgage,https://apply.workable.com/key-mortgage,https://apply.workable.com/api/v1/widget/accounts/key-mortgage,3,observed,
workable,keycafe,keycafe,https://apply.workable.com/keycafe,https://apply.workable.com/api/v1/widget/accounts/keycafe,7,observed,
workable,keywords-intl1,keywords-intl1,https://apply.workable.com/keywords-intl1,https://apply.workable.com/api/v1/widget/accounts/keywords-intl1,203,observed,
workable,ki-insurance,ki-insurance,https://apply.workable.com/ki-insurance,https://apply.workable.com/api/v1/widget/accounts/ki-insurance,21,observed,
workable,kiavets,kiavets,https://apply.workable.com/kiavets,https://apply.workable.com/api/v1/widget/accounts/kiavets,563,observed,
workable,kickupcareers,kickupcareers,https://apply.workable.com/kickupcareers,https://apply.workable.com/api/v1/widget/accounts/kickupcareers,2,observed,
workable,kids-science-labs,kids-science-labs,https://apply.workable.com/kids-science-labs,https://apply.workable.com/api/v1/widget/accounts/kids-science-labs,3,observed,
workable,kitt,kitt,https://apply.workable.com/kitt,https://apply.workable.com/api/v1/widget/accounts/kitt,3,observed,
workable,klass-capital,klass-capital,https://apply.workable.com/klass-capital,https://apply.workable.com/api/v1/widget/accounts/klass-capital,0,observed,
workable,knorex,knorex,https://apply.workable.com/knorex,https://apply.workable.com/api/v1/widget/accounts/knorex,5,observed,
workable,kognitive-sales-solutions,kognitive-sales-solutions,https://apply.workable.com/kognitive-sales-solutions,https://apply.workable.com/api/v1/widget/accounts/kognitive-sales-solutions,121,observed,
workable,koin-limited,koin-limited,https://apply.workable.com/koin-limited,https://apply.workable.com/api/v1/widget/accounts/koin-limited,8,observed,
workable,komodo-co-dot-ltd,komodo-co-dot-ltd,https://apply.workable.com/komodo-co-dot-ltd,https://apply.workable.com/api/v1/widget/accounts/komodo-co-dot-ltd,10,observed,
workable,konew-fintech,konew-fintech,https://apply.workable.com/konew-fintech,https://apply.workable.com/api/v1/widget/accounts/konew-fintech,16,observed,
workable,kooku,kooku,https://apply.workable.com/kooku,https://apply.workable.com/api/v1/widget/accounts/kooku,25,observed,
workable,kooner-fleet-management-solutions,kooner-fleet-management-solutions,https://apply.workable.com/kooner-fleet-management-solutions,https://apply.workable.com/api/v1/widget/accounts/kooner-fleet-management-solutions,30,observed,
workable,koothjobs,koothjobs,https://apply.workable.com/koothjobs,https://apply.workable.com/api/v1/widget/accounts/koothjobs,10,observed,
workable,koracareers,koracareers,https://apply.workable.com/koracareers,https://apply.workable.com/api/v1/widget/accounts/koracareers,2,observed,
workable,korres-sa-natural-products,korres-sa-natural-products,https://apply.workable.com/korres-sa-natural-products,https://apply.workable.com/api/v1/widget/accounts/korres-sa-natural-products,3,observed,
workable,koru,koru,https://apply.workable.com/koru,https://apply.workable.com/api/v1/widget/accounts/koru,2,observed,
workable,kpmg-ukraine,kpmg-ukraine,https://apply.workable.com/kpmg-ukraine,https://apply.workable.com/api/v1/widget/accounts/kpmg-ukraine,27,observed,
workable,kroo,kroo,https://apply.workable.com/kroo,https://apply.workable.com/api/v1/widget/accounts/kroo,19,observed,
workable,krushlabs,krushlabs,https://apply.workable.com/krushlabs,https://apply.workable.com/api/v1/widget/accounts/krushlabs,11,observed,
workable,ksm-hr,ksm-hr,https://apply.workable.com/ksm-hr,https://apply.workable.com/api/v1/widget/accounts/ksm-hr,101,observed,
workable,kuda,kuda,https://apply.workable.com/kuda,https://apply.workable.com/api/v1/widget/accounts/kuda,14,observed,
workable,kueckerpulseintegration,kueckerpulseintegration,https://apply.workable.com/kueckerpulseintegration,https://apply.workable.com/api/v1/widget/accounts/kueckerpulseintegration,23,observed,
workable,kyn,kyn,https://apply.workable.com/kyn,https://apply.workable.com/api/v1/widget/accounts/kyn,6,observed,
workable,laba,laba,https://apply.workable.com/laba,https://apply.workable.com/api/v1/widget/accounts/laba,16,observed,
workable,labella-associates,labella-associates,https://apply.workable.com/labella-associates,https://apply.workable.com/api/v1/widget/accounts/labella-associates,227,observed,
workable,labelyourdata,labelyourdata,https://apply.workable.com/labelyourdata,https://apply.workable.com/api/v1/widget/accounts/labelyourdata,22,observed,
workable,lafrance-hospitality,lafrance-hospitality,https://apply.workable.com/lafrance-hospitality,https://apply.workable.com/api/v1/widget/accounts/lafrance-hospitality,22,observed,
workable,lago-1,lago-1,https://apply.workable.com/lago-1,https://apply.workable.com/api/v1/widget/accounts/lago-1,127,observed,
workable,laka,laka,https://apply.workable.com/laka,https://apply.workable.com/api/v1/widget/accounts/laka,0,observed,
workable,lakeside-software,lakeside-software,https://apply.workable.com/lakeside-software,https://apply.workable.com/api/v1/widget/accounts/lakeside-software,5,observed,
workable,lakshyadigitalglobal,lakshyadigitalglobal,https://apply.workable.com/lakshyadigitalglobal,https://apply.workable.com/api/v1/widget/accounts/lakshyadigitalglobal,27,observed,
workable,lamdax,lamdax,https://apply.workable.com/lamdax,https://apply.workable.com/api/v1/widget/accounts/lamdax,7,observed,
workable,landcare-1,landcare-1,https://apply.workable.com/landcare-1,https://apply.workable.com/api/v1/widget/accounts/landcare-1,60,observed,
workable,lapoflovejobs,lapoflovejobs,https://apply.workable.com/lapoflovejobs,https://apply.workable.com/api/v1/widget/accounts/lapoflovejobs,222,observed,
workable,laravel,laravel,https://apply.workable.com/laravel,https://apply.workable.com/api/v1/widget/accounts/laravel,5,observed,
workable,lastcallmedia,lastcallmedia,https://apply.workable.com/lastcallmedia,https://apply.workable.com/api/v1/widget/accounts/lastcallmedia,0,observed,
workable,laterite,laterite,https://apply.workable.com/laterite,https://apply.workable.com/api/v1/widget/accounts/laterite,2,observed,
workable,laundryheap-2,laundryheap-2,https://apply.workable.com/laundryheap-2,https://apply.workable.com/api/v1/widget/accounts/laundryheap-2,12,observed,
workable,lawnstarter,lawnstarter,https://apply.workable.com/lawnstarter,https://apply.workable.com/api/v1/widget/accounts/lawnstarter,17,observed,
workable,lawofficesofsabrinali,lawofficesofsabrinali,https://apply.workable.com/lawofficesofsabrinali,https://apply.workable.com/api/v1/widget/accounts/lawofficesofsabrinali,9,observed,
workable,lawyer,lawyer,https://apply.workable.com/lawyer,https://apply.workable.com/api/v1/widget/accounts/lawyer,2,observed,
workable,ldms,ldms,https://apply.workable.com/ldms,https://apply.workable.com/api/v1/widget/accounts/ldms,0,observed,
workable,leadfeeder,leadfeeder,https://apply.workable.com/leadfeeder,https://apply.workable.com/api/v1/widget/accounts/leadfeeder,3,observed,
workable,leap-legal-software,leap-legal-software,https://apply.workable.com/leap-legal-software,https://apply.workable.com/api/v1/widget/accounts/leap-legal-software,18,observed,
workable,learner-education,learner-education,https://apply.workable.com/learner-education,https://apply.workable.com/api/v1/widget/accounts/learner-education,2,observed,
workable,learnlight,learnlight,https://apply.workable.com/learnlight,https://apply.workable.com/api/v1/widget/accounts/learnlight,2,observed,
workable,legacypeople,legacypeople,https://apply.workable.com/legacypeople,https://apply.workable.com/api/v1/widget/accounts/legacypeople,1,observed,
workable,legalvision,legalvision,https://apply.workable.com/legalvision,https://apply.workable.com/api/v1/widget/accounts/legalvision,29,observed,
workable,legatics,legatics,https://apply.workable.com/legatics,https://apply.workable.com/api/v1/widget/accounts/legatics,5,observed,
workable,lengow,lengow,https://apply.workable.com/lengow,https://apply.workable.com/api/v1/widget/accounts/lengow,7,observed,
workable,levelagency,levelagency,https://apply.workable.com/levelagency,https://apply.workable.com/api/v1/widget/accounts/levelagency,7,observed,
workable,lex-diagnostics,lex-diagnostics,https://apply.workable.com/lex-diagnostics,https://apply.workable.com/api/v1/widget/accounts/lex-diagnostics,1,observed,
workable,lgbt-great,lgbt-great,https://apply.workable.com/lgbt-great,https://apply.workable.com/api/v1/widget/accounts/lgbt-great,6,observed,
workable,liberty-bay-credit-union-1,liberty-bay-credit-union-1,https://apply.workable.com/liberty-bay-credit-union-1,https://apply.workable.com/api/v1/widget/accounts/liberty-bay-credit-union-1,2,observed,
workable,liberum,liberum,https://apply.workable.com/liberum,https://apply.workable.com/api/v1/widget/accounts/liberum,5,observed,
workable,lifebytesystems,lifebytesystems,https://apply.workable.com/lifebytesystems,https://apply.workable.com/api/v1/widget/accounts/lifebytesystems,2,observed,
workable,lifely,lifely,https://apply.workable.com/lifely,https://apply.workable.com/api/v1/widget/accounts/lifely,8,observed,
workable,lifemdcareers,lifemdcareers,https://apply.workable.com/lifemdcareers,https://apply.workable.com/api/v1/widget/accounts/lifemdcareers,4,observed,
workable,liferaft,liferaft,https://apply.workable.com/liferaft,https://apply.workable.com/api/v1/widget/accounts/liferaft,1,observed,
workable,lincolnavenue,lincolnavenue,https://apply.workable.com/lincolnavenue,https://apply.workable.com/api/v1/widget/accounts/lincolnavenue,6,observed,
workable,lithos,lithos,https://apply.workable.com/lithos,https://apply.workable.com/api/v1/widget/accounts/lithos,1,observed,
workable,livedata,livedata,https://apply.workable.com/livedata,https://apply.workable.com/api/v1/widget/accounts/livedata,0,observed,
workable,livesnap,livesnap,https://apply.workable.com/livesnap,https://apply.workable.com/api/v1/widget/accounts/livesnap,1,observed,
workable,lmg-staffing-solutions,lmg-staffing-solutions,https://apply.workable.com/lmg-staffing-solutions,https://apply.workable.com/api/v1/widget/accounts/lmg-staffing-solutions,30,observed,
workable,loggi,loggi,https://apply.workable.com/loggi,https://apply.workable.com/api/v1/widget/accounts/loggi,0,observed,
workable,lokal-app,lokal-app,https://apply.workable.com/lokal-app,https://apply.workable.com/api/v1/widget/accounts/lokal-app,86,observed,
workable,lonerockpoint,lonerockpoint,https://apply.workable.com/lonerockpoint,https://apply.workable.com/api/v1/widget/accounts/lonerockpoint,2,observed,
workable,longdue-games,longdue-games,https://apply.workable.com/longdue-games,https://apply.workable.com/api/v1/widget/accounts/longdue-games,3,observed,
workable,longislandspeech,longislandspeech,https://apply.workable.com/longislandspeech,https://apply.workable.com/api/v1/widget/accounts/longislandspeech,13,observed,
workable,longshot-systems-ltd,longshot-systems-ltd,https://apply.workable.com/longshot-systems-ltd,https://apply.workable.com/api/v1/widget/accounts/longshot-systems-ltd,5,observed,
workable,loopme,loopme,https://apply.workable.com/loopme,https://apply.workable.com/api/v1/widget/accounts/loopme,24,observed,
workable,love-strategies-inc,love-strategies-inc,https://apply.workable.com/love-strategies-inc,https://apply.workable.com/api/v1/widget/accounts/love-strategies-inc,0,observed,
workable,lovebonito,lovebonito,https://apply.workable.com/lovebonito,https://apply.workable.com/api/v1/widget/accounts/lovebonito,76,observed,
workable,lovey,lovey,https://apply.workable.com/lovey,https://apply.workable.com/api/v1/widget/accounts/lovey,8,observed,
workable,lovingly,lovingly,https://apply.workable.com/lovingly,https://apply.workable.com/api/v1/widget/accounts/lovingly,8,observed,
workable,lrn-corporation,lrn-corporation,https://apply.workable.com/lrn-corporation,https://apply.workable.com/api/v1/widget/accounts/lrn-corporation,15,observed,
workable,lsh-auto-1,lsh-auto-1,https://apply.workable.com/lsh-auto-1,https://apply.workable.com/api/v1/widget/accounts/lsh-auto-1,26,observed,
workable,lucidya,lucidya,https://apply.workable.com/lucidya,https://apply.workable.com/api/v1/widget/accounts/lucidya,24,observed,
workable,luke-recruitment,luke-recruitment,https://apply.workable.com/luke-recruitment,https://apply.workable.com/api/v1/widget/accounts/luke-recruitment,27,observed,
workable,luminance-1,luminance-1,https://apply.workable.com/luminance-1,https://apply.workable.com/api/v1/widget/accounts/luminance-1,52,observed,
workable,luxasia,luxasia,https://apply.workable.com/luxasia,https://apply.workable.com/api/v1/widget/accounts/luxasia,167,observed,
workable,lyka,lyka,https://apply.workable.com/lyka,https://apply.workable.com/api/v1/widget/accounts/lyka,15,observed,
workable,lyst,lyst,https://apply.workable.com/lyst,https://apply.workable.com/api/v1/widget/accounts/lyst,8,observed,
workable,m-files,m-files,https://apply.workable.com/m-files,https://apply.workable.com/api/v1/widget/accounts/m-files,9,observed,
workable,macdonald-miller,macdonald-miller,https://apply.workable.com/macdonald-miller,https://apply.workable.com/api/v1/widget/accounts/macdonald-miller,35,observed,
workable,mag-international,mag-international,https://apply.workable.com/mag-international,https://apply.workable.com/api/v1/widget/accounts/mag-international,6,observed,
workable,magic-media,magic-media,https://apply.workable.com/magic-media,https://apply.workable.com/api/v1/widget/accounts/magic-media,2,observed,
workable,magicspoon,magicspoon,https://apply.workable.com/magicspoon,https://apply.workable.com/api/v1/widget/accounts/magicspoon,3,observed,
workable,magnetic-london-creative-services-ltd,magnetic-london-creative-services-ltd,https://apply.workable.com/magnetic-london-creative-services-ltd,https://apply.workable.com/api/v1/widget/accounts/magnetic-london-creative-services-ltd,0,observed,
workable,maharahjobs,maharahjobs,https://apply.workable.com/maharahjobs,https://apply.workable.com/api/v1/widget/accounts/maharahjobs,1,observed,
workable,main-street-anesthesia-1,main-street-anesthesia-1,https://apply.workable.com/main-street-anesthesia-1,https://apply.workable.com/api/v1/widget/accounts/main-street-anesthesia-1,9,observed,
workable,maker-lab,maker-lab,https://apply.workable.com/maker-lab,https://apply.workable.com/api/v1/widget/accounts/maker-lab,23,observed,
workable,manac,manac,https://apply.workable.com/manac,https://apply.workable.com/api/v1/widget/accounts/manac,6,observed,
workable,mangonelawfirm,mangonelawfirm,https://apply.workable.com/mangonelawfirm,https://apply.workable.com/api/v1/widget/accounts/mangonelawfirm,10,observed,
workable,manifest-services,manifest-services,https://apply.workable.com/manifest-services,https://apply.workable.com/api/v1/widget/accounts/manifest-services,18,observed,
workable,manilarecruitment,manilarecruitment,https://apply.workable.com/manilarecruitment,https://apply.workable.com/api/v1/widget/accounts/manilarecruitment,95,observed,
workable,manna-1,manna-1,https://apply.workable.com/manna-1,https://apply.workable.com/api/v1/widget/accounts/manna-1,12,observed,
workable,marabu,marabu,https://apply.workable.com/marabu,https://apply.workable.com/api/v1/widget/accounts/marabu,7,observed,
workable,march-networks,march-networks,https://apply.workable.com/march-networks,https://apply.workable.com/api/v1/widget/accounts/march-networks,14,observed,
workable,marchay-1,marchay-1,https://apply.workable.com/marchay-1,https://apply.workable.com/api/v1/widget/accounts/marchay-1,5,observed,
workable,massmedia,massmedia,https://apply.workable.com/massmedia,https://apply.workable.com/api/v1/widget/accounts/massmedia,2,observed,
workable,mat3ra,mat3ra,https://apply.workable.com/mat3ra,https://apply.workable.com/api/v1/widget/accounts/mat3ra,11,observed,
workable,mathspace,mathspace,https://apply.workable.com/mathspace,https://apply.workable.com/api/v1/widget/accounts/mathspace,10,observed,
workable,maviance,maviance,https://apply.workable.com/maviance,https://apply.workable.com/api/v1/widget/accounts/maviance,2,observed,
workable,mavtek,mavtek,https://apply.workable.com/mavtek,https://apply.workable.com/api/v1/widget/accounts/mavtek,0,observed,
workable,max-accelerate,max-accelerate,https://apply.workable.com/max-accelerate,https://apply.workable.com/api/v1/widget/accounts/max-accelerate,50,observed,
workable,max-borges-agency,max-borges-agency,https://apply.workable.com/max-borges-agency,https://apply.workable.com/api/v1/widget/accounts/max-borges-agency,4,observed,
workable,maxwellenergy,maxwellenergy,https://apply.workable.com/maxwellenergy,https://apply.workable.com/api/v1/widget/accounts/maxwellenergy,17,observed,
workable,mayest-arts-collective,mayest-arts-collective,https://apply.workable.com/mayest-arts-collective,https://apply.workable.com/api/v1/widget/accounts/mayest-arts-collective,2,observed,
workable,mclane-global,mclane-global,https://apply.workable.com/mclane-global,https://apply.workable.com/api/v1/widget/accounts/mclane-global,7,observed,
workable,mcs,mcs,https://apply.workable.com/mcs,https://apply.workable.com/api/v1/widget/accounts/mcs,10,observed,
workable,mealsuite,mealsuite,https://apply.workable.com/mealsuite,https://apply.workable.com/api/v1/widget/accounts/mealsuite,1,observed,
workable,meanpug,meanpug,https://apply.workable.com/meanpug,https://apply.workable.com/api/v1/widget/accounts/meanpug,6,observed,
workable,medecins-du-monde,medecins-du-monde,https://apply.workable.com/medecins-du-monde,https://apply.workable.com/api/v1/widget/accounts/medecins-du-monde,28,observed,
workable,mediacube,mediacube,https://apply.workable.com/mediacube,https://apply.workable.com/api/v1/widget/accounts/mediacube,1,observed,
workable,mediaradar,mediaradar,https://apply.workable.com/mediaradar,https://apply.workable.com/api/v1/widget/accounts/mediaradar,14,observed,
workable,medical-guardian,medical-guardian,https://apply.workable.com/medical-guardian,https://apply.workable.com/api/v1/widget/accounts/medical-guardian,12,observed,
workable,mediix-recruitment,mediix-recruitment,https://apply.workable.com/mediix-recruitment,https://apply.workable.com/api/v1/widget/accounts/mediix-recruitment,362,observed,
workable,mercari,mercari,https://apply.workable.com/mercari,https://apply.workable.com/api/v1/widget/accounts/mercari,139,observed,
workable,mercari-india,mercari-india,https://apply.workable.com/mercari-india,https://apply.workable.com/api/v1/widget/accounts/mercari-india,9,observed,
workable,mercier-consultancy-group,mercier-consultancy-group,https://apply.workable.com/mercier-consultancy-group,https://apply.workable.com/api/v1/widget/accounts/mercier-consultancy-group,397,observed,
workable,meritrestorations,meritrestorations,https://apply.workable.com/meritrestorations,https://apply.workable.com/api/v1/widget/accounts/meritrestorations,29,observed,
workable,meshsystems,meshsystems,https://apply.workable.com/meshsystems,https://apply.workable.com/api/v1/widget/accounts/meshsystems,3,observed,
workable,meteor-education,meteor-education,https://apply.workable.com/meteor-education,https://apply.workable.com/api/v1/widget/accounts/meteor-education,5,observed,
workable,metova,metova,https://apply.workable.com/metova,https://apply.workable.com/api/v1/widget/accounts/metova,45,observed,
workable,mi-forums,mi-forums,https://apply.workable.com/mi-forums,https://apply.workable.com/api/v1/widget/accounts/mi-forums,3,observed,
workable,michaelandassociates,michaelandassociates,https://apply.workable.com/michaelandassociates,https://apply.workable.com/api/v1/widget/accounts/michaelandassociates,23,observed,
workable,micro-bit-educational-foundation,micro-bit-educational-foundation,https://apply.workable.com/micro-bit-educational-foundation,https://apply.workable.com/api/v1/widget/accounts/micro-bit-educational-foundation,1,observed,
workable,middle-seat,middle-seat,https://apply.workable.com/middle-seat,https://apply.workable.com/api/v1/widget/accounts/middle-seat,2,observed,
workable,middleburycollege,middleburycollege,https://apply.workable.com/middleburycollege,https://apply.workable.com/api/v1/widget/accounts/middleburycollege,111,observed,
workable,mikinok,mikinok,https://apply.workable.com/mikinok,https://apply.workable.com/api/v1/widget/accounts/mikinok,4,observed,
workable,milanicosmetics,milanicosmetics,https://apply.workable.com/milanicosmetics,https://apply.workable.com/api/v1/widget/accounts/milanicosmetics,2,observed,
workable,milend-inc,milend-inc,https://apply.workable.com/milend-inc,https://apply.workable.com/api/v1/widget/accounts/milend-inc,1,observed,
workable,miller-transportation-group-1,miller-transportation-group-1,https://apply.workable.com/miller-transportation-group-1,https://apply.workable.com/api/v1/widget/accounts/miller-transportation-group-1,23,observed,
workable,million-dollar-sellers,million-dollar-sellers,https://apply.workable.com/million-dollar-sellers,https://apply.workable.com/api/v1/widget/accounts/million-dollar-sellers,0,observed,
workable,mind-friend,mind-friend,https://apply.workable.com/mind-friend,https://apply.workable.com/api/v1/widget/accounts/mind-friend,1,observed,
workable,minderacraft,minderacraft,https://apply.workable.com/minderacraft,https://apply.workable.com/api/v1/widget/accounts/minderacraft,45,observed,
workable,mindex,mindex,https://apply.workable.com/mindex,https://apply.workable.com/api/v1/widget/accounts/mindex,7,observed,
workable,mint-studios,mint-studios,https://apply.workable.com/mint-studios,https://apply.workable.com/api/v1/widget/accounts/mint-studios,4,observed,
workable,mira-construction-l-dot-l-c-1,mira-construction-l-dot-l-c-1,https://apply.workable.com/mira-construction-l-dot-l-c-1,https://apply.workable.com/api/v1/widget/accounts/mira-construction-l-dot-l-c-1,119,observed,
workable,missionbit,missionbit,https://apply.workable.com/missionbit,https://apply.workable.com/api/v1/widget/accounts/missionbit,2,observed,
workable,mitchell-construction-group-llc,mitchell-construction-group-llc,https://apply.workable.com/mitchell-construction-group-llc,https://apply.workable.com/api/v1/widget/accounts/mitchell-construction-group-llc,1,observed,
workable,mitsis-group,mitsis-group,https://apply.workable.com/mitsis-group,https://apply.workable.com/api/v1/widget/accounts/mitsis-group,23,observed,
workable,mitti-labs,mitti-labs,https://apply.workable.com/mitti-labs,https://apply.workable.com/api/v1/widget/accounts/mitti-labs,8,observed,
workable,mixcloud-limited,mixcloud-limited,https://apply.workable.com/mixcloud-limited,https://apply.workable.com/api/v1/widget/accounts/mixcloud-limited,0,observed,
workable,mlabs,mlabs,https://apply.workable.com/mlabs,https://apply.workable.com/api/v1/widget/accounts/mlabs,19,observed,
workable,modash,modash,https://apply.workable.com/modash,https://apply.workable.com/api/v1/widget/accounts/modash,8,observed,
workable,modern-family-law-1,modern-family-law-1,https://apply.workable.com/modern-family-law-1,https://apply.workable.com/api/v1/widget/accounts/modern-family-law-1,77,observed,
workable,modifi,modifi,https://apply.workable.com/modifi,https://apply.workable.com/api/v1/widget/accounts/modifi,4,observed,
workable,momos,momos,https://apply.workable.com/momos,https://apply.workable.com/api/v1/widget/accounts/momos,3,observed,
workable,monadnock-construction,monadnock-construction,https://apply.workable.com/monadnock-construction,https://apply.workable.com/api/v1/widget/accounts/monadnock-construction,5,observed,
workable,moneyhub,moneyhub,https://apply.workable.com/moneyhub,https://apply.workable.com/api/v1/widget/accounts/moneyhub,1,observed,
workable,monterail,monterail,https://apply.workable.com/monterail,https://apply.workable.com/api/v1/widget/accounts/monterail,7,observed,
workable,moomoo,moomoo,https://apply.workable.com/moomoo,https://apply.workable.com/api/v1/widget/accounts/moomoo,139,observed,
workable,moonbug-entertainment,moonbug-entertainment,https://apply.workable.com/moonbug-entertainment,https://apply.workable.com/api/v1/widget/accounts/moonbug-entertainment,12,observed,
workable,moonshot,moonshot,https://apply.workable.com/moonshot,https://apply.workable.com/api/v1/widget/accounts/moonshot,10,observed,
workable,more-com,more-com,https://apply.workable.com/more-com,https://apply.workable.com/api/v1/widget/accounts/more-com,6,observed,
workable,moreton-capital-partners,moreton-capital-partners,https://apply.workable.com/moreton-capital-partners,https://apply.workable.com/api/v1/widget/accounts/moreton-capital-partners,9,observed,
workable,morrow-health,morrow-health,https://apply.workable.com/morrow-health,https://apply.workable.com/api/v1/widget/accounts/morrow-health,23,observed,
workable,moss-holding-company,moss-holding-company,https://apply.workable.com/moss-holding-company,https://apply.workable.com/api/v1/widget/accounts/moss-holding-company,25,observed,
workable,motabilityfoundation,motabilityfoundation,https://apply.workable.com/motabilityfoundation,https://apply.workable.com/api/v1/widget/accounts/motabilityfoundation,1,observed,
workable,movement-labs,movement-labs,https://apply.workable.com/movement-labs,https://apply.workable.com/api/v1/widget/accounts/movement-labs,1,observed,
workable,moving-doors,moving-doors,https://apply.workable.com/moving-doors,https://apply.workable.com/api/v1/widget/accounts/moving-doors,4,observed,
workable,mpf-federal-4,mpf-federal-4,https://apply.workable.com/mpf-federal-4,https://apply.workable.com/api/v1/widget/accounts/mpf-federal-4,4,observed,
workable,mpsolutions,mpsolutions,https://apply.workable.com/mpsolutions,https://apply.workable.com/api/v1/widget/accounts/mpsolutions,77,observed,
workable,mr-blue,mr-blue,https://apply.workable.com/mr-blue,https://apply.workable.com/api/v1/widget/accounts/mr-blue,28,observed,
workable,mrg-exams,mrg-exams,https://apply.workable.com/mrg-exams,https://apply.workable.com/api/v1/widget/accounts/mrg-exams,120,observed,
workable,mrsalice,mrsalice,https://apply.workable.com/mrsalice,https://apply.workable.com/api/v1/widget/accounts/mrsalice,0,observed,
workable,mrsool-3,mrsool-3,https://apply.workable.com/mrsool-3,https://apply.workable.com/api/v1/widget/accounts/mrsool-3,13,observed,
workable,msps,msps,https://apply.workable.com/msps,https://apply.workable.com/api/v1/widget/accounts/msps,61,observed,
workable,msr-fsr,msr-fsr,https://apply.workable.com/msr-fsr,https://apply.workable.com/api/v1/widget/accounts/msr-fsr,77,observed,
workable,muchbetteradventures,muchbetteradventures,https://apply.workable.com/muchbetteradventures,https://apply.workable.com/api/v1/widget/accounts/muchbetteradventures,0,observed,
workable,multimediallc,multimediallc,https://apply.workable.com/multimediallc,https://apply.workable.com/api/v1/widget/accounts/multimediallc,6,observed,
workable,murmuration,murmuration,https://apply.workable.com/murmuration,https://apply.workable.com/api/v1/widget/accounts/murmuration,10,observed,
workable,murphy-research,murphy-research,https://apply.workable.com/murphy-research,https://apply.workable.com/api/v1/widget/accounts/murphy-research,5,observed,
workable,mursion-inc,mursion-inc,https://apply.workable.com/mursion-inc,https://apply.workable.com/api/v1/widget/accounts/mursion-inc,3,observed,
workable,museumoficecream,museumoficecream,https://apply.workable.com/museumoficecream,https://apply.workable.com/api/v1/widget/accounts/museumoficecream,13,observed,
workable,mweb-6,mweb-6,https://apply.workable.com/mweb-6,https://apply.workable.com/api/v1/widget/accounts/mweb-6,0,observed,
workable,mwresource-inc,mwresource-inc,https://apply.workable.com/mwresource-inc,https://apply.workable.com/api/v1/widget/accounts/mwresource-inc,13,observed,
workable,myaccord,myaccord,https://apply.workable.com/myaccord,https://apply.workable.com/api/v1/widget/accounts/myaccord,8,observed,
workable,mydbsync,mydbsync,https://apply.workable.com/mydbsync,https://apply.workable.com/api/v1/widget/accounts/mydbsync,12,observed,
workable,myforce,myforce,https://apply.workable.com/myforce,https://apply.workable.com/api/v1/widget/accounts/myforce,69,observed,
workable,mygbi,mygbi,https://apply.workable.com/mygbi,https://apply.workable.com/api/v1/widget/accounts/mygbi,31,observed,
workable,mysigrid,mysigrid,https://apply.workable.com/mysigrid,https://apply.workable.com/api/v1/widget/accounts/mysigrid,7,observed,
workable,mysociety,mysociety,https://apply.workable.com/mysociety,https://apply.workable.com/api/v1/widget/accounts/mysociety,0,observed,
workable,naehas,naehas,https://apply.workable.com/naehas,https://apply.workable.com/api/v1/widget/accounts/naehas,1,observed,
workable,naked-wines,naked-wines,https://apply.workable.com/naked-wines,https://apply.workable.com/api/v1/widget/accounts/naked-wines,1,observed,
workable,nakedmd,nakedmd,https://apply.workable.com/nakedmd,https://apply.workable.com/api/v1/widget/accounts/nakedmd,91,observed,
workable,nalamoney,nalamoney,https://apply.workable.com/nalamoney,https://apply.workable.com/api/v1/widget/accounts/nalamoney,2,observed,
workable,nasoft-eg,nasoft-eg,https://apply.workable.com/nasoft-eg,https://apply.workable.com/api/v1/widget/accounts/nasoft-eg,13,observed,
workable,natilus,natilus,https://apply.workable.com/natilus,https://apply.workable.com/api/v1/widget/accounts/natilus,7,observed,
workable,national-network-logistics,national-network-logistics,https://apply.workable.com/national-network-logistics,https://apply.workable.com/api/v1/widget/accounts/national-network-logistics,33,observed,
workable,national-western-center,national-western-center,https://apply.workable.com/national-western-center,https://apply.workable.com/api/v1/widget/accounts/national-western-center,4,observed,
workable,nautilus-solar-energy,nautilus-solar-energy,https://apply.workable.com/nautilus-solar-energy,https://apply.workable.com/api/v1/widget/accounts/nautilus-solar-energy,6,observed,
workable,navarino,navarino,https://apply.workable.com/navarino,https://apply.workable.com/api/v1/widget/accounts/navarino,23,observed,
workable,navarro-inc,navarro-inc,https://apply.workable.com/navarro-inc,https://apply.workable.com/api/v1/widget/accounts/navarro-inc,37,observed,
workable,navionsl,navionsl,https://apply.workable.com/navionsl,https://apply.workable.com/api/v1/widget/accounts/navionsl,112,observed,
workable,nawy-real-estate,nawy-real-estate,https://apply.workable.com/nawy-real-estate,https://apply.workable.com/api/v1/widget/accounts/nawy-real-estate,55,observed,
workable,ndax,ndax,https://apply.workable.com/ndax,https://apply.workable.com/api/v1/widget/accounts/ndax,11,observed,
workable,nelson-education,nelson-education,https://apply.workable.com/nelson-education,https://apply.workable.com/api/v1/widget/accounts/nelson-education,2,observed,
workable,neo-gg,neo-gg,https://apply.workable.com/neo-gg,https://apply.workable.com/api/v1/widget/accounts/neo-gg,17,observed,
workable,neowork,neowork,https://apply.workable.com/neowork,https://apply.workable.com/api/v1/widget/accounts/neowork,25,observed,
workable,netcetera,netcetera,https://apply.workable.com/netcetera,https://apply.workable.com/api/v1/widget/accounts/netcetera,5,observed,
workable,netguru,netguru,https://apply.workable.com/netguru,https://apply.workable.com/api/v1/widget/accounts/netguru,33,observed,
workable,neutreeno-1,neutreeno-1,https://apply.workable.com/neutreeno-1,https://apply.workable.com/api/v1/widget/accounts/neutreeno-1,6,observed,
workable,neville-and-sons,neville-and-sons,https://apply.workable.com/neville-and-sons,https://apply.workable.com/api/v1/widget/accounts/neville-and-sons,0,observed,
workable,new-flyer,new-flyer,https://apply.workable.com/new-flyer,https://apply.workable.com/api/v1/widget/accounts/new-flyer,72,observed,
workable,newcode,newcode,https://apply.workable.com/newcode,https://apply.workable.com/api/v1/widget/accounts/newcode,11,observed,
workable,newenergynexus,newenergynexus,https://apply.workable.com/newenergynexus,https://apply.workable.com/api/v1/widget/accounts/newenergynexus,8,observed,
workable,newrich-network,newrich-network,https://apply.workable.com/newrich-network,https://apply.workable.com/api/v1/widget/accounts/newrich-network,5,observed,
workable,newton-media-group,newton-media-group,https://apply.workable.com/newton-media-group,https://apply.workable.com/api/v1/widget/accounts/newton-media-group,0,observed,
workable,next-doorand-window,next-doorand-window,https://apply.workable.com/next-doorand-window,https://apply.workable.com/api/v1/widget/accounts/next-doorand-window,10,observed,
workable,nextep-2,nextep-2,https://apply.workable.com/nextep-2,https://apply.workable.com/api/v1/widget/accounts/nextep-2,11,observed,
workable,nexuscareservices,nexuscareservices,https://apply.workable.com/nexuscareservices,https://apply.workable.com/api/v1/widget/accounts/nexuscareservices,3,observed,
workable,nexvelsolutions,nexvelsolutions,https://apply.workable.com/nexvelsolutions,https://apply.workable.com/api/v1/widget/accounts/nexvelsolutions,5,observed,
workable,nfi-group-inc,nfi-group-inc,https://apply.workable.com/nfi-group-inc,https://apply.workable.com/api/v1/widget/accounts/nfi-group-inc,15,observed,
workable,nhfca,nhfca,https://apply.workable.com/nhfca,https://apply.workable.com/api/v1/widget/accounts/nhfca,11,observed,
workable,nile-fresh-pty-ltd,nile-fresh-pty-ltd,https://apply.workable.com/nile-fresh-pty-ltd,https://apply.workable.com/api/v1/widget/accounts/nile-fresh-pty-ltd,4,observed,
workable,nipponexpress,nipponexpress,https://apply.workable.com/nipponexpress,https://apply.workable.com/api/v1/widget/accounts/nipponexpress,25,observed,
workable,niva-health-2,niva-health-2,https://apply.workable.com/niva-health-2,https://apply.workable.com/api/v1/widget/accounts/niva-health-2,63,observed,
workable,nobox-hr-outsourcing-solutions,nobox-hr-outsourcing-solutions,https://apply.workable.com/nobox-hr-outsourcing-solutions,https://apply.workable.com/api/v1/widget/accounts/nobox-hr-outsourcing-solutions,5,observed,
workable,nogigiddy,nogigiddy,https://apply.workable.com/nogigiddy,https://apply.workable.com/api/v1/widget/accounts/nogigiddy,366,observed,
workable,nomad-atomics,nomad-atomics,https://apply.workable.com/nomad-atomics,https://apply.workable.com/api/v1/widget/accounts/nomad-atomics,7,observed,
workable,norfolk-county,norfolk-county,https://apply.workable.com/norfolk-county,https://apply.workable.com/api/v1/widget/accounts/norfolk-county,4,observed,
workable,norgine-2,norgine-2,https://apply.workable.com/norgine-2,https://apply.workable.com/api/v1/widget/accounts/norgine-2,25,observed,
workable,norit,norit,https://apply.workable.com/norit,https://apply.workable.com/api/v1/widget/accounts/norit,7,observed,
workable,north-coast-seafoods,north-coast-seafoods,https://apply.workable.com/north-coast-seafoods,https://apply.workable.com/api/v1/widget/accounts/north-coast-seafoods,15,observed,
workable,northramp,northramp,https://apply.workable.com/northramp,https://apply.workable.com/api/v1/widget/accounts/northramp,4,observed,
workable,northstrat,northstrat,https://apply.workable.com/northstrat,https://apply.workable.com/api/v1/widget/accounts/northstrat,21,observed,
workable,northzone,northzone,https://apply.workable.com/northzone,https://apply.workable.com/api/v1/widget/accounts/northzone,0,observed,
workable,nova-wealth,nova-wealth,https://apply.workable.com/nova-wealth,https://apply.workable.com/api/v1/widget/accounts/nova-wealth,8,observed,
workable,novasign,novasign,https://apply.workable.com/novasign,https://apply.workable.com/api/v1/widget/accounts/novasign,0,observed,
workable,novemberfive,novemberfive,https://apply.workable.com/novemberfive,https://apply.workable.com/api/v1/widget/accounts/novemberfive,10,observed,
workable,novibet,novibet,https://apply.workable.com/novibet,https://apply.workable.com/api/v1/widget/accounts/novibet,8,observed,
workable,novoholdings,novoholdings,https://apply.workable.com/novoholdings,https://apply.workable.com/api/v1/widget/accounts/novoholdings,2,observed,
workable,novonordiskfoundation,novonordiskfoundation,https://apply.workable.com/novonordiskfoundation,https://apply.workable.com/api/v1/widget/accounts/novonordiskfoundation,5,observed,
workable,novoville,novoville,https://apply.workable.com/novoville,https://apply.workable.com/api/v1/widget/accounts/novoville,0,observed,
workable,nrgco,nrgco,https://apply.workable.com/nrgco,https://apply.workable.com/api/v1/widget/accounts/nrgco,34,observed,
workable,nu-quantum,nu-quantum,https://apply.workable.com/nu-quantum,https://apply.workable.com/api/v1/widget/accounts/nu-quantum,7,observed,
workable,numi,numi,https://apply.workable.com/numi,https://apply.workable.com/api/v1/widget/accounts/numi,5,observed,
workable,nutritionintl,nutritionintl,https://apply.workable.com/nutritionintl,https://apply.workable.com/api/v1/widget/accounts/nutritionintl,2,observed,
workable,nuvei,nuvei,https://apply.workable.com/nuvei,https://apply.workable.com/api/v1/widget/accounts/nuvei,55,observed,
workable,nuview,nuview,https://apply.workable.com/nuview,https://apply.workable.com/api/v1/widget/accounts/nuview,0,observed,
workable,nyzc,nyzc,https://apply.workable.com/nyzc,https://apply.workable.com/api/v1/widget/accounts/nyzc,1,observed,
workable,oasis-ascent,oasis-ascent,https://apply.workable.com/oasis-ascent,https://apply.workable.com/api/v1/widget/accounts/oasis-ascent,6,observed,
workable,obdeleven,obdeleven,https://apply.workable.com/obdeleven,https://apply.workable.com/api/v1/widget/accounts/obdeleven,9,observed,
workable,obrela-security-industries-sa,obrela-security-industries-sa,https://apply.workable.com/obrela-security-industries-sa,https://apply.workable.com/api/v1/widget/accounts/obrela-security-industries-sa,13,observed,
workable,oceansxyz,oceansxyz,https://apply.workable.com/oceansxyz,https://apply.workable.com/api/v1/widget/accounts/oceansxyz,26,observed,
workable,odk-media,odk-media,https://apply.workable.com/odk-media,https://apply.workable.com/api/v1/widget/accounts/odk-media,10,observed,
workable,ohalo,ohalo,https://apply.workable.com/ohalo,https://apply.workable.com/api/v1/widget/accounts/ohalo,0,observed,
workable,ohara-corporation,ohara-corporation,https://apply.workable.com/ohara-corporation,https://apply.workable.com/api/v1/widget/accounts/ohara-corporation,4,observed,
workable,ohm-advisors,ohm-advisors,https://apply.workable.com/ohm-advisors,https://apply.workable.com/api/v1/widget/accounts/ohm-advisors,70,observed,
workable,old-south-carriage-co,old-south-carriage-co,https://apply.workable.com/old-south-carriage-co,https://apply.workable.com/api/v1/widget/accounts/old-south-carriage-co,10,observed,
workable,oldmill,oldmill,https://apply.workable.com/oldmill,https://apply.workable.com/api/v1/widget/accounts/oldmill,14,observed,
workable,omilia-natural-language-solutions-ua-ltd,omilia-natural-language-solutions-ua-ltd,https://apply.workable.com/omilia-natural-language-solutions-ua-ltd,https://apply.workable.com/api/v1/widget/accounts/omilia-natural-language-solutions-ua-ltd,48,observed,
workable,on-hire-1,on-hire-1,https://apply.workable.com/on-hire-1,https://apply.workable.com/api/v1/widget/accounts/on-hire-1,22,observed,
workable,one-of-us,one-of-us,https://apply.workable.com/one-of-us,https://apply.workable.com/api/v1/widget/accounts/one-of-us,21,observed,
workable,onetrack,onetrack,https://apply.workable.com/onetrack,https://apply.workable.com/api/v1/widget/accounts/onetrack,0,observed,
workable,onlogic-inc,onlogic-inc,https://apply.workable.com/onlogic-inc,https://apply.workable.com/api/v1/widget/accounts/onlogic-inc,31,observed,
workable,onside,onside,https://apply.workable.com/onside,https://apply.workable.com/api/v1/widget/accounts/onside,7,observed,
workable,onyx-capital-group,onyx-capital-group,https://apply.workable.com/onyx-capital-group,https://apply.workable.com/api/v1/widget/accounts/onyx-capital-group,7,observed,
workable,opal-autism,opal-autism,https://apply.workable.com/opal-autism,https://apply.workable.com/api/v1/widget/accounts/opal-autism,40,observed,
workable,openfn,openfn,https://apply.workable.com/openfn,https://apply.workable.com/api/v1/widget/accounts/openfn,6,observed,
workable,openlane-europe,openlane-europe,https://apply.workable.com/openlane-europe,https://apply.workable.com/api/v1/widget/accounts/openlane-europe,9,observed,
workable,openmined,openmined,https://apply.workable.com/openmined,https://apply.workable.com/api/v1/widget/accounts/openmined,3,observed,
workable,openworks-engineering,openworks-engineering,https://apply.workable.com/openworks-engineering,https://apply.workable.com/api/v1/widget/accounts/openworks-engineering,7,observed,
workable,optimal-hr,optimal-hr,https://apply.workable.com/optimal-hr,https://apply.workable.com/api/v1/widget/accounts/optimal-hr,84,observed,
workable,optisigns-inc,optisigns-inc,https://apply.workable.com/optisigns-inc,https://apply.workable.com/api/v1/widget/accounts/optisigns-inc,16,observed,
workable,optitrack,optitrack,https://apply.workable.com/optitrack,https://apply.workable.com/api/v1/widget/accounts/optitrack,4,observed,
workable,orchard-therapeutics,orchard-therapeutics,https://apply.workable.com/orchard-therapeutics,https://apply.workable.com/api/v1/widget/accounts/orchard-therapeutics,8,observed,
workable,ordr-2,ordr-2,https://apply.workable.com/ordr-2,https://apply.workable.com/api/v1/widget/accounts/ordr-2,2,observed,
workable,oredata,oredata,https://apply.workable.com/oredata,https://apply.workable.com/api/v1/widget/accounts/oredata,5,observed,
workable,orfium,orfium,https://apply.workable.com/orfium,https://apply.workable.com/api/v1/widget/accounts/orfium,8,observed,
workable,origin-10x,origin-10x,https://apply.workable.com/origin-10x,https://apply.workable.com/api/v1/widget/accounts/origin-10x,44,observed,
workable,orion-health,orion-health,https://apply.workable.com/orion-health,https://apply.workable.com/api/v1/widget/accounts/orion-health,2,observed,
workable,osa,osa,https://apply.workable.com/osa,https://apply.workable.com/api/v1/widget/accounts/osa,27,observed,
workable,ottimate,ottimate,https://apply.workable.com/ottimate,https://apply.workable.com/api/v1/widget/accounts/ottimate,11,observed,
workable,oue-restaurants-pte-ltd,oue-restaurants-pte-ltd,https://apply.workable.com/oue-restaurants-pte-ltd,https://apply.workable.com/api/v1/widget/accounts/oue-restaurants-pte-ltd,37,observed,
workable,our-future-health,our-future-health,https://apply.workable.com/our-future-health,https://apply.workable.com/api/v1/widget/accounts/our-future-health,19,observed,
workable,ourhomesnacks,ourhomesnacks,https://apply.workable.com/ourhomesnacks,https://apply.workable.com/api/v1/widget/accounts/ourhomesnacks,13,observed,
workable,outperform-2,outperform-2,https://apply.workable.com/outperform-2,https://apply.workable.com/api/v1/widget/accounts/outperform-2,0,observed,
workable,outward,outward,https://apply.workable.com/outward,https://apply.workable.com/api/v1/widget/accounts/outward,4,observed,
workable,oversee-1,oversee-1,https://apply.workable.com/oversee-1,https://apply.workable.com/api/v1/widget/accounts/oversee-1,6,observed,
workable,overwatchcm,overwatchcm,https://apply.workable.com/overwatchcm,https://apply.workable.com/api/v1/widget/accounts/overwatchcm,7,observed,
workable,owlet-baby-care-1,owlet-baby-care-1,https://apply.workable.com/owlet-baby-care-1,https://apply.workable.com/api/v1/widget/accounts/owlet-baby-care-1,2,observed,
workable,pacific-health-group,pacific-health-group,https://apply.workable.com/pacific-health-group,https://apply.workable.com/api/v1/widget/accounts/pacific-health-group,61,observed,
workable,pacificaviation,pacificaviation,https://apply.workable.com/pacificaviation,https://apply.workable.com/api/v1/widget/accounts/pacificaviation,33,observed,
workable,page-vault,page-vault,https://apply.workable.com/page-vault,https://apply.workable.com/api/v1/widget/accounts/page-vault,1,observed,
workable,pairedrecruiting,pairedrecruiting,https://apply.workable.com/pairedrecruiting,https://apply.workable.com/api/v1/widget/accounts/pairedrecruiting,85,observed,
workable,pakistan-mobile-communication-limited-pmcl,pakistan-mobile-communication-limited-pmcl,https://apply.workable.com/pakistan-mobile-communication-limited-pmcl,https://apply.workable.com/api/v1/widget/accounts/pakistan-mobile-communication-limited-pmcl,36,observed,
workable,pakistan-single-window,pakistan-single-window,https://apply.workable.com/pakistan-single-window,https://apply.workable.com/api/v1/widget/accounts/pakistan-single-window,3,observed,
workable,paleovalley-wildpastures,paleovalley-wildpastures,https://apply.workable.com/paleovalley-wildpastures,https://apply.workable.com/api/v1/widget/accounts/paleovalley-wildpastures,10,observed,
workable,palona,palona,https://apply.workable.com/palona,https://apply.workable.com/api/v1/widget/accounts/palona,6,observed,
workable,panelmatic-inc,panelmatic-inc,https://apply.workable.com/panelmatic-inc,https://apply.workable.com/api/v1/widget/accounts/panelmatic-inc,183,observed,
workable,panorama-education,panorama-education,https://apply.workable.com/panorama-education,https://apply.workable.com/api/v1/widget/accounts/panorama-education,7,observed,
workable,papoutsanis-1,papoutsanis-1,https://apply.workable.com/papoutsanis-1,https://apply.workable.com/api/v1/widget/accounts/papoutsanis-1,10,observed,
workable,paradigm-pd,paradigm-pd,https://apply.workable.com/paradigm-pd,https://apply.workable.com/api/v1/widget/accounts/paradigm-pd,26,observed,
workable,paragraf-1,paragraf-1,https://apply.workable.com/paragraf-1,https://apply.workable.com/api/v1/widget/accounts/paragraf-1,1,observed,
workable,parallelemployment,parallelemployment,https://apply.workable.com/parallelemployment,https://apply.workable.com/api/v1/widget/accounts/parallelemployment,35,observed,
workable,parallelz,parallelz,https://apply.workable.com/parallelz,https://apply.workable.com/api/v1/widget/accounts/parallelz,1,observed,
workable,paramount-commerce,paramount-commerce,https://apply.workable.com/paramount-commerce,https://apply.workable.com/api/v1/widget/accounts/paramount-commerce,1,observed,
workable,parrot-analytics-4,parrot-analytics-4,https://apply.workable.com/parrot-analytics-4,https://apply.workable.com/api/v1/widget/accounts/parrot-analytics-4,1,observed,
workable,partner-one-capital,partner-one-capital,https://apply.workable.com/partner-one-capital,https://apply.workable.com/api/v1/widget/accounts/partner-one-capital,35,observed,
workable,passionio,passionio,https://apply.workable.com/passionio,https://apply.workable.com/api/v1/widget/accounts/passionio,0,observed,
workable,patchstack,patchstack,https://apply.workable.com/patchstack,https://apply.workable.com/api/v1/widget/accounts/patchstack,1,observed,
workable,pathfinder-home-health,pathfinder-home-health,https://apply.workable.com/pathfinder-home-health,https://apply.workable.com/api/v1/widget/accounts/pathfinder-home-health,3,observed,
workable,pathlight,pathlight,https://apply.workable.com/pathlight,https://apply.workable.com/api/v1/widget/accounts/pathlight,23,observed,
workable,pathwaycom,pathwaycom,https://apply.workable.com/pathwaycom,https://apply.workable.com/api/v1/widget/accounts/pathwaycom,5,observed,
workable,pavago,pavago,https://apply.workable.com/pavago,https://apply.workable.com/api/v1/widget/accounts/pavago,954,observed,
workable,payfuture,payfuture,https://apply.workable.com/payfuture,https://apply.workable.com/api/v1/widget/accounts/payfuture,1,observed,
workable,peak-management,peak-management,https://apply.workable.com/peak-management,https://apply.workable.com/api/v1/widget/accounts/peak-management,13,observed,
workable,peaksware,peaksware,https://apply.workable.com/peaksware,https://apply.workable.com/api/v1/widget/accounts/peaksware,6,observed,
workable,pearlabyss-europe,pearlabyss-europe,https://apply.workable.com/pearlabyss-europe,https://apply.workable.com/api/v1/widget/accounts/pearlabyss-europe,7,observed,
workable,pearltalent,pearltalent,https://apply.workable.com/pearltalent,https://apply.workable.com/api/v1/widget/accounts/pearltalent,50,observed,
workable,peasy,peasy,https://apply.workable.com/peasy,https://apply.workable.com/api/v1/widget/accounts/peasy,14,observed,
workable,pension-services-corporation-limited,pension-services-corporation-limited,https://apply.workable.com/pension-services-corporation-limited,https://apply.workable.com/api/v1/widget/accounts/pension-services-corporation-limited,17,observed,
workable,people-in-need-2,people-in-need-2,https://apply.workable.com/people-in-need-2,https://apply.workable.com/api/v1/widget/accounts/people-in-need-2,0,observed,
workable,peoplepowered,peoplepowered,https://apply.workable.com/peoplepowered,https://apply.workable.com/api/v1/widget/accounts/peoplepowered,0,observed,
workable,peopleworth,peopleworth,https://apply.workable.com/peopleworth,https://apply.workable.com/api/v1/widget/accounts/peopleworth,14,observed,
workable,pepperbodyinc,pepperbodyinc,https://apply.workable.com/pepperbodyinc,https://apply.workable.com/api/v1/widget/accounts/pepperbodyinc,3,observed,
workable,performyard,performyard,https://apply.workable.com/performyard,https://apply.workable.com/api/v1/widget/accounts/performyard,8,observed,
workable,perryhomes,perryhomes,https://apply.workable.com/perryhomes,https://apply.workable.com/api/v1/widget/accounts/perryhomes,101,observed,
workable,petes-rv-center,petes-rv-center,https://apply.workable.com/petes-rv-center,https://apply.workable.com/api/v1/widget/accounts/petes-rv-center,8,observed,
workable,petlab-co,petlab-co,https://apply.workable.com/petlab-co,https://apply.workable.com/api/v1/widget/accounts/petlab-co,9,observed,
workable,pfm-global-fzco,pfm-global-fzco,https://apply.workable.com/pfm-global-fzco,https://apply.workable.com/api/v1/widget/accounts/pfm-global-fzco,2,observed,
workable,pgtek,pgtek,https://apply.workable.com/pgtek,https://apply.workable.com/api/v1/widget/accounts/pgtek,22,observed,
workable,phaea,phaea,https://apply.workable.com/phaea,https://apply.workable.com/api/v1/widget/accounts/phaea,10,observed,
workable,pharmacierge,pharmacierge,https://apply.workable.com/pharmacierge,https://apply.workable.com/api/v1/widget/accounts/pharmacierge,1,observed,
workable,phasorengineering,phasorengineering,https://apply.workable.com/phasorengineering,https://apply.workable.com/api/v1/widget/accounts/phasorengineering,28,observed,
workable,phillips-corporation,phillips-corporation,https://apply.workable.com/phillips-corporation,https://apply.workable.com/api/v1/widget/accounts/phillips-corporation,25,observed,
workable,phoenix-software,phoenix-software,https://apply.workable.com/phoenix-software,https://apply.workable.com/api/v1/widget/accounts/phoenix-software,21,observed,
workable,pineapple-staffing,pineapple-staffing,https://apply.workable.com/pineapple-staffing,https://apply.workable.com/api/v1/widget/accounts/pineapple-staffing,3,observed,
workable,pinkston,pinkston,https://apply.workable.com/pinkston,https://apply.workable.com/api/v1/widget/accounts/pinkston,4,observed,
workable,pinson,pinson,https://apply.workable.com/pinson,https://apply.workable.com/api/v1/widget/accounts/pinson,427,observed,
workable,piraeus-bank,piraeus-bank,https://apply.workable.com/piraeus-bank,https://apply.workable.com/api/v1/widget/accounts/piraeus-bank,5,observed,
workable,pivot-agency,pivot-agency,https://apply.workable.com/pivot-agency,https://apply.workable.com/api/v1/widget/accounts/pivot-agency,6,observed,
workable,pixelogicmedia,pixelogicmedia,https://apply.workable.com/pixelogicmedia,https://apply.workable.com/api/v1/widget/accounts/pixelogicmedia,30,observed,
workable,pixlrgroup,pixlrgroup,https://apply.workable.com/pixlrgroup,https://apply.workable.com/api/v1/widget/accounts/pixlrgroup,17,observed,
workable,plainconcepts,plainconcepts,https://apply.workable.com/plainconcepts,https://apply.workable.com/api/v1/widget/accounts/plainconcepts,16,observed,
workable,plaisio-careers,plaisio-careers,https://apply.workable.com/plaisio-careers,https://apply.workable.com/api/v1/widget/accounts/plaisio-careers,42,observed,
workable,planet-sa-international,planet-sa-international,https://apply.workable.com/planet-sa-international,https://apply.workable.com/api/v1/widget/accounts/planet-sa-international,1,observed,
workable,planetart,planetart,https://apply.workable.com/planetart,https://apply.workable.com/api/v1/widget/accounts/planetart,18,observed,
workable,platinum-list,platinum-list,https://apply.workable.com/platinum-list,https://apply.workable.com/api/v1/widget/accounts/platinum-list,2,observed,
workable,plej,plej,https://apply.workable.com/plej,https://apply.workable.com/api/v1/widget/accounts/plej,0,observed,
workable,plum-inc,plum-inc,https://apply.workable.com/plum-inc,https://apply.workable.com/api/v1/widget/accounts/plum-inc,5,observed,
workable,plus-communications,plus-communications,https://apply.workable.com/plus-communications,https://apply.workable.com/api/v1/widget/accounts/plus-communications,9,observed,
workable,pmkconsult,pmkconsult,https://apply.workable.com/pmkconsult,https://apply.workable.com/api/v1/widget/accounts/pmkconsult,2,observed,
workable,polaron,polaron,https://apply.workable.com/polaron,https://apply.workable.com/api/v1/widget/accounts/polaron,0,observed,
workable,pony-dot-ai,pony-dot-ai,https://apply.workable.com/pony-dot-ai,https://apply.workable.com/api/v1/widget/accounts/pony-dot-ai,9,observed,
workable,poolhouse,poolhouse,https://apply.workable.com/poolhouse,https://apply.workable.com/api/v1/widget/accounts/poolhouse,1,observed,
workable,popmenu,popmenu,https://apply.workable.com/popmenu,https://apply.workable.com/api/v1/widget/accounts/popmenu,8,observed,
workable,portswigger,portswigger,https://apply.workable.com/portswigger,https://apply.workable.com/api/v1/widget/accounts/portswigger,5,observed,
workable,povio,povio,https://apply.workable.com/povio,https://apply.workable.com/api/v1/widget/accounts/povio,7,observed,
workable,practiv,practiv,https://apply.workable.com/practiv,https://apply.workable.com/api/v1/widget/accounts/practiv,4,observed,
workable,praytell,praytell,https://apply.workable.com/praytell,https://apply.workable.com/api/v1/widget/accounts/praytell,2,observed,
workable,precoa,precoa,https://apply.workable.com/precoa,https://apply.workable.com/api/v1/widget/accounts/precoa,53,observed,
workable,premium-merchant-funding-3,premium-merchant-funding-3,https://apply.workable.com/premium-merchant-funding-3,https://apply.workable.com/api/v1/widget/accounts/premium-merchant-funding-3,29,observed,
workable,prime-robotics-1,prime-robotics-1,https://apply.workable.com/prime-robotics-1,https://apply.workable.com/api/v1/widget/accounts/prime-robotics-1,5,observed,
workable,primeglobalpeople-join-us,primeglobalpeople-join-us,https://apply.workable.com/primeglobalpeople-join-us,https://apply.workable.com/api/v1/widget/accounts/primeglobalpeople-join-us,17,observed,
workable,printivitysd,printivitysd,https://apply.workable.com/printivitysd,https://apply.workable.com/api/v1/widget/accounts/printivitysd,3,observed,
workable,prismplus,prismplus,https://apply.workable.com/prismplus,https://apply.workable.com/api/v1/widget/accounts/prismplus,66,observed,
workable,privateluxuryevents,privateluxuryevents,https://apply.workable.com/privateluxuryevents,https://apply.workable.com/api/v1/widget/accounts/privateluxuryevents,2,observed,
workable,proactive-technology-management,proactive-technology-management,https://apply.workable.com/proactive-technology-management,https://apply.workable.com/api/v1/widget/accounts/proactive-technology-management,2,observed,
workable,proarch-3,proarch-3,https://apply.workable.com/proarch-3,https://apply.workable.com/api/v1/widget/accounts/proarch-3,8,observed,
workable,procook-1,procook-1,https://apply.workable.com/procook-1,https://apply.workable.com/api/v1/widget/accounts/procook-1,44,observed,
workable,proficio-inc,proficio-inc,https://apply.workable.com/proficio-inc,https://apply.workable.com/api/v1/widget/accounts/proficio-inc,6,observed,
workable,profitcoach,profitcoach,https://apply.workable.com/profitcoach,https://apply.workable.com/api/v1/widget/accounts/profitcoach,3,observed,
workable,progressoft,progressoft,https://apply.workable.com/progressoft,https://apply.workable.com/api/v1/widget/accounts/progressoft,34,observed,
workable,prominence-advisors,prominence-advisors,https://apply.workable.com/prominence-advisors,https://apply.workable.com/api/v1/widget/accounts/prominence-advisors,21,observed,
workable,pronexus-1,pronexus-1,https://apply.workable.com/pronexus-1,https://apply.workable.com/api/v1/widget/accounts/pronexus-1,0,observed,
workable,propeller,propeller,https://apply.workable.com/propeller,https://apply.workable.com/api/v1/widget/accounts/propeller,23,observed,
workable,prosci,prosci,https://apply.workable.com/prosci,https://apply.workable.com/api/v1/widget/accounts/prosci,8,observed,
workable,prosperitysolutions,prosperitysolutions,https://apply.workable.com/prosperitysolutions,https://apply.workable.com/api/v1/widget/accounts/prosperitysolutions,1,observed,
workable,protera,protera,https://apply.workable.com/protera,https://apply.workable.com/api/v1/widget/accounts/protera,10,observed,
workable,proxymity,proxymity,https://apply.workable.com/proxymity,https://apply.workable.com/api/v1/widget/accounts/proxymity,2,observed,
workable,pt-link-net-tbk-1,pt-link-net-tbk-1,https://apply.workable.com/pt-link-net-tbk-1,https://apply.workable.com/api/v1/widget/accounts/pt-link-net-tbk-1,16,observed,
workable,pubgenius-1,pubgenius-1,https://apply.workable.com/pubgenius-1,https://apply.workable.com/api/v1/widget/accounts/pubgenius-1,3,observed,
workable,public-cy,public-cy,https://apply.workable.com/public-cy,https://apply.workable.com/api/v1/widget/accounts/public-cy,9,observed,
workable,publicgroup,publicgroup,https://apply.workable.com/publicgroup,https://apply.workable.com/api/v1/widget/accounts/publicgroup,143,observed,
workable,pulse-labs,pulse-labs,https://apply.workable.com/pulse-labs,https://apply.workable.com/api/v1/widget/accounts/pulse-labs,2,observed,
workable,pure-yoga,pure-yoga,https://apply.workable.com/pure-yoga,https://apply.workable.com/api/v1/widget/accounts/pure-yoga,1,observed,
workable,puulse-marketing,puulse-marketing,https://apply.workable.com/puulse-marketing,https://apply.workable.com/api/v1/widget/accounts/puulse-marketing,26,observed,
workable,q-energy,q-energy,https://apply.workable.com/q-energy,https://apply.workable.com/api/v1/widget/accounts/q-energy,15,observed,
workable,q5-partners,q5-partners,https://apply.workable.com/q5-partners,https://apply.workable.com/api/v1/widget/accounts/q5-partners,9,observed,
workable,qbdvision,qbdvision,https://apply.workable.com/qbdvision,https://apply.workable.com/api/v1/widget/accounts/qbdvision,3,observed,
workable,qcp-group,qcp-group,https://apply.workable.com/qcp-group,https://apply.workable.com/api/v1/widget/accounts/qcp-group,15,observed,
workable,qiddiya-investment-company-1,qiddiya-investment-company-1,https://apply.workable.com/qiddiya-investment-company-1,https://apply.workable.com/api/v1/widget/accounts/qiddiya-investment-company-1,271,observed,
workable,qodea,qodea,https://apply.workable.com/qodea,https://apply.workable.com/api/v1/widget/accounts/qodea,20,observed,
workable,qodeworld,qodeworld,https://apply.workable.com/qodeworld,https://apply.workable.com/api/v1/widget/accounts/qodeworld,43,observed,
workable,qry,qry,https://apply.workable.com/qry,https://apply.workable.com/api/v1/widget/accounts/qry,4,observed,
workable,quadric-dot-i-o-inc,quadric-dot-i-o-inc,https://apply.workable.com/quadric-dot-i-o-inc,https://apply.workable.com/api/v1/widget/accounts/quadric-dot-i-o-inc,0,observed,
workable,quaestus-1,quaestus-1,https://apply.workable.com/quaestus-1,https://apply.workable.com/api/v1/widget/accounts/quaestus-1,12,observed,
workable,qualcogroup,qualcogroup,https://apply.workable.com/qualcogroup,https://apply.workable.com/api/v1/widget/accounts/qualcogroup,43,observed,
workable,quality-care-llc,quality-care-llc,https://apply.workable.com/quality-care-llc,https://apply.workable.com/api/v1/widget/accounts/quality-care-llc,5,observed,
workable,quality-people,quality-people,https://apply.workable.com/quality-people,https://apply.workable.com/api/v1/widget/accounts/quality-people,57,observed,
workable,quandela,quandela,https://apply.workable.com/quandela,https://apply.workable.com/api/v1/widget/accounts/quandela,32,observed,
workable,quanthub,quanthub,https://apply.workable.com/quanthub,https://apply.workable.com/api/v1/widget/accounts/quanthub,3,observed,
workable,quantumloopai,quantumloopai,https://apply.workable.com/quantumloopai,https://apply.workable.com/api/v1/widget/accounts/quantumloopai,23,observed,
workable,queueco,queueco,https://apply.workable.com/queueco,https://apply.workable.com/api/v1/widget/accounts/queueco,1,observed,
workable,quickrelease,quickrelease,https://apply.workable.com/quickrelease,https://apply.workable.com/api/v1/widget/accounts/quickrelease,7,observed,
workable,quickteam,quickteam,https://apply.workable.com/quickteam,https://apply.workable.com/api/v1/widget/accounts/quickteam,29,observed,
workable,quikefoods,quikefoods,https://apply.workable.com/quikefoods,https://apply.workable.com/api/v1/widget/accounts/quikefoods,1,observed,
workable,quistor,quistor,https://apply.workable.com/quistor,https://apply.workable.com/api/v1/widget/accounts/quistor,31,observed,
workable,quonticbank,quonticbank,https://apply.workable.com/quonticbank,https://apply.workable.com/api/v1/widget/accounts/quonticbank,2,observed,
workable,racecommunications,racecommunications,https://apply.workable.com/racecommunications,https://apply.workable.com/api/v1/widget/accounts/racecommunications,22,observed,
workable,radiant-vision-systems,radiant-vision-systems,https://apply.workable.com/radiant-vision-systems,https://apply.workable.com/api/v1/widget/accounts/radiant-vision-systems,1,observed,
workable,rafarm,rafarm,https://apply.workable.com/rafarm,https://apply.workable.com/api/v1/widget/accounts/rafarm,12,observed,
workable,rail-delivery-group,rail-delivery-group,https://apply.workable.com/rail-delivery-group,https://apply.workable.com/api/v1/widget/accounts/rail-delivery-group,8,observed,
workable,rand-europe,rand-europe,https://apply.workable.com/rand-europe,https://apply.workable.com/api/v1/widget/accounts/rand-europe,4,observed,
workable,rapsodo,rapsodo,https://apply.workable.com/rapsodo,https://apply.workable.com/api/v1/widget/accounts/rapsodo,31,observed,
workable,rapyuta-robotics,rapyuta-robotics,https://apply.workable.com/rapyuta-robotics,https://apply.workable.com/api/v1/widget/accounts/rapyuta-robotics,36,observed,
workable,raspberrypi,raspberrypi,https://apply.workable.com/raspberrypi,https://apply.workable.com/api/v1/widget/accounts/raspberrypi,4,observed,
workable,raspberrypifoundation,raspberrypifoundation,https://apply.workable.com/raspberrypifoundation,https://apply.workable.com/api/v1/widget/accounts/raspberrypifoundation,4,observed,
workable,ratehawk,ratehawk,https://apply.workable.com/ratehawk,https://apply.workable.com/api/v1/widget/accounts/ratehawk,17,observed,
workable,raths-raths-and-johnson,raths-raths-and-johnson,https://apply.workable.com/raths-raths-and-johnson,https://apply.workable.com/api/v1/widget/accounts/raths-raths-and-johnson,3,observed,
workable,rditrials,rditrials,https://apply.workable.com/rditrials,https://apply.workable.com/api/v1/widget/accounts/rditrials,1,observed,
workable,re-act-marketing-ltd,re-act-marketing-ltd,https://apply.workable.com/re-act-marketing-ltd,https://apply.workable.com/api/v1/widget/accounts/re-act-marketing-ltd,3,observed,
workable,re7-capital,re7-capital,https://apply.workable.com/re7-capital,https://apply.workable.com/api/v1/widget/accounts/re7-capital,2,observed,
workable,real-dev-inc,real-dev-inc,https://apply.workable.com/real-dev-inc,https://apply.workable.com/api/v1/widget/accounts/real-dev-inc,8,observed,
workable,realadvisor,realadvisor,https://apply.workable.com/realadvisor,https://apply.workable.com/api/v1/widget/accounts/realadvisor,15,observed,
workable,reallygreatteachers,reallygreatteachers,https://apply.workable.com/reallygreatteachers,https://apply.workable.com/api/v1/widget/accounts/reallygreatteachers,12,observed,
workable,realpython,realpython,https://apply.workable.com/realpython,https://apply.workable.com/api/v1/widget/accounts/realpython,2,observed,
workable,reasonable,reasonable,https://apply.workable.com/reasonable,https://apply.workable.com/api/v1/widget/accounts/reasonable,6,observed,
workable,rebellion,rebellion,https://apply.workable.com/rebellion,https://apply.workable.com/api/v1/widget/accounts/rebellion,18,observed,
workable,recargapay,recargapay,https://apply.workable.com/recargapay,https://apply.workable.com/api/v1/widget/accounts/recargapay,20,observed,
workable,recite-me,recite-me,https://apply.workable.com/recite-me,https://apply.workable.com/api/v1/widget/accounts/recite-me,9,observed,
workable,redox,redox,https://apply.workable.com/redox,https://apply.workable.com/api/v1/widget/accounts/redox,26,observed,
workable,redspace,redspace,https://apply.workable.com/redspace,https://apply.workable.com/api/v1/widget/accounts/redspace,1,observed,
workable,relationship-therapy-center,relationship-therapy-center,https://apply.workable.com/relationship-therapy-center,https://apply.workable.com/api/v1/widget/accounts/relationship-therapy-center,1,observed,
workable,releaf-uk,releaf-uk,https://apply.workable.com/releaf-uk,https://apply.workable.com/api/v1/widget/accounts/releaf-uk,7,observed,
workable,remindermedia,remindermedia,https://apply.workable.com/remindermedia,https://apply.workable.com/api/v1/widget/accounts/remindermedia,15,observed,
workable,remote-raven,remote-raven,https://apply.workable.com/remote-raven,https://apply.workable.com/api/v1/widget/accounts/remote-raven,41,observed,
workable,remote-recruitment,remote-recruitment,https://apply.workable.com/remote-recruitment,https://apply.workable.com/api/v1/widget/accounts/remote-recruitment,21,observed,
workable,remote-talent-latam,remote-talent-latam,https://apply.workable.com/remote-talent-latam,https://apply.workable.com/api/v1/widget/accounts/remote-talent-latam,25,observed,
workable,remotebase,remotebase,https://apply.workable.com/remotebase,https://apply.workable.com/api/v1/widget/accounts/remotebase,7,observed,
workable,remotepass,remotepass,https://apply.workable.com/remotepass,https://apply.workable.com/api/v1/widget/accounts/remotepass,16,observed,
workable,renewhome,renewhome,https://apply.workable.com/renewhome,https://apply.workable.com/api/v1/widget/accounts/renewhome,6,observed,
workable,rentokil-initial,rentokil-initial,https://apply.workable.com/rentokil-initial,https://apply.workable.com/api/v1/widget/accounts/rentokil-initial,658,observed,
workable,res-consultant-group,res-consultant-group,https://apply.workable.com/res-consultant-group,https://apply.workable.com/api/v1/widget/accounts/res-consultant-group,30,observed,
workable,resethealth,resethealth,https://apply.workable.com/resethealth,https://apply.workable.com/api/v1/widget/accounts/resethealth,2,observed,
workable,residents-medical,residents-medical,https://apply.workable.com/residents-medical,https://apply.workable.com/api/v1/widget/accounts/residents-medical,6,observed,
workable,resiliv,resiliv,https://apply.workable.com/resiliv,https://apply.workable.com/api/v1/widget/accounts/resiliv,4,observed,
workable,resonant-link-medical,resonant-link-medical,https://apply.workable.com/resonant-link-medical,https://apply.workable.com/api/v1/widget/accounts/resonant-link-medical,3,observed,
workable,resource-guru,resource-guru,https://apply.workable.com/resource-guru,https://apply.workable.com/api/v1/widget/accounts/resource-guru,1,observed,
workable,resource-innovations,resource-innovations,https://apply.workable.com/resource-innovations,https://apply.workable.com/api/v1/widget/accounts/resource-innovations,49,observed,
workable,respiris,respiris,https://apply.workable.com/respiris,https://apply.workable.com/api/v1/widget/accounts/respiris,2,observed,
workable,respro-health,respro-health,https://apply.workable.com/respro-health,https://apply.workable.com/api/v1/widget/accounts/respro-health,3,observed,
workable,retinai,retinai,https://apply.workable.com/retinai,https://apply.workable.com/api/v1/widget/accounts/retinai,5,observed,
workable,reversinglabs,reversinglabs,https://apply.workable.com/reversinglabs,https://apply.workable.com/api/v1/widget/accounts/reversinglabs,8,observed,
workable,revive-media,revive-media,https://apply.workable.com/revive-media,https://apply.workable.com/api/v1/widget/accounts/revive-media,3,observed,
workable,reworkssolutions,reworkssolutions,https://apply.workable.com/reworkssolutions,https://apply.workable.com/api/v1/widget/accounts/reworkssolutions,73,observed,
workable,rezilient,rezilient,https://apply.workable.com/rezilient,https://apply.workable.com/api/v1/widget/accounts/rezilient,18,observed,
workable,rfiglobal,rfiglobal,https://apply.workable.com/rfiglobal,https://apply.workable.com/api/v1/widget/accounts/rfiglobal,0,observed,
workable,rhoworld,rhoworld,https://apply.workable.com/rhoworld,https://apply.workable.com/api/v1/widget/accounts/rhoworld,6,observed,
workable,rhythm-management,rhythm-management,https://apply.workable.com/rhythm-management,https://apply.workable.com/api/v1/widget/accounts/rhythm-management,3,observed,
workable,richpanel-1,richpanel-1,https://apply.workable.com/richpanel-1,https://apply.workable.com/api/v1/widget/accounts/richpanel-1,12,observed,
workable,righthookdigital,righthookdigital,https://apply.workable.com/righthookdigital,https://apply.workable.com/api/v1/widget/accounts/righthookdigital,8,observed,
workable,rise-robotics,rise-robotics,https://apply.workable.com/rise-robotics,https://apply.workable.com/api/v1/widget/accounts/rise-robotics,5,observed,
workable,rising-academies,rising-academies,https://apply.workable.com/rising-academies,https://apply.workable.com/api/v1/widget/accounts/rising-academies,4,observed,
workable,river-cleanup,river-cleanup,https://apply.workable.com/river-cleanup,https://apply.workable.com/api/v1/widget/accounts/river-cleanup,3,observed,
workable,riverside-insights,riverside-insights,https://apply.workable.com/riverside-insights,https://apply.workable.com/api/v1/widget/accounts/riverside-insights,6,observed,
workable,rmf-engineering-inc,rmf-engineering-inc,https://apply.workable.com/rmf-engineering-inc,https://apply.workable.com/api/v1/widget/accounts/rmf-engineering-inc,23,observed,
workable,rmkble,rmkble,https://apply.workable.com/rmkble,https://apply.workable.com/api/v1/widget/accounts/rmkble,4,observed,
workable,roadpass-digital-1,roadpass-digital-1,https://apply.workable.com/roadpass-digital-1,https://apply.workable.com/api/v1/widget/accounts/roadpass-digital-1,1,observed,
workable,roarington,roarington,https://apply.workable.com/roarington,https://apply.workable.com/api/v1/widget/accounts/roarington,3,observed,
workable,robeaute,robeaute,https://apply.workable.com/robeaute,https://apply.workable.com/api/v1/widget/accounts/robeaute,11,observed,
workable,robusta,robusta,https://apply.workable.com/robusta,https://apply.workable.com/api/v1/widget/accounts/robusta,67,observed,
workable,rockstar-3,rockstar-3,https://apply.workable.com/rockstar-3,https://apply.workable.com/api/v1/widget/accounts/rockstar-3,88,observed,
workable,roi-hunter,roi-hunter,https://apply.workable.com/roi-hunter,https://apply.workable.com/api/v1/widget/accounts/roi-hunter,0,observed,
workable,rokt,rokt,https://apply.workable.com/rokt,https://apply.workable.com/api/v1/widget/accounts/rokt,12,observed,
workable,rollingarrays-tech,rollingarrays-tech,https://apply.workable.com/rollingarrays-tech,https://apply.workable.com/api/v1/widget/accounts/rollingarrays-tech,5,observed,
workable,roundtable-on-sustainable-biomaterials,roundtable-on-sustainable-biomaterials,https://apply.workable.com/roundtable-on-sustainable-biomaterials,https://apply.workable.com/api/v1/widget/accounts/roundtable-on-sustainable-biomaterials,1,observed,
workable,rovex-technologies-corporation,rovex-technologies-corporation,https://apply.workable.com/rovex-technologies-corporation,https://apply.workable.com/api/v1/widget/accounts/rovex-technologies-corporation,4,observed,
workable,rpmltd,rpmltd,https://apply.workable.com/rpmltd,https://apply.workable.com/api/v1/widget/accounts/rpmltd,2,observed,
workable,rtm-business-group,rtm-business-group,https://apply.workable.com/rtm-business-group,https://apply.workable.com/api/v1/widget/accounts/rtm-business-group,7,observed,
workable,rubikal,rubikal,https://apply.workable.com/rubikal,https://apply.workable.com/api/v1/widget/accounts/rubikal,0,observed,
workable,runware,runware,https://apply.workable.com/runware,https://apply.workable.com/api/v1/widget/accounts/runware,11,observed,
workable,rwinvest,rwinvest,https://apply.workable.com/rwinvest,https://apply.workable.com/api/v1/widget/accounts/rwinvest,3,observed,
workable,rystad-energy,rystad-energy,https://apply.workable.com/rystad-energy,https://apply.workable.com/api/v1/widget/accounts/rystad-energy,12,observed,
workable,salescaptain,salescaptain,https://apply.workable.com/salescaptain,https://apply.workable.com/api/v1/widget/accounts/salescaptain,5,observed,
workable,saleshub,saleshub,https://apply.workable.com/saleshub,https://apply.workable.com/api/v1/widget/accounts/saleshub,43,observed,
workable,salla,salla,https://apply.workable.com/salla,https://apply.workable.com/api/v1/widget/accounts/salla,32,observed,
workable,samsung-sds-america,samsung-sds-america,https://apply.workable.com/samsung-sds-america,https://apply.workable.com/api/v1/widget/accounts/samsung-sds-america,20,observed,
workable,sanantoniobehavioral,sanantoniobehavioral,https://apply.workable.com/sanantoniobehavioral,https://apply.workable.com/api/v1/widget/accounts/sanantoniobehavioral,26,observed,
workable,sanction-scanner,sanction-scanner,https://apply.workable.com/sanction-scanner,https://apply.workable.com/api/v1/widget/accounts/sanction-scanner,13,observed,
workable,sand-cherry-associates-1,sand-cherry-associates-1,https://apply.workable.com/sand-cherry-associates-1,https://apply.workable.com/api/v1/widget/accounts/sand-cherry-associates-1,21,observed,
workable,sandpiper-productions,sandpiper-productions,https://apply.workable.com/sandpiper-productions,https://apply.workable.com/api/v1/widget/accounts/sandpiper-productions,0,observed,
workable,sangoma-3,sangoma-3,https://apply.workable.com/sangoma-3,https://apply.workable.com/api/v1/widget/accounts/sangoma-3,2,observed,
workable,sans-2,sans-2,https://apply.workable.com/sans-2,https://apply.workable.com/api/v1/widget/accounts/sans-2,4,observed,
workable,santikos-collection-1,santikos-collection-1,https://apply.workable.com/santikos-collection-1,https://apply.workable.com/api/v1/widget/accounts/santikos-collection-1,2,observed,
workable,sapigroup,sapigroup,https://apply.workable.com/sapigroup,https://apply.workable.com/api/v1/widget/accounts/sapigroup,3,observed,
workable,sapsol-technologies-inc-7,sapsol-technologies-inc-7,https://apply.workable.com/sapsol-technologies-inc-7,https://apply.workable.com/api/v1/widget/accounts/sapsol-technologies-inc-7,330,observed,
workable,satellitevu,satellitevu,https://apply.workable.com/satellitevu,https://apply.workable.com/api/v1/widget/accounts/satellitevu,1,observed,
workable,satori-analytics-1,satori-analytics-1,https://apply.workable.com/satori-analytics-1,https://apply.workable.com/api/v1/widget/accounts/satori-analytics-1,12,observed,
workable,satoshi-energy,satoshi-energy,https://apply.workable.com/satoshi-energy,https://apply.workable.com/api/v1/widget/accounts/satoshi-energy,1,observed,
workable,sawhorse-productions,sawhorse-productions,https://apply.workable.com/sawhorse-productions,https://apply.workable.com/api/v1/widget/accounts/sawhorse-productions,11,observed,
workable,scalepex,scalepex,https://apply.workable.com/scalepex,https://apply.workable.com/api/v1/widget/accounts/scalepex,48,observed,
workable,scalesource-1,scalesource-1,https://apply.workable.com/scalesource-1,https://apply.workable.com/api/v1/widget/accounts/scalesource-1,29,observed,
workable,school-of-coding,school-of-coding,https://apply.workable.com/school-of-coding,https://apply.workable.com/api/v1/widget/accounts/school-of-coding,5,observed,
workable,schoolinks,schoolinks,https://apply.workable.com/schoolinks,https://apply.workable.com/api/v1/widget/accounts/schoolinks,9,observed,
workable,schoox,schoox,https://apply.workable.com/schoox,https://apply.workable.com/api/v1/widget/accounts/schoox,0,observed,
workable,scout-clean-energy,scout-clean-energy,https://apply.workable.com/scout-clean-energy,https://apply.workable.com/api/v1/widget/accounts/scout-clean-energy,27,observed,
workable,scrambly,scrambly,https://apply.workable.com/scrambly,https://apply.workable.com/api/v1/widget/accounts/scrambly,0,observed,
workable,sdfgroup,sdfgroup,https://apply.workable.com/sdfgroup,https://apply.workable.com/api/v1/widget/accounts/sdfgroup,6,observed,
workable,sdms,sdms,https://apply.workable.com/sdms,https://apply.workable.com/api/v1/widget/accounts/sdms,31,observed,
workable,sdo,sdo,https://apply.workable.com/sdo,https://apply.workable.com/api/v1/widget/accounts/sdo,8,observed,
workable,seaborne-shipbrokers-sa,seaborne-shipbrokers-sa,https://apply.workable.com/seaborne-shipbrokers-sa,https://apply.workable.com/api/v1/widget/accounts/seaborne-shipbrokers-sa,7,observed,
workable,seadev,seadev,https://apply.workable.com/seadev,https://apply.workable.com/api/v1/widget/accounts/seadev,1,observed,
workable,seatedapp,seatedapp,https://apply.workable.com/seatedapp,https://apply.workable.com/api/v1/widget/accounts/seatedapp,10,observed,
workable,secheron-s-dot-a,secheron-s-dot-a,https://apply.workable.com/secheron-s-dot-a,https://apply.workable.com/api/v1/widget/accounts/secheron-s-dot-a,86,observed,
workable,secondnature,secondnature,https://apply.workable.com/secondnature,https://apply.workable.com/api/v1/widget/accounts/secondnature,7,observed,
workable,securityriskadvisors,securityriskadvisors,https://apply.workable.com/securityriskadvisors,https://apply.workable.com/api/v1/widget/accounts/securityriskadvisors,5,observed,
workable,seeq,seeq,https://apply.workable.com/seeq,https://apply.workable.com/api/v1/widget/accounts/seeq,24,observed,
workable,seezcareers,seezcareers,https://apply.workable.com/seezcareers,https://apply.workable.com/api/v1/widget/accounts/seezcareers,1,observed,
workable,semios,semios,https://apply.workable.com/semios,https://apply.workable.com/api/v1/widget/accounts/semios,13,observed,
workable,sense,sense,https://apply.workable.com/sense,https://apply.workable.com/api/v1/widget/accounts/sense,2,observed,
workable,senseon,senseon,https://apply.workable.com/senseon,https://apply.workable.com/api/v1/widget/accounts/senseon,1,observed,
workable,sentec,sentec,https://apply.workable.com/sentec,https://apply.workable.com/api/v1/widget/accounts/sentec,17,observed,
workable,seosherpa,seosherpa,https://apply.workable.com/seosherpa,https://apply.workable.com/api/v1/widget/accounts/seosherpa,3,observed,
workable,sequel-tech,sequel-tech,https://apply.workable.com/sequel-tech,https://apply.workable.com/api/v1/widget/accounts/sequel-tech,2,observed,
workable,servant,servant,https://apply.workable.com/servant,https://apply.workable.com/api/v1/widget/accounts/servant,3,observed,
workable,shadow-light-studios,shadow-light-studios,https://apply.workable.com/shadow-light-studios,https://apply.workable.com/api/v1/widget/accounts/shadow-light-studios,48,observed,
workable,shapeways-25,shapeways-25,https://apply.workable.com/shapeways-25,https://apply.workable.com/api/v1/widget/accounts/shapeways-25,4,observed,
workable,sharetru,sharetru,https://apply.workable.com/sharetru,https://apply.workable.com/api/v1/widget/accounts/sharetru,1,observed,
workable,she-hr-consulting,she-hr-consulting,https://apply.workable.com/she-hr-consulting,https://apply.workable.com/api/v1/widget/accounts/she-hr-consulting,1,observed,
workable,shelter-house,shelter-house,https://apply.workable.com/shelter-house,https://apply.workable.com/api/v1/widget/accounts/shelter-house,31,observed,
workable,shiftcare,shiftcare,https://apply.workable.com/shiftcare,https://apply.workable.com/api/v1/widget/accounts/shiftcare,3,observed,
workable,shiftmove,shiftmove,https://apply.workable.com/shiftmove,https://apply.workable.com/api/v1/widget/accounts/shiftmove,15,observed,
workable,shinesty,shinesty,https://apply.workable.com/shinesty,https://apply.workable.com/api/v1/widget/accounts/shinesty,7,observed,
workable,sideinc,sideinc,https://apply.workable.com/sideinc,https://apply.workable.com/api/v1/widget/accounts/sideinc,143,observed,
workable,sidekicktool,sidekicktool,https://apply.workable.com/sidekicktool,https://apply.workable.com/api/v1/widget/accounts/sidekicktool,7,observed,
workable,sidetrade,sidetrade,https://apply.workable.com/sidetrade,https://apply.workable.com/api/v1/widget/accounts/sidetrade,23,observed,
workable,sierra-fp,sierra-fp,https://apply.workable.com/sierra-fp,https://apply.workable.com/api/v1/widget/accounts/sierra-fp,10,observed,
workable,sierra-interactive,sierra-interactive,https://apply.workable.com/sierra-interactive,https://apply.workable.com/api/v1/widget/accounts/sierra-interactive,2,observed,
workable,sigmadefense,sigmadefense,https://apply.workable.com/sigmadefense,https://apply.workable.com/api/v1/widget/accounts/sigmadefense,46,observed,
workable,silencershop,silencershop,https://apply.workable.com/silencershop,https://apply.workable.com/api/v1/widget/accounts/silencershop,1,observed,
workable,silvur,silvur,https://apply.workable.com/silvur,https://apply.workable.com/api/v1/widget/accounts/silvur,7,observed,
workable,simple-mills-9,simple-mills-9,https://apply.workable.com/simple-mills-9,https://apply.workable.com/api/v1/widget/accounts/simple-mills-9,3,observed,
workable,simpleciti,simpleciti,https://apply.workable.com/simpleciti,https://apply.workable.com/api/v1/widget/accounts/simpleciti,8,observed,
workable,simprints,simprints,https://apply.workable.com/simprints,https://apply.workable.com/api/v1/widget/accounts/simprints,10,observed,
workable,singletonconstruction22,singletonconstruction22,https://apply.workable.com/singletonconstruction22,https://apply.workable.com/api/v1/widget/accounts/singletonconstruction22,9,observed,
workable,singulier,singulier,https://apply.workable.com/singulier,https://apply.workable.com/api/v1/widget/accounts/singulier,12,observed,
workable,situationgroup,situationgroup,https://apply.workable.com/situationgroup,https://apply.workable.com/api/v1/widget/accounts/situationgroup,4,observed,
workable,skeletontech,skeletontech,https://apply.workable.com/skeletontech,https://apply.workable.com/api/v1/widget/accounts/skeletontech,41,observed,
workable,sketchdeck,sketchdeck,https://apply.workable.com/sketchdeck,https://apply.workable.com/api/v1/widget/accounts/sketchdeck,1,observed,
workable,skinandme,skinandme,https://apply.workable.com/skinandme,https://apply.workable.com/api/v1/widget/accounts/skinandme,8,observed,
workable,skroutz,skroutz,https://apply.workable.com/skroutz,https://apply.workable.com/api/v1/widget/accounts/skroutz,9,observed,
workable,skylight-frame,skylight-frame,https://apply.workable.com/skylight-frame,https://apply.workable.com/api/v1/widget/accounts/skylight-frame,8,observed,
workable,slapendrijkbv,slapendrijkbv,https://apply.workable.com/slapendrijkbv,https://apply.workable.com/api/v1/widget/accounts/slapendrijkbv,5,observed,
workable,slip-robotics,slip-robotics,https://apply.workable.com/slip-robotics,https://apply.workable.com/api/v1/widget/accounts/slip-robotics,30,observed,
workable,slp,slp,https://apply.workable.com/slp,https://apply.workable.com/api/v1/widget/accounts/slp,17,observed,
workable,smappee,smappee,https://apply.workable.com/smappee,https://apply.workable.com/api/v1/widget/accounts/smappee,10,observed,
workable,smartlogic,smartlogic,https://apply.workable.com/smartlogic,https://apply.workable.com/api/v1/widget/accounts/smartlogic,3,observed,
workable,smartnews,smartnews,https://apply.workable.com/smartnews,https://apply.workable.com/api/v1/widget/accounts/smartnews,26,observed,
workable,smb-team,smb-team,https://apply.workable.com/smb-team,https://apply.workable.com/api/v1/widget/accounts/smb-team,19,observed,
workable,smokerand-company-llc,smokerand-company-llc,https://apply.workable.com/smokerand-company-llc,https://apply.workable.com/api/v1/widget/accounts/smokerand-company-llc,9,observed,
workable,snk,snk,https://apply.workable.com/snk,https://apply.workable.com/api/v1/widget/accounts/snk,6,observed,
workable,snowed-in-studios-3,snowed-in-studios-3,https://apply.workable.com/snowed-in-studios-3,https://apply.workable.com/api/v1/widget/accounts/snowed-in-studios-3,2,observed,
workable,social-impact-partners,social-impact-partners,https://apply.workable.com/social-impact-partners,https://apply.workable.com/api/v1/widget/accounts/social-impact-partners,3,observed,
workable,soda-data-nv,soda-data-nv,https://apply.workable.com/soda-data-nv,https://apply.workable.com/api/v1/widget/accounts/soda-data-nv,10,observed,
workable,sogeclair,sogeclair,https://apply.workable.com/sogeclair,https://apply.workable.com/api/v1/widget/accounts/sogeclair,136,observed,
workable,sokol-gxp-serivces,sokol-gxp-serivces,https://apply.workable.com/sokol-gxp-serivces,https://apply.workable.com/api/v1/widget/accounts/sokol-gxp-serivces,6,observed,
workable,solaimpact,solaimpact,https://apply.workable.com/solaimpact,https://apply.workable.com/api/v1/widget/accounts/solaimpact,10,observed,
workable,solamerica-energy,solamerica-energy,https://apply.workable.com/solamerica-energy,https://apply.workable.com/api/v1/widget/accounts/solamerica-energy,2,observed,
workable,solid-sealing-technology,solid-sealing-technology,https://apply.workable.com/solid-sealing-technology,https://apply.workable.com/api/v1/widget/accounts/solid-sealing-technology,1,observed,
workable,solidarmed-1,solidarmed-1,https://apply.workable.com/solidarmed-1,https://apply.workable.com/api/v1/widget/accounts/solidarmed-1,2,observed,
workable,solirius-consulting-1,solirius-consulting-1,https://apply.workable.com/solirius-consulting-1,https://apply.workable.com/api/v1/widget/accounts/solirius-consulting-1,34,observed,
workable,somerce,somerce,https://apply.workable.com/somerce,https://apply.workable.com/api/v1/widget/accounts/somerce,6,observed,
workable,soracom,soracom,https://apply.workable.com/soracom,https://apply.workable.com/api/v1/widget/accounts/soracom,12,observed,
workable,soulhouse,soulhouse,https://apply.workable.com/soulhouse,https://apply.workable.com/api/v1/widget/accounts/soulhouse,24,observed,
workable,sp-associates,sp-associates,https://apply.workable.com/sp-associates,https://apply.workable.com/api/v1/widget/accounts/sp-associates,15,observed,
workable,space-forge-ltd,space-forge-ltd,https://apply.workable.com/space-forge-ltd,https://apply.workable.com/api/v1/widget/accounts/space-forge-ltd,0,observed,
workable,sparkschools,sparkschools,https://apply.workable.com/sparkschools,https://apply.workable.com/api/v1/widget/accounts/sparkschools,35,observed,
workable,spartech,spartech,https://apply.workable.com/spartech,https://apply.workable.com/api/v1/widget/accounts/spartech,51,observed,
workable,sparx-engineering,sparx-engineering,https://apply.workable.com/sparx-engineering,https://apply.workable.com/api/v1/widget/accounts/sparx-engineering,3,observed,
workable,spd-technology,spd-technology,https://apply.workable.com/spd-technology,https://apply.workable.com/api/v1/widget/accounts/spd-technology,10,observed,
workable,speakitjobs,speakitjobs,https://apply.workable.com/speakitjobs,https://apply.workable.com/api/v1/widget/accounts/speakitjobs,288,observed,
workable,sperasoft,sperasoft,https://apply.workable.com/sperasoft,https://apply.workable.com/api/v1/widget/accounts/sperasoft,73,observed,
workable,sphynx,sphynx,https://apply.workable.com/sphynx,https://apply.workable.com/api/v1/widget/accounts/sphynx,6,observed,
workable,spiderware,spiderware,https://apply.workable.com/spiderware,https://apply.workable.com/api/v1/widget/accounts/spiderware,0,observed,
workable,spindrift,spindrift,https://apply.workable.com/spindrift,https://apply.workable.com/api/v1/widget/accounts/spindrift,9,observed,
workable,spitogatos-gr,spitogatos-gr,https://apply.workable.com/spitogatos-gr,https://apply.workable.com/api/v1/widget/accounts/spitogatos-gr,2,observed,
workable,spotawheel,spotawheel,https://apply.workable.com/spotawheel,https://apply.workable.com/api/v1/widget/accounts/spotawheel,33,observed,
workable,spotlightsportsgroup,spotlightsportsgroup,https://apply.workable.com/spotlightsportsgroup,https://apply.workable.com/api/v1/widget/accounts/spotlightsportsgroup,4,observed,
workable,spt-labtech,spt-labtech,https://apply.workable.com/spt-labtech,https://apply.workable.com/api/v1/widget/accounts/spt-labtech,15,observed,
workable,squadio23,squadio23,https://apply.workable.com/squadio23,https://apply.workable.com/api/v1/widget/accounts/squadio23,33,observed,
workable,square-enix,square-enix,https://apply.workable.com/square-enix,https://apply.workable.com/api/v1/widget/accounts/square-enix,4,observed,
workable,squareone,squareone,https://apply.workable.com/squareone,https://apply.workable.com/api/v1/widget/accounts/squareone,13,observed,
workable,squiz,squiz,https://apply.workable.com/squiz,https://apply.workable.com/api/v1/widget/accounts/squiz,10,observed,
workable,ss-tech-holdings-limited,ss-tech-holdings-limited,https://apply.workable.com/ss-tech-holdings-limited,https://apply.workable.com/api/v1/widget/accounts/ss-tech-holdings-limited,0,observed,
workable,staff4me,staff4me,https://apply.workable.com/staff4me,https://apply.workable.com/api/v1/widget/accounts/staff4me,22,observed,
workable,staffing-for-doctors,staffing-for-doctors,https://apply.workable.com/staffing-for-doctors,https://apply.workable.com/api/v1/widget/accounts/staffing-for-doctors,33,observed,
workable,staffright-1,staffright-1,https://apply.workable.com/staffright-1,https://apply.workable.com/api/v1/widget/accounts/staffright-1,6,observed,
workable,stafi,stafi,https://apply.workable.com/stafi,https://apply.workable.com/api/v1/widget/accounts/stafi,31,observed,
workable,starling-bank,starling-bank,https://apply.workable.com/starling-bank,https://apply.workable.com/api/v1/widget/accounts/starling-bank,45,observed,
workable,starlink-aviation,starlink-aviation,https://apply.workable.com/starlink-aviation,https://apply.workable.com/api/v1/widget/accounts/starlink-aviation,11,observed,
workable,stay-group,stay-group,https://apply.workable.com/stay-group,https://apply.workable.com/api/v1/widget/accounts/stay-group,13,observed,
workable,staygenki,staygenki,https://apply.workable.com/staygenki,https://apply.workable.com/api/v1/widget/accounts/staygenki,2,observed,
workable,steadymd,steadymd,https://apply.workable.com/steadymd,https://apply.workable.com/api/v1/widget/accounts/steadymd,5,observed,
workable,steadyvision,steadyvision,https://apply.workable.com/steadyvision,https://apply.workable.com/api/v1/widget/accounts/steadyvision,3,observed,
workable,steamship-mutual-1,steamship-mutual-1,https://apply.workable.com/steamship-mutual-1,https://apply.workable.com/api/v1/widget/accounts/steamship-mutual-1,4,observed,
workable,steer-group,steer-group,https://apply.workable.com/steer-group,https://apply.workable.com/api/v1/widget/accounts/steer-group,22,observed,
workable,steer-health,steer-health,https://apply.workable.com/steer-health,https://apply.workable.com/api/v1/widget/accounts/steer-health,6,observed,
workable,stellar-cyber,stellar-cyber,https://apply.workable.com/stellar-cyber,https://apply.workable.com/api/v1/widget/accounts/stellar-cyber,14,observed,
workable,stio,stio,https://apply.workable.com/stio,https://apply.workable.com/api/v1/widget/accounts/stio,24,observed,
workable,story-homes,story-homes,https://apply.workable.com/story-homes,https://apply.workable.com/api/v1/widget/accounts/story-homes,4,observed,
workable,storyteq,storyteq,https://apply.workable.com/storyteq,https://apply.workable.com/api/v1/widget/accounts/storyteq,3,observed,
workable,straight-edge-technology-inc,straight-edge-technology-inc,https://apply.workable.com/straight-edge-technology-inc,https://apply.workable.com/api/v1/widget/accounts/straight-edge-technology-inc,2,observed,
workable,stream-dc,stream-dc,https://apply.workable.com/stream-dc,https://apply.workable.com/api/v1/widget/accounts/stream-dc,14,observed,
workable,strise,strise,https://apply.workable.com/strise,https://apply.workable.com/api/v1/widget/accounts/strise,2,observed,
workable,stronger-consulting,stronger-consulting,https://apply.workable.com/stronger-consulting,https://apply.workable.com/api/v1/widget/accounts/stronger-consulting,4,observed,
workable,stsmiddleeast,stsmiddleeast,https://apply.workable.com/stsmiddleeast,https://apply.workable.com/api/v1/widget/accounts/stsmiddleeast,6,observed,
workable,studyportals,studyportals,https://apply.workable.com/studyportals,https://apply.workable.com/api/v1/widget/accounts/studyportals,4,observed,
workable,success-tutoring,success-tutoring,https://apply.workable.com/success-tutoring,https://apply.workable.com/api/v1/widget/accounts/success-tutoring,0,observed,
workable,sumble-inc,sumble-inc,https://apply.workable.com/sumble-inc,https://apply.workable.com/api/v1/widget/accounts/sumble-inc,6,observed,
workable,sumerge-1,sumerge-1,https://apply.workable.com/sumerge-1,https://apply.workable.com/api/v1/widget/accounts/sumerge-1,21,observed,
workable,sun-home-saunas,sun-home-saunas,https://apply.workable.com/sun-home-saunas,https://apply.workable.com/api/v1/widget/accounts/sun-home-saunas,0,observed,
workable,super-soccer-stars,super-soccer-stars,https://apply.workable.com/super-soccer-stars,https://apply.workable.com/api/v1/widget/accounts/super-soccer-stars,468,observed,
workable,super-speciosa,super-speciosa,https://apply.workable.com/super-speciosa,https://apply.workable.com/api/v1/widget/accounts/super-speciosa,3,observed,
workable,supercritical,supercritical,https://apply.workable.com/supercritical,https://apply.workable.com/api/v1/widget/accounts/supercritical,5,observed,
workable,supermedic,supermedic,https://apply.workable.com/supermedic,https://apply.workable.com/api/v1/widget/accounts/supermedic,1,observed,
workable,supersummary,supersummary,https://apply.workable.com/supersummary,https://apply.workable.com/api/v1/widget/accounts/supersummary,1,observed,
workable,supplycore-1,supplycore-1,https://apply.workable.com/supplycore-1,https://apply.workable.com/api/v1/widget/accounts/supplycore-1,8,observed,
workable,supportyourapp,supportyourapp,https://apply.workable.com/supportyourapp,https://apply.workable.com/api/v1/widget/accounts/supportyourapp,39,observed,
workable,surglobal,surglobal,https://apply.workable.com/surglobal,https://apply.workable.com/api/v1/widget/accounts/surglobal,18,observed,
workable,survey-solutions-2,survey-solutions-2,https://apply.workable.com/survey-solutions-2,https://apply.workable.com/api/v1/widget/accounts/survey-solutions-2,19,observed,
workable,sv-academy-1,sv-academy-1,https://apply.workable.com/sv-academy-1,https://apply.workable.com/api/v1/widget/accounts/sv-academy-1,19,observed,
workable,sweat-pants-agency,sweat-pants-agency,https://apply.workable.com/sweat-pants-agency,https://apply.workable.com/api/v1/widget/accounts/sweat-pants-agency,20,observed,
workable,sweep360,sweep360,https://apply.workable.com/sweep360,https://apply.workable.com/api/v1/widget/accounts/sweep360,4,observed,
workable,swiftx-express,swiftx-express,https://apply.workable.com/swiftx-express,https://apply.workable.com/api/v1/widget/accounts/swiftx-express,62,observed,
workable,swimply,swimply,https://apply.workable.com/swimply,https://apply.workable.com/api/v1/widget/accounts/swimply,9,observed,
workable,swk-tech,swk-tech,https://apply.workable.com/swk-tech,https://apply.workable.com/api/v1/widget/accounts/swk-tech,4,observed,
workable,syarah,syarah,https://apply.workable.com/syarah,https://apply.workable.com/api/v1/widget/accounts/syarah,7,observed,
workable,symsoft-solutions,symsoft-solutions,https://apply.workable.com/symsoft-solutions,https://apply.workable.com/api/v1/widget/accounts/symsoft-solutions,0,observed,
workable,syntiant,syntiant,https://apply.workable.com/syntiant,https://apply.workable.com/api/v1/widget/accounts/syntiant,9,observed,
workable,tactiq,tactiq,https://apply.workable.com/tactiq,https://apply.workable.com/api/v1/widget/accounts/tactiq,0,observed,
workable,talarico-for-texas,talarico-for-texas,https://apply.workable.com/talarico-for-texas,https://apply.workable.com/api/v1/widget/accounts/talarico-for-texas,1,observed,
workable,talent-engine,talent-engine,https://apply.workable.com/talent-engine,https://apply.workable.com/api/v1/widget/accounts/talent-engine,8,observed,
workable,talent-trader-group,talent-trader-group,https://apply.workable.com/talent-trader-group,https://apply.workable.com/api/v1/widget/accounts/talent-trader-group,861,observed,
workable,talent3600,talent3600,https://apply.workable.com/talent3600,https://apply.workable.com/api/v1/widget/accounts/talent3600,297,observed,
workable,talentgratorjobs,talentgratorjobs,https://apply.workable.com/talentgratorjobs,https://apply.workable.com/api/v1/widget/accounts/talentgratorjobs,1,observed,
workable,talentpluto,talentpluto,https://apply.workable.com/talentpluto,https://apply.workable.com/api/v1/widget/accounts/talentpluto,0,observed,
workable,talk-straight,talk-straight,https://apply.workable.com/talk-straight,https://apply.workable.com/api/v1/widget/accounts/talk-straight,2,observed,
workable,tapouts,tapouts,https://apply.workable.com/tapouts,https://apply.workable.com/api/v1/widget/accounts/tapouts,4,observed,
workable,target-group,target-group,https://apply.workable.com/target-group,https://apply.workable.com/api/v1/widget/accounts/target-group,1,observed,
workable,tarte-inc,tarte-inc,https://apply.workable.com/tarte-inc,https://apply.workable.com/api/v1/widget/accounts/tarte-inc,59,observed,
workable,tasq-work,tasq-work,https://apply.workable.com/tasq-work,https://apply.workable.com/api/v1/widget/accounts/tasq-work,270,observed,
workable,tatucity,tatucity,https://apply.workable.com/tatucity,https://apply.workable.com/api/v1/widget/accounts/tatucity,106,observed,
workable,tds-global-solutions,tds-global-solutions,https://apply.workable.com/tds-global-solutions,https://apply.workable.com/api/v1/widget/accounts/tds-global-solutions,8,observed,
workable,team-17-digital,team-17-digital,https://apply.workable.com/team-17-digital,https://apply.workable.com/api/v1/widget/accounts/team-17-digital,8,observed,
workable,teamavoq,teamavoq,https://apply.workable.com/teamavoq,https://apply.workable.com/api/v1/widget/accounts/teamavoq,6,observed,
workable,teamified,teamified,https://apply.workable.com/teamified,https://apply.workable.com/api/v1/widget/accounts/teamified,26,observed,
workable,techflow,techflow,https://apply.workable.com/techflow,https://apply.workable.com/api/v1/widget/accounts/techflow,38,observed,
workable,techop-solutions-international,techop-solutions-international,https://apply.workable.com/techop-solutions-international,https://apply.workable.com/api/v1/widget/accounts/techop-solutions-international,39,observed,
workable,tehora,tehora,https://apply.workable.com/tehora,https://apply.workable.com/api/v1/widget/accounts/tehora,424,observed,
workable,telegraph,telegraph,https://apply.workable.com/telegraph,https://apply.workable.com/api/v1/widget/accounts/telegraph,1,observed,
workable,telemedi,telemedi,https://apply.workable.com/telemedi,https://apply.workable.com/api/v1/widget/accounts/telemedi,86,observed,
workable,telestream,telestream,https://apply.workable.com/telestream,https://apply.workable.com/api/v1/widget/accounts/telestream,1,observed,
workable,teltonika,teltonika,https://apply.workable.com/teltonika,https://apply.workable.com/api/v1/widget/accounts/teltonika,182,observed,
workable,ten-group,ten-group,https://apply.workable.com/ten-group,https://apply.workable.com/api/v1/widget/accounts/ten-group,68,observed,
workable,tenchi-security,tenchi-security,https://apply.workable.com/tenchi-security,https://apply.workable.com/api/v1/widget/accounts/tenchi-security,7,observed,
workable,tentree,tentree,https://apply.workable.com/tentree,https://apply.workable.com/api/v1/widget/accounts/tentree,1,observed,
workable,terabase-energy,terabase-energy,https://apply.workable.com/terabase-energy,https://apply.workable.com/api/v1/widget/accounts/terabase-energy,32,observed,
workable,tesae-sa,tesae-sa,https://apply.workable.com/tesae-sa,https://apply.workable.com/api/v1/widget/accounts/tesae-sa,2,observed,
workable,tesla-labs,tesla-labs,https://apply.workable.com/tesla-labs,https://apply.workable.com/api/v1/widget/accounts/tesla-labs,36,observed,
workable,testrigor,testrigor,https://apply.workable.com/testrigor,https://apply.workable.com/api/v1/widget/accounts/testrigor,0,observed,
workable,tetrascience,tetrascience,https://apply.workable.com/tetrascience,https://apply.workable.com/api/v1/widget/accounts/tetrascience,17,observed,
workable,texas-sports-academy-main,texas-sports-academy-main,https://apply.workable.com/texas-sports-academy-main,https://apply.workable.com/api/v1/widget/accounts/texas-sports-academy-main,25,observed,
workable,texashealthaction,texashealthaction,https://apply.workable.com/texashealthaction,https://apply.workable.com/api/v1/widget/accounts/texashealthaction,13,observed,
workable,thaloz,thaloz,https://apply.workable.com/thaloz,https://apply.workable.com/api/v1/widget/accounts/thaloz,1,observed,
workable,thanks-co,thanks-co,https://apply.workable.com/thanks-co,https://apply.workable.com/api/v1/widget/accounts/thanks-co,1,observed,
workable,the-arc-of-ocean-county,the-arc-of-ocean-county,https://apply.workable.com/the-arc-of-ocean-county,https://apply.workable.com/api/v1/widget/accounts/the-arc-of-ocean-county,19,observed,
workable,the-blue-rock,the-blue-rock,https://apply.workable.com/the-blue-rock,https://apply.workable.com/api/v1/widget/accounts/the-blue-rock,10,observed,
workable,the-boutique-coo,the-boutique-coo,https://apply.workable.com/the-boutique-coo,https://apply.workable.com/api/v1/widget/accounts/the-boutique-coo,31,observed,
workable,the-brydon-group,the-brydon-group,https://apply.workable.com/the-brydon-group,https://apply.workable.com/api/v1/widget/accounts/the-brydon-group,8,observed,
workable,the-canadian-press,the-canadian-press,https://apply.workable.com/the-canadian-press,https://apply.workable.com/api/v1/widget/accounts/the-canadian-press,1,observed,
workable,the-common-market,the-common-market,https://apply.workable.com/the-common-market,https://apply.workable.com/api/v1/widget/accounts/the-common-market,8,observed,
workable,the-flowery-ny,the-flowery-ny,https://apply.workable.com/the-flowery-ny,https://apply.workable.com/api/v1/widget/accounts/the-flowery-ny,9,observed,
workable,the-halo-trust,the-halo-trust,https://apply.workable.com/the-halo-trust,https://apply.workable.com/api/v1/widget/accounts/the-halo-trust,11,observed,
workable,the-investigo-group,the-investigo-group,https://apply.workable.com/the-investigo-group,https://apply.workable.com/api/v1/widget/accounts/the-investigo-group,5,observed,
workable,the-local-project-tlp,the-local-project-tlp,https://apply.workable.com/the-local-project-tlp,https://apply.workable.com/api/v1/widget/accounts/the-local-project-tlp,4,observed,
workable,the-marketing-practice,the-marketing-practice,https://apply.workable.com/the-marketing-practice,https://apply.workable.com/api/v1/widget/accounts/the-marketing-practice,7,observed,
workable,the-metaplex-foundation,the-metaplex-foundation,https://apply.workable.com/the-metaplex-foundation,https://apply.workable.com/api/v1/widget/accounts/the-metaplex-foundation,1,observed,
workable,the-mill-adventure,the-mill-adventure,https://apply.workable.com/the-mill-adventure,https://apply.workable.com/api/v1/widget/accounts/the-mill-adventure,4,observed,
workable,the-proactive-technology-group,the-proactive-technology-group,https://apply.workable.com/the-proactive-technology-group,https://apply.workable.com/api/v1/widget/accounts/the-proactive-technology-group,8,observed,
workable,the-recap-group-inc,the-recap-group-inc,https://apply.workable.com/the-recap-group-inc,https://apply.workable.com/api/v1/widget/accounts/the-recap-group-inc,3,observed,
workable,the-ripple-way,the-ripple-way,https://apply.workable.com/the-ripple-way,https://apply.workable.com/api/v1/widget/accounts/the-ripple-way,13,observed,
workable,the-very-group,the-very-group,https://apply.workable.com/the-very-group,https://apply.workable.com/api/v1/widget/accounts/the-very-group,36,observed,
workable,thebeautytechgroup,thebeautytechgroup,https://apply.workable.com/thebeautytechgroup,https://apply.workable.com/api/v1/widget/accounts/thebeautytechgroup,6,observed,
workable,thehighline,thehighline,https://apply.workable.com/thehighline,https://apply.workable.com/api/v1/widget/accounts/thehighline,5,observed,
workable,theinclab,theinclab,https://apply.workable.com/theinclab,https://apply.workable.com/api/v1/widget/accounts/theinclab,7,observed,
workable,theoceanac,theoceanac,https://apply.workable.com/theoceanac,https://apply.workable.com/api/v1/widget/accounts/theoceanac,31,observed,
workable,theouai,theouai,https://apply.workable.com/theouai,https://apply.workable.com/api/v1/widget/accounts/theouai,4,observed,
workable,theproductionteam,theproductionteam,https://apply.workable.com/theproductionteam,https://apply.workable.com/api/v1/widget/accounts/theproductionteam,13,observed,
workable,thepurplecarrot,thepurplecarrot,https://apply.workable.com/thepurplecarrot,https://apply.workable.com/api/v1/widget/accounts/thepurplecarrot,1,observed,
workable,therapynotes,therapynotes,https://apply.workable.com/therapynotes,https://apply.workable.com/api/v1/widget/accounts/therapynotes,6,observed,
workable,thermalengint,thermalengint,https://apply.workable.com/thermalengint,https://apply.workable.com/api/v1/widget/accounts/thermalengint,20,observed,
workable,theshipyard,theshipyard,https://apply.workable.com/theshipyard,https://apply.workable.com/api/v1/widget/accounts/theshipyard,6,observed,
workable,thesignalgroup,thesignalgroup,https://apply.workable.com/thesignalgroup,https://apply.workable.com/api/v1/widget/accounts/thesignalgroup,8,observed,
workable,thesoul-publishing-1,thesoul-publishing-1,https://apply.workable.com/thesoul-publishing-1,https://apply.workable.com/api/v1/widget/accounts/thesoul-publishing-1,10,observed,
workable,thespecialistworks,thespecialistworks,https://apply.workable.com/thespecialistworks,https://apply.workable.com/api/v1/widget/accounts/thespecialistworks,4,observed,
workable,theta-systems-ltd,theta-systems-ltd,https://apply.workable.com/theta-systems-ltd,https://apply.workable.com/api/v1/widget/accounts/theta-systems-ltd,3,observed,
workable,thetie,thetie,https://apply.workable.com/thetie,https://apply.workable.com/api/v1/widget/accounts/thetie,4,observed,
workable,thetrustees,thetrustees,https://apply.workable.com/thetrustees,https://apply.workable.com/api/v1/widget/accounts/thetrustees,24,observed,
workable,thinkshout,thinkshout,https://apply.workable.com/thinkshout,https://apply.workable.com/api/v1/widget/accounts/thinkshout,0,observed,
workable,thisisgain,thisisgain,https://apply.workable.com/thisisgain,https://apply.workable.com/api/v1/widget/accounts/thisisgain,6,observed,
workable,thisway,thisway,https://apply.workable.com/thisway,https://apply.workable.com/api/v1/widget/accounts/thisway,18,observed,
workable,thrivemetrics,thrivemetrics,https://apply.workable.com/thrivemetrics,https://apply.workable.com/api/v1/widget/accounts/thrivemetrics,1,observed,
workable,tiger-analytics,tiger-analytics,https://apply.workable.com/tiger-analytics,https://apply.workable.com/api/v1/widget/accounts/tiger-analytics,171,observed,
workable,tilt-creative-production,tilt-creative-production,https://apply.workable.com/tilt-creative-production,https://apply.workable.com/api/v1/widget/accounts/tilt-creative-production,1,observed,
workable,timescapes-co,timescapes-co,https://apply.workable.com/timescapes-co,https://apply.workable.com/api/v1/widget/accounts/timescapes-co,5,observed,
workable,tint,tint,https://apply.workable.com/tint,https://apply.workable.com/api/v1/widget/accounts/tint,1,observed,
workable,titos-handmade-vodka,titos-handmade-vodka,https://apply.workable.com/titos-handmade-vodka,https://apply.workable.com/api/v1/widget/accounts/titos-handmade-vodka,7,observed,
workable,tjm-labs-1,tjm-labs-1,https://apply.workable.com/tjm-labs-1,https://apply.workable.com/api/v1/widget/accounts/tjm-labs-1,7,observed,
workable,tmeic-corporation-americas,tmeic-corporation-americas,https://apply.workable.com/tmeic-corporation-americas,https://apply.workable.com/api/v1/widget/accounts/tmeic-corporation-americas,36,observed,
workable,today,today,https://apply.workable.com/today,https://apply.workable.com/api/v1/widget/accounts/today,2,observed,
workable,tokamak-energy,tokamak-energy,https://apply.workable.com/tokamak-energy,https://apply.workable.com/api/v1/widget/accounts/tokamak-energy,5,observed,
workable,toloka-ai,toloka-ai,https://apply.workable.com/toloka-ai,https://apply.workable.com/api/v1/widget/accounts/toloka-ai,91,observed,
workable,toloka-annotators,toloka-annotators,https://apply.workable.com/toloka-annotators,https://apply.workable.com/api/v1/widget/accounts/toloka-annotators,0,observed,
workable,tomoro-ai,tomoro-ai,https://apply.workable.com/tomoro-ai,https://apply.workable.com/api/v1/widget/accounts/tomoro-ai,1,observed,
workable,topoteretes-ug-haftungsbeschrankt,topoteretes-ug-haftungsbeschrankt,https://apply.workable.com/topoteretes-ug-haftungsbeschrankt,https://apply.workable.com/api/v1/widget/accounts/topoteretes-ug-haftungsbeschrankt,4,observed,
workable,town-web,town-web,https://apply.workable.com/town-web,https://apply.workable.com/api/v1/widget/accounts/town-web,5,observed,
workable,toyota-financial-services,toyota-financial-services,https://apply.workable.com/toyota-financial-services,https://apply.workable.com/api/v1/widget/accounts/toyota-financial-services,6,observed,
workable,tp-link-usa-corp,tp-link-usa-corp,https://apply.workable.com/tp-link-usa-corp,https://apply.workable.com/api/v1/widget/accounts/tp-link-usa-corp,82,observed,
workable,tpapt,tpapt,https://apply.workable.com/tpapt,https://apply.workable.com/api/v1/widget/accounts/tpapt,17,observed,
workable,trailofbits,trailofbits,https://apply.workable.com/trailofbits,https://apply.workable.com/api/v1/widget/accounts/trailofbits,8,observed,
workable,treatwell,treatwell,https://apply.workable.com/treatwell,https://apply.workable.com/api/v1/widget/accounts/treatwell,86,observed,
workable,tresata,tresata,https://apply.workable.com/tresata,https://apply.workable.com/api/v1/widget/accounts/tresata,1,observed,
workable,trexquant,trexquant,https://apply.workable.com/trexquant,https://apply.workable.com/api/v1/widget/accounts/trexquant,34,observed,
workable,triagestaffing,triagestaffing,https://apply.workable.com/triagestaffing,https://apply.workable.com/api/v1/widget/accounts/triagestaffing,2,observed,
workable,triathlon-group,triathlon-group,https://apply.workable.com/triathlon-group,https://apply.workable.com/api/v1/widget/accounts/triathlon-group,23,observed,
workable,trinetix,trinetix,https://apply.workable.com/trinetix,https://apply.workable.com/api/v1/widget/accounts/trinetix,11,observed,
workable,trinnylondon,trinnylondon,https://apply.workable.com/trinnylondon,https://apply.workable.com/api/v1/widget/accounts/trinnylondon,34,observed,
workable,trio-scs,trio-scs,https://apply.workable.com/trio-scs,https://apply.workable.com/api/v1/widget/accounts/trio-scs,5,observed,
workable,triptease,triptease,https://apply.workable.com/triptease,https://apply.workable.com/api/v1/widget/accounts/triptease,5,observed,
workable,triskele-labs,triskele-labs,https://apply.workable.com/triskele-labs,https://apply.workable.com/api/v1/widget/accounts/triskele-labs,5,observed,
workable,trivium,trivium,https://apply.workable.com/trivium,https://apply.workable.com/api/v1/widget/accounts/trivium,14,observed,
workable,trocaire,trocaire,https://apply.workable.com/trocaire,https://apply.workable.com/api/v1/widget/accounts/trocaire,6,observed,
workable,trueloyal,trueloyal,https://apply.workable.com/trueloyal,https://apply.workable.com/api/v1/widget/accounts/trueloyal,3,observed,
workable,trybe-2,trybe-2,https://apply.workable.com/trybe-2,https://apply.workable.com/api/v1/widget/accounts/trybe-2,1,observed,
workable,tryzensglobal,tryzensglobal,https://apply.workable.com/tryzensglobal,https://apply.workable.com/api/v1/widget/accounts/tryzensglobal,14,observed,
workable,tutor-me-education-1,tutor-me-education-1,https://apply.workable.com/tutor-me-education-1,https://apply.workable.com/api/v1/widget/accounts/tutor-me-education-1,152,observed,
workable,tutoredbyteachers,tutoredbyteachers,https://apply.workable.com/tutoredbyteachers,https://apply.workable.com/api/v1/widget/accounts/tutoredbyteachers,24,observed,
workable,tvg-hospitality,tvg-hospitality,https://apply.workable.com/tvg-hospitality,https://apply.workable.com/api/v1/widget/accounts/tvg-hospitality,2,observed,
workable,two95-international-inc-3,two95-international-inc-3,https://apply.workable.com/two95-international-inc-3,https://apply.workable.com/api/v1/widget/accounts/two95-international-inc-3,673,observed,
workable,twocircles,twocircles,https://apply.workable.com/twocircles,https://apply.workable.com/api/v1/widget/accounts/twocircles,34,observed,
workable,twoconnect-careers,twoconnect-careers,https://apply.workable.com/twoconnect-careers,https://apply.workable.com/api/v1/widget/accounts/twoconnect-careers,42,observed,
workable,twosense,twosense,https://apply.workable.com/twosense,https://apply.workable.com/api/v1/widget/accounts/twosense,0,observed,
workable,tyk-technologies,tyk-technologies,https://apply.workable.com/tyk-technologies,https://apply.workable.com/api/v1/widget/accounts/tyk-technologies,8,observed,
workable,u-drive,u-drive,https://apply.workable.com/u-drive,https://apply.workable.com/api/v1/widget/accounts/u-drive,9,observed,
workable,u-value-insulation,u-value-insulation,https://apply.workable.com/u-value-insulation,https://apply.workable.com/api/v1/widget/accounts/u-value-insulation,16,observed,
workable,ucfp,ucfp,https://apply.workable.com/ucfp,https://apply.workable.com/api/v1/widget/accounts/ucfp,5,observed,
workable,uk-private-capital,uk-private-capital,https://apply.workable.com/uk-private-capital,https://apply.workable.com/api/v1/widget/accounts/uk-private-capital,0,observed,
workable,ultimate-knowledge,ultimate-knowledge,https://apply.workable.com/ultimate-knowledge,https://apply.workable.com/api/v1/widget/accounts/ultimate-knowledge,2,observed,
workable,ultimateperformance,ultimateperformance,https://apply.workable.com/ultimateperformance,https://apply.workable.com/api/v1/widget/accounts/ultimateperformance,17,observed,
workable,umed,umed,https://apply.workable.com/umed,https://apply.workable.com/api/v1/widget/accounts/umed,1,observed,
workable,umoja-community-education-foundation,umoja-community-education-foundation,https://apply.workable.com/umoja-community-education-foundation,https://apply.workable.com/api/v1/widget/accounts/umoja-community-education-foundation,0,observed,
workable,umpisa-inc,umpisa-inc,https://apply.workable.com/umpisa-inc,https://apply.workable.com/api/v1/widget/accounts/umpisa-inc,30,observed,
workable,unblu,unblu,https://apply.workable.com/unblu,https://apply.workable.com/api/v1/widget/accounts/unblu,2,observed,
workable,uncapped,uncapped,https://apply.workable.com/uncapped,https://apply.workable.com/api/v1/widget/accounts/uncapped,5,observed,
workable,uni-systems,uni-systems,https://apply.workable.com/uni-systems,https://apply.workable.com/api/v1/widget/accounts/uni-systems,24,observed,
workable,unifiedpatents,unifiedpatents,https://apply.workable.com/unifiedpatents,https://apply.workable.com/api/v1/widget/accounts/unifiedpatents,3,observed,
workable,unifize,unifize,https://apply.workable.com/unifize,https://apply.workable.com/api/v1/widget/accounts/unifize,7,observed,
workable,unilabs,unilabs,https://apply.workable.com/unilabs,https://apply.workable.com/api/v1/widget/accounts/unilabs,22,observed,
workable,union-of-concerned-scientists,union-of-concerned-scientists,https://apply.workable.com/union-of-concerned-scientists,https://apply.workable.com/api/v1/widget/accounts/union-of-concerned-scientists,1,observed,
workable,unit8,unit8,https://apply.workable.com/unit8,https://apply.workable.com/api/v1/widget/accounts/unit8,17,observed,
workable,unitary,unitary,https://apply.workable.com/unitary,https://apply.workable.com/api/v1/widget/accounts/unitary,7,observed,
workable,uniteamerica,uniteamerica,https://apply.workable.com/uniteamerica,https://apply.workable.com/api/v1/widget/accounts/uniteamerica,5,observed,
workable,unitedplacementgroup,unitedplacementgroup,https://apply.workable.com/unitedplacementgroup,https://apply.workable.com/api/v1/widget/accounts/unitedplacementgroup,34,observed,
workable,unum-1,unum-1,https://apply.workable.com/unum-1,https://apply.workable.com/api/v1/widget/accounts/unum-1,1,observed,
workable,updraft,updraft,https://apply.workable.com/updraft,https://apply.workable.com/api/v1/widget/accounts/updraft,4,observed,
workable,upkoi-inc,upkoi-inc,https://apply.workable.com/upkoi-inc,https://apply.workable.com/api/v1/widget/accounts/upkoi-inc,1,observed,
workable,upsmith-1,upsmith-1,https://apply.workable.com/upsmith-1,https://apply.workable.com/api/v1/widget/accounts/upsmith-1,3,observed,
workable,upstream,upstream,https://apply.workable.com/upstream,https://apply.workable.com/api/v1/widget/accounts/upstream,12,observed,
workable,uptalent-dot-i-o,uptalent-dot-i-o,https://apply.workable.com/uptalent-dot-i-o,https://apply.workable.com/api/v1/widget/accounts/uptalent-dot-i-o,690,observed,
workable,urban-grid-solar-projects,urban-grid-solar-projects,https://apply.workable.com/urban-grid-solar-projects,https://apply.workable.com/api/v1/widget/accounts/urban-grid-solar-projects,9,observed,
workable,urgent-action-fund-fa,urgent-action-fund-fa,https://apply.workable.com/urgent-action-fund-fa,https://apply.workable.com/api/v1/widget/accounts/urgent-action-fund-fa,1,observed,
workable,usercentrics,usercentrics,https://apply.workable.com/usercentrics,https://apply.workable.com/api/v1/widget/accounts/usercentrics,23,observed,
workable,ustapnw,ustapnw,https://apply.workable.com/ustapnw,https://apply.workable.com/api/v1/widget/accounts/ustapnw,13,observed,
workable,utopia-life-worth-living,utopia-life-worth-living,https://apply.workable.com/utopia-life-worth-living,https://apply.workable.com/api/v1/widget/accounts/utopia-life-worth-living,45,observed,
workable,uworld,uworld,https://apply.workable.com/uworld,https://apply.workable.com/api/v1/widget/accounts/uworld,42,observed,
workable,v2-ai,v2-ai,https://apply.workable.com/v2-ai,https://apply.workable.com/api/v1/widget/accounts/v2-ai,5,observed,
workable,valard-construction-lp,valard-construction-lp,https://apply.workable.com/valard-construction-lp,https://apply.workable.com/api/v1/widget/accounts/valard-construction-lp,50,observed,
workable,valatam,valatam,https://apply.workable.com/valatam,https://apply.workable.com/api/v1/widget/accounts/valatam,16,observed,
workable,validus-risk-management,validus-risk-management,https://apply.workable.com/validus-risk-management,https://apply.workable.com/api/v1/widget/accounts/validus-risk-management,7,observed,
workable,valneva,valneva,https://apply.workable.com/valneva,https://apply.workable.com/api/v1/widget/accounts/valneva,9,observed,
workable,valsoft-corp,valsoft-corp,https://apply.workable.com/valsoft-corp,https://apply.workable.com/api/v1/widget/accounts/valsoft-corp,226,observed,
workable,valutico-2,valutico-2,https://apply.workable.com/valutico-2,https://apply.workable.com/api/v1/widget/accounts/valutico-2,9,observed,
workable,vatica-health,vatica-health,https://apply.workable.com/vatica-health,https://apply.workable.com/api/v1/widget/accounts/vatica-health,14,observed,
workable,vault-consulting-1,vault-consulting-1,https://apply.workable.com/vault-consulting-1,https://apply.workable.com/api/v1/widget/accounts/vault-consulting-1,1,observed,
workable,vbp,vbp,https://apply.workable.com/vbp,https://apply.workable.com/api/v1/widget/accounts/vbp,22,observed,
workable,vecten,vecten,https://apply.workable.com/vecten,https://apply.workable.com/api/v1/widget/accounts/vecten,7,observed,
workable,vectoratomic,vectoratomic,https://apply.workable.com/vectoratomic,https://apply.workable.com/api/v1/widget/accounts/vectoratomic,12,observed,
workable,vectornav,vectornav,https://apply.workable.com/vectornav,https://apply.workable.com/api/v1/widget/accounts/vectornav,1,observed,
workable,vego-garden-1,vego-garden-1,https://apply.workable.com/vego-garden-1,https://apply.workable.com/api/v1/widget/accounts/vego-garden-1,6,observed,
workable,velanstudios,velanstudios,https://apply.workable.com/velanstudios,https://apply.workable.com/api/v1/widget/accounts/velanstudios,3,observed,
workable,velociti-solutions,velociti-solutions,https://apply.workable.com/velociti-solutions,https://apply.workable.com/api/v1/widget/accounts/velociti-solutions,1,observed,
workable,velsera,velsera,https://apply.workable.com/velsera,https://apply.workable.com/api/v1/widget/accounts/velsera,9,observed,
workable,ventrata,ventrata,https://apply.workable.com/ventrata,https://apply.workable.com/api/v1/widget/accounts/ventrata,1,observed,
workable,veracross,veracross,https://apply.workable.com/veracross,https://apply.workable.com/api/v1/widget/accounts/veracross,8,observed,
workable,veritree,veritree,https://apply.workable.com/veritree,https://apply.workable.com/api/v1/widget/accounts/veritree,8,observed,
workable,vero-hr-ltd,vero-hr-ltd,https://apply.workable.com/vero-hr-ltd,https://apply.workable.com/api/v1/widget/accounts/vero-hr-ltd,32,observed,
workable,ververica,ververica,https://apply.workable.com/ververica,https://apply.workable.com/api/v1/widget/accounts/ververica,2,observed,
workable,vessev,vessev,https://apply.workable.com/vessev,https://apply.workable.com/api/v1/widget/accounts/vessev,5,observed,
workable,vestahome,vestahome,https://apply.workable.com/vestahome,https://apply.workable.com/api/v1/widget/accounts/vestahome,25,observed,
workable,viasun,viasun,https://apply.workable.com/viasun,https://apply.workable.com/api/v1/widget/accounts/viasun,6,observed,
workable,victory-home-remodeling,victory-home-remodeling,https://apply.workable.com/victory-home-remodeling,https://apply.workable.com/api/v1/widget/accounts/victory-home-remodeling,15,observed,
workable,vikos,vikos,https://apply.workable.com/vikos,https://apply.workable.com/api/v1/widget/accounts/vikos,10,observed,
workable,villagechurch,villagechurch,https://apply.workable.com/villagechurch,https://apply.workable.com/api/v1/widget/accounts/villagechurch,3,observed,
workable,villagereachcareers,villagereachcareers,https://apply.workable.com/villagereachcareers,https://apply.workable.com/api/v1/widget/accounts/villagereachcareers,15,observed,
workable,vinmar-international,vinmar-international,https://apply.workable.com/vinmar-international,https://apply.workable.com/api/v1/widget/accounts/vinmar-international,18,observed,
workable,vironix-ai,vironix-ai,https://apply.workable.com/vironix-ai,https://apply.workable.com/api/v1/widget/accounts/vironix-ai,8,observed,
workable,virtual-staff-365,virtual-staff-365,https://apply.workable.com/virtual-staff-365,https://apply.workable.com/api/v1/widget/accounts/virtual-staff-365,26,observed,
workable,virtuestaff,virtuestaff,https://apply.workable.com/virtuestaff,https://apply.workable.com/api/v1/widget/accounts/virtuestaff,7,observed,
workable,virtuhire,virtuhire,https://apply.workable.com/virtuhire,https://apply.workable.com/api/v1/widget/accounts/virtuhire,109,observed,
workable,visioneers,visioneers,https://apply.workable.com/visioneers,https://apply.workable.com/api/v1/widget/accounts/visioneers,29,observed,
workable,visit,visit,https://apply.workable.com/visit,https://apply.workable.com/api/v1/widget/accounts/visit,50,observed,
workable,visium,visium,https://apply.workable.com/visium,https://apply.workable.com/api/v1/widget/accounts/visium,20,observed,
workable,vista-group,vista-group,https://apply.workable.com/vista-group,https://apply.workable.com/api/v1/widget/accounts/vista-group,21,observed,
workable,vita-green,vita-green,https://apply.workable.com/vita-green,https://apply.workable.com/api/v1/widget/accounts/vita-green,10,observed,
workable,vitabiotics,vitabiotics,https://apply.workable.com/vitabiotics,https://apply.workable.com/api/v1/widget/accounts/vitabiotics,6,observed,
workable,viva,viva,https://apply.workable.com/viva,https://apply.workable.com/api/v1/widget/accounts/viva,46,observed,
workable,vivo-energy,vivo-energy,https://apply.workable.com/vivo-energy,https://apply.workable.com/api/v1/widget/accounts/vivo-energy,22,observed,
workable,vix-technology,vix-technology,https://apply.workable.com/vix-technology,https://apply.workable.com/api/v1/widget/accounts/vix-technology,23,observed,
workable,vizrt,vizrt,https://apply.workable.com/vizrt,https://apply.workable.com/api/v1/widget/accounts/vizrt,1,observed,
workable,vogelsang,vogelsang,https://apply.workable.com/vogelsang,https://apply.workable.com/api/v1/widget/accounts/vogelsang,3,observed,
workable,volga-partners,volga-partners,https://apply.workable.com/volga-partners,https://apply.workable.com/api/v1/widget/accounts/volga-partners,81,observed,
workable,vomela,vomela,https://apply.workable.com/vomela,https://apply.workable.com/api/v1/widget/accounts/vomela,43,observed,
workable,vortexa,vortexa,https://apply.workable.com/vortexa,https://apply.workable.com/api/v1/widget/accounts/vortexa,10,observed,
workable,vouched,vouched,https://apply.workable.com/vouched,https://apply.workable.com/api/v1/widget/accounts/vouched,3,observed,
workable,voyago,voyago,https://apply.workable.com/voyago,https://apply.workable.com/api/v1/widget/accounts/voyago,39,observed,
workable,waad-education,waad-education,https://apply.workable.com/waad-education,https://apply.workable.com/api/v1/widget/accounts/waad-education,13,observed,
workable,walaris,walaris,https://apply.workable.com/walaris,https://apply.workable.com/api/v1/widget/accounts/walaris,4,observed,
workable,walletconnect,walletconnect,https://apply.workable.com/walletconnect,https://apply.workable.com/api/v1/widget/accounts/walletconnect,0,observed,
workable,warden-ai,warden-ai,https://apply.workable.com/warden-ai,https://apply.workable.com/api/v1/widget/accounts/warden-ai,5,observed,
workable,wateraid,wateraid,https://apply.workable.com/wateraid,https://apply.workable.com/api/v1/widget/accounts/wateraid,4,observed,
workable,wati-dot-i-o,wati-dot-i-o,https://apply.workable.com/wati-dot-i-o,https://apply.workable.com/api/v1/widget/accounts/wati-dot-i-o,71,observed,
workable,we-are-nature,we-are-nature,https://apply.workable.com/we-are-nature,https://apply.workable.com/api/v1/widget/accounts/we-are-nature,0,observed,
workable,we-are-social-1,we-are-social-1,https://apply.workable.com/we-are-social-1,https://apply.workable.com/api/v1/widget/accounts/we-are-social-1,57,observed,
workable,we-planet,we-planet,https://apply.workable.com/we-planet,https://apply.workable.com/api/v1/widget/accounts/we-planet,0,observed,
workable,wearenoble,wearenoble,https://apply.workable.com/wearenoble,https://apply.workable.com/api/v1/widget/accounts/wearenoble,1,observed,
workable,wearewqa,wearewqa,https://apply.workable.com/wearewqa,https://apply.workable.com/api/v1/widget/accounts/wearewqa,1,observed,
workable,webitservices,webitservices,https://apply.workable.com/webitservices,https://apply.workable.com/api/v1/widget/accounts/webitservices,2,observed,
workable,webprops,webprops,https://apply.workable.com/webprops,https://apply.workable.com/api/v1/widget/accounts/webprops,3,observed,
workable,webranking,webranking,https://apply.workable.com/webranking,https://apply.workable.com/api/v1/widget/accounts/webranking,10,observed,
workable,wecloneyou,wecloneyou,https://apply.workable.com/wecloneyou,https://apply.workable.com/api/v1/widget/accounts/wecloneyou,12,observed,
workable,weekday-1,weekday-1,https://apply.workable.com/weekday-1,https://apply.workable.com/api/v1/widget/accounts/weekday-1,758,observed,
workable,wellscoleman,wellscoleman,https://apply.workable.com/wellscoleman,https://apply.workable.com/api/v1/widget/accounts/wellscoleman,3,observed,
workable,werkenbijcpm,werkenbijcpm,https://apply.workable.com/werkenbijcpm,https://apply.workable.com/api/v1/widget/accounts/werkenbijcpm,20,observed,
workable,west-wing-writers,west-wing-writers,https://apply.workable.com/west-wing-writers,https://apply.workable.com/api/v1/widget/accounts/west-wing-writers,1,observed,
workable,westborough-behavioral-healthcare-hospital-1,westborough-behavioral-healthcare-hospital-1,https://apply.workable.com/westborough-behavioral-healthcare-hospital-1,https://apply.workable.com/api/v1/widget/accounts/westborough-behavioral-healthcare-hospital-1,15,observed,
workable,westfalia-fruit,westfalia-fruit,https://apply.workable.com/westfalia-fruit,https://apply.workable.com/api/v1/widget/accounts/westfalia-fruit,8,observed,
workable,whiteboardadvisors,whiteboardadvisors,https://apply.workable.com/whiteboardadvisors,https://apply.workable.com/api/v1/widget/accounts/whiteboardadvisors,1,observed,
workable,whitecollarshrm,whitecollarshrm,https://apply.workable.com/whitecollarshrm,https://apply.workable.com/api/v1/widget/accounts/whitecollarshrm,32,observed,
workable,whiteshield,whiteshield,https://apply.workable.com/whiteshield,https://apply.workable.com/api/v1/widget/accounts/whiteshield,8,observed,
workable,whizz,whizz,https://apply.workable.com/whizz,https://apply.workable.com/api/v1/widget/accounts/whizz,81,observed,
workable,wider-circle,wider-circle,https://apply.workable.com/wider-circle,https://apply.workable.com/api/v1/widget/accounts/wider-circle,26,observed,
workable,wifinity-4,wifinity-4,https://apply.workable.com/wifinity-4,https://apply.workable.com/api/v1/widget/accounts/wifinity-4,6,observed,
workable,wildlife-works,wildlife-works,https://apply.workable.com/wildlife-works,https://apply.workable.com/api/v1/widget/accounts/wildlife-works,1,observed,
workable,willett-distillery,willett-distillery,https://apply.workable.com/willett-distillery,https://apply.workable.com/api/v1/widget/accounts/willett-distillery,3,observed,
workable,wilmington-design,wilmington-design,https://apply.workable.com/wilmington-design,https://apply.workable.com/api/v1/widget/accounts/wilmington-design,3,observed,
workable,winning-assistants,winning-assistants,https://apply.workable.com/winning-assistants,https://apply.workable.com/api/v1/widget/accounts/winning-assistants,29,observed,
workable,winnow,winnow,https://apply.workable.com/winnow,https://apply.workable.com/api/v1/widget/accounts/winnow,2,observed,
workable,wintech,wintech,https://apply.workable.com/wintech,https://apply.workable.com/api/v1/widget/accounts/wintech,3,observed,
workable,winthrop-technologies,winthrop-technologies,https://apply.workable.com/winthrop-technologies,https://apply.workable.com/api/v1/widget/accounts/winthrop-technologies,222,observed,
workable,wisedocs-ai,wisedocs-ai,https://apply.workable.com/wisedocs-ai,https://apply.workable.com/api/v1/widget/accounts/wisedocs-ai,0,observed,
workable,with-intelligence,with-intelligence,https://apply.workable.com/with-intelligence,https://apply.workable.com/api/v1/widget/accounts/with-intelligence,1,observed,
workable,withings,withings,https://apply.workable.com/withings,https://apply.workable.com/api/v1/widget/accounts/withings,28,observed,
workable,withplum,withplum,https://apply.workable.com/withplum,https://apply.workable.com/api/v1/widget/accounts/withplum,17,observed,
workable,wmpcompanies,wmpcompanies,https://apply.workable.com/wmpcompanies,https://apply.workable.com/api/v1/widget/accounts/wmpcompanies,10,observed,
workable,wolfandbadger,wolfandbadger,https://apply.workable.com/wolfandbadger,https://apply.workable.com/api/v1/widget/accounts/wolfandbadger,5,observed,
workable,wonderbly,wonderbly,https://apply.workable.com/wonderbly,https://apply.workable.com/api/v1/widget/accounts/wonderbly,3,observed,
workable,woodfibre-management-limited,woodfibre-management-limited,https://apply.workable.com/woodfibre-management-limited,https://apply.workable.com/api/v1/widget/accounts/woodfibre-management-limited,36,observed,
workable,worcestershire-county-cricket-club,worcestershire-county-cricket-club,https://apply.workable.com/worcestershire-county-cricket-club,https://apply.workable.com/api/v1/widget/accounts/worcestershire-county-cricket-club,2,observed,
workable,word-is-bond,word-is-bond,https://apply.workable.com/word-is-bond,https://apply.workable.com/api/v1/widget/accounts/word-is-bond,0,observed,
workable,work-at-golf-ranch,work-at-golf-ranch,https://apply.workable.com/work-at-golf-ranch,https://apply.workable.com/api/v1/widget/accounts/work-at-golf-ranch,16,observed,
workable,workana-premium,workana-premium,https://apply.workable.com/workana-premium,https://apply.workable.com/api/v1/widget/accounts/workana-premium,163,observed,
workable,workbox-company,workbox-company,https://apply.workable.com/workbox-company,https://apply.workable.com/api/v1/widget/accounts/workbox-company,1,observed,
workable,workman-llp,workman-llp,https://apply.workable.com/workman-llp,https://apply.workable.com/api/v1/widget/accounts/workman-llp,31,observed,
workable,workmotion,workmotion,https://apply.workable.com/workmotion,https://apply.workable.com/api/v1/widget/accounts/workmotion,9,observed,
workable,worknomads,worknomads,https://apply.workable.com/worknomads,https://apply.workable.com/api/v1/widget/accounts/worknomads,12,observed,
workable,workstate,workstate,https://apply.workable.com/workstate,https://apply.workable.com/api/v1/widget/accounts/workstate,4,observed,
workable,world-central-kitchen,world-central-kitchen,https://apply.workable.com/world-central-kitchen,https://apply.workable.com/api/v1/widget/accounts/world-central-kitchen,6,observed,
workable,worldfish,worldfish,https://apply.workable.com/worldfish,https://apply.workable.com/api/v1/widget/accounts/worldfish,6,observed,
workable,worldwide-machinery,worldwide-machinery,https://apply.workable.com/worldwide-machinery,https://apply.workable.com/api/v1/widget/accounts/worldwide-machinery,10,observed,
workable,worthai,worthai,https://apply.workable.com/worthai,https://apply.workable.com/api/v1/widget/accounts/worthai,8,observed,
workable,worthen-industries,worthen-industries,https://apply.workable.com/worthen-industries,https://apply.workable.com/api/v1/widget/accounts/worthen-industries,2,observed,
workable,woundlocalcareers,woundlocalcareers,https://apply.workable.com/woundlocalcareers,https://apply.workable.com/api/v1/widget/accounts/woundlocalcareers,16,observed,
workable,wowza-media-systems,wowza-media-systems,https://apply.workable.com/wowza-media-systems,https://apply.workable.com/api/v1/widget/accounts/wowza-media-systems,3,observed,
workable,wpt-global,wpt-global,https://apply.workable.com/wpt-global,https://apply.workable.com/api/v1/widget/accounts/wpt-global,1,observed,
workable,writesonic,writesonic,https://apply.workable.com/writesonic,https://apply.workable.com/api/v1/widget/accounts/writesonic,6,observed,
workable,xcelirate,xcelirate,https://apply.workable.com/xcelirate,https://apply.workable.com/api/v1/widget/accounts/xcelirate,1,observed,
workable,xcellink,xcellink,https://apply.workable.com/xcellink,https://apply.workable.com/api/v1/widget/accounts/xcellink,200,observed,
workable,xenon7,xenon7,https://apply.workable.com/xenon7,https://apply.workable.com/api/v1/widget/accounts/xenon7,13,observed,
workable,xolo-careers,xolo-careers,https://apply.workable.com/xolo-careers,https://apply.workable.com/api/v1/widget/accounts/xolo-careers,6,observed,
workable,xora-innovation,xora-innovation,https://apply.workable.com/xora-innovation,https://apply.workable.com/api/v1/widget/accounts/xora-innovation,7,observed,
workable,xponentiate,xponentiate,https://apply.workable.com/xponentiate,https://apply.workable.com/api/v1/widget/accounts/xponentiate,34,observed,
workable,xtm,xtm,https://apply.workable.com/xtm,https://apply.workable.com/api/v1/widget/accounts/xtm,9,observed,
workable,yelm-us-associates,yelm-us-associates,https://apply.workable.com/yelm-us-associates,https://apply.workable.com/api/v1/widget/accounts/yelm-us-associates,14,observed,
workable,yodeck,yodeck,https://apply.workable.com/yodeck,https://apply.workable.com/api/v1/widget/accounts/yodeck,12,observed,
workable,yourhero-douleutaras,yourhero-douleutaras,https://apply.workable.com/yourhero-douleutaras,https://apply.workable.com/api/v1/widget/accounts/yourhero-douleutaras,2,observed,
workable,zaelab,zaelab,https://apply.workable.com/zaelab,https://apply.workable.com/api/v1/widget/accounts/zaelab,12,observed,
workable,zaintech,zaintech,https://apply.workable.com/zaintech,https://apply.workable.com/api/v1/widget/accounts/zaintech,11,observed,
workable,zealgroup,zealgroup,https://apply.workable.com/zealgroup,https://apply.workable.com/api/v1/widget/accounts/zealgroup,59,observed,
workable,zego,zego,https://apply.workable.com/zego,https://apply.workable.com/api/v1/widget/accounts/zego,0,observed,
workable,zen-sherpa-llc,zen-sherpa-llc,https://apply.workable.com/zen-sherpa-llc,https://apply.workable.com/api/v1/widget/accounts/zen-sherpa-llc,8,observed,
workable,zendbox,zendbox,https://apply.workable.com/zendbox,https://apply.workable.com/api/v1/widget/accounts/zendbox,10,observed,
workable,zeptolab,zeptolab,https://apply.workable.com/zeptolab,https://apply.workable.com/api/v1/widget/accounts/zeptolab,4,observed,
workable,zero100,zero100,https://apply.workable.com/zero100,https://apply.workable.com/api/v1/widget/accounts/zero100,1,observed,
workable,zeroavia,zeroavia,https://apply.workable.com/zeroavia,https://apply.workable.com/api/v1/widget/accounts/zeroavia,11,observed,
workable,zeya,zeya,https://apply.workable.com/zeya,https://apply.workable.com/api/v1/widget/accounts/zeya,4,observed,
workable,zicasso,zicasso,https://apply.workable.com/zicasso,https://apply.workable.com/api/v1/widget/accounts/zicasso,6,observed,
workable,zifo,zifo,https://apply.workable.com/zifo,https://apply.workable.com/api/v1/widget/accounts/zifo,38,observed,
workable,zincnetwork,zincnetwork,https://apply.workable.com/zincnetwork,https://apply.workable.com/api/v1/widget/accounts/zincnetwork,7,observed,
workable,zipdev,zipdev,https://apply.workable.com/zipdev,https://apply.workable.com/api/v1/widget/accounts/zipdev,10,observed,
workable,zirtual-llc,zirtual-llc,https://apply.workable.com/zirtual-llc,https://apply.workable.com/api/v1/widget/accounts/zirtual-llc,6,observed,
workable,zoomo,zoomo,https://apply.workable.com/zoomo,https://apply.workable.com/api/v1/widget/accounts/zoomo,3,observed,
workable,zyte,zyte,https://apply.workable.com/zyte,https://apply.workable.com/api/v1/widget/accounts/zyte,8,observed,
