platform,token,company,board_url,api_url,open_roles,count_basis,region
workday,wd1/2020companies/External_Careers,2020companies,https://2020companies.wd1.myworkdayjobs.com/External_Careers,https://2020companies.wd1.myworkdayjobs.com/wday/cxs/2020companies/External_Careers/jobs,1322,vendor,
workday,wd1/3m/Search,3m,https://3m.wd1.myworkdayjobs.com/Search,https://3m.wd1.myworkdayjobs.com/wday/cxs/3m/Search/jobs,718,vendor,
workday,wd1/aba/ABA,aba,https://aba.wd1.myworkdayjobs.com/ABA,https://aba.wd1.myworkdayjobs.com/wday/cxs/aba/ABA/jobs,12,vendor,
workday,wd1/abglobal/alliancebernsteincareers,abglobal,https://abglobal.wd1.myworkdayjobs.com/alliancebernsteincareers,https://abglobal.wd1.myworkdayjobs.com/wday/cxs/abglobal/alliancebernsteincareers/jobs,95,vendor,
workday,wd1/academy/Careers,academy,https://academy.wd1.myworkdayjobs.com/Careers,https://academy.wd1.myworkdayjobs.com/wday/cxs/academy/Careers/jobs,885,vendor,
workday,wd1/acehardware/External,acehardware,https://acehardware.wd1.myworkdayjobs.com/External,https://acehardware.wd1.myworkdayjobs.com/wday/cxs/acehardware/External/jobs,159,vendor,
workday,wd1/acelero/ShineEarlyLearningCareers,acelero,https://acelero.wd1.myworkdayjobs.com/ShineEarlyLearningCareers,https://acelero.wd1.myworkdayjobs.com/wday/cxs/acelero/ShineEarlyLearningCareers/jobs,30,vendor,
workday,wd1/acrisure/Acrisure,acrisure,https://acrisure.wd1.myworkdayjobs.com/Acrisure,https://acrisure.wd1.myworkdayjobs.com/wday/cxs/acrisure/Acrisure/jobs,214,vendor,
workday,wd1/acrt/ACRT_Careers,acrt,https://acrt.wd1.myworkdayjobs.com/ACRT_Careers,https://acrt.wd1.myworkdayjobs.com/wday/cxs/acrt/ACRT_Careers/jobs,41,vendor,
workday,wd1/adventisthealthcare/AdventistHealthCareCareers,adventisthealthcare,https://adventisthealthcare.wd1.myworkdayjobs.com/AdventistHealthCareCareers,https://adventisthealthcare.wd1.myworkdayjobs.com/wday/cxs/adventisthealthcare/AdventistHealthCareCareers/jobs,439,vendor,
workday,wd1/advisorgroup/Advisor_Career_Site,advisorgroup,https://advisorgroup.wd1.myworkdayjobs.com/Advisor_Career_Site,https://advisorgroup.wd1.myworkdayjobs.com/wday/cxs/advisorgroup/Advisor_Career_Site/jobs,67,vendor,
workday,wd1/aenetworks/AE-Careers,aenetworks,https://aenetworks.wd1.myworkdayjobs.com/AE-Careers,https://aenetworks.wd1.myworkdayjobs.com/wday/cxs/aenetworks/AE-Careers/jobs,15,vendor,
workday,wd1/aep/AEPCareerSite,aep,https://aep.wd1.myworkdayjobs.com/AEPCareerSite,https://aep.wd1.myworkdayjobs.com/wday/cxs/aep/AEPCareerSite/jobs,282,vendor,
workday,wd1/aes/AES_US,aes,https://aes.wd1.myworkdayjobs.com/AES_US,https://aes.wd1.myworkdayjobs.com/wday/cxs/aes/AES_US/jobs,150,vendor,
workday,wd1/agilonhealth/External,agilonhealth,https://agilonhealth.wd1.myworkdayjobs.com/External,https://agilonhealth.wd1.myworkdayjobs.com/wday/cxs/agilonhealth/External/jobs,9,vendor,
workday,wd1/aig/aig,aig,https://aig.wd1.myworkdayjobs.com/aig,https://aig.wd1.myworkdayjobs.com/wday/cxs/aig/aig/jobs,467,vendor,
workday,wd1/alcority/TraditionsHealth,alcority,https://alcority.wd1.myworkdayjobs.com/TraditionsHealth,https://alcority.wd1.myworkdayjobs.com/wday/cxs/alcority/TraditionsHealth/jobs,23,vendor,
workday,wd1/alliantenergy/alliant,alliantenergy,https://alliantenergy.wd1.myworkdayjobs.com/alliant,https://alliantenergy.wd1.myworkdayjobs.com/wday/cxs/alliantenergy/alliant/jobs,38,vendor,
workday,wd1/alpinephysicians/External,alpinephysicians,https://alpinephysicians.wd1.myworkdayjobs.com/External,https://alpinephysicians.wd1.myworkdayjobs.com/wday/cxs/alpinephysicians/External/jobs,95,vendor,
workday,wd1/alsacstjude/careersalsacstjude,alsacstjude,https://alsacstjude.wd1.myworkdayjobs.com/careersalsacstjude,https://alsacstjude.wd1.myworkdayjobs.com/wday/cxs/alsacstjude/careersalsacstjude/jobs,30,vendor,
workday,wd1/altamed/Careers,altamed,https://altamed.wd1.myworkdayjobs.com/Careers,https://altamed.wd1.myworkdayjobs.com/wday/cxs/altamed/Careers/jobs,293,vendor,
workday,wd1/altera/Altera,altera,https://altera.wd1.myworkdayjobs.com/Altera,https://altera.wd1.myworkdayjobs.com/wday/cxs/altera/Altera/jobs,201,vendor,
workday,wd1/alterra/MammothMountain,alterra,https://alterra.wd1.myworkdayjobs.com/MammothMountain,https://alterra.wd1.myworkdayjobs.com/wday/cxs/alterra/MammothMountain/jobs,83,vendor,
workday,wd1/amat/External,amat,https://amat.wd1.myworkdayjobs.com/External,https://amat.wd1.myworkdayjobs.com/wday/cxs/amat/External/jobs,2060,vendor,
workday,wd1/ambgroup/AMBSE,ambgroup,https://ambgroup.wd1.myworkdayjobs.com/AMBSE,https://ambgroup.wd1.myworkdayjobs.com/wday/cxs/ambgroup/AMBSE/jobs,8,vendor,
workday,wd1/ameren/External,ameren,https://ameren.wd1.myworkdayjobs.com/External,https://ameren.wd1.myworkdayjobs.com/wday/cxs/ameren/External/jobs,87,vendor,
workday,wd1/american/AU,american,https://american.wd1.myworkdayjobs.com/AU,https://american.wd1.myworkdayjobs.com/wday/cxs/american/AU/jobs,95,vendor,
workday,wd1/americanredcross/American_Red_Cross_Careers,americanredcross,https://americanredcross.wd1.myworkdayjobs.com/American_Red_Cross_Careers,https://americanredcross.wd1.myworkdayjobs.com/wday/cxs/americanredcross/American_Red_Cross_Careers/jobs,363,vendor,
workday,wd1/americanregent/American_Regent_Careers,americanregent,https://americanregent.wd1.myworkdayjobs.com/American_Regent_Careers,https://americanregent.wd1.myworkdayjobs.com/wday/cxs/americanregent/American_Regent_Careers/jobs,95,vendor,
workday,wd1/amfam/Agent-Staff,amfam,https://amfam.wd1.myworkdayjobs.com/Agent-Staff,https://amfam.wd1.myworkdayjobs.com/wday/cxs/amfam/Agent-Staff/jobs,84,vendor,
workday,wd1/amgen/Careers,amgen,https://amgen.wd1.myworkdayjobs.com/Careers,https://amgen.wd1.myworkdayjobs.com/wday/cxs/amgen/Careers/jobs,1695,vendor,
workday,wd1/amlrightsource/amlrightsource,amlrightsource,https://amlrightsource.wd1.myworkdayjobs.com/amlrightsource,https://amlrightsource.wd1.myworkdayjobs.com/wday/cxs/amlrightsource/amlrightsource/jobs,84,vendor,
workday,wd1/analogdevices/External,analogdevices,https://analogdevices.wd1.myworkdayjobs.com/External,https://analogdevices.wd1.myworkdayjobs.com/wday/cxs/analogdevices/External/jobs,844,vendor,
workday,wd1/andersonsinc/TheAndersonsCareers,andersonsinc,https://andersonsinc.wd1.myworkdayjobs.com/TheAndersonsCareers,https://andersonsinc.wd1.myworkdayjobs.com/wday/cxs/andersonsinc/TheAndersonsCareers/jobs,98,vendor,
workday,wd1/ansira/Ansira_Careers,ansira,https://ansira.wd1.myworkdayjobs.com/Ansira_Careers,https://ansira.wd1.myworkdayjobs.com/wday/cxs/ansira/Ansira_Careers/jobs,19,vendor,
workday,wd1/archgroup/careers,archgroup,https://archgroup.wd1.myworkdayjobs.com/careers,https://archgroup.wd1.myworkdayjobs.com/wday/cxs/archgroup/careers/jobs,199,vendor,
workday,wd1/archildrens/External_Career_Site,archildrens,https://archildrens.wd1.myworkdayjobs.com/External_Career_Site,https://archildrens.wd1.myworkdayjobs.com/wday/cxs/archildrens/External_Career_Site/jobs,248,vendor,
workday,wd1/arcticwolf/External,arcticwolf,https://arcticwolf.wd1.myworkdayjobs.com/External,https://arcticwolf.wd1.myworkdayjobs.com/wday/cxs/arcticwolf/External/jobs,124,vendor,
workday,wd1/aresmgmt/External,aresmgmt,https://aresmgmt.wd1.myworkdayjobs.com/External,https://aresmgmt.wd1.myworkdayjobs.com/wday/cxs/aresmgmt/External/jobs,250,vendor,
workday,wd1/argonne/Argonne_Careers,argonne,https://argonne.wd1.myworkdayjobs.com/Argonne_Careers,https://argonne.wd1.myworkdayjobs.com/wday/cxs/argonne/Argonne_Careers/jobs,93,vendor,
workday,wd1/arkbluecross/ABCBS_External_Careers,arkbluecross,https://arkbluecross.wd1.myworkdayjobs.com/ABCBS_External_Careers,https://arkbluecross.wd1.myworkdayjobs.com/wday/cxs/arkbluecross/ABCBS_External_Careers/jobs,23,vendor,
workday,wd1/armaninollp/Armanino,armaninollp,https://armaninollp.wd1.myworkdayjobs.com/Armanino,https://armaninollp.wd1.myworkdayjobs.com/wday/cxs/armaninollp/Armanino/jobs,146,vendor,
workday,wd1/arrow/AC,arrow,https://arrow.wd1.myworkdayjobs.com/AC,https://arrow.wd1.myworkdayjobs.com/wday/cxs/arrow/AC/jobs,492,vendor,
workday,wd1/asmglobal/careers,asmglobal,https://asmglobal.wd1.myworkdayjobs.com/careers,https://asmglobal.wd1.myworkdayjobs.com/wday/cxs/asmglobal/careers/jobs,2077,vendor,
workday,wd1/aspca/ASPCAWebsite,aspca,https://aspca.wd1.myworkdayjobs.com/ASPCAWebsite,https://aspca.wd1.myworkdayjobs.com/wday/cxs/aspca/ASPCAWebsite/jobs,50,vendor,
workday,wd1/associatedbank/external_careers,associatedbank,https://associatedbank.wd1.myworkdayjobs.com/external_careers,https://associatedbank.wd1.myworkdayjobs.com/wday/cxs/associatedbank/external_careers/jobs,178,vendor,
workday,wd1/assurant/Assurant_Careers,assurant,https://assurant.wd1.myworkdayjobs.com/Assurant_Careers,https://assurant.wd1.myworkdayjobs.com/wday/cxs/assurant/Assurant_Careers/jobs,130,vendor,
workday,wd1/asu/ASUStaffCareers,asu,https://asu.wd1.myworkdayjobs.com/ASUStaffCareers,https://asu.wd1.myworkdayjobs.com/wday/cxs/asu/ASUStaffCareers/jobs,123,vendor,
workday,wd1/athenahealth/External,athenahealth,https://athenahealth.wd1.myworkdayjobs.com/External,https://athenahealth.wd1.myworkdayjobs.com/wday/cxs/athenahealth/External/jobs,82,vendor,
workday,wd1/athensservices/Athens_Services,athensservices,https://athensservices.wd1.myworkdayjobs.com/Athens_Services,https://athensservices.wd1.myworkdayjobs.com/wday/cxs/athensservices/Athens_Services/jobs,48,vendor,
workday,wd1/atlanticmedia/Careers,atlanticmedia,https://atlanticmedia.wd1.myworkdayjobs.com/Careers,https://atlanticmedia.wd1.myworkdayjobs.com/wday/cxs/atlanticmedia/Careers/jobs,26,vendor,
workday,wd1/att/ATTGeneral,att,https://att.wd1.myworkdayjobs.com/ATTGeneral,https://att.wd1.myworkdayjobs.com/wday/cxs/att/ATTGeneral/jobs,1137,vendor,
workday,wd1/auroragov/Careers,auroragov,https://auroragov.wd1.myworkdayjobs.com/Careers,https://auroragov.wd1.myworkdayjobs.com/wday/cxs/auroragov/Careers/jobs,49,vendor,
workday,wd1/austincc/External,austincc,https://austincc.wd1.myworkdayjobs.com/External,https://austincc.wd1.myworkdayjobs.com/wday/cxs/austincc/External/jobs,78,vendor,
workday,wd1/autodesk/Ext,autodesk,https://autodesk.wd1.myworkdayjobs.com/Ext,https://autodesk.wd1.myworkdayjobs.com/wday/cxs/autodesk/Ext/jobs,399,vendor,
workday,wd1/availity/Availity_Careers_US,availity,https://availity.wd1.myworkdayjobs.com/Availity_Careers_US,https://availity.wd1.myworkdayjobs.com/wday/cxs/availity/Availity_Careers_US/jobs,12,vendor,
workday,wd1/avav/AVAV,avav,https://avav.wd1.myworkdayjobs.com/AVAV,https://avav.wd1.myworkdayjobs.com/wday/cxs/avav/AVAV/jobs,390,vendor,
workday,wd1/avisbudget/ABG_Careers,avisbudget,https://avisbudget.wd1.myworkdayjobs.com/ABG_Careers,https://avisbudget.wd1.myworkdayjobs.com/wday/cxs/avisbudget/ABG_Careers/jobs,551,vendor,
workday,wd1/aviva/External,aviva,https://aviva.wd1.myworkdayjobs.com/External,https://aviva.wd1.myworkdayjobs.com/wday/cxs/aviva/External/jobs,132,vendor,
workday,wd1/awe/Art_and_Wellness,awe,https://awe.wd1.myworkdayjobs.com/Art_and_Wellness,https://awe.wd1.myworkdayjobs.com/wday/cxs/awe/Art_and_Wellness/jobs,36,vendor,
workday,wd1/axcelis/Axcelis,axcelis,https://axcelis.wd1.myworkdayjobs.com/Axcelis,https://axcelis.wd1.myworkdayjobs.com/wday/cxs/axcelis/Axcelis/jobs,80,vendor,
workday,wd1/axiscapital/axiscareers,axiscapital,https://axiscapital.wd1.myworkdayjobs.com/axiscareers,https://axiscapital.wd1.myworkdayjobs.com/wday/cxs/axiscapital/axiscareers/jobs,62,vendor,
workday,wd1/bah/BAH_Jobs,bah,https://bah.wd1.myworkdayjobs.com/BAH_Jobs,https://bah.wd1.myworkdayjobs.com/wday/cxs/bah/BAH_Jobs/jobs,2313,vendor,
workday,wd1/baincapital/External_Public,baincapital,https://baincapital.wd1.myworkdayjobs.com/External_Public,https://baincapital.wd1.myworkdayjobs.com/wday/cxs/baincapital/External_Public/jobs,33,vendor,
workday,wd1/baldwin/Baldwin,baldwin,https://baldwin.wd1.myworkdayjobs.com/Baldwin,https://baldwin.wd1.myworkdayjobs.com/wday/cxs/baldwin/Baldwin/jobs,117,vendor,
workday,wd1/baltimorecity/External,baltimorecity,https://baltimorecity.wd1.myworkdayjobs.com/External,https://baltimorecity.wd1.myworkdayjobs.com/wday/cxs/baltimorecity/External/jobs,120,vendor,
workday,wd1/barings/Barings,barings,https://barings.wd1.myworkdayjobs.com/Barings,https://barings.wd1.myworkdayjobs.com/wday/cxs/barings/Barings/jobs,43,vendor,
workday,wd1/barnard/Staff,barnard,https://barnard.wd1.myworkdayjobs.com/Staff,https://barnard.wd1.myworkdayjobs.com/wday/cxs/barnard/Staff/jobs,43,vendor,
workday,wd1/barrywehmiller/BWCareers,barrywehmiller,https://barrywehmiller.wd1.myworkdayjobs.com/BWCareers,https://barrywehmiller.wd1.myworkdayjobs.com/wday/cxs/barrywehmiller/BWCareers/jobs,395,vendor,
workday,wd1/basecamp/ECMC,basecamp,https://basecamp.wd1.myworkdayjobs.com/ECMC,https://basecamp.wd1.myworkdayjobs.com/wday/cxs/basecamp/ECMC/jobs,13,vendor,
workday,wd1/basspro/careers,basspro,https://basspro.wd1.myworkdayjobs.com/careers,https://basspro.wd1.myworkdayjobs.com/wday/cxs/basspro/careers/jobs,2218,vendor,
workday,wd1/baxter/baxter,baxter,https://baxter.wd1.myworkdayjobs.com/baxter,https://baxter.wd1.myworkdayjobs.com/wday/cxs/baxter/baxter/jobs,508,vendor,
workday,wd1/bbinsurance/Careers,bbinsurance,https://bbinsurance.wd1.myworkdayjobs.com/Careers,https://bbinsurance.wd1.myworkdayjobs.com/wday/cxs/bbinsurance/Careers/jobs,284,vendor,
workday,wd1/bcbsa/Careers,bcbsa,https://bcbsa.wd1.myworkdayjobs.com/Careers,https://bcbsa.wd1.myworkdayjobs.com/wday/cxs/bcbsa/Careers/jobs,25,vendor,
workday,wd1/bcbskc/BCBS_External_Career_Site,bcbskc,https://bcbskc.wd1.myworkdayjobs.com/BCBS_External_Career_Site,https://bcbskc.wd1.myworkdayjobs.com/wday/cxs/bcbskc/BCBS_External_Career_Site/jobs,2,vendor,
workday,wd1/bcbst/external,bcbst,https://bcbst.wd1.myworkdayjobs.com/external,https://bcbst.wd1.myworkdayjobs.com/wday/cxs/bcbst/external/jobs,33,vendor,
workday,wd1/bdgrowers/External,bdgrowers,https://bdgrowers.wd1.myworkdayjobs.com/External,https://bdgrowers.wd1.myworkdayjobs.com/wday/cxs/bdgrowers/External/jobs,19,vendor,
workday,wd1/bdx/EXTERNAL_CAREER_SITE_USA,bdx,https://bdx.wd1.myworkdayjobs.com/EXTERNAL_CAREER_SITE_USA,https://bdx.wd1.myworkdayjobs.com/wday/cxs/bdx/EXTERNAL_CAREER_SITE_USA/jobs,663,vendor,
workday,wd1/becu/External,becu,https://becu.wd1.myworkdayjobs.com/External,https://becu.wd1.myworkdayjobs.com/wday/cxs/becu/External/jobs,23,vendor,
workday,wd1/benchmark/PGH_Careers,benchmark,https://benchmark.wd1.myworkdayjobs.com/PGH_Careers,https://benchmark.wd1.myworkdayjobs.com/wday/cxs/benchmark/PGH_Careers/jobs,1287,vendor,
workday,wd1/berklee/BerkleeCareers,berklee,https://berklee.wd1.myworkdayjobs.com/BerkleeCareers,https://berklee.wd1.myworkdayjobs.com/wday/cxs/berklee/BerkleeCareers/jobs,62,vendor,
workday,wd1/bernco/berncocareers,bernco,https://bernco.wd1.myworkdayjobs.com/berncocareers,https://bernco.wd1.myworkdayjobs.com/wday/cxs/bernco/berncocareers/jobs,36,vendor,
workday,wd1/bestwestern/careers,bestwestern,https://bestwestern.wd1.myworkdayjobs.com/careers,https://bestwestern.wd1.myworkdayjobs.com/wday/cxs/bestwestern/careers/jobs,20,vendor,
workday,wd1/beyondmeat/External_Careers,beyondmeat,https://beyondmeat.wd1.myworkdayjobs.com/External_Careers,https://beyondmeat.wd1.myworkdayjobs.com/wday/cxs/beyondmeat/External_Careers/jobs,15,vendor,
workday,wd1/bgfoods/BG_Foods_Careers,bgfoods,https://bgfoods.wd1.myworkdayjobs.com/BG_Foods_Careers,https://bgfoods.wd1.myworkdayjobs.com/wday/cxs/bgfoods/BG_Foods_Careers/jobs,41,vendor,
workday,wd1/bhs/careers,bhs,https://bhs.wd1.myworkdayjobs.com/careers,https://bhs.wd1.myworkdayjobs.com/wday/cxs/bhs/careers/jobs,1436,vendor,
workday,wd1/bilh/External,bilh,https://bilh.wd1.myworkdayjobs.com/External,https://bilh.wd1.myworkdayjobs.com/wday/cxs/bilh/External/jobs,2509,vendor,
workday,wd1/bitsight/Bitsight,bitsight,https://bitsight.wd1.myworkdayjobs.com/Bitsight,https://bitsight.wd1.myworkdayjobs.com/wday/cxs/bitsight/Bitsight/jobs,22,vendor,
workday,wd1/bjswholesaleclub/BJsCareers,bjswholesaleclub,https://bjswholesaleclub.wd1.myworkdayjobs.com/BJsCareers,https://bjswholesaleclub.wd1.myworkdayjobs.com/wday/cxs/bjswholesaleclub/BJsCareers/jobs,1508,vendor,
workday,wd1/blackbaud/ExternalCareers,blackbaud,https://blackbaud.wd1.myworkdayjobs.com/ExternalCareers,https://blackbaud.wd1.myworkdayjobs.com/wday/cxs/blackbaud/ExternalCareers/jobs,89,vendor,
workday,wd1/blackrock/BlackRock_Professional,blackrock,https://blackrock.wd1.myworkdayjobs.com/BlackRock_Professional,https://blackrock.wd1.myworkdayjobs.com/wday/cxs/blackrock/BlackRock_Professional/jobs,311,vendor,
workday,wd1/blackstone/Blackstone_Careers,blackstone,https://blackstone.wd1.myworkdayjobs.com/Blackstone_Careers,https://blackstone.wd1.myworkdayjobs.com/wday/cxs/blackstone/Blackstone_Careers/jobs,171,vendor,
workday,wd1/bloomberg/Bloombergindustrygroup_External_Career_Site,bloomberg,https://bloomberg.wd1.myworkdayjobs.com/Bloombergindustrygroup_External_Career_Site,https://bloomberg.wd1.myworkdayjobs.com/wday/cxs/bloomberg/Bloombergindustrygroup_External_Career_Site/jobs,75,vendor,
workday,wd1/bloomenergy/BloomEnergyCareers,bloomenergy,https://bloomenergy.wd1.myworkdayjobs.com/BloomEnergyCareers,https://bloomenergy.wd1.myworkdayjobs.com/wday/cxs/bloomenergy/BloomEnergyCareers/jobs,168,vendor,
workday,wd1/bmc/BMC,bmc,https://bmc.wd1.myworkdayjobs.com/BMC,https://bmc.wd1.myworkdayjobs.com/wday/cxs/bmc/BMC/jobs,843,vendor,
workday,wd1/bnl/Externa,bnl,https://bnl.wd1.myworkdayjobs.com/Externa,https://bnl.wd1.myworkdayjobs.com/wday/cxs/bnl/Externa/jobs,48,vendor,
workday,wd1/boeing/EXTERNAL_CAREERS,boeing,https://boeing.wd1.myworkdayjobs.com/EXTERNAL_CAREERS,https://boeing.wd1.myworkdayjobs.com/wday/cxs/boeing/EXTERNAL_CAREERS/jobs,764,vendor,
workday,wd1/bonterra/bonterratech,bonterra,https://bonterra.wd1.myworkdayjobs.com/bonterratech,https://bonterra.wd1.myworkdayjobs.com/wday/cxs/bonterra/bonterratech/jobs,12,vendor,
workday,wd1/bostondynamics/Boston_Dynamics,bostondynamics,https://bostondynamics.wd1.myworkdayjobs.com/Boston_Dynamics,https://bostondynamics.wd1.myworkdayjobs.com/wday/cxs/bostondynamics/Boston_Dynamics/jobs,75,vendor,
workday,wd1/boydgroup/boydcareers,boydgroup,https://boydgroup.wd1.myworkdayjobs.com/boydcareers,https://boydgroup.wd1.myworkdayjobs.com/wday/cxs/boydgroup/boydcareers/jobs,1364,vendor,
workday,wd1/boystown/boystowncareers,boystown,https://boystown.wd1.myworkdayjobs.com/boystowncareers,https://boystown.wd1.myworkdayjobs.com/wday/cxs/boystown/boystowncareers/jobs,159,vendor,
workday,wd1/bozemanhealth/BozemanHealthCareers,bozemanhealth,https://bozemanhealth.wd1.myworkdayjobs.com/BozemanHealthCareers,https://bozemanhealth.wd1.myworkdayjobs.com/wday/cxs/bozemanhealth/BozemanHealthCareers/jobs,233,vendor,
workday,wd1/bristow/Careers,bristow,https://bristow.wd1.myworkdayjobs.com/Careers,https://bristow.wd1.myworkdayjobs.com/wday/cxs/bristow/Careers/jobs,28,vendor,
workday,wd1/broadcom/External_Career,broadcom,https://broadcom.wd1.myworkdayjobs.com/External_Career,https://broadcom.wd1.myworkdayjobs.com/wday/cxs/broadcom/External_Career/jobs,385,vendor,
workday,wd1/broadviewfcu/broadviewfcucareers,broadviewfcu,https://broadviewfcu.wd1.myworkdayjobs.com/broadviewfcucareers,https://broadviewfcu.wd1.myworkdayjobs.com/wday/cxs/broadviewfcu/broadviewfcucareers/jobs,55,vendor,
workday,wd1/brooksauto/Brooks_External_Site,brooksauto,https://brooksauto.wd1.myworkdayjobs.com/Brooks_External_Site,https://brooksauto.wd1.myworkdayjobs.com/wday/cxs/brooksauto/Brooks_External_Site/jobs,115,vendor,
workday,wd1/brunswick/search,brunswick,https://brunswick.wd1.myworkdayjobs.com/search,https://brunswick.wd1.myworkdayjobs.com/wday/cxs/brunswick/search/jobs,415,vendor,
workday,wd1/bucks/BCCC,bucks,https://bucks.wd1.myworkdayjobs.com/BCCC,https://bucks.wd1.myworkdayjobs.com/wday/cxs/bucks/BCCC/jobs,56,vendor,
workday,wd1/bullhorn/bullhorncareers,bullhorn,https://bullhorn.wd1.myworkdayjobs.com/bullhorncareers,https://bullhorn.wd1.myworkdayjobs.com/wday/cxs/bullhorn/bullhorncareers/jobs,10,vendor,
workday,wd1/byu/faculty-careers,byu,https://byu.wd1.myworkdayjobs.com/faculty-careers,https://byu.wd1.myworkdayjobs.com/wday/cxs/byu/faculty-careers/jobs,70,vendor,
workday,wd1/caa/Careers,caa,https://caa.wd1.myworkdayjobs.com/Careers,https://caa.wd1.myworkdayjobs.com/wday/cxs/caa/Careers/jobs,91,vendor,
workday,wd1/cabinetworksgroup/cabinetworksgroupcareers,cabinetworksgroup,https://cabinetworksgroup.wd1.myworkdayjobs.com/cabinetworksgroupcareers,https://cabinetworksgroup.wd1.myworkdayjobs.com/wday/cxs/cabinetworksgroup/cabinetworksgroupcareers/jobs,65,vendor,
workday,wd1/cableone/Cable_One_External_Careers,cableone,https://cableone.wd1.myworkdayjobs.com/Cable_One_External_Careers,https://cableone.wd1.myworkdayjobs.com/wday/cxs/cableone/Cable_One_External_Careers/jobs,138,vendor,
workday,wd1/caci/external,caci,https://caci.wd1.myworkdayjobs.com/external,https://caci.wd1.myworkdayjobs.com/wday/cxs/caci/external/jobs,1775,vendor,
workday,wd1/cadence/External_Careers,cadence,https://cadence.wd1.myworkdayjobs.com/External_Careers,https://cadence.wd1.myworkdayjobs.com/wday/cxs/cadence/External_Careers/jobs,616,vendor,
workday,wd1/calibercollision/Caliber,calibercollision,https://calibercollision.wd1.myworkdayjobs.com/Caliber,https://calibercollision.wd1.myworkdayjobs.com/wday/cxs/calibercollision/Caliber/jobs,1525,vendor,
workday,wd1/calix/External,calix,https://calix.wd1.myworkdayjobs.com/External,https://calix.wd1.myworkdayjobs.com/wday/cxs/calix/External/jobs,11,vendor,
workday,wd1/calyx/Perceptive,calyx,https://calyx.wd1.myworkdayjobs.com/Perceptive,https://calyx.wd1.myworkdayjobs.com/wday/cxs/calyx/Perceptive/jobs,18,vendor,
workday,wd1/cambiumlearning/camb,cambiumlearning,https://cambiumlearning.wd1.myworkdayjobs.com/camb,https://cambiumlearning.wd1.myworkdayjobs.com/wday/cxs/cambiumlearning/camb/jobs,41,vendor,
workday,wd1/capefearvalley/CFV,capefearvalley,https://capefearvalley.wd1.myworkdayjobs.com/CFV,https://capefearvalley.wd1.myworkdayjobs.com/wday/cxs/capefearvalley/CFV/jobs,287,vendor,
workday,wd1/capgroup/capitalgroupcareers,capgroup,https://capgroup.wd1.myworkdayjobs.com/capitalgroupcareers,https://capgroup.wd1.myworkdayjobs.com/wday/cxs/capgroup/capitalgroupcareers/jobs,201,vendor,
workday,wd1/capri/Michael_Kors,capri,https://capri.wd1.myworkdayjobs.com/Michael_Kors,https://capri.wd1.myworkdayjobs.com/wday/cxs/capri/Michael_Kors/jobs,551,vendor,
workday,wd1/cardinalhealth/EXT,cardinalhealth,https://cardinalhealth.wd1.myworkdayjobs.com/EXT,https://cardinalhealth.wd1.myworkdayjobs.com/wday/cxs/cardinalhealth/EXT/jobs,789,vendor,
workday,wd1/caresource/CareSource,caresource,https://caresource.wd1.myworkdayjobs.com/CareSource,https://caresource.wd1.myworkdayjobs.com/wday/cxs/caresource/CareSource/jobs,107,vendor,
workday,wd1/carleton/CarletonCareers,carleton,https://carleton.wd1.myworkdayjobs.com/CarletonCareers,https://carleton.wd1.myworkdayjobs.com/wday/cxs/carleton/CarletonCareers/jobs,26,vendor,
workday,wd1/carmax/External,carmax,https://carmax.wd1.myworkdayjobs.com/External,https://carmax.wd1.myworkdayjobs.com/wday/cxs/carmax/External/jobs,1166,vendor,
workday,wd1/catalent/External,catalent,https://catalent.wd1.myworkdayjobs.com/External,https://catalent.wd1.myworkdayjobs.com/wday/cxs/catalent/External/jobs,302,vendor,
workday,wd1/cboe/External_Career_CBOE,cboe,https://cboe.wd1.myworkdayjobs.com/External_Career_CBOE,https://cboe.wd1.myworkdayjobs.com/wday/cxs/cboe/External_Career_CBOE/jobs,113,vendor,
workday,wd1/ccf/ClevelandClinicCareers,ccf,https://ccf.wd1.myworkdayjobs.com/ClevelandClinicCareers,https://ccf.wd1.myworkdayjobs.com/wday/cxs/ccf/ClevelandClinicCareers/jobs,2267,vendor,
workday,wd1/ccrcca/Careers,ccrcca,https://ccrcca.wd1.myworkdayjobs.com/Careers,https://ccrcca.wd1.myworkdayjobs.com/wday/cxs/ccrcca/Careers/jobs,20,vendor,
workday,wd1/centific/Centific_Global,centific,https://centific.wd1.myworkdayjobs.com/Centific_Global,https://centific.wd1.myworkdayjobs.com/wday/cxs/centific/Centific_Global/jobs,128,vendor,
workday,wd1/cfindustries/careers,cfindustries,https://cfindustries.wd1.myworkdayjobs.com/careers,https://cfindustries.wd1.myworkdayjobs.com/wday/cxs/cfindustries/careers/jobs,61,vendor,
workday,wd1/chamberlain/Chamberlain_Group,chamberlain,https://chamberlain.wd1.myworkdayjobs.com/Chamberlain_Group,https://chamberlain.wd1.myworkdayjobs.com/wday/cxs/chamberlain/Chamberlain_Group/jobs,65,vendor,
workday,wd1/chess/SJC,chess,https://chess.wd1.myworkdayjobs.com/SJC,https://chess.wd1.myworkdayjobs.com/wday/cxs/chess/SJC/jobs,30,vendor,
workday,wd1/chghealthcare/External,chghealthcare,https://chghealthcare.wd1.myworkdayjobs.com/External,https://chghealthcare.wd1.myworkdayjobs.com/wday/cxs/chghealthcare/External/jobs,35,vendor,
workday,wd1/churchdwight/chdcareers,churchdwight,https://churchdwight.wd1.myworkdayjobs.com/chdcareers,https://churchdwight.wd1.myworkdayjobs.com/wday/cxs/churchdwight/chdcareers/jobs,95,vendor,
workday,wd1/churchs/Field,churchs,https://churchs.wd1.myworkdayjobs.com/Field,https://churchs.wd1.myworkdayjobs.com/wday/cxs/churchs/Field/jobs,701,vendor,
workday,wd1/cinemark/cinemark,cinemark,https://cinemark.wd1.myworkdayjobs.com/cinemark,https://cinemark.wd1.myworkdayjobs.com/wday/cxs/cinemark/cinemark/jobs,547,vendor,
workday,wd1/circle/circle,circle,https://circle.wd1.myworkdayjobs.com/circle,https://circle.wd1.myworkdayjobs.com/wday/cxs/circle/circle/jobs,51,vendor,
workday,wd1/cityblockhealth/CityblockExternalCareerSite,cityblockhealth,https://cityblockhealth.wd1.myworkdayjobs.com/CityblockExternalCareerSite,https://cityblockhealth.wd1.myworkdayjobs.com/wday/cxs/cityblockhealth/CityblockExternalCareerSite/jobs,33,vendor,
workday,wd1/clarioclinical/clarioclinical_careers,clarioclinical,https://clarioclinical.wd1.myworkdayjobs.com/clarioclinical_careers,https://clarioclinical.wd1.myworkdayjobs.com/wday/cxs/clarioclinical/clarioclinical_careers/jobs,73,vendor,
workday,wd1/clarkcountywashington/ClarkCountyJobs,clarkcountywashington,https://clarkcountywashington.wd1.myworkdayjobs.com/ClarkCountyJobs,https://clarkcountywashington.wd1.myworkdayjobs.com/wday/cxs/clarkcountywashington/ClarkCountyJobs/jobs,27,vendor,
workday,wd1/claytonhomes/ClaytonCareers,claytonhomes,https://claytonhomes.wd1.myworkdayjobs.com/ClaytonCareers,https://claytonhomes.wd1.myworkdayjobs.com/wday/cxs/claytonhomes/ClaytonCareers/jobs,441,vendor,
workday,wd1/clearesult/CLEAResult_External_Careers,clearesult,https://clearesult.wd1.myworkdayjobs.com/CLEAResult_External_Careers,https://clearesult.wd1.myworkdayjobs.com/wday/cxs/clearesult/CLEAResult_External_Careers/jobs,111,vendor,
workday,wd1/clearwateranalytics/Clearwater_Analytics_Careers,clearwateranalytics,https://clearwateranalytics.wd1.myworkdayjobs.com/Clearwater_Analytics_Careers,https://clearwateranalytics.wd1.myworkdayjobs.com/wday/cxs/clearwateranalytics/Clearwater_Analytics_Careers/jobs,272,vendor,
workday,wd1/clorox/Clorox,clorox,https://clorox.wd1.myworkdayjobs.com/Clorox,https://clorox.wd1.myworkdayjobs.com/wday/cxs/clorox/Clorox/jobs,199,vendor,
workday,wd1/cmegroup/cme_careers,cmegroup,https://cmegroup.wd1.myworkdayjobs.com/cme_careers,https://cmegroup.wd1.myworkdayjobs.com/wday/cxs/cmegroup/cme_careers/jobs,58,vendor,
workday,wd1/cna/cna_careers,cna,https://cna.wd1.myworkdayjobs.com/cna_careers,https://cna.wd1.myworkdayjobs.com/wday/cxs/cna/cna_careers/jobs,130,vendor,
workday,wd1/cnx/external_global,cnx,https://cnx.wd1.myworkdayjobs.com/external_global,https://cnx.wd1.myworkdayjobs.com/wday/cxs/cnx/external_global/jobs,1647,vendor,
workday,wd1/coffeeandbagelbrands/coffeeandbagelbrands,coffeeandbagelbrands,https://coffeeandbagelbrands.wd1.myworkdayjobs.com/coffeeandbagelbrands,https://coffeeandbagelbrands.wd1.myworkdayjobs.com/wday/cxs/coffeeandbagelbrands/coffeeandbagelbrands/jobs,629,vendor,
workday,wd1/coke/coca-cola-careers,coke,https://coke.wd1.myworkdayjobs.com/coca-cola-careers,https://coke.wd1.myworkdayjobs.com/wday/cxs/coke/coca-cola-careers/jobs,195,vendor,
workday,wd1/collectorsuniverse/collectors,collectorsuniverse,https://collectorsuniverse.wd1.myworkdayjobs.com/collectors,https://collectorsuniverse.wd1.myworkdayjobs.com/wday/cxs/collectorsuniverse/collectors/jobs,219,vendor,
workday,wd1/collegeboard/Careers,collegeboard,https://collegeboard.wd1.myworkdayjobs.com/Careers,https://collegeboard.wd1.myworkdayjobs.com/wday/cxs/collegeboard/Careers/jobs,42,vendor,
workday,wd1/collin/ExternalFacultyCareerSite,collin,https://collin.wd1.myworkdayjobs.com/ExternalFacultyCareerSite,https://collin.wd1.myworkdayjobs.com/wday/cxs/collin/ExternalFacultyCareerSite/jobs,45,vendor,
workday,wd1/comfortsystemsusa/CUSASW,comfortsystemsusa,https://comfortsystemsusa.wd1.myworkdayjobs.com/CUSASW,https://comfortsystemsusa.wd1.myworkdayjobs.com/wday/cxs/comfortsystemsusa/CUSASW/jobs,41,vendor,
workday,wd1/comporium/Comporium_Careers,comporium,https://comporium.wd1.myworkdayjobs.com/Comporium_Careers,https://comporium.wd1.myworkdayjobs.com/wday/cxs/comporium/Comporium_Careers/jobs,5,vendor,
workday,wd1/conagrabrands/Careers_US,conagrabrands,https://conagrabrands.wd1.myworkdayjobs.com/Careers_US,https://conagrabrands.wd1.myworkdayjobs.com/wday/cxs/conagrabrands/Careers_US/jobs,253,vendor,
workday,wd1/connect/ztsystemscareers,connect,https://connect.wd1.myworkdayjobs.com/ztsystemscareers,https://connect.wd1.myworkdayjobs.com/wday/cxs/connect/ztsystemscareers/jobs,159,vendor,
workday,wd1/conocophillips/External,conocophillips,https://conocophillips.wd1.myworkdayjobs.com/External,https://conocophillips.wd1.myworkdayjobs.com/wday/cxs/conocophillips/External/jobs,44,vendor,
workday,wd1/convatec/convatec,convatec,https://convatec.wd1.myworkdayjobs.com/convatec,https://convatec.wd1.myworkdayjobs.com/wday/cxs/convatec/convatec/jobs,111,vendor,
workday,wd1/cookchildrens/Cook_Childrens_Careers,cookchildrens,https://cookchildrens.wd1.myworkdayjobs.com/Cook_Childrens_Careers,https://cookchildrens.wd1.myworkdayjobs.com/wday/cxs/cookchildrens/Cook_Childrens_Careers/jobs,244,vendor,
workday,wd1/cooley/Cooley_US_LLP,cooley,https://cooley.wd1.myworkdayjobs.com/Cooley_US_LLP,https://cooley.wd1.myworkdayjobs.com/wday/cxs/cooley/Cooley_US_LLP/jobs,88,vendor,
workday,wd1/coorstek/CoorsTekCareers,coorstek,https://coorstek.wd1.myworkdayjobs.com/CoorsTekCareers,https://coorstek.wd1.myworkdayjobs.com/wday/cxs/coorstek/CoorsTekCareers/jobs,96,vendor,
workday,wd1/corebridgefinancial/CorebridgeFinancial,corebridgefinancial,https://corebridgefinancial.wd1.myworkdayjobs.com/CorebridgeFinancial,https://corebridgefinancial.wd1.myworkdayjobs.com/wday/cxs/corebridgefinancial/CorebridgeFinancial/jobs,164,vendor,
workday,wd1/corespecialtyinsurance/Core_Specialty,corespecialtyinsurance,https://corespecialtyinsurance.wd1.myworkdayjobs.com/Core_Specialty,https://corespecialtyinsurance.wd1.myworkdayjobs.com/wday/cxs/corespecialtyinsurance/Core_Specialty/jobs,60,vendor,
workday,wd1/cornell/CCECareerPage,cornell,https://cornell.wd1.myworkdayjobs.com/CCECareerPage,https://cornell.wd1.myworkdayjobs.com/wday/cxs/cornell/CCECareerPage/jobs,56,vendor,
workday,wd1/corrohealth/Corro,corrohealth,https://corrohealth.wd1.myworkdayjobs.com/Corro,https://corrohealth.wd1.myworkdayjobs.com/wday/cxs/corrohealth/Corro/jobs,38,vendor,
workday,wd1/costar/CoStarCareers,costar,https://costar.wd1.myworkdayjobs.com/CoStarCareers,https://costar.wd1.myworkdayjobs.com/wday/cxs/costar/CoStarCareers/jobs,426,vendor,
workday,wd1/cox/Cox_External_Career_Site_1,cox,https://cox.wd1.myworkdayjobs.com/Cox_External_Career_Site_1,https://cox.wd1.myworkdayjobs.com/wday/cxs/cox/Cox_External_Career_Site_1/jobs,713,vendor,
workday,wd1/cpsi/CPSI,cpsi,https://cpsi.wd1.myworkdayjobs.com/CPSI,https://cpsi.wd1.myworkdayjobs.com/wday/cxs/cpsi/CPSI/jobs,30,vendor,
workday,wd1/creationtech/Creation,creationtech,https://creationtech.wd1.myworkdayjobs.com/Creation,https://creationtech.wd1.myworkdayjobs.com/wday/cxs/creationtech/Creation/jobs,62,vendor,
workday,wd1/crossagency/CrossFinancialCareers,crossagency,https://crossagency.wd1.myworkdayjobs.com/CrossFinancialCareers,https://crossagency.wd1.myworkdayjobs.com/wday/cxs/crossagency/CrossFinancialCareers/jobs,45,vendor,
workday,wd1/crosscountrymortgage/CCMCareers,crosscountrymortgage,https://crosscountrymortgage.wd1.myworkdayjobs.com/CCMCareers,https://crosscountrymortgage.wd1.myworkdayjobs.com/wday/cxs/crosscountrymortgage/CCMCareers/jobs,124,vendor,
workday,wd1/crossoverhealth/Careers,crossoverhealth,https://crossoverhealth.wd1.myworkdayjobs.com/Careers,https://crossoverhealth.wd1.myworkdayjobs.com/wday/cxs/crossoverhealth/Careers/jobs,69,vendor,
workday,wd1/csl/CSL_External,csl,https://csl.wd1.myworkdayjobs.com/CSL_External,https://csl.wd1.myworkdayjobs.com/wday/cxs/csl/CSL_External/jobs,185,vendor,
workday,wd1/cubic/cubic_USA_careers,cubic,https://cubic.wd1.myworkdayjobs.com/cubic_USA_careers,https://cubic.wd1.myworkdayjobs.com/wday/cxs/cubic/cubic_USA_careers/jobs,62,vendor,
workday,wd1/cumminggroup/CGC,cumminggroup,https://cumminggroup.wd1.myworkdayjobs.com/CGC,https://cumminggroup.wd1.myworkdayjobs.com/wday/cxs/cumminggroup/CGC/jobs,155,vendor,
workday,wd1/cvshealth/CVS_Health_Careers,cvshealth,https://cvshealth.wd1.myworkdayjobs.com/CVS_Health_Careers,https://cvshealth.wd1.myworkdayjobs.com/wday/cxs/cvshealth/CVS_Health_Careers/jobs,9599,vendor,
workday,wd1/cw/External,cw,https://cw.wd1.myworkdayjobs.com/External,https://cw.wd1.myworkdayjobs.com/wday/cxs/cw/External/jobs,2000,vendor-ceiling,
workday,wd1/cwi/CW_Careers,cwi,https://cwi.wd1.myworkdayjobs.com/CW_Careers,https://cwi.wd1.myworkdayjobs.com/wday/cxs/cwi/CW_Careers/jobs,328,vendor,
workday,wd1/dallascollege/Dallas_College_Careers,dallascollege,https://dallascollege.wd1.myworkdayjobs.com/Dallas_College_Careers,https://dallascollege.wd1.myworkdayjobs.com/wday/cxs/dallascollege/Dallas_College_Careers/jobs,55,vendor,
workday,wd1/danaher/DanaherJobs,danaher,https://danaher.wd1.myworkdayjobs.com/DanaherJobs,https://danaher.wd1.myworkdayjobs.com/wday/cxs/danaher/DanaherJobs/jobs,1445,vendor,
workday,wd1/datarobot/DataRobot_External_Careers,datarobot,https://datarobot.wd1.myworkdayjobs.com/DataRobot_External_Careers,https://datarobot.wd1.myworkdayjobs.com/wday/cxs/datarobot/DataRobot_External_Careers/jobs,16,vendor,
workday,wd1/datasite/datasite,datasite,https://datasite.wd1.myworkdayjobs.com/datasite,https://datasite.wd1.myworkdayjobs.com/wday/cxs/datasite/datasite/jobs,38,vendor,
workday,wd1/davidyurman/DavidYurmanCareers,davidyurman,https://davidyurman.wd1.myworkdayjobs.com/DavidYurmanCareers,https://davidyurman.wd1.myworkdayjobs.com/wday/cxs/davidyurman/DavidYurmanCareers/jobs,25,vendor,
workday,wd1/davita/DKC_External,davita,https://davita.wd1.myworkdayjobs.com/DKC_External,https://davita.wd1.myworkdayjobs.com/wday/cxs/davita/DKC_External/jobs,3350,vendor,
workday,wd1/deepwater/AustraliaExternalCareerSite,deepwater,https://deepwater.wd1.myworkdayjobs.com/AustraliaExternalCareerSite,https://deepwater.wd1.myworkdayjobs.com/wday/cxs/deepwater/AustraliaExternalCareerSite/jobs,0,vendor,
workday,wd1/denver/CCD-denver-denvergov-CSC_Jobs-Civil_service_jobs-Police_Jobs-Fire_Jobs,denver,https://denver.wd1.myworkdayjobs.com/CCD-denver-denvergov-CSC_Jobs-Civil_service_jobs-Police_Jobs-Fire_Jobs,https://denver.wd1.myworkdayjobs.com/wday/cxs/denver/CCD-denver-denvergov-CSC_Jobs-Civil_service_jobs-Police_Jobs-Fire_Jobs/jobs,87,vendor,
workday,wd1/denverhealth/dhha-main,denverhealth,https://denverhealth.wd1.myworkdayjobs.com/dhha-main,https://denverhealth.wd1.myworkdayjobs.com/wday/cxs/denverhealth/dhha-main/jobs,370,vendor,
workday,wd1/deseretmanagement/BonSacramento,deseretmanagement,https://deseretmanagement.wd1.myworkdayjobs.com/BonSacramento,https://deseretmanagement.wd1.myworkdayjobs.com/wday/cxs/deseretmanagement/BonSacramento/jobs,2,vendor,
workday,wd1/devoted/Devoted,devoted,https://devoted.wd1.myworkdayjobs.com/Devoted,https://devoted.wd1.myworkdayjobs.com/wday/cxs/devoted/Devoted/jobs,72,vendor,
workday,wd1/dexcom/Dexcom,dexcom,https://dexcom.wd1.myworkdayjobs.com/Dexcom,https://dexcom.wd1.myworkdayjobs.com/wday/cxs/dexcom/Dexcom/jobs,279,vendor,
workday,wd1/dickssportinggoods/DSG,dickssportinggoods,https://dickssportinggoods.wd1.myworkdayjobs.com/DSG,https://dickssportinggoods.wd1.myworkdayjobs.com/wday/cxs/dickssportinggoods/DSG/jobs,3840,vendor,
workday,wd1/dlapiper/dlapiper,dlapiper,https://dlapiper.wd1.myworkdayjobs.com/dlapiper,https://dlapiper.wd1.myworkdayjobs.com/wday/cxs/dlapiper/dlapiper/jobs,146,vendor,
workday,wd1/docgo/DocGo,docgo,https://docgo.wd1.myworkdayjobs.com/DocGo,https://docgo.wd1.myworkdayjobs.com/wday/cxs/docgo/DocGo/jobs,63,vendor,
workday,wd1/doterra/doTERRACareers,doterra,https://doterra.wd1.myworkdayjobs.com/doTERRACareers,https://doterra.wd1.myworkdayjobs.com/wday/cxs/doterra/doTERRACareers/jobs,14,vendor,
workday,wd1/dow/ExternalCareers,dow,https://dow.wd1.myworkdayjobs.com/ExternalCareers,https://dow.wd1.myworkdayjobs.com/wday/cxs/dow/ExternalCareers/jobs,200,vendor,
workday,wd1/dowjones/New_York_Post_Careers,dowjones,https://dowjones.wd1.myworkdayjobs.com/New_York_Post_Careers,https://dowjones.wd1.myworkdayjobs.com/wday/cxs/dowjones/New_York_Post_Careers/jobs,49,vendor,
workday,wd1/dowjones/news_corp_careers,dowjones,https://dowjones.wd1.myworkdayjobs.com/news_corp_careers,https://dowjones.wd1.myworkdayjobs.com/wday/cxs/dowjones/news_corp_careers/jobs,25,vendor,
workday,wd1/draftkings/DraftKings,draftkings,https://draftkings.wd1.myworkdayjobs.com/DraftKings,https://draftkings.wd1.myworkdayjobs.com/wday/cxs/draftkings/DraftKings/jobs,80,vendor,
workday,wd1/drivetime/DriveTime,drivetime,https://drivetime.wd1.myworkdayjobs.com/DriveTime,https://drivetime.wd1.myworkdayjobs.com/wday/cxs/drivetime/DriveTime/jobs,149,vendor,
workday,wd1/dukeenergy/search,dukeenergy,https://dukeenergy.wd1.myworkdayjobs.com/search,https://dukeenergy.wd1.myworkdayjobs.com/wday/cxs/dukeenergy/search/jobs,98,vendor,
workday,wd1/dulyhealthandcare/Duly,dulyhealthandcare,https://dulyhealthandcare.wd1.myworkdayjobs.com/Duly,https://dulyhealthandcare.wd1.myworkdayjobs.com/wday/cxs/dulyhealthandcare/Duly/jobs,393,vendor,
workday,wd1/dxctechnology/DXCJobs,dxctechnology,https://dxctechnology.wd1.myworkdayjobs.com/DXCJobs,https://dxctechnology.wd1.myworkdayjobs.com/wday/cxs/dxctechnology/DXCJobs/jobs,1183,vendor,
workday,wd1/ebnhc/EBNHC,ebnhc,https://ebnhc.wd1.myworkdayjobs.com/EBNHC,https://ebnhc.wd1.myworkdayjobs.com/wday/cxs/ebnhc/EBNHC/jobs,102,vendor,
workday,wd1/echo/Echo_Logistics,echo,https://echo.wd1.myworkdayjobs.com/Echo_Logistics,https://echo.wd1.myworkdayjobs.com/wday/cxs/echo/Echo_Logistics/jobs,41,vendor,
workday,wd1/ecolab/Ecolab_External,ecolab,https://ecolab.wd1.myworkdayjobs.com/Ecolab_External,https://ecolab.wd1.myworkdayjobs.com/wday/cxs/ecolab/Ecolab_External/jobs,1058,vendor,
workday,wd1/eisneramper/EisnerAmper_External,eisneramper,https://eisneramper.wd1.myworkdayjobs.com/EisnerAmper_External,https://eisneramper.wd1.myworkdayjobs.com/wday/cxs/eisneramper/EisnerAmper_External/jobs,142,vendor,
workday,wd1/elevancehealth/ANT,elevancehealth,https://elevancehealth.wd1.myworkdayjobs.com/ANT,https://elevancehealth.wd1.myworkdayjobs.com/wday/cxs/elevancehealth/ANT/jobs,253,vendor,
workday,wd1/embryriddle/External,embryriddle,https://embryriddle.wd1.myworkdayjobs.com/External,https://embryriddle.wd1.myworkdayjobs.com/wday/cxs/embryriddle/External/jobs,112,vendor,
workday,wd1/encore/externalnew,encore,https://encore.wd1.myworkdayjobs.com/externalnew,https://encore.wd1.myworkdayjobs.com/wday/cxs/encore/externalnew/jobs,50,vendor,
workday,wd1/ensign/AtchisonSeniorVillageCareerSite,ensign,https://ensign.wd1.myworkdayjobs.com/AtchisonSeniorVillageCareerSite,https://ensign.wd1.myworkdayjobs.com/wday/cxs/ensign/AtchisonSeniorVillageCareerSite/jobs,8,vendor,
workday,wd1/entegris/EntegrisCareers,entegris,https://entegris.wd1.myworkdayjobs.com/EntegrisCareers,https://entegris.wd1.myworkdayjobs.com/wday/cxs/entegris/EntegrisCareers/jobs,647,vendor,
workday,wd1/entrust/EntrustCareers,entrust,https://entrust.wd1.myworkdayjobs.com/EntrustCareers,https://entrust.wd1.myworkdayjobs.com/wday/cxs/entrust/EntrustCareers/jobs,86,vendor,
workday,wd1/envista/envistacareers,envista,https://envista.wd1.myworkdayjobs.com/envistacareers,https://envista.wd1.myworkdayjobs.com/wday/cxs/envista/envistacareers/jobs,244,vendor,
workday,wd1/equinix/external,equinix,https://equinix.wd1.myworkdayjobs.com/external,https://equinix.wd1.myworkdayjobs.com/wday/cxs/equinix/external/jobs,277,vendor,
workday,wd1/ercot/ercot_careers,ercot,https://ercot.wd1.myworkdayjobs.com/ercot_careers,https://ercot.wd1.myworkdayjobs.com/wday/cxs/ercot/ercot_careers/jobs,72,vendor,
workday,wd1/essentiahealth/Essentia_Health,essentiahealth,https://essentiahealth.wd1.myworkdayjobs.com/Essentia_Health,https://essentiahealth.wd1.myworkdayjobs.com/wday/cxs/essentiahealth/Essentia_Health/jobs,808,vendor,
workday,wd1/evercommerce/EverCommerce_Careers,evercommerce,https://evercommerce.wd1.myworkdayjobs.com/EverCommerce_Careers,https://evercommerce.wd1.myworkdayjobs.com/wday/cxs/evercommerce/EverCommerce_Careers/jobs,35,vendor,
workday,wd1/eversource/externalsite,eversource,https://eversource.wd1.myworkdayjobs.com/externalsite,https://eversource.wd1.myworkdayjobs.com/wday/cxs/eversource/externalsite/jobs,253,vendor,
workday,wd1/evolent/External,evolent,https://evolent.wd1.myworkdayjobs.com/External,https://evolent.wd1.myworkdayjobs.com/wday/cxs/evolent/External/jobs,40,vendor,
workday,wd1/exactcare/anewhealth_career_site,exactcare,https://exactcare.wd1.myworkdayjobs.com/anewhealth_career_site,https://exactcare.wd1.myworkdayjobs.com/wday/cxs/exactcare/anewhealth_career_site/jobs,76,vendor,
workday,wd1/faro/FARO,faro,https://faro.wd1.myworkdayjobs.com/FARO,https://faro.wd1.myworkdayjobs.com/wday/cxs/faro/FARO/jobs,3,vendor,
workday,wd1/fau/FAU,fau,https://fau.wd1.myworkdayjobs.com/FAU,https://fau.wd1.myworkdayjobs.com/wday/cxs/fau/FAU/jobs,53,vendor,
workday,wd1/fedex/FXE-EU_External,fedex,https://fedex.wd1.myworkdayjobs.com/FXE-EU_External,https://fedex.wd1.myworkdayjobs.com/wday/cxs/fedex/FXE-EU_External/jobs,975,vendor,
workday,wd1/ferguson/Ferguson_Experienced,ferguson,https://ferguson.wd1.myworkdayjobs.com/Ferguson_Experienced,https://ferguson.wd1.myworkdayjobs.com/wday/cxs/ferguson/Ferguson_Experienced/jobs,429,vendor,
workday,wd1/ffd/EmploymentOpportunities,ffd,https://ffd.wd1.myworkdayjobs.com/EmploymentOpportunities,https://ffd.wd1.myworkdayjobs.com/wday/cxs/ffd/EmploymentOpportunities/jobs,31,vendor,
workday,wd1/ffin/First_Financial_Bank,ffin,https://ffin.wd1.myworkdayjobs.com/First_Financial_Bank,https://ffin.wd1.myworkdayjobs.com/wday/cxs/ffin/First_Financial_Bank/jobs,74,vendor,
workday,wd1/fhi/FHI_360_External_Career_Portal,fhi,https://fhi.wd1.myworkdayjobs.com/FHI_360_External_Career_Portal,https://fhi.wd1.myworkdayjobs.com/wday/cxs/fhi/FHI_360_External_Career_Portal/jobs,110,vendor,
workday,wd1/fico/External,fico,https://fico.wd1.myworkdayjobs.com/External,https://fico.wd1.myworkdayjobs.com/wday/cxs/fico/External/jobs,75,vendor,
workday,wd1/finra/FINRA,finra,https://finra.wd1.myworkdayjobs.com/FINRA,https://finra.wd1.myworkdayjobs.com/wday/cxs/finra/FINRA/jobs,49,vendor,
workday,wd1/firstam/firstamericancareers,firstam,https://firstam.wd1.myworkdayjobs.com/firstamericancareers,https://firstam.wd1.myworkdayjobs.com/wday/cxs/firstam/firstamericancareers/jobs,207,vendor,
workday,wd1/firststudent/firststudent,firststudent,https://firststudent.wd1.myworkdayjobs.com/firststudent,https://firststudent.wd1.myworkdayjobs.com/wday/cxs/firststudent/firststudent/jobs,1128,vendor,
workday,wd1/fivebelow/fivebelowcareers,fivebelow,https://fivebelow.wd1.myworkdayjobs.com/fivebelowcareers,https://fivebelow.wd1.myworkdayjobs.com/wday/cxs/fivebelow/fivebelowcareers/jobs,2000,vendor-ceiling,
workday,wd1/flcancer/FLCancer_Careers,flcancer,https://flcancer.wd1.myworkdayjobs.com/FLCancer_Careers,https://flcancer.wd1.myworkdayjobs.com/wday/cxs/flcancer/FLCancer_Careers/jobs,332,vendor,
workday,wd1/fleetpride/fleetpridecareer,fleetpride,https://fleetpride.wd1.myworkdayjobs.com/fleetpridecareer,https://fleetpride.wd1.myworkdayjobs.com/wday/cxs/fleetpride/fleetpridecareer/jobs,366,vendor,
workday,wd1/flexerasoftware/FlexeraSoftware,flexerasoftware,https://flexerasoftware.wd1.myworkdayjobs.com/FlexeraSoftware,https://flexerasoftware.wd1.myworkdayjobs.com/wday/cxs/flexerasoftware/FlexeraSoftware/jobs,24,vendor,
workday,wd1/flextronics/Careers,flextronics,https://flextronics.wd1.myworkdayjobs.com/Careers,https://flextronics.wd1.myworkdayjobs.com/wday/cxs/flextronics/Careers/jobs,1527,vendor,
workday,wd1/flir/flircareers,flir,https://flir.wd1.myworkdayjobs.com/flircareers,https://flir.wd1.myworkdayjobs.com/wday/cxs/flir/flircareers/jobs,755,vendor,
workday,wd1/flowserve/applied,flowserve,https://flowserve.wd1.myworkdayjobs.com/applied,https://flowserve.wd1.myworkdayjobs.com/wday/cxs/flowserve/applied/jobs,335,vendor,
workday,wd1/fmr/fidelitycareers,fmr,https://fmr.wd1.myworkdayjobs.com/fidelitycareers,https://fmr.wd1.myworkdayjobs.com/wday/cxs/fmr/fidelitycareers/jobs,797,vendor,
workday,wd1/forcepoint/external-careers,forcepoint,https://forcepoint.wd1.myworkdayjobs.com/external-careers,https://forcepoint.wd1.myworkdayjobs.com/wday/cxs/forcepoint/external-careers/jobs,17,vendor,
workday,wd1/fordfoundation/FordFoundationCareerPage,fordfoundation,https://fordfoundation.wd1.myworkdayjobs.com/FordFoundationCareerPage,https://fordfoundation.wd1.myworkdayjobs.com/wday/cxs/fordfoundation/FordFoundationCareerPage/jobs,4,vendor,
workday,wd1/fortrea/Fortrea,fortrea,https://fortrea.wd1.myworkdayjobs.com/Fortrea,https://fortrea.wd1.myworkdayjobs.com/wday/cxs/fortrea/Fortrea/jobs,329,vendor,
workday,wd1/foundationccc/fccc-careers,foundationccc,https://foundationccc.wd1.myworkdayjobs.com/fccc-careers,https://foundationccc.wd1.myworkdayjobs.com/wday/cxs/foundationccc/fccc-careers/jobs,22,vendor,
workday,wd1/fox/Domestic,fox,https://fox.wd1.myworkdayjobs.com/Domestic,https://fox.wd1.myworkdayjobs.com/wday/cxs/fox/Domestic/jobs,327,vendor,
workday,wd1/fractal/Careers,fractal,https://fractal.wd1.myworkdayjobs.com/Careers,https://fractal.wd1.myworkdayjobs.com/wday/cxs/fractal/Careers/jobs,116,vendor,
workday,wd1/freese/Freese_Nichols_External,freese,https://freese.wd1.myworkdayjobs.com/Freese_Nichols_External,https://freese.wd1.myworkdayjobs.com/wday/cxs/freese/Freese_Nichols_External/jobs,114,vendor,
workday,wd1/fullsteam/External,fullsteam,https://fullsteam.wd1.myworkdayjobs.com/External,https://fullsteam.wd1.myworkdayjobs.com/wday/cxs/fullsteam/External/jobs,13,vendor,
workday,wd1/gaig/National_Interstate_External,gaig,https://gaig.wd1.myworkdayjobs.com/National_Interstate_External,https://gaig.wd1.myworkdayjobs.com/wday/cxs/gaig/National_Interstate_External/jobs,29,vendor,
workday,wd1/gapinc/GAPINC,gapinc,https://gapinc.wd1.myworkdayjobs.com/GAPINC,https://gapinc.wd1.myworkdayjobs.com/wday/cxs/gapinc/GAPINC/jobs,250,vendor,
workday,wd1/gatesfoundation/Gates,gatesfoundation,https://gatesfoundation.wd1.myworkdayjobs.com/Gates,https://gatesfoundation.wd1.myworkdayjobs.com/wday/cxs/gatesfoundation/Gates/jobs,17,vendor,
workday,wd1/gcu/GCU,gcu,https://gcu.wd1.myworkdayjobs.com/GCU,https://gcu.wd1.myworkdayjobs.com/wday/cxs/gcu/GCU/jobs,232,vendor,
workday,wd1/geico/External,geico,https://geico.wd1.myworkdayjobs.com/External,https://geico.wd1.myworkdayjobs.com/wday/cxs/geico/External/jobs,310,vendor,
workday,wd1/gellerco/GellerCareers,gellerco,https://gellerco.wd1.myworkdayjobs.com/GellerCareers,https://gellerco.wd1.myworkdayjobs.com/wday/cxs/gellerco/GellerCareers/jobs,6,vendor,
workday,wd1/gen/careers,gen,https://gen.wd1.myworkdayjobs.com/careers,https://gen.wd1.myworkdayjobs.com/wday/cxs/gen/careers/jobs,0,vendor,
workday,wd1/genesiscare/Genesiscare_Careers,genesiscare,https://genesiscare.wd1.myworkdayjobs.com/Genesiscare_Careers,https://genesiscare.wd1.myworkdayjobs.com/wday/cxs/genesiscare/Genesiscare_Careers/jobs,66,vendor,
workday,wd1/genesys/Genesys,genesys,https://genesys.wd1.myworkdayjobs.com/Genesys,https://genesys.wd1.myworkdayjobs.com/wday/cxs/genesys/Genesys/jobs,191,vendor,
workday,wd1/genmills/GMI_External_Careers,genmills,https://genmills.wd1.myworkdayjobs.com/GMI_External_Careers,https://genmills.wd1.myworkdayjobs.com/wday/cxs/genmills/GMI_External_Careers/jobs,369,vendor,
workday,wd1/genpt/Careers,genpt,https://genpt.wd1.myworkdayjobs.com/Careers,https://genpt.wd1.myworkdayjobs.com/wday/cxs/genpt/Careers/jobs,2757,vendor,
workday,wd1/gensler/genslercareers,gensler,https://gensler.wd1.myworkdayjobs.com/genslercareers,https://gensler.wd1.myworkdayjobs.com/wday/cxs/gensler/genslercareers/jobs,1,vendor,
workday,wd1/georgetown/Georgetown_Admin_Careers,georgetown,https://georgetown.wd1.myworkdayjobs.com/Georgetown_Admin_Careers,https://georgetown.wd1.myworkdayjobs.com/wday/cxs/georgetown/Georgetown_Admin_Careers/jobs,138,vendor,
workday,wd1/ghc/AHN_Careers,ghc,https://ghc.wd1.myworkdayjobs.com/AHN_Careers,https://ghc.wd1.myworkdayjobs.com/wday/cxs/ghc/AHN_Careers/jobs,71,vendor,
workday,wd1/ghr/Lateral-US,ghr,https://ghr.wd1.myworkdayjobs.com/Lateral-US,https://ghr.wd1.myworkdayjobs.com/wday/cxs/ghr/Lateral-US/jobs,1974,vendor,
workday,wd1/gi/Global_Infrastructure,gi,https://gi.wd1.myworkdayjobs.com/Global_Infrastructure,https://gi.wd1.myworkdayjobs.com/wday/cxs/gi/Global_Infrastructure/jobs,210,vendor,
workday,wd1/gia/GIA,gia,https://gia.wd1.myworkdayjobs.com/GIA,https://gia.wd1.myworkdayjobs.com/wday/cxs/gia/GIA/jobs,16,vendor,
workday,wd1/gilead/gileadcareers,gilead,https://gilead.wd1.myworkdayjobs.com/gileadcareers,https://gilead.wd1.myworkdayjobs.com/wday/cxs/gilead/gileadcareers/jobs,523,vendor,
workday,wd1/global/globalpartnerscareers,global,https://global.wd1.myworkdayjobs.com/globalpartnerscareers,https://global.wd1.myworkdayjobs.com/wday/cxs/global/globalpartnerscareers/jobs,1844,vendor,
workday,wd1/globalfoundries/External,globalfoundries,https://globalfoundries.wd1.myworkdayjobs.com/External,https://globalfoundries.wd1.myworkdayjobs.com/wday/cxs/globalfoundries/External/jobs,755,vendor,
workday,wd1/gnw/GNW,gnw,https://gnw.wd1.myworkdayjobs.com/GNW,https://gnw.wd1.myworkdayjobs.com/wday/cxs/gnw/GNW/jobs,55,vendor,
workday,wd1/gobeacon/beaconmobilitycareers,gobeacon,https://gobeacon.wd1.myworkdayjobs.com/beaconmobilitycareers,https://gobeacon.wd1.myworkdayjobs.com/wday/cxs/gobeacon/beaconmobilitycareers/jobs,387,vendor,
workday,wd1/golimitless/Staff_External_career_site,golimitless,https://golimitless.wd1.myworkdayjobs.com/Staff_External_career_site,https://golimitless.wd1.myworkdayjobs.com/wday/cxs/golimitless/Staff_External_career_site/jobs,8,vendor,
workday,wd1/goodrx/Careers,goodrx,https://goodrx.wd1.myworkdayjobs.com/Careers,https://goodrx.wd1.myworkdayjobs.com/wday/cxs/goodrx/Careers/jobs,13,vendor,
workday,wd1/goodwillaz/GoodwillAZ,goodwillaz,https://goodwillaz.wd1.myworkdayjobs.com/GoodwillAZ,https://goodwillaz.wd1.myworkdayjobs.com/wday/cxs/goodwillaz/GoodwillAZ/jobs,523,vendor,
workday,wd1/goucher/Goucher_Careers,goucher,https://goucher.wd1.myworkdayjobs.com/Goucher_Careers,https://goucher.wd1.myworkdayjobs.com/wday/cxs/goucher/Goucher_Careers/jobs,7,vendor,
workday,wd1/granite/careers,granite,https://granite.wd1.myworkdayjobs.com/careers,https://granite.wd1.myworkdayjobs.com/wday/cxs/granite/careers/jobs,262,vendor,
workday,wd1/graybar/Careers,graybar,https://graybar.wd1.myworkdayjobs.com/Careers,https://graybar.wd1.myworkdayjobs.com/wday/cxs/graybar/Careers/jobs,453,vendor,
workday,wd1/greendotcorp/gdc,greendotcorp,https://greendotcorp.wd1.myworkdayjobs.com/gdc,https://greendotcorp.wd1.myworkdayjobs.com/wday/cxs/greendotcorp/gdc/jobs,35,vendor,
workday,wd1/greystar/confidentialexternal,greystar,https://greystar.wd1.myworkdayjobs.com/confidentialexternal,https://greystar.wd1.myworkdayjobs.com/wday/cxs/greystar/confidentialexternal/jobs,14,vendor,
workday,wd1/gtlaw/gtlaw,gtlaw,https://gtlaw.wd1.myworkdayjobs.com/gtlaw,https://gtlaw.wd1.myworkdayjobs.com/wday/cxs/gtlaw/gtlaw/jobs,253,vendor,
workday,wd1/guggenheim/Guggenheim_Careers_Campus,guggenheim,https://guggenheim.wd1.myworkdayjobs.com/Guggenheim_Careers_Campus,https://guggenheim.wd1.myworkdayjobs.com/wday/cxs/guggenheim/Guggenheim_Careers_Campus/jobs,10,vendor,
workday,wd1/guidehouse/External,guidehouse,https://guidehouse.wd1.myworkdayjobs.com/External,https://guidehouse.wd1.myworkdayjobs.com/wday/cxs/guidehouse/External/jobs,838,vendor,
workday,wd1/guilford/Guilford_Careers,guilford,https://guilford.wd1.myworkdayjobs.com/Guilford_Careers,https://guilford.wd1.myworkdayjobs.com/wday/cxs/guilford/Guilford_Careers/jobs,16,vendor,
workday,wd1/gvsu/careers,gvsu,https://gvsu.wd1.myworkdayjobs.com/careers,https://gvsu.wd1.myworkdayjobs.com/wday/cxs/gvsu/careers/jobs,29,vendor,
workday,wd1/hcsc/HCSC_External,hcsc,https://hcsc.wd1.myworkdayjobs.com/HCSC_External,https://hcsc.wd1.myworkdayjobs.com/wday/cxs/hcsc/HCSC_External/jobs,178,vendor,
workday,wd1/hcso/External,hcso,https://hcso.wd1.myworkdayjobs.com/External,https://hcso.wd1.myworkdayjobs.com/wday/cxs/hcso/External/jobs,21,vendor,
workday,wd1/healthcare/Search,healthcare,https://healthcare.wd1.myworkdayjobs.com/Search,https://healthcare.wd1.myworkdayjobs.com/wday/cxs/healthcare/Search/jobs,407,vendor,
workday,wd1/hedgeserv/HedgeServ,hedgeserv,https://hedgeserv.wd1.myworkdayjobs.com/HedgeServ,https://hedgeserv.wd1.myworkdayjobs.com/wday/cxs/hedgeserv/HedgeServ/jobs,67,vendor,
workday,wd1/heinz/KraftHeinz_Careers,heinz,https://heinz.wd1.myworkdayjobs.com/KraftHeinz_Careers,https://heinz.wd1.myworkdayjobs.com/wday/cxs/heinz/KraftHeinz_Careers/jobs,904,vendor,
workday,wd1/henryschein/External_Careers,henryschein,https://henryschein.wd1.myworkdayjobs.com/External_Careers,https://henryschein.wd1.myworkdayjobs.com/wday/cxs/henryschein/External_Careers/jobs,258,vendor,
workday,wd1/hhmi/External,hhmi,https://hhmi.wd1.myworkdayjobs.com/External,https://hhmi.wd1.myworkdayjobs.com/wday/cxs/hhmi/External/jobs,51,vendor,
workday,wd1/highmarkhealth/highmark,highmarkhealth,https://highmarkhealth.wd1.myworkdayjobs.com/highmark,https://highmarkhealth.wd1.myworkdayjobs.com/wday/cxs/highmarkhealth/highmark/jobs,1923,vendor,
workday,wd1/hitachi/hitachi,hitachi,https://hitachi.wd1.myworkdayjobs.com/hitachi,https://hitachi.wd1.myworkdayjobs.com/wday/cxs/hitachi/hitachi/jobs,4214,vendor,
workday,wd1/hklaw/Holland_Knight,hklaw,https://hklaw.wd1.myworkdayjobs.com/Holland_Knight,https://hklaw.wd1.myworkdayjobs.com/wday/cxs/hklaw/Holland_Knight/jobs,63,vendor,
workday,wd1/hollandhospital/External,hollandhospital,https://hollandhospital.wd1.myworkdayjobs.com/External,https://hollandhospital.wd1.myworkdayjobs.com/wday/cxs/hollandhospital/External/jobs,61,vendor,
workday,wd1/holmanautogroup/HolmanEnterprisesCareers,holmanautogroup,https://holmanautogroup.wd1.myworkdayjobs.com/HolmanEnterprisesCareers,https://holmanautogroup.wd1.myworkdayjobs.com/wday/cxs/holmanautogroup/HolmanEnterprisesCareers/jobs,196,vendor,
workday,wd1/holmesmurphy/HolmesMurphyCareers,holmesmurphy,https://holmesmurphy.wd1.myworkdayjobs.com/HolmesMurphyCareers,https://holmesmurphy.wd1.myworkdayjobs.com/wday/cxs/holmesmurphy/HolmesMurphyCareers/jobs,52,vendor,
workday,wd1/howard/HU,howard,https://howard.wd1.myworkdayjobs.com/HU,https://howard.wd1.myworkdayjobs.com/wday/cxs/howard/HU/jobs,170,vendor,
workday,wd1/hrone/TRG,hrone,https://hrone.wd1.myworkdayjobs.com/TRG,https://hrone.wd1.myworkdayjobs.com/wday/cxs/hrone/TRG/jobs,4,vendor,
workday,wd1/hshs/hshscareers,hshs,https://hshs.wd1.myworkdayjobs.com/hshscareers,https://hshs.wd1.myworkdayjobs.com/wday/cxs/hshs/hshscareers/jobs,424,vendor,
workday,wd1/hubinternational/HUBInternational,hubinternational,https://hubinternational.wd1.myworkdayjobs.com/HUBInternational,https://hubinternational.wd1.myworkdayjobs.com/wday/cxs/hubinternational/HUBInternational/jobs,565,vendor,
workday,wd1/huntsman/Huntsman,huntsman,https://huntsman.wd1.myworkdayjobs.com/Huntsman,https://huntsman.wd1.myworkdayjobs.com/wday/cxs/huntsman/Huntsman/jobs,147,vendor,
workday,wd1/huron/huroncareers,huron,https://huron.wd1.myworkdayjobs.com/huroncareers,https://huron.wd1.myworkdayjobs.com/wday/cxs/huron/huroncareers/jobs,253,vendor,
workday,wd1/hyvee/HyVeeCareers,hyvee,https://hyvee.wd1.myworkdayjobs.com/HyVeeCareers,https://hyvee.wd1.myworkdayjobs.com/wday/cxs/hyvee/HyVeeCareers/jobs,1845,vendor,
workday,wd1/ielfreight/external,ielfreight,https://ielfreight.wd1.myworkdayjobs.com/external,https://ielfreight.wd1.myworkdayjobs.com/wday/cxs/ielfreight/external/jobs,20,vendor,
workday,wd1/illumina/illumina-careers,illumina,https://illumina.wd1.myworkdayjobs.com/illumina-careers,https://illumina.wd1.myworkdayjobs.com/wday/cxs/illumina/illumina-careers/jobs,161,vendor,
workday,wd1/ingredion/IngredionCareers,ingredion,https://ingredion.wd1.myworkdayjobs.com/IngredionCareers,https://ingredion.wd1.myworkdayjobs.com/wday/cxs/ingredion/IngredionCareers/jobs,244,vendor,
workday,wd1/inmar/inmarcareers,inmar,https://inmar.wd1.myworkdayjobs.com/inmarcareers,https://inmar.wd1.myworkdayjobs.com/wday/cxs/inmar/inmarcareers/jobs,53,vendor,
workday,wd1/integer/External,integer,https://integer.wd1.myworkdayjobs.com/External,https://integer.wd1.myworkdayjobs.com/wday/cxs/integer/External/jobs,249,vendor,
workday,wd1/integralads/IAScareers,integralads,https://integralads.wd1.myworkdayjobs.com/IAScareers,https://integralads.wd1.myworkdayjobs.com/wday/cxs/integralads/IAScareers/jobs,13,vendor,
workday,wd1/intel/External,intel,https://intel.wd1.myworkdayjobs.com/External,https://intel.wd1.myworkdayjobs.com/wday/cxs/intel/External/jobs,670,vendor,
workday,wd1/intelliatx/intelliatxcareers,intelliatx,https://intelliatx.wd1.myworkdayjobs.com/intelliatxcareers,https://intelliatx.wd1.myworkdayjobs.com/wday/cxs/intelliatx/intelliatxcareers/jobs,14,vendor,
workday,wd1/intervarsity/intervarsitychristianfellowshipcareers,intervarsity,https://intervarsity.wd1.myworkdayjobs.com/intervarsitychristianfellowshipcareers,https://intervarsity.wd1.myworkdayjobs.com/wday/cxs/intervarsity/intervarsitychristianfellowshipcareers/jobs,229,vendor,
workday,wd1/invenergyllc/invenergycareers,invenergyllc,https://invenergyllc.wd1.myworkdayjobs.com/invenergycareers,https://invenergyllc.wd1.myworkdayjobs.com/wday/cxs/invenergyllc/invenergycareers/jobs,172,vendor,
workday,wd1/invesco/IVZ,invesco,https://invesco.wd1.myworkdayjobs.com/IVZ,https://invesco.wd1.myworkdayjobs.com/wday/cxs/invesco/IVZ/jobs,236,vendor,
workday,wd1/iqvia/IQVIA,iqvia,https://iqvia.wd1.myworkdayjobs.com/IQVIA,https://iqvia.wd1.myworkdayjobs.com/wday/cxs/iqvia/IQVIA/jobs,1870,vendor,
workday,wd1/issgovernance/ISScareers,issgovernance,https://issgovernance.wd1.myworkdayjobs.com/ISScareers,https://issgovernance.wd1.myworkdayjobs.com/wday/cxs/issgovernance/ISScareers/jobs,79,vendor,
workday,wd1/isu/IowaStateJobs,isu,https://isu.wd1.myworkdayjobs.com/IowaStateJobs,https://isu.wd1.myworkdayjobs.com/wday/cxs/isu/IowaStateJobs/jobs,97,vendor,
workday,wd1/ivytech/Ivy_Tech_Careers,ivytech,https://ivytech.wd1.myworkdayjobs.com/Ivy_Tech_Careers,https://ivytech.wd1.myworkdayjobs.com/wday/cxs/ivytech/Ivy_Tech_Careers/jobs,524,vendor,
workday,wd1/jacksonhealthcare/careers-jacksonhealthcare,jacksonhealthcare,https://jacksonhealthcare.wd1.myworkdayjobs.com/careers-jacksonhealthcare,https://jacksonhealthcare.wd1.myworkdayjobs.com/wday/cxs/jacksonhealthcare/careers-jacksonhealthcare/jobs,43,vendor,
workday,wd1/jcrew/JCrewCareers,jcrew,https://jcrew.wd1.myworkdayjobs.com/JCrewCareers,https://jcrew.wd1.myworkdayjobs.com/wday/cxs/jcrew/JCrewCareers/jobs,1172,vendor,
workday,wd1/jdgroupnam/HSPRETAIL,jdgroupnam,https://jdgroupnam.wd1.myworkdayjobs.com/HSPRETAIL,https://jdgroupnam.wd1.myworkdayjobs.com/wday/cxs/jdgroupnam/HSPRETAIL/jobs,2132,vendor,
workday,wd1/jerrys/jerrysfoods,jerrys,https://jerrys.wd1.myworkdayjobs.com/jerrysfoods,https://jerrys.wd1.myworkdayjobs.com/wday/cxs/jerrys/jerrysfoods/jobs,74,vendor,
workday,wd1/jll/jllcareers,jll,https://jll.wd1.myworkdayjobs.com/jllcareers,https://jll.wd1.myworkdayjobs.com/wday/cxs/jll/jllcareers/jobs,3642,vendor,
workday,wd1/jscfcu/JSC,jscfcu,https://jscfcu.wd1.myworkdayjobs.com/JSC,https://jscfcu.wd1.myworkdayjobs.com/wday/cxs/jscfcu/JSC/jobs,47,vendor,
workday,wd1/kauffman/External,kauffman,https://kauffman.wd1.myworkdayjobs.com/External,https://kauffman.wd1.myworkdayjobs.com/wday/cxs/kauffman/External/jobs,4,vendor,
workday,wd1/kcura/External_Career_Site,kcura,https://kcura.wd1.myworkdayjobs.com/External_Career_Site,https://kcura.wd1.myworkdayjobs.com/wday/cxs/kcura/External_Career_Site/jobs,76,vendor,
workday,wd1/kidsii/KidsII_Career_Site,kidsii,https://kidsii.wd1.myworkdayjobs.com/KidsII_Career_Site,https://kidsii.wd1.myworkdayjobs.com/wday/cxs/kidsii/KidsII_Career_Site/jobs,37,vendor,
workday,wd1/kimberlyclark/GLOBAL,kimberlyclark,https://kimberlyclark.wd1.myworkdayjobs.com/GLOBAL,https://kimberlyclark.wd1.myworkdayjobs.com/wday/cxs/kimberlyclark/GLOBAL/jobs,156,vendor,
workday,wd1/kla/Search,kla,https://kla.wd1.myworkdayjobs.com/Search,https://kla.wd1.myworkdayjobs.com/wday/cxs/kla/Search/jobs,1076,vendor,
workday,wd1/labcorp/External,labcorp,https://labcorp.wd1.myworkdayjobs.com/External,https://labcorp.wd1.myworkdayjobs.com/wday/cxs/labcorp/External/jobs,1784,vendor,
workday,wd1/lambweston/External_Vacancies,lambweston,https://lambweston.wd1.myworkdayjobs.com/External_Vacancies,https://lambweston.wd1.myworkdayjobs.com/wday/cxs/lambweston/External_Vacancies/jobs,46,vendor,
workday,wd1/landolakes/LandOLakes,landolakes,https://landolakes.wd1.myworkdayjobs.com/LandOLakes,https://landolakes.wd1.myworkdayjobs.com/wday/cxs/landolakes/LandOLakes/jobs,191,vendor,
workday,wd1/lendingclub/External,lendingclub,https://lendingclub.wd1.myworkdayjobs.com/External,https://lendingclub.wd1.myworkdayjobs.com/wday/cxs/lendingclub/External/jobs,39,vendor,
workday,wd1/lennar/Lennar_Jobs,lennar,https://lennar.wd1.myworkdayjobs.com/Lennar_Jobs,https://lennar.wd1.myworkdayjobs.com/wday/cxs/lennar/Lennar_Jobs/jobs,309,vendor,
workday,wd1/lexmark/Lexmark,lexmark,https://lexmark.wd1.myworkdayjobs.com/Lexmark,https://lexmark.wd1.myworkdayjobs.com/wday/cxs/lexmark/Lexmark/jobs,0,vendor,
workday,wd1/lifefitness/searchLFN,lifefitness,https://lifefitness.wd1.myworkdayjobs.com/searchLFN,https://lifefitness.wd1.myworkdayjobs.com/wday/cxs/lifefitness/searchLFN/jobs,75,vendor,
workday,wd1/llbean/LLBean_Careers,llbean,https://llbean.wd1.myworkdayjobs.com/LLBean_Careers,https://llbean.wd1.myworkdayjobs.com/wday/cxs/llbean/LLBean_Careers/jobs,125,vendor,
workday,wd1/lmu/Careers,lmu,https://lmu.wd1.myworkdayjobs.com/Careers,https://lmu.wd1.myworkdayjobs.com/wday/cxs/lmu/Careers/jobs,112,vendor,
workday,wd1/loewscorp/loewscorp,loewscorp,https://loewscorp.wd1.myworkdayjobs.com/loewscorp,https://loewscorp.wd1.myworkdayjobs.com/wday/cxs/loewscorp/loewscorp/jobs,2,vendor,
workday,wd1/looprecruiting/External,looprecruiting,https://looprecruiting.wd1.myworkdayjobs.com/External,https://looprecruiting.wd1.myworkdayjobs.com/wday/cxs/looprecruiting/External/jobs,1,vendor,
workday,wd1/lplfinancial/External,lplfinancial,https://lplfinancial.wd1.myworkdayjobs.com/External,https://lplfinancial.wd1.myworkdayjobs.com/wday/cxs/lplfinancial/External/jobs,303,vendor,
workday,wd1/lsu/LSU,lsu,https://lsu.wd1.myworkdayjobs.com/LSU,https://lsu.wd1.myworkdayjobs.com/wday/cxs/lsu/LSU/jobs,292,vendor,
workday,wd1/lumeris/LC,lumeris,https://lumeris.wd1.myworkdayjobs.com/LC,https://lumeris.wd1.myworkdayjobs.com/wday/cxs/lumeris/LC/jobs,9,vendor,
workday,wd1/macfound/MAC_FOUND_EXT_CAREERS,macfound,https://macfound.wd1.myworkdayjobs.com/MAC_FOUND_EXT_CAREERS,https://macfound.wd1.myworkdayjobs.com/wday/cxs/macfound/MAC_FOUND_EXT_CAREERS/jobs,3,vendor,
workday,wd1/maricopa/MC_External,maricopa,https://maricopa.wd1.myworkdayjobs.com/MC_External,https://maricopa.wd1.myworkdayjobs.com/wday/cxs/maricopa/MC_External/jobs,80,vendor,
workday,wd1/maritz/Maritz,maritz,https://maritz.wd1.myworkdayjobs.com/Maritz,https://maritz.wd1.myworkdayjobs.com/wday/cxs/maritz/Maritz/jobs,22,vendor,
workday,wd1/martin/MPHC,martin,https://martin.wd1.myworkdayjobs.com/MPHC,https://martin.wd1.myworkdayjobs.com/wday/cxs/martin/MPHC/jobs,29,vendor,
workday,wd1/marvell/MarvellCareers,marvell,https://marvell.wd1.myworkdayjobs.com/MarvellCareers,https://marvell.wd1.myworkdayjobs.com/wday/cxs/marvell/MarvellCareers/jobs,299,vendor,
workday,wd1/marylandconnect/SU_Careers,marylandconnect,https://marylandconnect.wd1.myworkdayjobs.com/SU_Careers,https://marylandconnect.wd1.myworkdayjobs.com/wday/cxs/marylandconnect/SU_Careers/jobs,43,vendor,
workday,wd1/masco/Masco,masco,https://masco.wd1.myworkdayjobs.com/Masco,https://masco.wd1.myworkdayjobs.com/wday/cxs/masco/Masco/jobs,165,vendor,
workday,wd1/massgeneralbrigham/MGBExternal,massgeneralbrigham,https://massgeneralbrigham.wd1.myworkdayjobs.com/MGBExternal,https://massgeneralbrigham.wd1.myworkdayjobs.com/wday/cxs/massgeneralbrigham/MGBExternal/jobs,2000,vendor-ceiling,
workday,wd1/massmutual/MMAscendCareers,massmutual,https://massmutual.wd1.myworkdayjobs.com/MMAscendCareers,https://massmutual.wd1.myworkdayjobs.com/wday/cxs/massmutual/MMAscendCareers/jobs,1,vendor,
workday,wd1/mastercard/CorporateCareers,mastercard,https://mastercard.wd1.myworkdayjobs.com/CorporateCareers,https://mastercard.wd1.myworkdayjobs.com/wday/cxs/mastercard/CorporateCareers/jobs,1111,vendor,
workday,wd1/mattressfirm/mattressfirmcareers,mattressfirm,https://mattressfirm.wd1.myworkdayjobs.com/mattressfirmcareers,https://mattressfirm.wd1.myworkdayjobs.com/wday/cxs/mattressfirm/mattressfirmcareers/jobs,229,vendor,
workday,wd1/mavenir/Mavenir_Careers,mavenir,https://mavenir.wd1.myworkdayjobs.com/Mavenir_Careers,https://mavenir.wd1.myworkdayjobs.com/wday/cxs/mavenir/Mavenir_Careers/jobs,16,vendor,
workday,wd1/maxar/Vantor,maxar,https://maxar.wd1.myworkdayjobs.com/Vantor,https://maxar.wd1.myworkdayjobs.com/wday/cxs/maxar/Vantor/jobs,140,vendor,
workday,wd1/mc/external,mc,https://mc.wd1.myworkdayjobs.com/external,https://mc.wd1.myworkdayjobs.com/wday/cxs/mc/external/jobs,37,vendor,
workday,wd1/mccowngordon/MGC,mccowngordon,https://mccowngordon.wd1.myworkdayjobs.com/MGC,https://mccowngordon.wd1.myworkdayjobs.com/wday/cxs/mccowngordon/MGC/jobs,33,vendor,
workday,wd1/medtronic/MedtronicCareers,medtronic,https://medtronic.wd1.myworkdayjobs.com/MedtronicCareers,https://medtronic.wd1.myworkdayjobs.com/wday/cxs/medtronic/MedtronicCareers/jobs,1071,vendor,
workday,wd1/meowwolf/MeowWolf,meowwolf,https://meowwolf.wd1.myworkdayjobs.com/MeowWolf,https://meowwolf.wd1.myworkdayjobs.com/wday/cxs/meowwolf/MeowWolf/jobs,21,vendor,
workday,wd1/merceruniversity/external,merceruniversity,https://merceruniversity.wd1.myworkdayjobs.com/external,https://merceruniversity.wd1.myworkdayjobs.com/wday/cxs/merceruniversity/external/jobs,96,vendor,
workday,wd1/mercy/mercycareers,mercy,https://mercy.wd1.myworkdayjobs.com/mercycareers,https://mercy.wd1.myworkdayjobs.com/wday/cxs/mercy/mercycareers/jobs,2214,vendor,
workday,wd1/methodisthealthsystem/MHS_Careers,methodisthealthsystem,https://methodisthealthsystem.wd1.myworkdayjobs.com/MHS_Careers,https://methodisthealthsystem.wd1.myworkdayjobs.com/wday/cxs/methodisthealthsystem/MHS_Careers/jobs,757,vendor,
workday,wd1/micron/External,micron,https://micron.wd1.myworkdayjobs.com/External,https://micron.wd1.myworkdayjobs.com/wday/cxs/micron/External/jobs,3106,vendor,
workday,wd1/midtown/Midtown_Careers,midtown,https://midtown.wd1.myworkdayjobs.com/Midtown_Careers,https://midtown.wd1.myworkdayjobs.com/wday/cxs/midtown/Midtown_Careers/jobs,106,vendor,
workday,wd1/millerknoll/MillerKnoll,millerknoll,https://millerknoll.wd1.myworkdayjobs.com/MillerKnoll,https://millerknoll.wd1.myworkdayjobs.com/wday/cxs/millerknoll/MillerKnoll/jobs,230,vendor,
workday,wd1/mines/Mines_Careers,mines,https://mines.wd1.myworkdayjobs.com/Mines_Careers,https://mines.wd1.myworkdayjobs.com/wday/cxs/mines/Mines_Careers/jobs,28,vendor,
workday,wd1/mizuho/mizuhoamericas,mizuho,https://mizuho.wd1.myworkdayjobs.com/mizuhoamericas,https://mizuho.wd1.myworkdayjobs.com/wday/cxs/mizuho/mizuhoamericas/jobs,116,vendor,
workday,wd1/mksinst/MKSCareersAmericas,mksinst,https://mksinst.wd1.myworkdayjobs.com/MKSCareersAmericas,https://mksinst.wd1.myworkdayjobs.com/wday/cxs/mksinst/MKSCareersAmericas/jobs,184,vendor,
workday,wd1/mmc/mmc,mmc,https://mmc.wd1.myworkdayjobs.com/mmc,https://mmc.wd1.myworkdayjobs.com/wday/cxs/mmc/mmc/jobs,1957,vendor,
workday,wd1/modernatx/M_tx,modernatx,https://modernatx.wd1.myworkdayjobs.com/M_tx,https://modernatx.wd1.myworkdayjobs.com/wday/cxs/modernatx/M_tx/jobs,256,vendor,
workday,wd1/mohegan/Mohegan,mohegan,https://mohegan.wd1.myworkdayjobs.com/Mohegan,https://mohegan.wd1.myworkdayjobs.com/wday/cxs/mohegan/Mohegan/jobs,191,vendor,
workday,wd1/momentive/MC,momentive,https://momentive.wd1.myworkdayjobs.com/MC,https://momentive.wd1.myworkdayjobs.com/wday/cxs/momentive/MC/jobs,130,vendor,
workday,wd1/monotype/Monotype,monotype,https://monotype.wd1.myworkdayjobs.com/Monotype,https://monotype.wd1.myworkdayjobs.com/wday/cxs/monotype/Monotype/jobs,46,vendor,
workday,wd1/montage/Montage_International,montage,https://montage.wd1.myworkdayjobs.com/Montage_International,https://montage.wd1.myworkdayjobs.com/wday/cxs/montage/Montage_International/jobs,480,vendor,
workday,wd1/montclair/JobOpportunities,montclair,https://montclair.wd1.myworkdayjobs.com/JobOpportunities,https://montclair.wd1.myworkdayjobs.com/wday/cxs/montclair/JobOpportunities/jobs,37,vendor,
workday,wd1/motiva/MotivaCareers,motiva,https://motiva.wd1.myworkdayjobs.com/MotivaCareers,https://motiva.wd1.myworkdayjobs.com/wday/cxs/motiva/MotivaCareers/jobs,17,vendor,
workday,wd1/mpc/MPCCareers,mpc,https://mpc.wd1.myworkdayjobs.com/MPCCareers,https://mpc.wd1.myworkdayjobs.com/wday/cxs/mpc/MPCCareers/jobs,115,vendor,
workday,wd1/msudenver/MSUDenver,msudenver,https://msudenver.wd1.myworkdayjobs.com/MSUDenver,https://msudenver.wd1.myworkdayjobs.com/wday/cxs/msudenver/MSUDenver/jobs,121,vendor,
workday,wd1/multco/Multco_Jobs,multco,https://multco.wd1.myworkdayjobs.com/Multco_Jobs,https://multco.wd1.myworkdayjobs.com/wday/cxs/multco/Multco_Jobs/jobs,36,vendor,
workday,wd1/multicare/multicare,multicare,https://multicare.wd1.myworkdayjobs.com/multicare,https://multicare.wd1.myworkdayjobs.com/wday/cxs/multicare/multicare/jobs,1348,vendor,
workday,wd1/nabancard/nab,nabancard,https://nabancard.wd1.myworkdayjobs.com/nab,https://nabancard.wd1.myworkdayjobs.com/wday/cxs/nabancard/nab/jobs,33,vendor,
workday,wd1/nas/NAS_Careers,nas,https://nas.wd1.myworkdayjobs.com/NAS_Careers,https://nas.wd1.myworkdayjobs.com/wday/cxs/nas/NAS_Careers/jobs,39,vendor,
workday,wd1/nascar/NASCAR,nascar,https://nascar.wd1.myworkdayjobs.com/NASCAR,https://nascar.wd1.myworkdayjobs.com/wday/cxs/nascar/NASCAR/jobs,112,vendor,
workday,wd1/nasdaq/Global_External_Site,nasdaq,https://nasdaq.wd1.myworkdayjobs.com/Global_External_Site,https://nasdaq.wd1.myworkdayjobs.com/wday/cxs/nasdaq/Global_External_Site/jobs,175,vendor,
workday,wd1/nationwide/Nationwide_Career,nationwide,https://nationwide.wd1.myworkdayjobs.com/Nationwide_Career,https://nationwide.wd1.myworkdayjobs.com/wday/cxs/nationwide/Nationwide_Career/jobs,155,vendor,
workday,wd1/nb/NBCareers,nb,https://nb.wd1.myworkdayjobs.com/NBCareers,https://nb.wd1.myworkdayjobs.com/wday/cxs/nb/NBCareers/jobs,85,vendor,
workday,wd1/ncr/ext_us,ncr,https://ncr.wd1.myworkdayjobs.com/ext_us,https://ncr.wd1.myworkdayjobs.com/wday/cxs/ncr/ext_us/jobs,175,vendor,
workday,wd1/ncratleos/ext_non_usalteos,ncratleos,https://ncratleos.wd1.myworkdayjobs.com/ext_non_usalteos,https://ncratleos.wd1.myworkdayjobs.com/wday/cxs/ncratleos/ext_non_usalteos/jobs,122,vendor,
workday,wd1/nebraskablue/BCBSNE,nebraskablue,https://nebraskablue.wd1.myworkdayjobs.com/BCBSNE,https://nebraskablue.wd1.myworkdayjobs.com/wday/cxs/nebraskablue/BCBSNE/jobs,10,vendor,
workday,wd1/neighborlybrands/neighborly,neighborlybrands,https://neighborlybrands.wd1.myworkdayjobs.com/neighborly,https://neighborlybrands.wd1.myworkdayjobs.com/wday/cxs/neighborlybrands/neighborly/jobs,17,vendor,
workday,wd1/nelnet/MyNelnet,nelnet,https://nelnet.wd1.myworkdayjobs.com/MyNelnet,https://nelnet.wd1.myworkdayjobs.com/wday/cxs/nelnet/MyNelnet/jobs,60,vendor,
workday,wd1/newrez/nrz,newrez,https://newrez.wd1.myworkdayjobs.com/nrz,https://newrez.wd1.myworkdayjobs.com/wday/cxs/newrez/nrz/jobs,110,vendor,
workday,wd1/newschool/External,newschool,https://newschool.wd1.myworkdayjobs.com/External,https://newschool.wd1.myworkdayjobs.com/wday/cxs/newschool/External/jobs,194,vendor,
workday,wd1/ngc/Northrop_Grumman_External_Site,ngc,https://ngc.wd1.myworkdayjobs.com/Northrop_Grumman_External_Site,https://ngc.wd1.myworkdayjobs.com/wday/cxs/ngc/Northrop_Grumman_External_Site/jobs,3743,vendor,
workday,wd1/nike/nke,nike,https://nike.wd1.myworkdayjobs.com/nke,https://nike.wd1.myworkdayjobs.com/wday/cxs/nike/nke/jobs,832,vendor,
workday,wd1/nike/nke2,nike,https://nike.wd1.myworkdayjobs.com/nke2,https://nike.wd1.myworkdayjobs.com/wday/cxs/nike/nke2/jobs,453,vendor,
workday,wd1/nisource/NiSource,nisource,https://nisource.wd1.myworkdayjobs.com/NiSource,https://nisource.wd1.myworkdayjobs.com/wday/cxs/nisource/NiSource/jobs,39,vendor,
workday,wd1/ntrs/northerntrust,ntrs,https://ntrs.wd1.myworkdayjobs.com/northerntrust,https://ntrs.wd1.myworkdayjobs.com/wday/cxs/ntrs/northerntrust/jobs,585,vendor,
workday,wd1/odfl/ODFL_Careers,odfl,https://odfl.wd1.myworkdayjobs.com/ODFL_Careers,https://odfl.wd1.myworkdayjobs.com/wday/cxs/odfl/ODFL_Careers/jobs,219,vendor,
workday,wd1/oneok/ONEOK,oneok,https://oneok.wd1.myworkdayjobs.com/ONEOK,https://oneok.wd1.myworkdayjobs.com/wday/cxs/oneok/ONEOK/jobs,86,vendor,
workday,wd1/osu/OSUCareers,osu,https://osu.wd1.myworkdayjobs.com/OSUCareers,https://osu.wd1.myworkdayjobs.com/wday/cxs/osu/OSUCareers/jobs,1073,vendor,
workday,wd1/outfrontmedia/outfrontmedia,outfrontmedia,https://outfrontmedia.wd1.myworkdayjobs.com/outfrontmedia,https://outfrontmedia.wd1.myworkdayjobs.com/wday/cxs/outfrontmedia/outfrontmedia/jobs,72,vendor,
workday,wd1/owensminor/OMCareers,owensminor,https://owensminor.wd1.myworkdayjobs.com/OMCareers,https://owensminor.wd1.myworkdayjobs.com/wday/cxs/owensminor/OMCareers/jobs,155,vendor,
workday,wd1/pae/amentum_careers,pae,https://pae.wd1.myworkdayjobs.com/amentum_careers,https://pae.wd1.myworkdayjobs.com/wday/cxs/pae/amentum_careers/jobs,2765,vendor,
workday,wd1/palmbeachstate/external,palmbeachstate,https://palmbeachstate.wd1.myworkdayjobs.com/external,https://palmbeachstate.wd1.myworkdayjobs.com/wday/cxs/palmbeachstate/external/jobs,272,vendor,
workday,wd1/park/ParkUniversityCareers,park,https://park.wd1.myworkdayjobs.com/ParkUniversityCareers,https://park.wd1.myworkdayjobs.com/wday/cxs/park/ParkUniversityCareers/jobs,9,vendor,
workday,wd1/path/External,path,https://path.wd1.myworkdayjobs.com/External,https://path.wd1.myworkdayjobs.com/wday/cxs/path/External/jobs,60,vendor,
workday,wd1/pciservices/External,pciservices,https://pciservices.wd1.myworkdayjobs.com/External,https://pciservices.wd1.myworkdayjobs.com/wday/cxs/pciservices/External/jobs,296,vendor,
workday,wd1/peak6group/apexfintechsolutions,peak6group,https://peak6group.wd1.myworkdayjobs.com/apexfintechsolutions,https://peak6group.wd1.myworkdayjobs.com/wday/cxs/peak6group/apexfintechsolutions/jobs,45,vendor,
workday,wd1/pfizer/PfizerCareers,pfizer,https://pfizer.wd1.myworkdayjobs.com/PfizerCareers,https://pfizer.wd1.myworkdayjobs.com/wday/cxs/pfizer/PfizerCareers/jobs,590,vendor,
workday,wd1/phsorg/Careers,phsorg,https://phsorg.wd1.myworkdayjobs.com/Careers,https://phsorg.wd1.myworkdayjobs.com/wday/cxs/phsorg/Careers/jobs,589,vendor,
workday,wd1/pimco/pimco-careers,pimco,https://pimco.wd1.myworkdayjobs.com/pimco-careers,https://pimco.wd1.myworkdayjobs.com/wday/cxs/pimco/pimco-careers/jobs,179,vendor,
workday,wd1/plantemoran/pmexternalcareers,plantemoran,https://plantemoran.wd1.myworkdayjobs.com/pmexternalcareers,https://plantemoran.wd1.myworkdayjobs.com/wday/cxs/plantemoran/pmexternalcareers/jobs,157,vendor,
workday,wd1/pluralsight/Careers,pluralsight,https://pluralsight.wd1.myworkdayjobs.com/Careers,https://pluralsight.wd1.myworkdayjobs.com/wday/cxs/pluralsight/Careers/jobs,17,vendor,
workday,wd1/poet/POET,poet,https://poet.wd1.myworkdayjobs.com/POET,https://poet.wd1.myworkdayjobs.com/wday/cxs/poet/POET/jobs,111,vendor,
workday,wd1/pretiumenterpriseservices/PR,pretiumenterpriseservices,https://pretiumenterpriseservices.wd1.myworkdayjobs.com/PR,https://pretiumenterpriseservices.wd1.myworkdayjobs.com/wday/cxs/pretiumenterpriseservices/PR/jobs,78,vendor,
workday,wd1/priceline/bookingholdings,priceline,https://priceline.wd1.myworkdayjobs.com/bookingholdings,https://priceline.wd1.myworkdayjobs.com/wday/cxs/priceline/bookingholdings/jobs,20,vendor,
workday,wd1/priceline/Priceline,priceline,https://priceline.wd1.myworkdayjobs.com/Priceline,https://priceline.wd1.myworkdayjobs.com/wday/cxs/priceline/Priceline/jobs,55,vendor,
workday,wd1/primetherapeutics/PrimeTherapeuticsCareers,primetherapeutics,https://primetherapeutics.wd1.myworkdayjobs.com/PrimeTherapeuticsCareers,https://primetherapeutics.wd1.myworkdayjobs.com/wday/cxs/primetherapeutics/PrimeTherapeuticsCareers/jobs,17,vendor,
workday,wd1/propharmagroup/ppgcareers,propharmagroup,https://propharmagroup.wd1.myworkdayjobs.com/ppgcareers,https://propharmagroup.wd1.myworkdayjobs.com/wday/cxs/propharmagroup/ppgcareers/jobs,66,vendor,
workday,wd1/psu/PSU_Academic,psu,https://psu.wd1.myworkdayjobs.com/PSU_Academic,https://psu.wd1.myworkdayjobs.com/wday/cxs/psu/PSU_Academic/jobs,414,vendor,
workday,wd1/ptc/PTC,ptc,https://ptc.wd1.myworkdayjobs.com/PTC,https://ptc.wd1.myworkdayjobs.com/wday/cxs/ptc/PTC/jobs,176,vendor,
workday,wd1/pultegroup/PGI,pultegroup,https://pultegroup.wd1.myworkdayjobs.com/PGI,https://pultegroup.wd1.myworkdayjobs.com/wday/cxs/pultegroup/PGI/jobs,137,vendor,
workday,wd1/r1rcm/R1RCM,r1rcm,https://r1rcm.wd1.myworkdayjobs.com/R1RCM,https://r1rcm.wd1.myworkdayjobs.com/wday/cxs/r1rcm/R1RCM/jobs,435,vendor,
workday,wd1/rakuten/RakutenInc,rakuten,https://rakuten.wd1.myworkdayjobs.com/RakutenInc,https://rakuten.wd1.myworkdayjobs.com/wday/cxs/rakuten/RakutenInc/jobs,711,vendor,
workday,wd1/raymondjames/RaymondJamesCareers,raymondjames,https://raymondjames.wd1.myworkdayjobs.com/RaymondJamesCareers,https://raymondjames.wd1.myworkdayjobs.com/wday/cxs/raymondjames/RaymondJamesCareers/jobs,317,vendor,
workday,wd1/redrobin/RedRobin_Careers,redrobin,https://redrobin.wd1.myworkdayjobs.com/RedRobin_Careers,https://redrobin.wd1.myworkdayjobs.com/wday/cxs/redrobin/RedRobin_Careers/jobs,1307,vendor,
workday,wd1/regalrexnord/Careers,regalrexnord,https://regalrexnord.wd1.myworkdayjobs.com/Careers,https://regalrexnord.wd1.myworkdayjobs.com/wday/cxs/regalrexnord/Careers/jobs,525,vendor,
workday,wd1/regeneron/Careers,regeneron,https://regeneron.wd1.myworkdayjobs.com/Careers,https://regeneron.wd1.myworkdayjobs.com/wday/cxs/regeneron/Careers/jobs,546,vendor,
workday,wd1/revantage/April_Housing,revantage,https://revantage.wd1.myworkdayjobs.com/April_Housing,https://revantage.wd1.myworkdayjobs.com/wday/cxs/revantage/April_Housing/jobs,5,vendor,
workday,wd1/riministreet/RiminiStreet,riministreet,https://riministreet.wd1.myworkdayjobs.com/RiminiStreet,https://riministreet.wd1.myworkdayjobs.com/wday/cxs/riministreet/RiminiStreet/jobs,102,vendor,
workday,wd1/ringcentral/RingCentral_Careers,ringcentral,https://ringcentral.wd1.myworkdayjobs.com/RingCentral_Careers,https://ringcentral.wd1.myworkdayjobs.com/wday/cxs/ringcentral/RingCentral_Careers/jobs,85,vendor,
workday,wd1/ringling/RinglingExternalCareers,ringling,https://ringling.wd1.myworkdayjobs.com/RinglingExternalCareers,https://ringling.wd1.myworkdayjobs.com/wday/cxs/ringling/RinglingExternalCareers/jobs,4,vendor,
workday,wd1/roberthalf/RobertHalfStaffingCareers,roberthalf,https://roberthalf.wd1.myworkdayjobs.com/RobertHalfStaffingCareers,https://roberthalf.wd1.myworkdayjobs.com/wday/cxs/roberthalf/RobertHalfStaffingCareers/jobs,251,vendor,
workday,wd1/rockwellautomation/External_Rockwell_Automation,rockwellautomation,https://rockwellautomation.wd1.myworkdayjobs.com/External_Rockwell_Automation,https://rockwellautomation.wd1.myworkdayjobs.com/wday/cxs/rockwellautomation/External_Rockwell_Automation/jobs,388,vendor,
workday,wd1/rockymountain/RMI,rockymountain,https://rockymountain.wd1.myworkdayjobs.com/RMI,https://rockymountain.wd1.myworkdayjobs.com/wday/cxs/rockymountain/RMI/jobs,6,vendor,
workday,wd1/rogersbh/RBHCareer,rogersbh,https://rogersbh.wd1.myworkdayjobs.com/RBHCareer,https://rogersbh.wd1.myworkdayjobs.com/wday/cxs/rogersbh/RBHCareer/jobs,217,vendor,
workday,wd1/rsm/RSMCareers,rsm,https://rsm.wd1.myworkdayjobs.com/RSMCareers,https://rsm.wd1.myworkdayjobs.com/wday/cxs/rsm/RSMCareers/jobs,673,vendor,
workday,wd1/ryan/ryancareers,ryan,https://ryan.wd1.myworkdayjobs.com/ryancareers,https://ryan.wd1.myworkdayjobs.com/wday/cxs/ryan/ryancareers/jobs,184,vendor,
workday,wd1/sailpoint/SailPoint,sailpoint,https://sailpoint.wd1.myworkdayjobs.com/SailPoint,https://sailpoint.wd1.myworkdayjobs.com/wday/cxs/sailpoint/SailPoint/jobs,113,vendor,
workday,wd1/saks/careers_at_saks,saks,https://saks.wd1.myworkdayjobs.com/careers_at_saks,https://saks.wd1.myworkdayjobs.com/wday/cxs/saks/careers_at_saks/jobs,776,vendor,
workday,wd1/sbdinc/Stanley_Black_Decker_Career_Site,sbdinc,https://sbdinc.wd1.myworkdayjobs.com/Stanley_Black_Decker_Career_Site,https://sbdinc.wd1.myworkdayjobs.com/wday/cxs/sbdinc/Stanley_Black_Decker_Career_Site/jobs,645,vendor,
workday,wd1/sedgwick/Sedgwick,sedgwick,https://sedgwick.wd1.myworkdayjobs.com/Sedgwick,https://sedgwick.wd1.myworkdayjobs.com/wday/cxs/sedgwick/Sedgwick/jobs,592,vendor,
workday,wd1/selinc/SEL,selinc,https://selinc.wd1.myworkdayjobs.com/SEL,https://selinc.wd1.myworkdayjobs.com/wday/cxs/selinc/SEL/jobs,319,vendor,
workday,wd1/semtech/SemtechCareers,semtech,https://semtech.wd1.myworkdayjobs.com/SemtechCareers,https://semtech.wd1.myworkdayjobs.com/wday/cxs/semtech/SemtechCareers/jobs,112,vendor,
workday,wd1/sentara/scs,sentara,https://sentara.wd1.myworkdayjobs.com/scs,https://sentara.wd1.myworkdayjobs.com/wday/cxs/sentara/scs/jobs,2258,vendor,
workday,wd1/servicetitan/ServiceTitan,servicetitan,https://servicetitan.wd1.myworkdayjobs.com/ServiceTitan,https://servicetitan.wd1.myworkdayjobs.com/wday/cxs/servicetitan/ServiceTitan/jobs,63,vendor,
workday,wd1/sharecare/Sharecare_Careers,sharecare,https://sharecare.wd1.myworkdayjobs.com/Sharecare_Careers,https://sharecare.wd1.myworkdayjobs.com/wday/cxs/sharecare/Sharecare_Careers/jobs,41,vendor,
workday,wd1/shipt/Shipt_External,shipt,https://shipt.wd1.myworkdayjobs.com/Shipt_External,https://shipt.wd1.myworkdayjobs.com/wday/cxs/shipt/Shipt_External/jobs,9,vendor,
workday,wd1/sierraspace/Sierra_Space_External_Career_Site,sierraspace,https://sierraspace.wd1.myworkdayjobs.com/Sierra_Space_External_Career_Site,https://sierraspace.wd1.myworkdayjobs.com/wday/cxs/sierraspace/Sierra_Space_External_Career_Site/jobs,204,vendor,
workday,wd1/sifive/sifivecareers,sifive,https://sifive.wd1.myworkdayjobs.com/sifivecareers,https://sifive.wd1.myworkdayjobs.com/wday/cxs/sifive/sifivecareers/jobs,128,vendor,
workday,wd1/signetjewelers/signetjeweleryretailsales,signetjewelers,https://signetjewelers.wd1.myworkdayjobs.com/signetjeweleryretailsales,https://signetjewelers.wd1.myworkdayjobs.com/wday/cxs/signetjewelers/signetjeweleryretailsales/jobs,1620,vendor,
workday,wd1/silabs/SiliconlabsCareers,silabs,https://silabs.wd1.myworkdayjobs.com/SiliconlabsCareers,https://silabs.wd1.myworkdayjobs.com/wday/cxs/silabs/SiliconlabsCareers/jobs,90,vendor,
workday,wd1/silgancontainers/silgan,silgancontainers,https://silgancontainers.wd1.myworkdayjobs.com/silgan,https://silgancontainers.wd1.myworkdayjobs.com/wday/cxs/silgancontainers/silgan/jobs,221,vendor,
workday,wd1/simon/Simon,simon,https://simon.wd1.myworkdayjobs.com/Simon,https://simon.wd1.myworkdayjobs.com/wday/cxs/simon/Simon/jobs,172,vendor,
workday,wd1/simonsfoundation/simonsfoundationcareers,simonsfoundation,https://simonsfoundation.wd1.myworkdayjobs.com/simonsfoundationcareers,https://simonsfoundation.wd1.myworkdayjobs.com/wday/cxs/simonsfoundation/simonsfoundationcareers/jobs,12,vendor,
workday,wd1/sju/sju,sju,https://sju.wd1.myworkdayjobs.com/sju,https://sju.wd1.myworkdayjobs.com/wday/cxs/sju/sju/jobs,63,vendor,
workday,wd1/slcgov/SLC,slcgov,https://slcgov.wd1.myworkdayjobs.com/SLC,https://slcgov.wd1.myworkdayjobs.com/wday/cxs/slcgov/SLC/jobs,55,vendor,
workday,wd1/sluhn/SLUHN,sluhn,https://sluhn.wd1.myworkdayjobs.com/SLUHN,https://sluhn.wd1.myworkdayjobs.com/wday/cxs/sluhn/SLUHN/jobs,953,vendor,
workday,wd1/snapchat/snap,snapchat,https://snapchat.wd1.myworkdayjobs.com/snap,https://snapchat.wd1.myworkdayjobs.com/wday/cxs/snapchat/snap/jobs,200,vendor,
workday,wd1/snapfinance/Snap_External_Careers,snapfinance,https://snapfinance.wd1.myworkdayjobs.com/Snap_External_Careers,https://snapfinance.wd1.myworkdayjobs.com/wday/cxs/snapfinance/Snap_External_Careers/jobs,19,vendor,
workday,wd1/snc/SNC_External_Career_Site,snc,https://snc.wd1.myworkdayjobs.com/SNC_External_Career_Site,https://snc.wd1.myworkdayjobs.com/wday/cxs/snc/SNC_External_Career_Site/jobs,383,vendor,
workday,wd1/solenis/Solenis,solenis,https://solenis.wd1.myworkdayjobs.com/Solenis,https://solenis.wd1.myworkdayjobs.com/wday/cxs/solenis/Solenis/jobs,442,vendor,
workday,wd1/sonder/Join_Sonder,sonder,https://sonder.wd1.myworkdayjobs.com/Join_Sonder,https://sonder.wd1.myworkdayjobs.com/wday/cxs/sonder/Join_Sonder/jobs,39,vendor,
workday,wd1/sonoco/CorporateCareers,sonoco,https://sonoco.wd1.myworkdayjobs.com/CorporateCareers,https://sonoco.wd1.myworkdayjobs.com/wday/cxs/sonoco/CorporateCareers/jobs,261,vendor,
workday,wd1/sonos/Sonos,sonos,https://sonos.wd1.myworkdayjobs.com/Sonos,https://sonos.wd1.myworkdayjobs.com/wday/cxs/sonos/Sonos/jobs,53,vendor,
workday,wd1/sonyglobal/SonyGlobalCareers,sonyglobal,https://sonyglobal.wd1.myworkdayjobs.com/SonyGlobalCareers,https://sonyglobal.wd1.myworkdayjobs.com/wday/cxs/sonyglobal/SonyGlobalCareers/jobs,111,vendor,
workday,wd1/sou/Southern_Oregon_University,sou,https://sou.wd1.myworkdayjobs.com/Southern_Oregon_University,https://sou.wd1.myworkdayjobs.com/wday/cxs/sou/Southern_Oregon_University/jobs,32,vendor,
workday,wd1/sphera/careers,sphera,https://sphera.wd1.myworkdayjobs.com/careers,https://sphera.wd1.myworkdayjobs.com/wday/cxs/sphera/careers/jobs,18,vendor,
workday,wd1/sprinklr/careers,sprinklr,https://sprinklr.wd1.myworkdayjobs.com/careers,https://sprinklr.wd1.myworkdayjobs.com/wday/cxs/sprinklr/careers/jobs,68,vendor,
workday,wd1/standard/Search,standard,https://standard.wd1.myworkdayjobs.com/Search,https://standard.wd1.myworkdayjobs.com/wday/cxs/standard/Search/jobs,28,vendor,
workday,wd1/standardmeat/SMC,standardmeat,https://standardmeat.wd1.myworkdayjobs.com/SMC,https://standardmeat.wd1.myworkdayjobs.com/wday/cxs/standardmeat/SMC/jobs,7,vendor,
workday,wd1/starrcompanies/careers,starrcompanies,https://starrcompanies.wd1.myworkdayjobs.com/careers,https://starrcompanies.wd1.myworkdayjobs.com/wday/cxs/starrcompanies/careers/jobs,177,vendor,
workday,wd1/statestreet/Global,statestreet,https://statestreet.wd1.myworkdayjobs.com/Global,https://statestreet.wd1.myworkdayjobs.com/wday/cxs/statestreet/Global/jobs,1114,vendor,
workday,wd1/stewart/External,stewart,https://stewart.wd1.myworkdayjobs.com/External,https://stewart.wd1.myworkdayjobs.com/wday/cxs/stewart/External/jobs,68,vendor,
workday,wd1/stjude/stjude,stjude,https://stjude.wd1.myworkdayjobs.com/stjude,https://stjude.wd1.myworkdayjobs.com/wday/cxs/stjude/stjude/jobs,213,vendor,
workday,wd1/stormontvail/SVH,stormontvail,https://stormontvail.wd1.myworkdayjobs.com/SVH,https://stormontvail.wd1.myworkdayjobs.com/wday/cxs/stormontvail/SVH/jobs,252,vendor,
workday,wd1/strayer/CAREERS,strayer,https://strayer.wd1.myworkdayjobs.com/CAREERS,https://strayer.wd1.myworkdayjobs.com/wday/cxs/strayer/CAREERS/jobs,5,vendor,
workday,wd1/strideinc/SK,strideinc,https://strideinc.wd1.myworkdayjobs.com/SK,https://strideinc.wd1.myworkdayjobs.com/wday/cxs/strideinc/SK/jobs,118,vendor,
workday,wd1/stryker/StrykerCareers,stryker,https://stryker.wd1.myworkdayjobs.com/StrykerCareers,https://stryker.wd1.myworkdayjobs.com/wday/cxs/stryker/StrykerCareers/jobs,1484,vendor,
workday,wd1/suffolkcountyny/Suffolkcounty1,suffolkcountyny,https://suffolkcountyny.wd1.myworkdayjobs.com/Suffolkcounty1,https://suffolkcountyny.wd1.myworkdayjobs.com/wday/cxs/suffolkcountyny/Suffolkcounty1/jobs,75,vendor,
workday,wd1/swbc/swbccareers,swbc,https://swbc.wd1.myworkdayjobs.com/swbccareers,https://swbc.wd1.myworkdayjobs.com/wday/cxs/swbc/swbccareers/jobs,71,vendor,
workday,wd1/swinerton/Swinerton_External_Career,swinerton,https://swinerton.wd1.myworkdayjobs.com/Swinerton_External_Career,https://swinerton.wd1.myworkdayjobs.com/wday/cxs/swinerton/Swinerton_External_Career/jobs,229,vendor,
workday,wd1/synechron/SynechronCareers,synechron,https://synechron.wd1.myworkdayjobs.com/SynechronCareers,https://synechron.wd1.myworkdayjobs.com/wday/cxs/synechron/SynechronCareers/jobs,178,vendor,
workday,wd1/syniverse/SyniverseCareers,syniverse,https://syniverse.wd1.myworkdayjobs.com/SyniverseCareers,https://syniverse.wd1.myworkdayjobs.com/wday/cxs/syniverse/SyniverseCareers/jobs,7,vendor,
workday,wd1/tamus/TAMU_External,tamus,https://tamus.wd1.myworkdayjobs.com/TAMU_External,https://tamus.wd1.myworkdayjobs.com/wday/cxs/tamus/TAMU_External/jobs,109,vendor,
workday,wd1/taskus/Careers,taskus,https://taskus.wd1.myworkdayjobs.com/Careers,https://taskus.wd1.myworkdayjobs.com/wday/cxs/taskus/Careers/jobs,421,vendor,
workday,wd1/taylormorrison/TaylorMorrisonCareers,taylormorrison,https://taylormorrison.wd1.myworkdayjobs.com/TaylorMorrisonCareers,https://taylormorrison.wd1.myworkdayjobs.com/wday/cxs/taylormorrison/TaylorMorrisonCareers/jobs,46,vendor,
workday,wd1/tcsedsystem/TCSPP,tcsedsystem,https://tcsedsystem.wd1.myworkdayjobs.com/TCSPP,https://tcsedsystem.wd1.myworkdayjobs.com/wday/cxs/tcsedsystem/TCSPP/jobs,67,vendor,
workday,wd1/teachforamerica/TFA_Careers,teachforamerica,https://teachforamerica.wd1.myworkdayjobs.com/TFA_Careers,https://teachforamerica.wd1.myworkdayjobs.com/wday/cxs/teachforamerica/TFA_Careers/jobs,17,vendor,
workday,wd1/tealium/Careers,tealium,https://tealium.wd1.myworkdayjobs.com/Careers,https://tealium.wd1.myworkdayjobs.com/wday/cxs/tealium/Careers/jobs,9,vendor,
workday,wd1/tencent/tencent_careers,tencent,https://tencent.wd1.myworkdayjobs.com/tencent_careers,https://tencent.wd1.myworkdayjobs.com/wday/cxs/tencent/tencent_careers/jobs,292,vendor,
workday,wd1/terex/terexcareers,terex,https://terex.wd1.myworkdayjobs.com/terexcareers,https://terex.wd1.myworkdayjobs.com/wday/cxs/terex/terexcareers/jobs,184,vendor,
workday,wd1/theirc/External_Careers,theirc,https://theirc.wd1.myworkdayjobs.com/External_Careers,https://theirc.wd1.myworkdayjobs.com/wday/cxs/theirc/External_Careers/jobs,322,vendor,
workday,wd1/tiaa/Search,tiaa,https://tiaa.wd1.myworkdayjobs.com/Search,https://tiaa.wd1.myworkdayjobs.com/wday/cxs/tiaa/Search/jobs,188,vendor,
workday,wd1/tihinsurance/CRC_Careers,tihinsurance,https://tihinsurance.wd1.myworkdayjobs.com/CRC_Careers,https://tihinsurance.wd1.myworkdayjobs.com/wday/cxs/tihinsurance/CRC_Careers/jobs,110,vendor,
workday,wd1/tjx/TJX_EXTERNAL,tjx,https://tjx.wd1.myworkdayjobs.com/TJX_EXTERNAL,https://tjx.wd1.myworkdayjobs.com/wday/cxs/tjx/TJX_EXTERNAL/jobs,11050,vendor,
workday,wd1/tmobile/External,tmobile,https://tmobile.wd1.myworkdayjobs.com/External,https://tmobile.wd1.myworkdayjobs.com/wday/cxs/tmobile/External/jobs,2603,vendor,
workday,wd1/toryburch/toryburchcareers,toryburch,https://toryburch.wd1.myworkdayjobs.com/toryburchcareers,https://toryburch.wd1.myworkdayjobs.com/wday/cxs/toryburch/toryburchcareers/jobs,496,vendor,
workday,wd1/trellix/EnterpriseCareers,trellix,https://trellix.wd1.myworkdayjobs.com/EnterpriseCareers,https://trellix.wd1.myworkdayjobs.com/wday/cxs/trellix/EnterpriseCareers/jobs,62,vendor,
workday,wd1/tricentis/Tricentis_Careers,tricentis,https://tricentis.wd1.myworkdayjobs.com/Tricentis_Careers,https://tricentis.wd1.myworkdayjobs.com/wday/cxs/tricentis/Tricentis_Careers/jobs,16,vendor,
workday,wd1/trimble/TrimbleCareers,trimble,https://trimble.wd1.myworkdayjobs.com/TrimbleCareers,https://trimble.wd1.myworkdayjobs.com/wday/cxs/trimble/TrimbleCareers/jobs,211,vendor,
workday,wd1/truist/Careers,truist,https://truist.wd1.myworkdayjobs.com/Careers,https://truist.wd1.myworkdayjobs.com/wday/cxs/truist/Careers/jobs,1527,vendor,
workday,wd1/tsys/TSYS,tsys,https://tsys.wd1.myworkdayjobs.com/TSYS,https://tsys.wd1.myworkdayjobs.com/wday/cxs/tsys/TSYS/jobs,364,vendor,
workday,wd1/tti/Milwaukee,tti,https://tti.wd1.myworkdayjobs.com/Milwaukee,https://tti.wd1.myworkdayjobs.com/wday/cxs/tti/Milwaukee/jobs,331,vendor,
workday,wd1/uhaul/UhaulJobs,uhaul,https://uhaul.wd1.myworkdayjobs.com/UhaulJobs,https://uhaul.wd1.myworkdayjobs.com/wday/cxs/uhaul/UhaulJobs/jobs,3000,vendor,
workday,wd1/uline/Uline_Careers,uline,https://uline.wd1.myworkdayjobs.com/Uline_Careers,https://uline.wd1.myworkdayjobs.com/wday/cxs/uline/Uline_Careers/jobs,420,vendor,
workday,wd1/ulsuno/UniversityOfNewOrleans,ulsuno,https://ulsuno.wd1.myworkdayjobs.com/UniversityOfNewOrleans,https://ulsuno.wd1.myworkdayjobs.com/wday/cxs/ulsuno/UniversityOfNewOrleans/jobs,96,vendor,
workday,wd1/umd/UMCP,umd,https://umd.wd1.myworkdayjobs.com/UMCP,https://umd.wd1.myworkdayjobs.com/wday/cxs/umd/UMCP/jobs,206,vendor,
workday,wd1/umgc/UMGC_Careers,umgc,https://umgc.wd1.myworkdayjobs.com/UMGC_Careers,https://umgc.wd1.myworkdayjobs.com/wday/cxs/umgc/UMGC_Careers/jobs,174,vendor,
workday,wd1/umiami/UMCareerStaff,umiami,https://umiami.wd1.myworkdayjobs.com/UMCareerStaff,https://umiami.wd1.myworkdayjobs.com/wday/cxs/umiami/UMCareerStaff/jobs,1743,vendor,
workday,wd1/ummh/Careers,ummh,https://ummh.wd1.myworkdayjobs.com/Careers,https://ummh.wd1.myworkdayjobs.com/wday/cxs/ummh/Careers/jobs,1090,vendor,
workday,wd1/umphysicians/umpcareers,umphysicians,https://umphysicians.wd1.myworkdayjobs.com/umpcareers,https://umphysicians.wd1.myworkdayjobs.com/wday/cxs/umphysicians/umpcareers/jobs,109,vendor,
workday,wd1/uofl/UofLCareerSite,uofl,https://uofl.wd1.myworkdayjobs.com/UofLCareerSite,https://uofl.wd1.myworkdayjobs.com/wday/cxs/uofl/UofLCareerSite/jobs,141,vendor,
workday,wd1/ur/URcareers,ur,https://ur.wd1.myworkdayjobs.com/URcareers,https://ur.wd1.myworkdayjobs.com/wday/cxs/ur/URcareers/jobs,1322,vendor,
workday,wd1/usaa/USAAJOBSWD,usaa,https://usaa.wd1.myworkdayjobs.com/USAAJOBSWD,https://usaa.wd1.myworkdayjobs.com/wday/cxs/usaa/USAAJOBSWD/jobs,211,vendor,
workday,wd1/usbank/US_Bank_Careers,usbank,https://usbank.wd1.myworkdayjobs.com/US_Bank_Careers,https://usbank.wd1.myworkdayjobs.com/wday/cxs/usbank/US_Bank_Careers/jobs,1261,vendor,
workday,wd1/usfoods/usfoodscareersExternal,usfoods,https://usfoods.wd1.myworkdayjobs.com/usfoodscareersExternal,https://usfoods.wd1.myworkdayjobs.com/wday/cxs/usfoods/usfoodscareersExternal/jobs,648,vendor,
workday,wd1/utahcounty/Utah_County_Careers,utahcounty,https://utahcounty.wd1.myworkdayjobs.com/Utah_County_Careers,https://utahcounty.wd1.myworkdayjobs.com/wday/cxs/utahcounty/Utah_County_Careers/jobs,27,vendor,
workday,wd1/utaustin/UTstaff,utaustin,https://utaustin.wd1.myworkdayjobs.com/UTstaff,https://utaustin.wd1.myworkdayjobs.com/wday/cxs/utaustin/UTstaff/jobs,613,vendor,
workday,wd1/vai/VAICareers,vai,https://vai.wd1.myworkdayjobs.com/VAICareers,https://vai.wd1.myworkdayjobs.com/wday/cxs/vai/VAICareers/jobs,19,vendor,
workday,wd1/valmont/ValmontCareers,valmont,https://valmont.wd1.myworkdayjobs.com/ValmontCareers,https://valmont.wd1.myworkdayjobs.com/wday/cxs/valmont/ValmontCareers/jobs,288,vendor,
workday,wd1/vassar/Vassar-External,vassar,https://vassar.wd1.myworkdayjobs.com/Vassar-External,https://vassar.wd1.myworkdayjobs.com/wday/cxs/vassar/Vassar-External/jobs,28,vendor,
workday,wd1/veralto/HachJobs,veralto,https://veralto.wd1.myworkdayjobs.com/HachJobs,https://veralto.wd1.myworkdayjobs.com/wday/cxs/veralto/HachJobs/jobs,109,vendor,
workday,wd1/veralto/X-RiteJobs,veralto,https://veralto.wd1.myworkdayjobs.com/X-RiteJobs,https://veralto.wd1.myworkdayjobs.com/wday/cxs/veralto/X-RiteJobs/jobs,15,vendor,
workday,wd1/verawholehealth/External,verawholehealth,https://verawholehealth.wd1.myworkdayjobs.com/External,https://verawholehealth.wd1.myworkdayjobs.com/wday/cxs/verawholehealth/External/jobs,8,vendor,
workday,wd1/virtua/Virtua_Health_External_Career_Site,virtua,https://virtua.wd1.myworkdayjobs.com/Virtua_Health_External_Career_Site,https://virtua.wd1.myworkdayjobs.com/wday/cxs/virtua/Virtua_Health_External_Career_Site/jobs,726,vendor,
workday,wd1/vizient/Vizient_Careers,vizient,https://vizient.wd1.myworkdayjobs.com/Vizient_Careers,https://vizient.wd1.myworkdayjobs.com/wday/cxs/vizient/Vizient_Careers/jobs,237,vendor,
workday,wd1/vsp/VSPVisionCareers,vsp,https://vsp.wd1.myworkdayjobs.com/VSPVisionCareers,https://vsp.wd1.myworkdayjobs.com/wday/cxs/vsp/VSPVisionCareers/jobs,27,vendor,
workday,wd1/vumc/vumccareers,vumc,https://vumc.wd1.myworkdayjobs.com/vumccareers,https://vumc.wd1.myworkdayjobs.com/wday/cxs/vumc/vumccareers/jobs,846,vendor,
workday,wd1/vwr/avantorJobs,vwr,https://vwr.wd1.myworkdayjobs.com/avantorJobs,https://vwr.wd1.myworkdayjobs.com/wday/cxs/vwr/avantorJobs/jobs,274,vendor,
workday,wd1/vystarcu/Careers,vystarcu,https://vystarcu.wd1.myworkdayjobs.com/Careers,https://vystarcu.wd1.myworkdayjobs.com/wday/cxs/vystarcu/Careers/jobs,34,vendor,
workday,wd1/wasteconnections/Careers,wasteconnections,https://wasteconnections.wd1.myworkdayjobs.com/Careers,https://wasteconnections.wd1.myworkdayjobs.com/wday/cxs/wasteconnections/Careers/jobs,687,vendor,
workday,wd1/waynefarms/WayneFarms,waynefarms,https://waynefarms.wd1.myworkdayjobs.com/WayneFarms,https://waynefarms.wd1.myworkdayjobs.com/wday/cxs/waynefarms/WayneFarms/jobs,244,vendor,
workday,wd1/waystar/Waystar,waystar,https://waystar.wd1.myworkdayjobs.com/Waystar,https://waystar.wd1.myworkdayjobs.com/wday/cxs/waystar/Waystar/jobs,49,vendor,
workday,wd1/weareeverise/EveriseCareers,weareeverise,https://weareeverise.wd1.myworkdayjobs.com/EveriseCareers,https://weareeverise.wd1.myworkdayjobs.com/wday/cxs/weareeverise/EveriseCareers/jobs,50,vendor,
workday,wd1/web/ExternalCareerSite,web,https://web.wd1.myworkdayjobs.com/ExternalCareerSite,https://web.wd1.myworkdayjobs.com/wday/cxs/web/ExternalCareerSite/jobs,84,vendor,
workday,wd1/wellsky/WellSkyCareers,wellsky,https://wellsky.wd1.myworkdayjobs.com/WellSkyCareers,https://wellsky.wd1.myworkdayjobs.com/wday/cxs/wellsky/WellSkyCareers/jobs,46,vendor,
workday,wd1/wellstar/wellstarcareers,wellstar,https://wellstar.wd1.myworkdayjobs.com/wellstarcareers,https://wellstar.wd1.myworkdayjobs.com/wday/cxs/wellstar/wellstarcareers/jobs,1006,vendor,
workday,wd1/wf/wellsfargojobs,wf,https://wf.wd1.myworkdayjobs.com/wellsfargojobs,https://wf.wd1.myworkdayjobs.com/wday/cxs/wf/wellsfargojobs/jobs,1547,vendor,
workday,wd1/wfu/Staff_Career_Website_live,wfu,https://wfu.wd1.myworkdayjobs.com/Staff_Career_Website_live,https://wfu.wd1.myworkdayjobs.com/wday/cxs/wfu/Staff_Career_Website_live/jobs,68,vendor,
workday,wd1/wiley/wiley_careers,wiley,https://wiley.wd1.myworkdayjobs.com/wiley_careers,https://wiley.wd1.myworkdayjobs.com/wday/cxs/wiley/wiley_careers/jobs,68,vendor,
workday,wd1/wisconsin/UW_Madison,wisconsin,https://wisconsin.wd1.myworkdayjobs.com/UW_Madison,https://wisconsin.wd1.myworkdayjobs.com/wday/cxs/wisconsin/UW_Madison/jobs,330,vendor,
workday,wd1/wje/Careers,wje,https://wje.wd1.myworkdayjobs.com/Careers,https://wje.wd1.myworkdayjobs.com/wday/cxs/wje/Careers/jobs,38,vendor,
workday,wd1/wmeimg/WME,wmeimg,https://wmeimg.wd1.myworkdayjobs.com/WME,https://wmeimg.wd1.myworkdayjobs.com/wday/cxs/wmeimg/WME/jobs,45,vendor,
workday,wd1/wmg/WMGUS,wmg,https://wmg.wd1.myworkdayjobs.com/WMGUS,https://wmg.wd1.myworkdayjobs.com/wday/cxs/wmg/WMGUS/jobs,50,vendor,
workday,wd1/wonder/WG,wonder,https://wonder.wd1.myworkdayjobs.com/WG,https://wonder.wd1.myworkdayjobs.com/wday/cxs/wonder/WG/jobs,71,vendor,
workday,wd1/worldvision/WorldVisionInternational,worldvision,https://worldvision.wd1.myworkdayjobs.com/WorldVisionInternational,https://worldvision.wd1.myworkdayjobs.com/wday/cxs/worldvision/WorldVisionInternational/jobs,307,vendor,
workday,wd1/wustl/External,wustl,https://wustl.wd1.myworkdayjobs.com/External,https://wustl.wd1.myworkdayjobs.com/wday/cxs/wustl/External/jobs,668,vendor,
workday,wd1/wvumedicine/WVUH,wvumedicine,https://wvumedicine.wd1.myworkdayjobs.com/WVUH,https://wvumedicine.wd1.myworkdayjobs.com/wday/cxs/wvumedicine/WVUH/jobs,3201,vendor,
workday,wd1/xboxgaming/Blizzard_External_Careers,xboxgaming,https://xboxgaming.wd1.myworkdayjobs.com/Blizzard_External_Careers,https://xboxgaming.wd1.myworkdayjobs.com/wday/cxs/xboxgaming/Blizzard_External_Careers/jobs,48,vendor,
workday,wd1/xcelenergy/External,xcelenergy,https://xcelenergy.wd1.myworkdayjobs.com/External,https://xcelenergy.wd1.myworkdayjobs.com/wday/cxs/xcelenergy/External/jobs,247,vendor,
workday,wd1/youthvillages/youthvillagescareers,youthvillages,https://youthvillages.wd1.myworkdayjobs.com/youthvillagescareers,https://youthvillages.wd1.myworkdayjobs.com/wday/cxs/youthvillages/youthvillagescareers/jobs,189,vendor,
workday,wd1/zendesk/zendesk,zendesk,https://zendesk.wd1.myworkdayjobs.com/zendesk,https://zendesk.wd1.myworkdayjobs.com/wday/cxs/zendesk/zendesk/jobs,136,vendor,
workday,wd10/agecare/AgeCare_Careers_External,agecare,https://agecare.wd10.myworkdayjobs.com/AgeCare_Careers_External,https://agecare.wd10.myworkdayjobs.com/wday/cxs/agecare/AgeCare_Careers_External/jobs,735,vendor,
workday,wd10/bdc/BDC_Careers,bdc,https://bdc.wd10.myworkdayjobs.com/BDC_Careers,https://bdc.wd10.myworkdayjobs.com/wday/cxs/bdc/BDC_Careers/jobs,54,vendor,
workday,wd10/bowvalleycollege/BowValleyCollege,bowvalleycollege,https://bowvalleycollege.wd10.myworkdayjobs.com/BowValleyCollege,https://bowvalleycollege.wd10.myworkdayjobs.com/wday/cxs/bowvalleycollege/BowValleyCollege/jobs,18,vendor,
workday,wd10/caatpension/Careers,caatpension,https://caatpension.wd10.myworkdayjobs.com/Careers,https://caatpension.wd10.myworkdayjobs.com/wday/cxs/caatpension/Careers/jobs,13,vendor,
workday,wd10/cheo/External_Site,cheo,https://cheo.wd10.myworkdayjobs.com/External_Site,https://cheo.wd10.myworkdayjobs.com/wday/cxs/cheo/External_Site/jobs,47,vendor,
workday,wd10/consignaction/Consignaction_carrieres,consignaction,https://consignaction.wd10.myworkdayjobs.com/Consignaction_carrieres,https://consignaction.wd10.myworkdayjobs.com/wday/cxs/consignaction/Consignaction_carrieres/jobs,246,vendor,
workday,wd10/desjardins/Desjardins,desjardins,https://desjardins.wd10.myworkdayjobs.com/Desjardins,https://desjardins.wd10.myworkdayjobs.com/wday/cxs/desjardins/Desjardins/jobs,286,vendor,
workday,wd10/extendicare/Extendicare2023,extendicare,https://extendicare.wd10.myworkdayjobs.com/Extendicare2023,https://extendicare.wd10.myworkdayjobs.com/wday/cxs/extendicare/Extendicare2023/jobs,467,vendor,
workday,wd10/inlandgroup/inlandgroup,inlandgroup,https://inlandgroup.wd10.myworkdayjobs.com/inlandgroup,https://inlandgroup.wd10.myworkdayjobs.com/wday/cxs/inlandgroup/inlandgroup/jobs,107,vendor,
workday,wd10/langara/External_Employment_Opportunities,langara,https://langara.wd10.myworkdayjobs.com/External_Employment_Opportunities,https://langara.wd10.myworkdayjobs.com/wday/cxs/langara/External_Employment_Opportunities/jobs,14,vendor,
workday,wd10/navcanada/NAV_Careers,navcanada,https://navcanada.wd10.myworkdayjobs.com/NAV_Careers,https://navcanada.wd10.myworkdayjobs.com/wday/cxs/navcanada/NAV_Careers/jobs,29,vendor,
workday,wd10/oanda/External,oanda,https://oanda.wd10.myworkdayjobs.com/External,https://oanda.wd10.myworkdayjobs.com/wday/cxs/oanda/External/jobs,25,vendor,
workday,wd10/publichealthontario/PHOCareerSite,publichealthontario,https://publichealthontario.wd10.myworkdayjobs.com/PHOCareerSite,https://publichealthontario.wd10.myworkdayjobs.com/wday/cxs/publichealthontario/PHOCareerSite/jobs,12,vendor,
workday,wd10/quadreal/QuadReal,quadreal,https://quadreal.wd10.myworkdayjobs.com/QuadReal,https://quadreal.wd10.myworkdayjobs.com/wday/cxs/quadreal/QuadReal/jobs,43,vendor,
workday,wd10/sgico/sgi,sgico,https://sgico.wd10.myworkdayjobs.com/sgi,https://sgico.wd10.myworkdayjobs.com/wday/cxs/sgico/sgi/jobs,6,vendor,
workday,wd10/simons/Simons_Site,simons,https://simons.wd10.myworkdayjobs.com/Simons_Site,https://simons.wd10.myworkdayjobs.com/wday/cxs/simons/Simons_Site/jobs,70,vendor,
workday,wd10/strathconaresources/Careers,strathconaresources,https://strathconaresources.wd10.myworkdayjobs.com/Careers,https://strathconaresources.wd10.myworkdayjobs.com/wday/cxs/strathconaresources/Careers/jobs,11,vendor,
workday,wd10/triumf/careers-at-triumf-job-postings,triumf,https://triumf.wd10.myworkdayjobs.com/careers-at-triumf-job-postings,https://triumf.wd10.myworkdayjobs.com/wday/cxs/triumf/careers-at-triumf-job-postings/jobs,6,vendor,
workday,wd10/ubc/ubcfacultyjobs,ubc,https://ubc.wd10.myworkdayjobs.com/ubcfacultyjobs,https://ubc.wd10.myworkdayjobs.com/wday/cxs/ubc/ubcfacultyjobs/jobs,36,vendor,
workday,wd10/vhaca/VHA,vhaca,https://vhaca.wd10.myworkdayjobs.com/VHA,https://vhaca.wd10.myworkdayjobs.com/wday/cxs/vhaca/VHA/jobs,44,vendor,
workday,wd102/acquireai/Acquire,acquireai,https://acquireai.wd102.myworkdayjobs.com/Acquire,https://acquireai.wd102.myworkdayjobs.com/wday/cxs/acquireai/Acquire/jobs,118,vendor,
workday,wd102/jiostar/JioStar,jiostar,https://jiostar.wd102.myworkdayjobs.com/JioStar,https://jiostar.wd102.myworkdayjobs.com/wday/cxs/jiostar/JioStar/jobs,239,vendor,
workday,wd102/marinabaysands/External,marinabaysands,https://marinabaysands.wd102.myworkdayjobs.com/External,https://marinabaysands.wd102.myworkdayjobs.com/wday/cxs/marinabaysands/External/jobs,349,vendor,
workday,wd102/minor/Careers,minor,https://minor.wd102.myworkdayjobs.com/Careers,https://minor.wd102.myworkdayjobs.com/wday/cxs/minor/Careers/jobs,2274,vendor,
workday,wd102/sggovterp/PublicServiceCareers,sggovterp,https://sggovterp.wd102.myworkdayjobs.com/PublicServiceCareers,https://sggovterp.wd102.myworkdayjobs.com/wday/cxs/sggovterp/PublicServiceCareers/jobs,1062,vendor,
workday,wd103/accellglobal/careers,accellglobal,https://accellglobal.wd103.myworkdayjobs.com/careers,https://accellglobal.wd103.myworkdayjobs.com/wday/cxs/accellglobal/careers/jobs,10,vendor,
workday,wd103/accenture/AccentureCareers,accenture,https://accenture.wd103.myworkdayjobs.com/AccentureCareers,https://accenture.wd103.myworkdayjobs.com/wday/cxs/accenture/AccentureCareers/jobs,1990,vendor,
workday,wd103/alsglobal/External,alsglobal,https://alsglobal.wd103.myworkdayjobs.com/External,https://alsglobal.wd103.myworkdayjobs.com/wday/cxs/alsglobal/External/jobs,583,vendor,
workday,wd103/alvotech/Alvotech_Careers,alvotech,https://alvotech.wd103.myworkdayjobs.com/Alvotech_Careers,https://alvotech.wd103.myworkdayjobs.com/wday/cxs/alvotech/Alvotech_Careers/jobs,15,vendor,
workday,wd103/apobank/apobank_careers,apobank,https://apobank.wd103.myworkdayjobs.com/apobank_careers,https://apobank.wd103.myworkdayjobs.com/wday/cxs/apobank/apobank_careers/jobs,134,vendor,
workday,wd103/asda/AsdaJobs,asda,https://asda.wd103.myworkdayjobs.com/AsdaJobs,https://asda.wd103.myworkdayjobs.com/wday/cxs/asda/AsdaJobs/jobs,485,vendor,
workday,wd103/aztecgroup/External,aztecgroup,https://aztecgroup.wd103.myworkdayjobs.com/External,https://aztecgroup.wd103.myworkdayjobs.com/wday/cxs/aztecgroup/External/jobs,23,vendor,
workday,wd103/bracco/braccocareers,bracco,https://bracco.wd103.myworkdayjobs.com/braccocareers,https://bracco.wd103.myworkdayjobs.com/wday/cxs/bracco/braccocareers/jobs,147,vendor,
workday,wd103/carharttwip/CarharttWIP,carharttwip,https://carharttwip.wd103.myworkdayjobs.com/CarharttWIP,https://carharttwip.wd103.myworkdayjobs.com/wday/cxs/carharttwip/CarharttWIP/jobs,50,vendor,
workday,wd103/cloudflight/external_career_site,cloudflight,https://cloudflight.wd103.myworkdayjobs.com/external_career_site,https://cloudflight.wd103.myworkdayjobs.com/wday/cxs/cloudflight/external_career_site/jobs,7,vendor,
workday,wd103/constructoruniversity/Careers,constructoruniversity,https://constructoruniversity.wd103.myworkdayjobs.com/Careers,https://constructoruniversity.wd103.myworkdayjobs.com/wday/cxs/constructoruniversity/Careers/jobs,13,vendor,
workday,wd103/corpay/Ext_001,corpay,https://corpay.wd103.myworkdayjobs.com/Ext_001,https://corpay.wd103.myworkdayjobs.com/wday/cxs/corpay/Ext_001/jobs,113,vendor,
workday,wd103/dbaudio/dbaudiotechnik-careers-de,dbaudio,https://dbaudio.wd103.myworkdayjobs.com/dbaudiotechnik-careers-de,https://dbaudio.wd103.myworkdayjobs.com/wday/cxs/dbaudio/dbaudiotechnik-careers-de/jobs,6,vendor,
workday,wd103/delo/DELO-Jobs,delo,https://delo.wd103.myworkdayjobs.com/DELO-Jobs,https://delo.wd103.myworkdayjobs.com/wday/cxs/delo/DELO-Jobs/jobs,68,vendor,
workday,wd103/dover/Dover,dover,https://dover.wd103.myworkdayjobs.com/Dover,https://dover.wd103.myworkdayjobs.com/wday/cxs/dover/Dover/jobs,667,vendor,
workday,wd103/eduservices/Carrieres,eduservices,https://eduservices.wd103.myworkdayjobs.com/Carrieres,https://eduservices.wd103.myworkdayjobs.com/wday/cxs/eduservices/Carrieres/jobs,31,vendor,
workday,wd103/embl/EMBL,embl,https://embl.wd103.myworkdayjobs.com/EMBL,https://embl.wd103.myworkdayjobs.com/wday/cxs/embl/EMBL/jobs,17,vendor,
workday,wd103/enzazaden/Enza-Careers,enzazaden,https://enzazaden.wd103.myworkdayjobs.com/Enza-Careers,https://enzazaden.wd103.myworkdayjobs.com/wday/cxs/enzazaden/Enza-Careers/jobs,80,vendor,
workday,wd103/europcar/EuropcarCareerPage,europcar,https://europcar.wd103.myworkdayjobs.com/EuropcarCareerPage,https://europcar.wd103.myworkdayjobs.com/wday/cxs/europcar/EuropcarCareerPage/jobs,616,vendor,
workday,wd103/europeanenergy/European_Energy,europeanenergy,https://europeanenergy.wd103.myworkdayjobs.com/European_Energy,https://europeanenergy.wd103.myworkdayjobs.com/wday/cxs/europeanenergy/European_Energy/jobs,5,vendor,
workday,wd103/fina/DeloitteRecrute,fina,https://fina.wd103.myworkdayjobs.com/DeloitteRecrute,https://fina.wd103.myworkdayjobs.com/wday/cxs/fina/DeloitteRecrute/jobs,555,vendor,
workday,wd103/georgfischer/GeorgFischer_Careers,georgfischer,https://georgfischer.wd103.myworkdayjobs.com/GeorgFischer_Careers,https://georgfischer.wd103.myworkdayjobs.com/wday/cxs/georgfischer/GeorgFischer_Careers/jobs,329,vendor,
workday,wd103/ggwgroup/GGWGroup,ggwgroup,https://ggwgroup.wd103.myworkdayjobs.com/GGWGroup,https://ggwgroup.wd103.myworkdayjobs.com/wday/cxs/ggwgroup/GGWGroup/jobs,83,vendor,
workday,wd103/gide/GIDE,gide,https://gide.wd103.myworkdayjobs.com/GIDE,https://gide.wd103.myworkdayjobs.com/wday/cxs/gide/GIDE/jobs,10,vendor,
workday,wd103/goldbeck/goldbeck-jobs,goldbeck,https://goldbeck.wd103.myworkdayjobs.com/goldbeck-jobs,https://goldbeck.wd103.myworkdayjobs.com/wday/cxs/goldbeck/goldbeck-jobs/jobs,819,vendor,
workday,wd103/hellmann/hellmannexternaljobs,hellmann,https://hellmann.wd103.myworkdayjobs.com/hellmannexternaljobs,https://hellmann.wd103.myworkdayjobs.com/wday/cxs/hellmann/hellmannexternaljobs/jobs,344,vendor,
workday,wd103/hoedlmayr/External,hoedlmayr,https://hoedlmayr.wd103.myworkdayjobs.com/External,https://hoedlmayr.wd103.myworkdayjobs.com/wday/cxs/hoedlmayr/External/jobs,26,vendor,
workday,wd103/howdenjoinerylimited/howdenscareers,howdenjoinerylimited,https://howdenjoinerylimited.wd103.myworkdayjobs.com/howdenscareers,https://howdenjoinerylimited.wd103.myworkdayjobs.com/wday/cxs/howdenjoinerylimited/howdenscareers/jobs,57,vendor,
workday,wd103/hull/HCC,hull,https://hull.wd103.myworkdayjobs.com/HCC,https://hull.wd103.myworkdayjobs.com/wday/cxs/hull/HCC/jobs,34,vendor,
workday,wd103/ilb/ilb_karriere,ilb,https://ilb.wd103.myworkdayjobs.com/ilb_karriere,https://ilb.wd103.myworkdayjobs.com/wday/cxs/ilb/ilb_karriere/jobs,7,vendor,
workday,wd103/knightfrank/KF,knightfrank,https://knightfrank.wd103.myworkdayjobs.com/KF,https://knightfrank.wd103.myworkdayjobs.com/wday/cxs/knightfrank/KF/jobs,89,vendor,
workday,wd103/lego/LEGO_External,lego,https://lego.wd103.myworkdayjobs.com/LEGO_External,https://lego.wd103.myworkdayjobs.com/wday/cxs/lego/LEGO_External/jobs,508,vendor,
workday,wd103/medimarketgroup/MMG,medimarketgroup,https://medimarketgroup.wd103.myworkdayjobs.com/MMG,https://medimarketgroup.wd103.myworkdayjobs.com/wday/cxs/medimarketgroup/MMG/jobs,190,vendor,
workday,wd103/mesalvo/Mesalvo,mesalvo,https://mesalvo.wd103.myworkdayjobs.com/Mesalvo,https://mesalvo.wd103.myworkdayjobs.com/wday/cxs/mesalvo/Mesalvo/jobs,10,vendor,
workday,wd103/mouvrh/External_Career_Site_GRAND_FRAIS,mouvrh,https://mouvrh.wd103.myworkdayjobs.com/External_Career_Site_GRAND_FRAIS,https://mouvrh.wd103.myworkdayjobs.com/wday/cxs/mouvrh/External_Career_Site_GRAND_FRAIS/jobs,344,vendor,
workday,wd103/neuroth/External_Careers,neuroth,https://neuroth.wd103.myworkdayjobs.com/External_Careers,https://neuroth.wd103.myworkdayjobs.com/wday/cxs/neuroth/External_Careers/jobs,22,vendor,
workday,wd103/revvity/External,revvity,https://revvity.wd103.myworkdayjobs.com/External,https://revvity.wd103.myworkdayjobs.com/wday/cxs/revvity/External/jobs,128,vendor,
workday,wd103/rohlig/Rohlig_Careers,rohlig,https://rohlig.wd103.myworkdayjobs.com/Rohlig_Careers,https://rohlig.wd103.myworkdayjobs.com/wday/cxs/rohlig/Rohlig_Careers/jobs,50,vendor,
workday,wd103/rosennxt/rosenxt,rosennxt,https://rosennxt.wd103.myworkdayjobs.com/rosenxt,https://rosennxt.wd103.myworkdayjobs.com/wday/cxs/rosennxt/rosenxt/jobs,45,vendor,
workday,wd103/royalihc/External_Career,royalihc,https://royalihc.wd103.myworkdayjobs.com/External_Career,https://royalihc.wd103.myworkdayjobs.com/wday/cxs/royalihc/External_Career/jobs,88,vendor,
workday,wd103/sagales/Sagales_Sitio_Carrera_Externo,sagales,https://sagales.wd103.myworkdayjobs.com/Sagales_Sitio_Carrera_Externo,https://sagales.wd103.myworkdayjobs.com/wday/cxs/sagales/Sagales_Sitio_Carrera_Externo/jobs,12,vendor,
workday,wd103/sandoz/sandoz_careers,sandoz,https://sandoz.wd103.myworkdayjobs.com/sandoz_careers,https://sandoz.wd103.myworkdayjobs.com/wday/cxs/sandoz/sandoz_careers/jobs,329,vendor,
workday,wd103/sanger/WellcomeSangerInstitute,sanger,https://sanger.wd103.myworkdayjobs.com/WellcomeSangerInstitute,https://sanger.wd103.myworkdayjobs.com/wday/cxs/sanger/WellcomeSangerInstitute/jobs,6,vendor,
workday,wd103/snyk/External,snyk,https://snyk.wd103.myworkdayjobs.com/External,https://snyk.wd103.myworkdayjobs.com/wday/cxs/snyk/External/jobs,19,vendor,
workday,wd103/teamsystem/TeamSystem,teamsystem,https://teamsystem.wd103.myworkdayjobs.com/TeamSystem,https://teamsystem.wd103.myworkdayjobs.com/wday/cxs/teamsystem/TeamSystem/jobs,36,vendor,
workday,wd103/uoh/University_of_Hull_Careers,uoh,https://uoh.wd103.myworkdayjobs.com/University_of_Hull_Careers,https://uoh.wd103.myworkdayjobs.com/wday/cxs/uoh/University_of_Hull_Careers/jobs,9,vendor,
workday,wd103/upm/Careers,upm,https://upm.wd103.myworkdayjobs.com/Careers,https://upm.wd103.myworkdayjobs.com/wday/cxs/upm/Careers/jobs,66,vendor,
workday,wd103/wto/External,wto,https://wto.wd103.myworkdayjobs.com/External,https://wto.wd103.myworkdayjobs.com/wday/cxs/wto/External/jobs,2,vendor,
workday,wd105/anglicare/Anglicare_Careers,anglicare,https://anglicare.wd105.myworkdayjobs.com/Anglicare_Careers,https://anglicare.wd105.myworkdayjobs.com/wday/cxs/anglicare/Anglicare_Careers/jobs,73,vendor,
workday,wd105/argonr/External,argonr,https://argonr.wd105.myworkdayjobs.com/External,https://argonr.wd105.myworkdayjobs.com/wday/cxs/argonr/External/jobs,37,vendor,
workday,wd105/ausvenueco/AVC,ausvenueco,https://ausvenueco.wd105.myworkdayjobs.com/AVC,https://ausvenueco.wd105.myworkdayjobs.com/wday/cxs/ausvenueco/AVC/jobs,173,vendor,
workday,wd105/callaghaninnovation/External,callaghaninnovation,https://callaghaninnovation.wd105.myworkdayjobs.com/External,https://callaghaninnovation.wd105.myworkdayjobs.com/wday/cxs/callaghaninnovation/External/jobs,0,vendor,
workday,wd105/eml/EML,eml,https://eml.wd105.myworkdayjobs.com/EML,https://eml.wd105.myworkdayjobs.com/wday/cxs/eml/EML/jobs,47,vendor,
workday,wd105/eosaus/EOS_External_Career_Site,eosaus,https://eosaus.wd105.myworkdayjobs.com/EOS_External_Career_Site,https://eosaus.wd105.myworkdayjobs.com/wday/cxs/eosaus/EOS_External_Career_Site/jobs,29,vendor,
workday,wd105/estiahealth/Estia_Health_Careers,estiahealth,https://estiahealth.wd105.myworkdayjobs.com/Estia_Health_Careers,https://estiahealth.wd105.myworkdayjobs.com/wday/cxs/estiahealth/Estia_Health_Careers/jobs,458,vendor,
workday,wd105/flg/FLG,flg,https://flg.wd105.myworkdayjobs.com/FLG,https://flg.wd105.myworkdayjobs.com/wday/cxs/flg/FLG/jobs,7,vendor,
workday,wd105/flindersports/FPH_Current_Opportunities,flindersports,https://flindersports.wd105.myworkdayjobs.com/FPH_Current_Opportunities,https://flindersports.wd105.myworkdayjobs.com/wday/cxs/flindersports/FPH_Current_Opportunities/jobs,3,vendor,
workday,wd105/rba/RBA_Careers,rba,https://rba.wd105.myworkdayjobs.com/RBA_Careers,https://rba.wd105.myworkdayjobs.com/wday/cxs/rba/RBA_Careers/jobs,37,vendor,
workday,wd105/unimelb/UoM_External_Career,unimelb,https://unimelb.wd105.myworkdayjobs.com/UoM_External_Career,https://unimelb.wd105.myworkdayjobs.com/wday/cxs/unimelb/UoM_External_Career/jobs,47,vendor,
workday,wd105/usyd/USYD_EXTERNAL_CAREER_SITE,usyd,https://usyd.wd105.myworkdayjobs.com/USYD_EXTERNAL_CAREER_SITE,https://usyd.wd105.myworkdayjobs.com/wday/cxs/usyd/USYD_EXTERNAL_CAREER_SITE/jobs,90,vendor,
workday,wd108/abercrombie/anf,abercrombie,https://abercrombie.wd108.myworkdayjobs.com/anf,https://abercrombie.wd108.myworkdayjobs.com/wday/cxs/abercrombie/anf/jobs,2584,vendor,
workday,wd108/acu/ACUCareers,acu,https://acu.wd108.myworkdayjobs.com/ACUCareers,https://acu.wd108.myworkdayjobs.com/wday/cxs/acu/ACUCareers/jobs,64,vendor,
workday,wd108/aesseal/aesseal_careers,aesseal,https://aesseal.wd108.myworkdayjobs.com/aesseal_careers,https://aesseal.wd108.myworkdayjobs.com/wday/cxs/aesseal/aesseal_careers/jobs,18,vendor,
workday,wd108/afs/AFS_Career_Site,afs,https://afs.wd108.myworkdayjobs.com/AFS_Career_Site,https://afs.wd108.myworkdayjobs.com/wday/cxs/afs/AFS_Career_Site/jobs,12,vendor,
workday,wd108/altaishealthsolutions/External,altaishealthsolutions,https://altaishealthsolutions.wd108.myworkdayjobs.com/External,https://altaishealthsolutions.wd108.myworkdayjobs.com/wday/cxs/altaishealthsolutions/External/jobs,33,vendor,
workday,wd108/alteryx/AlteryxCareers,alteryx,https://alteryx.wd108.myworkdayjobs.com/AlteryxCareers,https://alteryx.wd108.myworkdayjobs.com/wday/cxs/alteryx/AlteryxCareers/jobs,65,vendor,
workday,wd108/athenago/athena,athenago,https://athenago.wd108.myworkdayjobs.com/athena,https://athenago.wd108.myworkdayjobs.com/wday/cxs/athenago/athena/jobs,24,vendor,
workday,wd108/atmosenergy/External_Career_Site,atmosenergy,https://atmosenergy.wd108.myworkdayjobs.com/External_Career_Site,https://atmosenergy.wd108.myworkdayjobs.com/wday/cxs/atmosenergy/External_Career_Site/jobs,34,vendor,
workday,wd108/bannerhealth/Careers,bannerhealth,https://bannerhealth.wd108.myworkdayjobs.com/Careers,https://bannerhealth.wd108.myworkdayjobs.com/wday/cxs/bannerhealth/Careers/jobs,1311,vendor,
workday,wd108/brookshires/BGC,brookshires,https://brookshires.wd108.myworkdayjobs.com/BGC,https://brookshires.wd108.myworkdayjobs.com/wday/cxs/brookshires/BGC/jobs,1834,vendor,
workday,wd108/childrensnational/CN_Careers,childrensnational,https://childrensnational.wd108.myworkdayjobs.com/CN_Careers,https://childrensnational.wd108.myworkdayjobs.com/wday/cxs/childrensnational/CN_Careers/jobs,393,vendor,
workday,wd108/csdautismservices/CSD_Careers,csdautismservices,https://csdautismservices.wd108.myworkdayjobs.com/CSD_Careers,https://csdautismservices.wd108.myworkdayjobs.com/wday/cxs/csdautismservices/CSD_Careers/jobs,277,vendor,
workday,wd108/ellsworth/ellsworth_careers,ellsworth,https://ellsworth.wd108.myworkdayjobs.com/ellsworth_careers,https://ellsworth.wd108.myworkdayjobs.com/wday/cxs/ellsworth/ellsworth_careers/jobs,36,vendor,
workday,wd108/expedia/search,expedia,https://expedia.wd108.myworkdayjobs.com/search,https://expedia.wd108.myworkdayjobs.com/wday/cxs/expedia/search/jobs,163,vendor,
workday,wd108/expresswashconcepts/Express_Wash_Concepts_External_Careers,expresswashconcepts,https://expresswashconcepts.wd108.myworkdayjobs.com/Express_Wash_Concepts_External_Careers,https://expresswashconcepts.wd108.myworkdayjobs.com/wday/cxs/expresswashconcepts/Express_Wash_Concepts_External_Careers/jobs,155,vendor,
workday,wd108/factset/factsetcareers,factset,https://factset.wd108.myworkdayjobs.com/factsetcareers,https://factset.wd108.myworkdayjobs.com/wday/cxs/factset/factsetcareers/jobs,94,vendor,
workday,wd108/icmarc/MissionSquare,icmarc,https://icmarc.wd108.myworkdayjobs.com/MissionSquare,https://icmarc.wd108.myworkdayjobs.com/wday/cxs/icmarc/MissionSquare/jobs,8,vendor,
workday,wd108/imh/IntermountainCareers,imh,https://imh.wd108.myworkdayjobs.com/IntermountainCareers,https://imh.wd108.myworkdayjobs.com/wday/cxs/imh/IntermountainCareers/jobs,1476,vendor,
workday,wd108/inari/Inari_Careers,inari,https://inari.wd108.myworkdayjobs.com/Inari_Careers,https://inari.wd108.myworkdayjobs.com/wday/cxs/inari/Inari_Careers/jobs,3,vendor,
workday,wd108/jbtm/JBT_Marel_Career_Site,jbtm,https://jbtm.wd108.myworkdayjobs.com/JBT_Marel_Career_Site,https://jbtm.wd108.myworkdayjobs.com/wday/cxs/jbtm/JBT_Marel_Career_Site/jobs,270,vendor,
workday,wd108/lendistry/Careers_Join_Us,lendistry,https://lendistry.wd108.myworkdayjobs.com/Careers_Join_Us,https://lendistry.wd108.myworkdayjobs.com/wday/cxs/lendistry/Careers_Join_Us/jobs,23,vendor,
workday,wd108/lighthouseelectric/LEC_Careers,lighthouseelectric,https://lighthouseelectric.wd108.myworkdayjobs.com/LEC_Careers,https://lighthouseelectric.wd108.myworkdayjobs.com/wday/cxs/lighthouseelectric/LEC_Careers/jobs,27,vendor,
workday,wd108/marcusmillichap/MarcusMillichap,marcusmillichap,https://marcusmillichap.wd108.myworkdayjobs.com/MarcusMillichap,https://marcusmillichap.wd108.myworkdayjobs.com/wday/cxs/marcusmillichap/MarcusMillichap/jobs,252,vendor,
workday,wd108/nature/ExternalCareers,nature,https://nature.wd108.myworkdayjobs.com/ExternalCareers,https://nature.wd108.myworkdayjobs.com/wday/cxs/nature/ExternalCareers/jobs,72,vendor,
workday,wd108/nc/NC_Careers,nc,https://nc.wd108.myworkdayjobs.com/NC_Careers,https://nc.wd108.myworkdayjobs.com/wday/cxs/nc/NC_Careers/jobs,819,vendor,
workday,wd108/nclh/NCL_Shoreside_Careers,nclh,https://nclh.wd108.myworkdayjobs.com/NCL_Shoreside_Careers,https://nclh.wd108.myworkdayjobs.com/wday/cxs/nclh/NCL_Shoreside_Careers/jobs,95,vendor,
workday,wd108/nclh/nclh_careers,nclh,https://nclh.wd108.myworkdayjobs.com/nclh_careers,https://nclh.wd108.myworkdayjobs.com/wday/cxs/nclh/nclh_careers/jobs,18,vendor,
workday,wd108/northmark/NMS,northmark,https://northmark.wd108.myworkdayjobs.com/NMS,https://northmark.wd108.myworkdayjobs.com/wday/cxs/northmark/NMS/jobs,42,vendor,
workday,wd108/ntta/NTTA_Careers,ntta,https://ntta.wd108.myworkdayjobs.com/NTTA_Careers,https://ntta.wd108.myworkdayjobs.com/wday/cxs/ntta/NTTA_Careers/jobs,51,vendor,
workday,wd108/nwmissouri/External,nwmissouri,https://nwmissouri.wd108.myworkdayjobs.com/External,https://nwmissouri.wd108.myworkdayjobs.com/wday/cxs/nwmissouri/External/jobs,29,vendor,
workday,wd108/oxfordcorp/Oxford_Careers,oxfordcorp,https://oxfordcorp.wd108.myworkdayjobs.com/Oxford_Careers,https://oxfordcorp.wd108.myworkdayjobs.com/wday/cxs/oxfordcorp/Oxford_Careers/jobs,19,vendor,
workday,wd108/pointquestgroup/Nyman_Careers,pointquestgroup,https://pointquestgroup.wd108.myworkdayjobs.com/Nyman_Careers,https://pointquestgroup.wd108.myworkdayjobs.com/wday/cxs/pointquestgroup/Nyman_Careers/jobs,86,vendor,
workday,wd108/prim/Primoris,prim,https://prim.wd108.myworkdayjobs.com/Primoris,https://prim.wd108.myworkdayjobs.com/wday/cxs/prim/Primoris/jobs,772,vendor,
workday,wd108/realtyincome/realty_income_careers,realtyincome,https://realtyincome.wd108.myworkdayjobs.com/realty_income_careers,https://realtyincome.wd108.myworkdayjobs.com/wday/cxs/realtyincome/realty_income_careers/jobs,12,vendor,
workday,wd108/rfcuny/RFCUNY,rfcuny,https://rfcuny.wd108.myworkdayjobs.com/RFCUNY,https://rfcuny.wd108.myworkdayjobs.com/wday/cxs/rfcuny/RFCUNY/jobs,200,vendor,
workday,wd108/sbmmanagement/SBM,sbmmanagement,https://sbmmanagement.wd108.myworkdayjobs.com/SBM,https://sbmmanagement.wd108.myworkdayjobs.com/wday/cxs/sbmmanagement/SBM/jobs,1598,vendor,
workday,wd108/stackinfra/STACK_AMER,stackinfra,https://stackinfra.wd108.myworkdayjobs.com/STACK_AMER,https://stackinfra.wd108.myworkdayjobs.com/wday/cxs/stackinfra/STACK_AMER/jobs,50,vendor,
workday,wd108/tapestry/Tapestry_Careers,tapestry,https://tapestry.wd108.myworkdayjobs.com/Tapestry_Careers,https://tapestry.wd108.myworkdayjobs.com/wday/cxs/tapestry/Tapestry_Careers/jobs,2000,vendor-ceiling,
workday,wd108/teamapellis/ApellisCareers,teamapellis,https://teamapellis.wd108.myworkdayjobs.com/ApellisCareers,https://teamapellis.wd108.myworkdayjobs.com/wday/cxs/teamapellis/ApellisCareers/jobs,24,vendor,
workday,wd108/weis/Careers,weis,https://weis.wd108.myworkdayjobs.com/Careers,https://weis.wd108.myworkdayjobs.com/wday/cxs/weis/Careers/jobs,975,vendor,
workday,wd108/xavier/XavierCareers,xavier,https://xavier.wd108.myworkdayjobs.com/XavierCareers,https://xavier.wd108.myworkdayjobs.com/wday/cxs/xavier/XavierCareers/jobs,44,vendor,
workday,wd115/donaldson/DonaldsonCareers,donaldson,https://donaldson.wd115.myworkdayjobs.com/DonaldsonCareers,https://donaldson.wd115.myworkdayjobs.com/wday/cxs/donaldson/DonaldsonCareers/jobs,161,vendor,
workday,wd115/idexx/IDEXX,idexx,https://idexx.wd115.myworkdayjobs.com/IDEXX,https://idexx.wd115.myworkdayjobs.com/wday/cxs/idexx/IDEXX/jobs,195,vendor,
workday,wd115/lilly/LLY,lilly,https://lilly.wd115.myworkdayjobs.com/LLY,https://lilly.wd115.myworkdayjobs.com/wday/cxs/lilly/LLY/jobs,701,vendor,
workday,wd115/mvh/VeNCarreers,mvh,https://mvh.wd115.myworkdayjobs.com/VeNCarreers,https://mvh.wd115.myworkdayjobs.com/wday/cxs/mvh/VeNCarreers/jobs,50,vendor,
workday,wd115/mypath/mypathcareers,mypath,https://mypath.wd115.myworkdayjobs.com/mypathcareers,https://mypath.wd115.myworkdayjobs.com/wday/cxs/mypath/mypathcareers/jobs,101,vendor,
workday,wd115/saintfrancis/External,saintfrancis,https://saintfrancis.wd115.myworkdayjobs.com/External,https://saintfrancis.wd115.myworkdayjobs.com/wday/cxs/saintfrancis/External/jobs,571,vendor,
workday,wd115/scripps/Scripps_Careers,scripps,https://scripps.wd115.myworkdayjobs.com/Scripps_Careers,https://scripps.wd115.myworkdayjobs.com/wday/cxs/scripps/Scripps_Careers/jobs,65,vendor,
workday,wd115/theshieldco/external_careers,theshieldco,https://theshieldco.wd115.myworkdayjobs.com/external_careers,https://theshieldco.wd115.myworkdayjobs.com/wday/cxs/theshieldco/external_careers/jobs,118,vendor,
workday,wd12/adventhealth/AH_External_Career_Site,adventhealth,https://adventhealth.wd12.myworkdayjobs.com/AH_External_Career_Site,https://adventhealth.wd12.myworkdayjobs.com/wday/cxs/adventhealth/AH_External_Career_Site/jobs,4138,vendor,
workday,wd12/alignmenthealthcare/ahc_external,alignmenthealthcare,https://alignmenthealthcare.wd12.myworkdayjobs.com/ahc_external,https://alignmenthealthcare.wd12.myworkdayjobs.com/wday/cxs/alignmenthealthcare/ahc_external/jobs,64,vendor,
workday,wd12/alkami/alkami,alkami,https://alkami.wd12.myworkdayjobs.com/alkami,https://alkami.wd12.myworkdayjobs.com/wday/cxs/alkami/alkami/jobs,60,vendor,
workday,wd12/andersen/Andersen_External_Career_Site,andersen,https://andersen.wd12.myworkdayjobs.com/Andersen_External_Career_Site,https://andersen.wd12.myworkdayjobs.com/wday/cxs/andersen/Andersen_External_Career_Site/jobs,143,vendor,
workday,wd12/aoncology/Aoncology_Careers,aoncology,https://aoncology.wd12.myworkdayjobs.com/Aoncology_Careers,https://aoncology.wd12.myworkdayjobs.com/wday/cxs/aoncology/Aoncology_Careers/jobs,173,vendor,
workday,wd12/arcis/extNa,arcis,https://arcis.wd12.myworkdayjobs.com/extNa,https://arcis.wd12.myworkdayjobs.com/wday/cxs/arcis/extNa/jobs,488,vendor,
workday,wd12/baystatehealth/External_Careers,baystatehealth,https://baystatehealth.wd12.myworkdayjobs.com/External_Careers,https://baystatehealth.wd12.myworkdayjobs.com/wday/cxs/baystatehealth/External_Careers/jobs,438,vendor,
workday,wd12/bigcommerce/Commerce,bigcommerce,https://bigcommerce.wd12.myworkdayjobs.com/Commerce,https://bigcommerce.wd12.myworkdayjobs.com/wday/cxs/bigcommerce/Commerce/jobs,21,vendor,
workday,wd12/brownhealth/External_Careers,brownhealth,https://brownhealth.wd12.myworkdayjobs.com/External_Careers,https://brownhealth.wd12.myworkdayjobs.com/wday/cxs/brownhealth/External_Careers/jobs,1527,vendor,
workday,wd12/bsu/External,bsu,https://bsu.wd12.myworkdayjobs.com/External,https://bsu.wd12.myworkdayjobs.com/wday/cxs/bsu/External/jobs,66,vendor,
workday,wd12/capitalone/capital_one,capitalone,https://capitalone.wd12.myworkdayjobs.com/capital_one,https://capitalone.wd12.myworkdayjobs.com/wday/cxs/capitalone/capital_one/jobs,1958,vendor,
workday,wd12/carilionclinic/External_Careers,carilionclinic,https://carilionclinic.wd12.myworkdayjobs.com/External_Careers,https://carilionclinic.wd12.myworkdayjobs.com/wday/cxs/carilionclinic/External_Careers/jobs,385,vendor,
workday,wd12/cars/cars,cars,https://cars.wd12.myworkdayjobs.com/cars,https://cars.wd12.myworkdayjobs.com/wday/cxs/cars/cars/jobs,30,vendor,
workday,wd12/chatham/chathamuniversitystudent,chatham,https://chatham.wd12.myworkdayjobs.com/chathamuniversitystudent,https://chatham.wd12.myworkdayjobs.com/wday/cxs/chatham/chathamuniversitystudent/jobs,73,vendor,
workday,wd12/claires/Claires,claires,https://claires.wd12.myworkdayjobs.com/Claires,https://claires.wd12.myworkdayjobs.com/wday/cxs/claires/Claires/jobs,12,vendor,
workday,wd12/copart/Copart,copart,https://copart.wd12.myworkdayjobs.com/Copart,https://copart.wd12.myworkdayjobs.com/wday/cxs/copart/Copart/jobs,381,vendor,
workday,wd12/crowe/external_careers,crowe,https://crowe.wd12.myworkdayjobs.com/external_careers,https://crowe.wd12.myworkdayjobs.com/wday/cxs/crowe/external_careers/jobs,183,vendor,
workday,wd12/csusystem/fortcollins_careers,csusystem,https://csusystem.wd12.myworkdayjobs.com/fortcollins_careers,https://csusystem.wd12.myworkdayjobs.com/wday/cxs/csusystem/fortcollins_careers/jobs,285,vendor,
workday,wd12/dataminr/Dataminr,dataminr,https://dataminr.wd12.myworkdayjobs.com/Dataminr,https://dataminr.wd12.myworkdayjobs.com/wday/cxs/dataminr/Dataminr/jobs,25,vendor,
workday,wd12/diamondbackenergy/dbe,diamondbackenergy,https://diamondbackenergy.wd12.myworkdayjobs.com/dbe,https://diamondbackenergy.wd12.myworkdayjobs.com/wday/cxs/diamondbackenergy/dbe/jobs,30,vendor,
workday,wd12/firstnational/fnbocareers,firstnational,https://firstnational.wd12.myworkdayjobs.com/fnbocareers,https://firstnational.wd12.myworkdayjobs.com/wday/cxs/firstnational/fnbocareers/jobs,98,vendor,
workday,wd12/greatamerica/greatamericacareers,greatamerica,https://greatamerica.wd12.myworkdayjobs.com/greatamericacareers,https://greatamerica.wd12.myworkdayjobs.com/wday/cxs/greatamerica/greatamericacareers/jobs,31,vendor,
workday,wd12/hhs/HHS1Jobs,hhs,https://hhs.wd12.myworkdayjobs.com/HHS1Jobs,https://hhs.wd12.myworkdayjobs.com/wday/cxs/hhs/HHS1Jobs/jobs,134,vendor,
workday,wd12/hmhw/HMH_Careers,hmhw,https://hmhw.wd12.myworkdayjobs.com/HMH_Careers,https://hmhw.wd12.myworkdayjobs.com/wday/cxs/hmhw/HMH_Careers/jobs,58,vendor,
workday,wd12/honorhealth/HonorHealth_careers,honorhealth,https://honorhealth.wd12.myworkdayjobs.com/HonorHealth_careers,https://honorhealth.wd12.myworkdayjobs.com/wday/cxs/honorhealth/HonorHealth_careers/jobs,527,vendor,
workday,wd12/huntington/HNBcareers,huntington,https://huntington.wd12.myworkdayjobs.com/HNBcareers,https://huntington.wd12.myworkdayjobs.com/wday/cxs/huntington/HNBcareers/jobs,685,vendor,
workday,wd12/insperity/NSP,insperity,https://insperity.wd12.myworkdayjobs.com/NSP,https://insperity.wd12.myworkdayjobs.com/wday/cxs/insperity/NSP/jobs,85,vendor,
workday,wd12/ioaging/IOA,ioaging,https://ioaging.wd12.myworkdayjobs.com/IOA,https://ioaging.wd12.myworkdayjobs.com/wday/cxs/ioaging/IOA/jobs,49,vendor,
workday,wd12/kissusa/KISS_Careers_External,kissusa,https://kissusa.wd12.myworkdayjobs.com/KISS_Careers_External,https://kissusa.wd12.myworkdayjobs.com/wday/cxs/kissusa/KISS_Careers_External/jobs,78,vendor,
workday,wd12/litera/Litera_Careers,litera,https://litera.wd12.myworkdayjobs.com/Litera_Careers,https://litera.wd12.myworkdayjobs.com/wday/cxs/litera/Litera_Careers/jobs,38,vendor,
workday,wd12/menasha/menashacorp,menasha,https://menasha.wd12.myworkdayjobs.com/menashacorp,https://menasha.wd12.myworkdayjobs.com/wday/cxs/menasha/menashacorp/jobs,218,vendor,
workday,wd12/merative/External_Career_Site,merative,https://merative.wd12.myworkdayjobs.com/External_Career_Site,https://merative.wd12.myworkdayjobs.com/wday/cxs/merative/External_Career_Site/jobs,26,vendor,
workday,wd12/monolithicpower/MPS_Careers,monolithicpower,https://monolithicpower.wd12.myworkdayjobs.com/MPS_Careers,https://monolithicpower.wd12.myworkdayjobs.com/wday/cxs/monolithicpower/MPS_Careers/jobs,235,vendor,
workday,wd12/nbtbancorp/NBT-B,nbtbancorp,https://nbtbancorp.wd12.myworkdayjobs.com/NBT-B,https://nbtbancorp.wd12.myworkdayjobs.com/wday/cxs/nbtbancorp/NBT-B/jobs,72,vendor,
workday,wd12/newchartertech/CTSI,newchartertech,https://newchartertech.wd12.myworkdayjobs.com/CTSI,https://newchartertech.wd12.myworkdayjobs.com/wday/cxs/newchartertech/CTSI/jobs,5,vendor,
workday,wd12/nwis/NW,nwis,https://nwis.wd12.myworkdayjobs.com/NW,https://nwis.wd12.myworkdayjobs.com/wday/cxs/nwis/NW/jobs,358,vendor,
workday,wd12/promedica/external_careers,promedica,https://promedica.wd12.myworkdayjobs.com/external_careers,https://promedica.wd12.myworkdayjobs.com/wday/cxs/promedica/external_careers/jobs,527,vendor,
workday,wd12/rappi/Rappi_jobs,rappi,https://rappi.wd12.myworkdayjobs.com/Rappi_jobs,https://rappi.wd12.myworkdayjobs.com/wday/cxs/rappi/Rappi_jobs/jobs,36,vendor,
workday,wd12/rembrandtfoods/Rembrandt_Foods,rembrandtfoods,https://rembrandtfoods.wd12.myworkdayjobs.com/Rembrandt_Foods,https://rembrandtfoods.wd12.myworkdayjobs.com/wday/cxs/rembrandtfoods/Rembrandt_Foods/jobs,7,vendor,
workday,wd12/salesforce/external_career_site,salesforce,https://salesforce.wd12.myworkdayjobs.com/external_career_site,https://salesforce.wd12.myworkdayjobs.com/wday/cxs/salesforce/external_career_site/jobs,1535,vendor,
workday,wd12/salesforce/Mulesoft_Careersite,salesforce,https://salesforce.wd12.myworkdayjobs.com/Mulesoft_Careersite,https://salesforce.wd12.myworkdayjobs.com/wday/cxs/salesforce/Mulesoft_Careersite/jobs,16,vendor,
workday,wd12/salesforce/slack,salesforce,https://salesforce.wd12.myworkdayjobs.com/slack,https://salesforce.wd12.myworkdayjobs.com/wday/cxs/salesforce/slack/jobs,18,vendor,
workday,wd12/stem/StemInc,stem,https://stem.wd12.myworkdayjobs.com/StemInc,https://stem.wd12.myworkdayjobs.com/wday/cxs/stem/StemInc/jobs,1,vendor,
workday,wd12/sunriseseniorliving/SUNRISE_EXT_CAREERS,sunriseseniorliving,https://sunriseseniorliving.wd12.myworkdayjobs.com/SUNRISE_EXT_CAREERS,https://sunriseseniorliving.wd12.myworkdayjobs.com/wday/cxs/sunriseseniorliving/SUNRISE_EXT_CAREERS/jobs,1888,vendor,
workday,wd12/syneoshealth/Syneos_Health_External_Site,syneoshealth,https://syneoshealth.wd12.myworkdayjobs.com/Syneos_Health_External_Site,https://syneoshealth.wd12.myworkdayjobs.com/wday/cxs/syneoshealth/Syneos_Health_External_Site/jobs,738,vendor,
workday,wd12/tandemdiabetes/tandemdiabetes,tandemdiabetes,https://tandemdiabetes.wd12.myworkdayjobs.com/tandemdiabetes,https://tandemdiabetes.wd12.myworkdayjobs.com/wday/cxs/tandemdiabetes/tandemdiabetes/jobs,36,vendor,
workday,wd12/texascapitalbank/Careers,texascapitalbank,https://texascapitalbank.wd12.myworkdayjobs.com/Careers,https://texascapitalbank.wd12.myworkdayjobs.com/wday/cxs/texascapitalbank/Careers/jobs,113,vendor,
workday,wd12/tidelandshealth/Tidelands,tidelandshealth,https://tidelandshealth.wd12.myworkdayjobs.com/Tidelands,https://tidelandshealth.wd12.myworkdayjobs.com/wday/cxs/tidelandshealth/Tidelands/jobs,134,vendor,
workday,wd12/tranetechnologies/Trane_Technologies_Careers,tranetechnologies,https://tranetechnologies.wd12.myworkdayjobs.com/Trane_Technologies_Careers,https://tranetechnologies.wd12.myworkdayjobs.com/wday/cxs/tranetechnologies/Trane_Technologies_Careers/jobs,1680,vendor,
workday,wd12/turo/Turo_careers,turo,https://turo.wd12.myworkdayjobs.com/Turo_careers,https://turo.wd12.myworkdayjobs.com/wday/cxs/turo/Turo_careers/jobs,44,vendor,
workday,wd12/usertesting/UserTesting,usertesting,https://usertesting.wd12.myworkdayjobs.com/UserTesting,https://usertesting.wd12.myworkdayjobs.com/wday/cxs/usertesting/UserTesting/jobs,12,vendor,
workday,wd12/valleychildrens/VCH_External,valleychildrens,https://valleychildrens.wd12.myworkdayjobs.com/VCH_External,https://valleychildrens.wd12.myworkdayjobs.com/wday/cxs/valleychildrens/VCH_External/jobs,80,vendor,
workday,wd12/valleyhealth/Valley_Health_System_Careers_,valleyhealth,https://valleyhealth.wd12.myworkdayjobs.com/Valley_Health_System_Careers_,https://valleyhealth.wd12.myworkdayjobs.com/wday/cxs/valleyhealth/Valley_Health_System_Careers_/jobs,291,vendor,
workday,wd12/verizon/verizon-careers,verizon,https://verizon.wd12.myworkdayjobs.com/verizon-careers,https://verizon.wd12.myworkdayjobs.com/wday/cxs/verizon/verizon-careers/jobs,1132,vendor,
workday,wd12/waukeshacounty/Careers,waukeshacounty,https://waukeshacounty.wd12.myworkdayjobs.com/Careers,https://waukeshacounty.wd12.myworkdayjobs.com/wday/cxs/waukeshacounty/Careers/jobs,42,vendor,
workday,wd12/williammary/WM,williammary,https://williammary.wd12.myworkdayjobs.com/WM,https://williammary.wd12.myworkdayjobs.com/wday/cxs/williammary/WM/jobs,108,vendor,
workday,wd3/4flow/4flow,4flow,https://4flow.wd3.myworkdayjobs.com/4flow,https://4flow.wd3.myworkdayjobs.com/wday/cxs/4flow/4flow/jobs,74,vendor,
workday,wd3/7eleven/7eleven,7eleven,https://7eleven.wd3.myworkdayjobs.com/7eleven,https://7eleven.wd3.myworkdayjobs.com/wday/cxs/7eleven/7eleven/jobs,63,vendor,
workday,wd3/a1group/A1_Jobs_bg,a1group,https://a1group.wd3.myworkdayjobs.com/A1_Jobs_bg,https://a1group.wd3.myworkdayjobs.com/wday/cxs/a1group/A1_Jobs_bg/jobs,100,vendor,
workday,wd3/aalto/aalto,aalto,https://aalto.wd3.myworkdayjobs.com/aalto,https://aalto.wd3.myworkdayjobs.com/wday/cxs/aalto/aalto/jobs,27,vendor,
workday,wd3/abb/external_career_page,abb,https://abb.wd3.myworkdayjobs.com/external_career_page,https://abb.wd3.myworkdayjobs.com/wday/cxs/abb/external_career_page/jobs,2298,vendor,
workday,wd3/absa/ABSAcareersite,absa,https://absa.wd3.myworkdayjobs.com/ABSAcareersite,https://absa.wd3.myworkdayjobs.com/wday/cxs/absa/ABSAcareersite/jobs,52,vendor,
workday,wd3/acciona/ACCIONA_Employment_Channel,acciona,https://acciona.wd3.myworkdayjobs.com/ACCIONA_Employment_Channel,https://acciona.wd3.myworkdayjobs.com/wday/cxs/acciona/ACCIONA_Employment_Channel/jobs,580,vendor,
workday,wd3/adient/External,adient,https://adient.wd3.myworkdayjobs.com/External,https://adient.wd3.myworkdayjobs.com/wday/cxs/adient/External/jobs,185,vendor,
workday,wd3/adtran/ADTRAN,adtran,https://adtran.wd3.myworkdayjobs.com/ADTRAN,https://adtran.wd3.myworkdayjobs.com/wday/cxs/adtran/ADTRAN/jobs,92,vendor,
workday,wd3/ag/Airbus,ag,https://ag.wd3.myworkdayjobs.com/Airbus,https://ag.wd3.myworkdayjobs.com/wday/cxs/ag/Airbus/jobs,2000,vendor-ceiling,
workday,wd3/aggreko/Aggreko_Careers_1,aggreko,https://aggreko.wd3.myworkdayjobs.com/Aggreko_Careers_1,https://aggreko.wd3.myworkdayjobs.com/wday/cxs/aggreko/Aggreko_Careers_1/jobs,232,vendor,
workday,wd3/agrana/Careers,agrana,https://agrana.wd3.myworkdayjobs.com/Careers,https://agrana.wd3.myworkdayjobs.com/wday/cxs/agrana/Careers/jobs,70,vendor,
workday,wd3/ahri/AHRI1,ahri,https://ahri.wd3.myworkdayjobs.com/AHRI1,https://ahri.wd3.myworkdayjobs.com/wday/cxs/ahri/AHRI1/jobs,3,vendor,
workday,wd3/aia/AIA-Digital,aia,https://aia.wd3.myworkdayjobs.com/AIA-Digital,https://aia.wd3.myworkdayjobs.com/wday/cxs/aia/AIA-Digital/jobs,86,vendor,
workday,wd3/airliquidehr/AirgasExternalCareer,airliquidehr,https://airliquidehr.wd3.myworkdayjobs.com/AirgasExternalCareer,https://airliquidehr.wd3.myworkdayjobs.com/wday/cxs/airliquidehr/AirgasExternalCareer/jobs,411,vendor,
workday,wd3/alantra/Alantra,alantra,https://alantra.wd3.myworkdayjobs.com/Alantra,https://alantra.wd3.myworkdayjobs.com/wday/cxs/alantra/Alantra/jobs,48,vendor,
workday,wd3/alfalaval/Alfa_Laval_jobs,alfalaval,https://alfalaval.wd3.myworkdayjobs.com/Alfa_Laval_jobs,https://alfalaval.wd3.myworkdayjobs.com/wday/cxs/alfalaval/Alfa_Laval_jobs/jobs,377,vendor,
workday,wd3/aliaxis/Aliaxis,aliaxis,https://aliaxis.wd3.myworkdayjobs.com/Aliaxis,https://aliaxis.wd3.myworkdayjobs.com/wday/cxs/aliaxis/Aliaxis/jobs,255,vendor,
workday,wd3/alleima/alleima-jobs,alleima,https://alleima.wd3.myworkdayjobs.com/alleima-jobs,https://alleima.wd3.myworkdayjobs.com/wday/cxs/alleima/alleima-jobs/jobs,48,vendor,
workday,wd3/allens/Allens,allens,https://allens.wd3.myworkdayjobs.com/Allens,https://allens.wd3.myworkdayjobs.com/wday/cxs/allens/Allens/jobs,54,vendor,
workday,wd3/alliance/nissanjobs,alliance,https://alliance.wd3.myworkdayjobs.com/nissanjobs,https://alliance.wd3.myworkdayjobs.com/wday/cxs/alliance/nissanjobs/jobs,283,vendor,
workday,wd3/alliancewd/renault-group-careers,alliancewd,https://alliancewd.wd3.myworkdayjobs.com/renault-group-careers,https://alliancewd.wd3.myworkdayjobs.com/wday/cxs/alliancewd/renault-group-careers/jobs,437,vendor,
workday,wd3/altusgroup/AltusGroup,altusgroup,https://altusgroup.wd3.myworkdayjobs.com/AltusGroup,https://altusgroup.wd3.myworkdayjobs.com/wday/cxs/altusgroup/AltusGroup/jobs,40,vendor,
workday,wd3/applyboard/ApplyBoardNH,applyboard,https://applyboard.wd3.myworkdayjobs.com/ApplyBoardNH,https://applyboard.wd3.myworkdayjobs.com/wday/cxs/applyboard/ApplyBoardNH/jobs,68,vendor,
workday,wd3/arabellesolutions/Arabelle_Solutions,arabellesolutions,https://arabellesolutions.wd3.myworkdayjobs.com/Arabelle_Solutions,https://arabellesolutions.wd3.myworkdayjobs.com/wday/cxs/arabellesolutions/Arabelle_Solutions/jobs,375,vendor,
workday,wd3/argenx/External_Careers,argenx,https://argenx.wd3.myworkdayjobs.com/External_Careers,https://argenx.wd3.myworkdayjobs.com/wday/cxs/argenx/External_Careers/jobs,79,vendor,
workday,wd3/aristocrat/AristocratExternalCareersSite,aristocrat,https://aristocrat.wd3.myworkdayjobs.com/AristocratExternalCareersSite,https://aristocrat.wd3.myworkdayjobs.com/wday/cxs/aristocrat/AristocratExternalCareersSite/jobs,203,vendor,
workday,wd3/aritzia/External,aritzia,https://aritzia.wd3.myworkdayjobs.com/External,https://aritzia.wd3.myworkdayjobs.com/wday/cxs/aritzia/External/jobs,498,vendor,
workday,wd3/astrazeneca/Careers,astrazeneca,https://astrazeneca.wd3.myworkdayjobs.com/Careers,https://astrazeneca.wd3.myworkdayjobs.com/wday/cxs/astrazeneca/Careers/jobs,1093,vendor,
workday,wd3/averis/RGE,averis,https://averis.wd3.myworkdayjobs.com/RGE,https://averis.wd3.myworkdayjobs.com/wday/cxs/averis/RGE/jobs,163,vendor,
workday,wd3/aveva/AVEVA_careers,aveva,https://aveva.wd3.myworkdayjobs.com/AVEVA_careers,https://aveva.wd3.myworkdayjobs.com/wday/cxs/aveva/AVEVA_careers/jobs,257,vendor,
workday,wd3/awg/AW,awg,https://awg.wd3.myworkdayjobs.com/AW,https://awg.wd3.myworkdayjobs.com/wday/cxs/awg/AW/jobs,66,vendor,
workday,wd3/ayvens/AyvensCareers,ayvens,https://ayvens.wd3.myworkdayjobs.com/AyvensCareers,https://ayvens.wd3.myworkdayjobs.com/wday/cxs/ayvens/AyvensCareers/jobs,224,vendor,
workday,wd3/azelis/Azelis_Careers,azelis,https://azelis.wd3.myworkdayjobs.com/Azelis_Careers,https://azelis.wd3.myworkdayjobs.com/wday/cxs/azelis/Azelis_Careers/jobs,57,vendor,
workday,wd3/barclays/External_Career_Site_Barclays,barclays,https://barclays.wd3.myworkdayjobs.com/External_Career_Site_Barclays,https://barclays.wd3.myworkdayjobs.com/wday/cxs/barclays/External_Career_Site_Barclays/jobs,766,vendor,
workday,wd3/bayware/jobsatbayware,bayware,https://bayware.wd3.myworkdayjobs.com/jobsatbayware,https://bayware.wd3.myworkdayjobs.com/wday/cxs/bayware/jobsatbayware/jobs,20,vendor,
workday,wd3/bb/BlackBerry,bb,https://bb.wd3.myworkdayjobs.com/BlackBerry,https://bb.wd3.myworkdayjobs.com/wday/cxs/bb/BlackBerry/jobs,22,vendor,
workday,wd3/bbva/BBVA,bbva,https://bbva.wd3.myworkdayjobs.com/BBVA,https://bbva.wd3.myworkdayjobs.com/wday/cxs/bbva/BBVA/jobs,609,vendor,
workday,wd3/begacheese/Bega_Careers,begacheese,https://begacheese.wd3.myworkdayjobs.com/Bega_Careers,https://begacheese.wd3.myworkdayjobs.com/wday/cxs/begacheese/Bega_Careers/jobs,43,vendor,
workday,wd3/belron/Safelite_Careers,belron,https://belron.wd3.myworkdayjobs.com/Safelite_Careers,https://belron.wd3.myworkdayjobs.com/wday/cxs/belron/Safelite_Careers/jobs,584,vendor,
workday,wd3/bernergroup/Careers_Berner_Group,bernergroup,https://bernergroup.wd3.myworkdayjobs.com/Careers_Berner_Group,https://bernergroup.wd3.myworkdayjobs.com/wday/cxs/bernergroup/Careers_Berner_Group/jobs,301,vendor,
workday,wd3/bestbuycanada/BestBuyCA_Career,bestbuycanada,https://bestbuycanada.wd3.myworkdayjobs.com/BestBuyCA_Career,https://bestbuycanada.wd3.myworkdayjobs.com/wday/cxs/bestbuycanada/BestBuyCA_Career/jobs,150,vendor,
workday,wd3/biibhr/external,biibhr,https://biibhr.wd3.myworkdayjobs.com/external,https://biibhr.wd3.myworkdayjobs.com/wday/cxs/biibhr/external/jobs,260,vendor,
workday,wd3/bmo/External,bmo,https://bmo.wd3.myworkdayjobs.com/External,https://bmo.wd3.myworkdayjobs.com/wday/cxs/bmo/External/jobs,926,vendor,
workday,wd3/boliden/BolidenJobs,boliden,https://boliden.wd3.myworkdayjobs.com/BolidenJobs,https://boliden.wd3.myworkdayjobs.com/wday/cxs/boliden/BolidenJobs/jobs,38,vendor,
workday,wd3/bpinternational/bpCareers,bpinternational,https://bpinternational.wd3.myworkdayjobs.com/bpCareers,https://bpinternational.wd3.myworkdayjobs.com/wday/cxs/bpinternational/bpCareers/jobs,310,vendor,
workday,wd3/brenntag/brenntag_jobs,brenntag,https://brenntag.wd3.myworkdayjobs.com/brenntag_jobs,https://brenntag.wd3.myworkdayjobs.com/wday/cxs/brenntag/brenntag_jobs/jobs,365,vendor,
workday,wd3/browserstack/External,browserstack,https://browserstack.wd3.myworkdayjobs.com/External,https://browserstack.wd3.myworkdayjobs.com/wday/cxs/browserstack/External/jobs,34,vendor,
workday,wd3/bullish/Bullish,bullish,https://bullish.wd3.myworkdayjobs.com/Bullish,https://bullish.wd3.myworkdayjobs.com/wday/cxs/bullish/Bullish/jobs,27,vendor,
workday,wd3/bupa/EXT_CAREER,bupa,https://bupa.wd3.myworkdayjobs.com/EXT_CAREER,https://bupa.wd3.myworkdayjobs.com/wday/cxs/bupa/EXT_CAREER/jobs,631,vendor,
workday,wd3/cae/career,cae,https://cae.wd3.myworkdayjobs.com/career,https://cae.wd3.myworkdayjobs.com/wday/cxs/cae/career/jobs,396,vendor,
workday,wd3/canadiantirecorporation/Enterprise_External_Careers_Site,canadiantirecorporation,https://canadiantirecorporation.wd3.myworkdayjobs.com/Enterprise_External_Careers_Site,https://canadiantirecorporation.wd3.myworkdayjobs.com/wday/cxs/canadiantirecorporation/Enterprise_External_Careers_Site/jobs,127,vendor,
workday,wd3/cancerresearchuk/External_Careers,cancerresearchuk,https://cancerresearchuk.wd3.myworkdayjobs.com/External_Careers,https://cancerresearchuk.wd3.myworkdayjobs.com/wday/cxs/cancerresearchuk/External_Careers/jobs,49,vendor,
workday,wd3/capita/CapitaGlobal,capita,https://capita.wd3.myworkdayjobs.com/CapitaGlobal,https://capita.wd3.myworkdayjobs.com/wday/cxs/capita/CapitaGlobal/jobs,98,vendor,
workday,wd3/cba/CommBank_Careers,cba,https://cba.wd3.myworkdayjobs.com/CommBank_Careers,https://cba.wd3.myworkdayjobs.com/wday/cxs/cba/CommBank_Careers/jobs,168,vendor,
workday,wd3/cbcrc/CBC_Radio-Canada_Jobs,cbcrc,https://cbcrc.wd3.myworkdayjobs.com/CBC_Radio-Canada_Jobs,https://cbcrc.wd3.myworkdayjobs.com/wday/cxs/cbcrc/CBC_Radio-Canada_Jobs/jobs,82,vendor,
workday,wd3/cc/ChanelCareers,cc,https://cc.wd3.myworkdayjobs.com/ChanelCareers,https://cc.wd3.myworkdayjobs.com/wday/cxs/cc/ChanelCareers/jobs,1102,vendor,
workday,wd3/centrica/Centrica,centrica,https://centrica.wd3.myworkdayjobs.com/Centrica,https://centrica.wd3.myworkdayjobs.com/wday/cxs/centrica/Centrica/jobs,43,vendor,
workday,wd3/cgm/cgm,cgm,https://cgm.wd3.myworkdayjobs.com/cgm,https://cgm.wd3.myworkdayjobs.com/wday/cxs/cgm/cgm/jobs,261,vendor,
workday,wd3/charleskeith/External,charleskeith,https://charleskeith.wd3.myworkdayjobs.com/External,https://charleskeith.wd3.myworkdayjobs.com/wday/cxs/charleskeith/External/jobs,64,vendor,
workday,wd3/cibc/search,cibc,https://cibc.wd3.myworkdayjobs.com/search,https://cibc.wd3.myworkdayjobs.com/wday/cxs/cibc/search/jobs,553,vendor,
workday,wd3/cineplex/Cineplex,cineplex,https://cineplex.wd3.myworkdayjobs.com/Cineplex,https://cineplex.wd3.myworkdayjobs.com/wday/cxs/cineplex/Cineplex/jobs,183,vendor,
workday,wd3/circlek/CircleKStoreJobs,circlek,https://circlek.wd3.myworkdayjobs.com/CircleKStoreJobs,https://circlek.wd3.myworkdayjobs.com/wday/cxs/circlek/CircleKStoreJobs/jobs,2000,vendor-ceiling,
workday,wd3/clarivate/Clarivate_Careers,clarivate,https://clarivate.wd3.myworkdayjobs.com/Clarivate_Careers,https://clarivate.wd3.myworkdayjobs.com/wday/cxs/clarivate/Clarivate_Careers/jobs,194,vendor,
workday,wd3/claytonutz/Claytonutz1,claytonutz,https://claytonutz.wd3.myworkdayjobs.com/Claytonutz1,https://claytonutz.wd3.myworkdayjobs.com/wday/cxs/claytonutz/Claytonutz1/jobs,39,vendor,
workday,wd3/clio/ClioCareerSite,clio,https://clio.wd3.myworkdayjobs.com/ClioCareerSite,https://clio.wd3.myworkdayjobs.com/wday/cxs/clio/ClioCareerSite/jobs,141,vendor,
workday,wd3/colliers/Colliers-External-Career-Site,colliers,https://colliers.wd3.myworkdayjobs.com/Colliers-External-Career-Site,https://colliers.wd3.myworkdayjobs.com/wday/cxs/colliers/Colliers-External-Career-Site/jobs,261,vendor,
workday,wd3/covestro/cov_external,covestro,https://covestro.wd3.myworkdayjobs.com/cov_external,https://covestro.wd3.myworkdayjobs.com/wday/cxs/covestro/cov_external/jobs,186,vendor,
workday,wd3/ctbcholding/External,ctbcholding,https://ctbcholding.wd3.myworkdayjobs.com/External,https://ctbcholding.wd3.myworkdayjobs.com/wday/cxs/ctbcholding/External/jobs,628,vendor,
workday,wd3/cultura/Cultura,cultura,https://cultura.wd3.myworkdayjobs.com/Cultura,https://cultura.wd3.myworkdayjobs.com/wday/cxs/cultura/Cultura/jobs,165,vendor,
workday,wd3/damen/Damen_Careers,damen,https://damen.wd3.myworkdayjobs.com/Damen_Careers,https://damen.wd3.myworkdayjobs.com/wday/cxs/damen/Damen_Careers/jobs,147,vendor,
workday,wd3/darktrace/DarktaceExternal,darktrace,https://darktrace.wd3.myworkdayjobs.com/DarktaceExternal,https://darktrace.wd3.myworkdayjobs.com/wday/cxs/darktrace/DarktaceExternal/jobs,74,vendor,
workday,wd3/datev/Datev_Careers,datev,https://datev.wd3.myworkdayjobs.com/Datev_Careers,https://datev.wd3.myworkdayjobs.com/wday/cxs/datev/Datev_Careers/jobs,56,vendor,
workday,wd3/db/DBWebsite,db,https://db.wd3.myworkdayjobs.com/DBWebsite,https://db.wd3.myworkdayjobs.com/wday/cxs/db/DBWebsite/jobs,1187,vendor,
workday,wd3/dbs/DBS_Careers,dbs,https://dbs.wd3.myworkdayjobs.com/DBS_Careers,https://dbs.wd3.myworkdayjobs.com/wday/cxs/dbs/DBS_Careers/jobs,1426,vendor,
workday,wd3/deloitteie/Experienced_Professionals,deloitteie,https://deloitteie.wd3.myworkdayjobs.com/Experienced_Professionals,https://deloitteie.wd3.myworkdayjobs.com/wday/cxs/deloitteie/Experienced_Professionals/jobs,60,vendor,
workday,wd3/demegroup/careers_external,demegroup,https://demegroup.wd3.myworkdayjobs.com/careers_external,https://demegroup.wd3.myworkdayjobs.com/wday/cxs/demegroup/careers_external/jobs,130,vendor,
workday,wd3/dentsuaegis/DAN_GLOBAL,dentsuaegis,https://dentsuaegis.wd3.myworkdayjobs.com/DAN_GLOBAL,https://dentsuaegis.wd3.myworkdayjobs.com/wday/cxs/dentsuaegis/DAN_GLOBAL/jobs,861,vendor,
workday,wd3/diageo/Diageo_Careers,diageo,https://diageo.wd3.myworkdayjobs.com/Diageo_Careers,https://diageo.wd3.myworkdayjobs.com/wday/cxs/diageo/Diageo_Careers/jobs,278,vendor,
workday,wd3/dssmith/careers,dssmith,https://dssmith.wd3.myworkdayjobs.com/careers,https://dssmith.wd3.myworkdayjobs.com/wday/cxs/dssmith/careers/jobs,192,vendor,
workday,wd3/dyson/dyson_careers,dyson,https://dyson.wd3.myworkdayjobs.com/dyson_careers,https://dyson.wd3.myworkdayjobs.com/wday/cxs/dyson/dyson_careers/jobs,486,vendor,
workday,wd3/elementfleet/External_Career_Site,elementfleet,https://elementfleet.wd3.myworkdayjobs.com/External_Career_Site,https://elementfleet.wd3.myworkdayjobs.com/wday/cxs/elementfleet/External_Career_Site/jobs,32,vendor,
workday,wd3/elringklinger/External,elringklinger,https://elringklinger.wd3.myworkdayjobs.com/External,https://elringklinger.wd3.myworkdayjobs.com/wday/cxs/elringklinger/External/jobs,114,vendor,
workday,wd3/enbridge/enbridge_careers,enbridge,https://enbridge.wd3.myworkdayjobs.com/enbridge_careers,https://enbridge.wd3.myworkdayjobs.com/wday/cxs/enbridge/enbridge_careers/jobs,56,vendor,
workday,wd3/enercity/enercity_extern,enercity,https://enercity.wd3.myworkdayjobs.com/enercity_extern,https://enercity.wd3.myworkdayjobs.com/wday/cxs/enercity/enercity_extern/jobs,36,vendor,
workday,wd3/enmax/ENMAXCareers,enmax,https://enmax.wd3.myworkdayjobs.com/ENMAXCareers,https://enmax.wd3.myworkdayjobs.com/wday/cxs/enmax/ENMAXCareers/jobs,5,vendor,
workday,wd3/erm/ERM_Careers,erm,https://erm.wd3.myworkdayjobs.com/ERM_Careers,https://erm.wd3.myworkdayjobs.com/wday/cxs/erm/ERM_Careers/jobs,537,vendor,
workday,wd3/eset/ESET_External,eset,https://eset.wd3.myworkdayjobs.com/ESET_External,https://eset.wd3.myworkdayjobs.com/wday/cxs/eset/ESET_External/jobs,86,vendor,
workday,wd3/eventimgroup/kess-berlin,eventimgroup,https://eventimgroup.wd3.myworkdayjobs.com/kess-berlin,https://eventimgroup.wd3.myworkdayjobs.com/wday/cxs/eventimgroup/kess-berlin/jobs,2,vendor,
workday,wd3/evonik/External_Careers,evonik,https://evonik.wd3.myworkdayjobs.com/External_Careers,https://evonik.wd3.myworkdayjobs.com/wday/cxs/evonik/External_Careers/jobs,331,vendor,
workday,wd3/fastretailing/headquarters_eu_Uniqlo,fastretailing,https://fastretailing.wd3.myworkdayjobs.com/headquarters_eu_Uniqlo,https://fastretailing.wd3.myworkdayjobs.com/wday/cxs/fastretailing/headquarters_eu_Uniqlo/jobs,22,vendor,
workday,wd3/fca/FCA_Careers,fca,https://fca.wd3.myworkdayjobs.com/FCA_Careers,https://fca.wd3.myworkdayjobs.com/wday/cxs/fca/FCA_Careers/jobs,20,vendor,
workday,wd3/fccfac/careers-carrieres,fccfac,https://fccfac.wd3.myworkdayjobs.com/careers-carrieres,https://fccfac.wd3.myworkdayjobs.com/wday/cxs/fccfac/careers-carrieres/jobs,47,vendor,
workday,wd3/ferrovial/Ferrovial_Career_Site,ferrovial,https://ferrovial.wd3.myworkdayjobs.com/Ferrovial_Career_Site,https://ferrovial.wd3.myworkdayjobs.com/wday/cxs/ferrovial/Ferrovial_Career_Site/jobs,579,vendor,
workday,wd3/fil/fidelitycanada,fil,https://fil.wd3.myworkdayjobs.com/fidelitycanada,https://fil.wd3.myworkdayjobs.com/wday/cxs/fil/fidelitycanada/jobs,156,vendor,
workday,wd3/financialombudsman/FinancialOmbudsmanService,financialombudsman,https://financialombudsman.wd3.myworkdayjobs.com/FinancialOmbudsmanService,https://financialombudsman.wd3.myworkdayjobs.com/wday/cxs/financialombudsman/FinancialOmbudsmanService/jobs,10,vendor,
workday,wd3/firstquantum/First_Quantum_Careers,firstquantum,https://firstquantum.wd3.myworkdayjobs.com/First_Quantum_Careers,https://firstquantum.wd3.myworkdayjobs.com/wday/cxs/firstquantum/First_Quantum_Careers/jobs,110,vendor,
workday,wd3/firstrand/FRB,firstrand,https://firstrand.wd3.myworkdayjobs.com/FRB,https://firstrand.wd3.myworkdayjobs.com/wday/cxs/firstrand/FRB/jobs,167,vendor,
workday,wd3/fiskars/FiskarsGroup,fiskars,https://fiskars.wd3.myworkdayjobs.com/FiskarsGroup,https://fiskars.wd3.myworkdayjobs.com/wday/cxs/fiskars/FiskarsGroup/jobs,28,vendor,
workday,wd3/formulaone/F1,formulaone,https://formulaone.wd3.myworkdayjobs.com/F1,https://formulaone.wd3.myworkdayjobs.com/wday/cxs/formulaone/F1/jobs,17,vendor,
workday,wd3/fourseasons/search,fourseasons,https://fourseasons.wd3.myworkdayjobs.com/search,https://fourseasons.wd3.myworkdayjobs.com/wday/cxs/fourseasons/search/jobs,1947,vendor,
workday,wd3/freseniusglobal/LinkedIn,freseniusglobal,https://freseniusglobal.wd3.myworkdayjobs.com/LinkedIn,https://freseniusglobal.wd3.myworkdayjobs.com/wday/cxs/freseniusglobal/LinkedIn/jobs,70,vendor,
workday,wd3/freseniusmedicalcare/fme,freseniusmedicalcare,https://freseniusmedicalcare.wd3.myworkdayjobs.com/fme,https://freseniusmedicalcare.wd3.myworkdayjobs.com/wday/cxs/freseniusmedicalcare/fme/jobs,2000,vendor-ceiling,
workday,wd3/freshfields/FBD_101,freshfields,https://freshfields.wd3.myworkdayjobs.com/FBD_101,https://freshfields.wd3.myworkdayjobs.com/wday/cxs/freshfields/FBD_101/jobs,176,vendor,
workday,wd3/fronius/Job_Board,fronius,https://fronius.wd3.myworkdayjobs.com/Job_Board,https://fronius.wd3.myworkdayjobs.com/wday/cxs/fronius/Job_Board/jobs,132,vendor,
workday,wd3/frontiereconomics/Frontier_Economics_Careers,frontiereconomics,https://frontiereconomics.wd3.myworkdayjobs.com/Frontier_Economics_Careers,https://frontiereconomics.wd3.myworkdayjobs.com/wday/cxs/frontiereconomics/Frontier_Economics_Careers/jobs,6,vendor,
workday,wd3/fugro/Careers,fugro,https://fugro.wd3.myworkdayjobs.com/Careers,https://fugro.wd3.myworkdayjobs.com/wday/cxs/fugro/Careers/jobs,136,vendor,
workday,wd3/gategroup/GateGroup_External_Careers,gategroup,https://gategroup.wd3.myworkdayjobs.com/GateGroup_External_Careers,https://gategroup.wd3.myworkdayjobs.com/wday/cxs/gategroup/GateGroup_External_Careers/jobs,219,vendor,
workday,wd3/gea/GEACareers,gea,https://gea.wd3.myworkdayjobs.com/GEACareers,https://gea.wd3.myworkdayjobs.com/wday/cxs/gea/GEACareers/jobs,392,vendor,
workday,wd3/gianttiger/gianttiger,gianttiger,https://gianttiger.wd3.myworkdayjobs.com/gianttiger,https://gianttiger.wd3.myworkdayjobs.com/wday/cxs/gianttiger/gianttiger/jobs,509,vendor,
workday,wd3/gn/GN-Careers,gn,https://gn.wd3.myworkdayjobs.com/GN-Careers,https://gn.wd3.myworkdayjobs.com/wday/cxs/gn/GN-Careers/jobs,0,vendor,
workday,wd3/grpr/palace_jobs,grpr,https://grpr.wd3.myworkdayjobs.com/palace_jobs,https://grpr.wd3.myworkdayjobs.com/wday/cxs/grpr/palace_jobs/jobs,13,vendor,
workday,wd3/gsknch/GSKCareers,gsknch,https://gsknch.wd3.myworkdayjobs.com/GSKCareers,https://gsknch.wd3.myworkdayjobs.com/wday/cxs/gsknch/GSKCareers/jobs,349,vendor,
workday,wd3/haier/HaierEurope_Professional_Careers,haier,https://haier.wd3.myworkdayjobs.com/HaierEurope_Professional_Careers,https://haier.wd3.myworkdayjobs.com/wday/cxs/haier/HaierEurope_Professional_Careers/jobs,32,vendor,
workday,wd3/harman/HARMAN,harman,https://harman.wd3.myworkdayjobs.com/HARMAN,https://harman.wd3.myworkdayjobs.com/wday/cxs/harman/HARMAN/jobs,500,vendor,
workday,wd3/harriscomputer/SIV,harriscomputer,https://harriscomputer.wd3.myworkdayjobs.com/SIV,https://harriscomputer.wd3.myworkdayjobs.com/wday/cxs/harriscomputer/SIV/jobs,21,vendor,
workday,wd3/heidelbergmaterials/Global_HM_Career_Site,heidelbergmaterials,https://heidelbergmaterials.wd3.myworkdayjobs.com/Global_HM_Career_Site,https://heidelbergmaterials.wd3.myworkdayjobs.com/wday/cxs/heidelbergmaterials/Global_HM_Career_Site/jobs,850,vendor,
workday,wd3/hoganlovells/Search,hoganlovells,https://hoganlovells.wd3.myworkdayjobs.com/Search,https://hoganlovells.wd3.myworkdayjobs.com/wday/cxs/hoganlovells/Search/jobs,240,vendor,
workday,wd3/hydroottawa/hydro_ottawa_careersite,hydroottawa,https://hydroottawa.wd3.myworkdayjobs.com/hydro_ottawa_careersite,https://hydroottawa.wd3.myworkdayjobs.com/wday/cxs/hydroottawa/hydro_ottawa_careersite/jobs,7,vendor,
workday,wd3/ia/Professional,ia,https://ia.wd3.myworkdayjobs.com/Professional,https://ia.wd3.myworkdayjobs.com/wday/cxs/ia/Professional/jobs,91,vendor,
workday,wd3/iberdrola/Iberdrola,iberdrola,https://iberdrola.wd3.myworkdayjobs.com/Iberdrola,https://iberdrola.wd3.myworkdayjobs.com/wday/cxs/iberdrola/Iberdrola/jobs,190,vendor,
workday,wd3/ico/ICO,ico,https://ico.wd3.myworkdayjobs.com/ICO,https://ico.wd3.myworkdayjobs.com/wday/cxs/ico/ICO/jobs,3,vendor,
workday,wd3/icon/broadbean_external,icon,https://icon.wd3.myworkdayjobs.com/broadbean_external,https://icon.wd3.myworkdayjobs.com/wday/cxs/icon/broadbean_external/jobs,912,vendor,
workday,wd3/if/Careers,if,https://if.wd3.myworkdayjobs.com/Careers,https://if.wd3.myworkdayjobs.com/wday/cxs/if/Careers/jobs,50,vendor,
workday,wd3/iko/IKO_Careers,iko,https://iko.wd3.myworkdayjobs.com/IKO_Careers,https://iko.wd3.myworkdayjobs.com/wday/cxs/iko/IKO_Careers/jobs,224,vendor,
workday,wd3/iliad/Iliad,iliad,https://iliad.wd3.myworkdayjobs.com/Iliad,https://iliad.wd3.myworkdayjobs.com/wday/cxs/iliad/Iliad/jobs,25,vendor,
workday,wd3/ing/ICSGBLCOR,ing,https://ing.wd3.myworkdayjobs.com/ICSGBLCOR,https://ing.wd3.myworkdayjobs.com/wday/cxs/ing/ICSGBLCOR/jobs,751,vendor,
workday,wd3/intelcomgroup/Intelcom,intelcomgroup,https://intelcomgroup.wd3.myworkdayjobs.com/Intelcom,https://intelcomgroup.wd3.myworkdayjobs.com/wday/cxs/intelcomgroup/Intelcom/jobs,108,vendor,
workday,wd3/johnsonelectric/Career_JE,johnsonelectric,https://johnsonelectric.wd3.myworkdayjobs.com/Career_JE,https://johnsonelectric.wd3.myworkdayjobs.com/wday/cxs/johnsonelectric/Career_JE/jobs,285,vendor,
workday,wd3/juliusbaer/External,juliusbaer,https://juliusbaer.wd3.myworkdayjobs.com/External,https://juliusbaer.wd3.myworkdayjobs.com/wday/cxs/juliusbaer/External/jobs,165,vendor,
workday,wd3/kantar/KANTAR,kantar,https://kantar.wd3.myworkdayjobs.com/KANTAR,https://kantar.wd3.myworkdayjobs.com/wday/cxs/kantar/KANTAR/jobs,38,vendor,
workday,wd3/kantonsspitalbaden/ksb-careers,kantonsspitalbaden,https://kantonsspitalbaden.wd3.myworkdayjobs.com/ksb-careers,https://kantonsspitalbaden.wd3.myworkdayjobs.com/wday/cxs/kantonsspitalbaden/ksb-careers/jobs,109,vendor,
workday,wd3/kapsch/onestepahead-Spain,kapsch,https://kapsch.wd3.myworkdayjobs.com/onestepahead-Spain,https://kapsch.wd3.myworkdayjobs.com/wday/cxs/kapsch/onestepahead-Spain/jobs,3,vendor,
workday,wd3/kiongroup/KIONGroup,kiongroup,https://kiongroup.wd3.myworkdayjobs.com/KIONGroup,https://kiongroup.wd3.myworkdayjobs.com/wday/cxs/kiongroup/KIONGroup/jobs,1010,vendor,
workday,wd3/kone/Careers,kone,https://kone.wd3.myworkdayjobs.com/Careers,https://kone.wd3.myworkdayjobs.com/wday/cxs/kone/Careers/jobs,903,vendor,
workday,wd3/kpluss/Career-KplusS,kpluss,https://kpluss.wd3.myworkdayjobs.com/Career-KplusS,https://kpluss.wd3.myworkdayjobs.com/wday/cxs/kpluss/Career-KplusS/jobs,78,vendor,
workday,wd3/latitudefinancial/careers,latitudefinancial,https://latitudefinancial.wd3.myworkdayjobs.com/careers,https://latitudefinancial.wd3.myworkdayjobs.com/wday/cxs/latitudefinancial/careers/jobs,17,vendor,
workday,wd3/lbg/LBG_Careers,lbg,https://lbg.wd3.myworkdayjobs.com/LBG_Careers,https://lbg.wd3.myworkdayjobs.com/wday/cxs/lbg/LBG_Careers/jobs,86,vendor,
workday,wd3/leonardocompany/LeonardoCareerSite,leonardocompany,https://leonardocompany.wd3.myworkdayjobs.com/LeonardoCareerSite,https://leonardocompany.wd3.myworkdayjobs.com/wday/cxs/leonardocompany/LeonardoCareerSite/jobs,746,vendor,
workday,wd3/lgigroup/LGI,lgigroup,https://lgigroup.wd3.myworkdayjobs.com/LGI,https://lgigroup.wd3.myworkdayjobs.com/wday/cxs/lgigroup/LGI/jobs,73,vendor,
workday,wd3/lgroup/L-Acoustics_Group_career,lgroup,https://lgroup.wd3.myworkdayjobs.com/L-Acoustics_Group_career,https://lgroup.wd3.myworkdayjobs.com/wday/cxs/lgroup/L-Acoustics_Group_career/jobs,45,vendor,
workday,wd3/lgt/lgtcurrentvacancies,lgt,https://lgt.wd3.myworkdayjobs.com/lgtcurrentvacancies,https://lgt.wd3.myworkdayjobs.com/wday/cxs/lgt/lgtcurrentvacancies/jobs,58,vendor,
workday,wd3/lhoist/Careers,lhoist,https://lhoist.wd3.myworkdayjobs.com/Careers,https://lhoist.wd3.myworkdayjobs.com/wday/cxs/lhoist/Careers/jobs,81,vendor,
workday,wd3/libertyglobal/Liberty_Global_Careers,libertyglobal,https://libertyglobal.wd3.myworkdayjobs.com/Liberty_Global_Careers,https://libertyglobal.wd3.myworkdayjobs.com/wday/cxs/libertyglobal/Liberty_Global_Careers/jobs,38,vendor,
workday,wd3/linklaters/DE_Linklaters,linklaters,https://linklaters.wd3.myworkdayjobs.com/DE_Linklaters,https://linklaters.wd3.myworkdayjobs.com/wday/cxs/linklaters/DE_Linklaters/jobs,75,vendor,
workday,wd3/lonza/Lonza_Careers,lonza,https://lonza.wd3.myworkdayjobs.com/Lonza_Careers,https://lonza.wd3.myworkdayjobs.com/wday/cxs/lonza/Lonza_Careers/jobs,587,vendor,
workday,wd3/lowell/LowellGroup_Careers2,lowell,https://lowell.wd3.myworkdayjobs.com/LowellGroup_Careers2,https://lowell.wd3.myworkdayjobs.com/wday/cxs/lowell/LowellGroup_Careers2/jobs,11,vendor,
workday,wd3/lseg/Careers,lseg,https://lseg.wd3.myworkdayjobs.com/Careers,https://lseg.wd3.myworkdayjobs.com/wday/cxs/lseg/Careers/jobs,670,vendor,
workday,wd3/maersk/Maersk_Careers,maersk,https://maersk.wd3.myworkdayjobs.com/Maersk_Careers,https://maersk.wd3.myworkdayjobs.com/wday/cxs/maersk/Maersk_Careers/jobs,1288,vendor,
workday,wd3/mango/Mango_Work_Your_Passion,mango,https://mango.wd3.myworkdayjobs.com/Mango_Work_Your_Passion,https://mango.wd3.myworkdayjobs.com/wday/cxs/mango/Mango_Work_Your_Passion/jobs,1538,vendor,
workday,wd3/manulife/MFCJH_Jobs,manulife,https://manulife.wd3.myworkdayjobs.com/MFCJH_Jobs,https://manulife.wd3.myworkdayjobs.com/wday/cxs/manulife/MFCJH_Jobs/jobs,613,vendor,
workday,wd3/marquardbahls/Advario,marquardbahls,https://marquardbahls.wd3.myworkdayjobs.com/Advario,https://marquardbahls.wd3.myworkdayjobs.com/wday/cxs/marquardbahls/Advario/jobs,18,vendor,
workday,wd3/mars/External,mars,https://mars.wd3.myworkdayjobs.com/External,https://mars.wd3.myworkdayjobs.com/wday/cxs/mars/External/jobs,825,vendor,
workday,wd3/mcgill/mcgill_careers,mcgill,https://mcgill.wd3.myworkdayjobs.com/mcgill_careers,https://mcgill.wd3.myworkdayjobs.com/wday/cxs/mcgill/mcgill_careers/jobs,590,vendor,
workday,wd3/mckesson/External_Careers,mckesson,https://mckesson.wd3.myworkdayjobs.com/External_Careers,https://mckesson.wd3.myworkdayjobs.com/wday/cxs/mckesson/External_Careers/jobs,640,vendor,
workday,wd3/mdlz/External,mdlz,https://mdlz.wd3.myworkdayjobs.com/External,https://mdlz.wd3.myworkdayjobs.com/wday/cxs/mdlz/External/jobs,1316,vendor,
workday,wd3/michelinhr/Michelin,michelinhr,https://michelinhr.wd3.myworkdayjobs.com/Michelin,https://michelinhr.wd3.myworkdayjobs.com/wday/cxs/michelinhr/Michelin/jobs,760,vendor,
workday,wd3/miele/miele-jobs,miele,https://miele.wd3.myworkdayjobs.com/miele-jobs,https://miele.wd3.myworkdayjobs.com/wday/cxs/miele/miele-jobs/jobs,274,vendor,
workday,wd3/mlse/MLSE,mlse,https://mlse.wd3.myworkdayjobs.com/MLSE,https://mlse.wd3.myworkdayjobs.com/wday/cxs/mlse/MLSE/jobs,61,vendor,
workday,wd3/modaxo/Trellint,modaxo,https://modaxo.wd3.myworkdayjobs.com/Trellint,https://modaxo.wd3.myworkdayjobs.com/wday/cxs/modaxo/Trellint/jobs,24,vendor,
workday,wd3/mq/CareersatMQ,mq,https://mq.wd3.myworkdayjobs.com/CareersatMQ,https://mq.wd3.myworkdayjobs.com/wday/cxs/mq/CareersatMQ/jobs,37,vendor,
workday,wd3/msamlin/MSAmlinCareers,msamlin,https://msamlin.wd3.myworkdayjobs.com/MSAmlinCareers,https://msamlin.wd3.myworkdayjobs.com/wday/cxs/msamlin/MSAmlinCareers/jobs,21,vendor,
workday,wd3/msfg/Careers,msfg,https://msfg.wd3.myworkdayjobs.com/Careers,https://msfg.wd3.myworkdayjobs.com/wday/cxs/msfg/Careers/jobs,7,vendor,
workday,wd3/mufgub/MUFG-Careers,mufgub,https://mufgub.wd3.myworkdayjobs.com/MUFG-Careers,https://mufgub.wd3.myworkdayjobs.com/wday/cxs/mufgub/MUFG-Careers/jobs,700,vendor,
workday,wd3/murdoch/MurdochCareers,murdoch,https://murdoch.wd3.myworkdayjobs.com/MurdochCareers,https://murdoch.wd3.myworkdayjobs.com/wday/cxs/murdoch/MurdochCareers/jobs,12,vendor,
workday,wd3/murex/MurexCareerPage1,murex,https://murex.wd3.myworkdayjobs.com/MurexCareerPage1,https://murex.wd3.myworkdayjobs.com/wday/cxs/murex/MurexCareerPage1/jobs,69,vendor,
workday,wd3/myhr/PlanseeGroup_Career,myhr,https://myhr.wd3.myworkdayjobs.com/PlanseeGroup_Career,https://myhr.wd3.myworkdayjobs.com/wday/cxs/myhr/PlanseeGroup_Career/jobs,201,vendor,
workday,wd3/myview/sdm_careers,myview,https://myview.wd3.myworkdayjobs.com/sdm_careers,https://myview.wd3.myworkdayjobs.com/wday/cxs/myview/sdm_careers/jobs,0,vendor,
workday,wd3/nab/bnz_careers,nab,https://nab.wd3.myworkdayjobs.com/bnz_careers,https://nab.wd3.myworkdayjobs.com/wday/cxs/nab/bnz_careers/jobs,18,vendor,
workday,wd3/nadara/External,nadara,https://nadara.wd3.myworkdayjobs.com/External,https://nadara.wd3.myworkdayjobs.com/wday/cxs/nadara/External/jobs,70,vendor,
workday,wd3/nandos/Nandos,nandos,https://nandos.wd3.myworkdayjobs.com/Nandos,https://nandos.wd3.myworkdayjobs.com/wday/cxs/nandos/Nandos/jobs,453,vendor,
workday,wd3/nanfung/NF_Career,nanfung,https://nanfung.wd3.myworkdayjobs.com/NF_Career,https://nanfung.wd3.myworkdayjobs.com/wday/cxs/nanfung/NF_Career/jobs,7,vendor,
workday,wd3/newcastle/NBSCareers,newcastle,https://newcastle.wd3.myworkdayjobs.com/NBSCareers,https://newcastle.wd3.myworkdayjobs.com/wday/cxs/newcastle/NBSCareers/jobs,8,vendor,
workday,wd3/nngroup/WDExternal,nngroup,https://nngroup.wd3.myworkdayjobs.com/WDExternal,https://nngroup.wd3.myworkdayjobs.com/wday/cxs/nngroup/WDExternal/jobs,187,vendor,
workday,wd3/noerr/Careers_Legal_Tax_Advisory,noerr,https://noerr.wd3.myworkdayjobs.com/Careers_Legal_Tax_Advisory,https://noerr.wd3.myworkdayjobs.com/wday/cxs/noerr/Careers_Legal_Tax_Advisory/jobs,63,vendor,
workday,wd3/norconsult/Norconsult_Career_Site,norconsult,https://norconsult.wd3.myworkdayjobs.com/Norconsult_Career_Site,https://norconsult.wd3.myworkdayjobs.com/wday/cxs/norconsult/Norconsult_Career_Site/jobs,64,vendor,
workday,wd3/norgesgruppen/karriere,norgesgruppen,https://norgesgruppen.wd3.myworkdayjobs.com/karriere,https://norgesgruppen.wd3.myworkdayjobs.com/wday/cxs/norgesgruppen/karriere/jobs,175,vendor,
workday,wd3/novartis/Novartis_Careers,novartis,https://novartis.wd3.myworkdayjobs.com/Novartis_Careers,https://novartis.wd3.myworkdayjobs.com/wday/cxs/novartis/Novartis_Careers/jobs,832,vendor,
workday,wd3/nrf/External,nrf,https://nrf.wd3.myworkdayjobs.com/External,https://nrf.wd3.myworkdayjobs.com/wday/cxs/nrf/External/jobs,120,vendor,
workday,wd3/nttlimited/ntt_careers,nttlimited,https://nttlimited.wd3.myworkdayjobs.com/ntt_careers,https://nttlimited.wd3.myworkdayjobs.com/wday/cxs/nttlimited/ntt_careers/jobs,829,vendor,
workday,wd3/ntu/Careers,ntu,https://ntu.wd3.myworkdayjobs.com/Careers,https://ntu.wd3.myworkdayjobs.com/wday/cxs/ntu/Careers/jobs,744,vendor,
workday,wd3/nutreco/Nutreco_External,nutreco,https://nutreco.wd3.myworkdayjobs.com/Nutreco_External,https://nutreco.wd3.myworkdayjobs.com/wday/cxs/nutreco/Nutreco_External/jobs,190,vendor,
workday,wd3/nxp/careers,nxp,https://nxp.wd3.myworkdayjobs.com/careers,https://nxp.wd3.myworkdayjobs.com/wday/cxs/nxp/careers/jobs,810,vendor,
workday,wd3/ofcom/Ofcom_Careers,ofcom,https://ofcom.wd3.myworkdayjobs.com/Ofcom_Careers,https://ofcom.wd3.myworkdayjobs.com/wday/cxs/ofcom/Ofcom_Careers/jobs,17,vendor,
workday,wd3/oh/OH,oh,https://oh.wd3.myworkdayjobs.com/OH,https://oh.wd3.myworkdayjobs.com/wday/cxs/oh/OH/jobs,20,vendor,
workday,wd3/oldmutual/Old_Mutual_Careers,oldmutual,https://oldmutual.wd3.myworkdayjobs.com/Old_Mutual_Careers,https://oldmutual.wd3.myworkdayjobs.com/wday/cxs/oldmutual/Old_Mutual_Careers/jobs,570,vendor,
workday,wd3/onehealthineers/SHSJB,onehealthineers,https://onehealthineers.wd3.myworkdayjobs.com/SHSJB,https://onehealthineers.wd3.myworkdayjobs.com/wday/cxs/onehealthineers/SHSJB/jobs,511,vendor,
workday,wd3/optiva/Qvantel_external_career_site,optiva,https://optiva.wd3.myworkdayjobs.com/Qvantel_external_career_site,https://optiva.wd3.myworkdayjobs.com/wday/cxs/optiva/Qvantel_external_career_site/jobs,26,vendor,
workday,wd3/ossur/OssurCareersGlobal,ossur,https://ossur.wd3.myworkdayjobs.com/OssurCareersGlobal,https://ossur.wd3.myworkdayjobs.com/wday/cxs/ossur/OssurCareersGlobal/jobs,27,vendor,
workday,wd3/otppb/OntarioTeachers_Careers,otppb,https://otppb.wd3.myworkdayjobs.com/OntarioTeachers_Careers,https://otppb.wd3.myworkdayjobs.com/wday/cxs/otppb/OntarioTeachers_Careers/jobs,35,vendor,
workday,wd3/pauliggroup/paulig,pauliggroup,https://pauliggroup.wd3.myworkdayjobs.com/paulig,https://pauliggroup.wd3.myworkdayjobs.com/wday/cxs/pauliggroup/paulig/jobs,15,vendor,
workday,wd3/peopleplus/SCB_Careers,peopleplus,https://peopleplus.wd3.myworkdayjobs.com/SCB_Careers,https://peopleplus.wd3.myworkdayjobs.com/wday/cxs/peopleplus/SCB_Careers/jobs,71,vendor,
workday,wd3/pernodricard/pernod-ricard,pernodricard,https://pernodricard.wd3.myworkdayjobs.com/pernod-ricard,https://pernodricard.wd3.myworkdayjobs.com/wday/cxs/pernodricard/pernod-ricard/jobs,305,vendor,
workday,wd3/pfg/SaveonfoodsCareers,pfg,https://pfg.wd3.myworkdayjobs.com/SaveonfoodsCareers,https://pfg.wd3.myworkdayjobs.com/wday/cxs/pfg/SaveonfoodsCareers/jobs,345,vendor,
workday,wd3/philips/jobs-and-careers,philips,https://philips.wd3.myworkdayjobs.com/jobs-and-careers,https://philips.wd3.myworkdayjobs.com/wday/cxs/philips/jobs-and-careers/jobs,817,vendor,
workday,wd3/pierrefabre/External_Career_Site,pierrefabre,https://pierrefabre.wd3.myworkdayjobs.com/External_Career_Site,https://pierrefabre.wd3.myworkdayjobs.com/wday/cxs/pierrefabre/External_Career_Site/jobs,280,vendor,
workday,wd3/pladis/pladis_Careers,pladis,https://pladis.wd3.myworkdayjobs.com/pladis_Careers,https://pladis.wd3.myworkdayjobs.com/wday/cxs/pladis/pladis_Careers/jobs,118,vendor,
workday,wd3/pluxee/Pluxee_Career_Site,pluxee,https://pluxee.wd3.myworkdayjobs.com/Pluxee_Career_Site,https://pluxee.wd3.myworkdayjobs.com/wday/cxs/pluxee/Pluxee_Career_Site/jobs,167,vendor,
workday,wd3/polpharma/Polpharma,polpharma,https://polpharma.wd3.myworkdayjobs.com/Polpharma,https://polpharma.wd3.myworkdayjobs.com/wday/cxs/polpharma/Polpharma/jobs,130,vendor,
workday,wd3/ponsse/PonsseCareers,ponsse,https://ponsse.wd3.myworkdayjobs.com/PonsseCareers,https://ponsse.wd3.myworkdayjobs.com/wday/cxs/ponsse/PonsseCareers/jobs,2,vendor,
workday,wd3/promutuel/promutuel_carrieres,promutuel,https://promutuel.wd3.myworkdayjobs.com/promutuel_carrieres,https://promutuel.wd3.myworkdayjobs.com/wday/cxs/promutuel/promutuel_carrieres/jobs,97,vendor,
workday,wd3/prudential/prudential,prudential,https://prudential.wd3.myworkdayjobs.com/prudential,https://prudential.wd3.myworkdayjobs.com/wday/cxs/prudential/prudential/jobs,513,vendor,
workday,wd3/prysmiangroup/Careers,prysmiangroup,https://prysmiangroup.wd3.myworkdayjobs.com/Careers,https://prysmiangroup.wd3.myworkdayjobs.com/wday/cxs/prysmiangroup/Careers/jobs,601,vendor,
workday,wd3/pwc/Global_Experienced_Careers,pwc,https://pwc.wd3.myworkdayjobs.com/Global_Experienced_Careers,https://pwc.wd3.myworkdayjobs.com/wday/cxs/pwc/Global_Experienced_Careers/jobs,3880,vendor,
workday,wd3/pzcussons/CareersPZCussons,pzcussons,https://pzcussons.wd3.myworkdayjobs.com/CareersPZCussons,https://pzcussons.wd3.myworkdayjobs.com/wday/cxs/pzcussons/CareersPZCussons/jobs,17,vendor,
workday,wd3/q8hcm/External_KPNWE,q8hcm,https://q8hcm.wd3.myworkdayjobs.com/External_KPNWE,https://q8hcm.wd3.myworkdayjobs.com/wday/cxs/q8hcm/External_KPNWE/jobs,25,vendor,
workday,wd3/ratp/RATP_Externe,ratp,https://ratp.wd3.myworkdayjobs.com/RATP_Externe,https://ratp.wd3.myworkdayjobs.com/wday/cxs/ratp/RATP_Externe/jobs,121,vendor,
workday,wd3/rbc/RBCEARLYTALENT1,rbc,https://rbc.wd3.myworkdayjobs.com/RBCEARLYTALENT1,https://rbc.wd3.myworkdayjobs.com/wday/cxs/rbc/RBCEARLYTALENT1/jobs,39,vendor,
workday,wd3/rbnz/RBNZ,rbnz,https://rbnz.wd3.myworkdayjobs.com/RBNZ,https://rbnz.wd3.myworkdayjobs.com/wday/cxs/rbnz/RBNZ/jobs,9,vendor,
workday,wd3/reagroup/reacareers,reagroup,https://reagroup.wd3.myworkdayjobs.com/reacareers,https://reagroup.wd3.myworkdayjobs.com/wday/cxs/reagroup/reacareers/jobs,32,vendor,
workday,wd3/recoveryfocus/Recovery_Focus_Careers,recoveryfocus,https://recoveryfocus.wd3.myworkdayjobs.com/Recovery_Focus_Careers,https://recoveryfocus.wd3.myworkdayjobs.com/wday/cxs/recoveryfocus/Recovery_Focus_Careers/jobs,185,vendor,
workday,wd3/redbulltechnology/RB_Racing,redbulltechnology,https://redbulltechnology.wd3.myworkdayjobs.com/RB_Racing,https://redbulltechnology.wd3.myworkdayjobs.com/wday/cxs/redbulltechnology/RB_Racing/jobs,1,vendor,
workday,wd3/relx/RiskSolutions,relx,https://relx.wd3.myworkdayjobs.com/RiskSolutions,https://relx.wd3.myworkdayjobs.com/wday/cxs/relx/RiskSolutions/jobs,204,vendor,
workday,wd3/repsol/Repsol,repsol,https://repsol.wd3.myworkdayjobs.com/Repsol,https://repsol.wd3.myworkdayjobs.com/wday/cxs/repsol/Repsol/jobs,74,vendor,
workday,wd3/resmed/ResMed_External_Careers,resmed,https://resmed.wd3.myworkdayjobs.com/ResMed_External_Careers,https://resmed.wd3.myworkdayjobs.com/wday/cxs/resmed/ResMed_External_Careers/jobs,256,vendor,
workday,wd3/richardson/Richardson_Our_Careers,richardson,https://richardson.wd3.myworkdayjobs.com/Richardson_Our_Careers,https://richardson.wd3.myworkdayjobs.com/wday/cxs/richardson/Richardson_Our_Careers/jobs,115,vendor,
workday,wd3/rmit/RMIT_Careers,rmit,https://rmit.wd3.myworkdayjobs.com/RMIT_Careers,https://rmit.wd3.myworkdayjobs.com/wday/cxs/rmit/RMIT_Careers/jobs,53,vendor,
workday,wd3/roche/roche-ext,roche,https://roche.wd3.myworkdayjobs.com/roche-ext,https://roche.wd3.myworkdayjobs.com/wday/cxs/roche/roche-ext/jobs,1209,vendor,
workday,wd3/rockwoolgroup/ROCKWOOL,rockwoolgroup,https://rockwoolgroup.wd3.myworkdayjobs.com/ROCKWOOL,https://rockwoolgroup.wd3.myworkdayjobs.com/wday/cxs/rockwoolgroup/ROCKWOOL/jobs,246,vendor,
workday,wd3/rollsroyce/professional,rollsroyce,https://rollsroyce.wd3.myworkdayjobs.com/professional,https://rollsroyce.wd3.myworkdayjobs.com/wday/cxs/rollsroyce/professional/jobs,484,vendor,
workday,wd3/roquette/External,roquette,https://roquette.wd3.myworkdayjobs.com/External,https://roquette.wd3.myworkdayjobs.com/wday/cxs/roquette/External/jobs,93,vendor,
workday,wd3/rothschildandco/RothschildAndCo_Lateral,rothschildandco,https://rothschildandco.wd3.myworkdayjobs.com/RothschildAndCo_Lateral,https://rothschildandco.wd3.myworkdayjobs.com/wday/cxs/rothschildandco/RothschildAndCo_Lateral/jobs,120,vendor,
workday,wd3/rsllc/rsllc,rsllc,https://rsllc.wd3.myworkdayjobs.com/rsllc,https://rsllc.wd3.myworkdayjobs.com/wday/cxs/rsllc/rsllc/jobs,46,vendor,
workday,wd3/safeguardglobal/External_Careers,safeguardglobal,https://safeguardglobal.wd3.myworkdayjobs.com/External_Careers,https://safeguardglobal.wd3.myworkdayjobs.com/wday/cxs/safeguardglobal/External_Careers/jobs,21,vendor,
workday,wd3/saintsfc/SFC001,saintsfc,https://saintsfc.wd3.myworkdayjobs.com/SFC001,https://saintsfc.wd3.myworkdayjobs.com/wday/cxs/saintsfc/SFC001/jobs,15,vendor,
workday,wd3/salvationarmy/Volunteer,salvationarmy,https://salvationarmy.wd3.myworkdayjobs.com/Volunteer,https://salvationarmy.wd3.myworkdayjobs.com/wday/cxs/salvationarmy/Volunteer/jobs,530,vendor,
workday,wd3/sandvik/sandvik-jobs,sandvik,https://sandvik.wd3.myworkdayjobs.com/sandvik-jobs,https://sandvik.wd3.myworkdayjobs.com/wday/cxs/sandvik/sandvik-jobs/jobs,412,vendor,
workday,wd3/sanoma/Sanoma_Learning,sanoma,https://sanoma.wd3.myworkdayjobs.com/Sanoma_Learning,https://sanoma.wd3.myworkdayjobs.com/wday/cxs/sanoma/Sanoma_Learning/jobs,17,vendor,
workday,wd3/santander/SantanderCareers,santander,https://santander.wd3.myworkdayjobs.com/SantanderCareers,https://santander.wd3.myworkdayjobs.com/wday/cxs/santander/SantanderCareers/jobs,1042,vendor,
workday,wd3/saxobank/CareeratSaxoBank,saxobank,https://saxobank.wd3.myworkdayjobs.com/CareeratSaxoBank,https://saxobank.wd3.myworkdayjobs.com/wday/cxs/saxobank/CareeratSaxoBank/jobs,55,vendor,
workday,wd3/sec/Samsung_Careers,sec,https://sec.wd3.myworkdayjobs.com/Samsung_Careers,https://sec.wd3.myworkdayjobs.com/wday/cxs/sec/Samsung_Careers/jobs,675,vendor,
workday,wd3/sellagroup/ID01,sellagroup,https://sellagroup.wd3.myworkdayjobs.com/ID01,https://sellagroup.wd3.myworkdayjobs.com/wday/cxs/sellagroup/ID01/jobs,31,vendor,
workday,wd3/shell/ShellCareers,shell,https://shell.wd3.myworkdayjobs.com/ShellCareers,https://shell.wd3.myworkdayjobs.com/wday/cxs/shell/ShellCareers/jobs,137,vendor,
workday,wd3/simcorp/SimCorp_Jobs,simcorp,https://simcorp.wd3.myworkdayjobs.com/SimCorp_Jobs,https://simcorp.wd3.myworkdayjobs.com/wday/cxs/simcorp/SimCorp_Jobs/jobs,266,vendor,
workday,wd3/simpro/Simpro_External_Careers,simpro,https://simpro.wd3.myworkdayjobs.com/Simpro_External_Careers,https://simpro.wd3.myworkdayjobs.com/wday/cxs/simpro/Simpro_External_Careers/jobs,45,vendor,
workday,wd3/singpost/externalCareersSite,singpost,https://singpost.wd3.myworkdayjobs.com/externalCareersSite,https://singpost.wd3.myworkdayjobs.com/wday/cxs/singpost/externalCareersSite/jobs,20,vendor,
workday,wd3/sky/sky_careers,sky,https://sky.wd3.myworkdayjobs.com/sky_careers,https://sky.wd3.myworkdayjobs.com/wday/cxs/sky/sky_careers/jobs,39,vendor,
workday,wd3/slc/SLC_Careers,slc,https://slc.wd3.myworkdayjobs.com/SLC_Careers,https://slc.wd3.myworkdayjobs.com/wday/cxs/slc/SLC_Careers/jobs,2,vendor,
workday,wd3/slihrms/Careers,slihrms,https://slihrms.wd3.myworkdayjobs.com/Careers,https://slihrms.wd3.myworkdayjobs.com/wday/cxs/slihrms/Careers/jobs,2228,vendor,
workday,wd3/springernature/SpringerNatureCareers,springernature,https://springernature.wd3.myworkdayjobs.com/SpringerNatureCareers,https://springernature.wd3.myworkdayjobs.com/wday/cxs/springernature/SpringerNatureCareers/jobs,80,vendor,
workday,wd3/stark/Beijer-Karriaer,stark,https://stark.wd3.myworkdayjobs.com/Beijer-Karriaer,https://stark.wd3.myworkdayjobs.com/wday/cxs/stark/Beijer-Karriaer/jobs,21,vendor,
workday,wd3/sunlife/Experienced-Jobs,sunlife,https://sunlife.wd3.myworkdayjobs.com/Experienced-Jobs,https://sunlife.wd3.myworkdayjobs.com/wday/cxs/sunlife/Experienced-Jobs/jobs,274,vendor,
workday,wd3/surbanajurong/careersatsmec,surbanajurong,https://surbanajurong.wd3.myworkdayjobs.com/careersatsmec,https://surbanajurong.wd3.myworkdayjobs.com/wday/cxs/surbanajurong/careersatsmec/jobs,220,vendor,
workday,wd3/suse/Jobsatsuse,suse,https://suse.wd3.myworkdayjobs.com/Jobsatsuse,https://suse.wd3.myworkdayjobs.com/wday/cxs/suse/Jobsatsuse/jobs,29,vendor,
workday,wd3/svha/SVHA_SVHA,svha,https://svha.wd3.myworkdayjobs.com/SVHA_SVHA,https://svha.wd3.myworkdayjobs.com/wday/cxs/svha/SVHA_SVHA/jobs,224,vendor,
workday,wd3/swarovski/swarovski,swarovski,https://swarovski.wd3.myworkdayjobs.com/swarovski,https://swarovski.wd3.myworkdayjobs.com/wday/cxs/swarovski/swarovski/jobs,778,vendor,
workday,wd3/swift/Join-Swift,swift,https://swift.wd3.myworkdayjobs.com/Join-Swift,https://swift.wd3.myworkdayjobs.com/wday/cxs/swift/Join-Swift/jobs,80,vendor,
workday,wd3/swisslife/Swiss_Life_International_Division_Career_Site,swisslife,https://swisslife.wd3.myworkdayjobs.com/Swiss_Life_International_Division_Career_Site,https://swisslife.wd3.myworkdayjobs.com/wday/cxs/swisslife/Swiss_Life_International_Division_Career_Site/jobs,33,vendor,
workday,wd3/talentmanagementsolution/JonasSoftwareUSA,talentmanagementsolution,https://talentmanagementsolution.wd3.myworkdayjobs.com/JonasSoftwareUSA,https://talentmanagementsolution.wd3.myworkdayjobs.com/wday/cxs/talentmanagementsolution/JonasSoftwareUSA/jobs,29,vendor,
workday,wd3/td/TD_Bank_Careers,td,https://td.wd3.myworkdayjobs.com/TD_Bank_Careers,https://td.wd3.myworkdayjobs.com/wday/cxs/td/TD_Bank_Careers/jobs,1683,vendor,
workday,wd3/techem/TechemGermanyExternalCareerSiteAllJobs,techem,https://techem.wd3.myworkdayjobs.com/TechemGermanyExternalCareerSiteAllJobs,https://techem.wd3.myworkdayjobs.com/wday/cxs/techem/TechemGermanyExternalCareerSiteAllJobs/jobs,54,vendor,
workday,wd3/teliacompany/Telia_careers,teliacompany,https://teliacompany.wd3.myworkdayjobs.com/Telia_careers,https://teliacompany.wd3.myworkdayjobs.com/wday/cxs/teliacompany/Telia_careers/jobs,59,vendor,
workday,wd3/thales/Careers,thales,https://thales.wd3.myworkdayjobs.com/Careers,https://thales.wd3.myworkdayjobs.com/wday/cxs/thales/Careers/jobs,2743,vendor,
workday,wd3/theapexgroup/apexgroupcareers,theapexgroup,https://theapexgroup.wd3.myworkdayjobs.com/apexgroupcareers,https://theapexgroup.wd3.myworkdayjobs.com/wday/cxs/theapexgroup/apexgroupcareers/jobs,1058,vendor,
workday,wd5/abbott/abbottcareers,abbott,https://abbott.wd5.myworkdayjobs.com/abbottcareers,https://abbott.wd5.myworkdayjobs.com/wday/cxs/abbott/abbottcareers/jobs,2579,vendor,
workday,wd5/adobe/external_experienced,adobe,https://adobe.wd5.myworkdayjobs.com/external_experienced,https://adobe.wd5.myworkdayjobs.com/wday/cxs/adobe/external_experienced/jobs,351,vendor,
workday,wd5/agilent/Agilent_Careers,agilent,https://agilent.wd5.myworkdayjobs.com/Agilent_Careers,https://agilent.wd5.myworkdayjobs.com/wday/cxs/agilent/Agilent_Careers/jobs,350,vendor,
workday,wd5/agilent/Agilent_Student_Careers,agilent,https://agilent.wd5.myworkdayjobs.com/Agilent_Student_Careers,https://agilent.wd5.myworkdayjobs.com/wday/cxs/agilent/Agilent_Student_Careers/jobs,28,vendor,
workday,wd5/airproducts/ap0001,airproducts,https://airproducts.wd5.myworkdayjobs.com/ap0001,https://airproducts.wd5.myworkdayjobs.com/wday/cxs/airproducts/ap0001/jobs,397,vendor,
workday,wd5/airproducts/AP0003,airproducts,https://airproducts.wd5.myworkdayjobs.com/AP0003,https://airproducts.wd5.myworkdayjobs.com/wday/cxs/airproducts/AP0003/jobs,5,vendor,
workday,wd5/albemarle/External,albemarle,https://albemarle.wd5.myworkdayjobs.com/External,https://albemarle.wd5.myworkdayjobs.com/wday/cxs/albemarle/External/jobs,78,vendor,
workday,wd5/allegion/careers,allegion,https://allegion.wd5.myworkdayjobs.com/careers,https://allegion.wd5.myworkdayjobs.com/wday/cxs/allegion/careers/jobs,328,vendor,
workday,wd5/allstate/allstate_careers,allstate,https://allstate.wd5.myworkdayjobs.com/allstate_careers,https://allstate.wd5.myworkdayjobs.com/wday/cxs/allstate/allstate_careers/jobs,436,vendor,
workday,wd5/amcor/Amcor_External_Career_Site,amcor,https://amcor.wd5.myworkdayjobs.com/Amcor_External_Career_Site,https://amcor.wd5.myworkdayjobs.com/wday/cxs/amcor/Amcor_External_Career_Site/jobs,767,vendor,
workday,wd5/ameriprise/Ameriprise,ameriprise,https://ameriprise.wd5.myworkdayjobs.com/Ameriprise,https://ameriprise.wd5.myworkdayjobs.com/wday/cxs/ameriprise/Ameriprise/jobs,233,vendor,
workday,wd5/aptiv/aptiv_careers,aptiv,https://aptiv.wd5.myworkdayjobs.com/aptiv_careers,https://aptiv.wd5.myworkdayjobs.com/wday/cxs/aptiv/aptiv_careers/jobs,761,vendor,
workday,wd5/athene/Apollo_Careers,athene,https://athene.wd5.myworkdayjobs.com/Apollo_Careers,https://athene.wd5.myworkdayjobs.com/wday/cxs/athene/Apollo_Careers/jobs,62,vendor,
workday,wd5/bakerhughes/BakerHughes,bakerhughes,https://bakerhughes.wd5.myworkdayjobs.com/BakerHughes,https://bakerhughes.wd5.myworkdayjobs.com/wday/cxs/bakerhughes/BakerHughes/jobs,695,vendor,
workday,wd5/bf/USA_Canada,bf,https://bf.wd5.myworkdayjobs.com/USA_Canada,https://bf.wd5.myworkdayjobs.com/wday/cxs/bf/USA_Canada/jobs,27,vendor,
workday,wd5/biotechne/biotechne,biotechne,https://biotechne.wd5.myworkdayjobs.com/biotechne,https://biotechne.wd5.myworkdayjobs.com/wday/cxs/biotechne/biotechne/jobs,88,vendor,
workday,wd5/bristolmyerssquibb/BMS,bristolmyerssquibb,https://bristolmyerssquibb.wd5.myworkdayjobs.com/BMS,https://bristolmyerssquibb.wd5.myworkdayjobs.com/wday/cxs/bristolmyerssquibb/BMS/jobs,718,vendor,
workday,wd5/broadridge/Careers,broadridge,https://broadridge.wd5.myworkdayjobs.com/Careers,https://broadridge.wd5.myworkdayjobs.com/wday/cxs/broadridge/Careers/jobs,303,vendor,
workday,wd5/carrier/jobs,carrier,https://carrier.wd5.myworkdayjobs.com/jobs,https://carrier.wd5.myworkdayjobs.com/wday/cxs/carrier/jobs/jobs,1084,vendor,
workday,wd5/cat/CaterpillarCareers,cat,https://cat.wd5.myworkdayjobs.com/CaterpillarCareers,https://cat.wd5.myworkdayjobs.com/wday/cxs/cat/CaterpillarCareers/jobs,966,vendor,
workday,wd5/cbrands/CBI_External_Careers,cbrands,https://cbrands.wd5.myworkdayjobs.com/CBI_External_Careers,https://cbrands.wd5.myworkdayjobs.com/wday/cxs/cbrands/CBI_External_Careers/jobs,75,vendor,
workday,wd5/cdw/careers,cdw,https://cdw.wd5.myworkdayjobs.com/careers,https://cdw.wd5.myworkdayjobs.com/wday/cxs/cdw/careers/jobs,142,vendor,
workday,wd5/centene/centene_external,centene,https://centene.wd5.myworkdayjobs.com/centene_external,https://centene.wd5.myworkdayjobs.com/wday/cxs/centene/centene_external/jobs,380,vendor,
workday,wd5/chevron/jobs,chevron,https://chevron.wd5.myworkdayjobs.com/jobs,https://chevron.wd5.myworkdayjobs.com/wday/cxs/chevron/jobs/jobs,147,vendor,
workday,wd5/chipotle/chipotlecareers,chipotle,https://chipotle.wd5.myworkdayjobs.com/chipotlecareers,https://chipotle.wd5.myworkdayjobs.com/wday/cxs/chipotle/chipotlecareers/jobs,216,vendor,
workday,wd5/chrobinson/chrobinson,chrobinson,https://chrobinson.wd5.myworkdayjobs.com/chrobinson,https://chrobinson.wd5.myworkdayjobs.com/wday/cxs/chrobinson/chrobinson/jobs,165,vendor,
workday,wd5/ciena/careers,ciena,https://ciena.wd5.myworkdayjobs.com/careers,https://ciena.wd5.myworkdayjobs.com/wday/cxs/ciena/careers/jobs,150,vendor,
workday,wd5/cigna/cignacareers,cigna,https://cigna.wd5.myworkdayjobs.com/cignacareers,https://cigna.wd5.myworkdayjobs.com/wday/cxs/cigna/cignacareers/jobs,570,vendor,
workday,wd5/cisco/Cisco_Careers,cisco,https://cisco.wd5.myworkdayjobs.com/Cisco_Careers,https://cisco.wd5.myworkdayjobs.com/wday/cxs/cisco/Cisco_Careers/jobs,1371,vendor,
workday,wd5/citi/2,citi,https://citi.wd5.myworkdayjobs.com/2,https://citi.wd5.myworkdayjobs.com/wday/cxs/citi/2/jobs,2000,vendor-ceiling,
workday,wd5/corteva/Corteva,corteva,https://corteva.wd5.myworkdayjobs.com/Corteva,https://corteva.wd5.myworkdayjobs.com/wday/cxs/corteva/Corteva/jobs,77,vendor,
workday,wd5/crowdstrike/crowdstrikecareers,crowdstrike,https://crowdstrike.wd5.myworkdayjobs.com/crowdstrikecareers,https://crowdstrike.wd5.myworkdayjobs.com/wday/cxs/crowdstrike/crowdstrikecareers/jobs,341,vendor,
workday,wd5/deckers/Deckers,deckers,https://deckers.wd5.myworkdayjobs.com/Deckers,https://deckers.wd5.myworkdayjobs.com/wday/cxs/deckers/Deckers/jobs,409,vendor,
workday,wd5/devonenergy/Careers,devonenergy,https://devonenergy.wd5.myworkdayjobs.com/Careers,https://devonenergy.wd5.myworkdayjobs.com/wday/cxs/devonenergy/Careers/jobs,46,vendor,
workday,wd5/disney/disneycareer,disney,https://disney.wd5.myworkdayjobs.com/disneycareer,https://disney.wd5.myworkdayjobs.com/wday/cxs/disney/disneycareer/jobs,556,vendor,
workday,wd5/dollartree/dollartreeus,dollartree,https://dollartree.wd5.myworkdayjobs.com/dollartreeus,https://dollartree.wd5.myworkdayjobs.com/wday/cxs/dollartree/dollartreeus/jobs,10020,vendor,
workday,wd5/dupont/Jobs,dupont,https://dupont.wd5.myworkdayjobs.com/Jobs,https://dupont.wd5.myworkdayjobs.com/wday/cxs/dupont/Jobs/jobs,196,vendor,
workday,wd5/ebay/apply,ebay,https://ebay.wd5.myworkdayjobs.com/apply,https://ebay.wd5.myworkdayjobs.com/wday/cxs/ebay/apply/jobs,296,vendor,
workday,wd5/edwards/edwardscareers,edwards,https://edwards.wd5.myworkdayjobs.com/edwardscareers,https://edwards.wd5.myworkdayjobs.com/wday/cxs/edwards/edwardscareers/jobs,397,vendor,
workday,wd5/equifax/external,equifax,https://equifax.wd5.myworkdayjobs.com/external,https://equifax.wd5.myworkdayjobs.com/wday/cxs/equifax/external/jobs,215,vendor,
workday,wd5/essex/essexcareers,essex,https://essex.wd5.myworkdayjobs.com/essexcareers,https://essex.wd5.myworkdayjobs.com/wday/cxs/essex/essexcareers/jobs,74,vendor,
workday,wd5/everestre/careers,everestre,https://everestre.wd5.myworkdayjobs.com/careers,https://everestre.wd5.myworkdayjobs.com/wday/cxs/everestre/careers/jobs,45,vendor,
workday,wd5/extraspace/ESS_Acquisitions,extraspace,https://extraspace.wd5.myworkdayjobs.com/ESS_Acquisitions,https://extraspace.wd5.myworkdayjobs.com/wday/cxs/extraspace/ESS_Acquisitions/jobs,51,vendor,
workday,wd5/extraspace/ESS_External,extraspace,https://extraspace.wd5.myworkdayjobs.com/ESS_External,https://extraspace.wd5.myworkdayjobs.com/wday/cxs/extraspace/ESS_External/jobs,558,vendor,
workday,wd5/ffive/f5jobs,ffive,https://ffive.wd5.myworkdayjobs.com/f5jobs,https://ffive.wd5.myworkdayjobs.com/wday/cxs/ffive/f5jobs/jobs,216,vendor,
workday,wd5/fifththird/53careers,fifththird,https://fifththird.wd5.myworkdayjobs.com/53careers,https://fifththird.wd5.myworkdayjobs.com/wday/cxs/fifththird/53careers/jobs,987,vendor,
workday,wd5/fifththird/Dividendcareers,fifththird,https://fifththird.wd5.myworkdayjobs.com/Dividendcareers,https://fifththird.wd5.myworkdayjobs.com/wday/cxs/fifththird/Dividendcareers/jobs,3,vendor,
workday,wd5/fifththird/Providecareers,fifththird,https://fifththird.wd5.myworkdayjobs.com/Providecareers,https://fifththird.wd5.myworkdayjobs.com/wday/cxs/fifththird/Providecareers/jobs,1,vendor,
workday,wd5/fis/SearchJobs,fis,https://fis.wd5.myworkdayjobs.com/SearchJobs,https://fis.wd5.myworkdayjobs.com/wday/cxs/fis/SearchJobs/jobs,548,vendor,
workday,wd5/fiserv/EXT,fiserv,https://fiserv.wd5.myworkdayjobs.com/EXT,https://fiserv.wd5.myworkdayjobs.com/wday/cxs/fiserv/EXT/jobs,322,vendor,
workday,wd5/flagshipinc/flagshipinc,flagshipinc,https://flagshipinc.wd5.myworkdayjobs.com/flagshipinc,https://flagshipinc.wd5.myworkdayjobs.com/wday/cxs/flagshipinc/flagshipinc/jobs,140,vendor,
workday,wd5/flagstar/flagstar,flagstar,https://flagstar.wd5.myworkdayjobs.com/flagstar,https://flagstar.wd5.myworkdayjobs.com/wday/cxs/flagstar/flagstar/jobs,241,vendor,
workday,wd5/floridatech/FloridaTechCareers,floridatech,https://floridatech.wd5.myworkdayjobs.com/FloridaTechCareers,https://floridatech.wd5.myworkdayjobs.com/wday/cxs/floridatech/FloridaTechCareers/jobs,44,vendor,
workday,wd5/franklintempleton/Primary-External-1,franklintempleton,https://franklintempleton.wd5.myworkdayjobs.com/Primary-External-1,https://franklintempleton.wd5.myworkdayjobs.com/wday/cxs/franklintempleton/Primary-External-1/jobs,0,vendor,
workday,wd5/frostbank/External,frostbank,https://frostbank.wd5.myworkdayjobs.com/External,https://frostbank.wd5.myworkdayjobs.com/wday/cxs/frostbank/External/jobs,184,vendor,
workday,wd5/gartner/EXT,gartner,https://gartner.wd5.myworkdayjobs.com/EXT,https://gartner.wd5.myworkdayjobs.com/wday/cxs/gartner/EXT/jobs,778,vendor,
workday,wd5/gdit/External_Career_Site,gdit,https://gdit.wd5.myworkdayjobs.com/External_Career_Site,https://gdit.wd5.myworkdayjobs.com/wday/cxs/gdit/External_Career_Site/jobs,1255,vendor,
workday,wd5/geaerospace/ge_externalsite,geaerospace,https://geaerospace.wd5.myworkdayjobs.com/ge_externalsite,https://geaerospace.wd5.myworkdayjobs.com/wday/cxs/geaerospace/ge_externalsite/jobs,567,vendor,
workday,wd5/geha/GEHACareers,geha,https://geha.wd5.myworkdayjobs.com/GEHACareers,https://geha.wd5.myworkdayjobs.com/wday/cxs/geha/GEHACareers/jobs,16,vendor,
workday,wd5/gehc/GEHC_ExternalSite,gehc,https://gehc.wd5.myworkdayjobs.com/GEHC_ExternalSite,https://gehc.wd5.myworkdayjobs.com/wday/cxs/gehc/GEHC_ExternalSite/jobs,1000,vendor,
workday,wd5/generac/External,generac,https://generac.wd5.myworkdayjobs.com/External,https://generac.wd5.myworkdayjobs.com/wday/cxs/generac/External/jobs,457,vendor,
workday,wd5/generac/ExternalCareers,generac,https://generac.wd5.myworkdayjobs.com/ExternalCareers,https://generac.wd5.myworkdayjobs.com/wday/cxs/generac/ExternalCareers/jobs,56,vendor,
workday,wd5/generalmotors/Careers_GM,generalmotors,https://generalmotors.wd5.myworkdayjobs.com/Careers_GM,https://generalmotors.wd5.myworkdayjobs.com/wday/cxs/generalmotors/Careers_GM/jobs,797,vendor,
workday,wd5/georgesinc/JoinGeorges,georgesinc,https://georgesinc.wd5.myworkdayjobs.com/JoinGeorges,https://georgesinc.wd5.myworkdayjobs.com/wday/cxs/georgesinc/JoinGeorges/jobs,126,vendor,
workday,wd5/georgia/TGC,georgia,https://georgia.wd5.myworkdayjobs.com/TGC,https://georgia.wd5.myworkdayjobs.com/wday/cxs/georgia/TGC/jobs,1510,vendor,
workday,wd5/gevernova/Vernova_ExternalSite,gevernova,https://gevernova.wd5.myworkdayjobs.com/Vernova_ExternalSite,https://gevernova.wd5.myworkdayjobs.com/wday/cxs/gevernova/Vernova_ExternalSite/jobs,2144,vendor,
workday,wd5/gfs/usjobs-gen-gfs,gfs,https://gfs.wd5.myworkdayjobs.com/usjobs-gen-gfs,https://gfs.wd5.myworkdayjobs.com/wday/cxs/gfs/usjobs-gen-gfs/jobs,656,vendor,
workday,wd5/globalhr/REC_RTX_Ext_Gateway,globalhr,https://globalhr.wd5.myworkdayjobs.com/REC_RTX_Ext_Gateway,https://globalhr.wd5.myworkdayjobs.com/wday/cxs/globalhr/REC_RTX_Ext_Gateway/jobs,4885,vendor,
workday,wd5/globelife/Globe-Life-Careers,globelife,https://globelife.wd5.myworkdayjobs.com/Globe-Life-Careers,https://globelife.wd5.myworkdayjobs.com/wday/cxs/globelife/Globe-Life-Careers/jobs,33,vendor,
workday,wd5/globusmedical/GMED_Careers,globusmedical,https://globusmedical.wd5.myworkdayjobs.com/GMED_Careers,https://globusmedical.wd5.myworkdayjobs.com/wday/cxs/globusmedical/GMED_Careers/jobs,354,vendor,
workday,wd5/goddardenterprisesltd/goddardenteterprisesltd,goddardenterprisesltd,https://goddardenterprisesltd.wd5.myworkdayjobs.com/goddardenteterprisesltd,https://goddardenterprisesltd.wd5.myworkdayjobs.com/wday/cxs/goddardenterprisesltd/goddardenteterprisesltd/jobs,147,vendor,
workday,wd5/goto/GoToCareers,goto,https://goto.wd5.myworkdayjobs.com/GoToCareers,https://goto.wd5.myworkdayjobs.com/wday/cxs/goto/GoToCareers/jobs,13,vendor,
workday,wd5/greif/Greif,greif,https://greif.wd5.myworkdayjobs.com/Greif,https://greif.wd5.myworkdayjobs.com/wday/cxs/greif/Greif/jobs,289,vendor,
workday,wd5/gsk/GSKCareers,gsk,https://gsk.wd5.myworkdayjobs.com/GSKCareers,https://gsk.wd5.myworkdayjobs.com/wday/cxs/gsk/GSKCareers/jobs,665,vendor,
workday,wd5/guardianlife/Guardian-Life-Careers,guardianlife,https://guardianlife.wd5.myworkdayjobs.com/Guardian-Life-Careers,https://guardianlife.wd5.myworkdayjobs.com/wday/cxs/guardianlife/Guardian-Life-Careers/jobs,123,vendor,
workday,wd5/guardianpharmacy/Guardian_Pharmacy,guardianpharmacy,https://guardianpharmacy.wd5.myworkdayjobs.com/Guardian_Pharmacy,https://guardianpharmacy.wd5.myworkdayjobs.com/wday/cxs/guardianpharmacy/Guardian_Pharmacy/jobs,176,vendor,
workday,wd5/guestservices/GSI,guestservices,https://guestservices.wd5.myworkdayjobs.com/GSI,https://guestservices.wd5.myworkdayjobs.com/wday/cxs/guestservices/GSI/jobs,322,vendor,
workday,wd5/gundersenhealth/gundersen,gundersenhealth,https://gundersenhealth.wd5.myworkdayjobs.com/gundersen,https://gundersenhealth.wd5.myworkdayjobs.com/wday/cxs/gundersenhealth/gundersen/jobs,436,vendor,
workday,wd5/hagerty/hagerty,hagerty,https://hagerty.wd5.myworkdayjobs.com/hagerty,https://hagerty.wd5.myworkdayjobs.com/wday/cxs/hagerty/hagerty/jobs,13,vendor,
workday,wd5/hamline/Default_Career_Site,hamline,https://hamline.wd5.myworkdayjobs.com/Default_Career_Site,https://hamline.wd5.myworkdayjobs.com/wday/cxs/hamline/Default_Career_Site/jobs,14,vendor,
workday,wd5/hcmportal/Search,hcmportal,https://hcmportal.wd5.myworkdayjobs.com/Search,https://hcmportal.wd5.myworkdayjobs.com/wday/cxs/hcmportal/Search/jobs,2047,vendor,
workday,wd5/healthcatalyst/healthcatalystcareers,healthcatalyst,https://healthcatalyst.wd5.myworkdayjobs.com/healthcatalystcareers,https://healthcatalyst.wd5.myworkdayjobs.com/wday/cxs/healthcatalyst/healthcatalystcareers/jobs,6,vendor,
workday,wd5/hexcel/HexcelCareers,hexcel,https://hexcel.wd5.myworkdayjobs.com/HexcelCareers,https://hexcel.wd5.myworkdayjobs.com/wday/cxs/hexcel/HexcelCareers/jobs,168,vendor,
workday,wd5/hffoodsgroup/HFFoodsCareers,hffoodsgroup,https://hffoodsgroup.wd5.myworkdayjobs.com/HFFoodsCareers,https://hffoodsgroup.wd5.myworkdayjobs.com/wday/cxs/hffoodsgroup/HFFoodsCareers/jobs,55,vendor,
workday,wd5/hhc/HHC,hhc,https://hhc.wd5.myworkdayjobs.com/HHC,https://hhc.wd5.myworkdayjobs.com/wday/cxs/hhc/HHC/jobs,90,vendor,
workday,wd5/hmfp/HMFP,hmfp,https://hmfp.wd5.myworkdayjobs.com/HMFP,https://hmfp.wd5.myworkdayjobs.com/wday/cxs/hmfp/HMFP/jobs,213,vendor,
workday,wd5/hntb/HNTB_University_Careers,hntb,https://hntb.wd5.myworkdayjobs.com/HNTB_University_Careers,https://hntb.wd5.myworkdayjobs.com/wday/cxs/hntb/HNTB_University_Careers/jobs,183,vendor,
workday,wd5/homedepot/careerdepot,homedepot,https://homedepot.wd5.myworkdayjobs.com/careerdepot,https://homedepot.wd5.myworkdayjobs.com/wday/cxs/homedepot/careerdepot/jobs,977,vendor,
workday,wd5/hornbeckoffshore/Hornbeck,hornbeckoffshore,https://hornbeckoffshore.wd5.myworkdayjobs.com/Hornbeck,https://hornbeckoffshore.wd5.myworkdayjobs.com/wday/cxs/hornbeckoffshore/Hornbeck/jobs,9,vendor,
workday,wd5/hospicecom/Volunteer,hospicecom,https://hospicecom.wd5.myworkdayjobs.com/Volunteer,https://hospicecom.wd5.myworkdayjobs.com/wday/cxs/hospicecom/Volunteer/jobs,175,vendor,
workday,wd5/hosthotels/hosthotels,hosthotels,https://hosthotels.wd5.myworkdayjobs.com/hosthotels,https://hosthotels.wd5.myworkdayjobs.com/wday/cxs/hosthotels/hosthotels/jobs,5,vendor,
workday,wd5/hp/ExternalCareerSite,hp,https://hp.wd5.myworkdayjobs.com/ExternalCareerSite,https://hp.wd5.myworkdayjobs.com/wday/cxs/hp/ExternalCareerSite/jobs,883,vendor,
workday,wd5/hpe/Jobsathpe,hpe,https://hpe.wd5.myworkdayjobs.com/Jobsathpe,https://hpe.wd5.myworkdayjobs.com/wday/cxs/hpe/Jobsathpe/jobs,1497,vendor,
workday,wd5/hpinc/hpinc,hpinc,https://hpinc.wd5.myworkdayjobs.com/hpinc,https://hpinc.wd5.myworkdayjobs.com/wday/cxs/hpinc/hpinc/jobs,65,vendor,
workday,wd5/humana/Humana_External_Career_Site,humana,https://humana.wd5.myworkdayjobs.com/Humana_External_Career_Site,https://humana.wd5.myworkdayjobs.com/wday/cxs/humana/Humana_External_Career_Site/jobs,277,vendor,
workday,wd5/huntingtonhospital/HuntingtonHospitalCareers,huntingtonhospital,https://huntingtonhospital.wd5.myworkdayjobs.com/HuntingtonHospitalCareers,https://huntingtonhospital.wd5.myworkdayjobs.com/wday/cxs/huntingtonhospital/HuntingtonHospitalCareers/jobs,33,vendor,
workday,wd5/icf/ICFExternal_Career_Site,icf,https://icf.wd5.myworkdayjobs.com/ICFExternal_Career_Site,https://icf.wd5.myworkdayjobs.com/wday/cxs/icf/ICFExternal_Career_Site/jobs,430,vendor,
workday,wd5/idexcorp/Abel,idexcorp,https://idexcorp.wd5.myworkdayjobs.com/Abel,https://idexcorp.wd5.myworkdayjobs.com/wday/cxs/idexcorp/Abel/jobs,14,vendor,
workday,wd5/iff/IFF_Careers,iff,https://iff.wd5.myworkdayjobs.com/IFF_Careers,https://iff.wd5.myworkdayjobs.com/wday/cxs/iff/IFF_Careers/jobs,369,vendor,
workday,wd5/iheartmedia/External_iHM,iheartmedia,https://iheartmedia.wd5.myworkdayjobs.com/External_iHM,https://iheartmedia.wd5.myworkdayjobs.com/wday/cxs/iheartmedia/External_iHM/jobs,302,vendor,
workday,wd5/ilitch/LC,ilitch,https://ilitch.wd5.myworkdayjobs.com/LC,https://ilitch.wd5.myworkdayjobs.com/wday/cxs/ilitch/LC/jobs,985,vendor,
workday,wd5/imf/IMF,imf,https://imf.wd5.myworkdayjobs.com/IMF,https://imf.wd5.myworkdayjobs.com/wday/cxs/imf/IMF/jobs,18,vendor,
workday,wd5/ingrammicro/IngramMicro,ingrammicro,https://ingrammicro.wd5.myworkdayjobs.com/IngramMicro,https://ingrammicro.wd5.myworkdayjobs.com/wday/cxs/ingrammicro/IngramMicro/jobs,515,vendor,
workday,wd5/insulet/insuletcareers,insulet,https://insulet.wd5.myworkdayjobs.com/insuletcareers,https://insulet.wd5.myworkdayjobs.com/wday/cxs/insulet/insuletcareers/jobs,209,vendor,
workday,wd5/interiorlogicgroup/CareersatILG,interiorlogicgroup,https://interiorlogicgroup.wd5.myworkdayjobs.com/CareersatILG,https://interiorlogicgroup.wd5.myworkdayjobs.com/wday/cxs/interiorlogicgroup/CareersatILG/jobs,50,vendor,
workday,wd5/irhythmtech/irhythm,irhythmtech,https://irhythmtech.wd5.myworkdayjobs.com/irhythm,https://irhythmtech.wd5.myworkdayjobs.com/wday/cxs/irhythmtech/irhythm/jobs,69,vendor,
workday,wd5/ironmountain/iron-mountain-jobs,ironmountain,https://ironmountain.wd5.myworkdayjobs.com/iron-mountain-jobs,https://ironmountain.wd5.myworkdayjobs.com/wday/cxs/ironmountain/iron-mountain-jobs/jobs,336,vendor,
workday,wd5/irsc/External,irsc,https://irsc.wd5.myworkdayjobs.com/External,https://irsc.wd5.myworkdayjobs.com/wday/cxs/irsc/External/jobs,117,vendor,
workday,wd5/itron/Itron,itron,https://itron.wd5.myworkdayjobs.com/Itron,https://itron.wd5.myworkdayjobs.com/wday/cxs/itron/Itron/jobs,63,vendor,
workday,wd5/itw/external,itw,https://itw.wd5.myworkdayjobs.com/external,https://itw.wd5.myworkdayjobs.com/wday/cxs/itw/external/jobs,767,vendor,
workday,wd5/ivyrehab/Ivy_Rehab,ivyrehab,https://ivyrehab.wd5.myworkdayjobs.com/Ivy_Rehab,https://ivyrehab.wd5.myworkdayjobs.com/wday/cxs/ivyrehab/Ivy_Rehab/jobs,986,vendor,
workday,wd5/jabil/Jabil_Careers,jabil,https://jabil.wd5.myworkdayjobs.com/Jabil_Careers,https://jabil.wd5.myworkdayjobs.com/wday/cxs/jabil/Jabil_Careers/jobs,2024,vendor,
workday,wd5/jci/JCI,jci,https://jci.wd5.myworkdayjobs.com/JCI,https://jci.wd5.myworkdayjobs.com/wday/cxs/jci/JCI/jobs,2664,vendor,
workday,wd5/jeffersonhealth/ThomasJeffersonExternal,jeffersonhealth,https://jeffersonhealth.wd5.myworkdayjobs.com/ThomasJeffersonExternal,https://jeffersonhealth.wd5.myworkdayjobs.com/wday/cxs/jeffersonhealth/ThomasJeffersonExternal/jobs,1440,vendor,
workday,wd5/jj/JJ,jj,https://jj.wd5.myworkdayjobs.com/JJ,https://jj.wd5.myworkdayjobs.com/wday/cxs/jj/JJ/jobs,1967,vendor,
workday,wd5/johnsonbrothers/JohnsonBrothers,johnsonbrothers,https://johnsonbrothers.wd5.myworkdayjobs.com/JohnsonBrothers,https://johnsonbrothers.wd5.myworkdayjobs.com/wday/cxs/johnsonbrothers/JohnsonBrothers/jobs,177,vendor,
workday,wd5/kbr/KBR_Careers,kbr,https://kbr.wd5.myworkdayjobs.com/KBR_Careers,https://kbr.wd5.myworkdayjobs.com/wday/cxs/kbr/KBR_Careers/jobs,1814,vendor,
workday,wd5/kenvue/kenvue,kenvue,https://kenvue.wd5.myworkdayjobs.com/kenvue,https://kenvue.wd5.myworkdayjobs.com/wday/cxs/kenvue/kenvue/jobs,163,vendor,
workday,wd5/keybank/External_Career_Site,keybank,https://keybank.wd5.myworkdayjobs.com/External_Career_Site,https://keybank.wd5.myworkdayjobs.com/wday/cxs/keybank/External_Career_Site/jobs,578,vendor,
workday,wd5/kyndryl/KyndrylProfessionalCareers,kyndryl,https://kyndryl.wd5.myworkdayjobs.com/KyndrylProfessionalCareers,https://kyndryl.wd5.myworkdayjobs.com/wday/cxs/kyndryl/KyndrylProfessionalCareers/jobs,881,vendor,
workday,wd5/languageline/LLS_Careers,languageline,https://languageline.wd5.myworkdayjobs.com/LLS_Careers,https://languageline.wd5.myworkdayjobs.com/wday/cxs/languageline/LLS_Careers/jobs,156,vendor,
workday,wd5/learfield/Amplify,learfield,https://learfield.wd5.myworkdayjobs.com/Amplify,https://learfield.wd5.myworkdayjobs.com/wday/cxs/learfield/Amplify/jobs,4,vendor,
workday,wd5/leidos/External,leidos,https://leidos.wd5.myworkdayjobs.com/External,https://leidos.wd5.myworkdayjobs.com/wday/cxs/leidos/External/jobs,2186,vendor,
workday,wd5/levistraussandco/External,levistraussandco,https://levistraussandco.wd5.myworkdayjobs.com/External,https://levistraussandco.wd5.myworkdayjobs.com/wday/cxs/levistraussandco/External/jobs,1327,vendor,
workday,wd5/lgi/LGI_Careers,lgi,https://lgi.wd5.myworkdayjobs.com/LGI_Careers,https://lgi.wd5.myworkdayjobs.com/wday/cxs/lgi/LGI_Careers/jobs,61,vendor,
workday,wd5/liberty/lu_job_board_staff,liberty,https://liberty.wd5.myworkdayjobs.com/lu_job_board_staff,https://liberty.wd5.myworkdayjobs.com/wday/cxs/liberty/lu_job_board_staff/jobs,73,vendor,
workday,wd5/lifestance/Careers,lifestance,https://lifestance.wd5.myworkdayjobs.com/Careers,https://lifestance.wd5.myworkdayjobs.com/wday/cxs/lifestance/Careers/jobs,107,vendor,
workday,wd5/liveramp/LiveRampCareers,liveramp,https://liveramp.wd5.myworkdayjobs.com/LiveRampCareers,https://liveramp.wd5.myworkdayjobs.com/wday/cxs/liveramp/LiveRampCareers/jobs,47,vendor,
workday,wd5/lnw/LightWonderExternalCareers,lnw,https://lnw.wd5.myworkdayjobs.com/LightWonderExternalCareers,https://lnw.wd5.myworkdayjobs.com/wday/cxs/lnw/LightWonderExternalCareers/jobs,116,vendor,
workday,wd5/loewshotels/loewshotels,loewshotels,https://loewshotels.wd5.myworkdayjobs.com/loewshotels,https://loewshotels.wd5.myworkdayjobs.com/wday/cxs/loewshotels/loewshotels/jobs,317,vendor,
workday,wd5/logitech/Logitech,logitech,https://logitech.wd5.myworkdayjobs.com/Logitech,https://logitech.wd5.myworkdayjobs.com/wday/cxs/logitech/Logitech/jobs,231,vendor,
workday,wd5/lowes/lws_external_cs,lowes,https://lowes.wd5.myworkdayjobs.com/lws_external_cs,https://lowes.wd5.myworkdayjobs.com/wday/cxs/lowes/lws_external_cs/jobs,12724,vendor,
workday,wd5/loyola/External,loyola,https://loyola.wd5.myworkdayjobs.com/External,https://loyola.wd5.myworkdayjobs.com/wday/cxs/loyola/External/jobs,51,vendor,
workday,wd5/lumentum/LITE,lumentum,https://lumentum.wd5.myworkdayjobs.com/LITE,https://lumentum.wd5.myworkdayjobs.com/wday/cxs/lumentum/LITE/jobs,262,vendor,
workday,wd5/magellanhealth/magellan_health_careers,magellanhealth,https://magellanhealth.wd5.myworkdayjobs.com/magellan_health_careers,https://magellanhealth.wd5.myworkdayjobs.com/wday/cxs/magellanhealth/magellan_health_careers/jobs,412,vendor,
workday,wd5/maine/Executive,maine,https://maine.wd5.myworkdayjobs.com/Executive,https://maine.wd5.myworkdayjobs.com/wday/cxs/maine/Executive/jobs,236,vendor,
workday,wd5/mainsailhotels/Mainsail_Property_Management,mainsailhotels,https://mainsailhotels.wd5.myworkdayjobs.com/Mainsail_Property_Management,https://mainsailhotels.wd5.myworkdayjobs.com/wday/cxs/mainsailhotels/Mainsail_Property_Management/jobs,44,vendor,
workday,wd5/manh/External,manh,https://manh.wd5.myworkdayjobs.com/External,https://manh.wd5.myworkdayjobs.com/wday/cxs/manh/External/jobs,26,vendor,
workday,wd5/markelcorp/GlobalCareers,markelcorp,https://markelcorp.wd5.myworkdayjobs.com/GlobalCareers,https://markelcorp.wd5.myworkdayjobs.com/wday/cxs/markelcorp/GlobalCareers/jobs,145,vendor,
workday,wd5/masseyservices/masseyservices,masseyservices,https://masseyservices.wd5.myworkdayjobs.com/masseyservices,https://masseyservices.wd5.myworkdayjobs.com/wday/cxs/masseyservices/masseyservices/jobs,348,vendor,
workday,wd5/medline/Medline,medline,https://medline.wd5.myworkdayjobs.com/Medline,https://medline.wd5.myworkdayjobs.com/wday/cxs/medline/Medline/jobs,611,vendor,
workday,wd5/meijer/Meijer_Stores_Hourly,meijer,https://meijer.wd5.myworkdayjobs.com/Meijer_Stores_Hourly,https://meijer.wd5.myworkdayjobs.com/wday/cxs/meijer/Meijer_Stores_Hourly/jobs,1454,vendor,
workday,wd5/mercycare/Mercy_Cedar_Rapids_Careers,mercycare,https://mercycare.wd5.myworkdayjobs.com/Mercy_Cedar_Rapids_Careers,https://mercycare.wd5.myworkdayjobs.com/wday/cxs/mercycare/Mercy_Cedar_Rapids_Careers/jobs,210,vendor,
workday,wd5/meredith/EXT,meredith,https://meredith.wd5.myworkdayjobs.com/EXT,https://meredith.wd5.myworkdayjobs.com/wday/cxs/meredith/EXT/jobs,44,vendor,
workday,wd5/mes/Careers,mes,https://mes.wd5.myworkdayjobs.com/Careers,https://mes.wd5.myworkdayjobs.com/wday/cxs/mes/Careers/jobs,27,vendor,
workday,wd5/metmuseum/metmuseumcareers,metmuseum,https://metmuseum.wd5.myworkdayjobs.com/metmuseumcareers,https://metmuseum.wd5.myworkdayjobs.com/wday/cxs/metmuseum/metmuseumcareers/jobs,15,vendor,
workday,wd5/mgmresorts/MGMCareers,mgmresorts,https://mgmresorts.wd5.myworkdayjobs.com/MGMCareers,https://mgmresorts.wd5.myworkdayjobs.com/wday/cxs/mgmresorts/MGMCareers/jobs,520,vendor,
workday,wd5/miamioh/miamioh-faculty,miamioh,https://miamioh.wd5.myworkdayjobs.com/miamioh-faculty,https://miamioh.wd5.myworkdayjobs.com/wday/cxs/miamioh/miamioh-faculty/jobs,61,vendor,
workday,wd5/mica/Student,mica,https://mica.wd5.myworkdayjobs.com/Student,https://mica.wd5.myworkdayjobs.com/wday/cxs/mica/Student/jobs,29,vendor,
workday,wd5/michaels/External,michaels,https://michaels.wd5.myworkdayjobs.com/External,https://michaels.wd5.myworkdayjobs.com/wday/cxs/michaels/External/jobs,2000,vendor-ceiling,
workday,wd5/microchiphr/external,microchiphr,https://microchiphr.wd5.myworkdayjobs.com/external,https://microchiphr.wd5.myworkdayjobs.com/wday/cxs/microchiphr/external/jobs,496,vendor,
workday,wd5/montagehealth/Montage_Health,montagehealth,https://montagehealth.wd5.myworkdayjobs.com/Montage_Health,https://montagehealth.wd5.myworkdayjobs.com/wday/cxs/montagehealth/Montage_Health/jobs,86,vendor,
workday,wd5/moog/MOOG_External_Career_Site,moog,https://moog.wd5.myworkdayjobs.com/MOOG_External_Career_Site,https://moog.wd5.myworkdayjobs.com/wday/cxs/moog/MOOG_External_Career_Site/jobs,449,vendor,
workday,wd5/morningstar/Americas,morningstar,https://morningstar.wd5.myworkdayjobs.com/Americas,https://morningstar.wd5.myworkdayjobs.com/wday/cxs/morningstar/Americas/jobs,28,vendor,
workday,wd5/mosaic/mosaic,mosaic,https://mosaic.wd5.myworkdayjobs.com/mosaic,https://mosaic.wd5.myworkdayjobs.com/wday/cxs/mosaic/mosaic/jobs,111,vendor,
workday,wd5/motorolasolutions/Careers,motorolasolutions,https://motorolasolutions.wd5.myworkdayjobs.com/Careers,https://motorolasolutions.wd5.myworkdayjobs.com/wday/cxs/motorolasolutions/Careers/jobs,903,vendor,
workday,wd5/ms/External,ms,https://ms.wd5.myworkdayjobs.com/External,https://ms.wd5.myworkdayjobs.com/wday/cxs/ms/External/jobs,1307,vendor,
workday,wd5/msd/SearchJobs,msd,https://msd.wd5.myworkdayjobs.com/SearchJobs,https://msd.wd5.myworkdayjobs.com/wday/cxs/msd/SearchJobs/jobs,940,vendor,
workday,wd5/mtb/MTB,mtb,https://mtb.wd5.myworkdayjobs.com/MTB,https://mtb.wd5.myworkdayjobs.com/wday/cxs/mtb/MTB/jobs,796,vendor,
workday,wd5/mtmus/ExternalCareers,mtmus,https://mtmus.wd5.myworkdayjobs.com/ExternalCareers,https://mtmus.wd5.myworkdayjobs.com/wday/cxs/mtmus/ExternalCareers/jobs,11,vendor,
workday,wd5/muellerwaterproducts/Mueller,muellerwaterproducts,https://muellerwaterproducts.wd5.myworkdayjobs.com/Mueller,https://muellerwaterproducts.wd5.myworkdayjobs.com/wday/cxs/muellerwaterproducts/Mueller/jobs,68,vendor,
workday,wd5/mydpr/11212017,mydpr,https://mydpr.wd5.myworkdayjobs.com/11212017,https://mydpr.wd5.myworkdayjobs.com/wday/cxs/mydpr/11212017/jobs,463,vendor,
workday,wd5/myhrabc/Global,myhrabc,https://myhrabc.wd5.myworkdayjobs.com/Global,https://myhrabc.wd5.myworkdayjobs.com/wday/cxs/myhrabc/Global/jobs,999,vendor,
workday,wd5/mymvw/MVW,mymvw,https://mymvw.wd5.myworkdayjobs.com/MVW,https://mymvw.wd5.myworkdayjobs.com/wday/cxs/mymvw/MVW/jobs,528,vendor,
workday,wd5/myworkdaycenter/TPCO,myworkdaycenter,https://myworkdaycenter.wd5.myworkdayjobs.com/TPCO,https://myworkdaycenter.wd5.myworkdayjobs.com/wday/cxs/myworkdaycenter/TPCO/jobs,2,vendor,
workday,wd5/nacoal/nacoal,nacoal,https://nacoal.wd5.myworkdayjobs.com/nacoal,https://nacoal.wd5.myworkdayjobs.com/wday/cxs/nacoal/nacoal/jobs,11,vendor,
workday,wd5/nationwidechildrens/NCHCareers,nationwidechildrens,https://nationwidechildrens.wd5.myworkdayjobs.com/NCHCareers,https://nationwidechildrens.wd5.myworkdayjobs.com/wday/cxs/nationwidechildrens/NCHCareers/jobs,582,vendor,
workday,wd5/neurocrine/Neurocrinecareers,neurocrine,https://neurocrine.wd5.myworkdayjobs.com/Neurocrinecareers,https://neurocrine.wd5.myworkdayjobs.com/wday/cxs/neurocrine/Neurocrinecareers/jobs,172,vendor,
workday,wd5/nexstar/nexstar,nexstar,https://nexstar.wd5.myworkdayjobs.com/nexstar,https://nexstar.wd5.myworkdayjobs.com/wday/cxs/nexstar/nexstar/jobs,629,vendor,
workday,wd5/niagarawater/Niagara,niagarawater,https://niagarawater.wd5.myworkdayjobs.com/Niagara,https://niagarawater.wd5.myworkdayjobs.com/wday/cxs/niagarawater/Niagara/jobs,340,vendor,
workday,wd5/northwesternmutual/corporate-careers,northwesternmutual,https://northwesternmutual.wd5.myworkdayjobs.com/corporate-careers,https://northwesternmutual.wd5.myworkdayjobs.com/wday/cxs/northwesternmutual/corporate-careers/jobs,78,vendor,
workday,wd5/nphosting/CC_Careers,nphosting,https://nphosting.wd5.myworkdayjobs.com/CC_Careers,https://nphosting.wd5.myworkdayjobs.com/wday/cxs/nphosting/CC_Careers/jobs,87,vendor,
workday,wd5/nvent/nVent,nvent,https://nvent.wd5.myworkdayjobs.com/nVent,https://nvent.wd5.myworkdayjobs.com/wday/cxs/nvent/nVent/jobs,555,vendor,
workday,wd5/nvidia/NVIDIAExternalCareerSite,nvidia,https://nvidia.wd5.myworkdayjobs.com/NVIDIAExternalCareerSite,https://nvidia.wd5.myworkdayjobs.com/wday/cxs/nvidia/NVIDIAExternalCareerSite/jobs,2675,vendor,
workday,wd5/obama/Careers,obama,https://obama.wd5.myworkdayjobs.com/Careers,https://obama.wd5.myworkdayjobs.com/wday/cxs/obama/Careers/jobs,12,vendor,
workday,wd5/odl/robover,odl,https://odl.wd5.myworkdayjobs.com/robover,https://odl.wd5.myworkdayjobs.com/wday/cxs/odl/robover/jobs,3,vendor,
workday,wd5/oregon/SOR_External_Career_Site,oregon,https://oregon.wd5.myworkdayjobs.com/SOR_External_Career_Site,https://oregon.wd5.myworkdayjobs.com/wday/cxs/oregon/SOR_External_Career_Site/jobs,243,vendor,
workday,wd5/orionsteel/externalcareers,orionsteel,https://orionsteel.wd5.myworkdayjobs.com/externalcareers,https://orionsteel.wd5.myworkdayjobs.com/wday/cxs/orionsteel/externalcareers/jobs,91,vendor,
workday,wd5/osfglobal/OSF,osfglobal,https://osfglobal.wd5.myworkdayjobs.com/OSF,https://osfglobal.wd5.myworkdayjobs.com/wday/cxs/osfglobal/OSF/jobs,3,vendor,
workday,wd5/oshkoshcorporation/Oshkosh,oshkoshcorporation,https://oshkoshcorporation.wd5.myworkdayjobs.com/Oshkosh,https://oshkoshcorporation.wd5.myworkdayjobs.com/wday/cxs/oshkoshcorporation/Oshkosh/jobs,539,vendor,
workday,wd5/ouryahoo/careers,ouryahoo,https://ouryahoo.wd5.myworkdayjobs.com/careers,https://ouryahoo.wd5.myworkdayjobs.com/wday/cxs/ouryahoo/careers/jobs,105,vendor,
workday,wd5/ovationhealthcare/ovationhealthcare,ovationhealthcare,https://ovationhealthcare.wd5.myworkdayjobs.com/ovationhealthcare,https://ovationhealthcare.wd5.myworkdayjobs.com/wday/cxs/ovationhealthcare/ovationhealthcare/jobs,59,vendor,
workday,wd5/oxford/TommyBahamaUS,oxford,https://oxford.wd5.myworkdayjobs.com/TommyBahamaUS,https://oxford.wd5.myworkdayjobs.com/wday/cxs/oxford/TommyBahamaUS/jobs,331,vendor,
workday,wd5/oxy/Corporate,oxy,https://oxy.wd5.myworkdayjobs.com/Corporate,https://oxy.wd5.myworkdayjobs.com/wday/cxs/oxy/Corporate/jobs,47,vendor,
workday,wd5/oxy/UniversityRelations,oxy,https://oxy.wd5.myworkdayjobs.com/UniversityRelations,https://oxy.wd5.myworkdayjobs.com/wday/cxs/oxy/UniversityRelations/jobs,26,vendor,
workday,wd5/paho/pahocareers,paho,https://paho.wd5.myworkdayjobs.com/pahocareers,https://paho.wd5.myworkdayjobs.com/wday/cxs/paho/pahocareers/jobs,14,vendor,
workday,wd5/paloaltonetworks/panwexternalcareers,paloaltonetworks,https://paloaltonetworks.wd5.myworkdayjobs.com/panwexternalcareers,https://paloaltonetworks.wd5.myworkdayjobs.com/wday/cxs/paloaltonetworks/panwexternalcareers/jobs,1491,vendor,
workday,wd5/parsons/Search,parsons,https://parsons.wd5.myworkdayjobs.com/Search,https://parsons.wd5.myworkdayjobs.com/wday/cxs/parsons/Search/jobs,1926,vendor,
workday,wd5/pentair/Pentair_Careers,pentair,https://pentair.wd5.myworkdayjobs.com/Pentair_Careers,https://pentair.wd5.myworkdayjobs.com/wday/cxs/pentair/Pentair_Careers/jobs,135,vendor,
workday,wd5/pewtrusts/TrustsExternal,pewtrusts,https://pewtrusts.wd5.myworkdayjobs.com/TrustsExternal,https://pewtrusts.wd5.myworkdayjobs.com/wday/cxs/pewtrusts/TrustsExternal/jobs,13,vendor,
workday,wd5/pg/1000,pg,https://pg.wd5.myworkdayjobs.com/1000,https://pg.wd5.myworkdayjobs.com/wday/cxs/pg/1000/jobs,830,vendor,
workday,wd5/pimacounty/pimacareers,pimacounty,https://pimacounty.wd5.myworkdayjobs.com/pimacareers,https://pimacounty.wd5.myworkdayjobs.com/wday/cxs/pimacounty/pimacareers/jobs,122,vendor,
workday,wd5/pinebridge/PineBridge_Career_Site,pinebridge,https://pinebridge.wd5.myworkdayjobs.com/PineBridge_Career_Site,https://pinebridge.wd5.myworkdayjobs.com/wday/cxs/pinebridge/PineBridge_Career_Site/jobs,13,vendor,
workday,wd5/plugpower/Plug_Power_Inc,plugpower,https://plugpower.wd5.myworkdayjobs.com/Plug_Power_Inc,https://plugpower.wd5.myworkdayjobs.com/wday/cxs/plugpower/Plug_Power_Inc/jobs,86,vendor,
workday,wd5/pmpediatrics/Corporate,pmpediatrics,https://pmpediatrics.wd5.myworkdayjobs.com/Corporate,https://pmpediatrics.wd5.myworkdayjobs.com/wday/cxs/pmpediatrics/Corporate/jobs,5,vendor,
workday,wd5/pnc/External,pnc,https://pnc.wd5.myworkdayjobs.com/External,https://pnc.wd5.myworkdayjobs.com/wday/cxs/pnc/External/jobs,2119,vendor,
workday,wd5/polaris/PolarisJobs,polaris,https://polaris.wd5.myworkdayjobs.com/PolarisJobs,https://polaris.wd5.myworkdayjobs.com/wday/cxs/polaris/PolarisJobs/jobs,126,vendor,
workday,wd5/polly/polly,polly,https://polly.wd5.myworkdayjobs.com/polly,https://polly.wd5.myworkdayjobs.com/wday/cxs/polly/polly/jobs,8,vendor,
workday,wd5/portlandgeneral/pgn,portlandgeneral,https://portlandgeneral.wd5.myworkdayjobs.com/pgn,https://portlandgeneral.wd5.myworkdayjobs.com/wday/cxs/portlandgeneral/pgn/jobs,28,vendor,
workday,wd5/proassurance/ProAssurance,proassurance,https://proassurance.wd5.myworkdayjobs.com/ProAssurance,https://proassurance.wd5.myworkdayjobs.com/wday/cxs/proassurance/ProAssurance/jobs,7,vendor,
workday,wd5/progyny/progyny,progyny,https://progyny.wd5.myworkdayjobs.com/progyny,https://progyny.wd5.myworkdayjobs.com/wday/cxs/progyny/progyny/jobs,17,vendor,
workday,wd5/prologis/Prologis_External_Careers,prologis,https://prologis.wd5.myworkdayjobs.com/Prologis_External_Careers,https://prologis.wd5.myworkdayjobs.com/wday/cxs/prologis/Prologis_External_Careers/jobs,65,vendor,
workday,wd5/proofpoint/proofpointcareers,proofpoint,https://proofpoint.wd5.myworkdayjobs.com/proofpointcareers,https://proofpoint.wd5.myworkdayjobs.com/wday/cxs/proofpoint/proofpointcareers/jobs,113,vendor,
workday,wd5/pru/Careers,pru,https://pru.wd5.myworkdayjobs.com/Careers,https://pru.wd5.myworkdayjobs.com/wday/cxs/pru/Careers/jobs,159,vendor,
workday,wd5/qualifacts/Qualifacts_External_Careers,qualifacts,https://qualifacts.wd5.myworkdayjobs.com/Qualifacts_External_Careers,https://qualifacts.wd5.myworkdayjobs.com/wday/cxs/qualifacts/Qualifacts_External_Careers/jobs,25,vendor,
workday,wd5/qualys/Careers,qualys,https://qualys.wd5.myworkdayjobs.com/Careers,https://qualys.wd5.myworkdayjobs.com/wday/cxs/qualys/Careers/jobs,162,vendor,
workday,wd5/quickenloans/rocket_careers,quickenloans,https://quickenloans.wd5.myworkdayjobs.com/rocket_careers,https://quickenloans.wd5.myworkdayjobs.com/wday/cxs/quickenloans/rocket_careers/jobs,375,vendor,
workday,wd5/qvc/QRG,qvc,https://qvc.wd5.myworkdayjobs.com/QRG,https://qvc.wd5.myworkdayjobs.com/wday/cxs/qvc/QRG/jobs,133,vendor,
workday,wd5/rand/External_Career_Site,rand,https://rand.wd5.myworkdayjobs.com/External_Career_Site,https://rand.wd5.myworkdayjobs.com/wday/cxs/rand/External_Career_Site/jobs,13,vendor,
workday,wd5/rb/FRS,rb,https://rb.wd5.myworkdayjobs.com/FRS,https://rb.wd5.myworkdayjobs.com/wday/cxs/rb/FRS/jobs,161,vendor,
workday,wd5/reddyice/ReddyIceExternal,reddyice,https://reddyice.wd5.myworkdayjobs.com/ReddyIceExternal,https://reddyice.wd5.myworkdayjobs.com/wday/cxs/reddyice/ReddyIceExternal/jobs,93,vendor,
workday,wd5/regions/Regions_Careers,regions,https://regions.wd5.myworkdayjobs.com/Regions_Careers,https://regions.wd5.myworkdayjobs.com/wday/cxs/regions/Regions_Careers/jobs,476,vendor,
workday,wd5/remitly/Remitly_Careers,remitly,https://remitly.wd5.myworkdayjobs.com/Remitly_Careers,https://remitly.wd5.myworkdayjobs.com/wday/cxs/remitly/Remitly_Careers/jobs,155,vendor,
workday,wd5/republic/Republic,republic,https://republic.wd5.myworkdayjobs.com/Republic,https://republic.wd5.myworkdayjobs.com/wday/cxs/republic/Republic/jobs,1696,vendor,
workday,wd5/rhsc/Delta_Dental_of_Michigan,rhsc,https://rhsc.wd5.myworkdayjobs.com/Delta_Dental_of_Michigan,https://rhsc.wd5.myworkdayjobs.com/wday/cxs/rhsc/Delta_Dental_of_Michigan/jobs,30,vendor,
workday,wd5/ri/RI,ri,https://ri.wd5.myworkdayjobs.com/RI,https://ri.wd5.myworkdayjobs.com/wday/cxs/ri/RI/jobs,93,vendor,
workday,wd5/richmond/student,richmond,https://richmond.wd5.myworkdayjobs.com/student,https://richmond.wd5.myworkdayjobs.com/wday/cxs/richmond/student/jobs,51,vendor,
workday,wd5/rochester/UR_Staff,rochester,https://rochester.wd5.myworkdayjobs.com/UR_Staff,https://rochester.wd5.myworkdayjobs.com/wday/cxs/rochester/UR_Staff/jobs,1404,vendor,
workday,wd5/rocket/rocket_careers,rocket,https://rocket.wd5.myworkdayjobs.com/rocket_careers,https://rocket.wd5.myworkdayjobs.com/wday/cxs/rocket/rocket_careers/jobs,53,vendor,
workday,wd5/rrhs/RRH,rrhs,https://rrhs.wd5.myworkdayjobs.com/RRH,https://rrhs.wd5.myworkdayjobs.com/wday/cxs/rrhs/RRH/jobs,1392,vendor,
workday,wd5/russell/russellinvestments,russell,https://russell.wd5.myworkdayjobs.com/russellinvestments,https://russell.wd5.myworkdayjobs.com/wday/cxs/russell/russellinvestments/jobs,33,vendor,
workday,wd5/saputo/Saputo_External_Careers,saputo,https://saputo.wd5.myworkdayjobs.com/Saputo_External_Careers,https://saputo.wd5.myworkdayjobs.com/wday/cxs/saputo/Saputo_External_Careers/jobs,315,vendor,
workday,wd5/sarepta/sarepta_external,sarepta,https://sarepta.wd5.myworkdayjobs.com/sarepta_external,https://sarepta.wd5.myworkdayjobs.com/wday/cxs/sarepta/sarepta_external/jobs,22,vendor,
workday,wd5/scholastic/External,scholastic,https://scholastic.wd5.myworkdayjobs.com/External,https://scholastic.wd5.myworkdayjobs.com/wday/cxs/scholastic/External/jobs,104,vendor,
workday,wd5/scj/External_Career_Site,scj,https://scj.wd5.myworkdayjobs.com/External_Career_Site,https://scj.wd5.myworkdayjobs.com/wday/cxs/scj/External_Career_Site/jobs,140,vendor,
workday,wd5/sevencounties/SevenCountiesCareers,sevencounties,https://sevencounties.wd5.myworkdayjobs.com/SevenCountiesCareers,https://sevencounties.wd5.myworkdayjobs.com/wday/cxs/sevencounties/SevenCountiesCareers/jobs,130,vendor,
workday,wd5/sfcollege/SFcareers,sfcollege,https://sfcollege.wd5.myworkdayjobs.com/SFcareers,https://sfcollege.wd5.myworkdayjobs.com/wday/cxs/sfcollege/SFcareers/jobs,98,vendor,
workday,wd5/skadden/skadden_careers,skadden,https://skadden.wd5.myworkdayjobs.com/skadden_careers,https://skadden.wd5.myworkdayjobs.com/wday/cxs/skadden/skadden_careers/jobs,60,vendor,
workday,wd5/skechers/One-career-site,skechers,https://skechers.wd5.myworkdayjobs.com/One-career-site,https://skechers.wd5.myworkdayjobs.com/wday/cxs/skechers/One-career-site/jobs,1694,vendor,
workday,wd5/slu/Careers,slu,https://slu.wd5.myworkdayjobs.com/Careers,https://slu.wd5.myworkdayjobs.com/wday/cxs/slu/Careers/jobs,67,vendor,
workday,wd5/smithcollege/smithcollege,smithcollege,https://smithcollege.wd5.myworkdayjobs.com/smithcollege,https://smithcollege.wd5.myworkdayjobs.com/wday/cxs/smithcollege/smithcollege/jobs,36,vendor,
workday,wd5/smithnephew/External,smithnephew,https://smithnephew.wd5.myworkdayjobs.com/External,https://smithnephew.wd5.myworkdayjobs.com/wday/cxs/smithnephew/External/jobs,332,vendor,
workday,wd5/solera/Global_Career_Site,solera,https://solera.wd5.myworkdayjobs.com/Global_Career_Site,https://solera.wd5.myworkdayjobs.com/wday/cxs/solera/Global_Career_Site/jobs,180,vendor,
workday,wd5/southstatebank/external,southstatebank,https://southstatebank.wd5.myworkdayjobs.com/external,https://southstatebank.wd5.myworkdayjobs.com/wday/cxs/southstatebank/external/jobs,186,vendor,
workday,wd5/spgi/SPGI_Careers,spgi,https://spgi.wd5.myworkdayjobs.com/SPGI_Careers,https://spgi.wd5.myworkdayjobs.com/wday/cxs/spgi/SPGI_Careers/jobs,269,vendor,
workday,wd5/sterlingmets/mets,sterlingmets,https://sterlingmets.wd5.myworkdayjobs.com/mets,https://sterlingmets.wd5.myworkdayjobs.com/wday/cxs/sterlingmets/mets/jobs,25,vendor,
workday,wd5/stevens/External,stevens,https://stevens.wd5.myworkdayjobs.com/External,https://stevens.wd5.myworkdayjobs.com/wday/cxs/stevens/External/jobs,27,vendor,
workday,wd5/stvinc/stv,stvinc,https://stvinc.wd5.myworkdayjobs.com/stv,https://stvinc.wd5.myworkdayjobs.com/wday/cxs/stvinc/stv/jobs,370,vendor,
workday,wd5/synchronyfinancial/careers,synchronyfinancial,https://synchronyfinancial.wd5.myworkdayjobs.com/careers,https://synchronyfinancial.wd5.myworkdayjobs.com/wday/cxs/synchronyfinancial/careers/jobs,44,vendor,
workday,wd5/synnex/tdsynnexcareers,synnex,https://synnex.wd5.myworkdayjobs.com/tdsynnexcareers,https://synnex.wd5.myworkdayjobs.com/wday/cxs/synnex/tdsynnexcareers/jobs,787,vendor,
workday,wd5/sysco/syscocareers,sysco,https://sysco.wd5.myworkdayjobs.com/syscocareers,https://sysco.wd5.myworkdayjobs.com/wday/cxs/sysco/syscocareers/jobs,2000,vendor-ceiling,
workday,wd5/target/targetcareers,target,https://target.wd5.myworkdayjobs.com/targetcareers,https://target.wd5.myworkdayjobs.com/wday/cxs/target/targetcareers/jobs,14116,vendor,
workday,wd5/taylormadegolf/taylormadegolf,taylormadegolf,https://taylormadegolf.wd5.myworkdayjobs.com/taylormadegolf,https://taylormadegolf.wd5.myworkdayjobs.com/wday/cxs/taylormadegolf/taylormadegolf/jobs,50,vendor,
workday,wd5/teamwass/WassermanCareers,teamwass,https://teamwass.wd5.myworkdayjobs.com/WassermanCareers,https://teamwass.wd5.myworkdayjobs.com/wday/cxs/teamwass/WassermanCareers/jobs,119,vendor,
workday,wd5/tempus/Tempus_Careers,tempus,https://tempus.wd5.myworkdayjobs.com/Tempus_Careers,https://tempus.wd5.myworkdayjobs.com/wday/cxs/tempus/Tempus_Careers/jobs,155,vendor,
workday,wd5/thehartford/Careers_External,thehartford,https://thehartford.wd5.myworkdayjobs.com/Careers_External,https://thehartford.wd5.myworkdayjobs.com/wday/cxs/thehartford/Careers_External/jobs,254,vendor,
workday,wd5/theocc/careers,theocc,https://theocc.wd5.myworkdayjobs.com/careers,https://theocc.wd5.myworkdayjobs.com/wday/cxs/theocc/careers/jobs,76,vendor,
workday,wd5/thermofisher/ThermoFisherCareers,thermofisher,https://thermofisher.wd5.myworkdayjobs.com/ThermoFisherCareers,https://thermofisher.wd5.myworkdayjobs.com/wday/cxs/thermofisher/ThermoFisherCareers/jobs,2931,vendor,
workday,wd5/thinkbrg/BRG_External_Career_Site,thinkbrg,https://thinkbrg.wd5.myworkdayjobs.com/BRG_External_Career_Site,https://thinkbrg.wd5.myworkdayjobs.com/wday/cxs/thinkbrg/BRG_External_Career_Site/jobs,129,vendor,
workday,wd5/thomsonreuters/External_Career_Site,thomsonreuters,https://thomsonreuters.wd5.myworkdayjobs.com/External_Career_Site,https://thomsonreuters.wd5.myworkdayjobs.com/wday/cxs/thomsonreuters/External_Career_Site/jobs,451,vendor,
workday,wd5/tollgroup/TollGroup,tollgroup,https://tollgroup.wd5.myworkdayjobs.com/TollGroup,https://tollgroup.wd5.myworkdayjobs.com/wday/cxs/tollgroup/TollGroup/jobs,255,vendor,
workday,wd5/topbloc/TopBloc_Careers,topbloc,https://topbloc.wd5.myworkdayjobs.com/TopBloc_Careers,https://topbloc.wd5.myworkdayjobs.com/wday/cxs/topbloc/TopBloc_Careers/jobs,45,vendor,
workday,wd5/townepark/ext,townepark,https://townepark.wd5.myworkdayjobs.com/ext,https://townepark.wd5.myworkdayjobs.com/wday/cxs/townepark/ext/jobs,536,vendor,
workday,wd5/transamerica/US,transamerica,https://transamerica.wd5.myworkdayjobs.com/US,https://transamerica.wd5.myworkdayjobs.com/wday/cxs/transamerica/US/jobs,153,vendor,
workday,wd5/transperfect/transperfect,transperfect,https://transperfect.wd5.myworkdayjobs.com/transperfect,https://transperfect.wd5.myworkdayjobs.com/wday/cxs/transperfect/transperfect/jobs,320,vendor,
workday,wd5/transunion/TransUnion,transunion,https://transunion.wd5.myworkdayjobs.com/TransUnion,https://transunion.wd5.myworkdayjobs.com/wday/cxs/transunion/TransUnion/jobs,247,vendor,
workday,wd5/travelers/External,travelers,https://travelers.wd5.myworkdayjobs.com/External,https://travelers.wd5.myworkdayjobs.com/wday/cxs/travelers/External/jobs,389,vendor,
workday,wd5/troweprice/TRowePrice,troweprice,https://troweprice.wd5.myworkdayjobs.com/TRowePrice,https://troweprice.wd5.myworkdayjobs.com/wday/cxs/troweprice/TRowePrice/jobs,146,vendor,
workday,wd5/tysonfoods/TSN,tysonfoods,https://tysonfoods.wd5.myworkdayjobs.com/TSN,https://tysonfoods.wd5.myworkdayjobs.com/wday/cxs/tysonfoods/TSN/jobs,680,vendor,
workday,wd5/uasys/UASYS,uasys,https://uasys.wd5.myworkdayjobs.com/UASYS,https://uasys.wd5.myworkdayjobs.com/wday/cxs/uasys/UASYS/jobs,739,vendor,
workday,wd5/ucar/UCAR_Careers,ucar,https://ucar.wd5.myworkdayjobs.com/UCAR_Careers,https://ucar.wd5.myworkdayjobs.com/wday/cxs/ucar/UCAR_Careers/jobs,9,vendor,
workday,wd5/uchicago/External,uchicago,https://uchicago.wd5.myworkdayjobs.com/External,https://uchicago.wd5.myworkdayjobs.com/wday/cxs/uchicago/External/jobs,392,vendor,
workday,wd5/umassglobal/UMassGlobalCareers,umassglobal,https://umassglobal.wd5.myworkdayjobs.com/UMassGlobalCareers,https://umassglobal.wd5.myworkdayjobs.com/wday/cxs/umassglobal/UMassGlobalCareers/jobs,3,vendor,
workday,wd5/umusic/UMGUS,umusic,https://umusic.wd5.myworkdayjobs.com/UMGUS,https://umusic.wd5.myworkdayjobs.com/wday/cxs/umusic/UMGUS/jobs,33,vendor,
workday,wd5/unisys/External,unisys,https://unisys.wd5.myworkdayjobs.com/External,https://unisys.wd5.myworkdayjobs.com/wday/cxs/unisys/External/jobs,412,vendor,
workday,wd5/usc/ExternalUSCCareers,usc,https://usc.wd5.myworkdayjobs.com/ExternalUSCCareers,https://usc.wd5.myworkdayjobs.com/wday/cxs/usc/ExternalUSCCareers/jobs,706,vendor,
workday,wd5/usfca/USF_Full-Time_Faculty,usfca,https://usfca.wd5.myworkdayjobs.com/USF_Full-Time_Faculty,https://usfca.wd5.myworkdayjobs.com/wday/cxs/usfca/USF_Full-Time_Faculty/jobs,5,vendor,
workday,wd5/usnh/Careers,usnh,https://usnh.wd5.myworkdayjobs.com/Careers,https://usnh.wd5.myworkdayjobs.com/wday/cxs/usnh/Careers/jobs,262,vendor,
workday,wd5/vanguard/vanguard_external,vanguard,https://vanguard.wd5.myworkdayjobs.com/vanguard_external,https://vanguard.wd5.myworkdayjobs.com/wday/cxs/vanguard/vanguard_external/jobs,348,vendor,
workday,wd5/velera/VeleraCareers,velera,https://velera.wd5.myworkdayjobs.com/VeleraCareers,https://velera.wd5.myworkdayjobs.com/wday/cxs/velera/VeleraCareers/jobs,31,vendor,
workday,wd5/vfc/vfc_careers,vfc,https://vfc.wd5.myworkdayjobs.com/vfc_careers,https://vfc.wd5.myworkdayjobs.com/wday/cxs/vfc/vfc_careers/jobs,1276,vendor,
workday,wd5/viatris/External,viatris,https://viatris.wd5.myworkdayjobs.com/External,https://viatris.wd5.myworkdayjobs.com/wday/cxs/viatris/External/jobs,361,vendor,
workday,wd5/visa/Visa,visa,https://visa.wd5.myworkdayjobs.com/Visa,https://visa.wd5.myworkdayjobs.com/wday/cxs/visa/Visa/jobs,816,vendor,
workday,wd5/vst/vistra_careers,vst,https://vst.wd5.myworkdayjobs.com/vistra_careers,https://vst.wd5.myworkdayjobs.com/wday/cxs/vst/vistra_careers/jobs,158,vendor,
workday,wd5/warnerbros/global,warnerbros,https://warnerbros.wd5.myworkdayjobs.com/global,https://warnerbros.wd5.myworkdayjobs.com/wday/cxs/warnerbros/global/jobs,272,vendor,
workday,wd5/washpost/washingtonpostcareers,washpost,https://washpost.wd5.myworkdayjobs.com/washingtonpostcareers,https://washpost.wd5.myworkdayjobs.com/wday/cxs/washpost/washingtonpostcareers/jobs,48,vendor,
workday,wd5/wattswater/External,wattswater,https://wattswater.wd5.myworkdayjobs.com/External,https://wattswater.wd5.myworkdayjobs.com/wday/cxs/wattswater/External/jobs,216,vendor,
workday,wd5/wellington/External,wellington,https://wellington.wd5.myworkdayjobs.com/External,https://wellington.wd5.myworkdayjobs.com/wday/cxs/wellington/External/jobs,128,vendor,
workday,wd5/wesleyan/careers,wesleyan,https://wesleyan.wd5.myworkdayjobs.com/careers,https://wesleyan.wd5.myworkdayjobs.com/wday/cxs/wesleyan/careers/jobs,25,vendor,
workday,wd5/westernalliancebank/WAB,westernalliancebank,https://westernalliancebank.wd5.myworkdayjobs.com/WAB,https://westernalliancebank.wd5.myworkdayjobs.com/wday/cxs/westernalliancebank/WAB/jobs,199,vendor,
workday,wd5/wexinc/WEXInc,wexinc,https://wexinc.wd5.myworkdayjobs.com/WEXInc,https://wexinc.wd5.myworkdayjobs.com/wday/cxs/wexinc/WEXInc/jobs,93,vendor,
workday,wd5/wgl/altagas,wgl,https://wgl.wd5.myworkdayjobs.com/altagas,https://wgl.wd5.myworkdayjobs.com/wday/cxs/wgl/altagas/jobs,45,vendor,
workday,wd5/wgu/External,wgu,https://wgu.wd5.myworkdayjobs.com/External,https://wgu.wd5.myworkdayjobs.com/wday/cxs/wgu/External/jobs,97,vendor,
workday,wd5/williams/External,williams,https://williams.wd5.myworkdayjobs.com/External,https://williams.wd5.myworkdayjobs.com/wday/cxs/williams/External/jobs,121,vendor,
workday,wd5/williams/PowerExternal,williams,https://williams.wd5.myworkdayjobs.com/PowerExternal,https://williams.wd5.myworkdayjobs.com/wday/cxs/williams/PowerExternal/jobs,28,vendor,
workday,wd5/woodruffcenter/woodruffcenter,woodruffcenter,https://woodruffcenter.wd5.myworkdayjobs.com/woodruffcenter,https://woodruffcenter.wd5.myworkdayjobs.com/wday/cxs/woodruffcenter/woodruffcenter/jobs,25,vendor,
workday,wd5/workday/Workday,workday,https://workday.wd5.myworkdayjobs.com/Workday,https://workday.wd5.myworkdayjobs.com/wday/cxs/workday/Workday/jobs,381,vendor,
workday,wd5/wpi/WPI_External_Career_Site,wpi,https://wpi.wd5.myworkdayjobs.com/WPI_External_Career_Site,https://wpi.wd5.myworkdayjobs.com/wday/cxs/wpi/WPI_External_Career_Site/jobs,81,vendor,
workday,wd5/wsu/WSU_Jobs,wsu,https://wsu.wd5.myworkdayjobs.com/WSU_Jobs,https://wsu.wd5.myworkdayjobs.com/wday/cxs/wsu/WSU_Jobs/jobs,86,vendor,
workday,wd5/wwecorp/IMG,wwecorp,https://wwecorp.wd5.myworkdayjobs.com/IMG,https://wwecorp.wd5.myworkdayjobs.com/wday/cxs/wwecorp/IMG/jobs,29,vendor,
workday,wd5/wynd/External,wynd,https://wynd.wd5.myworkdayjobs.com/External,https://wynd.wd5.myworkdayjobs.com/wday/cxs/wynd/External/jobs,850,vendor,
workday,wd5/xylem/xylem-careers,xylem,https://xylem.wd5.myworkdayjobs.com/xylem-careers,https://xylem.wd5.myworkdayjobs.com/wday/cxs/xylem/xylem-careers/jobs,460,vendor,
workday,wd5/yakimacounty/YakimaCountyWA,yakimacounty,https://yakimacounty.wd5.myworkdayjobs.com/YakimaCountyWA,https://yakimacounty.wd5.myworkdayjobs.com/wday/cxs/yakimacounty/YakimaCountyWA/jobs,14,vendor,
workday,wd5/younglife/YoungLife_Careers,younglife,https://younglife.wd5.myworkdayjobs.com/YoungLife_Careers,https://younglife.wd5.myworkdayjobs.com/wday/cxs/younglife/YoungLife_Careers/jobs,286,vendor,
workday,wd5/zillow/Zillow_Group_External,zillow,https://zillow.wd5.myworkdayjobs.com/Zillow_Group_External,https://zillow.wd5.myworkdayjobs.com/wday/cxs/zillow/Zillow_Group_External/jobs,180,vendor,
workday,wd5/zoetis/zoetis,zoetis,https://zoetis.wd5.myworkdayjobs.com/zoetis,https://zoetis.wd5.myworkdayjobs.com/wday/cxs/zoetis/zoetis/jobs,143,vendor,
workday,wd5/zoll/zollmedicalcorp,zoll,https://zoll.wd5.myworkdayjobs.com/zollmedicalcorp,https://zoll.wd5.myworkdayjobs.com/wday/cxs/zoll/zollmedicalcorp/jobs,254,vendor,
workday,wd5/zoom/Zoom,zoom,https://zoom.wd5.myworkdayjobs.com/Zoom,https://zoom.wd5.myworkdayjobs.com/wday/cxs/zoom/Zoom/jobs,102,vendor,
workday,wd501/artbrew/Art_Brew_Ventures,artbrew,https://artbrew.wd501.myworkdayjobs.com/Art_Brew_Ventures,https://artbrew.wd501.myworkdayjobs.com/wday/cxs/artbrew/Art_Brew_Ventures/jobs,78,vendor,
workday,wd501/bacr/BACR,bacr,https://bacr.wd501.myworkdayjobs.com/BACR,https://bacr.wd501.myworkdayjobs.com/wday/cxs/bacr/BACR/jobs,41,vendor,
workday,wd501/candescent/Hiring,candescent,https://candescent.wd501.myworkdayjobs.com/Hiring,https://candescent.wd501.myworkdayjobs.com/wday/cxs/candescent/Hiring/jobs,37,vendor,
workday,wd501/claylacy/Clay_Lacy_Aviation_Careers,claylacy,https://claylacy.wd501.myworkdayjobs.com/Clay_Lacy_Aviation_Careers,https://claylacy.wd501.myworkdayjobs.com/wday/cxs/claylacy/Clay_Lacy_Aviation_Careers/jobs,12,vendor,
workday,wd501/ddcdine/DDC_Careers,ddcdine,https://ddcdine.wd501.myworkdayjobs.com/DDC_Careers,https://ddcdine.wd501.myworkdayjobs.com/wday/cxs/ddcdine/DDC_Careers/jobs,86,vendor,
workday,wd501/directsupply/direct-supply-careers,directsupply,https://directsupply.wd501.myworkdayjobs.com/direct-supply-careers,https://directsupply.wd501.myworkdayjobs.com/wday/cxs/directsupply/direct-supply-careers/jobs,52,vendor,
workday,wd501/emerysapp/ESS,emerysapp,https://emerysapp.wd501.myworkdayjobs.com/ESS,https://emerysapp.wd501.myworkdayjobs.com/wday/cxs/emerysapp/ESS/jobs,99,vendor,
workday,wd501/employeeownedbrands/Crystal,employeeownedbrands,https://employeeownedbrands.wd501.myworkdayjobs.com/Crystal,https://employeeownedbrands.wd501.myworkdayjobs.com/wday/cxs/employeeownedbrands/Crystal/jobs,24,vendor,
workday,wd501/entandallergy/Careers,entandallergy,https://entandallergy.wd501.myworkdayjobs.com/Careers,https://entandallergy.wd501.myworkdayjobs.com/wday/cxs/entandallergy/Careers/jobs,94,vendor,
workday,wd501/essc/ESSC_Careers,essc,https://essc.wd501.myworkdayjobs.com/ESSC_Careers,https://essc.wd501.myworkdayjobs.com/wday/cxs/essc/ESSC_Careers/jobs,152,vendor,
workday,wd501/gorbel/gorbelcareers,gorbel,https://gorbel.wd501.myworkdayjobs.com/gorbelcareers,https://gorbel.wd501.myworkdayjobs.com/wday/cxs/gorbel/gorbelcareers/jobs,25,vendor,
workday,wd501/hebrewseniorlife/HebrewSeniorLifeCareers,hebrewseniorlife,https://hebrewseniorlife.wd501.myworkdayjobs.com/HebrewSeniorLifeCareers,https://hebrewseniorlife.wd501.myworkdayjobs.com/wday/cxs/hebrewseniorlife/HebrewSeniorLifeCareers/jobs,140,vendor,
workday,wd501/jbhunt/Careers,jbhunt,https://jbhunt.wd501.myworkdayjobs.com/Careers,https://jbhunt.wd501.myworkdayjobs.com/wday/cxs/jbhunt/Careers/jobs,499,vendor,
workday,wd501/madrigalpharma/Madrigal,madrigalpharma,https://madrigalpharma.wd501.myworkdayjobs.com/Madrigal,https://madrigalpharma.wd501.myworkdayjobs.com/wday/cxs/madrigalpharma/Madrigal/jobs,63,vendor,
workday,wd501/marathonhealth/Marathon-Health-Careers,marathonhealth,https://marathonhealth.wd501.myworkdayjobs.com/Marathon-Health-Careers,https://marathonhealth.wd501.myworkdayjobs.com/wday/cxs/marathonhealth/Marathon-Health-Careers/jobs,537,vendor,
workday,wd501/modmed/ModMed12,modmed,https://modmed.wd501.myworkdayjobs.com/ModMed12,https://modmed.wd501.myworkdayjobs.com/wday/cxs/modmed/ModMed12/jobs,71,vendor,
workday,wd501/nordsonhcm/nordsoncareers,nordsonhcm,https://nordsonhcm.wd501.myworkdayjobs.com/nordsoncareers,https://nordsonhcm.wd501.myworkdayjobs.com/wday/cxs/nordsonhcm/nordsoncareers/jobs,266,vendor,
workday,wd501/nordstrom/nordstrom_careers,nordstrom,https://nordstrom.wd501.myworkdayjobs.com/nordstrom_careers,https://nordstrom.wd501.myworkdayjobs.com/wday/cxs/nordstrom/nordstrom_careers/jobs,1382,vendor,
workday,wd501/nttglobaldatacenters/External,nttglobaldatacenters,https://nttglobaldatacenters.wd501.myworkdayjobs.com/External,https://nttglobaldatacenters.wd501.myworkdayjobs.com/wday/cxs/nttglobaldatacenters/External/jobs,259,vendor,
workday,wd501/pensions/BOP,pensions,https://pensions.wd501.myworkdayjobs.com/BOP,https://pensions.wd501.myworkdayjobs.com/wday/cxs/pensions/BOP/jobs,5,vendor,
workday,wd501/pipersandler/Piper_Sandler_Careers,pipersandler,https://pipersandler.wd501.myworkdayjobs.com/Piper_Sandler_Careers,https://pipersandler.wd501.myworkdayjobs.com/wday/cxs/pipersandler/Piper_Sandler_Careers/jobs,48,vendor,
workday,wd501/pursuitcollection/pursuit,pursuitcollection,https://pursuitcollection.wd501.myworkdayjobs.com/pursuit,https://pursuitcollection.wd501.myworkdayjobs.com/wday/cxs/pursuitcollection/pursuit/jobs,90,vendor,
workday,wd501/seaportdevelopmentholdings/Seaport_External_Careers,seaportdevelopmentholdings,https://seaportdevelopmentholdings.wd501.myworkdayjobs.com/Seaport_External_Careers,https://seaportdevelopmentholdings.wd501.myworkdayjobs.com/wday/cxs/seaportdevelopmentholdings/Seaport_External_Careers/jobs,27,vendor,
workday,wd501/topgolf/TopgolfCareers,topgolf,https://topgolf.wd501.myworkdayjobs.com/TopgolfCareers,https://topgolf.wd501.myworkdayjobs.com/wday/cxs/topgolf/TopgolfCareers/jobs,741,vendor,
workday,wd501/vrtx/vertex_careers,vrtx,https://vrtx.wd501.myworkdayjobs.com/vertex_careers,https://vrtx.wd501.myworkdayjobs.com/wday/cxs/vrtx/vertex_careers/jobs,307,vendor,
workday,wd501/wri/WRI_India,wri,https://wri.wd501.myworkdayjobs.com/WRI_India,https://wri.wd501.myworkdayjobs.com/wday/cxs/wri/WRI_India/jobs,3,vendor,
workday,wd501/zebra/Zebra_careers,zebra,https://zebra.wd501.myworkdayjobs.com/Zebra_careers,https://zebra.wd501.myworkdayjobs.com/wday/cxs/zebra/Zebra_careers/jobs,232,vendor,
workday,wd502/acronis/acronis_careers,acronis,https://acronis.wd502.myworkdayjobs.com/acronis_careers,https://acronis.wd502.myworkdayjobs.com/wday/cxs/acronis/acronis_careers/jobs,31,vendor,
workday,wd502/hengeler/HM-Candidate_Events,hengeler,https://hengeler.wd502.myworkdayjobs.com/HM-Candidate_Events,https://hengeler.wd502.myworkdayjobs.com/wday/cxs/hengeler/HM-Candidate_Events/jobs,4,vendor,
workday,wd502/sulzer/SulzerJobs,sulzer,https://sulzer.wd502.myworkdayjobs.com/SulzerJobs,https://sulzer.wd502.myworkdayjobs.com/wday/cxs/sulzer/SulzerJobs/jobs,367,vendor,
workday,wd503/9dot/OFL_Careers,9dot,https://9dot.wd503.myworkdayjobs.com/OFL_Careers,https://9dot.wd503.myworkdayjobs.com/wday/cxs/9dot/OFL_Careers/jobs,15,vendor,
workday,wd503/audubon/Audubon,audubon,https://audubon.wd503.myworkdayjobs.com/Audubon,https://audubon.wd503.myworkdayjobs.com/wday/cxs/audubon/Audubon/jobs,34,vendor,
workday,wd503/avant/External_Careers,avant,https://avant.wd503.myworkdayjobs.com/External_Careers,https://avant.wd503.myworkdayjobs.com/wday/cxs/avant/External_Careers/jobs,9,vendor,
workday,wd503/bonadio/Bonadio_Careers,bonadio,https://bonadio.wd503.myworkdayjobs.com/Bonadio_Careers,https://bonadio.wd503.myworkdayjobs.com/wday/cxs/bonadio/Bonadio_Careers/jobs,44,vendor,
workday,wd503/boseallaboutme/Bose_Careers,boseallaboutme,https://boseallaboutme.wd503.myworkdayjobs.com/Bose_Careers,https://boseallaboutme.wd503.myworkdayjobs.com/wday/cxs/boseallaboutme/Bose_Careers/jobs,87,vendor,
workday,wd503/busey/busey,busey,https://busey.wd503.myworkdayjobs.com/busey,https://busey.wd503.myworkdayjobs.com/wday/cxs/busey/busey/jobs,118,vendor,
workday,wd503/cni/CNI,cni,https://cni.wd503.myworkdayjobs.com/CNI,https://cni.wd503.myworkdayjobs.com/wday/cxs/cni/CNI/jobs,75,vendor,
workday,wd503/fhsu/CAREERS,fhsu,https://fhsu.wd503.myworkdayjobs.com/CAREERS,https://fhsu.wd503.myworkdayjobs.com/wday/cxs/fhsu/CAREERS/jobs,22,vendor,
workday,wd503/fortress/Careers,fortress,https://fortress.wd503.myworkdayjobs.com/Careers,https://fortress.wd503.myworkdayjobs.com/wday/cxs/fortress/Careers/jobs,9,vendor,
workday,wd503/greathearts/GreatHearts_Careers,greathearts,https://greathearts.wd503.myworkdayjobs.com/GreatHearts_Careers,https://greathearts.wd503.myworkdayjobs.com/wday/cxs/greathearts/GreatHearts_Careers/jobs,192,vendor,
workday,wd503/hfecorp/palace_jobs,hfecorp,https://hfecorp.wd503.myworkdayjobs.com/palace_jobs,https://hfecorp.wd503.myworkdayjobs.com/wday/cxs/hfecorp/palace_jobs/jobs,101,vendor,
workday,wd503/hypertherm/hypertherm-careers,hypertherm,https://hypertherm.wd503.myworkdayjobs.com/hypertherm-careers,https://hypertherm.wd503.myworkdayjobs.com/wday/cxs/hypertherm/hypertherm-careers/jobs,35,vendor,
workday,wd503/invitationhomes/INVH,invitationhomes,https://invitationhomes.wd503.myworkdayjobs.com/INVH,https://invitationhomes.wd503.myworkdayjobs.com/wday/cxs/invitationhomes/INVH/jobs,58,vendor,
workday,wd503/kimcorealty/kimcocareers,kimcorealty,https://kimcorealty.wd503.myworkdayjobs.com/kimcocareers,https://kimcorealty.wd503.myworkdayjobs.com/wday/cxs/kimcorealty/kimcocareers/jobs,16,vendor,
workday,wd503/livenation/LNExternalSite,livenation,https://livenation.wd503.myworkdayjobs.com/LNExternalSite,https://livenation.wd503.myworkdayjobs.com/wday/cxs/livenation/LNExternalSite/jobs,1366,vendor,
workday,wd503/medable/explore-career-opportunities,medable,https://medable.wd503.myworkdayjobs.com/explore-career-opportunities,https://medable.wd503.myworkdayjobs.com/wday/cxs/medable/explore-career-opportunities/jobs,4,vendor,
workday,wd503/mfainc/MFA,mfainc,https://mfainc.wd503.myworkdayjobs.com/MFA,https://mfainc.wd503.myworkdayjobs.com/wday/cxs/mfainc/MFA/jobs,120,vendor,
workday,wd503/nutexhealth/nutexhealthcareers,nutexhealth,https://nutexhealth.wd503.myworkdayjobs.com/nutexhealthcareers,https://nutexhealth.wd503.myworkdayjobs.com/wday/cxs/nutexhealth/nutexhealthcareers/jobs,118,vendor,
workday,wd503/outsystems/OutSystems,outsystems,https://outsystems.wd503.myworkdayjobs.com/OutSystems,https://outsystems.wd503.myworkdayjobs.com/wday/cxs/outsystems/OutSystems/jobs,82,vendor,
workday,wd503/parr/PARR,parr,https://parr.wd503.myworkdayjobs.com/PARR,https://parr.wd503.myworkdayjobs.com/wday/cxs/parr/PARR/jobs,49,vendor,
workday,wd503/qnity/Jobs,qnity,https://qnity.wd503.myworkdayjobs.com/Jobs,https://qnity.wd503.myworkdayjobs.com/wday/cxs/qnity/Jobs/jobs,436,vendor,
workday,wd503/relatedgroup/relatedgroupcareers,relatedgroup,https://relatedgroup.wd503.myworkdayjobs.com/relatedgroupcareers,https://relatedgroup.wd503.myworkdayjobs.com/wday/cxs/relatedgroup/relatedgroupcareers/jobs,9,vendor,
workday,wd503/risepoint/Risepoint,risepoint,https://risepoint.wd503.myworkdayjobs.com/Risepoint,https://risepoint.wd503.myworkdayjobs.com/wday/cxs/risepoint/Risepoint/jobs,31,vendor,
workday,wd503/saintleo/SLU,saintleo,https://saintleo.wd503.myworkdayjobs.com/SLU,https://saintleo.wd503.myworkdayjobs.com/wday/cxs/saintleo/SLU/jobs,76,vendor,
workday,wd503/toyota/TLAC,toyota,https://toyota.wd503.myworkdayjobs.com/TLAC,https://toyota.wd503.myworkdayjobs.com/wday/cxs/toyota/TLAC/jobs,117,vendor,
workday,wd503/ufpi/ufpi,ufpi,https://ufpi.wd503.myworkdayjobs.com/ufpi,https://ufpi.wd503.myworkdayjobs.com/wday/cxs/ufpi/ufpi/jobs,399,vendor,
workday,wd503/ulsselu/SLU,ulsselu,https://ulsselu.wd503.myworkdayjobs.com/SLU,https://ulsselu.wd503.myworkdayjobs.com/wday/cxs/ulsselu/SLU/jobs,18,vendor,
workday,wd503/uniphore/Uniphore,uniphore,https://uniphore.wd503.myworkdayjobs.com/Uniphore,https://uniphore.wd503.myworkdayjobs.com/wday/cxs/uniphore/Uniphore/jobs,34,vendor,
workday,wd503/ventas/ventas_careers,ventas,https://ventas.wd503.myworkdayjobs.com/ventas_careers,https://ventas.wd503.myworkdayjobs.com/wday/cxs/ventas/ventas_careers/jobs,7,vendor,
workday,wd504/accendra/AccendraCareers,accendra,https://accendra.wd504.myworkdayjobs.com/AccendraCareers,https://accendra.wd504.myworkdayjobs.com/wday/cxs/accendra/AccendraCareers/jobs,280,vendor,
workday,wd504/cff/explore-career-opportunities,cff,https://cff.wd504.myworkdayjobs.com/explore-career-opportunities,https://cff.wd504.myworkdayjobs.com/wday/cxs/cff/explore-career-opportunities/jobs,12,vendor,
workday,wd504/insmed/EXTERNAL,insmed,https://insmed.wd504.myworkdayjobs.com/EXTERNAL,https://insmed.wd504.myworkdayjobs.com/wday/cxs/insmed/EXTERNAL/jobs,112,vendor,
workday,wd504/kohls/kohlscareers,kohls,https://kohls.wd504.myworkdayjobs.com/kohlscareers,https://kohls.wd504.myworkdayjobs.com/wday/cxs/kohls/kohlscareers/jobs,2000,vendor-ceiling,
workday,wd504/otis/REC_Ext_Gateway,otis,https://otis.wd504.myworkdayjobs.com/REC_Ext_Gateway,https://otis.wd504.myworkdayjobs.com/wday/cxs/otis/REC_Ext_Gateway/jobs,1344,vendor,
workday,wd504/paqinc/paq_careers,paqinc,https://paqinc.wd504.myworkdayjobs.com/paq_careers,https://paqinc.wd504.myworkdayjobs.com/wday/cxs/paqinc/paq_careers/jobs,105,vendor,
workday,wd504/walmart/WalmartExternal,walmart,https://walmart.wd504.myworkdayjobs.com/WalmartExternal,https://walmart.wd504.myworkdayjobs.com/wday/cxs/walmart/WalmartExternal/jobs,1998,vendor,
