ats,token,company,roles_fetched,vendor_claimed,verdict,vendor_publishes_count,error
ashby,0g,,8,,unverifiable,no,
ashby,10xteam,10x Team,133,,unverifiable,no,
ashby,1bios,,4,,unverifiable,no,
ashby,1mind,,7,,unverifiable,no,
ashby,1password,1Password,69,,unverifiable,no,
ashby,1x,,92,,unverifiable,no,
ashby,3imembers,,8,,unverifiable,no,
ashby,42dot,42dot,91,,unverifiable,no,
ashby,5bluesoftware,,4,,unverifiable,no,
ashby,805title,,0,,unverifiable,no,
ashby,8fleet-inc,,19,,unverifiable,no,
ashby,8vc,,5,,unverifiable,no,
ashby,9-mothers,,7,,unverifiable,no,
ashby,9fin,,31,,unverifiable,no,
ashby,APEXX,,8,,unverifiable,no,
ashby,ATG,,7,,unverifiable,no,
ashby,Aaron-School,,2,,unverifiable,no,
ashby,Accord,,5,,unverifiable,no,
ashby,AeroVect,,44,,unverifiable,no,
ashby,AgentMail,,6,,unverifiable,no,
ashby,Agentis-Capital-Advisors,,25,,unverifiable,no,
ashby,AlephAlpha,,1,,unverifiable,no,
ashby,Ambral,,3,,unverifiable,no,
ashby,Anagram,,5,,unverifiable,no,
ashby,Ankorstore,,1,,unverifiable,no,
ashby,Anon,,3,,unverifiable,no,
ashby,Aquant,,3,,unverifiable,no,
ashby,Atolio,,4,,unverifiable,no,
ashby,AtroposHealth,,1,,unverifiable,no,
ashby,Authorium,,7,,unverifiable,no,
ashby,Aven,,8,,unverifiable,no,
ashby,Axel,,1,,unverifiable,no,
ashby,Bastion,,7,,unverifiable,no,
ashby,Bhblasted,,0,,unreachable,no,HTTP 404
ashby,Blockworks,,5,,unverifiable,no,
ashby,Blossom-Health,,9,,unverifiable,no,
ashby,Braiins,,6,,unverifiable,no,
ashby,BranchLab,,12,,unverifiable,no,
ashby,CARIAN,,55,,unverifiable,no,
ashby,Cambly,,7,,unverifiable,no,
ashby,Capable,,19,,unverifiable,no,
ashby,Cape,,23,,unverifiable,no,
ashby,Catio,,1,,unverifiable,no,
ashby,Chestnut,,4,,unverifiable,no,
ashby,Citizen,,7,,unverifiable,no,
ashby,Clera,Clera,268,,unverifiable,no,
ashby,Clipbook,,11,,unverifiable,no,
ashby,CloudZero,,16,,unverifiable,no,
ashby,Coastal,,13,,unverifiable,no,
ashby,Coinflow,,13,,unverifiable,no,
ashby,Coinhako,,8,,unverifiable,no,
ashby,Conception,,5,,unverifiable,no,
ashby,Coverbase,,5,,unverifiable,no,
ashby,DatologyAI,,12,,unverifiable,no,
ashby,Deepnote,,3,,unverifiable,no,
ashby,DehazeLabs,,2,,unverifiable,no,
ashby,Delphina,,3,,unverifiable,no,
ashby,DivineResearch,,2,,unverifiable,no,
ashby,DubClub,,5,,unverifiable,no,
ashby,ElectronX,,0,,unverifiable,no,
ashby,Fiducial,,12,,unverifiable,no,
ashby,FleetWorks,,7,,unverifiable,no,
ashby,FloatMe,,0,,unverifiable,no,
ashby,FlutterFlow,,3,,unverifiable,no,
ashby,Fourier,,8,,unverifiable,no,
ashby,FundamentalXR,,2,,unverifiable,no,
ashby,GPTZero,,5,,unverifiable,no,
ashby,Geoforce,,4,,unverifiable,no,
ashby,GitBook,,2,,unverifiable,no,
ashby,GovWell,,14,,unverifiable,no,
ashby,Green-Tree-School-and-Services,,6,,unverifiable,no,
ashby,HUMAN,,8,,unverifiable,no,
ashby,Harrison.ai,,6,,unverifiable,no,
ashby,Hartbeat,,1,,unverifiable,no,
ashby,Hatch,,8,,unverifiable,no,
ashby,Headstart,,4,,unverifiable,no,
ashby,Healthtech-1,,7,,unverifiable,no,
ashby,Hyperbound,,7,,unverifiable,no,
ashby,Hyperscience,,1,,unverifiable,no,
ashby,InscribeAI,,2,,unverifiable,no,
ashby,Intellistack,,12,,unverifiable,no,
ashby,Irregular,,9,,unverifiable,no,
ashby,Koyfin,,2,,unverifiable,no,
ashby,LatchBio,,16,,unverifiable,no,
ashby,LeanLayer,,7,,unverifiable,no,
ashby,LeanTech,,3,,unverifiable,no,
ashby,Leapsome,,0,,unreachable,no,HTTP 404
ashby,Links-Academy,,1,,unverifiable,no,
ashby,Linkup,,10,,unverifiable,no,
ashby,Lynk,,0,,unreachable,no,HTTP 404
ashby,Mastra,,1,,unverifiable,no,
ashby,Maticrobots,,23,,unverifiable,no,
ashby,Meliora-Academy,,2,,unverifiable,no,
ashby,MioDottore,,25,,unverifiable,no,
ashby,Molg,,9,,unverifiable,no,
ashby,NPX,,15,,unverifiable,no,
ashby,Nango,,9,,unverifiable,no,
ashby,Nash,,22,,unverifiable,no,
ashby,Natter,,2,,unverifiable,no,
ashby,New-Story-Schools-OH,,14,,unverifiable,no,
ashby,NormalComputing,,18,,unverifiable,no,
ashby,OBRIO,,21,,unverifiable,no,
ashby,OLIX,,17,,unverifiable,no,
ashby,Opal-OS,,3,,unverifiable,no,
ashby,OpenHands,,1,,unverifiable,no,
ashby,OpenSea,,2,,unverifiable,no,
ashby,Opus1,,0,,unverifiable,no,
ashby,Oso,,7,,unverifiable,no,
ashby,Phinitylabs,,3,,unverifiable,no,
ashby,Playbook,,3,,unverifiable,no,
ashby,Playlab,,8,,unverifiable,no,
ashby,Polarsteps,,5,,unverifiable,no,
ashby,Preference-Model,,5,,unverifiable,no,
ashby,Prelude,,15,,unverifiable,no,
ashby,Promise,,11,,unverifiable,no,
ashby,ProximaAI,,1,,unverifiable,no,
ashby,Rebecca-School,,6,,unverifiable,no,
ashby,ReflexRobotics,,7,,unverifiable,no,
ashby,Replicant,,11,,unverifiable,no,
ashby,RevenueVessel,,1,,unverifiable,no,
ashby,Rhythms,,1,,unverifiable,no,
ashby,Ridealso,,45,,unverifiable,no,
ashby,River-Rock-Academy,,5,,unverifiable,no,
ashby,Roadrunner,,11,,unverifiable,no,
ashby,Rox-Data-Corp,,26,,unverifiable,no,
ashby,Sahara,,3,,unverifiable,no,
ashby,ScribdInc,,12,,unverifiable,no,
ashby,SearchApi,,12,,unverifiable,no,
ashby,Second-Front-Systems,,18,,unverifiable,no,
ashby,Sentradel,,8,,unverifiable,no,
ashby,Serval,,57,,unverifiable,no,
ashby,Shasqi,,0,,unverifiable,no,
ashby,ShortStory,,19,,unverifiable,no,
ashby,SigNoz,,16,,unverifiable,no,
ashby,Skydropx,,42,,unverifiable,no,
ashby,SlingshotAI,,3,,unverifiable,no,
ashby,Solvd,,23,,unverifiable,no,
ashby,Stand,,1,,unverifiable,no,
ashby,StandInsurance,,9,,unverifiable,no,
ashby,StandardBots,,37,,unverifiable,no,
ashby,Straia,,2,,unverifiable,no,
ashby,Sunday-GmbH,,2,,unverifiable,no,
ashby,SunnyData,,36,,unverifiable,no,
ashby,Tabs,,26,,unverifiable,no,
ashby,Taxo,,3,,unverifiable,no,
ashby,Tembo-Health,,5,,unverifiable,no,
ashby,Terranova,,11,,unverifiable,no,
ashby,The-Learning-Spectrum,,6,,unverifiable,no,
ashby,The-Pinnacle-School,,3,,unverifiable,no,
ashby,The-Spire-School,,1,,unverifiable,no,
ashby,Thrive-Alliance-Group,,0,,unverifiable,no,
ashby,Toku,,21,,unverifiable,no,
ashby,TonicAI,,1,,unverifiable,no,
ashby,Transfr,,7,,unverifiable,no,
ashby,Tremendous,,26,,unverifiable,no,
ashby,TwoStepTx,,1,,unverifiable,no,
ashby,Unlearn,,7,,unverifiable,no,
ashby,Unwrap,,6,,unverifiable,no,
ashby,VREY,,34,,unverifiable,no,
ashby,Vic.ai,,7,,unverifiable,no,
ashby,Viz.ai,,15,,unverifiable,no,
ashby,Vogel,,24,,unverifiable,no,
ashby,Vori,,11,,unverifiable,no,
ashby,WA.Technology,,0,,unverifiable,no,
ashby,Winona,,5,,unverifiable,no,
ashby,Wisdom-AI,,19,,unverifiable,no,
ashby,Zania,,9,,unverifiable,no,
ashby,Zello,,7,,unverifiable,no,
ashby,a-place-for-mom,,39,,unverifiable,no,
ashby,a-team,,2,,unverifiable,no,
ashby,a16z-new-media,,14,,unverifiable,no,
ashby,abacum,,12,,unverifiable,no,
ashby,abound,,17,,unverifiable,no,
ashby,abridge,,50,,unverifiable,no,
ashby,absci,Absci,7,,unverifiable,no,
ashby,absentia-labs,,4,,unverifiable,no,
ashby,absorblms,,33,,unverifiable,no,
ashby,abundant,,9,,unverifiable,no,
ashby,access,Access Destination Services,21,,unverifiable,no,
ashby,accurx,,20,,unverifiable,no,
ashby,ace-1-media,,3,,unverifiable,no,
ashby,aceve,,19,,unverifiable,no,
ashby,achilleshr,,2,,unverifiable,no,
ashby,achira,,7,,unverifiable,no,
ashby,acorns,,9,,unverifiable,no,
ashby,acquisition,,12,,unverifiable,no,
ashby,activesite,,1,,unverifiable,no,
ashby,adaption,,7,,unverifiable,no,
ashby,adaptive,Adaptive Biotechnologies,11,,unverifiable,no,
ashby,adaptive-innovations,,8,,unverifiable,no,
ashby,adaptivesecurity,,10,,unverifiable,no,
ashby,adaptyv,,31,,unverifiable,no,
ashby,addi,,32,,unverifiable,no,
ashby,additiveai,,2,,unverifiable,no,
ashby,aditude,,3,,unverifiable,no,
ashby,adjoe,,48,,unverifiable,no,
ashby,adonis,,10,,unverifiable,no,
ashby,adthena,,8,,unverifiable,no,
ashby,aegis-ai,,28,,unverifiable,no,
ashby,aescape,,10,,unverifiable,no,
ashby,afterquery,,38,,unverifiable,no,
ashby,agavegames,,4,,unverifiable,no,
ashby,agent,,21,,unverifiable,no,
ashby,agentio,,21,,unverifiable,no,
ashby,agi-inc,,6,,unverifiable,no,
ashby,agreena,,0,,unreachable,no,HTTP 404
ashby,aida,,3,,unverifiable,no,
ashby,aidkit,,2,,unverifiable,no,
ashby,aim,AIM,22,,unverifiable,no,
ashby,aios,AIOS  (YC W20/S21),14,,unverifiable,no,
ashby,airbyte,Airbyte,12,,unverifiable,no,
ashby,airgarage,,14,,unverifiable,no,
ashby,airops,,20,,unverifiable,no,
ashby,airspace-intelligence.com,,29,,unverifiable,no,
ashby,airspeed,,1,,unverifiable,no,
ashby,airtasker,,1,,unverifiable,no,
ashby,airwallex,Airwallex,549,,unverifiable,no,
ashby,aisle,,8,,unverifiable,no,
ashby,aiwyn,,10,,unverifiable,no,
ashby,aka,,4,,unverifiable,no,
ashby,akasa,,12,,unverifiable,no,
ashby,alan,Alan,118,,unverifiable,no,
ashby,alaro,,2,,unverifiable,no,
ashby,alcazar-energy,,21,,unverifiable,no,
ashby,alchemy,,20,,unverifiable,no,
ashby,alembic,,13,,unverifiable,no,
ashby,aleph,,13,,unverifiable,no,
ashby,alexai,,3,,unverifiable,no,
ashby,allarahealth,Allara,213,,unverifiable,no,
ashby,allica-bank,,31,,unverifiable,no,
ashby,allium,,12,,unverifiable,no,
ashby,alljoined,,6,,unverifiable,no,
ashby,allminds,,0,,unverifiable,no,
ashby,alloyenterprises,,5,,unverifiable,no,
ashby,alloyriver,,3,,unverifiable,no,
ashby,allspice,,6,,unverifiable,no,
ashby,almedia,,36,,unverifiable,no,
ashby,alpenlabs,,5,,unverifiable,no,
ashby,alpha-design-ai-inc,,16,,unverifiable,no,
ashby,alphalifesci,,8,,unverifiable,no,
ashby,alpic,,8,,unverifiable,no,
ashby,alta-ares,,30,,unverifiable,no,
ashby,alternativepayments,,14,,unverifiable,no,
ashby,altimate,,5,,unverifiable,no,
ashby,altruistiq,,1,,unverifiable,no,
ashby,altura,Altura,3,,unverifiable,no,
ashby,amari,,3,,unverifiable,no,
ashby,amber,amber,19,,unverifiable,no,
ashby,ambiencehealthcare,,19,,unverifiable,no,
ashby,ambient.ai,,24,,unverifiable,no,
ashby,amboss,,24,,unverifiable,no,
ashby,ambrook,,13,,unverifiable,no,
ashby,ameba,,2,,unverifiable,no,
ashby,american-housing,,11,,unverifiable,no,
ashby,ami,,7,,unverifiable,no,
ashby,amo,,33,,unverifiable,no,
ashby,amplify,Amplify,27,,unverifiable,no,
ashby,amplitude,Amplitude,36,,unverifiable,no,
ashby,amplo,,2,,unverifiable,no,
ashby,anam,,0,,unverifiable,no,
ashby,anara,,0,,unverifiable,no,
ashby,andela,,15,,unverifiable,no,
ashby,ando,,6,,unverifiable,no,
ashby,andotechnologies,,2,,unverifiable,no,
ashby,andromeda,Andromeda Cluster,16,,unverifiable,no,
ashby,anglehealth,,1,,unverifiable,no,
ashby,ankar,,12,,unverifiable,no,
ashby,annaautismcare,,19,,unverifiable,no,
ashby,anrok,,18,,unverifiable,no,
ashby,answersnow,,3,,unverifiable,no,
ashby,antares,Antares,84,,unverifiable,no,
ashby,anterior,,5,,unverifiable,no,
ashby,antimetal,,9,,unverifiable,no,
ashby,antithesis,,24,,unverifiable,no,
ashby,anuvaya,,7,,unverifiable,no,
ashby,anyone-ai,Anyone AI,193,,unverifiable,no,
ashby,anyscale,Anyscale,21,,unverifiable,no,
ashby,anysignal,,22,,unverifiable,no,
ashby,anything,,4,,unverifiable,no,
ashby,anyvan,,16,,unverifiable,no,
ashby,apella,,1,,unverifiable,no,
ashby,apex-technology-inc,"Apex Technology, Inc.",135,,unverifiable,no,
ashby,apify,,11,,unverifiable,no,
ashby,apolink,,4,,unverifiable,no,
ashby,apollo-graphql,,6,,unverifiable,no,
ashby,applied,Applied Intuition,315,,unverifiable,no,
ashby,appliedlabs,,3,,unverifiable,no,
ashby,applike-group,,8,,unverifiable,no,
ashby,april,,14,,unverifiable,no,
ashby,apron,,1,,unverifiable,no,
ashby,aquarianlp,,6,,unverifiable,no,
ashby,aquark,,2,,unverifiable,no,
ashby,arago,,17,,unverifiable,no,
ashby,arb-interactive,,5,,unverifiable,no,
ashby,arbiter-ai,,1,,unverifiable,no,
ashby,arbor,Arbor,1,,unverifiable,no,
ashby,arca,,9,,unverifiable,no,
ashby,arcade,,4,,unverifiable,no,
ashby,arcadeai,,5,,unverifiable,no,
ashby,arch,Arch,6,,unverifiable,no,
ashby,arch.co,,12,,unverifiable,no,
ashby,arcturus,Arcturus,9,,unverifiable,no,
ashby,arena,"Arena Intelligence, Inc.",19,,unverifiable,no,
ashby,arenanet,,4,,unverifiable,no,
ashby,argon-ai,,3,,unverifiable,no,
ashby,arketa,,8,,unverifiable,no,
ashby,arlo,Arlo,12,,unverifiable,no,
ashby,aro.homes,,9,,unverifiable,no,
ashby,arq,,29,,unverifiable,no,
ashby,array-behavioral-care,,22,,unverifiable,no,
ashby,arrive,Arrive,74,,unverifiable,no,
ashby,artafinance,,8,,unverifiable,no,
ashby,artemis,Artemis,20,,unverifiable,no,
ashby,artemisanalytics,,0,,unreachable,no,HTTP 404
ashby,arthur,Arthur Robotics,1,,unverifiable,no,
ashby,arthur-ai,,2,,unverifiable,no,
ashby,articul8,,20,,unverifiable,no,
ashby,artisan,Artisan,4,,unverifiable,no,
ashby,artosai,,6,,unverifiable,no,
ashby,artsy,,5,,unverifiable,no,
ashby,asari.ai,,3,,unverifiable,no,
ashby,ashby,Ashby,62,,unverifiable,no,
ashby,ashgro,,1,,unverifiable,no,
ashby,aspora,,6,,unverifiable,no,
ashby,assemble,,1,,unverifiable,no,
ashby,assembledhq,,16,,unverifiable,no,
ashby,assembly,,4,,unverifiable,no,
ashby,assorthealth,,27,,unverifiable,no,
ashby,assured,ASSURED GUARANTY,41,,unverifiable,no,
ashby,astera,Astera Labs,42,,unverifiable,no,
ashby,asteriai,,5,,unverifiable,no,
ashby,astra,Astra,11,,unverifiable,no,
ashby,astro-mechanica,,38,,unverifiable,no,
ashby,astronomer,Astronomer,24,,unverifiable,no,
ashby,asula,,3,,unverifiable,no,
ashby,asymmetric.re,,2,,unverifiable,no,
ashby,ataraxis-ai,,12,,unverifiable,no,
ashby,athena-hq,,4,,unverifiable,no,
ashby,atira,,11,,unverifiable,no,
ashby,atlan,,6,,unverifiable,no,
ashby,atlas,Atlas,7,,unverifiable,no,
ashby,atlasonc,,12,,unverifiable,no,
ashby,atob,,9,,unverifiable,no,
ashby,atomic,Atomic,10,,unverifiable,no,
ashby,atomic-financial,,3,,unverifiable,no,
ashby,atomic-invest,,6,,unverifiable,no,
ashby,atrato,,5,,unverifiable,no,
ashby,atrix,,1,,unverifiable,no,
ashby,attention,,2,,unverifiable,no,
ashby,atticus,,16,,unverifiable,no,
ashby,attio,Attio,36,,unverifiable,no,
ashby,auctor,,12,,unverifiable,no,
ashby,audiohook,,11,,unverifiable,no,
ashby,augmodo,,5,,unverifiable,no,
ashby,august,,12,,unverifiable,no,
ashby,august-health,,6,,unverifiable,no,
ashby,aurelian,,7,,unverifiable,no,
ashby,aureliussystems,,11,,unverifiable,no,
ashby,aurorasolar,Aurora Solar,10,,unverifiable,no,
ashby,authzed,,5,,unverifiable,no,
ashby,automat,,7,,unverifiable,no,
ashby,autoscience,,4,,unverifiable,no,
ashby,ava-labs,,7,,unverifiable,no,
ashby,avelios-medical,,52,,unverifiable,no,
ashby,avid4,,1,,unverifiable,no,
ashby,avida,,3,,unverifiable,no,
ashby,avoca,,25,,unverifiable,no,
ashby,away,Away,33,,unverifiable,no,
ashby,axelera,,8,,unverifiable,no,
ashby,axiom,Axiom,3,,unverifiable,no,
ashby,axion,,13,,unverifiable,no,
ashby,axle-careers,,12,,unverifiable,no,
ashby,axle-health,,5,,unverifiable,no,
ashby,axle-mobility,,2,,unverifiable,no,
ashby,b2spin,,17,,unverifiable,no,
ashby,backflip,,3,,unverifiable,no,
ashby,backflip.ai,,1,,unverifiable,no,
ashby,backmarket,,35,,unverifiable,no,
ashby,bankjoy,,12,,unverifiable,no,
ashby,bantamcommunications,,1,,unverifiable,no,
ashby,barkbus,,14,,unverifiable,no,
ashby,barnes,Barnes &amp; Thornburg LLP,101,,unverifiable,no,
ashby,basata,,5,,unverifiable,no,
ashby,base,,0,,unreachable,no,HTTP 404
ashby,base-operations,,1,,unverifiable,no,
ashby,base-power,Base Power Company,197,,unverifiable,no,
ashby,baseten,,105,,unverifiable,no,
ashby,basiccapital,,18,,unverifiable,no,
ashby,basis-ai,,48,,unverifiable,no,
ashby,basis-research,,13,,unverifiable,no,
ashby,baton,,2,,unverifiable,no,
ashby,batoncorporation,,10,,unverifiable,no,
ashby,bayesianhealth,,12,,unverifiable,no,
ashby,beaconai,,19,,unverifiable,no,
ashby,beacons,,0,,unverifiable,no,
ashby,beaconsoftware,,48,,unverifiable,no,
ashby,beam-up,,30,,unverifiable,no,
ashby,beamery,,5,,unverifiable,no,
ashby,beamimpact,,4,,unverifiable,no,
ashby,bedrock-robotics,,43,,unverifiable,no,
ashby,bedrockocean,,5,,unverifiable,no,
ashby,believer,,3,,unverifiable,no,
ashby,belvo,,2,,unverifiable,no,
ashby,bem,,2,,unverifiable,no,
ashby,ben,,5,,unverifiable,no,
ashby,benchling,Benchling,56,,unverifiable,no,
ashby,benepass,,3,,unverifiable,no,
ashby,beparallel,,11,,unverifiable,no,
ashby,bespokelabs,,4,,unverifiable,no,
ashby,bestow,,23,,unverifiable,no,
ashby,bettercloud,,0,,unverifiable,no,
ashby,bettermoney,,6,,unverifiable,no,
ashby,betterup,,6,,unverifiable,no,
ashby,bevel,,5,,unverifiable,no,
ashby,bicara-therapeutics,Bicara Therapeutics,13,,unverifiable,no,
ashby,bifrost,,0,,unverifiable,no,
ashby,biggergames,,14,,unverifiable,no,
ashby,bild-ai,,4,,unverifiable,no,
ashby,billie,,1,,unverifiable,no,
ashby,billups,,11,,unverifiable,no,
ashby,binalyze,,2,,unverifiable,no,
ashby,binance.us,,7,,unverifiable,no,
ashby,binti,,11,,unverifiable,no,
ashby,bio,BIO,11,,unverifiable,no,
ashby,bioptimizers,,1,,unverifiable,no,
ashby,birdie,Birdie,4,,unverifiable,no,
ashby,bitvavo,,10,,unverifiable,no,
ashby,bivacor-inc,,12,,unverifiable,no,
ashby,bjakcareer,Bjak,3048,,unverifiable,no,
ashby,blackbird-labs-inc,,5,,unverifiable,no,
ashby,blackbox-strategies,,18,,unverifiable,no,
ashby,blacksemiconductor,,34,,unverifiable,no,
ashby,blacksmith,,19,,unverifiable,no,
ashby,blackstar,,4,,unverifiable,no,
ashby,bland,,19,,unverifiable,no,
ashby,blankexampleinstance,,1,,unverifiable,no,
ashby,blink,Blink Ops,0,,unverifiable,no,
ashby,bliro,,6,,unverifiable,no,
ashby,blissway,,10,,unverifiable,no,
ashby,blitzy,,27,,unverifiable,no,
ashby,blockdaemon,,2,,unverifiable,no,
ashby,blockhouse,,0,,unverifiable,no,
ashby,blockit,,6,,unverifiable,no,
ashby,blockstream,,48,,unverifiable,no,
ashby,blooming-health,,4,,unverifiable,no,
ashby,blue-energy,,21,,unverifiable,no,
ashby,blueberrypediatrics,,8,,unverifiable,no,
ashby,bluenote,,2,,unverifiable,no,
ashby,blumen,,2,,unverifiable,no,
ashby,boam,,6,,unverifiable,no,
ashby,bobyard,,38,,unverifiable,no,
ashby,bold,Bold Commerce,0,,unverifiable,no,
ashby,boldgames,,3,,unverifiable,no,
ashby,bookkeeper360,,2,,unverifiable,no,
ashby,boom,,11,,unverifiable,no,
ashby,boon,,3,,unverifiable,no,
ashby,bounce,,7,,unverifiable,no,
ashby,brainco,,34,,unverifiable,no,
ashby,brainly,,1,,unverifiable,no,
ashby,braintrust,,27,,unverifiable,no,
ashby,brale,,1,,unverifiable,no,
ashby,branchinsurance,,11,,unverifiable,no,
ashby,bratte,,3,,unverifiable,no,
ashby,bravehealth,,65,,unverifiable,no,
ashby,breaker,,2,,unverifiable,no,
ashby,breakmark,,54,,unverifiable,no,
ashby,bree,,13,,unverifiable,no,
ashby,brelle,,3,,unverifiable,no,
ashby,brellium,,9,,unverifiable,no,
ashby,brettonai,,6,,unverifiable,no,
ashby,bridgepoint-consulting,,28,,unverifiable,no,
ashby,bridger,,3,,unverifiable,no,
ashby,brightstar-ai,,1,,unverifiable,no,
ashby,brightwheel,,13,,unverifiable,no,
ashby,brigit,,15,,unverifiable,no,
ashby,brimstone,,2,,unverifiable,no,
ashby,brinc,,31,,unverifiable,no,
ashby,brisk-teaching,,1,,unverifiable,no,
ashby,brm.ai,,3,,unverifiable,no,
ashby,broccoli,,35,,unverifiable,no,
ashby,brooklyn-health,,17,,unverifiable,no,
ashby,browse.ai,,0,,unverifiable,no,
ashby,browserbase,,9,,unverifiable,no,
ashby,brunswick,Sevaro - Physician/Clinical Roles,6,,unverifiable,no,
ashby,bubble,,7,,unverifiable,no,
ashby,buena,,13,,unverifiable,no,
ashby,buffer,Buffer,1,,unverifiable,no,
ashby,builder-prime,,1,,unverifiable,no,
ashby,buildforce,,1,,unverifiable,no,
ashby,built-robotics,,7,,unverifiable,no,
ashby,bunch,,38,,unverifiable,no,
ashby,bunkerhillhealth,,5,,unverifiable,no,
ashby,bureau,,16,,unverifiable,no,
ashby,burklandassociates,,4,,unverifiable,no,
ashby,buspatrol,,12,,unverifiable,no,
ashby,butterflymx,,23,,unverifiable,no,
ashby,bynder,,20,,unverifiable,no,
ashby,c1,C1,10,,unverifiable,no,
ashby,callosum,,12,,unverifiable,no,
ashby,camber,Camber,15,,unverifiable,no,
ashby,cambio,,7,,unverifiable,no,
ashby,cambium,Cambium Networks,4,,unverifiable,no,
ashby,campfire,,50,,unverifiable,no,
ashby,campus,,19,,unverifiable,no,
ashby,camunda,,40,,unverifiable,no,
ashby,canals,,30,,unverifiable,no,
ashby,candidhealth,,35,,unverifiable,no,
ashby,candidintelligence,,7,,unverifiable,no,
ashby,cantina,,18,,unverifiable,no,
ashby,canvas-medical,,4,,unverifiable,no,
ashby,capchase,,6,,unverifiable,no,
ashby,capimoney,,7,,unverifiable,no,
ashby,capsule,,9,,unverifiable,no,
ashby,cara-ai,,9,,unverifiable,no,
ashby,cardless,,28,,unverifiable,no,
ashby,careers.azx.io,,8,,unverifiable,no,
ashby,careerstrengo,,3,,unverifiable,no,
ashby,careway,,3,,unverifiable,no,
ashby,cargado,,1,,unverifiable,no,
ashby,cargo-one,,0,,unverifiable,no,
ashby,caribou,,3,,unverifiable,no,
ashby,carnot-ai,,9,,unverifiable,no,
ashby,cartesia,,31,,unverifiable,no,
ashby,caruso,,3,,unverifiable,no,
ashby,carwow,,34,,unverifiable,no,
ashby,cas,,13,,unverifiable,no,
ashby,casa,,19,,unverifiable,no,
ashby,casca,,7,,unverifiable,no,
ashby,castle,,2,,unverifiable,no,
ashby,catchafire,,2,,unverifiable,no,
ashby,category-labs,,1,,unverifiable,no,
ashby,catena,,4,,unverifiable,no,
ashby,causal,,21,,unverifiable,no,
ashby,causaly,,4,,unverifiable,no,
ashby,cbai,,5,,unverifiable,no,
ashby,cchn,,1,,unverifiable,no,
ashby,ceartas,,1,,unverifiable,no,
ashby,cedar,Cedar,3,,unverifiable,no,
ashby,centari,,9,,unverifiable,no,
ashby,centerfield,,17,,unverifiable,no,
ashby,centivo,,10,,unverifiable,no,
ashby,centreforeffectivealtruism,,2,,unverifiable,no,
ashby,cerebras,Cerebras Systems,117,,unverifiable,no,
ashby,certifyos,,14,,unverifiable,no,
ashby,chaidiscovery,,19,,unverifiable,no,
ashby,chainalysis-careers,,51,,unverifiable,no,
ashby,chakra-labs,,4,,unverifiable,no,
ashby,chambercardio,,7,,unverifiable,no,
ashby,change,Change Agents,5,,unverifiable,no,
ashby,character,,13,,unverifiable,no,
ashby,charge-robotics,,14,,unverifiable,no,
ashby,chartis,,38,,unverifiable,no,
ashby,chatbase,,5,,unverifiable,no,
ashby,chattermill,,1,,unverifiable,no,
ashby,check-technologies,,19,,unverifiable,no,
ashby,checkatrade,,18,,unverifiable,no,
ashby,checkly,,5,,unverifiable,no,
ashby,checkout.com,Checkout.com,180,,unverifiable,no,
ashby,chief,,4,,unverifiable,no,
ashby,chilipiper,,2,,unverifiable,no,
ashby,choco,,2,,unverifiable,no,
ashby,chromatic,,8,,unverifiable,no,
ashby,cinder,,9,,unverifiable,no,
ashby,circuithub,,8,,unverifiable,no,
ashby,ciroos,,8,,unverifiable,no,
ashby,citadel-ai,,2,,unverifiable,no,
ashby,civicmarketplace,,1,,unverifiable,no,
ashby,civilgrid,,7,,unverifiable,no,
ashby,claim-health,,9,,unverifiable,no,
ashby,claimsorted,,18,,unverifiable,no,
ashby,clarasight,,9,,unverifiable,no,
ashby,clarify,,2,,unverifiable,no,
ashby,clarisights,,0,,unreachable,no,HTTP 404
ashby,claritypediatrics,,15,,unverifiable,no,
ashby,clarium,,11,,unverifiable,no,
ashby,clasp-group,,7,,unverifiable,no,
ashby,classdojo,,10,,unverifiable,no,
ashby,claylabs,,58,,unverifiable,no,
ashby,clearbank,,7,,unverifiable,no,
ashby,clearco,,4,,unverifiable,no,
ashby,clearly-ai,,2,,unverifiable,no,
ashby,clickhouse,ClickHouse,195,,unverifiable,no,
ashby,clickup,ClickUp,48,,unverifiable,no,
ashby,climatiq,Climatiq,1,,unverifiable,no,
ashby,clipboard,Clipboard Health,37,,unverifiable,no,
ashby,close,,5,,unverifiable,no,
ashby,cloudtrucks,,3,,unverifiable,no,
ashby,clubhouse,,3,,unverifiable,no,
ashby,cluely,,4,,unverifiable,no,
ashby,cobot,,14,,unverifiable,no,
ashby,cocodelivery,,11,,unverifiable,no,
ashby,codat,Codat,4,,unverifiable,no,
ashby,code-metal,,33,,unverifiable,no,
ashby,coder,,27,,unverifiable,no,
ashby,coderabbit,,38,,unverifiable,no,
ashby,codesphere,,11,,unverifiable,no,
ashby,codeway,,14,,unverifiable,no,
ashby,codex,Codex,5,,unverifiable,no,
ashby,coefficientgiving,,4,,unverifiable,no,
ashby,coframe,,20,,unverifiable,no,
ashby,cogent-security,,44,,unverifiable,no,
ashby,cognition,Cognition,101,,unverifiable,no,
ashby,cohere,Cohere,137,,unverifiable,no,
ashby,cointracker,,0,,unverifiable,no,
ashby,collective,Collective,17,,unverifiable,no,
ashby,colonist,,4,,unverifiable,no,
ashby,column,Column,18,,unverifiable,no,
ashby,comfy-org,,7,,unverifiable,no,
ashby,comind,,12,,unverifiable,no,
ashby,comity,,5,,unverifiable,no,
ashby,commonroom,,0,,unreachable,no,HTTP 404
ashby,commure,,75,,unverifiable,no,
ashby,compa,,5,,unverifiable,no,
ashby,complete,,7,,unverifiable,no,
ashby,composio,,29,,unverifiable,no,
ashby,composite,,1,,unverifiable,no,
ashby,compound,,7,,unverifiable,no,
ashby,compscience,,1,,unverifiable,no,
ashby,comstruct,,12,,unverifiable,no,
ashby,comun,,4,,unverifiable,no,
ashby,concourse,,7,,unverifiable,no,
ashby,condor-software,,6,,unverifiable,no,
ashby,conduct,,20,,unverifiable,no,
ashby,conductorai,,7,,unverifiable,no,
ashby,conduit,Conduit,2,,unverifiable,no,
ashby,conduit-health,,12,,unverifiable,no,
ashby,conetic-group,,5,,unverifiable,no,
ashby,confiant,,2,,unverifiable,no,
ashby,confido,,38,,unverifiable,no,
ashby,confluent,Confluent,17,,unverifiable,no,
ashby,console,,0,,unverifiable,no,
ashby,constellation,Constellation,7,,unverifiable,no,
ashby,constellationspace,,4,,unverifiable,no,
ashby,constructor,,32,,unverifiable,no,
ashby,contentoo,,2,,unverifiable,no,
ashby,context,Context Therapeutics,4,,unverifiable,no,
ashby,contoro,,12,,unverifiable,no,
ashby,contra,,5,,unverifiable,no,
ashby,conveo,,16,,unverifiable,no,
ashby,conversion,,16,,unverifiable,no,
ashby,convex-dev,,13,,unverifiable,no,
ashby,copilot-money,,4,,unverifiable,no,
ashby,coralai,,8,,unverifiable,no,
ashby,coram-ai,,50,,unverifiable,no,
ashby,coreflow,,8,,unverifiable,no,
ashby,coreoftheheart,,10,,unverifiable,no,
ashby,corgi,,0,,unverifiable,no,
ashby,corridor,,13,,unverifiable,no,
ashby,corti,,4,,unverifiable,no,
ashby,cosine,,2,,unverifiable,no,
ashby,cosmic-robotics,,4,,unverifiable,no,
ashby,cosuno,,18,,unverifiable,no,
ashby,counsel,,13,,unverifiable,no,
ashby,coursecareers,,8,,unverifiable,no,
ashby,cow-dao,,0,,unverifiable,no,
ashby,cowboyspace,,84,,unverifiable,no,
ashby,cradlebio,,8,,unverifiable,no,
ashby,craft.co,,2,,unverifiable,no,
ashby,craftdocs,,0,,unverifiable,no,
ashby,creatify,,5,,unverifiable,no,
ashby,creatoriq,,38,,unverifiable,no,
ashby,creditgenie,,13,,unverifiable,no,
ashby,credo.ai,,4,,unverifiable,no,
ashby,creem,,5,,unverifiable,no,
ashby,crisp,Crisp,29,,unverifiable,no,
ashby,critical-energy,,6,,unverifiable,no,
ashby,criticalloop,,10,,unverifiable,no,
ashby,crosby,,18,,unverifiable,no,
ashby,crossjoin-solutions,,10,,unverifiable,no,
ashby,crusoe,Crusoe,351,,unverifiable,no,
ashby,cruxclimate,,17,,unverifiable,no,
ashby,cryptio,,2,,unverifiable,no,
ashby,ctgt,,3,,unverifiable,no,
ashby,cubesoftware,,4,,unverifiable,no,
ashby,cuesta-partners,,17,,unverifiable,no,
ashby,current-advisors,Current,94,,unverifiable,no,
ashby,cursor,,132,,unverifiable,no,
ashby,cuspai,,15,,unverifiable,no,
ashby,customuse,,1,,unverifiable,no,
ashby,cybcube,,6,,unverifiable,no,
ashby,cyber.fund,,1,,unverifiable,no,
ashby,cyberhaven,,26,,unverifiable,no,
ashby,cygnify,,57,,unverifiable,no,
ashby,cylake-inc,,15,,unverifiable,no,
ashby,cytora.com,,9,,unverifiable,no,
ashby,cyvl,,16,,unverifiable,no,
ashby,d-matrix,,33,,unverifiable,no,
ashby,dailypay,,22,,unverifiable,no,
ashby,dakota,,4,,unverifiable,no,
ashby,dandelion,,13,,unverifiable,no,
ashby,dandy,Dandy,74,,unverifiable,no,
ashby,darkroom,,29,,unverifiable,no,
ashby,darwin,,1,,unverifiable,no,
ashby,dash0,,47,,unverifiable,no,
ashby,datafold,,4,,unverifiable,no,
ashby,datasnipper,,42,,unverifiable,no,
ashby,datatonic,,23,,unverifiable,no,
ashby,datawizz,,8,,unverifiable,no,
ashby,dave,Dave,6,,unverifiable,no,
ashby,david-ai,,14,,unverifiable,no,
ashby,davidenergy,,2,,unverifiable,no,
ashby,davistechnologymanagement,,7,,unverifiable,no,
ashby,daydream,,8,,unverifiable,no,
ashby,daydreamlive,,0,,unreachable,no,HTTP 404
ashby,decagon,Decagon,148,,unverifiable,no,
ashby,decodahealth,,2,,unverifiable,no,
ashby,deductive,,0,,unreachable,no,HTTP 404
ashby,deepgram,Deepgram,95,,unverifiable,no,
ashby,deepjudge,,22,,unverifiable,no,
ashby,deepl,,18,,unverifiable,no,
ashby,deeploy,,3,,unverifiable,no,
ashby,deepsetai,,3,,unverifiable,no,
ashby,deeptune,,0,,unverifiable,no,
ashby,delfa,,2,,unverifiable,no,
ashby,delinea,Delinea,77,,unverifiable,no,
ashby,deliveroo,Deliveroo,9,,unverifiable,no,
ashby,delphi,,5,,unverifiable,no,
ashby,delplayagroup,,15,,unverifiable,no,
ashby,demandbase,Demandbase,15,,unverifiable,no,
ashby,depot,,1,,unverifiable,no,
ashby,depthfirst,,19,,unverifiable,no,
ashby,develop-health,,7,,unverifiable,no,
ashby,devsavant,,8,,unverifiable,no,
ashby,dex,,4,,unverifiable,no,
ashby,dexmate,,34,,unverifiable,no,
ashby,diagrid,,7,,unverifiable,no,
ashby,dialo,,3,,unverifiable,no,
ashby,directive,,62,,unverifiable,no,
ashby,discern,,3,,unverifiable,no,
ashby,dispatch,,8,,unverifiable,no,
ashby,displai,,4,,unverifiable,no,
ashby,distributed-spectrum,,11,,unverifiable,no,
ashby,distyl,,23,,unverifiable,no,
ashby,ditto,,9,,unverifiable,no,
ashby,dittoai,,5,,unverifiable,no,
ashby,docebo,,48,,unverifiable,no,
ashby,docker,,61,,unverifiable,no,
ashby,docplanner,,40,,unverifiable,no,
ashby,doinstruct,,7,,unverifiable,no,
ashby,doji,,4,,unverifiable,no,
ashby,doppel,,22,,unverifiable,no,
ashby,doppler,Doppler,1,,unverifiable,no,
ashby,doss,,17,,unverifiable,no,
ashby,dosu,,3,,unverifiable,no,
ashby,dotfile,,5,,unverifiable,no,
ashby,dottxt,,2,,unverifiable,no,
ashby,double-the-donation,,11,,unverifiable,no,
ashby,doublezero,,5,,unverifiable,no,
ashby,dourolabs.xyz,,4,,unverifiable,no,
ashby,dovetail,,9,,unverifiable,no,
ashby,drata,Drata,35,,unverifiable,no,
ashby,dreamthree,,7,,unverifiable,no,
ashby,drogue,,3,,unverifiable,no,
ashby,dryft,,6,,unverifiable,no,
ashby,dualentry,,76,,unverifiable,no,
ashby,duck-duck-go,,11,,unverifiable,no,
ashby,duet,,9,,unverifiable,no,
ashby,duffel,,14,,unverifiable,no,
ashby,duna,,12,,unverifiable,no,
ashby,dune,Dune,3,,unverifiable,no,
ashby,dusk,Dusk,0,,unverifiable,no,
ashby,dust,,23,,unverifiable,no,
ashby,duvo,,14,,unverifiable,no,
ashby,dyna-robotics,,24,,unverifiable,no,
ashby,e-source,,14,,unverifiable,no,
ashby,e2b,,12,,unverifiable,no,
ashby,eagle,Eagle,3,,unverifiable,no,
ashby,easygenerator,,17,,unverifiable,no,
ashby,easyllama.com,,4,,unverifiable,no,
ashby,ecosia.org,,0,,unverifiable,no,
ashby,edia,,7,,unverifiable,no,
ashby,edited,,5,,unverifiable,no,
ashby,egra,,0,,unverifiable,no,
ashby,eigen-labs,,1,,unverifiable,no,
ashby,eightsleep,,39,,unverifiable,no,
ashby,eisen,,5,,unverifiable,no,
ashby,ekarobotics,,7,,unverifiable,no,
ashby,ekho,,4,,unverifiable,no,
ashby,ekumenlabs,,4,,unverifiable,no,
ashby,electric,Electric Royalties,0,,unverifiable,no,
ashby,electricplant,,5,,unverifiable,no,
ashby,element451,,8,,unverifiable,no,
ashby,element84,,4,,unverifiable,no,
ashby,eleos,,1,,unverifiable,no,
ashby,elevenlabs,ElevenLabs,171,,unverifiable,no,
ashby,eli,Eli Health,5,,unverifiable,no,
ashby,elicit,,10,,unverifiable,no,
ashby,eliseai,EliseAI,123,,unverifiable,no,
ashby,eliza,,7,,unverifiable,no,
ashby,ellamind,,0,,unverifiable,no,
ashby,ellipsislabs,,13,,unverifiable,no,
ashby,elliptic,,23,,unverifiable,no,
ashby,ello,,4,,unverifiable,no,
ashby,eloquentai,,13,,unverifiable,no,
ashby,ema,,41,,unverifiable,no,
ashby,embedding-vc,,38,,unverifiable,no,
ashby,emerald-ai,,11,,unverifiable,no,
ashby,emergence,,14,,unverifiable,no,
ashby,emergence-capital-partners,,6,,unverifiable,no,
ashby,empirical,,6,,unverifiable,no,
ashby,empora,,0,,unreachable,no,HTTP 404
ashby,encord,,44,,unverifiable,no,
ashby,endex,,13,,unverifiable,no,
ashby,endgame,,4,,unverifiable,no,
ashby,endra,Endra,14,,unverifiable,no,
ashby,endurance-energy,,17,,unverifiable,no,
ashby,engflow,,10,,unverifiable,no,
ashby,enode,,5,,unverifiable,no,
ashby,enpal,Enpal,145,,unverifiable,no,
ashby,ent-security,,22,,unverifiable,no,
ashby,enter-ai,,18,,unverifiable,no,
ashby,envoy,,22,,unverifiable,no,
ashby,eon,EON,8,,unverifiable,no,
ashby,epidemic-sound,,18,,unverifiable,no,
ashby,epsilon-health,,8,,unverifiable,no,
ashby,equal-ventures,,6,,unverifiable,no,
ashby,equal1,,9,,unverifiable,no,
ashby,equi,,2,,unverifiable,no,
ashby,equip,,55,,unverifiable,no,
ashby,erp.ai,,1,,unverifiable,no,
ashby,espresso,,2,,unverifiable,no,
ashby,etched,Etched,108,,unverifiable,no,
ashby,ether.fi,,14,,unverifiable,no,
ashby,ethereum-foundation,,0,,unverifiable,no,
ashby,ethglobal,,0,,unverifiable,no,
ashby,euclid-power,,2,,unverifiable,no,
ashby,euphoric,,5,,unverifiable,no,
ashby,eventualcomputing,,5,,unverifiable,no,
ashby,everai,,21,,unverifiable,no,
ashby,everfield,,21,,unverifiable,no,
ashby,everis,,1,,unverifiable,no,
ashby,everstar,,3,,unverifiable,no,
ashby,evertune,,5,,unverifiable,no,
ashby,evervault,Evervault,5,,unverifiable,no,
ashby,exa,,57,,unverifiable,no,
ashby,excelerate,Excelerate,5,,unverifiable,no,
ashby,expa,,15,,unverifiable,no,
ashby,expressable,,19,,unverifiable,no,
ashby,extend,Extend,8,,unverifiable,no,
ashby,extropic,,10,,unverifiable,no,
ashby,eye-security,,29,,unverifiable,no,
ashby,eyebot,,4,,unverifiable,no,
ashby,f2-ai,,9,,unverifiable,no,
ashby,fable,Fable Security,8,,unverifiable,no,
ashby,faction,,2,,unverifiable,no,
ashby,factory,,52,,unverifiable,no,
ashby,faculty,,77,,unverifiable,no,
ashby,fal-ai,,38,,unverifiable,no,
ashby,falconer,,3,,unverifiable,no,
ashby,fanvue.com,,10,,unverifiable,no,
ashby,far.ai,,16,,unverifiable,no,
ashby,faros-ai,,12,,unverifiable,no,
ashby,fathom.video,,4,,unverifiable,no,
ashby,favorited,,12,,unverifiable,no,
ashby,featherlessai,,17,,unverifiable,no,
ashby,feathery,,19,,unverifiable,no,
ashby,feathr,,6,,unverifiable,no,
ashby,feedbackfruits,,2,,unverifiable,no,
ashby,feldera,,0,,unverifiable,no,
ashby,felix,,41,,unverifiable,no,
ashby,fence-masters-inc,,1,,unverifiable,no,
ashby,ferryhealth,,2,,unverifiable,no,
ashby,fetch-pet-health,,7,,unverifiable,no,
ashby,fiddler-ai,,5,,unverifiable,no,
ashby,fieldguide,,46,,unverifiable,no,
ashby,filigran,,16,,unverifiable,no,
ashby,filmhub,,2,,unverifiable,no,
ashby,fin,,8,,unverifiable,no,
ashby,finary,,6,,unverifiable,no,
ashby,fincentify,,2,,unverifiable,no,
ashby,finch,Finch,3,,unverifiable,no,
ashby,finch-legal,,6,,unverifiable,no,
ashby,findanomaly,,0,,unverifiable,no,
ashby,findarbor,,1,,unverifiable,no,
ashby,finni-health,Finni Health,144,,unverifiable,no,
ashby,finout,,15,,unverifiable,no,
ashby,finto,,7,,unverifiable,no,
ashby,finvest,,0,,unreachable,no,HTTP 404
ashby,fira-health,Adaptive Home Health,236,,unverifiable,no,
ashby,firecrawl,,33,,unverifiable,no,
ashby,firetiger,,4,,unverifiable,no,
ashby,first-resonance,,14,,unverifiable,no,
ashby,firsthand,Firsthand Technology Value,2,,unverifiable,no,
ashby,firststreet,,4,,unverifiable,no,
ashby,fitt,,10,,unverifiable,no,
ashby,fizz,,7,,unverifiable,no,
ashby,flaglerhealth,,18,,unverifiable,no,
ashby,flagright.com,,12,,unverifiable,no,
ashby,flagstone,,12,,unverifiable,no,
ashby,flai,,5,,unverifiable,no,
ashby,flashpoint.io,,4,,unverifiable,no,
ashby,fleetcraft,,2,,unverifiable,no,
ashby,fleetpulse,,3,,unverifiable,no,
ashby,flink,,5,,unverifiable,no,
ashby,flint,Flint,6,,unverifiable,no,
ashby,flipper,,7,,unverifiable,no,
ashby,flipturn,,3,,unverifiable,no,
ashby,flock,,9,,unverifiable,no,
ashby,flosports,,22,,unverifiable,no,
ashby,flowengineering,,27,,unverifiable,no,
ashby,flox,,3,,unverifiable,no,
ashby,fluency,,2,,unverifiable,no,
ashby,fluidstack,Fluidstack,255,,unverifiable,no,
ashby,flux,Flux,9,,unverifiable,no,
ashby,fnatic,,1,,unverifiable,no,
ashby,focal,,2,,unverifiable,no,
ashby,focus,Focus,5,,unverifiable,no,
ashby,foley,,9,,unverifiable,no,
ashby,fomo-labs,,8,,unverifiable,no,
ashby,fonio,,74,,unverifiable,no,
ashby,fonoa,,20,,unverifiable,no,
ashby,foresight,Foresight Data,0,,unverifiable,no,
ashby,forma,,4,,unverifiable,no,
ashby,formenergy,Form Energy,203,,unverifiable,no,
ashby,formula,Formula,1,,unverifiable,no,
ashby,fortreum,,6,,unverifiable,no,
ashby,forum-ventures,,19,,unverifiable,no,
ashby,forus,,53,,unverifiable,no,
ashby,found,,5,,unverifiable,no,
ashby,foundation,,4,,unverifiable,no,
ashby,foundationhealthcareers,,14,,unverifiable,no,
ashby,foundry-for-good,,27,,unverifiable,no,
ashby,foundry-robotics,,25,,unverifiable,no,
ashby,foxelligroup,,11,,unverifiable,no,
ashby,foxglove,,1,,unverifiable,no,
ashby,freda,,5,,unverifiable,no,
ashby,freed,,3,,unverifiable,no,
ashby,friendliai,,19,,unverifiable,no,
ashby,frontcareers,,8,,unverifiable,no,
ashby,ftmo,,25,,unverifiable,no,
ashby,fuel-cycle,,15,,unverifiable,no,
ashby,fulcrum,Fulcrum,11,,unverifiable,no,
ashby,fulcrum-inc,,3,,unverifiable,no,
ashby,fullstory,Fullstory,8,,unverifiable,no,
ashby,fundamental,,19,,unverifiable,no,
ashby,fundingcircle,,18,,unverifiable,no,
ashby,furiosa-ai,,0,,unreachable,no,HTTP 404
ashby,furo,,5,,unverifiable,no,
ashby,further,,2,,unverifiable,no,
ashby,furtherai,,11,,unverifiable,no,
ashby,fuse,Fuse,37,,unverifiable,no,
ashby,futurefitai,,6,,unverifiable,no,
ashby,fyxer,,12,,unverifiable,no,
ashby,g2,,49,,unverifiable,no,
ashby,g2i,,23,,unverifiable,no,
ashby,gaiafamily,,6,,unverifiable,no,
ashby,gainsight,,17,,unverifiable,no,
ashby,gallatin,,22,,unverifiable,no,
ashby,galvany,,21,,unverifiable,no,
ashby,gamechanger,,10,,unverifiable,no,
ashby,gamma,Gamma,25,,unverifiable,no,
ashby,gamut,,0,,unreachable,no,HTTP 404
ashby,garage,,14,,unverifiable,no,
ashby,gc-ai,,26,,unverifiable,no,
ashby,gearset,,13,,unverifiable,no,
ashby,gecko-robotics,,23,,unverifiable,no,
ashby,gen-digital,Gen Digital Inc.,119,,unverifiable,no,
ashby,general-medicine,,15,,unverifiable,no,
ashby,generalintelligencecompany,,5,,unverifiable,no,
ashby,generalist,,23,,unverifiable,no,
ashby,generalrobotics,,13,,unverifiable,no,
ashby,generaltranslation,,1,,unverifiable,no,
ashby,generate,Generate Biomedicines,19,,unverifiable,no,
ashby,genesis,GENESIS ENERGY,72,,unverifiable,no,
ashby,genies,,1,,unverifiable,no,
ashby,genmo,,5,,unverifiable,no,
ashby,genomics,,13,,unverifiable,no,
ashby,getground,,9,,unverifiable,no,
ashby,getscope,,3,,unverifiable,no,
ashby,getting-attention,,3,,unverifiable,no,
ashby,ghost,Ghost,1,,unverifiable,no,
ashby,gigaml,,32,,unverifiable,no,
ashby,gigaton,,3,,unverifiable,no,
ashby,gimlet,,14,,unverifiable,no,
ashby,givebutter,,9,,unverifiable,no,
ashby,glacier,Glacier,5,,unverifiable,no,
ashby,glacis-ai,,2,,unverifiable,no,
ashby,glia,,22,,unverifiable,no,
ashby,glide,Glide,11,,unverifiable,no,
ashby,glimp-se,,2,,unverifiable,no,
ashby,glimpse,Glimpse,9,,unverifiable,no,
ashby,glinttglobal,,22,,unverifiable,no,
ashby,glomo,,8,,unverifiable,no,
ashby,glow,Glow,16,,unverifiable,no,
ashby,glow25,,6,,unverifiable,no,
ashby,go-nimbly,,3,,unverifiable,no,
ashby,goanagram,,1,,unverifiable,no,
ashby,going,,1,,unverifiable,no,
ashby,goldsky,,0,,unverifiable,no,
ashby,goodie-ai,,5,,unverifiable,no,
ashby,goodparty,,2,,unverifiable,no,
ashby,goodship,,0,,unreachable,no,HTTP 404
ashby,goodstack,,10,,unverifiable,no,
ashby,goody,,4,,unverifiable,no,
ashby,gorgias,,16,,unverifiable,no,
ashby,gorilla,,4,,unverifiable,no,
ashby,govdash,,3,,unverifiable,no,
ashby,goventi,,35,,unverifiable,no,
ashby,govworx,,6,,unverifiable,no,
ashby,grabagun,,8,,unverifiable,no,
ashby,gradient,,5,,unverifiable,no,
ashby,gradient-labs,,7,,unverifiable,no,
ashby,gradientrobotics,,8,,unverifiable,no,
ashby,grai,,6,,unverifiable,no,
ashby,grand,Grand Canyon Education,0,,unreachable,no,HTTP 404
ashby,granica,,11,,unverifiable,no,
ashby,granola,,19,,unverifiable,no,
ashby,granted,,7,,unverifiable,no,
ashby,granular-energy.com,,2,,unverifiable,no,
ashby,grapevine,,2,,unverifiable,no,
ashby,graphite,,7,,unverifiable,no,
ashby,graphitehq,,7,,unverifiable,no,
ashby,gratia,,6,,unverifiable,no,
ashby,gravie,,33,,unverifiable,no,
ashby,gravity,Gravity,1,,unverifiable,no,
ashby,gravityclimate,,5,,unverifiable,no,
ashby,graymatter-robotics,,16,,unverifiable,no,
ashby,greatquestion,,0,,unverifiable,no,
ashby,greenlight-workforce-solutions,,21,,unverifiable,no,
ashby,greenlitecareers,,8,,unverifiable,no,
ashby,gridcare,,7,,unverifiable,no,
ashby,gridunity,,9,,unverifiable,no,
ashby,gridverify,,5,,unverifiable,no,
ashby,griffin,,6,,unverifiable,no,
ashby,gritt,,22,,unverifiable,no,
ashby,grotto,,3,,unverifiable,no,
ashby,groundnews,,3,,unverifiable,no,
ashby,grow-therapy,,30,,unverifiable,no,
ashby,growthprotocol,,10,,unverifiable,no,
ashby,gt-hq,,5,,unverifiable,no,
ashby,guidelabs.ai,,1,,unverifiable,no,
ashby,guild,,1,,unverifiable,no,
ashby,gumloop,,11,,unverifiable,no,
ashby,h2analytics,,4,,unverifiable,no,
ashby,h3x-technologies,,10,,unverifiable,no,
ashby,haast,,8,,unverifiable,no,
ashby,hackerone,,14,,unverifiable,no,
ashby,hadrian-automation,Hadrian Automation,143,,unverifiable,no,
ashby,halliday,,2,,unverifiable,no,
ashby,halobraid,,5,,unverifiable,no,
ashby,halter,Halter,257,,unverifiable,no,
ashby,hamilton-ai,,1,,unverifiable,no,
ashby,hamster,,4,,unverifiable,no,
ashby,handshake,Handshake,77,,unverifiable,no,
ashby,handspring,,11,,unverifiable,no,
ashby,hang,Hang,6,,unverifiable,no,
ashby,hanover-park,,11,,unverifiable,no,
ashby,happl,,5,,unverifiable,no,
ashby,happyrobot.ai,,76,,unverifiable,no,
ashby,happyscribe.com,,1,,unverifiable,no,
ashby,harmattan-ai,Harmattan AI,168,,unverifiable,no,
ashby,harmonic,Harmonic,9,,unverifiable,no,
ashby,harmonic-security-inc,,12,,unverifiable,no,
ashby,harmony,Harmony,13,,unverifiable,no,
ashby,harperinsure,,35,,unverifiable,no,
ashby,harvey,Harvey,326,,unverifiable,no,
ashby,havocai,,25,,unverifiable,no,
ashby,hawk,,18,,unverifiable,no,
ashby,hawkeyeinnovations,,27,,unverifiable,no,
ashby,haydenai,,14,,unverifiable,no,
ashby,haystacknews,,19,,unverifiable,no,
ashby,hcompany,,24,,unverifiable,no,
ashby,healthaxis,,1,,unverifiable,no,
ashby,healthleap,,7,,unverifiable,no,
ashby,hebbia-ai,,20,,unverifiable,no,
ashby,hedra,,8,,unverifiable,no,
ashby,heidihealth.com.au,Heidi,79,,unverifiable,no,
ashby,heirloomcarbon,,2,,unverifiable,no,
ashby,helion,Helion,69,,unverifiable,no,
ashby,helius,,6,,unverifiable,no,
ashby,heliux,,12,,unverifiable,no,
ashby,hellobrightline,,7,,unverifiable,no,
ashby,hellopatient,,17,,unverifiable,no,
ashby,hellyeah,,10,,unverifiable,no,
ashby,helpscout,,7,,unverifiable,no,
ashby,hercules,Hercules,24,,unverifiable,no,
ashby,heron-power,,38,,unverifiable,no,
ashby,herondata,,6,,unverifiable,no,
ashby,hex,Hex,36,,unverifiable,no,
ashby,heymilo,,0,,unverifiable,no,
ashby,higgsfieldai,,81,,unverifiable,no,
ashby,higharc,,17,,unverifiable,no,
ashby,highbeam,,8,,unverifiable,no,
ashby,highlightai,,7,,unverifiable,no,
ashby,highlightta,,21,,unverifiable,no,
ashby,hightouch,Hightouch,1,,unverifiable,no,
ashby,hiive,,16,,unverifiable,no,
ashby,hike-medical,,16,,unverifiable,no,
ashby,hilberts,,14,,unverifiable,no,
ashby,hims-and-hers,Hims &amp; Hers,142,,unverifiable,no,
ashby,hinge-health,Hinge Health,83,,unverifiable,no,
ashby,hinoki,,2,,unverifiable,no,
ashby,hirehangar,Hire Hangar,114,,unverifiable,no,
ashby,hirehire,,5,,unverifiable,no,
ashby,hiring-cafe,,8,,unverifiable,no,
ashby,hive.co,,2,,unverifiable,no,
ashby,hived,,17,,unverifiable,no,
ashby,hivehealth,,17,,unverifiable,no,
ashby,hivemq,,1,,unverifiable,no,
ashby,hiverge,,4,,unverifiable,no,
ashby,hiya,,18,,unverifiable,no,
ashby,hockeystack,,1,,unverifiable,no,
ashby,holywater,,15,,unverifiable,no,
ashby,homebase,,24,,unverifiable,no,
ashby,homebound,,15,,unverifiable,no,
ashby,homevision,,6,,unverifiable,no,
ashby,honeybook,,8,,unverifiable,no,
ashby,honeydew,,6,,unverifiable,no,
ashby,hook,,4,,unverifiable,no,
ashby,hopae,,9,,unverifiable,no,
ashby,hopper,,19,,unverifiable,no,
ashby,horizon3ai,Horizon3,110,,unverifiable,no,
ashby,hostinger,,71,,unverifiable,no,
ashby,hotplate,,3,,unverifiable,no,
ashby,hoxhunt,Hoxhunt,22,,unverifiable,no,
ashby,httpie,,5,,unverifiable,no,
ashby,hud,,30,,unverifiable,no,
ashby,hudson-pacific-properties,Hudson Pacific Properties,7,,unverifiable,no,
ashby,hudu,,2,,unverifiable,no,
ashby,hum-ai,,2,,unverifiable,no,
ashby,humaans,,12,,unverifiable,no,
ashby,human-computer-lab,,12,,unverifiable,no,
ashby,humanarchive,,21,,unverifiable,no,
ashby,humans-and,,2,,unverifiable,no,
ashby,humatahealth,,3,,unverifiable,no,
ashby,hyde,,6,,unverifiable,no,
ashby,hyperbolic,,15,,unverifiable,no,
ashby,hypercubic,,2,,unverifiable,no,
ashby,hyperexponential,,31,,unverifiable,no,
ashby,hyperscale,Hyperscale,3,,unverifiable,no,
ashby,hypha,Hypha,7,,unverifiable,no,
ashby,i3d,,6,,unverifiable,no,
ashby,i6,,0,,unverifiable,no,
ashby,iambic-therapeutics,,32,,unverifiable,no,
ashby,ibotta,,45,,unverifiable,no,
ashby,iceye,ICEYE,183,,unverifiable,no,
ashby,icon,Icon Energy,6,,unverifiable,no,
ashby,iddqd,,3,,unverifiable,no,
ashby,ideals,,51,,unverifiable,no,
ashby,ideogram,,2,,unverifiable,no,
ashby,ignite-reading,,7,,unverifiable,no,
ashby,illumio,,65,,unverifiable,no,
ashby,imagineart,,28,,unverifiable,no,
ashby,immersivelabs,,10,,unverifiable,no,
ashby,imprint,,21,,unverifiable,no,
ashby,improbable,,4,,unverifiable,no,
ashby,impulse,,2,,unverifiable,no,
ashby,imubiosciences,,1,,unverifiable,no,
ashby,inato,,7,,unverifiable,no,
ashby,inbeat-agency,,23,,unverifiable,no,
ashby,incandescent,,2,,unverifiable,no,
ashby,incard,,14,,unverifiable,no,
ashby,incident,,33,,unverifiable,no,
ashby,industrious,,62,,unverifiable,no,
ashby,inertia,,7,,unverifiable,no,
ashby,inferact,,32,,unverifiable,no,
ashby,infinite-machine,,2,,unverifiable,no,
ashby,infinitefield,,2,,unverifiable,no,
ashby,infinitus,,7,,unverifiable,no,
ashby,infinity-constellation,,20,,unverifiable,no,
ashby,infisical,Infisical,11,,unverifiable,no,
ashby,inflectionio,,1,,unverifiable,no,
ashby,influxdata,,5,,unverifiable,no,
ashby,injective,,12,,unverifiable,no,
ashby,injective-labs,,7,,unverifiable,no,
ashby,innatera,,8,,unverifiable,no,
ashby,inspectiv,,1,,unverifiable,no,
ashby,inspiration-commerce-group,,0,,unreachable,no,HTTP 404
ashby,instructure,,41,,unverifiable,no,
ashby,intangible.ai,,4,,unverifiable,no,
ashby,interface,Interface,3,,unverifiable,no,
ashby,interface-ai,,26,,unverifiable,no,
ashby,interplay,,18,,unverifiable,no,
ashby,interrahealth,,11,,unverifiable,no,
ashby,intology,,2,,unverifiable,no,
ashby,intrinsic-safety,,10,,unverifiable,no,
ashby,intro,,9,,unverifiable,no,
ashby,intus,,4,,unverifiable,no,
ashby,invert,,6,,unverifiable,no,
ashby,inworld-ai,,20,,unverifiable,no,
ashby,ironcladhq,,32,,unverifiable,no,
ashby,isometric,,4,,unverifiable,no,
ashby,iterable,Iterable,13,,unverifiable,no,
ashby,iverify,,4,,unverifiable,no,
ashby,ivo-inc,,39,,unverifiable,no,
ashby,iwoca.co.uk,,61,,unverifiable,no,
ashby,jack-jill-external-ats,,9,,unverifiable,no,
ashby,jampack-ai,,6,,unverifiable,no,
ashby,jane,,24,,unverifiable,no,
ashby,january,,14,,unverifiable,no,
ashby,jbs-dev,,5,,unverifiable,no,
ashby,jellyfish,,6,,unverifiable,no,
ashby,jellyfishcareers,,34,,unverifiable,no,
ashby,jerry.ai,,43,,unverifiable,no,
ashby,jitter-video,,1,,unverifiable,no,
ashby,jobber,Jobber,43,,unverifiable,no,
ashby,jobs-page-4dc2685b-eb82-46d1-a3f9-1f0764dba814,,21,,unverifiable,no,
ashby,jobs-valence,,17,,unverifiable,no,
ashby,join9am,,15,,unverifiable,no,
ashby,joinbetter,,4,,unverifiable,no,
ashby,joinpogo,,8,,unverifiable,no,
ashby,joko,,49,,unverifiable,no,
ashby,joor,,1,,unverifiable,no,
ashby,joyfulhealth,,12,,unverifiable,no,
ashby,joyteractive,,5,,unverifiable,no,
ashby,judgmentlabs,,5,,unverifiable,no,
ashby,juicebox,Juicebox,25,,unverifiable,no,
ashby,julius,,4,,unverifiable,no,
ashby,jump,,4,,unverifiable,no,
ashby,jump-app,,9,,unverifiable,no,
ashby,junction,,12,,unverifiable,no,
ashby,junior,,12,,unverifiable,no,
ashby,junipersquare,,38,,unverifiable,no,
ashby,jupus,,4,,unverifiable,no,
ashby,juro,Juro,2,,unverifiable,no,
ashby,justplay-gmbh,,6,,unverifiable,no,
ashby,justtrack,,1,,unverifiable,no,
ashby,k-id,,10,,unverifiable,no,
ashby,kairos-project,,12,,unverifiable,no,
ashby,kaizenlabs,,21,,unverifiable,no,
ashby,kale,,3,,unverifiable,no,
ashby,kalibri-labs,,2,,unverifiable,no,
ashby,kalshi,,46,,unverifiable,no,
ashby,kayak,,34,,unverifiable,no,
ashby,kelluu,,1,,unverifiable,no,
ashby,kernel,Kernel,11,,unverifiable,no,
ashby,kestra,Kestra Technologies,11,,unverifiable,no,
ashby,keycard-labs,,6,,unverifiable,no,
ashby,keyrock,,10,,unverifiable,no,
ashby,kiddom,,9,,unverifiable,no,
ashby,kin,,24,,unverifiable,no,
ashby,kindred,,7,,unverifiable,no,
ashby,kinetic,Kinetic,2,,unverifiable,no,
ashby,kineticsystems,,6,,unverifiable,no,
ashby,kingdom,,2,,unverifiable,no,
ashby,kins,,28,,unverifiable,no,
ashby,kira,Kira,12,,unverifiable,no,
ashby,kissmyapps,,21,,unverifiable,no,
ashby,kit,,7,,unverifiable,no,
ashby,kled-ai,,4,,unverifiable,no,
ashby,klim,,11,,unverifiable,no,
ashby,klue,,10,,unverifiable,no,
ashby,knock,,3,,unverifiable,no,
ashby,knoetic,,3,,unverifiable,no,
ashby,knot,Knot,11,,unverifiable,no,
ashby,knownwell,,10,,unverifiable,no,
ashby,knox-systems,,12,,unverifiable,no,
ashby,koahlabs,,9,,unverifiable,no,
ashby,kodex,,8,,unverifiable,no,
ashby,kog,,2,,unverifiable,no,
ashby,kognitos,,7,,unverifiable,no,
ashby,kognity,,5,,unverifiable,no,
ashby,koho,,8,,unverifiable,no,
ashby,kojo,,0,,unverifiable,no,
ashby,kombo,,15,,unverifiable,no,
ashby,kong,Kong,74,,unverifiable,no,
ashby,konvu,,3,,unverifiable,no,
ashby,kota,,9,,unverifiable,no,
ashby,kovo,,2,,unverifiable,no,
ashby,kpr,,35,,unverifiable,no,
ashby,kraken-kinetics,,12,,unverifiable,no,
ashby,kraken.com,Kraken,79,,unverifiable,no,
ashby,kranz-consulting,,5,,unverifiable,no,
ashby,krea,,12,,unverifiable,no,
ashby,krew,,5,,unverifiable,no,
ashby,kunin,,4,,unverifiable,no,
ashby,kustomer,,2,,unverifiable,no,
ashby,kyra,,12,,unverifiable,no,
ashby,labhouse,,22,,unverifiable,no,
ashby,ladder,,4,,unverifiable,no,
ashby,lago,,1,,unverifiable,no,
ashby,lambda,,90,,unverifiable,no,
ashby,lancedb,,11,,unverifiable,no,
ashby,langchain,LangChain,102,,unverifiable,no,
ashby,langdock,,25,,unverifiable,no,
ashby,langfuse,,0,,unverifiable,no,
ashby,lark,Lark Health,1,,unverifiable,no,
ashby,lassie,,16,,unverifiable,no,
ashby,latamcent,,20,,unverifiable,no,
ashby,latent,,23,,unverifiable,no,
ashby,latentlabs,,9,,unverifiable,no,
ashby,laurel,,16,,unverifiable,no,
ashby,lavendo,,15,,unverifiable,no,
ashby,lawhive,,9,,unverifiable,no,
ashby,layerfi,,5,,unverifiable,no,
ashby,lazer,,9,,unverifiable,no,
ashby,leadbank,,16,,unverifiable,no,
ashby,leandata,,9,,unverifiable,no,
ashby,leap,Leap,17,,unverifiable,no,
ashby,ledger,Ledger,7,,unverifiable,no,
ashby,legend-xyz,,2,,unverifiable,no,
ashby,legionhealth,Legion Health,158,,unverifiable,no,
ashby,legora,Legora,280,,unverifiable,no,
ashby,leland,Leland,191,,unverifiable,no,
ashby,lemfi,,16,,unverifiable,no,
ashby,lemlist,,10,,unverifiable,no,
ashby,lemonade,Lemonade,41,,unverifiable,no,
ashby,lendable,,71,,unverifiable,no,
ashby,lens,LENS Inc.,12,,unverifiable,no,
ashby,leona,,3,,unverifiable,no,
ashby,leopard,"Leopard, Inc.",5,,unverifiable,no,
ashby,letta,,4,,unverifiable,no,
ashby,levelpath,,26,,unverifiable,no,
ashby,lexroom,,40,,unverifiable,no,
ashby,lido.fi,,0,,unverifiable,no,
ashby,light,Light,11,,unverifiable,no,
ashby,light-inc,,16,,unverifiable,no,
ashby,lightdash,,2,,unverifiable,no,
ashby,lightfield,,20,,unverifiable,no,
ashby,lighthousehq,,4,,unverifiable,no,
ashby,lightning,,14,,unverifiable,no,
ashby,lightspark,,3,,unverifiable,no,
ashby,lightspeed,Lightspeed,6,,unverifiable,no,
ashby,lightspeedhq,"Lightspeed Commerce, Inc.",139,,unverifiable,no,
ashby,lilt-corporate,,13,,unverifiable,no,
ashby,lilt-production,LILT (Production),434,,unverifiable,no,
ashby,limbic,,4,,unverifiable,no,
ashby,limble,,6,,unverifiable,no,
ashby,limelight-steel,,3,,unverifiable,no,
ashby,lindus,,2,,unverifiable,no,
ashby,linear,Linear,30,,unverifiable,no,
ashby,lio,,21,,unverifiable,no,
ashby,liquid,,2,,unverifiable,no,
ashby,liquid-ai,,20,,unverifiable,no,
ashby,listenlabs,,36,,unverifiable,no,
ashby,litellm,,10,,unverifiable,no,
ashby,litmus,,28,,unverifiable,no,
ashby,liveflow,,4,,unverifiable,no,
ashby,livekit,LiveKit,30,,unverifiable,no,
ashby,livinghr,,22,,unverifiable,no,
ashby,llamaindex,,9,,unverifiable,no,
ashby,lm-studio,,6,,unverifiable,no,
ashby,loancrate,,7,,unverifiable,no,
ashby,logos-space,,25,,unverifiable,no,
ashby,loki,Loki Robotics,7,,unverifiable,no,
ashby,long-lake,,4,,unverifiable,no,
ashby,loopio,Loopio Inc.,14,,unverifiable,no,
ashby,loot-labs,,5,,unverifiable,no,
ashby,lorikeet,,8,,unverifiable,no,
ashby,lottie,,7,,unverifiable,no,
ashby,lotushealth,,8,,unverifiable,no,
ashby,lovable,,77,,unverifiable,no,
ashby,loveholidays,,15,,unverifiable,no,
ashby,lovelace,,3,,unverifiable,no,
ashby,lpadesignstudios,,45,,unverifiable,no,
ashby,ltv,,3,,unverifiable,no,
ashby,lua,,0,,unverifiable,no,
ashby,lucidlink,,6,,unverifiable,no,
ashby,lucis,,13,,unverifiable,no,
ashby,lumen.energy,,1,,unverifiable,no,
ashby,lumilens,Lumilens,157,,unverifiable,no,
ashby,luminai,,15,,unverifiable,no,
ashby,luminovo,,5,,unverifiable,no,
ashby,lunar,,15,,unverifiable,no,
ashby,luxor,,3,,unverifiable,no,
ashby,lydian,,6,,unverifiable,no,
ashby,lyrebird-health,,8,,unverifiable,no,
ashby,lyric,,20,,unverifiable,no,
ashby,m-kopa,,37,,unverifiable,no,
ashby,m13,,3,,unverifiable,no,
ashby,mach,Mach Industries,0,,unreachable,no,HTTP 404
ashby,madecard,,0,,unreachable,no,HTTP 404
ashby,madhive,,11,,unverifiable,no,
ashby,magentic,,10,,unverifiable,no,
ashby,magic.dev,,7,,unverifiable,no,
ashby,magical,,5,,unverifiable,no,
ashby,magiceden,,5,,unverifiable,no,
ashby,magicpatterns,,7,,unverifiable,no,
ashby,magicschool,,1,,unverifiable,no,
ashby,mai,,5,,unverifiable,no,
ashby,maincode,,14,,unverifiable,no,
ashby,maintainx,MaintainX (An Autodesk Company),139,,unverifiable,no,
ashby,makermaker.ai,,6,,unverifiable,no,
ashby,maki,,7,,unverifiable,no,
ashby,mandolin,,5,,unverifiable,no,
ashby,mandrel,,2,,unverifiable,no,
ashby,manex,,8,,unverifiable,no,
ashby,mangomint,,2,,unverifiable,no,
ashby,manifest-os,,5,,unverifiable,no,
ashby,mapbox,,44,,unverifiable,no,
ashby,maple,Maple,14,,unverifiable,no,
ashby,marble,,7,,unverifiable,no,
ashby,marblehealth,,11,,unverifiable,no,
ashby,marianaminerals,,72,,unverifiable,no,
ashby,mariner-careers,,44,,unverifiable,no,
ashby,marloo,,13,,unverifiable,no,
ashby,masabi,,22,,unverifiable,no,
ashby,mast,Mast,2,,unverifiable,no,
ashby,material,Material Security,0,,unreachable,no,HTTP 404
ashby,materialsecurity,Material Security,3,,unverifiable,no,
ashby,matia,,9,,unverifiable,no,
ashby,matrix,Matrix,0,,unverifiable,no,
ashby,matter-intelligence,,30,,unverifiable,no,
ashby,matter-labs,,5,,unverifiable,no,
ashby,matterworks,,3,,unverifiable,no,
ashby,maven-agi,,18,,unverifiable,no,
ashby,maxima,,17,,unverifiable,no,
ashby,maximustribe,,2,,unverifiable,no,
ashby,maybern,,14,,unverifiable,no,
ashby,mazedesign,,7,,unverifiable,no,
ashby,mazehq,,1,,unverifiable,no,
ashby,mdcalc,,3,,unverifiable,no,
ashby,meadow,Meadow,6,,unverifiable,no,
ashby,mebe,MeBe,77,,unverifiable,no,
ashby,mechanism-ventures,,3,,unverifiable,no,
ashby,mechanize,,4,,unverifiable,no,
ashby,mecka.ai,,33,,unverifiable,no,
ashby,medely,Medely,5,,unverifiable,no,
ashby,media-mogul,,0,,unverifiable,no,
ashby,mediatech,,10,,unverifiable,no,
ashby,medraai,,14,,unverifiable,no,
ashby,medscout,,3,,unverifiable,no,
ashby,meetmarvin,,6,,unverifiable,no,
ashby,melotech,,8,,unverifiable,no,
ashby,mem0,,1,,unverifiable,no,
ashby,menlo,,19,,unverifiable,no,
ashby,menlosecurity,,28,,unverifiable,no,
ashby,mento,,27,,unverifiable,no,
ashby,meow,,6,,unverifiable,no,
ashby,mercator,Mercator,5,,unverifiable,no,
ashby,mercor,Mercor,114,,unverifiable,no,
ashby,mercura,,10,,unverifiable,no,
ashby,merge,Merge,15,,unverifiable,no,
ashby,mergemoney,,6,,unverifiable,no,
ashby,meridianlink,,24,,unverifiable,no,
ashby,meridio,,2,,unverifiable,no,
ashby,meshy,,27,,unverifiable,no,
ashby,metaforms,,6,,unverifiable,no,
ashby,metaview,,38,,unverifiable,no,
ashby,meter,,45,,unverifiable,no,
ashby,method,Method Financial,10,,unverifiable,no,
ashby,meticulous,,6,,unverifiable,no,
ashby,metriport,,19,,unverifiable,no,
ashby,mia-labs,,9,,unverifiable,no,
ashby,middesk,,17,,unverifiable,no,
ashby,midpage,Midpage,3,,unverifiable,no,
ashby,mimica,,16,,unverifiable,no,
ashby,mindly,Mindly,9,,unverifiable,no,
ashby,mindrobotics,,30,,unverifiable,no,
ashby,mindvalley,,13,,unverifiable,no,
ashby,minerva,Minerva,8,,unverifiable,no,
ashby,mintlify,,13,,unverifiable,no,
ashby,mintmcp,,6,,unverifiable,no,
ashby,mirage,,13,,unverifiable,no,
ashby,miramace,,16,,unverifiable,no,
ashby,miri,,2,,unverifiable,no,
ashby,miro,Miro,28,,unverifiable,no,
ashby,mirror-physics,,2,,unverifiable,no,
ashby,misfitsandmachines,,0,,unverifiable,no,
ashby,miter,,14,,unverifiable,no,
ashby,mithrl,,8,,unverifiable,no,
ashby,moab,,9,,unverifiable,no,
ashby,mobbin.com,,4,,unverifiable,no,
ashby,mobilefirst,,6,,unverifiable,no,
ashby,modal,Modal,38,,unverifiable,no,
ashby,modernfi,,6,,unverifiable,no,
ashby,moderntreasury,Modern Treasury,9,,unverifiable,no,
ashby,modus,,12,,unverifiable,no,
ashby,moego,,2,,unverifiable,no,
ashby,molecule,,4,,unverifiable,no,
ashby,mollie,,42,,unverifiable,no,
ashby,moment,,12,,unverifiable,no,
ashby,monaco,,16,,unverifiable,no,
ashby,monad.foundation,,6,,unverifiable,no,
ashby,monarchcrops,,9,,unverifiable,no,
ashby,monarchmoney,,9,,unverifiable,no,
ashby,mondoo,,4,,unverifiable,no,
ashby,monei,,2,,unverifiable,no,
ashby,monk,,16,,unverifiable,no,
ashby,montauk-capital,,14,,unverifiable,no,
ashby,montecarlodata,,6,,unverifiable,no,
ashby,montu-uk,,29,,unverifiable,no,
ashby,monumental,,24,,unverifiable,no,
ashby,moonlake,Moonlake,7,,unverifiable,no,
ashby,moonshot,,4,,unverifiable,no,
ashby,moonshot-ai,,0,,unreachable,no,HTTP 404
ashby,morningconsult,,12,,unverifiable,no,
ashby,morpho,,8,,unverifiable,no,
ashby,mosaic,Mosaic ImmunoEngineering,5,,unverifiable,no,
ashby,moss,Moss,28,,unverifiable,no,
ashby,motherduck,,3,,unverifiable,no,
ashby,motorway,,16,,unverifiable,no,
ashby,movement,,0,,unverifiable,no,
ashby,moxfive,,13,,unverifiable,no,
ashby,moxie,,12,,unverifiable,no,
ashby,mubi,,1,,unverifiable,no,
ashby,mudflap,,17,,unverifiable,no,
ashby,multiverse,,20,,unverifiable,no,
ashby,mural,Mural,13,,unverifiable,no,
ashby,mutiny,,9,,unverifiable,no,
ashby,mux,Mux,1,,unverifiable,no,
ashby,mycroft,,5,,unverifiable,no,
ashby,myedspacecareers,,10,,unverifiable,no,
ashby,mymoneymatters,,4,,unverifiable,no,
ashby,myriad-ai,,5,,unverifiable,no,
ashby,mystenlabs,,7,,unverifiable,no,
ashby,mytomorrows,,6,,unverifiable,no,
ashby,n1,,10,,unverifiable,no,
ashby,n8n,,35,,unverifiable,no,
ashby,nabla,,18,,unverifiable,no,
ashby,nabucasa,,1,,unverifiable,no,
ashby,nace.ai,,17,,unverifiable,no,
ashby,nationgraph,,5,,unverifiable,no,
ashby,nava-benefits,,4,,unverifiable,no,
ashby,neara,,31,,unverifiable,no,
ashby,nebulock,,5,,unverifiable,no,
ashby,nectar-social,,16,,unverifiable,no,
ashby,negotiate-ai,,3,,unverifiable,no,
ashby,neighborly-software,,13,,unverifiable,no,
ashby,neko-health,Neko Health,117,,unverifiable,no,
ashby,nelo,,8,,unverifiable,no,
ashby,nen-creative,,18,,unverifiable,no,
ashby,neofinancial,Neo Financial,77,,unverifiable,no,
ashby,neon,Neon,4,,unverifiable,no,
ashby,neon-health,,11,,unverifiable,no,
ashby,neptune,Neptune,7,,unverifiable,no,
ashby,nerdwallet,,20,,unverifiable,no,
ashby,nest-health,,8,,unverifiable,no,
ashby,nestmed,,2,,unverifiable,no,
ashby,netbird,,12,,unverifiable,no,
ashby,netboxlabs,,21,,unverifiable,no,
ashby,netgear,,47,,unverifiable,no,
ashby,nethermind,,2,,unverifiable,no,
ashby,netpreme,,5,,unverifiable,no,
ashby,netwealth,,31,,unverifiable,no,
ashby,neudata,,2,,unverifiable,no,
ashby,neura-robotics-gmbh,Neura Robotics,381,,unverifiable,no,
ashby,neural-earth,,6,,unverifiable,no,
ashby,neuroscale,,9,,unverifiable,no,
ashby,nextdata,,3,,unverifiable,no,
ashby,nextlinklabs,,0,,unverifiable,no,
ashby,nextpatient,,5,,unverifiable,no,
ashby,nexus.xyz,,3,,unverifiable,no,
ashby,nexxa,,18,,unverifiable,no,
ashby,nexxen,,28,,unverifiable,no,
ashby,niantic-spatial,,17,,unverifiable,no,
ashby,nightfall-ai,,28,,unverifiable,no,
ashby,nimbl,,3,,unverifiable,no,
ashby,niramedical,,18,,unverifiable,no,
ashby,nirvana,,7,,unverifiable,no,
ashby,nivoda,,36,,unverifiable,no,
ashby,noda-ai,,24,,unverifiable,no,
ashby,noise-labs,,1,,unverifiable,no,
ashby,nollahealth,,4,,unverifiable,no,
ashby,nomad,Nomad Labs Inc,0,,unverifiable,no,
ashby,nomic,,5,,unverifiable,no,
ashby,nomic.ai,,9,,unverifiable,no,
ashby,nomic.foundation,,2,,unverifiable,no,
ashby,nooks,,57,,unverifiable,no,
ashby,nord-security,Nord Security,144,,unverifiable,no,
ashby,norm-ai,,19,,unverifiable,no,
ashby,normlaw,,13,,unverifiable,no,
ashby,northvectordynamics,,9,,unverifiable,no,
ashby,northwoodspace,,74,,unverifiable,no,
ashby,nosisbio,,1,,unverifiable,no,
ashby,notabene,,7,,unverifiable,no,
ashby,notable,,8,,unverifiable,no,
ashby,notion,Notion,137,,unverifiable,no,
ashby,novaintelligence,,9,,unverifiable,no,
ashby,novel,,5,,unverifiable,no,
ashby,novita-ai,,2,,unverifiable,no,
ashby,novo,Novo,11,,unverifiable,no,
ashby,nox-metals,,9,,unverifiable,no,
ashby,noyo,,2,,unverifiable,no,
ashby,ntt-data-aivista,,6,,unverifiable,no,
ashby,nubank,Nubank,111,,unverifiable,no,
ashby,nuclearn,,0,,unverifiable,no,
ashby,nudge,Nudge Security,25,,unverifiable,no,
ashby,nudgesecurity,Nudge Security,3,,unverifiable,no,
ashby,numeral,,24,,unverifiable,no,
ashby,numeric,,25,,unverifiable,no,
ashby,numerixs-quant,,3,,unverifiable,no,
ashby,nuna,,4,,unverifiable,no,
ashby,nursa,Nursa,0,,unverifiable,no,
ashby,nylas,,6,,unverifiable,no,
ashby,oakslab,,14,,unverifiable,no,
ashby,oath,oath,4,,unverifiable,no,
ashby,observable-space,,27,,unverifiable,no,
ashby,obsidiansystems,,4,,unverifiable,no,
ashby,obviant,,6,,unverifiable,no,
ashby,obvio,,12,,unverifiable,no,
ashby,ocean,Ocean,0,,unreachable,no,HTTP 404
ashby,oceanus,,2,,unverifiable,no,
ashby,oden-technologies,,5,,unverifiable,no,
ashby,odin,Odin,4,,unverifiable,no,
ashby,odys-aviation,,13,,unverifiable,no,
ashby,odyssey,Odyssey,7,,unverifiable,no,
ashby,odysseyml,,17,,unverifiable,no,
ashby,offdeal,,5,,unverifiable,no,
ashby,office-hours,,11,,unverifiable,no,
ashby,oligo,,4,,unverifiable,no,
ashby,olly-olly,,2,,unverifiable,no,
ashby,omaze,,12,,unverifiable,no,
ashby,omi,,8,,unverifiable,no,
ashby,omnea,,51,,unverifiable,no,
ashby,omni,,26,,unverifiable,no,
ashby,omnilex,,6,,unverifiable,no,
ashby,omniscient,,15,,unverifiable,no,
ashby,oneapp,,46,,unverifiable,no,
ashby,onebrief,,30,,unverifiable,no,
ashby,oneleet,,12,,unverifiable,no,
ashby,onhires,,47,,unverifiable,no,
ashby,onoshealth,,8,,unverifiable,no,
ashby,onramp,,2,,unverifiable,no,
ashby,ontic,,13,,unverifiable,no,
ashby,onton,,3,,unverifiable,no,
ashby,onyx,Onyx,4,,unverifiable,no,
ashby,opal,Opal Security,20,,unverifiable,no,
ashby,openai,OpenAI,828,,unverifiable,no,
ashby,openevidence,,10,,unverifiable,no,
ashby,opengov,,68,,unverifiable,no,
ashby,openhomefoundation,,0,,unverifiable,no,
ashby,openloophealth,,61,,unverifiable,no,
ashby,openlooppartners,,9,,unverifiable,no,
ashby,openmind,OpenMind,6,,unverifiable,no,
ashby,openrouter,,26,,unverifiable,no,
ashby,oplabs,,8,,unverifiable,no,
ashby,optimum,,1,,unverifiable,no,
ashby,optro,,21,,unverifiable,no,
ashby,opus-training,,2,,unverifiable,no,
ashby,opusclip,,8,,unverifiable,no,
ashby,orb,,25,,unverifiable,no,
ashby,orbit,Orbit Neuro Co.,2,,unverifiable,no,
ashby,orbital,,19,,unverifiable,no,
ashby,orbitalindustries,,7,,unverifiable,no,
ashby,orca,Orca Security,2,,unverifiable,no,
ashby,orchard,orchard,25,,unverifiable,no,
ashby,originhq,,10,,unverifiable,no,
ashby,oscilar,,22,,unverifiable,no,
ashby,osmo,,47,,unverifiable,no,
ashby,oumi,,3,,unverifiable,no,
ashby,outersignal,,10,,unverifiable,no,
ashby,outmarket,,19,,unverifiable,no,
ashby,outpostnow,,27,,unverifiable,no,
ashby,outro-health,,5,,unverifiable,no,
ashby,outset,,23,,unverifiable,no,
ashby,outtake,,19,,unverifiable,no,
ashby,overflow,,9,,unverifiable,no,
ashby,overjet,,22,,unverifiable,no,
ashby,overtone,,0,,unverifiable,no,
ashby,overviewenergy,,7,,unverifiable,no,
ashby,owkin,,5,,unverifiable,no,
ashby,owner,,49,,unverifiable,no,
ashby,oxio,,5,,unverifiable,no,
ashby,oxman,,10,,unverifiable,no,
ashby,oyster,,26,,unverifiable,no,
ashby,p2p.org,,2,,unverifiable,no,
ashby,pactfi,,3,,unverifiable,no,
ashby,paddle,,23,,unverifiable,no,
ashby,padlet,,18,,unverifiable,no,
ashby,paid,Paid,3,,unverifiable,no,
ashby,paireyewear,,8,,unverifiable,no,
ashby,pallon.com,,2,,unverifiable,no,
ashby,pangramlabs,,15,,unverifiable,no,
ashby,pano-ai,,7,,unverifiable,no,
ashby,panoptyc,,6,,unverifiable,no,
ashby,parabola-io,,8,,unverifiable,no,
ashby,paradigm,Paradigm,6,,unverifiable,no,
ashby,paradox,Paradox,5,,unverifiable,no,
ashby,parafin,,21,,unverifiable,no,
ashby,paraform,,17,,unverifiable,no,
ashby,parallel,,23,,unverifiable,no,
ashby,parallel-bio,,9,,unverifiable,no,
ashby,parasail,,11,,unverifiable,no,
ashby,pareto-ai,,1,,unverifiable,no,
ashby,parity,,3,,unverifiable,no,
ashby,pariveda,,28,,unverifiable,no,
ashby,parkade,,2,,unverifiable,no,
ashby,parker,Parker Group Inc,13,,unverifiable,no,
ashby,parspec,,5,,unverifiable,no,
ashby,partiful,,11,,unverifiable,no,
ashby,partly.com,,33,,unverifiable,no,
ashby,partsbase,,8,,unverifiable,no,
ashby,partyhat,,21,,unverifiable,no,
ashby,passage,Passage,16,,unverifiable,no,
ashby,passes,,2,,unverifiable,no,
ashby,passport,,10,,unverifiable,no,
ashby,patch.io,,9,,unverifiable,no,
ashby,patlytics,,16,,unverifiable,no,
ashby,patreon,Patreon,16,,unverifiable,no,
ashby,patrianna,,17,,unverifiable,no,
ashby,pavebank,,24,,unverifiable,no,
ashby,paxos,,14,,unverifiable,no,
ashby,paxoslabs,,8,,unverifiable,no,
ashby,payabli,,9,,unverifiable,no,
ashby,payrails,,3,,unverifiable,no,
ashby,payscale,,16,,unverifiable,no,
ashby,payzen-inc,,11,,unverifiable,no,
ashby,pear-vc,Pear VC,99,,unverifiable,no,
ashby,pearl,,10,,unverifiable,no,
ashby,pearlhealth,,4,,unverifiable,no,
ashby,pearmill,,9,,unverifiable,no,
ashby,pearpop,,4,,unverifiable,no,
ashby,pebl,,24,,unverifiable,no,
ashby,peec,,35,,unverifiable,no,
ashby,peek,,12,,unverifiable,no,
ashby,pennylane,Pennylane SAS,148,,unverifiable,no,
ashby,pensive,,7,,unverifiable,no,
ashby,percepta,,13,,unverifiable,no,
ashby,perchwell,,5,,unverifiable,no,
ashby,percona,,14,,unverifiable,no,
ashby,pergolux,,32,,unverifiable,no,
ashby,periodic-labs,,32,,unverifiable,no,
ashby,perk,Perk,127,,unverifiable,no,
ashby,permitflow,,40,,unverifiable,no,
ashby,permutive,,1,,unverifiable,no,
ashby,perplexity,Perplexity,127,,unverifiable,no,
ashby,persona,Persona,15,,unverifiable,no,
ashby,phantom,,14,,unverifiable,no,
ashby,phasebiolabs,,1,,unverifiable,no,
ashby,phia,,1,,unverifiable,no,
ashby,phil,,25,,unverifiable,no,
ashby,phlair,,4,,unverifiable,no,
ashby,phoebe-work,,10,,unverifiable,no,
ashby,phoenix,Phoenix,17,,unverifiable,no,
ashby,phonely,,19,,unverifiable,no,
ashby,phonic,,8,,unverifiable,no,
ashby,photoroom,,15,,unverifiable,no,
ashby,physicalintelligence,,34,,unverifiable,no,
ashby,picogrid,,19,,unverifiable,no,
ashby,pika,,15,,unverifiable,no,
ashby,pilot-fiber,,6,,unverifiable,no,
ashby,pinecone,Pinecone,5,,unverifiable,no,
ashby,pingo,,0,,unverifiable,no,
ashby,pivot,Pivot,3,,unverifiable,no,
ashby,pivotal-health,,27,,unverifiable,no,
ashby,pivotrobotics,,6,,unverifiable,no,
ashby,plaid,Plaid,119,,unverifiable,no,
ashby,plain,,4,,unverifiable,no,
ashby,plane,,33,,unverifiable,no,
ashby,planera,,10,,unverifiable,no,
ashby,plasiv,,0,,unverifiable,no,
ashby,plasmidsaurus,,13,,unverifiable,no,
ashby,platformed,,1,,unverifiable,no,
ashby,plaud,,56,,unverifiable,no,
ashby,playground,,7,,unverifiable,no,
ashby,playpowerlabs,,1,,unverifiable,no,
ashby,playson,,20,,unverifiable,no,
ashby,pleo,,32,,unverifiable,no,
ashby,pliant,,38,,unverifiable,no,
ashby,plinth,,3,,unverifiable,no,
ashby,plot,,5,,unverifiable,no,
ashby,plot-pointe,,2,,unverifiable,no,
ashby,plumerai,,5,,unverifiable,no,
ashby,pluralfinance,,2,,unverifiable,no,
ashby,pluralis-research,,10,,unverifiable,no,
ashby,pluto-health,,0,,unreachable,no,HTTP 404
ashby,pod-network,,4,,unverifiable,no,
ashby,podium-automation,,8,,unverifiable,no,
ashby,poesis,,4,,unverifiable,no,
ashby,poetiq,,1,,unverifiable,no,
ashby,pointfive,,13,,unverifiable,no,
ashby,pointr,,20,,unverifiable,no,
ashby,polar,Polar,2,,unverifiable,no,
ashby,polaranalytics,,5,,unverifiable,no,
ashby,polygon-labs,,3,,unverifiable,no,
ashby,polymarket,,67,,unverifiable,no,
ashby,polymath,,4,,unverifiable,no,
ashby,poolside,,2,,unverifiable,no,
ashby,popl,,5,,unverifiable,no,
ashby,poseidonaero,,22,,unverifiable,no,
ashby,posh,,15,,unverifiable,no,
ashby,posh-ai,,1,,unverifiable,no,
ashby,poshmark,,30,,unverifiable,no,
ashby,positive-development,,57,,unverifiable,no,
ashby,possible-finance,,12,,unverifiable,no,
ashby,post,Post.,4,,unverifiable,no,
ashby,posthog,,8,,unverifiable,no,
ashby,powerlattice,,7,,unverifiable,no,
ashby,powerline,,5,,unverifiable,no,
ashby,powerus,,2,,unverifiable,no,
ashby,pplwise,,8,,unverifiable,no,
ashby,pragmatike,,74,,unverifiable,no,
ashby,pravah,,6,,unverifiable,no,
ashby,prefect,Prefect,9,,unverifiable,no,
ashby,preply,Preply,120,,unverifiable,no,
ashby,prevail-fund,,2,,unverifiable,no,
ashby,primary,,3,,unverifiable,no,
ashby,primeintellect,,30,,unverifiable,no,
ashby,primer,,26,,unverifiable,no,
ashby,primer.io,,29,,unverifiable,no,
ashby,prior-labs,,24,,unverifiable,no,
ashby,probablygenetic,,6,,unverifiable,no,
ashby,probook,,11,,unverifiable,no,
ashby,procurementsciences,,3,,unverifiable,no,
ashby,procurify,,8,,unverifiable,no,
ashby,profound,Profound,75,,unverifiable,no,
ashby,projectsbyif,,0,,unverifiable,no,
ashby,prokeep,,1,,unverifiable,no,
ashby,promise-studios,,3,,unverifiable,no,
ashby,prompt,,50,,unverifiable,no,
ashby,propel,Propel,7,,unverifiable,no,
ashby,propelus,,2,,unverifiable,no,
ashby,prophet-security,Prophet Security,6,,unverifiable,no,
ashby,prorata,,1,,unverifiable,no,
ashby,prose,,5,,unverifiable,no,
ashby,prosper-ai,,12,,unverifiable,no,
ashby,protege,,19,,unverifiable,no,
ashby,protegrity,,8,,unverifiable,no,
ashby,proterahealth,,7,,unverifiable,no,
ashby,proto-town,,9,,unverifiable,no,
ashby,protocol-cares,,11,,unverifiable,no,
ashby,provable,,2,,unverifiable,no,
ashby,proxima-fusion,,47,,unverifiable,no,
ashby,pryzm,,6,,unverifiable,no,
ashby,psi,,19,,unverifiable,no,
ashby,publiccloudgroup,,0,,unverifiable,no,
ashby,pulse,pulse,10,,unverifiable,no,
ashby,pure,Pure,4,,unverifiable,no,
ashby,pursuit,Pursuit,1,,unverifiable,no,
ashby,puzzle.io,,0,,unreachable,no,HTTP 404
ashby,pylon,,18,,unverifiable,no,
ashby,pylon-labs,,20,,unverifiable,no,
ashby,pytho-ai,,1,,unverifiable,no,
ashby,qawolf,,0,,unverifiable,no,
ashby,qdrant.tech,,7,,unverifiable,no,
ashby,qualified-health-pbc,,27,,unverifiable,no,
ashby,quanta,Quanta,7,,unverifiable,no,
ashby,quantum,Quantum,15,,unverifiable,no,
ashby,quantware,,30,,unverifiable,no,
ashby,quarks-tech,,7,,unverifiable,no,
ashby,quartermaster,,16,,unverifiable,no,
ashby,quilter,,5,,unverifiable,no,
ashby,quora,,5,,unverifiable,no,
ashby,quorum,Quorum,3,,unverifiable,no,
ashby,quotewell,,4,,unverifiable,no,
ashby,radai,,18,,unverifiable,no,
ashby,radar,,18,,unverifiable,no,
ashby,radiant,Radiant,23,,unverifiable,no,
ashby,radiant-industries,Radiant Industries,98,,unverifiable,no,
ashby,raiku,,2,,unverifiable,no,
ashby,railway,Railway,8,,unverifiable,no,
ashby,rain,Rain,42,,unverifiable,no,
ashby,rain-technologies,,11,,unverifiable,no,
ashby,rainforest-pay,,6,,unverifiable,no,
ashby,rainmaker,Rainmaker Technology Corporation,25,,unverifiable,no,
ashby,ramp,Ramp,157,,unverifiable,no,
ashby,range,Range,61,,unverifiable,no,
ashby,rapdev,,4,,unverifiable,no,
ashby,rarecandy,,8,,unverifiable,no,
ashby,rasa,,5,,unverifiable,no,
ashby,ravenna,,7,,unverifiable,no,
ashby,ravio,,4,,unverifiable,no,
ashby,raylu-ai,,5,,unverifiable,no,
ashby,read-ai,,14,,unverifiable,no,
ashby,readme,,2,,unverifiable,no,
ashby,ready,,7,,unverifiable,no,
ashby,real,Real REMAX Group,0,,unreachable,no,HTTP 404
ashby,realfast,,1,,unverifiable,no,
ashby,realitydefender,,3,,unverifiable,no,
ashby,realmalliance,,11,,unverifiable,no,
ashby,rebel-space-technologies,,1,,unverifiable,no,
ashby,rebuy,,1,,unverifiable,no,
ashby,recharge,Recharge,4,,unverifiable,no,
ashby,recraft,,4,,unverifiable,no,
ashby,red-gate,,13,,unverifiable,no,
ashby,red6,,13,,unverifiable,no,
ashby,redmetals,,4,,unverifiable,no,
ashby,redpine,,7,,unverifiable,no,
ashby,reducto,,43,,unverifiable,no,
ashby,reedsy,,17,,unverifiable,no,
ashby,reevo,,24,,unverifiable,no,
ashby,reflect-orbital,,22,,unverifiable,no,
ashby,reflectionai,,51,,unverifiable,no,
ashby,reflow,,15,,unverifiable,no,
ashby,reframesystems,,32,,unverifiable,no,
ashby,regent,,31,,unverifiable,no,
ashby,rehire,,81,,unverifiable,no,
ashby,reinforce-labs-inc,,1,,unverifiable,no,
ashby,reka,,9,,unverifiable,no,
ashby,relace,,6,,unverifiable,no,
ashby,relationrx,,15,,unverifiable,no,
ashby,relay,Relay Technologies,30,,unverifiable,no,
ashby,relayfi,,43,,unverifiable,no,
ashby,relevanceai,,0,,unverifiable,no,
ashby,reliable-robotics,,56,,unverifiable,no,
ashby,remarcable-inc,,10,,unverifiable,no,
ashby,remberg,,4,,unverifiable,no,
ashby,remedyrobotics,,6,,unverifiable,no,
ashby,remilia,,10,,unverifiable,no,
ashby,render,Render,40,,unverifiable,no,
ashby,rennscotmfg,,9,,unverifiable,no,
ashby,rentana-io,,3,,unverifiable,no,
ashby,renuity,Renuity,342,,unverifiable,no,
ashby,reonic,,31,,unverifiable,no,
ashby,repeatbuilders,,3,,unverifiable,no,
ashby,replimune,Replimune,46,,unverifiable,no,
ashby,replit,,72,,unverifiable,no,
ashby,replo,,2,,unverifiable,no,
ashby,rerun,,7,,unverifiable,no,
ashby,rescale,,19,,unverifiable,no,
ashby,resend,Resend,10,,unverifiable,no,
ashby,reserve,Reserve,1,,unverifiable,no,
ashby,resolution,Resolution,5,,unverifiable,no,
ashby,reson8,,1,,unverifiable,no,
ashby,resorcer.com,,9,,unverifiable,no,
ashby,resq,,3,,unverifiable,no,
ashby,restate,,7,,unverifiable,no,
ashby,restream,,9,,unverifiable,no,
ashby,retell-ai,,24,,unverifiable,no,
ashby,rev,Rev,1,,unverifiable,no,
ashby,revenuebase-inc,,6,,unverifiable,no,
ashby,revenuecat,,20,,unverifiable,no,
ashby,revic,,6,,unverifiable,no,
ashby,revive,,1,,unverifiable,no,
ashby,rewind,,2,,unverifiable,no,
ashby,rewst,,0,,unverifiable,no,
ashby,rho,,47,,unverifiable,no,
ashby,rhoda-ai,,46,,unverifiable,no,
ashby,rilla,,30,,unverifiable,no,
ashby,rillet,,40,,unverifiable,no,
ashby,risklabs,,1,,unverifiable,no,
ashby,river,,8,,unverifiable,no,
ashby,riveron,,61,,unverifiable,no,
ashby,rivianvw.tech,Rivian and Volkswagen Group Technologies,145,,unverifiable,no,
ashby,rnrs.solutions,,11,,unverifiable,no,
ashby,roadsurfer.com,Roadsurfer,92,,unverifiable,no,
ashby,robin-radar,,32,,unverifiable,no,
ashby,roboflow,,36,,unverifiable,no,
ashby,rocketsciencegg,,5,,unverifiable,no,
ashby,rogo,,85,,unverifiable,no,
ashby,rohlik,Rohlik,105,,unverifiable,no,
ashby,roompricegenie,,7,,unverifiable,no,
ashby,root-access,,2,,unverifiable,no,
ashby,rootglobal,,6,,unverifiable,no,
ashby,rossum.ai,,4,,unverifiable,no,
ashby,rothys,,84,,unverifiable,no,
ashby,rowspace,,17,,unverifiable,no,
ashby,rubiconmd,,1,,unverifiable,no,
ashby,ruby-labs,,24,,unverifiable,no,
ashby,rula,,35,,unverifiable,no,
ashby,rundoo,,11,,unverifiable,no,
ashby,runlayer,,21,,unverifiable,no,
ashby,runpod,,26,,unverifiable,no,
ashby,runsybil-jobs,,5,,unverifiable,no,
ashby,runway,cfo.ai,4,,unverifiable,no,
ashby,runway-ml,,45,,unverifiable,no,
ashby,rutter,Rutter,1,,unverifiable,no,
ashby,rwa.xyz,,2,,unverifiable,no,
ashby,rwazi,,25,,unverifiable,no,
ashby,sabi,,9,,unverifiable,no,
ashby,sable,Sable,8,,unverifiable,no,
ashby,safelease,,13,,unverifiable,no,
ashby,safetykit,,9,,unverifiable,no,
ashby,sagetap,,4,,unverifiable,no,
ashby,sail,Sail Research,6,,unverifiable,no,
ashby,sailorhealth,Sailor Health,164,,unverifiable,no,
ashby,sailpeak,,7,,unverifiable,no,
ashby,salesape-ai,,6,,unverifiable,no,
ashby,salient,,17,,unverifiable,no,
ashby,salma-health,,16,,unverifiable,no,
ashby,salmon-group,Salmon Group,101,,unverifiable,no,
ashby,salonkee,,122,,unverifiable,no,
ashby,sana-roles,,1,,unverifiable,no,
ashby,sandbar,,12,,unverifiable,no,
ashby,sandboxaq,,27,,unverifiable,no,
ashby,sanity,Sanity,34,,unverifiable,no,
ashby,sardine,Sardine,38,,unverifiable,no,
ashby,saris-ai,,3,,unverifiable,no,
ashby,saronic,Saronic Technologies,207,,unverifiable,no,
ashby,sarvam,,59,,unverifiable,no,
ashby,satispay,Satispay,106,,unverifiable,no,
ashby,satoshilabs,,7,,unverifiable,no,
ashby,sauna.ai,,13,,unverifiable,no,
ashby,savvy,,18,,unverifiable,no,
ashby,sazabi,,8,,unverifiable,no,
ashby,scalar,Scalar,5,,unverifiable,no,
ashby,scalemath,,4,,unverifiable,no,
ashby,scan-com,,11,,unverifiable,no,
ashby,scarlet,,15,,unverifiable,no,
ashby,scientech-research,,16,,unverifiable,no,
ashby,scoreplay,,7,,unverifiable,no,
ashby,scorewarrior,,24,,unverifiable,no,
ashby,scribe,,40,,unverifiable,no,
ashby,scrunch,,0,,unverifiable,no,
ashby,se3,,16,,unverifiable,no,
ashby,sea12,,4,,unverifiable,no,
ashby,seamflow,,7,,unverifiable,no,
ashby,searchable,,14,,unverifiable,no,
ashby,searchstax,,2,,unverifiable,no,
ashby,seccl,,7,,unverifiable,no,
ashby,secfix,,16,,unverifiable,no,
ashby,second-nature,,7,,unverifiable,no,
ashby,seconddinner,,1,,unverifiable,no,
ashby,secureframe,Secureframe,8,,unverifiable,no,
ashby,security-level-5,,14,,unverifiable,no,
ashby,sei-labs,,4,,unverifiable,no,
ashby,seifoundation,,0,,unverifiable,no,
ashby,sema4.ai,,5,,unverifiable,no,
ashby,semgrep,Semgrep,13,,unverifiable,no,
ashby,semperis,,23,,unverifiable,no,
ashby,seneca,Seneca,7,,unverifiable,no,
ashby,sent,,13,,unverifiable,no,
ashby,sentient,SENTIENT BRANDS,1,,unverifiable,no,
ashby,sentient-foundation,,0,,unverifiable,no,
ashby,sentilink,,50,,unverifiable,no,
ashby,sentra,Sentra,3,,unverifiable,no,
ashby,sentry,Sentry,43,,unverifiable,no,
ashby,seon,,10,,unverifiable,no,
ashby,seqera.io,,9,,unverifiable,no,
ashby,sequence,,11,,unverifiable,no,
ashby,sequoia,,8,,unverifiable,no,
ashby,sereact,,37,,unverifiable,no,
ashby,serverobotics,,28,,unverifiable,no,
ashby,sesame,,26,,unverifiable,no,
ashby,sevenai,Seven AI,38,,unverifiable,no,
ashby,seyna,,13,,unverifiable,no,
ashby,sfcompute,,8,,unverifiable,no,
ashby,sfg20,,1,,unverifiable,no,
ashby,shapes,,6,,unverifiable,no,
ashby,shapr3d,,4,,unverifiable,no,
ashby,sharedcontextlab,,1,,unverifiable,no,
ashby,shepherd,,20,,unverifiable,no,
ashby,shield-ai,Shield AI,0,,unreachable,no,HTTP 404
ashby,shift,,16,,unverifiable,no,
ashby,shiftkey,ShiftKey,8,,unverifiable,no,
ashby,shiftsmart,,6,,unverifiable,no,
ashby,shook,,4,,unverifiable,no,
ashby,sibill,,13,,unverifiable,no,
ashby,siena,,15,,unverifiable,no,
ashby,sierra,Sierra,194,,unverifiable,no,
ashby,sierra-studio,,15,,unverifiable,no,
ashby,sift,,7,,unverifiable,no,
ashby,siftstack,,39,,unverifiable,no,
ashby,siftwell-analytics,,2,,unverifiable,no,
ashby,signal-ai,,5,,unverifiable,no,
ashby,sigp,,1,,unverifiable,no,
ashby,silnahealth.com,,11,,unverifiable,no,
ashby,silver,Silver.dev,47,,unverifiable,no,
ashby,simple-ai,,9,,unverifiable,no,
ashby,simpleclosure,,14,,unverifiable,no,
ashby,simular,,22,,unverifiable,no,
ashby,singular,,15,,unverifiable,no,
ashby,sintra,,1,,unverifiable,no,
ashby,siro,,17,,unverifiable,no,
ashby,sitemate,,18,,unverifiable,no,
ashby,siteminder,,32,,unverifiable,no,
ashby,skelar,SKELAR,104,,unverifiable,no,
ashby,skip-loans,,1,,unverifiable,no,
ashby,skydio,Skydio,144,,unverifiable,no,
ashby,skyflow,Skyflow,12,,unverifiable,no,
ashby,skylo,,38,,unverifiable,no,
ashby,skymavis,,6,,unverifiable,no,
ashby,skywatch,,6,,unverifiable,no,
ashby,slant,,6,,unverifiable,no,
ashby,slash-financial,,17,,unverifiable,no,
ashby,slate,Slate,3,,unverifiable,no,
ashby,sleeper,,8,,unverifiable,no,
ashby,slope,,1,,unverifiable,no,
ashby,small-door-veterinary,,55,,unverifiable,no,
ashby,smallpdf,,2,,unverifiable,no,
ashby,smalls,,7,,unverifiable,no,
ashby,smarkets,,8,,unverifiable,no,
ashby,snapdocs,,4,,unverifiable,no,
ashby,snowball,,15,,unverifiable,no,
ashby,snowflake,Snowflake,348,,unverifiable,no,
ashby,sobek-ai,,0,,unverifiable,no,
ashby,socket,Socket,26,,unverifiable,no,
ashby,socure,Socure,79,,unverifiable,no,
ashby,sofarocean,,13,,unverifiable,no,
ashby,sol,Sol,2,,unverifiable,no,
ashby,sola,,4,,unverifiable,no,
ashby,sola-insurance,,1,,unverifiable,no,
ashby,solace,,24,,unverifiable,no,
ashby,solanalabs,,0,,unverifiable,no,
ashby,solcoa,,10,,unverifiable,no,
ashby,solidroad,,7,,unverifiable,no,
ashby,solink,,22,,unverifiable,no,
ashby,solstice,Solstice,17,,unverifiable,no,
ashby,solva,,2,,unverifiable,no,
ashby,solveintelligence,,18,,unverifiable,no,
ashby,somethings,,8,,unverifiable,no,
ashby,somnia,,3,,unverifiable,no,
ashby,sona,,14,,unverifiable,no,
ashby,sonio,,4,,unverifiable,no,
ashby,sorare,,4,,unverifiable,no,
ashby,sosafe,,26,,unverifiable,no,
ashby,soterinsure,,2,,unverifiable,no,
ashby,sound.xyz,,2,,unverifiable,no,
ashby,sourgum,,9,,unverifiable,no,
ashby,southgeeks,,8,,unverifiable,no,
ashby,sovra,,13,,unverifiable,no,
ashby,spade,Spade,12,,unverifiable,no,
ashby,spaice-tech,,3,,unverifiable,no,
ashby,spaitial,,10,,unverifiable,no,
ashby,span,,35,,unverifiable,no,
ashby,span.app,,4,,unverifiable,no,
ashby,spara,,3,,unverifiable,no,
ashby,spare,,2,,unverifiable,no,
ashby,sparrow,,12,,unverifiable,no,
ashby,speak,,35,,unverifiable,no,
ashby,speakeasy,,5,,unverifiable,no,
ashby,spear-ai,,16,,unverifiable,no,
ashby,spearbio,,12,,unverifiable,no,
ashby,speckle,,3,,unverifiable,no,
ashby,specright,,7,,unverifiable,no,
ashby,specter,,38,,unverifiable,no,
ashby,spekit,,3,,unverifiable,no,
ashby,spellbrush,,11,,unverifiable,no,
ashby,sphere,"Sphere, Inc.",16,,unverifiable,no,
ashby,spherecast,,2,,unverifiable,no,
ashby,sphinx,,8,,unverifiable,no,
ashby,spiral,,4,,unverifiable,no,
ashby,spoton,SpotOn,72,,unverifiable,no,
ashby,sprig,,7,,unverifiable,no,
ashby,sprinter-health,Sprinter Health,79,,unverifiable,no,
ashby,spruce,Spruce,6,,unverifiable,no,
ashby,spruceid,,5,,unverifiable,no,
ashby,squadai,,4,,unverifiable,no,
ashby,squadformers,,0,,unreachable,no,HTTP 404
ashby,squads,,5,,unverifiable,no,
ashby,squint.ai,,5,,unverifiable,no,
ashby,st-labs,,17,,unverifiable,no,
ashby,stable,,5,,unverifiable,no,
ashby,stack-ai,,22,,unverifiable,no,
ashby,stacker,,1,,unverifiable,no,
ashby,stackone,,6,,unverifiable,no,
ashby,stacks,,6,,unverifiable,no,
ashby,standardfleet,,1,,unverifiable,no,
ashby,standardsubsea,,2,,unverifiable,no,
ashby,starbridge,,10,,unverifiable,no,
ashby,starfish-space-inc,,13,,unverifiable,no,
ashby,stargate-foundation,,3,,unverifiable,no,
ashby,starpath.space,,25,,unverifiable,no,
ashby,statista,,37,,unverifiable,no,
ashby,stayai,,2,,unverifiable,no,
ashby,steadily,,36,,unverifiable,no,
ashby,stedi,,16,,unverifiable,no,
ashby,steel,Steel,2,,unverifiable,no,
ashby,stellar,,30,,unverifiable,no,
ashby,stellar-health,,8,,unverifiable,no,
ashby,stellarentertainment,,6,,unverifiable,no,
ashby,stellic,,12,,unverifiable,no,
ashby,stensul,,5,,unverifiable,no,
ashby,stepful,,50,,unverifiable,no,
ashby,stickermule,,7,,unverifiable,no,
ashby,stora,,2,,unverifiable,no,
ashby,stotles.com,,0,,unverifiable,no,
ashby,stradahq,,5,,unverifiable,no,
ashby,strala-ai,,9,,unverifiable,no,
ashby,strategic-growth-partners,,17,,unverifiable,no,
ashby,stratum-ai,,11,,unverifiable,no,
ashby,strava,Strava,30,,unverifiable,no,
ashby,stream,Stream,3,,unverifiable,no,
ashby,strella,,4,,unverifiable,no,
ashby,strider-technologies,,18,,unverifiable,no,
ashby,stronghold,,2,,unverifiable,no,
ashby,stytch,Stytch,0,,unverifiable,no,
ashby,substack,Substack,17,,unverifiable,no,
ashby,subzero,,1,,unverifiable,no,
ashby,succinct,,1,,unverifiable,no,
ashby,suite-studios,,8,,unverifiable,no,
ashby,summation,,7,,unverifiable,no,
ashby,summerhealth,,2,,unverifiable,no,
ashby,sunday,,24,,unverifiable,no,
ashby,sunday-natural,,28,,unverifiable,no,
ashby,suno,,66,,unverifiable,no,
ashby,sunrise,Sunrise Robotics Corporation,11,,unverifiable,no,
ashby,sunset,,14,,unverifiable,no,
ashby,supa,Supa,3,,unverifiable,no,
ashby,supabase,Supabase,48,,unverifiable,no,
ashby,super.com,,16,,unverifiable,no,
ashby,supercell,,34,,unverifiable,no,
ashby,superconductor,,3,,unverifiable,no,
ashby,superdial,,8,,unverifiable,no,
ashby,superpower,,28,,unverifiable,no,
ashby,surgimate,,3,,unverifiable,no,
ashby,swans,,6,,unverifiable,no,
ashby,swarmaero,,42,,unverifiable,no,
ashby,swarmer,,11,,unverifiable,no,
ashby,swarmia,,5,,unverifiable,no,
ashby,sweatpals,,5,,unverifiable,no,
ashby,sweedpos.com,,12,,unverifiable,no,
ashby,sweep,,7,,unverifiable,no,
ashby,sybill-ai,,0,,unverifiable,no,
ashby,sydecar,,13,,unverifiable,no,
ashby,sygaldry-technologies,,16,,unverifiable,no,
ashby,sylvera,Sylvera,5,,unverifiable,no,
ashby,symbiotic,,3,,unverifiable,no,
ashby,syndica,,4,,unverifiable,no,
ashby,synthesia,Synthesia,49,,unverifiable,no,
ashby,t1energy,T1 Energy,46,,unverifiable,no,
ashby,taaraconnect,,22,,unverifiable,no,
ashby,tacto,,22,,unverifiable,no,
ashby,taekus,,12,,unverifiable,no,
ashby,take2,,6,,unverifiable,no,
ashby,tako,,14,,unverifiable,no,
ashby,taktile,,38,,unverifiable,no,
ashby,talentsafari,,19,,unverifiable,no,
ashby,talkiatry,Talkiatry,183,,unverifiable,no,
ashby,talos-trading,,18,,unverifiable,no,
ashby,tandem-health,,61,,unverifiable,no,
ashby,tandempv,,5,,unverifiable,no,
ashby,tango,Tango Therapeutics,3,,unverifiable,no,
ashby,tapblaze,,3,,unverifiable,no,
ashby,tapcart,,10,,unverifiable,no,
ashby,taptapsend,,36,,unverifiable,no,
ashby,tarro,,36,,unverifiable,no,
ashby,tavahealth,,4,,unverifiable,no,
ashby,tavily,,18,,unverifiable,no,
ashby,tavrn,,8,,unverifiable,no,
ashby,tavus,,16,,unverifiable,no,
ashby,taxfix.com,,23,,unverifiable,no,
ashby,taxwire,,10,,unverifiable,no,
ashby,tbc,,4,,unverifiable,no,
ashby,tdv,,1,,unverifiable,no,
ashby,teal-health,,4,,unverifiable,no,
ashby,teamdynamix,,3,,unverifiable,no,
ashby,teameigen,,2,,unverifiable,no,
ashby,teamworks,,20,,unverifiable,no,
ashby,tebi,,18,,unverifiable,no,
ashby,techtorch,,8,,unverifiable,no,
ashby,teero,,4,,unverifiable,no,
ashby,telepatia,,15,,unverifiable,no,
ashby,telli,,21,,unverifiable,no,
ashby,tellos,,38,,unverifiable,no,
ashby,telus-digital,TELUS Digital,68,,unverifiable,no,
ashby,tem,,23,,unverifiable,no,
ashby,temper,Temper,5,,unverifiable,no,
ashby,tempo,Tempo,9,,unverifiable,no,
ashby,tempo-io,,18,,unverifiable,no,
ashby,tempo-xyz,,16,,unverifiable,no,
ashby,tenderly,,2,,unverifiable,no,
ashby,tenex,,44,,unverifiable,no,
ashby,tenexlabs,,23,,unverifiable,no,
ashby,tennr,,27,,unverifiable,no,
ashby,tensec,,12,,unverifiable,no,
ashby,tensorwave,,38,,unverifiable,no,
ashby,terac,,63,,unverifiable,no,
ashby,terminal-industries,,1,,unverifiable,no,
ashby,terra,TERRA,10,,unverifiable,no,
ashby,tessera-labs,,20,,unverifiable,no,
ashby,tesslcareers,,8,,unverifiable,no,
ashby,testgorilla,,3,,unverifiable,no,
ashby,teton,,22,,unverifiable,no,
ashby,texture,,7,,unverifiable,no,
ashby,teya,Teya,125,,unverifiable,no,
ashby,tgc,,9,,unverifiable,no,
ashby,thaleron,,2,,unverifiable,no,
ashby,the-exploration-company,The Exploration Company,109,,unverifiable,no,
ashby,the-flex,,8,,unverifiable,no,
ashby,the-global-talent-co,,83,,unverifiable,no,
ashby,the-studio,,5,,unverifiable,no,
ashby,the-suite,,3,,unverifiable,no,
ashby,the-token-company,,3,,unverifiable,no,
ashby,thebotcompany,,7,,unverifiable,no,
ashby,themindcompany,,0,,unreachable,no,HTTP 404
ashby,theori,,2,,unverifiable,no,
ashby,third-space-therapy,,44,,unverifiable,no,
ashby,thndr,,8,,unverifiable,no,
ashby,thought-machine,,42,,unverifiable,no,
ashby,thread-ai,,12,,unverifiable,no,
ashby,thrill-labs,,6,,unverifiable,no,
ashby,thumbtack,,57,,unverifiable,no,
ashby,tiger,Tiger,4,,unverifiable,no,
ashby,tigerdata,,14,,unverifiable,no,
ashby,tight,,3,,unverifiable,no,
ashby,tilderesearch,,3,,unverifiable,no,
ashby,tillo,,4,,unverifiable,no,
ashby,tilt,,2,,unverifiable,no,
ashby,tilthq,,22,,unverifiable,no,
ashby,timely,,7,,unverifiable,no,
ashby,tin-can,,20,,unverifiable,no,
ashby,tinkermode,,4,,unverifiable,no,
ashby,titan,Titan,12,,unverifiable,no,
ashby,titan-ai,,13,,unverifiable,no,
ashby,titan-msp,,13,,unverifiable,no,
ashby,tivita,,3,,unverifiable,no,
ashby,tldr.tech,,7,,unverifiable,no,
ashby,tldraw,tldraw,1,,unverifiable,no,
ashby,todyl,Todyl,0,,unreachable,no,HTTP 404
ashby,tolken,,4,,unverifiable,no,
ashby,tomo,,13,,unverifiable,no,
ashby,toms,,2,,unverifiable,no,
ashby,tonal,,24,,unverifiable,no,
ashby,toogeza,,49,,unverifiable,no,
ashby,top-hat,,7,,unverifiable,no,
ashby,topline-pro,,13,,unverifiable,no,
ashby,tortus,,2,,unverifiable,no,
ashby,traba,,31,,unverifiable,no,
ashby,tracebit,,3,,unverifiable,no,
ashby,tracelabs,,1,,unverifiable,no,
ashby,tractable,,3,,unverifiable,no,
ashby,tradeify,,11,,unverifiable,no,
ashby,trading212,,66,,unverifiable,no,
ashby,trainline,,29,,unverifiable,no,
ashby,trajectory,,6,,unverifiable,no,
ashby,traversal,,27,,unverifiable,no,
ashby,trawa,,16,,unverifiable,no,
ashby,tray-ai,,4,,unverifiable,no,
ashby,tread,,7,,unverifiable,no,
ashby,treeswift,,10,,unverifiable,no,
ashby,trenchant,Trenchant,6,,unverifiable,no,
ashby,triedge-investments,,5,,unverifiable,no,
ashby,triumph-arcade,,23,,unverifiable,no,
ashby,trm-labs,TRM Labs,112,,unverifiable,no,
ashby,troveo,,2,,unverifiable,no,
ashby,truelinkfinancial,,2,,unverifiable,no,
ashby,truelogic,Truelogic,166,,unverifiable,no,
ashby,trust-wallet,,14,,unverifiable,no,
ashby,trustedhealth,Trusted Health,1,,unverifiable,no,
ashby,truthsystems,,0,,unreachable,no,HTTP 404
ashby,tryalma,,11,,unverifiable,no,
ashby,turbopuffer,,5,,unverifiable,no,
ashby,turion-space,,1,,unverifiable,no,
ashby,turnkey,,13,,unverifiable,no,
ashby,turquoise-health,,16,,unverifiable,no,
ashby,twelve,,5,,unverifiable,no,
ashby,twelve-labs,,18,,unverifiable,no,
ashby,twenty,Twenty,37,,unverifiable,no,
ashby,twin-so,,3,,unverifiable,no,
ashby,tyba,,6,,unverifiable,no,
ashby,tycho-ai,,10,,unverifiable,no,
ashby,typesafe-ai,,10,,unverifiable,no,
ashby,tzafon,,3,,unverifiable,no,
ashby,uipath,UiPath,98,,unverifiable,no,
ashby,ultra,Ultra Pouches,3,,unverifiable,no,
ashby,ultralytics,,11,,unverifiable,no,
ashby,umbrel,,11,,unverifiable,no,
ashby,unblocked,,2,,unverifiable,no,
ashby,uncountable,,31,,unverifiable,no,
ashby,unicornpro,,5,,unverifiable,no,
ashby,unicourt,UniCourt Inc,4,,unverifiable,no,
ashby,unify,Unify,10,,unverifiable,no,
ashby,union,UNION ELECTRIC,0,,unverifiable,no,
ashby,union-tech,,9,,unverifiable,no,
ashby,uniswap,,7,,unverifiable,no,
ashby,unit,Unit,3,,unverifiable,no,
ashby,united-talent-agency,,38,,unverifiable,no,
ashby,uniti,Uniti AI,8,,unverifiable,no,
ashby,unitxlabs,,10,,unverifiable,no,
ashby,unity-advisory,,22,,unverifiable,no,
ashby,universe,Universe,17,,unverifiable,no,
ashby,unstructured,,5,,unverifiable,no,
ashby,unto-labs,,3,,unverifiable,no,
ashby,upchurch,Upchurch,91,,unverifiable,no,
ashby,upcodes,,3,,unverifiable,no,
ashby,upside,,18,,unverifiable,no,
ashby,upvest,,15,,unverifiable,no,
ashby,usul,,6,,unverifiable,no,
ashby,v7labs.com,,5,,unverifiable,no,
ashby,valency,,7,,unverifiable,no,
ashby,valeriehealth,,13,,unverifiable,no,
ashby,valinor,,8,,unverifiable,no,
ashby,valon,,25,,unverifiable,no,
ashby,vals-ai,,7,,unverifiable,no,
ashby,valthos,,8,,unverifiable,no,
ashby,vandenboomassociates,,4,,unverifiable,no,
ashby,vanilla,,2,,unverifiable,no,
ashby,vanna-health-inc,,7,,unverifiable,no,
ashby,vanta,Vanta,84,,unverifiable,no,
ashby,vantage,Vantage,5,,unverifiable,no,
ashby,vantageanalytics,,6,,unverifiable,no,
ashby,vantheon,,0,,unverifiable,no,
ashby,vapi,,26,,unverifiable,no,
ashby,varick-agents,,4,,unverifiable,no,
ashby,vasco,,4,,unverifiable,no,
ashby,vclusterlabs,,17,,unverifiable,no,
ashby,vector,Vector,5,,unverifiable,no,
ashby,veezu,,15,,unverifiable,no,
ashby,vega,vega,3,,unverifiable,no,
ashby,velocity,,11,,unverifiable,no,
ashby,vend-park,,2,,unverifiable,no,
ashby,vendelux,,16,,unverifiable,no,
ashby,venn,,12,,unverifiable,no,
ashby,ventuals,,1,,unverifiable,no,
ashby,verge-genomics,,1,,unverifiable,no,
ashby,verisoul,,7,,unverifiable,no,
ashby,versemedical,,33,,unverifiable,no,
ashby,vertical-aerospace,,6,,unverifiable,no,
ashby,verticalsemi,,5,,unverifiable,no,
ashby,vertice,,37,,unverifiable,no,
ashby,verto,,1,,unverifiable,no,
ashby,vesta,Vesta Innovations Inc.,12,,unverifiable,no,
ashby,vetcove,,27,,unverifiable,no,
ashby,vibe,,18,,unverifiable,no,
ashby,victorious,,4,,unverifiable,no,
ashby,videa.ai,,15,,unverifiable,no,
ashby,vidmob,,3,,unverifiable,no,
ashby,viktor,,27,,unverifiable,no,
ashby,vinci4d,,0,,unreachable,no,HTTP 404
ashby,vio,,7,,unverifiable,no,
ashby,virahealth,,15,,unverifiable,no,
ashby,virio,,10,,unverifiable,no,
ashby,virtahealth,,21,,unverifiable,no,
ashby,virtuous,,15,,unverifiable,no,
ashby,vistar,,12,,unverifiable,no,
ashby,vital-lyfe,,12,,unverifiable,no,
ashby,vitalize,,13,,unverifiable,no,
ashby,vitvio,,1,,unverifiable,no,
ashby,vivian-health,,1,,unverifiable,no,
ashby,vivun,,2,,unverifiable,no,
ashby,vizcom,,7,,unverifiable,no,
ashby,vocca,,18,,unverifiable,no,
ashby,voize,,42,,unverifiable,no,
ashby,volka,,10,,unverifiable,no,
ashby,voltai.careers,,30,,unverifiable,no,
ashby,voltrac,,5,,unverifiable,no,
ashby,voodoo,Voodoo,120,,unverifiable,no,
ashby,vooma,,11,,unverifiable,no,
ashby,vow,,1,,unverifiable,no,
ashby,voxel,,9,,unverifiable,no,
ashby,voyfai,,8,,unverifiable,no,
ashby,vultr,,55,,unverifiable,no,
ashby,vyn,,1,,unverifiable,no,
ashby,vynca,,34,,unverifiable,no,
ashby,wafer,,2,,unverifiable,no,
ashby,wagmo,,3,,unverifiable,no,
ashby,wallbit,,2,,unverifiable,no,
ashby,walrus,Walrus Foundation,2,,unverifiable,no,
ashby,walrusfi,,2,,unverifiable,no,
ashby,warp,Warp,22,,unverifiable,no,
ashby,warren,,12,,unverifiable,no,
ashby,watershed,Watershed,37,,unverifiable,no,
ashby,watney,,25,,unverifiable,no,
ashby,wayflyer,,19,,unverifiable,no,
ashby,wealth-com,,16,,unverifiable,no,
ashby,wealthsimple,,45,,unverifiable,no,
ashby,weave,,25,,unverifiable,no,
ashby,weave-grid,,3,,unverifiable,no,
ashby,weaviate,Weaviate,3,,unverifiable,no,
ashby,webai,,20,,unverifiable,no,
ashby,welltech,,18,,unverifiable,no,
ashby,welltheory,,13,,unverifiable,no,
ashby,wemolo,,23,,unverifiable,no,
ashby,wetravel,,22,,unverifiable,no,
ashby,what3words,,5,,unverifiable,no,
ashby,wheel,,7,,unverifiable,no,
ashby,whetstoneresearch,,5,,unverifiable,no,
ashby,whippy,,9,,unverifiable,no,
ashby,whitecircle,,21,,unverifiable,no,
ashby,whoop,Whoop,154,,unverifiable,no,
ashby,whop,,28,,unverifiable,no,
ashby,willow-health,,6,,unverifiable,no,
ashby,wincent,,16,,unverifiable,no,
ashby,windborne-systems,,19,,unverifiable,no,
ashby,windfall,,3,,unverifiable,no,
ashby,windmill,,0,,unreachable,no,HTTP 404
ashby,windranger,,7,,unverifiable,no,
ashby,wirescreen,,6,,unverifiable,no,
ashby,wispr-flow,,29,,unverifiable,no,
ashby,withclutch,,14,,unverifiable,no,
ashby,withpace,,22,,unverifiable,no,
ashby,withpulley,,15,,unverifiable,no,
ashby,witnessai,,8,,unverifiable,no,
ashby,wonderly,,6,,unverifiable,no,
ashby,wordsmith,Wordsmith AI,20,,unverifiable,no,
ashby,workerbase,,7,,unverifiable,no,
ashby,workhero,,4,,unverifiable,no,
ashby,workos,WorkOS,31,,unverifiable,no,
ashby,workwhilejobs,,9,,unverifiable,no,
ashby,workyard,,6,,unverifiable,no,
ashby,worldly,,10,,unverifiable,no,
ashby,wormholelabs,,7,,unverifiable,no,
ashby,wraithwatch,,6,,unverifiable,no,
ashby,wrapbook,,14,,unverifiable,no,
ashby,writer,,49,,unverifiable,no,
ashby,wynd-labs,,8,,unverifiable,no,
ashby,xbowcareers,,5,,unverifiable,no,
ashby,xds,,25,,unverifiable,no,
ashby,xenon,Xenon Pharmaceuticals,33,,unverifiable,no,
ashby,xero,Xero,117,,unverifiable,no,
ashby,xona-space,,59,,unverifiable,no,
ashby,xyz-reality,,44,,unverifiable,no,
ashby,yazio,,5,,unverifiable,no,
ashby,ycombinator,,9,,unverifiable,no,
ashby,yepoda,,19,,unverifiable,no,
ashby,yobi,,6,,unverifiable,no,
ashby,yondr,,9,,unverifiable,no,
ashby,yubo,Yubo,4,,unverifiable,no,
ashby,yutori,,0,,unreachable,no,HTTP 404
ashby,zapier,Zapier,11,,unverifiable,no,
ashby,zauber,,5,,unverifiable,no,
ashby,zayzoon,,2,,unverifiable,no,
ashby,zed,,1,,unverifiable,no,
ashby,zeely,,24,,unverifiable,no,
ashby,zefir,,11,,unverifiable,no,
ashby,zefr,,3,,unverifiable,no,
ashby,zeit-ai,,7,,unverifiable,no,
ashby,zencastr,,5,,unverifiable,no,
ashby,ziina,,16,,unverifiable,no,
ashby,zip,Zip,124,,unverifiable,no,
ashby,ziplines,,3,,unverifiable,no,
ashby,zoe,,7,,unverifiable,no,
ashby,zoomlogi,,7,,unverifiable,no,
ashby,zyphra,,14,,unverifiable,no,
bamboohr,100percentgroup,,1,1,complete,yes,
bamboohr,1010games,,3,3,complete,yes,
bamboohr,10tengaming,,0,,unreachable,yes,JSONDecodeError: Expecting value: line 1 column 1 (char 0
bamboohr,12thtribe,,3,3,complete,yes,
bamboohr,17live,,9,9,complete,yes,
bamboohr,24slg,,5,5,complete,yes,
bamboohr,2innovateit,,5,5,complete,yes,
bamboohr,2ndfamilyinc,,4,4,complete,yes,
bamboohr,31greenltd,,5,5,complete,yes,
bamboohr,321theagency,,14,14,complete,yes,
bamboohr,333rent,,10,10,complete,yes,
bamboohr,35n,,10,10,complete,yes,
bamboohr,360vuz,,18,18,complete,yes,
bamboohr,3ap,,2,2,complete,yes,
bamboohr,3yourmind,,4,4,complete,yes,
bamboohr,401auto,,129,129,complete,yes,
bamboohr,4seasonstransport,,3,3,complete,yes,
bamboohr,50north,,5,5,complete,yes,
bamboohr,5icloudsolutions,,21,21,complete,yes,
bamboohr,603legalaid,,3,3,complete,yes,
bamboohr,826boston,,1,1,complete,yes,
bamboohr,8rivers,,2,2,complete,yes,
bamboohr,97thfloor,,10,10,complete,yes,
bamboohr,98ventures,,2,2,complete,yes,
bamboohr,a24group,,24,24,complete,yes,
bamboohr,a3,,29,29,complete,yes,
bamboohr,a4hc,,2,2,complete,yes,
bamboohr,abaxx,,8,8,complete,yes,
bamboohr,abbfpw,,14,14,complete,yes,
bamboohr,abcpathways,,4,4,complete,yes,
bamboohr,abd,,1,1,complete,yes,
bamboohr,abdosolutions,,14,14,complete,yes,
bamboohr,abem,,2,2,complete,yes,
bamboohr,abfacilityservice,,22,22,complete,yes,
bamboohr,ableartswork,,4,4,complete,yes,
bamboohr,aboitiz,,1,1,complete,yes,
bamboohr,aboutenergyuk,,1,1,complete,yes,
bamboohr,abqcf,,3,3,complete,yes,
bamboohr,abramslaw,,17,17,complete,yes,
bamboohr,absco,,5,5,complete,yes,
bamboohr,absedu,,3,3,complete,yes,
bamboohr,abstra,,20,20,complete,yes,
bamboohr,abx,,6,6,complete,yes,
bamboohr,abyss,,3,3,complete,yes,
bamboohr,academyofalameda,,2,2,complete,yes,
bamboohr,accec,,1,1,complete,yes,
bamboohr,acceler8labs,,6,6,complete,yes,
bamboohr,accelion,,32,32,complete,yes,
bamboohr,accesscommunitycare,,9,9,complete,yes,
bamboohr,accessnow,,2,2,complete,yes,
bamboohr,accialcapitalllc,,2,2,complete,yes,
bamboohr,accordant,,7,7,complete,yes,
bamboohr,accuratetemps,,58,58,complete,yes,
bamboohr,acecc,,2,2,complete,yes,
bamboohr,aceinctrial,,11,11,complete,yes,
bamboohr,acg,,4,4,complete,yes,
bamboohr,achenhenderson,,1,1,complete,yes,
bamboohr,achieveit,,3,3,complete,yes,
bamboohr,acino,,58,58,complete,yes,
bamboohr,ackard,,5,5,complete,yes,
bamboohr,acleddata,,4,4,complete,yes,
bamboohr,acludc,,0,0,complete,yes,
bamboohr,acord,,1,1,complete,yes,
bamboohr,acornbiolabs,,2,2,complete,yes,
bamboohr,acornstrategy,,7,7,complete,yes,
bamboohr,acrylicize,,4,4,complete,yes,
bamboohr,actionaidinternational,,0,0,complete,yes,
bamboohr,actionvfx,,1,1,complete,yes,
bamboohr,activategames,,37,37,complete,yes,
bamboohr,actyhr,,2,2,complete,yes,
bamboohr,acuityinnovations,,8,8,complete,yes,
bamboohr,adcomms,,4,4,complete,yes,
bamboohr,adcraft,,1,1,complete,yes,
bamboohr,addastar,,1,1,complete,yes,
bamboohr,addium,,5,5,complete,yes,
bamboohr,adeptag,,7,7,complete,yes,
bamboohr,adinstruments,,3,3,complete,yes,
bamboohr,adistec,,28,28,complete,yes,
bamboohr,adps,,7,7,complete,yes,
bamboohr,adsignal,,1,1,complete,yes,
bamboohr,adterra,,9,9,complete,yes,
bamboohr,advancedelectricmachines,,4,4,complete,yes,
bamboohr,adventgroup,,3,3,complete,yes,
bamboohr,adventistmediaministries,,12,12,complete,yes,
bamboohr,adventurermanufacturing,,8,8,complete,yes,
bamboohr,aecc,,37,37,complete,yes,
bamboohr,aeimusic,,2,2,complete,yes,
bamboohr,aelcc,,2,2,complete,yes,
bamboohr,aerobotics,,1,1,complete,yes,
bamboohr,aerodynamics,,3,3,complete,yes,
bamboohr,aeropm,,8,8,complete,yes,
bamboohr,afg,,10,10,complete,yes,
bamboohr,afhs,,2,2,complete,yes,
bamboohr,aflacni,,3,3,complete,yes,
bamboohr,aflatoun,,4,4,complete,yes,
bamboohr,afn,,4,4,complete,yes,
bamboohr,afternow,,7,7,complete,yes,
bamboohr,aftershockmediagroup,,3,3,complete,yes,
bamboohr,agencyadministrators,,5,5,complete,yes,
bamboohr,agenticdream,,14,14,complete,yes,
bamboohr,agheritagefcs,,4,4,complete,yes,
bamboohr,agilebridge,,15,15,complete,yes,
bamboohr,agilityfeat,,14,14,complete,yes,
bamboohr,agsi,,13,13,complete,yes,
bamboohr,agua,,8,8,complete,yes,
bamboohr,ahcmo,,42,42,complete,yes,
bamboohr,ahkgroup,,77,77,complete,yes,
bamboohr,aicdac,,2,2,complete,yes,
bamboohr,aider,,1,1,complete,yes,
bamboohr,aier,,6,6,complete,yes,
bamboohr,aimsnei,,1,1,complete,yes,
bamboohr,aircontrolaz,,9,9,complete,yes,
bamboohr,aircraftperformancegroup,,1,1,complete,yes,
bamboohr,airprodiagnostics,,16,16,complete,yes,
bamboohr,airx,,4,4,complete,yes,
bamboohr,aisle518,,6,6,complete,yes,
bamboohr,aisobservers,,17,17,complete,yes,
bamboohr,aiu,,39,39,complete,yes,
bamboohr,ajcgroup,,34,34,complete,yes,
bamboohr,ajssafeplace,,13,13,complete,yes,
bamboohr,akinox,,3,3,complete,yes,
bamboohr,akselos,,7,7,complete,yes,
bamboohr,alabamaagcredit,,3,3,complete,yes,
bamboohr,alaskacenter,,2,2,complete,yes,
bamboohr,alaskacf,,2,2,complete,yes,
bamboohr,albo,,4,4,complete,yes,
bamboohr,alclvma,,14,14,complete,yes,
bamboohr,alexandriasheriffsoffice,,1,1,complete,yes,
bamboohr,alicetechnologies,,1,1,complete,yes,
bamboohr,alignops,,4,4,complete,yes,
bamboohr,aline,,6,6,complete,yes,
bamboohr,alkira,,26,26,complete,yes,
bamboohr,allbeauty,,1,1,complete,yes,
bamboohr,alleghenycounty,,10,10,complete,yes,
bamboohr,allenleighconsulting,,3,3,complete,yes,
bamboohr,allhandsandhearts,,9,9,complete,yes,
bamboohr,alliancefamilyservices,,3,3,complete,yes,
bamboohr,alliancefordecisioneducation,,2,2,complete,yes,
bamboohr,alliancepainting,,14,14,complete,yes,
bamboohr,alligatorsteps,,3,3,complete,yes,
bamboohr,allinenergy,,1,1,complete,yes,
bamboohr,allocator,,7,7,complete,yes,
bamboohr,allpressespresso,,16,16,complete,yes,
bamboohr,alogent,,2,2,complete,yes,
bamboohr,alstonco,,78,78,complete,yes,
bamboohr,alt21,,12,12,complete,yes,
bamboohr,altis,,13,13,complete,yes,
bamboohr,altiustestprep1,,9,9,complete,yes,
bamboohr,altusschools,,12,12,complete,yes,
bamboohr,alviere,,3,3,complete,yes,
bamboohr,alzheimerjourney,,0,0,complete,yes,
bamboohr,amaramassage,,1,1,complete,yes,
bamboohr,amazonfrontlines,,0,0,complete,yes,
bamboohr,amazonwatch,,2,2,complete,yes,
bamboohr,americanalpineclub,,3,3,complete,yes,
bamboohr,americanautomation,,3,3,complete,yes,
bamboohr,americanbankmontana,,8,8,complete,yes,
bamboohr,americancareacademy,,1,1,complete,yes,
bamboohr,americandatanetwork,,15,15,complete,yes,
bamboohr,americanrivers,,0,0,complete,yes,
bamboohr,americansunited,,5,5,complete,yes,
bamboohr,americanyouthworks,,7,7,complete,yes,
bamboohr,americranerentals,,10,10,complete,yes,
bamboohr,ameriguardsecurity,,4,4,complete,yes,
bamboohr,ameripharma,,49,49,complete,yes,
bamboohr,amidel,,15,15,complete,yes,
bamboohr,amini,,4,4,complete,yes,
bamboohr,amped,,7,7,complete,yes,
bamboohr,ampowrbv,,9,9,complete,yes,
bamboohr,amsterdamhousingauthority,,2,2,complete,yes,
bamboohr,amuseanimation,,9,9,complete,yes,
bamboohr,amwhealth,,4,4,complete,yes,
bamboohr,anaergia,,29,29,complete,yes,
bamboohr,anapaya,,3,3,complete,yes,
bamboohr,anchorageparkfoundation,,1,1,complete,yes,
bamboohr,anchorqea,,26,26,complete,yes,
bamboohr,andglobal,,4,4,complete,yes,
bamboohr,andile,,6,6,complete,yes,
bamboohr,anewwell,,3,3,complete,yes,
bamboohr,anga,,7,7,complete,yes,
bamboohr,angelhost,,1,1,complete,yes,
bamboohr,animalsasia,,6,6,complete,yes,
bamboohr,animalspecialtycenter,,7,7,complete,yes,
bamboohr,animaltrust,,69,69,complete,yes,
bamboohr,animalz,,3,3,complete,yes,
bamboohr,anixe,,1,1,complete,yes,
bamboohr,annieaesthetic,,33,33,complete,yes,
bamboohr,anonm,,3,3,complete,yes,
bamboohr,anonyome,,2,2,complete,yes,
bamboohr,antares,,11,11,complete,yes,
bamboohr,antavo,,3,3,complete,yes,
bamboohr,anthemproperties,,17,17,complete,yes,
bamboohr,anthonyharper,,11,11,complete,yes,
bamboohr,antillean,,2,2,complete,yes,
bamboohr,anvil,,5,5,complete,yes,
bamboohr,anyday,,3,3,complete,yes,
bamboohr,anyip,,2,2,complete,yes,
bamboohr,anyon,,12,12,complete,yes,
bamboohr,anywheretalent,,16,16,complete,yes,
bamboohr,aoarchitects,,14,14,complete,yes,
bamboohr,aosi,,7,7,complete,yes,
bamboohr,apaa,,4,4,complete,yes,
bamboohr,apexkhomecare,,12,12,complete,yes,
bamboohr,apexplumbing,,7,7,complete,yes,
bamboohr,apexstructural,,18,18,complete,yes,
bamboohr,apfc,,1,1,complete,yes,
bamboohr,apichaya,,1,1,complete,yes,
bamboohr,apluscreative,,0,0,complete,yes,
bamboohr,apmsteam,,4,4,complete,yes,
bamboohr,apolloprojects,,6,6,complete,yes,
bamboohr,apolloscooters,,3,3,complete,yes,
bamboohr,appalachian,,2,2,complete,yes,
bamboohr,applied,,21,21,complete,yes,
bamboohr,applinghealthcare,,24,24,complete,yes,
bamboohr,apraamcos,,4,4,complete,yes,
bamboohr,aqt,,6,6,complete,yes,
bamboohr,aquaexpeditionshr,,13,13,complete,yes,
bamboohr,arachnidworks,,0,0,complete,yes,
bamboohr,aras,,31,31,complete,yes,
bamboohr,arborplaceinc,,3,3,complete,yes,
bamboohr,arcetyp,,138,138,complete,yes,
bamboohr,archetypesc,,4,4,complete,yes,
bamboohr,archford,,3,3,complete,yes,
bamboohr,archipelagocos,,63,63,complete,yes,
bamboohr,arcoirisschool,,3,3,complete,yes,
bamboohr,arcprograms,,11,11,complete,yes,
bamboohr,arctiq,,34,34,complete,yes,
bamboohr,arenko,,2,2,complete,yes,
bamboohr,argosmultilingual,,6,6,complete,yes,
bamboohr,ariadnelabs,,2,2,complete,yes,
bamboohr,arisehomes,,3,3,complete,yes,
bamboohr,arkansasfamilydental,,4,4,complete,yes,
bamboohr,arkoshealth,,4,4,complete,yes,
bamboohr,armstrongfluidtechnology,,156,156,complete,yes,
bamboohr,aroabio,,4,4,complete,yes,
bamboohr,arraymarketing,,10,10,complete,yes,
bamboohr,arrowquip,,1,1,complete,yes,
bamboohr,artelia,,24,24,complete,yes,
bamboohr,artivabio,,20,20,complete,yes,
bamboohr,asbbeer,,13,13,complete,yes,
bamboohr,asbell,,2,2,complete,yes,
bamboohr,ascendenthealth,,11,11,complete,yes,
bamboohr,ascendient,,2,2,complete,yes,
bamboohr,ascensionrecovery,,72,72,complete,yes,
bamboohr,ashesi,,19,19,complete,yes,
bamboohr,asiapacific,,2,2,complete,yes,
bamboohr,asigymnastics,,10,10,complete,yes,
bamboohr,asmadrid,,2,2,complete,yes,
bamboohr,aspirechurch,,1,1,complete,yes,
bamboohr,aspireearlylearningacademy,,10,10,complete,yes,
bamboohr,aspiretech,,1,1,complete,yes,
bamboohr,assemblybioinc,,4,4,complete,yes,
bamboohr,associationfornewcanadians,,8,8,complete,yes,
bamboohr,astrak,,1,1,complete,yes,
bamboohr,astroscale,,46,46,complete,yes,
bamboohr,asuperior,,0,0,complete,yes,
bamboohr,asuresoftware,,46,46,complete,yes,
bamboohr,asylumaccessco,,3,3,complete,yes,
bamboohr,asyousow,,1,1,complete,yes,
bamboohr,atabus,,4,4,complete,yes,
bamboohr,atait,,13,13,complete,yes,
bamboohr,atchleycpas,,3,3,complete,yes,
bamboohr,athena,,2,2,complete,yes,
bamboohr,atheycreek,,6,6,complete,yes,
bamboohr,atiinc,,14,14,complete,yes,
bamboohr,atlanticexps,,0,,unreachable,yes,JSONDecodeError: Expecting value: line 1 column 1 (char 0
bamboohr,atlascredit,,13,13,complete,yes,
bamboohr,atlaselementary,,11,11,complete,yes,
bamboohr,atlasfree,,4,4,complete,yes,
bamboohr,atlasgroupcos,,13,13,complete,yes,
bamboohr,atlasinsurancemalta,,9,9,complete,yes,
bamboohr,atlassurveying,,14,14,complete,yes,
bamboohr,atlbeltline,,1,1,complete,yes,
bamboohr,atomicroastery,,1,1,complete,yes,
bamboohr,atta,,4,4,complete,yes,
bamboohr,atthegrounds,,3,3,complete,yes,
bamboohr,augustrosehc,,4,4,complete,yes,
bamboohr,auratech,,3,3,complete,yes,
bamboohr,auriens,,10,10,complete,yes,
bamboohr,austinbenefits,,4,4,complete,yes,
bamboohr,australeducationgroup,,1,1,complete,yes,
bamboohr,autismcharter,,33,33,complete,yes,
bamboohr,autismnewjersey,,3,3,complete,yes,
bamboohr,automotiveelegance,,12,12,complete,yes,
bamboohr,avahi,,15,15,complete,yes,
bamboohr,avaindustries,,1,1,complete,yes,
bamboohr,avantpage,,22,22,complete,yes,
bamboohr,avcomm,,7,7,complete,yes,
bamboohr,avencera,,4,4,complete,yes,
bamboohr,avidbots,,11,11,complete,yes,
bamboohr,avina,,0,0,complete,yes,
bamboohr,avivahealth,,46,46,complete,yes,
bamboohr,avnan,,5,5,complete,yes,
bamboohr,awanuiteam,,13,13,complete,yes,
bamboohr,awcc,,3,3,complete,yes,
bamboohr,awla,,1,1,complete,yes,
bamboohr,axcera,,9,9,complete,yes,
bamboohr,axiosint,,49,49,complete,yes,
bamboohr,axjs,,8,8,complete,yes,
bamboohr,axomic,,6,6,complete,yes,
bamboohr,ayanmaternity,,2,2,complete,yes,
bamboohr,ayoroasimmons,,11,11,complete,yes,
bamboohr,ayrtonenergy,,3,3,complete,yes,
bamboohr,aytm,,0,0,complete,yes,
bamboohr,azerion,,15,15,complete,yes,
bamboohr,azolver,,13,13,complete,yes,
bamboohr,aztecfoundation,,1,1,complete,yes,
bamboohr,babbage,,10,10,complete,yes,
bamboohr,babyscripts,,3,3,complete,yes,
bamboohr,backbonefiber,,1,1,complete,yes,
bamboohr,badgerstatemaintenance,,4,4,complete,yes,
bamboohr,bahamas,,7,7,complete,yes,
bamboohr,bahras,,12,12,complete,yes,
bamboohr,baileynelson,,110,110,complete,yes,
bamboohr,bakertilly,,0,0,complete,yes,
bamboohr,bakertillycatalyst,,3,3,complete,yes,
bamboohr,bakertillykdn,,8,8,complete,yes,
bamboohr,bakertillyns,,11,11,complete,yes,
bamboohr,bakertillywm,,14,14,complete,yes,
bamboohr,balancetreatment,,9,9,complete,yes,
bamboohr,baldwin,,15,15,complete,yes,
bamboohr,baldwinfamilyhealthcare,,44,44,complete,yes,
bamboohr,balfour,,9,9,complete,yes,
bamboohr,ballerinafarm,,13,13,complete,yes,
bamboohr,balticapprenticeships,,4,4,complete,yes,
bamboohr,bamboonine,,3,3,complete,yes,
bamboohr,banac,,11,11,complete,yes,
bamboohr,banburycrossroads,,2,2,complete,yes,
bamboohr,bankhcb,,1,1,complete,yes,
bamboohr,baptist,,2,2,complete,yes,
bamboohr,bare,,21,21,complete,yes,
bamboohr,barkley,,1,1,complete,yes,
bamboohr,barringtonstageco,,10,10,complete,yes,
bamboohr,barristonlaw,,3,3,complete,yes,
bamboohr,bartowbuilders,,1,1,complete,yes,
bamboohr,base,,5,5,complete,yes,
bamboohr,baselifescience,,10,10,complete,yes,
bamboohr,basemakers,,4,4,complete,yes,
bamboohr,basicresearch1,,1,1,complete,yes,
bamboohr,battleface,,1,1,complete,yes,
bamboohr,bayflatslodge,,11,11,complete,yes,
bamboohr,bayhaven,,10,10,complete,yes,
bamboohr,bayswater,,6,6,complete,yes,
bamboohr,bayvenues,,6,6,complete,yes,
bamboohr,baywasolarsystems,,6,6,complete,yes,
bamboohr,bbf,,45,45,complete,yes,
bamboohr,bbmrieric,,1,1,complete,yes,
bamboohr,bc2,,1,1,complete,yes,
bamboohr,bcfsc,,3,3,complete,yes,
bamboohr,bcmone,,9,9,complete,yes,
bamboohr,bcndpcaucus,,3,3,complete,yes,
bamboohr,bcparksfoundation,,1,1,complete,yes,
bamboohr,bcrc,,5,5,complete,yes,
bamboohr,bddec,,6,6,complete,yes,
bamboohr,bdhall,,35,35,complete,yes,
bamboohr,bdozambia,,6,6,complete,yes,
bamboohr,beamca,,25,25,complete,yes,
bamboohr,beatport,,0,0,complete,yes,
bamboohr,beckautogroup,,14,14,complete,yes,
bamboohr,beehiiv,,2,2,complete,yes,
bamboohr,belaircare,,1,1,complete,yes,
bamboohr,belaydiagnostics,,1,1,complete,yes,
bamboohr,belizewatertaxi,,17,17,complete,yes,
bamboohr,bellair,,10,10,complete,yes,
bamboohr,bellgroup,,0,,unreachable,yes,JSONDecodeError: Expecting value: line 1 column 1 (char 0
bamboohr,bellmedia,,1,1,complete,yes,
bamboohr,bellnunnally,,3,3,complete,yes,
bamboohr,bellwether,,6,6,complete,yes,
bamboohr,beltonmo,,19,19,complete,yes,
bamboohr,benchmarkgensuite,,28,28,complete,yes,
bamboohr,benefithub,,6,6,complete,yes,
bamboohr,beneng,,1,1,complete,yes,
bamboohr,bengenro,,3,3,complete,yes,
bamboohr,bentonvillear,,27,27,complete,yes,
bamboohr,benziebus,,2,2,complete,yes,
bamboohr,beqom,,38,38,complete,yes,
bamboohr,berkshiregrey,,24,24,complete,yes,
bamboohr,berlincommunications,,2,2,complete,yes,
bamboohr,berlinpackagingemea,,1,1,complete,yes,
bamboohr,berlitz,,26,26,complete,yes,
bamboohr,betadwarfaps,,2,2,complete,yes,
bamboohr,bethanyassemblymi,,2,2,complete,yes,
bamboohr,bethard,,2,2,complete,yes,
bamboohr,betonalfa,,2,2,complete,yes,
bamboohr,betterearth,,4,4,complete,yes,
bamboohr,beyelbrothers,,25,25,complete,yes,
bamboohr,beyond20,,6,6,complete,yes,
bamboohr,bga,,21,21,complete,yes,
bamboohr,bgcalbany,,2,2,complete,yes,
bamboohr,bgcengineering,,26,26,complete,yes,
bamboohr,bgcgarfield,,4,4,complete,yes,
bamboohr,bgcokanagan,,45,45,complete,yes,
bamboohr,bgmgroup,,16,16,complete,yes,
bamboohr,bhaservices,,35,35,complete,yes,
bamboohr,bhcconsultants,,3,3,complete,yes,
bamboohr,bhrrc,,2,2,complete,yes,
bamboohr,bibliu,,26,26,complete,yes,
bamboohr,bickhamservices,,11,11,complete,yes,
bamboohr,bidayamedia,,1,1,complete,yes,
bamboohr,billigence,,24,24,complete,yes,
bamboohr,billingplatform,,5,5,complete,yes,
bamboohr,bimeda,,23,23,complete,yes,
bamboohr,binghamacademy,,10,10,complete,yes,
bamboohr,binnie,,22,22,complete,yes,
bamboohr,binsentry,,24,24,complete,yes,
bamboohr,biolite,,1,1,complete,yes,
bamboohr,biologicaldiversity,,9,9,complete,yes,
bamboohr,biophorum,,7,7,complete,yes,
bamboohr,birdandblendteaco,,8,8,complete,yes,
bamboohr,bison,,5,5,complete,yes,
bamboohr,bitcoin,,5,5,complete,yes,
bamboohr,bitrise,,8,8,complete,yes,
bamboohr,bitwizards,,1,1,complete,yes,
bamboohr,bjconline,,1,1,complete,yes,
bamboohr,bkimechanical,,29,29,complete,yes,
bamboohr,blackmonpower,,1,1,complete,yes,
bamboohr,blackpanda,,19,19,complete,yes,
bamboohr,blacksunplc,,12,12,complete,yes,
bamboohr,bladmin,,25,25,complete,yes,
bamboohr,blanclabs,,11,11,complete,yes,
bamboohr,bldmpr,,31,31,complete,yes,
bamboohr,bleems,,3,3,complete,yes,
bamboohr,blinknow,,5,5,complete,yes,
bamboohr,bljworldwide,,12,12,complete,yes,
bamboohr,bloc,,2,2,complete,yes,
bamboohr,bloedelreserve,,3,3,complete,yes,
bamboohr,bloomadsglobalmedia,,4,4,complete,yes,
bamboohr,bloomapp,,3,3,complete,yes,
bamboohr,bloomfinancial,,5,5,complete,yes,
bamboohr,blossomonlopez,,2,2,complete,yes,
bamboohr,bluebridge,,9,9,complete,yes,
bamboohr,bluecadet,,3,3,complete,yes,
bamboohr,bluecanyontech,,22,22,complete,yes,
bamboohr,bluefield,,3,3,complete,yes,
bamboohr,bluehubcapital,,2,2,complete,yes,
bamboohr,blueleaf,,2,2,complete,yes,
bamboohr,bluemarvelai,,1,1,complete,yes,
bamboohr,bluemountainactioncouncil,,7,7,complete,yes,
bamboohr,blueorchard,,3,3,complete,yes,
bamboohr,bluewateremergency,,12,12,complete,yes,
bamboohr,blumetric,,14,14,complete,yes,
bamboohr,bmcc,,9,9,complete,yes,
bamboohr,bmit,,6,6,complete,yes,
bamboohr,bnsflogistics,,1,1,complete,yes,
bamboohr,bobmeansplumbing,,2,2,complete,yes,
bamboohr,bofish,,4,4,complete,yes,
bamboohr,boilerroom,,1,1,complete,yes,
bamboohr,boldcommerce,,3,3,complete,yes,
bamboohr,boldens,,3,3,complete,yes,
bamboohr,boltdata,,6,6,complete,yes,
bamboohr,bonaventurelab,,8,8,complete,yes,
bamboohr,bonfe,,15,15,complete,yes,
bamboohr,bonfirelabs,,7,7,complete,yes,
bamboohr,bonitzga,,5,5,complete,yes,
bamboohr,bontonassociates,,2,2,complete,yes,
bamboohr,boostcyac,,1,1,complete,yes,
bamboohr,booxi,,3,3,complete,yes,
bamboohr,borealisbio,,2,2,complete,yes,
bamboohr,boroughofwaynesboro,,2,2,complete,yes,
bamboohr,bostonanalytical,,6,6,complete,yes,
bamboohr,bothwellaccurate,,3,3,complete,yes,
bamboohr,boutenconstruction,,10,10,complete,yes,
bamboohr,bowery,,19,19,complete,yes,
bamboohr,bowvalleycu,,3,3,complete,yes,
bamboohr,boxpower,,3,3,complete,yes,
bamboohr,bpmhr,,4,4,complete,yes,
bamboohr,bpod,,9,9,complete,yes,
bamboohr,bradyplc,,3,3,complete,yes,
bamboohr,branco,,24,24,complete,yes,
bamboohr,brandingbrand,,3,3,complete,yes,
bamboohr,brandonclinic,,3,3,complete,yes,
bamboohr,brantfordpoliceservice,,5,5,complete,yes,
bamboohr,bravebe,,2,2,complete,yes,
bamboohr,brdge,,2,2,complete,yes,
bamboohr,breakthroughmontessori,,4,4,complete,yes,
bamboohr,breathesuite,,3,3,complete,yes,
bamboohr,brekhustile,,0,0,complete,yes,
bamboohr,breuckelenathletic,,2,2,complete,yes,
bamboohr,brewcomarketing,,12,12,complete,yes,
bamboohr,brhd,,0,0,complete,yes,
bamboohr,bricartsmedia,,11,11,complete,yes,
bamboohr,bridgespcs,,14,14,complete,yes,
bamboohr,bridgewaterma,,7,7,complete,yes,
bamboohr,brightfin,,4,4,complete,yes,
bamboohr,brighthouse,,6,6,complete,yes,
bamboohr,brightline,,2,2,complete,yes,
bamboohr,brightstarcaresb,,13,13,complete,yes,
bamboohr,brighty,,2,2,complete,yes,
bamboohr,brilliantdecorators,,1,1,complete,yes,
bamboohr,brimacombe,,19,19,complete,yes,
bamboohr,bringitps,,11,11,complete,yes,
bamboohr,brookermemorial,,0,0,complete,yes,
bamboohr,brooklynlaboratoryschool,,5,5,complete,yes,
bamboohr,brotherhoodsistersol,,2,2,complete,yes,
bamboohr,brydens,,25,25,complete,yes,
bamboohr,bsky,,14,14,complete,yes,
bamboohr,bspcpa,,14,14,complete,yes,
bamboohr,bst,,1,1,complete,yes,
bamboohr,bubblypaws,,4,4,complete,yes,
bamboohr,bucketlist,,1,1,complete,yes,
bamboohr,buildingblockslearningcenter,,12,12,complete,yes,
bamboohr,buildsafe,,29,29,complete,yes,
bamboohr,buj,,5,5,complete,yes,
bamboohr,burai,,3,3,complete,yes,
bamboohr,burkecgi,,5,5,complete,yes,
bamboohr,businessinstincts,,1,1,complete,yes,
bamboohr,businessprocessingsolutions,,0,0,complete,yes,
bamboohr,buspas,,2,2,complete,yes,
bamboohr,buttcon,,5,5,complete,yes,
bamboohr,button,,1,1,complete,yes,
bamboohr,bvhc,,24,24,complete,yes,
bamboohr,bwwmh,,17,17,complete,yes,
bamboohr,bxcc,,6,6,complete,yes,
bamboohr,byrnezizzi,,3,3,complete,yes,
bamboohr,c3tricities,,6,6,complete,yes,
bamboohr,c40,,0,0,complete,yes,
bamboohr,cachet,,2,2,complete,yes,
bamboohr,cacindinc,,8,8,complete,yes,
bamboohr,cafairplan,,16,16,complete,yes,
bamboohr,cahull,,18,18,complete,yes,
bamboohr,caimmigrant,,6,6,complete,yes,
bamboohr,calgaryjohnhoward,,14,14,complete,yes,
bamboohr,calgaryscope,,2,2,complete,yes,
bamboohr,callabco,,4,4,complete,yes,
bamboohr,calpionplutus,,23,23,complete,yes,
bamboohr,caltonwealthmanagement,,1,1,complete,yes,
bamboohr,cam,,2,2,complete,yes,
bamboohr,cameray,,1,1,complete,yes,
bamboohr,camis,,0,0,complete,yes,
bamboohr,campeon,,2,2,complete,yes,
bamboohr,campfireco,,3,3,complete,yes,
bamboohr,campuskey,,5,5,complete,yes,
bamboohr,camurren,,26,26,complete,yes,
bamboohr,canadapooch,,0,0,complete,yes,
bamboohr,canadianfiberoptics,,5,5,complete,yes,
bamboohr,cancersupportcommunity,,8,8,complete,yes,
bamboohr,candisolar,,12,12,complete,yes,
bamboohr,canyonhills,,9,9,complete,yes,
bamboohr,capcade,,1,1,complete,yes,
bamboohr,capitollanguageservices,,3,3,complete,yes,
bamboohr,capnz,,8,8,complete,yes,
bamboohr,caporegon,,1,1,complete,yes,
bamboohr,capsf,,3,3,complete,yes,
bamboohr,capstone,,18,18,complete,yes,
bamboohr,capstonebuilding,,1,1,complete,yes,
bamboohr,carbon60,,5,5,complete,yes,
bamboohr,carboncure,,2,2,complete,yes,
bamboohr,carbonet,,2,2,complete,yes,
bamboohr,carcaretn,,4,4,complete,yes,
bamboohr,cardinaleducation,,15,15,complete,yes,
bamboohr,carepathinjury,,22,22,complete,yes,
bamboohr,caretolearn,,2,2,complete,yes,
bamboohr,carfaxcanada,,1,1,complete,yes,
bamboohr,caribou,,1,1,complete,yes,
bamboohr,caristo,,4,4,complete,yes,
bamboohr,caritasau,,5,5,complete,yes,
bamboohr,carlsmed,,3,3,complete,yes,
bamboohr,carmichaelpark,,0,0,complete,yes,
bamboohr,carolinacabinrentals,,3,3,complete,yes,
bamboohr,carolinasolarservices,,11,11,complete,yes,
bamboohr,carriersedge,,2,2,complete,yes,
bamboohr,casacom,,6,6,complete,yes,
bamboohr,cascadementalhealth,,12,12,complete,yes,
bamboohr,caseiq,,9,9,complete,yes,
bamboohr,castoredc,,0,0,complete,yes,
bamboohr,catalystcounseling,,4,4,complete,yes,
bamboohr,catholiccharitiesli,,34,34,complete,yes,
bamboohr,cawh,,3,3,complete,yes,
bamboohr,cbcl,,35,35,complete,yes,
bamboohr,cbi,,1,1,complete,yes,
bamboohr,cbm,,1,1,complete,yes,
bamboohr,ccamlr,,4,4,complete,yes,
bamboohr,cci,,0,0,complete,yes,
bamboohr,ccianet,,1,1,complete,yes,
bamboohr,ccib,,2,2,complete,yes,
bamboohr,cciottawa,,0,0,complete,yes,
bamboohr,ccmalta,,6,6,complete,yes,
bamboohr,ccosda,,2,2,complete,yes,
bamboohr,ccpsa,,9,9,complete,yes,
bamboohr,ccsai,,2,2,complete,yes,
bamboohr,ccscares,,2,2,complete,yes,
bamboohr,ccvc,,5,5,complete,yes,
bamboohr,cd,,3,3,complete,yes,
bamboohr,cdc,,0,,unreachable,yes,JSONDecodeError: Expecting value: line 1 column 1 (char 0
bamboohr,cdcyukon,,2,2,complete,yes,
bamboohr,cdg,,2,2,complete,yes,
bamboohr,cece,,1,1,complete,yes,
bamboohr,cedp,,3,3,complete,yes,
bamboohr,ceis,,6,6,complete,yes,
bamboohr,celcuity,,9,9,complete,yes,
bamboohr,cellulant,,9,9,complete,yes,
bamboohr,cenfri,,1,1,complete,yes,
bamboohr,centennialkennels,,2,2,complete,yes,
bamboohr,centeredtherapychicago,,2,2,complete,yes,
bamboohr,centervillecity,,3,3,complete,yes,
bamboohr,centralchurch,,9,9,complete,yes,
bamboohr,centralchurchnyc,,11,11,complete,yes,
bamboohr,centralina,,2,2,complete,yes,
bamboohr,centro,,6,6,complete,yes,
bamboohr,centuriongroup,,25,25,complete,yes,
bamboohr,ceporg,,1,1,complete,yes,
bamboohr,cercanomanagement,,2,2,complete,yes,
bamboohr,ceresai,,3,3,complete,yes,
bamboohr,certex,,5,5,complete,yes,
bamboohr,certifiedangusbeef,,1,1,complete,yes,
bamboohr,cexio,,3,3,complete,yes,
bamboohr,cfaelmhurst,,16,16,complete,yes,
bamboohr,cffm,,0,0,complete,yes,
bamboohr,cfhd,,10,10,complete,yes,
bamboohr,cfpbmc,,3,3,complete,yes,
bamboohr,cgfag,,3,3,complete,yes,
bamboohr,chainstack,,6,6,complete,yes,
bamboohr,chainwaylabs,,1,1,complete,yes,
bamboohr,chantengineering,,2,2,complete,yes,
bamboohr,chapgroup,,6,6,complete,yes,
bamboohr,chapmantripp,,10,10,complete,yes,
bamboohr,charmfertility,,9,9,complete,yes,
bamboohr,chasf,,1,1,complete,yes,
bamboohr,chassi,,1,1,complete,yes,
bamboohr,chbhc,,7,7,complete,yes,
bamboohr,chemtek,,5,5,complete,yes,
bamboohr,cheo,,3,3,complete,yes,
bamboohr,cherco,,7,7,complete,yes,
bamboohr,chereeberry,,1,1,complete,yes,
bamboohr,cherokeebrick,,16,16,complete,yes,
bamboohr,cheshirecenter,,7,7,complete,yes,
bamboohr,chespenn,,9,9,complete,yes,
bamboohr,chestersmarket,,4,4,complete,yes,
bamboohr,chfbc,,6,6,complete,yes,
bamboohr,chgroup,,12,12,complete,yes,
bamboohr,chi,,2,2,complete,yes,
bamboohr,chickaloon,,7,7,complete,yes,
bamboohr,chiefexecutive,,5,5,complete,yes,
bamboohr,childinspiredtherapy,,1,1,complete,yes,
bamboohr,childrensgym,,0,0,complete,yes,
bamboohr,childrenshospitalfoundation,,3,3,complete,yes,
bamboohr,chimp,,1,1,complete,yes,
bamboohr,chloris,,2,2,complete,yes,
bamboohr,choice,,1,1,complete,yes,
bamboohr,choiceoneengineering,,8,8,complete,yes,
bamboohr,choicesofalabama,,1,1,complete,yes,
bamboohr,chowdeck,,22,22,complete,yes,
bamboohr,christianpost,,7,7,complete,yes,
bamboohr,chrysos,,6,6,complete,yes,
bamboohr,church360,,4,4,complete,yes,
bamboohr,ci2,,8,8,complete,yes,
bamboohr,ciaa,,1,1,complete,yes,
bamboohr,cialdnb,,25,25,complete,yes,
bamboohr,ciellos,,1,1,complete,yes,
bamboohr,cielorg,,5,5,complete,yes,
bamboohr,cifar,,1,1,complete,yes,
bamboohr,cigrovestx,,0,0,complete,yes,
bamboohr,cim,,1,1,complete,yes,
bamboohr,cinc,,7,7,complete,yes,
bamboohr,cinesitelondon,,1,1,complete,yes,
bamboohr,cinesitemontreal,,5,5,complete,yes,
bamboohr,cineverse,,9,9,complete,yes,
bamboohr,cira,,8,8,complete,yes,
bamboohr,circahr,,1,1,complete,yes,
bamboohr,circlecardiovascularimaging,,10,10,complete,yes,
bamboohr,circlehaven,,3,3,complete,yes,
bamboohr,circuit5,,6,6,complete,yes,
bamboohr,circularmaterials,,9,9,complete,yes,
bamboohr,ciri,,3,3,complete,yes,
bamboohr,cisofsc,,2,2,complete,yes,
bamboohr,citadelcpm,,20,20,complete,yes,
bamboohr,citherapies,,16,16,complete,yes,
bamboohr,citizengo,,5,5,complete,yes,
bamboohr,citra,,17,17,complete,yes,
bamboohr,citykidz,,5,5,complete,yes,
bamboohr,citylifechurch,,3,3,complete,yes,
bamboohr,cityofbishop,,4,4,complete,yes,
bamboohr,cityofhamilton,,26,26,complete,yes,
bamboohr,cityofhobart,,1,1,complete,yes,
bamboohr,cityoflonetree,,1,1,complete,yes,
bamboohr,cityofmarion,,12,12,complete,yes,
bamboohr,cityrisesafety,,28,28,complete,yes,
bamboohr,civalgo,,4,4,complete,yes,
bamboohr,civicus,,1,1,complete,yes,
bamboohr,civilians,,7,7,complete,yes,
bamboohr,ckcs,,2,2,complete,yes,
bamboohr,clancy,,12,12,complete,yes,
bamboohr,clandevinc,,1,1,complete,yes,
bamboohr,claravine,,3,3,complete,yes,
bamboohr,clarity,,6,6,complete,yes,
bamboohr,claritycx,,18,18,complete,yes,
bamboohr,clarkart,,3,3,complete,yes,
bamboohr,clarkconstruct,,5,5,complete,yes,
bamboohr,clarkwilsonllp,,6,6,complete,yes,
bamboohr,classicfls,,16,16,complete,yes,
bamboohr,cleanenergycounsel,,7,7,complete,yes,
bamboohr,cleanresponse,,2,2,complete,yes,
bamboohr,clear,,16,16,complete,yes,
bamboohr,clearbridge,,7,7,complete,yes,
bamboohr,clearspace,,40,40,complete,yes,
bamboohr,clearwaterconstructioninc,,4,4,complete,yes,
bamboohr,clearwayhealth,,13,13,complete,yes,
bamboohr,cleio,,5,5,complete,yes,
bamboohr,clementscentre,,8,8,complete,yes,
bamboohr,climartis,,13,13,complete,yes,
bamboohr,climatech,,3,3,complete,yes,
bamboohr,climatefocus,,2,2,complete,yes,
bamboohr,climatefundmanagers,,2,2,complete,yes,
bamboohr,climatepolicy,,2,2,complete,yes,
bamboohr,climbwyoming,,1,1,complete,yes,
bamboohr,clinicaromero,,30,30,complete,yes,
bamboohr,cliosnacks,,5,5,complete,yes,
bamboohr,clix,,4,4,complete,yes,
bamboohr,clockwork,,1,1,complete,yes,
bamboohr,cloudcarib,,14,14,complete,yes,
bamboohr,cloudhesive,,2,2,complete,yes,
bamboohr,cloudmargin,,6,6,complete,yes,
bamboohr,cloudsmiths,,2,2,complete,yes,
bamboohr,clouseconstruction,,2,2,complete,yes,
bamboohr,cmciks,,41,41,complete,yes,
bamboohr,cmecorporation,,1,1,complete,yes,
bamboohr,cmha,,0,0,complete,yes,
bamboohr,cmhahkpr,,5,5,complete,yes,
bamboohr,cmhapeel,,9,9,complete,yes,
bamboohr,cmtservicesinc,,51,51,complete,yes,
bamboohr,coaf,,10,10,complete,yes,
bamboohr,coastmountaingeo,,4,4,complete,yes,
bamboohr,cobaltai,,7,7,complete,yes,
bamboohr,cobizcpa,,3,3,complete,yes,
bamboohr,coc,,3,3,complete,yes,
bamboohr,codecool,,3,3,complete,yes,
bamboohr,codefirstgirls,,24,24,complete,yes,
bamboohr,coderabio,,7,7,complete,yes,
bamboohr,codimitepvt,,16,16,complete,yes,
bamboohr,coenergy,,1,1,complete,yes,
bamboohr,cofchurch,,4,4,complete,yes,
bamboohr,cognitivesystems,,0,0,complete,yes,
bamboohr,cohenveteransnetwork,,2,2,complete,yes,
bamboohr,cointelegraph,,2,2,complete,yes,
bamboohr,colden,,4,4,complete,yes,
bamboohr,colearn,,1,1,complete,yes,
bamboohr,collectiveacegmbh,,15,15,complete,yes,
bamboohr,coloradolegalservices,,9,9,complete,yes,
bamboohr,colorbar,,10,10,complete,yes,
bamboohr,colorfuel,,2,2,complete,yes,
bamboohr,colorsxstudios,,5,5,complete,yes,
bamboohr,colwin,,4,4,complete,yes,
bamboohr,comfortsuitespi,,13,13,complete,yes,
bamboohr,comlux,,7,7,complete,yes,
bamboohr,communitylifellc,,2,2,complete,yes,
bamboohr,companyofcars,,15,15,complete,yes,
bamboohr,compinghr,,5,5,complete,yes,
bamboohr,completecollegeadmin,,1,1,complete,yes,
bamboohr,completesol,,4,4,complete,yes,
bamboohr,complianceandrisks,,0,0,complete,yes,
bamboohr,comunalpeople,,4,4,complete,yes,
bamboohr,conavi,,1,1,complete,yes,
bamboohr,concr,,1,1,complete,yes,
bamboohr,condley,,12,12,complete,yes,
bamboohr,condoauthorityontario,,1,1,complete,yes,
bamboohr,coneo,,5,5,complete,yes,
bamboohr,conetec,,45,45,complete,yes,
bamboohr,confluencevt,,7,7,complete,yes,
bamboohr,connectionswellness,,20,20,complete,yes,
bamboohr,connellcontractors,,7,7,complete,yes,
bamboohr,connexushub,,22,22,complete,yes,
bamboohr,connollyltd,,15,15,complete,yes,
bamboohr,connorconsulting,,6,6,complete,yes,
bamboohr,conrado,,1,1,complete,yes,
bamboohr,consensus,,2,2,complete,yes,
bamboohr,consol,,4,4,complete,yes,
bamboohr,consolidated,,1,1,complete,yes,
bamboohr,constantine,,4,4,complete,yes,
bamboohr,consultingengineersassociates,,2,2,complete,yes,
bamboohr,consultssda,,4,4,complete,yes,
bamboohr,consulum,,4,4,complete,yes,
bamboohr,contentguru,,41,41,complete,yes,
bamboohr,contextlabs,,3,3,complete,yes,
bamboohr,contexture,,10,10,complete,yes,
bamboohr,contfinco,,13,13,complete,yes,
bamboohr,continuouscomposites,,6,6,complete,yes,
bamboohr,controlledenviro,,4,4,complete,yes,
bamboohr,contruent,,3,3,complete,yes,
bamboohr,convr,,2,2,complete,yes,
bamboohr,cookbrothersbars,,11,11,complete,yes,
bamboohr,cookingwithkids,,3,3,complete,yes,
bamboohr,coollaw,,2,2,complete,yes,
bamboohr,cooperhurley,,0,0,complete,yes,
bamboohr,corefact,,2,2,complete,yes,
bamboohr,corepowerenergy,,1,1,complete,yes,
bamboohr,coreuk,,4,4,complete,yes,
bamboohr,corinexcom,,6,6,complete,yes,
bamboohr,cornelisnetworks,,22,22,complete,yes,
bamboohr,cornelltechnicalservices,,4,4,complete,yes,
bamboohr,cornerstonechapel,,6,6,complete,yes,
bamboohr,cornerstonesupportservices,,16,16,complete,yes,
bamboohr,cortina,,31,31,complete,yes,
bamboohr,costofwisconsin,,6,6,complete,yes,
bamboohr,cot,,5,5,complete,yes,
bamboohr,covechurchministries,,2,2,complete,yes,
bamboohr,coveredbridgeacademy,,2,2,complete,yes,
bamboohr,covertswarm,,6,6,complete,yes,
bamboohr,covu,,8,8,complete,yes,
bamboohr,cpdlf,,3,3,complete,yes,
bamboohr,cpehn,,1,1,complete,yes,
bamboohr,cpjorg,,0,0,complete,yes,
bamboohr,cprankin,,19,19,complete,yes,
bamboohr,cpws,,0,0,complete,yes,
bamboohr,cql,,2,2,complete,yes,
bamboohr,cr2,,11,11,complete,yes,
bamboohr,cra,,5,5,complete,yes,
bamboohr,crcfo,,5,5,complete,yes,
bamboohr,cre,,1,1,complete,yes,
bamboohr,createdsolutions,,10,10,complete,yes,
bamboohr,createto,,1,1,complete,yes,
bamboohr,creditcontrolllc,,5,5,complete,yes,
bamboohr,creditrepaircloud,,1,1,complete,yes,
bamboohr,cref,,4,4,complete,yes,
bamboohr,cretsingercarehomes,,2,2,complete,yes,
bamboohr,crihelp,,23,23,complete,yes,
bamboohr,cristoreykc,,3,3,complete,yes,
bamboohr,criteriacorp,,0,0,complete,yes,
bamboohr,criticalsystemsllc,,6,6,complete,yes,
bamboohr,crofton,,5,5,complete,yes,
bamboohr,cromwellmc,,2,2,complete,yes,
bamboohr,crosscreeknursery,,21,21,complete,yes,
bamboohr,crosslinechurch,,2,2,complete,yes,
bamboohr,crossroadsmission,,3,3,complete,yes,
bamboohr,crrcalaska,,2,2,complete,yes,
bamboohr,crtriangle,,4,4,complete,yes,
bamboohr,crystallakeparks,,7,7,complete,yes,
bamboohr,csbm,,2,2,complete,yes,
bamboohr,cslconsulting,,16,16,complete,yes,
bamboohr,ctiinc,,15,15,complete,yes,
bamboohr,ctwo,,2,2,complete,yes,
bamboohr,cubecare,,13,13,complete,yes,
bamboohr,culturalsurvival,,3,3,complete,yes,
bamboohr,culturecoregroup,,5,5,complete,yes,
bamboohr,curapatient,,2,2,complete,yes,
bamboohr,cureepilepsy,,2,2,complete,yes,
bamboohr,currenxie,,9,9,complete,yes,
bamboohr,curtinmaritime,,25,25,complete,yes,
bamboohr,cusointernational,,1,1,complete,yes,
bamboohr,customcrushers,,2,2,complete,yes,
bamboohr,cuunderconstruction,,9,9,complete,yes,
bamboohr,cvha,,1,1,complete,yes,
bamboohr,cybba,,2,2,complete,yes,
bamboohr,cybeats,,2,2,complete,yes,
bamboohr,cybera,,5,5,complete,yes,
bamboohr,cycyouth,,3,3,complete,yes,
bamboohr,cygcap,,2,2,complete,yes,
bamboohr,cylynt,,2,2,complete,yes,
bamboohr,cyrc,,5,5,complete,yes,
bamboohr,cys,,12,12,complete,yes,
bamboohr,cysec,,6,6,complete,yes,
bamboohr,d1g1t,,8,8,complete,yes,
bamboohr,d2x,,1,1,complete,yes,
bamboohr,d3security,,3,3,complete,yes,
bamboohr,dacodes,,3,3,complete,yes,
bamboohr,dakcs,,8,8,complete,yes,
bamboohr,dakotacarrier,,0,0,complete,yes,
bamboohr,dakotakitchen,,3,3,complete,yes,
bamboohr,dalee,,5,5,complete,yes,
bamboohr,dallascasa,,1,1,complete,yes,
bamboohr,daoninc,,15,15,complete,yes,
bamboohr,dashq,,2,2,complete,yes,
bamboohr,daso,,2,2,complete,yes,
bamboohr,data4,,52,52,complete,yes,
bamboohr,datacentersolutions,,1,1,complete,yes,
bamboohr,dataeq,,5,5,complete,yes,
bamboohr,datamundi,,15,15,complete,yes,
bamboohr,datapelago,,14,14,complete,yes,
bamboohr,datavalet,,0,0,complete,yes,
bamboohr,dauphin,,17,17,complete,yes,
bamboohr,davesteel,,7,7,complete,yes,
bamboohr,davidsonandco,,5,5,complete,yes,
bamboohr,dawnrising,,1,1,complete,yes,
bamboohr,dayoneintegrativeservices,,4,4,complete,yes,
bamboohr,daytranslations,,4,4,complete,yes,
bamboohr,dbfinc,,25,25,complete,yes,
bamboohr,dbgroup,,57,57,complete,yes,
bamboohr,dcbel,,25,25,complete,yes,
bamboohr,dccs,,17,17,complete,yes,
bamboohr,dciconsult,,0,0,complete,yes,
bamboohr,deciphex,,13,13,complete,yes,
bamboohr,decisionresources,,7,7,complete,yes,
bamboohr,decisivedividend1,,3,3,complete,yes,
bamboohr,decisivedividendmil,,1,1,complete,yes,
bamboohr,decisiveintelligenceinc,,4,4,complete,yes,
bamboohr,decode,,6,6,complete,yes,
bamboohr,deepisolation,,1,1,complete,yes,
bamboohr,defensewerx,,4,4,complete,yes,
bamboohr,deimoscloud,,4,4,complete,yes,
bamboohr,delasalleeducationcenter,,1,1,complete,yes,
bamboohr,delawareelevator,,17,17,complete,yes,
bamboohr,delegatesolutions,,2,2,complete,yes,
bamboohr,delphidigital,,4,4,complete,yes,
bamboohr,delta40,,0,,unreachable,yes,JSONDecodeError: Expecting value: line 1 column 1 (char 0
bamboohr,deltavinc,,6,6,complete,yes,
bamboohr,demariabuildingcompany,,7,7,complete,yes,
bamboohr,demetres,,25,25,complete,yes,
bamboohr,dentalmonitoring,,14,14,complete,yes,
bamboohr,dentegra,,10,10,complete,yes,
bamboohr,depaul,,35,35,complete,yes,
bamboohr,derevo,,9,9,complete,yes,
bamboohr,designeradvantage,,1,1,complete,yes,
bamboohr,designworks,,6,6,complete,yes,
bamboohr,destinationbc,,0,0,complete,yes,
bamboohr,deusexmachina,,4,4,complete,yes,
bamboohr,devnw,,0,0,complete,yes,
bamboohr,dfn,,5,5,complete,yes,
bamboohr,dhccare,,4,4,complete,yes,
bamboohr,dhgroup,,5,5,complete,yes,
bamboohr,dhjj,,14,14,complete,yes,
bamboohr,diagnostykadigitalhub,,6,6,complete,yes,
bamboohr,diexrecherche,,8,8,complete,yes,
bamboohr,digacore,,11,11,complete,yes,
bamboohr,digdeep,,2,2,complete,yes,
bamboohr,diginex,,6,6,complete,yes,
bamboohr,digitainsoftware,,76,76,complete,yes,
bamboohr,digitalplanet,,3,3,complete,yes,
bamboohr,diiri,,3,3,complete,yes,
bamboohr,dijeauconstruction,,4,4,complete,yes,
bamboohr,dileonardo,,5,5,complete,yes,
bamboohr,diligentpharma,,2,2,complete,yes,
bamboohr,ding,,7,7,complete,yes,
bamboohr,diousacorporation,,1,1,complete,yes,
bamboohr,directom,,5,5,complete,yes,
bamboohr,disability,,2,2,complete,yes,
bamboohr,disabilitylawco,,2,2,complete,yes,
bamboohr,discoverbanfftours,,0,0,complete,yes,
bamboohr,discoveryhydrovac,,1,1,complete,yes,
bamboohr,disruptive,,2,2,complete,yes,
bamboohr,diverseworkspdx,,1,1,complete,yes,
bamboohr,diversifiedcd,,14,14,complete,yes,
bamboohr,dividedsky,,6,6,complete,yes,
bamboohr,divinityfamilyservices,,2,2,complete,yes,
bamboohr,dmfx,,4,4,complete,yes,
bamboohr,dmgblockchain,,4,4,complete,yes,
bamboohr,dnastack,,3,3,complete,yes,
bamboohr,dncfacilityservices,,13,13,complete,yes,
bamboohr,dnxcorp,,4,4,complete,yes,
bamboohr,docomopacific,,10,10,complete,yes,
bamboohr,docsdiesel,,3,3,complete,yes,
bamboohr,doctoranywhere,,0,,unreachable,yes,JSONDecodeError: Expecting value: line 1 column 1 (char 0
bamboohr,dodsgroupltd,,1,1,complete,yes,
bamboohr,dohop,,0,0,complete,yes,
bamboohr,doncoqui,,2,2,complete,yes,
bamboohr,door3,,0,0,complete,yes,
bamboohr,dorepartnership,,7,7,complete,yes,
bamboohr,dorot,,3,3,complete,yes,
bamboohr,dotcms,,1,1,complete,yes,
bamboohr,dotsafrica,,1,1,complete,yes,
bamboohr,doveschoolstulsa,,17,17,complete,yes,
bamboohr,doyle,,2,2,complete,yes,
bamboohr,dpgsolutionsllc,,18,18,complete,yes,
bamboohr,drainmastersak,,3,3,complete,yes,
bamboohr,drakeandassociates,,10,10,complete,yes,
bamboohr,drapercity,,4,4,complete,yes,
bamboohr,dreamcenterevansville,,2,2,complete,yes,
bamboohr,dreamcorps,,1,1,complete,yes,
bamboohr,dreamprogram,,18,18,complete,yes,
bamboohr,dreyersdki,,3,3,complete,yes,
bamboohr,dsgw,,1,1,complete,yes,
bamboohr,dsl,,2,2,complete,yes,
bamboohr,dstllc,,5,5,complete,yes,
bamboohr,dteehf,,5,5,complete,yes,
bamboohr,dtolaw,,3,3,complete,yes,
bamboohr,dtpd,,17,17,complete,yes,
bamboohr,dtree,,1,1,complete,yes,
bamboohr,dubak,,24,24,complete,yes,
bamboohr,duelbits,,4,4,complete,yes,
bamboohr,duplo,,4,4,complete,yes,
bamboohr,duradigital,,13,13,complete,yes,
bamboohr,duxburybeach,,1,1,complete,yes,
bamboohr,dvmelite,,0,0,complete,yes,
bamboohr,dvsclc,,2,2,complete,yes,
bamboohr,dwmlaw,,6,6,complete,yes,
bamboohr,dxs,,8,8,complete,yes,
bamboohr,dymin,,4,4,complete,yes,
bamboohr,dynamicconcepts,,6,6,complete,yes,
bamboohr,dynamictransit,,4,4,complete,yes,
bamboohr,dynamosoftware,,6,6,complete,yes,
bamboohr,dysrupit,,8,8,complete,yes,
bamboohr,dywidag,,46,46,complete,yes,
bamboohr,e3msolutions,,3,3,complete,yes,
bamboohr,eaglebuilderslp,,12,12,complete,yes,
bamboohr,eakinhealthcare,,4,4,complete,yes,
bamboohr,earthbalance,,2,2,complete,yes,
bamboohr,earthfreshatl,,0,,unreachable,yes,JSONDecodeError: Expecting value: line 1 column 1 (char 0
bamboohr,earthoptics,,2,2,complete,yes,
bamboohr,earthshotprize,,2,2,complete,yes,
bamboohr,eastdilsecured,,14,14,complete,yes,
bamboohr,eastonfoundations,,4,4,complete,yes,
bamboohr,eastpointenergy,,5,5,complete,yes,
bamboohr,eastwestcenter,,10,10,complete,yes,
bamboohr,eastwestcollege,,0,0,complete,yes,
bamboohr,eavortechnologies,,2,2,complete,yes,
bamboohr,ebenezerchildcare,,16,16,complete,yes,
bamboohr,ebq,,5,5,complete,yes,
bamboohr,ecglasshr,,3,3,complete,yes,
bamboohr,echots,,1,1,complete,yes,
bamboohr,eco,,17,17,complete,yes,
bamboohr,ecokedu,,16,16,complete,yes,
bamboohr,ecosulis,,3,3,complete,yes,
bamboohr,edgebeamwireless,,3,3,complete,yes,
bamboohr,edgecortix,,19,19,complete,yes,
bamboohr,edgeuno,,19,19,complete,yes,
bamboohr,edifyorg,,16,16,complete,yes,
bamboohr,eesllc,,25,25,complete,yes,
bamboohr,efifoundation,,1,1,complete,yes,
bamboohr,efmpc,,11,11,complete,yes,
bamboohr,eggfarmersofcanada,,1,1,complete,yes,
bamboohr,ehcc,,15,15,complete,yes,
bamboohr,ehr,,41,41,complete,yes,
bamboohr,eiminc,,2,2,complete,yes,
bamboohr,eis,,4,4,complete,yes,
bamboohr,ejp,,13,13,complete,yes,
bamboohr,ekonapower,,1,1,complete,yes,
bamboohr,elaw,,3,3,complete,yes,
bamboohr,elementalenzymes,,6,6,complete,yes,
bamboohr,elementturf,,5,5,complete,yes,
bamboohr,elevatedestateplanning,,0,0,complete,yes,
bamboohr,eleven,,3,3,complete,yes,
bamboohr,eliagridinternational,,25,25,complete,yes,
bamboohr,elitecnd,,2,2,complete,yes,
bamboohr,eliteprivateschool,,21,21,complete,yes,
bamboohr,elkgroveparks,,14,14,complete,yes,
bamboohr,ellisporter,,8,8,complete,yes,
bamboohr,elmhurstpark,,9,9,complete,yes,
bamboohr,elmoinsurance,,8,8,complete,yes,
bamboohr,elproductions,,4,4,complete,yes,
bamboohr,eltekholding,,10,10,complete,yes,
bamboohr,eltropy,,2,2,complete,yes,
bamboohr,elutions,,8,8,complete,yes,
bamboohr,emater,,2,2,complete,yes,
bamboohr,emberlab,,2,2,complete,yes,
bamboohr,embue,,1,1,complete,yes,
bamboohr,emcllc,,7,7,complete,yes,
bamboohr,emeraldcloudlab,,7,7,complete,yes,
bamboohr,emeraldyouth,,18,18,complete,yes,
bamboohr,emergentclimate,,2,2,complete,yes,
bamboohr,emilanderson,,35,35,complete,yes,
bamboohr,emilyshope,,1,1,complete,yes,
bamboohr,emmanuelcommunitychurch,,6,6,complete,yes,
bamboohr,empirepls,,7,7,complete,yes,
bamboohr,employhealth,,18,18,complete,yes,
bamboohr,ems,,102,102,complete,yes,
bamboohr,emstech,,19,19,complete,yes,
bamboohr,encepta,,3,3,complete,yes,
bamboohr,encircleapp,,4,4,complete,yes,
bamboohr,encircletogether,,2,2,complete,yes,
bamboohr,encompasssupport,,3,3,complete,yes,
bamboohr,endcitizensunited,,1,1,complete,yes,
bamboohr,energiseenergy,,5,5,complete,yes,
bamboohr,energycapitalcreditunion,,3,3,complete,yes,
bamboohr,energyx,,9,9,complete,yes,
bamboohr,enerstarltd,,15,15,complete,yes,
bamboohr,enfhs,,1,1,complete,yes,
bamboohr,engageware,,3,3,complete,yes,
bamboohr,enghouse,,16,16,complete,yes,
bamboohr,enginedigital,,4,4,complete,yes,
bamboohr,engineeredintel,,4,4,complete,yes,
bamboohr,enlightenedequipment1,,1,1,complete,yes,
bamboohr,enscharterschool,,3,3,complete,yes,
bamboohr,entekgroup,,1,1,complete,yes,
bamboohr,entropyhealth,,5,5,complete,yes,
bamboohr,enviolo,,3,3,complete,yes,
bamboohr,envirocheck,,5,5,complete,yes,
bamboohr,environmentalleague,,1,1,complete,yes,
bamboohr,eonhealth,,13,13,complete,yes,
bamboohr,eosaircraftinc,,12,12,complete,yes,
bamboohr,epichealthpartners,,17,17,complete,yes,
bamboohr,eposnowgroup,,37,37,complete,yes,
bamboohr,eques,,2,2,complete,yes,
bamboohr,equilliumbio,,2,2,complete,yes,
bamboohr,equimedia,,1,1,complete,yes,
bamboohr,erdosmiller,,4,4,complete,yes,
bamboohr,erling,,6,6,complete,yes,
bamboohr,eskasonihealthcentre,,8,8,complete,yes,
bamboohr,eskasonischoolboard,,5,5,complete,yes,
bamboohr,esoppartners,,6,6,complete,yes,
bamboohr,esprigas,,1,1,complete,yes,
bamboohr,essexvt,,4,4,complete,yes,
bamboohr,establishmentlabs,,22,22,complete,yes,
bamboohr,estatelandscape,,5,5,complete,yes,
bamboohr,etax,,2,2,complete,yes,
bamboohr,etek,,5,5,complete,yes,
bamboohr,ethixbase360,,4,4,complete,yes,
bamboohr,ethosclassical,,3,3,complete,yes,
bamboohr,ethosurban,,3,3,complete,yes,
bamboohr,etmla,,6,6,complete,yes,
bamboohr,euna,,47,47,complete,yes,
bamboohr,europtimum,,3,3,complete,yes,
bamboohr,evconstruction,,10,10,complete,yes,
bamboohr,eventconnect,,9,9,complete,yes,
bamboohr,eventmobi,,22,22,complete,yes,
bamboohr,eventsair,,0,0,complete,yes,
bamboohr,evergreene,,4,4,complete,yes,
bamboohr,evergreenefficiency,,2,2,complete,yes,
bamboohr,everguard,,25,25,complete,yes,
bamboohr,everhear,,1,1,complete,yes,
bamboohr,everhomehealthcare,,25,25,complete,yes,
bamboohr,everstake,,1,1,complete,yes,
bamboohr,everstand,,20,20,complete,yes,
bamboohr,evertrain,,1,1,complete,yes,
bamboohr,evisions,,2,2,complete,yes,
bamboohr,evolvemkd,,0,0,complete,yes,
bamboohr,evopoint,,12,12,complete,yes,
bamboohr,evtronic,,2,2,complete,yes,
bamboohr,exaltyouth,,10,10,complete,yes,
bamboohr,excelgroup,,2,2,complete,yes,
bamboohr,excelprep,,25,25,complete,yes,
bamboohr,excelpropane,,0,0,complete,yes,
bamboohr,exemplarcompanies,,11,11,complete,yes,
bamboohr,exogroup,,14,14,complete,yes,
bamboohr,expedock,,19,19,complete,yes,
bamboohr,experiorfinancial,,5,5,complete,yes,
bamboohr,extractable,,2,2,complete,yes,
bamboohr,extrastaff,,5,5,complete,yes,
bamboohr,extremitycare,,10,10,complete,yes,
bamboohr,facetofacegames,,12,12,complete,yes,
bamboohr,facilitycorp,,1,1,complete,yes,
bamboohr,facilitygateway,,8,8,complete,yes,
bamboohr,fairfightaction,,1,1,complete,yes,
bamboohr,fairsharehousing,,1,1,complete,yes,
bamboohr,familiesmatter,,2,2,complete,yes,
bamboohr,familyark,,10,10,complete,yes,
bamboohr,familysmart,,3,3,complete,yes,
bamboohr,familytransitionplace,,3,3,complete,yes,
bamboohr,fandh,,2,2,complete,yes,
bamboohr,faristeam,,6,6,complete,yes,
bamboohr,farmina,,12,12,complete,yes,
bamboohr,fasdunited,,4,4,complete,yes,
bamboohr,fasset,,25,25,complete,yes,
bamboohr,fasthorseinc,,6,6,complete,yes,
bamboohr,faye,,4,4,complete,yes,
bamboohr,fbcopelika,,1,1,complete,yes,
bamboohr,fbtax,,12,12,complete,yes,
bamboohr,fccbcf,,5,5,complete,yes,
bamboohr,fcft,,1,1,complete,yes,
bamboohr,fdc,,12,12,complete,yes,
bamboohr,feastinteractive,,1,1,complete,yes,
bamboohr,feisst,,4,4,complete,yes,
bamboohr,fellowapp,,0,0,complete,yes,
bamboohr,fencingboise,,3,3,complete,yes,
bamboohr,fenix24,,2,2,complete,yes,
bamboohr,fergusonmoving,,3,3,complete,yes,
bamboohr,fertifa,,4,4,complete,yes,
bamboohr,fesslerbowman,,96,96,complete,yes,
bamboohr,ffun,,56,56,complete,yes,
bamboohr,fhg,,1,1,complete,yes,
bamboohr,fhtechnc,,11,11,complete,yes,
bamboohr,fieldtrue,,11,11,complete,yes,
bamboohr,filamentgames,,0,0,complete,yes,
bamboohr,finalstrikegames,,0,0,complete,yes,
bamboohr,fingermark,,5,5,complete,yes,
bamboohr,fintechos,,1,1,complete,yes,
bamboohr,fintelconnect,,4,4,complete,yes,
bamboohr,firda,,2,2,complete,yes,
bamboohr,fireflynw,,6,6,complete,yes,
bamboohr,firelight,,2,2,complete,yes,
bamboohr,firmanirrigationandtreeservice,,2,2,complete,yes,
bamboohr,firmo,,2,2,complete,yes,
bamboohr,firrp,,12,12,complete,yes,
bamboohr,firstalliancechurch,,1,1,complete,yes,
bamboohr,firstnationstechnicalinstitute,,2,2,complete,yes,
bamboohr,firsttable,,5,5,complete,yes,
bamboohr,fispan,,15,15,complete,yes,
bamboohr,fitsolutions,,5,5,complete,yes,
bamboohr,fittes,,0,0,complete,yes,
bamboohr,fittosmile,,1,1,complete,yes,
bamboohr,fivestones,,6,6,complete,yes,
bamboohr,fixatex,,13,13,complete,yes,
bamboohr,fixposition,,1,1,complete,yes,
bamboohr,flagstafffamilyfoodcenter,,2,2,complete,yes,
bamboohr,flare,,8,8,complete,yes,
bamboohr,flaviar,,1,1,complete,yes,
bamboohr,flchealth,,19,19,complete,yes,
bamboohr,flcourts18,,2,2,complete,yes,
bamboohr,fleetalliance,,4,4,complete,yes,
bamboohr,flexspring,,9,9,complete,yes,
bamboohr,fligoo,,4,4,complete,yes,
bamboohr,flosonicsmedical,,1,1,complete,yes,
bamboohr,fltacademy,,2,2,complete,yes,
bamboohr,flutterwavego,,15,15,complete,yes,
bamboohr,flyingbark,,13,13,complete,yes,
bamboohr,flynn,,2,2,complete,yes,
bamboohr,fmsaerospace,,11,11,complete,yes,
bamboohr,fod,,1,1,complete,yes,
bamboohr,foodbanksbc,,2,2,complete,yes,
bamboohr,foodbanksmississauga,,1,1,complete,yes,
bamboohr,foodhub,,18,18,complete,yes,
bamboohr,foodpeople,,97,97,complete,yes,
bamboohr,footballco,,3,3,complete,yes,
bamboohr,forecasthq,,3,3,complete,yes,
bamboohr,forensicaccess,,4,4,complete,yes,
bamboohr,formulafig,,4,4,complete,yes,
bamboohr,fortehealth,,10,10,complete,yes,
bamboohr,fortesecurities,,1,1,complete,yes,
bamboohr,fortmyer,,13,13,complete,yes,
bamboohr,fortunatemedia,,0,0,complete,yes,
bamboohr,fortwaynephilharmonic,,5,5,complete,yes,
bamboohr,forvismazarssingapore,,28,28,complete,yes,
bamboohr,forwoodsafety,,8,8,complete,yes,
bamboohr,fosfeminista,,5,5,complete,yes,
bamboohr,fotokite,,1,1,complete,yes,
bamboohr,fourgen,,20,20,complete,yes,
bamboohr,fourkitchens,,2,2,complete,yes,
bamboohr,fourmarketinggroup,,8,8,complete,yes,
bamboohr,fournierfils,,14,14,complete,yes,
bamboohr,fpac,,1,1,complete,yes,
bamboohr,frac,,4,4,complete,yes,
bamboohr,framellc,,6,6,complete,yes,
bamboohr,franklincounty,,5,5,complete,yes,
bamboohr,franklinvets,,11,11,complete,yes,
bamboohr,fransenpittman,,21,21,complete,yes,
bamboohr,fredolivieri,,19,19,complete,yes,
bamboohr,freeflightsystems,,2,2,complete,yes,
bamboohr,freixenetcopestick,,7,7,complete,yes,
bamboohr,frequency,,11,11,complete,yes,
bamboohr,freschesolutions,,6,6,complete,yes,
bamboohr,freshstart,,2,2,complete,yes,
bamboohr,freshtrackscanada,,2,2,complete,yes,
bamboohr,friendsofacadia,,1,1,complete,yes,
bamboohr,friendsofbroomfield,,9,9,complete,yes,
bamboohr,friendsofruby,,4,4,complete,yes,
bamboohr,friendsofthechildrenmontana,,2,2,complete,yes,
bamboohr,friendsofwaterfrontpark,,1,1,complete,yes,
bamboohr,friendswoodcc,,1,1,complete,yes,
bamboohr,frontiercfo,,1,1,complete,yes,
bamboohr,frontiercooperative,,27,27,complete,yes,
bamboohr,frontierschools,,18,18,complete,yes,
bamboohr,frontlinecallcenter,,4,4,complete,yes,
bamboohr,frontrangeclinic,,27,27,complete,yes,
bamboohr,frost,,24,24,complete,yes,
bamboohr,fsp,,15,15,complete,yes,
bamboohr,fsstechnologies,,31,31,complete,yes,
bamboohr,fswe,,5,5,complete,yes,
bamboohr,ftkcs,,3,3,complete,yes,
bamboohr,fudo,,18,18,complete,yes,
bamboohr,fulkrum,,19,19,complete,yes,
bamboohr,fullbay,,10,10,complete,yes,
bamboohr,funday,,1,1,complete,yes,
bamboohr,fundcount,,2,2,complete,yes,
bamboohr,funnow,,26,26,complete,yes,
bamboohr,fuzelogistics,,12,12,complete,yes,
bamboohr,fwcpa,,2,2,complete,yes,
bamboohr,fxcollaborative,,6,6,complete,yes,
bamboohr,fxpro,,37,37,complete,yes,
bamboohr,fyinm,,9,9,complete,yes,
bamboohr,fz,,38,38,complete,yes,
bamboohr,g2cap,,13,13,complete,yes,
bamboohr,gabordesignbuild,,2,2,complete,yes,
bamboohr,gadellnet,,12,12,complete,yes,
bamboohr,galaxycon,,1,1,complete,yes,
bamboohr,galeassociates,,18,18,complete,yes,
bamboohr,galtrx,,14,14,complete,yes,
bamboohr,galvion,,23,23,complete,yes,
bamboohr,gambyt,,0,0,complete,yes,
bamboohr,gamelounge,,2,2,complete,yes,
bamboohr,gamemodeone,,2,2,complete,yes,
bamboohr,gasproservices,,99,99,complete,yes,
bamboohr,gatewaypublicschools,,1,1,complete,yes,
bamboohr,gatewayvet,,8,8,complete,yes,
bamboohr,gaudinmotorcompany,,3,3,complete,yes,
bamboohr,gbl,,3,3,complete,yes,
bamboohr,gblhr,,6,6,complete,yes,
bamboohr,gcph,,2,2,complete,yes,
bamboohr,gearsforbreakfast,,2,2,complete,yes,
bamboohr,geekplus,,20,20,complete,yes,
bamboohr,gemtec,,29,29,complete,yes,
bamboohr,generalpacific,,2,2,complete,yes,
bamboohr,generation,,12,12,complete,yes,
bamboohr,genesiswoodworking,,6,6,complete,yes,
bamboohr,genserenergy,,12,12,complete,yes,
bamboohr,gentrack,,2,2,complete,yes,
bamboohr,genwealthfinancialadvisors,,3,3,complete,yes,
bamboohr,georgebrazil,,3,3,complete,yes,
bamboohr,geosoftware,,7,7,complete,yes,
bamboohr,gepark,,8,8,complete,yes,
bamboohr,gerberconstruction,,0,0,complete,yes,
bamboohr,gerberkawasaki,,3,3,complete,yes,
bamboohr,germaniamutual,,1,1,complete,yes,
bamboohr,getresi,,1,1,complete,yes,
bamboohr,getwhy,,3,3,complete,yes,
bamboohr,getzhealthcare,,23,23,complete,yes,
bamboohr,gfa,,5,5,complete,yes,
bamboohr,gfgholdings,,1,1,complete,yes,
bamboohr,ggtworldwise,,6,6,complete,yes,
bamboohr,ghy,,18,18,complete,yes,
bamboohr,giatecscientific,,8,8,complete,yes,
bamboohr,gibraltar,,2,2,complete,yes,
bamboohr,gigakom,,15,15,complete,yes,
bamboohr,gilbertcentre,,6,6,complete,yes,
bamboohr,girlscoutsosw,,1,1,complete,yes,
bamboohr,girlsincmemphis,,2,2,complete,yes,
bamboohr,girlsincofsantafe,,2,2,complete,yes,
bamboohr,gisinternational,,1,1,complete,yes,
bamboohr,givengain,,1,1,complete,yes,
bamboohr,gladinc,,0,0,complete,yes,
bamboohr,glassesusa,,11,11,complete,yes,
bamboohr,glencoepark,,9,9,complete,yes,
bamboohr,glm,,65,65,complete,yes,
bamboohr,globalcitizen,,2,2,complete,yes,
bamboohr,globalenergymonitor,,1,1,complete,yes,
bamboohr,globalfundforwomen,,2,2,complete,yes,
bamboohr,globalinitiative,,1,1,complete,yes,
bamboohr,globalprairie,,18,18,complete,yes,
bamboohr,globaltrafficgroup,,2,2,complete,yes,
bamboohr,globalwatercenter,,0,0,complete,yes,
bamboohr,glopal,,0,0,complete,yes,
bamboohr,glowacademy,,11,11,complete,yes,
bamboohr,glucode,,7,7,complete,yes,
bamboohr,gmgi,,1,1,complete,yes,
bamboohr,gminingventures,,91,91,complete,yes,
bamboohr,gmrsafety,,2,2,complete,yes,
bamboohr,gmto,,7,7,complete,yes,
bamboohr,gnrc,,7,7,complete,yes,
bamboohr,goanswer,,5,5,complete,yes,
bamboohr,goforhr,,5,5,complete,yes,
bamboohr,goforth,,4,4,complete,yes,
bamboohr,goldcoastdental,,38,38,complete,yes,
bamboohr,goldstandard,,1,1,complete,yes,
bamboohr,goodeggdining,,24,24,complete,yes,
bamboohr,goodelldevries,,2,2,complete,yes,
bamboohr,goodranchers,,0,0,complete,yes,
bamboohr,goosmannlaw,,9,9,complete,yes,
bamboohr,gopci,,2,2,complete,yes,
bamboohr,gorillalogic,,20,20,complete,yes,
bamboohr,goroveslade,,4,4,complete,yes,
bamboohr,gospooky,,17,17,complete,yes,
bamboohr,gotouche,,3,3,complete,yes,
bamboohr,gpmena,,0,0,complete,yes,
bamboohr,gpreeves,,7,7,complete,yes,
bamboohr,graberpost,,4,4,complete,yes,
bamboohr,gracechurchco,,6,6,complete,yes,
bamboohr,gracefellowshipchurch,,0,0,complete,yes,
bamboohr,gracefellowshipwpb,,6,6,complete,yes,
bamboohr,graceloveslace,,7,7,complete,yes,
bamboohr,gradient,,13,13,complete,yes,
bamboohr,gradientway,,6,6,complete,yes,
bamboohr,graepelnorthamerica,,5,5,complete,yes,
bamboohr,grahamautorepair,,3,3,complete,yes,
bamboohr,gralpharchitect,,9,9,complete,yes,
bamboohr,graniteunitedway,,2,2,complete,yes,
bamboohr,graphwise,,10,10,complete,yes,
bamboohr,gravite,,1,1,complete,yes,
bamboohr,grazittiinteractive,,10,10,complete,yes,
bamboohr,grcompany,,7,7,complete,yes,
bamboohr,greatamericanmediaservices,,1,1,complete,yes,
bamboohr,greatario,,14,14,complete,yes,
bamboohr,greatatlanticmgmt,,2,2,complete,yes,
bamboohr,greatergood,,2,2,complete,yes,
bamboohr,greaterminnesota,,27,27,complete,yes,
bamboohr,greatwhitenorth,,2,2,complete,yes,
bamboohr,greenhousechurch,,5,5,complete,yes,
bamboohr,greenhousejuice,,8,8,complete,yes,
bamboohr,greenlakecountyus,,10,10,complete,yes,
bamboohr,greenoceanpm,,15,15,complete,yes,
bamboohr,greenparkcontent,,27,27,complete,yes,
bamboohr,greenpeace,,3,3,complete,yes,
bamboohr,greenpeaceao,,2,2,complete,yes,
bamboohr,greenscale,,3,3,complete,yes,
bamboohr,greenschool,,3,3,complete,yes,
bamboohr,greensolarsystems,,3,3,complete,yes,
bamboohr,greentomatomedialimited,,10,10,complete,yes,
bamboohr,greenvalleycooling,,1,1,complete,yes,
bamboohr,greenview,,6,6,complete,yes,
bamboohr,greenvinelandscaping,,4,4,complete,yes,
bamboohr,grhsmo1,,8,8,complete,yes,
bamboohr,gridbeyond,,3,3,complete,yes,
bamboohr,gridedge,,1,1,complete,yes,
bamboohr,gridx,,1,1,complete,yes,
bamboohr,griffith,,2,2,complete,yes,
bamboohr,grouppbs,,2,2,complete,yes,
bamboohr,growcer,,1,1,complete,yes,
bamboohr,growinghomeinc,,3,3,complete,yes,
bamboohr,growingroomcdc,,14,14,complete,yes,
bamboohr,growingupnm,,2,2,complete,yes,
bamboohr,groworxglobal,,5,5,complete,yes,
bamboohr,growpath,,0,0,complete,yes,
bamboohr,growpublicschools,,11,11,complete,yes,
bamboohr,growresources,,1,1,complete,yes,
bamboohr,growthleads,,10,10,complete,yes,
bamboohr,grubtech,,9,9,complete,yes,
bamboohr,gsbusinesscommunications,,1,1,complete,yes,
bamboohr,gsconstruction,,6,6,complete,yes,
bamboohr,gsdh,,4,4,complete,yes,
bamboohr,gsdngo,,4,4,complete,yes,
bamboohr,guesthouse,,4,4,complete,yes,
bamboohr,guidewaycare,,10,10,complete,yes,
bamboohr,gupta,,16,16,complete,yes,
bamboohr,gutweinlaw,,4,4,complete,yes,
bamboohr,guuru,,1,1,complete,yes,
bamboohr,gvhs,,0,0,complete,yes,
bamboohr,gwbbbs,,2,2,complete,yes,
bamboohr,gwinc,,3,3,complete,yes,
bamboohr,gxpcc,,1,1,complete,yes,
bamboohr,gxts,,1,1,complete,yes,
bamboohr,haasf1team,,4,4,complete,yes,
bamboohr,habitatsgf,,2,2,complete,yes,
bamboohr,habyt,,7,7,complete,yes,
bamboohr,hacksawoperations,,2,2,complete,yes,
bamboohr,hadcogroup,,1,1,complete,yes,
bamboohr,hafsite,,2,2,complete,yes,
bamboohr,hakubahotelgroup,,20,20,complete,yes,
bamboohr,halfmoon,,9,9,complete,yes,
bamboohr,halifaxfanusa,,2,2,complete,yes,
bamboohr,hallam,,2,2,complete,yes,
bamboohr,halo,,2,2,complete,yes,
bamboohr,haltergroup,,16,16,complete,yes,
bamboohr,hamilton,,4,4,complete,yes,
bamboohr,hammertech123,,4,4,complete,yes,
bamboohr,hammondengineers,,4,4,complete,yes,
bamboohr,hamshawlumber,,5,5,complete,yes,
bamboohr,handsupcommunications,,16,16,complete,yes,
bamboohr,hangar,,32,32,complete,yes,
bamboohr,hansoninc,,4,4,complete,yes,
bamboohr,hapana,,5,5,complete,yes,
bamboohr,happyfinish,,2,2,complete,yes,
bamboohr,happyhallschools,,0,,unreachable,yes,JSONDecodeError: Expecting value: line 1 column 1 (char 0
bamboohr,harambee,,1,1,complete,yes,
bamboohr,hardawayvet,,1,1,complete,yes,
bamboohr,harmonicfundservices,,7,7,complete,yes,
bamboohr,harvestusa,,2,2,complete,yes,
bamboohr,hatchconcrete,,2,2,complete,yes,
bamboohr,haven,,1,1,complete,yes,
bamboohr,haverfordtownship,,11,11,complete,yes,
bamboohr,haviland,,1,1,complete,yes,
bamboohr,haymonhomes,,1,1,complete,yes,
bamboohr,hazendalwineestate,,2,2,complete,yes,
bamboohr,hcchospital,,14,14,complete,yes,
bamboohr,hcgroup,,1,1,complete,yes,
bamboohr,hcobehavioralhealth,,20,20,complete,yes,
bamboohr,hdsilga,,14,14,complete,yes,
bamboohr,hdtire,,23,23,complete,yes,
bamboohr,headspin,,7,7,complete,yes,
bamboohr,healthemployersassociationofbc,,7,7,complete,yes,
bamboohr,healthpreneur,,2,2,complete,yes,
bamboohr,healthylearners,,2,2,complete,yes,
bamboohr,heanet,,2,2,complete,yes,
bamboohr,heartlandalliance,,7,7,complete,yes,
bamboohr,heartlandcounseling,,6,6,complete,yes,
bamboohr,hedgepointglobal,,5,5,complete,yes,
bamboohr,heights,,6,6,complete,yes,
bamboohr,heightslife,,2,2,complete,yes,
bamboohr,helixbiostructures,,5,5,complete,yes,
bamboohr,helloavahealth,,15,15,complete,yes,
bamboohr,helloclue,,5,5,complete,yes,
bamboohr,helloproducts,,9,9,complete,yes,
bamboohr,hellskitchen,,0,0,complete,yes,
bamboohr,hemiko,,10,10,complete,yes,
bamboohr,henrypeters,,10,10,complete,yes,
bamboohr,herbalgoodness,,7,7,complete,yes,
bamboohr,heritagehealthservices,,19,19,complete,yes,
bamboohr,hermosillo,,59,59,complete,yes,
bamboohr,hfmllc,,2,2,complete,yes,
bamboohr,hhgg,,0,0,complete,yes,
bamboohr,hhnw,,3,3,complete,yes,
bamboohr,hiddenroots,,6,6,complete,yes,
bamboohr,hidi,,12,12,complete,yes,
bamboohr,hiec,,1,1,complete,yes,
bamboohr,high5games,,13,13,complete,yes,
bamboohr,highland,,2,2,complete,yes,
bamboohr,highpointchurch,,1,1,complete,yes,
bamboohr,highstreet,,2,2,complete,yes,
bamboohr,highwaybaas,,4,4,complete,yes,
bamboohr,hilite,,1,1,complete,yes,
bamboohr,hillcitychurch,,16,16,complete,yes,
bamboohr,hillrobinson,,9,9,complete,yes,
bamboohr,hiregummy,,4,4,complete,yes,
bamboohr,hireops,,21,21,complete,yes,
bamboohr,hisenvoysgroup,,4,4,complete,yes,
bamboohr,historicnewengland,,7,7,complete,yes,
bamboohr,hitaai,,2,2,complete,yes,
bamboohr,hitechautomotivegroup,,16,16,complete,yes,
bamboohr,hitstrat,,2,2,complete,yes,
bamboohr,hiveway,,1,1,complete,yes,
bamboohr,hivos,,4,4,complete,yes,
bamboohr,hl7org,,3,3,complete,yes,
bamboohr,hldigital,,7,7,complete,yes,
bamboohr,hmc,,6,6,complete,yes,
bamboohr,hmd,,19,19,complete,yes,
bamboohr,hmr,,5,5,complete,yes,
bamboohr,hoaliving,,3,3,complete,yes,
bamboohr,hochiki,,9,9,complete,yes,
bamboohr,hoedemakerpfeiffer,,3,3,complete,yes,
bamboohr,hoekstraelectric,,8,8,complete,yes,
bamboohr,hoffmanagency,,25,25,complete,yes,
bamboohr,hollaschool,,3,3,complete,yes,
bamboohr,holmeshealth,,2,2,complete,yes,
bamboohr,holtbrothersinc,,8,8,complete,yes,
bamboohr,home365,,12,12,complete,yes,
bamboohr,homepreservation,,3,3,complete,yes,
bamboohr,homerule,,4,4,complete,yes,
bamboohr,homesurplus,,5,5,complete,yes,
bamboohr,hometrack,,30,30,complete,yes,
bamboohr,honeycombes,,12,12,complete,yes,
bamboohr,hopecm,,0,,unreachable,yes,JSONDecodeError: Expecting value: line 1 column 1 (char 0
bamboohr,hopefarm,,5,5,complete,yes,
bamboohr,hopeleadershipacademy,,1,1,complete,yes,
bamboohr,hopemedia,,5,5,complete,yes,
bamboohr,hopeofeastcentralillinois,,1,1,complete,yes,
bamboohr,hoppedevelopment,,10,10,complete,yes,
bamboohr,hopscotch,,3,3,complete,yes,
bamboohr,horizonsct,,6,6,complete,yes,
bamboohr,hospiceofmidland,,3,3,complete,yes,
bamboohr,hotelco51,,28,28,complete,yes,
bamboohr,housingcalifornia,,2,2,complete,yes,
bamboohr,houstonlandscapesetc,,7,7,complete,yes,
bamboohr,hppres,,7,7,complete,yes,
bamboohr,hrchc,,10,10,complete,yes,
bamboohr,hrfh,,6,6,complete,yes,
bamboohr,hrnetrefer,,2,2,complete,yes,
bamboohr,hsnega,,2,2,complete,yes,
bamboohr,hssv,,5,5,complete,yes,
bamboohr,hsvarc,,6,6,complete,yes,
bamboohr,htminsurance,,2,2,complete,yes,
bamboohr,hudson,,55,55,complete,yes,
bamboohr,hudsonguild,,11,11,complete,yes,
bamboohr,humanafterall,,2,2,complete,yes,
bamboohr,humanexventures,,2,2,complete,yes,
bamboohr,humecenter,,3,3,complete,yes,
bamboohr,hummingbirdresources,,8,8,complete,yes,
bamboohr,hungercoalition,,1,1,complete,yes,
bamboohr,huntelectric,,32,32,complete,yes,
bamboohr,hutchcc,,35,35,complete,yes,
bamboohr,hwc,,1,1,complete,yes,
bamboohr,hycu,,15,15,complete,yes,
bamboohr,hyengineering,,1,1,complete,yes,
bamboohr,hypernative,,1,1,complete,yes,
bamboohr,iasb,,2,2,complete,yes,
bamboohr,ibabel,,18,18,complete,yes,
bamboohr,ibis,,1,1,complete,yes,
bamboohr,ibsi,,4,4,complete,yes,
bamboohr,ican,,11,11,complete,yes,
bamboohr,icct,,11,11,complete,yes,
bamboohr,ices,,4,4,complete,yes,
bamboohr,icibuilds,,8,8,complete,yes,
bamboohr,icmarkets,,19,19,complete,yes,
bamboohr,icmarketsglobal,,21,21,complete,yes,
bamboohr,icmp,,4,4,complete,yes,
bamboohr,icolohr,,3,3,complete,yes,
bamboohr,iconcreative,,27,27,complete,yes,
bamboohr,icr,,3,3,complete,yes,
bamboohr,icron,,2,2,complete,yes,
bamboohr,icsai,,5,5,complete,yes,
bamboohr,idbank,,44,44,complete,yes,
bamboohr,idc,,1,1,complete,yes,
bamboohr,idealogical,,2,2,complete,yes,
bamboohr,identityfusion,,1,1,complete,yes,
bamboohr,idesignedu,,2,2,complete,yes,
bamboohr,idfusion,,3,3,complete,yes,
bamboohr,idinsight,,0,0,complete,yes,
bamboohr,idra,,3,3,complete,yes,
bamboohr,idt,,3,3,complete,yes,
bamboohr,idtechex,,4,4,complete,yes,
bamboohr,ie2construction,,4,4,complete,yes,
bamboohr,ieefa,,5,5,complete,yes,
bamboohr,igd,,6,6,complete,yes,
bamboohr,igg,,9,9,complete,yes,
bamboohr,igloocompany,,3,3,complete,yes,
bamboohr,igrafx,,1,1,complete,yes,
bamboohr,igs,,2,2,complete,yes,
bamboohr,ihomecaresolutions,,7,7,complete,yes,
bamboohr,iisd,,4,4,complete,yes,
bamboohr,ijm,,1,1,complete,yes,
bamboohr,ilisagvik,,20,20,complete,yes,
bamboohr,illumynt,,2,2,complete,yes,
bamboohr,ilsc,,30,30,complete,yes,
bamboohr,imageengine,,23,23,complete,yes,
bamboohr,imagenet,,18,18,complete,yes,
bamboohr,imec,,4,4,complete,yes,
bamboohr,impactcs,,12,12,complete,yes,
bamboohr,impactseven,,9,9,complete,yes,
bamboohr,impalastudios,,1,1,complete,yes,
bamboohr,improvinglife,,7,7,complete,yes,
bamboohr,in2,,21,21,complete,yes,
bamboohr,in2hrsystem,,2,2,complete,yes,
bamboohr,inakess,,3,3,complete,yes,
bamboohr,incomdirect,,2,2,complete,yes,
bamboohr,indicalab,,1,1,complete,yes,
bamboohr,indigenousclimateaction,,1,1,complete,yes,
bamboohr,indigenousprosperityfoundation,,2,2,complete,yes,
bamboohr,inecta,,1,1,complete,yes,
bamboohr,infiniteglobal,,12,12,complete,yes,
bamboohr,infiniteviewsllc,,1,1,complete,yes,
bamboohr,infinitycommllc,,1,1,complete,yes,
bamboohr,infrafly,,4,4,complete,yes,
bamboohr,infravision,,16,16,complete,yes,
bamboohr,infrrd,,9,9,complete,yes,
bamboohr,ingain,,0,0,complete,yes,
bamboohr,ingeno,,4,4,complete,yes,
bamboohr,innfromthecold,,1,1,complete,yes,
bamboohr,innovad,,6,6,complete,yes,
bamboohr,innovasea,,11,11,complete,yes,
bamboohr,innovationhighschool,,8,8,complete,yes,
bamboohr,insanecyber,,2,2,complete,yes,
bamboohr,insightsoftmax,,2,2,complete,yes,
bamboohr,insiteenergy,,10,10,complete,yes,
bamboohr,inspiralia,,14,14,complete,yes,
bamboohr,inspirefoundation,,5,5,complete,yes,
bamboohr,instabug,,2,2,complete,yes,
bamboohr,instadeep,,0,0,complete,yes,
bamboohr,insuco,,14,14,complete,yes,
bamboohr,insuranceinsider,,4,4,complete,yes,
bamboohr,insurancemarket,,3,3,complete,yes,
bamboohr,intechopen,,1,1,complete,yes,
bamboohr,integratedproaction,,3,3,complete,yes,
bamboohr,integrity360,,34,34,complete,yes,
bamboohr,intellecteu,,11,11,complete,yes,
bamboohr,intellivo,,8,8,complete,yes,
bamboohr,interiorhealthalaska,,10,10,complete,yes,
bamboohr,interiorswithart,,1,1,complete,yes,
bamboohr,intermaritime,,2,2,complete,yes,
bamboohr,internationalfreshproduce,,1,1,complete,yes,
bamboohr,internationalhomecare,,5,5,complete,yes,
bamboohr,internationalproject,,2,2,complete,yes,
bamboohr,internetsociety,,3,3,complete,yes,
bamboohr,intouchinsight,,1,1,complete,yes,
bamboohr,intradatech,,0,0,complete,yes,
bamboohr,intragen,,2,2,complete,yes,
bamboohr,intrepid,,50,50,complete,yes,
bamboohr,intrinsicdigital,,0,0,complete,yes,
bamboohr,introhive,,8,8,complete,yes,
bamboohr,intuitech,,3,3,complete,yes,
bamboohr,intuitsolutions,,4,4,complete,yes,
bamboohr,inuitcircumpolar,,1,1,complete,yes,
bamboohr,invaryant,,1,1,complete,yes,
bamboohr,invernesscounty,,3,3,complete,yes,
bamboohr,investottawabayviewyards,,6,6,complete,yes,
bamboohr,invid,,14,14,complete,yes,
bamboohr,invidi,,2,2,complete,yes,
bamboohr,inxile,,1,1,complete,yes,
bamboohr,iommediaventures,,0,0,complete,yes,
bamboohr,ionunited,,3,3,complete,yes,
bamboohr,ioptlimited,,1,1,complete,yes,
bamboohr,ipaper,,1,1,complete,yes,
bamboohr,ipconfigure,,9,9,complete,yes,
bamboohr,ipme,,8,8,complete,yes,
bamboohr,iqgeo,,5,5,complete,yes,
bamboohr,ircp,,5,5,complete,yes,
bamboohr,irenteverything,,4,4,complete,yes,
bamboohr,irishtitan,,2,2,complete,yes,
bamboohr,irisworldwide,,5,5,complete,yes,
bamboohr,ironsideinsurancegroup,,6,6,complete,yes,
bamboohr,irvinepartners,,5,5,complete,yes,
bamboohr,isbscience,,2,2,complete,yes,
bamboohr,iseepr,,3,3,complete,yes,
bamboohr,iserv,,2,2,complete,yes,
bamboohr,isimarkets,,13,13,complete,yes,
bamboohr,isl,,11,11,complete,yes,
bamboohr,islandinstitute,,1,1,complete,yes,
bamboohr,israaid,,11,11,complete,yes,
bamboohr,issgh,,39,39,complete,yes,
bamboohr,issueonereform,,2,2,complete,yes,
bamboohr,it8,,28,28,complete,yes,
bamboohr,itadltd,,3,3,complete,yes,
bamboohr,itcsecure,,3,3,complete,yes,
bamboohr,itel,,22,22,complete,yes,
bamboohr,itpbolt,,3,3,complete,yes,
bamboohr,itps,,9,9,complete,yes,
bamboohr,itx,,2,2,complete,yes,
bamboohr,ivycomputer,,2,2,complete,yes,
bamboohr,iwconnect,,19,19,complete,yes,
bamboohr,iwpr,,3,3,complete,yes,
bamboohr,j3wine,,2,2,complete,yes,
bamboohr,jackorg,,3,3,complete,yes,
bamboohr,jackrabbit,,0,0,complete,yes,
bamboohr,jacksonllp,,2,2,complete,yes,
bamboohr,jacksonproperties,,0,,unreachable,yes,JSONDecodeError: Expecting value: line 1 column 1 (char 0
bamboohr,jajafinance,,4,4,complete,yes,
bamboohr,jamesriverhhh,,18,18,complete,yes,
bamboohr,jccscpa,,1,1,complete,yes,
bamboohr,jcifederal,,66,66,complete,yes,
bamboohr,jcwgroup,,10,10,complete,yes,
bamboohr,jeffersonrise,,19,19,complete,yes,
bamboohr,jemgroup,,4,4,complete,yes,
bamboohr,jemhr,,12,12,complete,yes,
bamboohr,jetdirectmortgage,,27,27,complete,yes,
bamboohr,jetfly,,15,15,complete,yes,
bamboohr,jfedstl,,5,5,complete,yes,
bamboohr,jfklaw,,6,6,complete,yes,
bamboohr,jimdent,,8,8,complete,yes,
bamboohr,jmanuel,,8,8,complete,yes,
bamboohr,jmanuelparis,,12,12,complete,yes,
bamboohr,jmelectronicengineering,,10,10,complete,yes,
bamboohr,jmtconsultants,,40,40,complete,yes,
bamboohr,jmwsc,,3,3,complete,yes,
bamboohr,jobandtalent,,16,16,complete,yes,
bamboohr,jobswithjusticesanfrancisco,,0,0,complete,yes,
bamboohr,jobzonedemploi,,1,1,complete,yes,
bamboohr,johnsonconstructiongroup,,3,3,complete,yes,
bamboohr,johnwallisacademy,,8,8,complete,yes,
bamboohr,joinpavilion,,3,3,complete,yes,
bamboohr,jonluca,,0,0,complete,yes,
bamboohr,josephjacobjewelers,,23,23,complete,yes,
bamboohr,journeynursingservices,,62,62,complete,yes,
bamboohr,joycetheatresystem,,1,1,complete,yes,
bamboohr,joymo,,2,2,complete,yes,
bamboohr,jparizona,,1,1,complete,yes,
bamboohr,jrec,,1,1,complete,yes,
bamboohr,jrslandscapeservices,,5,5,complete,yes,
bamboohr,jsberrylaw,,4,4,complete,yes,
bamboohr,jssolutions,,10,10,complete,yes,
bamboohr,jstreet,,7,7,complete,yes,
bamboohr,jubileefc,,4,4,complete,yes,
bamboohr,judicialco,,3,3,complete,yes,
bamboohr,juicekeys,,6,6,complete,yes,
bamboohr,juki,,1,1,complete,yes,
bamboohr,jungheinrich,,14,14,complete,yes,
bamboohr,justcompassionewc,,11,11,complete,yes,
bamboohr,justiceformontanans,,1,1,complete,yes,
bamboohr,justo,,1,1,complete,yes,
bamboohr,k2corporatemobility,,3,3,complete,yes,
bamboohr,k3technology,,5,5,complete,yes,
bamboohr,kaikaranga,,5,5,complete,yes,
bamboohr,kalambagames,,5,5,complete,yes,
bamboohr,kami,,10,10,complete,yes,
bamboohr,kandou,,3,3,complete,yes,
bamboohr,karamfoundation,,1,1,complete,yes,
bamboohr,karri,,2,2,complete,yes,
bamboohr,kaskocattle,,2,2,complete,yes,
bamboohr,katalystsystemsimpact,,25,25,complete,yes,
bamboohr,kawanti,,4,4,complete,yes,
bamboohr,kaydongroup,,3,3,complete,yes,
bamboohr,kchc,,17,17,complete,yes,
bamboohr,kearneygroup,,1,1,complete,yes,
bamboohr,keepersadvisory,,4,4,complete,yes,
bamboohr,kelleyuustal,,2,2,complete,yes,
bamboohr,kelvininc,,2,2,complete,yes,
bamboohr,kempquarries,,35,35,complete,yes,
bamboohr,kennyseng,,11,11,complete,yes,
bamboohr,kensingtongrey,,6,6,complete,yes,
bamboohr,keptpro,,2,2,complete,yes,
bamboohr,kerfkore,,0,0,complete,yes,
bamboohr,kettering,,0,0,complete,yes,
bamboohr,keyessentialsbm,,13,13,complete,yes,
bamboohr,keymediahr,,9,9,complete,yes,
bamboohr,keysoftwaresystems,,1,1,complete,yes,
bamboohr,keystonelife,,2,2,complete,yes,
bamboohr,keystonerailrecovery,,4,4,complete,yes,
bamboohr,kff,,0,0,complete,yes,
bamboohr,kgcpa,,9,9,complete,yes,
bamboohr,khanlabschool,,4,4,complete,yes,
bamboohr,kidtownlearningacademy,,3,3,complete,yes,
bamboohr,kigen,,1,1,complete,yes,
bamboohr,kineticdd,,8,8,complete,yes,
bamboohr,kineticpeds,,37,37,complete,yes,
bamboohr,kingscott,,2,2,complete,yes,
bamboohr,kingshouse,,4,4,complete,yes,
bamboohr,kingsleymontessori,,4,4,complete,yes,
bamboohr,kingstonist,,3,3,complete,yes,
bamboohr,kingsway,,2,2,complete,yes,
bamboohr,kinvia,,1,1,complete,yes,
bamboohr,kirkmarket,,13,13,complete,yes,
bamboohr,kirkwoodpubliclibrary,,1,1,complete,yes,
bamboohr,kiswe,,5,5,complete,yes,
bamboohr,kiwa,,3,3,complete,yes,
bamboohr,kkday,,9,9,complete,yes,
bamboohr,knack,,2,2,complete,yes,
bamboohr,knickerbockergroup,,3,3,complete,yes,
bamboohr,knkx,,3,3,complete,yes,
bamboohr,knockinc,,1,1,complete,yes,
bamboohr,knovalearning,,3,3,complete,yes,
bamboohr,knowledgebrief,,6,6,complete,yes,
bamboohr,kobalt,,4,4,complete,yes,
bamboohr,kocho,,4,4,complete,yes,
bamboohr,kodality,,1,1,complete,yes,
bamboohr,kodem,,7,7,complete,yes,
bamboohr,koehnpainting,,3,3,complete,yes,
bamboohr,kolmeo,,0,0,complete,yes,
bamboohr,kolodc,,2,2,complete,yes,
bamboohr,koltin,,17,17,complete,yes,
bamboohr,konfio,,32,32,complete,yes,
bamboohr,korem,,4,4,complete,yes,
bamboohr,korowai,,8,8,complete,yes,
bamboohr,korte,,8,8,complete,yes,
bamboohr,kortmaninc,,8,8,complete,yes,
bamboohr,kpmcpa,,3,3,complete,yes,
bamboohr,kraunelectric,,3,3,complete,yes,
bamboohr,kristin,,5,5,complete,yes,
bamboohr,krscpas,,5,5,complete,yes,
bamboohr,kruxanalytics,,3,3,complete,yes,
bamboohr,kryptonfs,,12,12,complete,yes,
bamboohr,ksvagency,,1,1,complete,yes,
bamboohr,kubermatic,,10,10,complete,yes,
bamboohr,kubusgroupltd,,6,6,complete,yes,
bamboohr,kubyenergy,,6,6,complete,yes,
bamboohr,kumu,,7,7,complete,yes,
bamboohr,kurtosys,,3,3,complete,yes,
bamboohr,laamistadinc,,6,6,complete,yes,
bamboohr,labelink,,27,27,complete,yes,
bamboohr,laboussolevan,,1,1,complete,yes,
bamboohr,labx,,7,7,complete,yes,
bamboohr,lacahsa,,1,1,complete,yes,
bamboohr,lacasitacenter,,6,6,complete,yes,
bamboohr,laigames,,2,2,complete,yes,
bamboohr,laivly,,5,5,complete,yes,
bamboohr,lakegregory,,1,1,complete,yes,
bamboohr,lakewoodgroup,,8,8,complete,yes,
bamboohr,lanciaconsult,,8,8,complete,yes,
bamboohr,landmarksolutions,,2,2,complete,yes,
bamboohr,landmarkventures,,1,1,complete,yes,
bamboohr,landr,,5,5,complete,yes,
bamboohr,landtech,,3,3,complete,yes,
bamboohr,lanesgroup,,0,0,complete,yes,
bamboohr,languagedoctors,,23,23,complete,yes,
bamboohr,lantrotech,,2,2,complete,yes,
bamboohr,lapfcu,,1,1,complete,yes,
bamboohr,laprairie,,80,80,complete,yes,
bamboohr,lapromisefund,,4,4,complete,yes,
bamboohr,larcheerie,,6,6,complete,yes,
bamboohr,lariviere,,25,25,complete,yes,
bamboohr,launchglobal,,9,9,complete,yes,
bamboohr,lautenbachrecycling,,3,3,complete,yes,
bamboohr,lavaisland,,41,41,complete,yes,
bamboohr,lawdeb,,14,14,complete,yes,
bamboohr,lawfirmcarolinas,,3,3,complete,yes,
bamboohr,lawfoundationbc,,0,0,complete,yes,
bamboohr,lawnrangers,,3,3,complete,yes,
bamboohr,lawny,,7,7,complete,yes,
bamboohr,lawpath,,6,6,complete,yes,
bamboohr,lawrenceburg,,1,1,complete,yes,
bamboohr,lawson,,4,4,complete,yes,
bamboohr,lawsonlundell,,6,6,complete,yes,
bamboohr,lawyersalliancefornewyork,,3,3,complete,yes,
bamboohr,lba,,11,11,complete,yes,
bamboohr,lbmx,,13,13,complete,yes,
bamboohr,lbphd,,3,3,complete,yes,
bamboohr,lcozarks,,0,0,complete,yes,
bamboohr,lea,,8,8,complete,yes,
bamboohr,leadexsystems,,3,3,complete,yes,
bamboohr,leanpath,,1,1,complete,yes,
bamboohr,leapxpert,,1,1,complete,yes,
bamboohr,learningforward,,1,1,complete,yes,
bamboohr,learnlife,,4,4,complete,yes,
bamboohr,leemontessori,,6,6,complete,yes,
bamboohr,leetrans,,2,2,complete,yes,
bamboohr,leevin,,10,10,complete,yes,
bamboohr,legacyfarmer,,4,4,complete,yes,
bamboohr,legacymechanical,,7,7,complete,yes,
bamboohr,legacytree,,2,2,complete,yes,
bamboohr,legalactionworldwide,,1,1,complete,yes,
bamboohr,legalmanagementgroup,,50,50,complete,yes,
bamboohr,legbc,,4,4,complete,yes,
bamboohr,lemonedge,,3,3,complete,yes,
bamboohr,lemonio,,0,0,complete,yes,
bamboohr,lemonjuice,,20,20,complete,yes,
bamboohr,lendesk,,2,2,complete,yes,
bamboohr,leparvet,,4,4,complete,yes,
bamboohr,les,,4,4,complete,yes,
bamboohr,lethbridgepolice,,6,6,complete,yes,
bamboohr,levno,,2,2,complete,yes,
bamboohr,lewagon,,3,3,complete,yes,
bamboohr,leworkforce,,19,19,complete,yes,
bamboohr,lexair,,8,8,complete,yes,
bamboohr,lgmeats,,2,2,complete,yes,
bamboohr,liaisonhomes,,4,4,complete,yes,
bamboohr,libre,,1,1,complete,yes,
bamboohr,licycle,,2,2,complete,yes,
bamboohr,lieberman,,1,1,complete,yes,
bamboohr,lifebit,,5,5,complete,yes,
bamboohr,lifestylebakery,,3,3,complete,yes,
bamboohr,liftinteractive,,0,0,complete,yes,
bamboohr,lifttorise,,1,1,complete,yes,
bamboohr,ligadata,,11,11,complete,yes,
bamboohr,lightasinglecandle,,1,1,complete,yes,
bamboohr,lighthousebhs,,1,1,complete,yes,
bamboohr,lightingmaintenance,,12,12,complete,yes,
bamboohr,limelightmarketing,,2,2,complete,yes,
bamboohr,linkservesolutions,,11,11,complete,yes,
bamboohr,linkvilleroofing,,5,5,complete,yes,
bamboohr,liquidmeasurementsystems,,4,4,complete,yes,
bamboohr,listentech,,2,2,complete,yes,
bamboohr,littlesleepies,,4,4,complete,yes,
bamboohr,livinfarms,,2,2,complete,yes,
bamboohr,livinghopepa,,2,2,complete,yes,
bamboohr,lji,,15,15,complete,yes,
bamboohr,llrib,,23,23,complete,yes,
bamboohr,lmaweb,,2,2,complete,yes,
bamboohr,lminternational,,3,3,complete,yes,
bamboohr,lmkr,,5,5,complete,yes,
bamboohr,lmpgroup,,56,56,complete,yes,
bamboohr,lnsresearch,,2,2,complete,yes,
bamboohr,loancouk,,2,2,complete,yes,
bamboohr,loftwork,,24,24,complete,yes,
bamboohr,logelhomes,,1,1,complete,yes,
bamboohr,logisco,,9,9,complete,yes,
bamboohr,logpoint,,0,,unreachable,yes,JSONDecodeError: Expecting value: line 1 column 1 (char 0
bamboohr,londonsquare,,3,3,complete,yes,
bamboohr,loopbackanalytics,,1,1,complete,yes,
bamboohr,looperinsights,,2,2,complete,yes,
bamboohr,lootrentals,,2,2,complete,yes,
bamboohr,lottiefiles,,4,4,complete,yes,
bamboohr,lotusden,,2,2,complete,yes,
bamboohr,lovelandexcavating,,8,8,complete,yes,
bamboohr,lowerstreet,,6,6,complete,yes,
bamboohr,loweswholesale,,11,11,complete,yes,
bamboohr,lrboi,,11,11,complete,yes,
bamboohr,lre,,12,12,complete,yes,
bamboohr,lsiwins,,1,1,complete,yes,
bamboohr,ltcsolutionsllc,,21,21,complete,yes,
bamboohr,lubbockfine,,13,13,complete,yes,
bamboohr,lucyd,,3,3,complete,yes,
bamboohr,ludia,,7,7,complete,yes,
bamboohr,lukka,,1,1,complete,yes,
bamboohr,lullabot,,1,1,complete,yes,
bamboohr,lumibuild,,9,9,complete,yes,
bamboohr,lumicks,,1,1,complete,yes,
bamboohr,luminarybakery,,7,7,complete,yes,
bamboohr,luminatemedical,,13,13,complete,yes,
bamboohr,luminus,,1,1,complete,yes,
bamboohr,lunacon,,6,6,complete,yes,
bamboohr,lunaroutpost,,35,35,complete,yes,
bamboohr,lunitinternational,,6,6,complete,yes,
bamboohr,luvbridal,,11,11,complete,yes,
bamboohr,luxaviation,,26,26,complete,yes,
bamboohr,lvbhh,,10,10,complete,yes,
bamboohr,lvivit,,0,0,complete,yes,
bamboohr,lwcc,,9,9,complete,yes,
bamboohr,maamwesying,,2,2,complete,yes,
bamboohr,macbracey,,4,4,complete,yes,
bamboohr,macc,,10,10,complete,yes,
bamboohr,mackleysnz,,2,2,complete,yes,
bamboohr,macrobond,,17,17,complete,yes,
bamboohr,madeincookware,,5,5,complete,yes,
bamboohr,maderach,,59,59,complete,yes,
bamboohr,maei,,2,2,complete,yes,
bamboohr,maestrotech,,4,4,complete,yes,
bamboohr,magmalabs,,4,4,complete,yes,
bamboohr,magnetic,,9,9,complete,yes,
bamboohr,magnumphotos,,3,3,complete,yes,
bamboohr,mailchannels,,1,1,complete,yes,
bamboohr,mainstream,,4,4,complete,yes,
bamboohr,makaillc,,3,3,complete,yes,
bamboohr,makepath,,1,1,complete,yes,
bamboohr,makeship,,7,7,complete,yes,
bamboohr,makola,,6,6,complete,yes,
bamboohr,makonsag,,3,3,complete,yes,
bamboohr,makorecruiting,,6,6,complete,yes,
bamboohr,maksystem,,3,3,complete,yes,
bamboohr,malaghannz,,2,2,complete,yes,
bamboohr,malalafund,,2,2,complete,yes,
bamboohr,mallol,,11,11,complete,yes,
bamboohr,maltorg,,1,1,complete,yes,
bamboohr,mamayahealth,,7,7,complete,yes,
bamboohr,manageamerica,,0,0,complete,yes,
bamboohr,manahan,,0,0,complete,yes,
bamboohr,mand,,1,1,complete,yes,
bamboohr,mangxo,,6,6,complete,yes,
bamboohr,mantra,,5,5,complete,yes,
bamboohr,map,,23,23,complete,yes,
bamboohr,mapletronics,,1,1,complete,yes,
bamboohr,maplevalley,,1,1,complete,yes,
bamboohr,mapolce,,2,2,complete,yes,
bamboohr,marblehead,,6,6,complete,yes,
bamboohr,marianopoliscollege,,3,3,complete,yes,
bamboohr,marinelife,,3,3,complete,yes,
bamboohr,maritimefinancial,,6,6,complete,yes,
bamboohr,marketingessentials,,4,4,complete,yes,
bamboohr,maropost,,12,12,complete,yes,
bamboohr,marqueebrands,,6,6,complete,yes,
bamboohr,marquettemi,,8,8,complete,yes,
bamboohr,marrinadecisions,,24,24,complete,yes,
bamboohr,marsdd,,1,1,complete,yes,
bamboohr,marsello,,4,4,complete,yes,
bamboohr,marshallwhite,,7,7,complete,yes,
bamboohr,martello,,1,1,complete,yes,
bamboohr,martiancraft,,3,3,complete,yes,
bamboohr,masalto,,4,4,complete,yes,
bamboohr,masbuilding,,8,8,complete,yes,
bamboohr,mashomecare,,25,25,complete,yes,
bamboohr,masoninteractive,,5,5,complete,yes,
bamboohr,masonkorea,,8,8,complete,yes,
bamboohr,massago,,9,9,complete,yes,
bamboohr,massdevelopment,,2,2,complete,yes,
bamboohr,massiveequipment,,4,4,complete,yes,
bamboohr,massyfinancegfcltd,,3,3,complete,yes,
bamboohr,masterworks,,6,6,complete,yes,
bamboohr,matchhospitality,,8,8,complete,yes,
bamboohr,matiss,,15,15,complete,yes,
bamboohr,matosbuilders,,10,10,complete,yes,
bamboohr,matpelbuilders,,6,6,complete,yes,
bamboohr,matthew25,,6,6,complete,yes,
bamboohr,mavericksoftware,,1,1,complete,yes,
bamboohr,mavericktransport,,5,5,complete,yes,
bamboohr,mbdesign,,0,0,complete,yes,
bamboohr,mcbcorp,,19,19,complete,yes,
bamboohr,mccallumrock,,7,7,complete,yes,
bamboohr,mcgrathconstruction,,13,13,complete,yes,
bamboohr,mchcwi,,9,9,complete,yes,
bamboohr,mcis,,16,16,complete,yes,
bamboohr,mckenzie,,11,11,complete,yes,
bamboohr,mckinleyadvisors,,0,,unreachable,yes,JSONDecodeError: Expecting value: line 1 column 1 (char 0
bamboohr,mcleanschool,,16,16,complete,yes,
bamboohr,mcpk,,2,2,complete,yes,
bamboohr,mcs,,3,3,complete,yes,
bamboohr,mcss,,7,7,complete,yes,
bamboohr,mct,,2,2,complete,yes,
bamboohr,mdfinance,,3,3,complete,yes,
bamboohr,mdif1,,0,0,complete,yes,
bamboohr,mdn,,7,7,complete,yes,
bamboohr,meadowhead,,5,5,complete,yes,
bamboohr,mealticket,,4,4,complete,yes,
bamboohr,meatymeats,,6,6,complete,yes,
bamboohr,mechanicalsolutions,,58,58,complete,yes,
bamboohr,meda,,5,5,complete,yes,
bamboohr,medallionbank,,4,4,complete,yes,
bamboohr,medelite,,4,4,complete,yes,
bamboohr,medenterprises,,3,3,complete,yes,
bamboohr,mediaboard,,6,6,complete,yes,
bamboohr,mediadesign,,1,1,complete,yes,
bamboohr,medialtd,,9,9,complete,yes,
bamboohr,mediartherapeutics,,0,0,complete,yes,
bamboohr,mediasense,,4,4,complete,yes,
bamboohr,mediatrust,,0,0,complete,yes,
bamboohr,medicalincs,,14,14,complete,yes,
bamboohr,medicines360,,1,1,complete,yes,
bamboohr,medify,,3,3,complete,yes,
bamboohr,meedan,,0,0,complete,yes,
bamboohr,meirshr,,4,4,complete,yes,
bamboohr,meniga,,6,6,complete,yes,
bamboohr,meninblazers,,2,2,complete,yes,
bamboohr,merakicreativegroup,,1,1,complete,yes,
bamboohr,merakihealth,,11,11,complete,yes,
bamboohr,merchant1948,,26,26,complete,yes,
bamboohr,mercuryfilmworks,,1,1,complete,yes,
bamboohr,mercuryo,,8,8,complete,yes,
bamboohr,mercydental,,5,5,complete,yes,
bamboohr,mergon,,33,33,complete,yes,
bamboohr,merrick,,11,11,complete,yes,
bamboohr,merseyseafoods,,17,17,complete,yes,
bamboohr,messagepoint,,2,2,complete,yes,
bamboohr,metacompliance,,3,3,complete,yes,
bamboohr,metaltoad,,10,10,complete,yes,
bamboohr,metricmindsgmbh,,3,3,complete,yes,
bamboohr,metronews,,4,4,complete,yes,
bamboohr,metroservicegroup,,1,1,complete,yes,
bamboohr,meysen,,4,4,complete,yes,
bamboohr,mgnevents,,0,0,complete,yes,
bamboohr,mhchowneroperatorfourseasonsyachts,,5,5,complete,yes,
bamboohr,mhfnz,,2,2,complete,yes,
bamboohr,miadvocacy,,8,8,complete,yes,
bamboohr,mic3,,5,5,complete,yes,
bamboohr,michaelsenergy,,3,3,complete,yes,
bamboohr,microharvest,,3,3,complete,yes,
bamboohr,micrometrics,,2,2,complete,yes,
bamboohr,middletonmeyers,,8,8,complete,yes,
bamboohr,middletownhonda,,3,3,complete,yes,
bamboohr,midwestmission,,1,1,complete,yes,
bamboohr,mighty,,1,1,complete,yes,
bamboohr,mii,,6,6,complete,yes,
bamboohr,milbarhydrotest,,2,2,complete,yes,
bamboohr,mile6,,2,2,complete,yes,
bamboohr,milestable,,4,4,complete,yes,
bamboohr,milyli,,1,1,complete,yes,
bamboohr,miningplus,,4,4,complete,yes,
bamboohr,mintdrugs,,20,20,complete,yes,
bamboohr,minutebox,,8,8,complete,yes,
bamboohr,miquido,,5,5,complete,yes,
bamboohr,mirrorweb,,1,1,complete,yes,
bamboohr,missionagency,,1,1,complete,yes,
bamboohr,missioneast,,2,2,complete,yes,
bamboohr,missionoaks,,4,4,complete,yes,
bamboohr,mitacs,,8,8,complete,yes,
bamboohr,mitchellwhale,,7,7,complete,yes,
bamboohr,mitto,,6,6,complete,yes,
bamboohr,mkonorth,,20,20,complete,yes,
bamboohr,mlacanada,,0,0,complete,yes,
bamboohr,mlscnet,,5,5,complete,yes,
bamboohr,mmigroup,,1,1,complete,yes,
bamboohr,mmist,,4,4,complete,yes,
bamboohr,mmtherapycenter,,4,4,complete,yes,
bamboohr,mna,,31,31,complete,yes,
bamboohr,mncasa,,1,1,complete,yes,
bamboohr,mobilizegreen,,9,9,complete,yes,
bamboohr,mobiz,,21,21,complete,yes,
bamboohr,moddex,,5,5,complete,yes,
bamboohr,modo,,7,7,complete,yes,
bamboohr,modus,,2,2,complete,yes,
bamboohr,moises,,3,3,complete,yes,
bamboohr,moldeddimensions,,4,4,complete,yes,
bamboohr,momentumcenter,,2,2,complete,yes,
bamboohr,monartec,,3,3,complete,yes,
bamboohr,mondaycreativeinc,,2,2,complete,yes,
bamboohr,monge,,4,4,complete,yes,
bamboohr,monmouth,,2,2,complete,yes,
bamboohr,monroehealthcenter,,3,3,complete,yes,
bamboohr,montanaaleworks,,12,12,complete,yes,
bamboohr,montanapartyrentals,,2,2,complete,yes,
bamboohr,montclairhospitality,,14,14,complete,yes,
bamboohr,montroseholdings,,25,25,complete,yes,
bamboohr,moonstoneinfo,,6,6,complete,yes,
bamboohr,morgancountygov,,0,0,complete,yes,
bamboohr,morleybuilders,,6,6,complete,yes,
bamboohr,morpc,,2,2,complete,yes,
bamboohr,morrisonexpress,,93,93,complete,yes,
bamboohr,mortongroveparks,,5,5,complete,yes,
bamboohr,mosai,,13,13,complete,yes,
bamboohr,mosaic,,1,1,complete,yes,
bamboohr,mosaicbc,,6,6,complete,yes,
bamboohr,most2414,,3,3,complete,yes,
bamboohr,motat,,2,2,complete,yes,
bamboohr,motorworksauto,,31,31,complete,yes,
bamboohr,movetexas,,5,5,complete,yes,
bamboohr,moviestarplanet,,1,1,complete,yes,
bamboohr,mpathic2,,21,21,complete,yes,
bamboohr,mpsbaltic,,3,3,complete,yes,
bamboohr,mptcs,,10,10,complete,yes,
bamboohr,msbconsulting,,1,1,complete,yes,
bamboohr,msf,,22,22,complete,yes,
bamboohr,msfsa,,9,9,complete,yes,
bamboohr,mslogisticsltd,,7,7,complete,yes,
bamboohr,msminc,,1,1,complete,yes,
bamboohr,mspbots,,5,5,complete,yes,
bamboohr,mstreet,,4,4,complete,yes,
bamboohr,msvotes,,3,3,complete,yes,
bamboohr,mtbh,,9,9,complete,yes,
bamboohr,mtshastaambulanceservice,,2,2,complete,yes,
bamboohr,mtwyouth,,1,1,complete,yes,
bamboohr,mujin,,26,26,complete,yes,
bamboohr,mulilo,,8,8,complete,yes,
bamboohr,multiplegroup,,1,1,complete,yes,
bamboohr,multipower,,7,7,complete,yes,
bamboohr,multiview,,4,4,complete,yes,
bamboohr,munciesanitarydistrict,,3,3,complete,yes,
bamboohr,munichre,,4,4,complete,yes,
bamboohr,murphygs,,26,26,complete,yes,
bamboohr,murrayco,,16,16,complete,yes,
bamboohr,mustad,,8,8,complete,yes,
bamboohr,mustardseed,,4,4,complete,yes,
bamboohr,muybridge,,8,8,complete,yes,
bamboohr,mvix,,6,6,complete,yes,
bamboohr,mweg,,3,3,complete,yes,
bamboohr,myaidin,,2,2,complete,yes,
bamboohr,myblueprints,,30,30,complete,yes,
bamboohr,myhcd,,1,1,complete,yes,
bamboohr,myitcrew,,12,12,complete,yes,
bamboohr,mylogically,,8,8,complete,yes,
bamboohr,mypicture,,2,2,complete,yes,
bamboohr,mypurplesales,,8,8,complete,yes,
bamboohr,nacca,,4,4,complete,yes,
bamboohr,naisiouxfalls,,0,0,complete,yes,
bamboohr,nationalbank,,1,1,complete,yes,
bamboohr,nationalgrocers,,1,1,complete,yes,
bamboohr,nativeforward,,9,9,complete,yes,
bamboohr,naturaldes,,3,3,complete,yes,
bamboohr,naturetrustofbc,,0,0,complete,yes,
bamboohr,navitas,,10,10,complete,yes,
bamboohr,navitasgsm,,4,4,complete,yes,
bamboohr,navmar,,3,3,complete,yes,
bamboohr,ncdmm,,11,11,complete,yes,
bamboohr,ncfire,,1,1,complete,yes,
bamboohr,ncfta,,1,1,complete,yes,
bamboohr,ncose,,9,9,complete,yes,
bamboohr,ncwlibraries,,6,6,complete,yes,
bamboohr,ndp,,7,7,complete,yes,
bamboohr,neareast,,12,12,complete,yes,
bamboohr,nebholdings,,3,3,complete,yes,
bamboohr,nebula,,14,14,complete,yes,
bamboohr,nectar,,3,3,complete,yes,
bamboohr,nectarhr,,4,4,complete,yes,
bamboohr,nedap,,1,1,complete,yes,
bamboohr,neighborhoodsun,,1,1,complete,yes,
bamboohr,nelsonconstructionanddevelopment,,3,3,complete,yes,
bamboohr,nephila,,3,3,complete,yes,
bamboohr,neptuneretailsolutions,,8,8,complete,yes,
bamboohr,nesst,,3,3,complete,yes,
bamboohr,nestify,,5,5,complete,yes,
bamboohr,netagen,,5,5,complete,yes,
bamboohr,netvendor,,9,9,complete,yes,
bamboohr,nevilleparkhotels,,17,17,complete,yes,
bamboohr,newbirthoffreedom,,6,6,complete,yes,
bamboohr,newcityus,,3,3,complete,yes,
bamboohr,newcomienzos,,3,3,complete,yes,
bamboohr,newelhealth,,10,10,complete,yes,
bamboohr,newfrontierlaw,,11,11,complete,yes,
bamboohr,newicon,,7,7,complete,yes,
bamboohr,newlifecommunitychurch1,,3,3,complete,yes,
bamboohr,newlifepainting,,0,0,complete,yes,
bamboohr,newlifept,,2,2,complete,yes,
bamboohr,newmedica,,17,17,complete,yes,
bamboohr,newreflexions,,15,15,complete,yes,
bamboohr,newstel,,15,15,complete,yes,
bamboohr,nexamobility,,2,2,complete,yes,
bamboohr,nexapp,,7,7,complete,yes,
bamboohr,nexforduniversity,,1,1,complete,yes,
bamboohr,nextgenamerica,,1,1,complete,yes,
bamboohr,nextgeneration,,14,14,complete,yes,
bamboohr,nexthopai,,42,42,complete,yes,
bamboohr,nexusinno,,1,1,complete,yes,
bamboohr,nexusmanagement,,11,11,complete,yes,
bamboohr,ngadvantage,,2,2,complete,yes,
bamboohr,ngaiteranginz,,3,3,complete,yes,
bamboohr,nheincteam,,37,37,complete,yes,
bamboohr,nhht,,13,13,complete,yes,
bamboohr,nhmin,,2,2,complete,yes,
bamboohr,nhtinc,,0,0,complete,yes,
bamboohr,nicholsonsgb,,7,7,complete,yes,
bamboohr,nicindustries,,4,4,complete,yes,
bamboohr,nicoyalife,,4,4,complete,yes,
bamboohr,nihonkohdenmiddleeast,,1,1,complete,yes,
bamboohr,nimbusconsulting,,1,1,complete,yes,
bamboohr,nimonik,,3,3,complete,yes,
bamboohr,niobium,,2,2,complete,yes,
bamboohr,nisade,,9,9,complete,yes,
bamboohr,nitex,,2,2,complete,yes,
bamboohr,nkpr,,8,8,complete,yes,
bamboohr,nmacbm,,18,18,complete,yes,
bamboohr,nmjc,,11,11,complete,yes,
bamboohr,noah,,3,3,complete,yes,
bamboohr,noblerot,,5,5,complete,yes,
bamboohr,nobletexasbuilders,,8,8,complete,yes,
bamboohr,nomadgcs,,22,22,complete,yes,
bamboohr,nonviolentpeaceforce,,7,7,complete,yes,
bamboohr,noorahealth,,11,11,complete,yes,
bamboohr,norcalpipe,,5,5,complete,yes,
bamboohr,normative,,1,1,complete,yes,
bamboohr,norslandlefse,,2,2,complete,yes,
bamboohr,norson,,11,11,complete,yes,
bamboohr,northcentralelectric,,1,1,complete,yes,
bamboohr,northeast,,21,21,complete,yes,
bamboohr,northern,,6,6,complete,yes,
bamboohr,northpointmortgage,,9,9,complete,yes,
bamboohr,northwestrubber,,21,21,complete,yes,
bamboohr,nourishinghopechi,,5,5,complete,yes,
bamboohr,novetus,,9,9,complete,yes,
bamboohr,novopayment,,4,4,complete,yes,
bamboohr,novospace,,7,7,complete,yes,
bamboohr,npffpn,,3,3,complete,yes,
bamboohr,nprc,,13,13,complete,yes,
bamboohr,nptandcrc,,3,3,complete,yes,
bamboohr,nshsc,,11,11,complete,yes,
bamboohr,nslegalaid,,0,0,complete,yes,
bamboohr,nssra,,2,2,complete,yes,
bamboohr,nstc,,2,2,complete,yes,
bamboohr,nti,,23,23,complete,yes,
bamboohr,nubimetrics,,1,1,complete,yes,
bamboohr,nubreedhotels,,1,1,complete,yes,
bamboohr,nucleus,,2,2,complete,yes,
bamboohr,nursenextdoor,,0,0,complete,yes,
bamboohr,nvision,,3,3,complete,yes,
bamboohr,nvva,,3,3,complete,yes,
bamboohr,nwaea,,20,20,complete,yes,
bamboohr,nwave,,4,4,complete,yes,
bamboohr,nwch,,4,4,complete,yes,
bamboohr,nwpd,,8,8,complete,yes,
bamboohr,nwrc,,1,1,complete,yes,
bamboohr,nycavp,,1,1,complete,yes,
bamboohr,nycballet,,2,2,complete,yes,
bamboohr,nyctourism,,2,2,complete,yes,
bamboohr,nyobolt,,2,2,complete,yes,
bamboohr,nytedu,,4,4,complete,yes,
bamboohr,o180,,5,5,complete,yes,
bamboohr,oakmi,,14,14,complete,yes,
bamboohr,obdynamics,,1,1,complete,yes,
bamboohr,oche,,6,6,complete,yes,
bamboohr,ocuco,,5,5,complete,yes,
bamboohr,odellhvac,,20,20,complete,yes,
bamboohr,odkmedia,,1,1,complete,yes,
bamboohr,odyssea,,5,5,complete,yes,
bamboohr,oecs,,1,1,complete,yes,
bamboohr,officernd,,7,7,complete,yes,
bamboohr,offstreet,,2,2,complete,yes,
bamboohr,ofntsc,,12,12,complete,yes,
bamboohr,ogi,,3,3,complete,yes,
bamboohr,ohiocitizen,,3,3,complete,yes,
bamboohr,oicdtpac,,5,5,complete,yes,
bamboohr,oicr,,4,4,complete,yes,
bamboohr,okaloosagas,,1,1,complete,yes,
bamboohr,olinskylawgroup,,7,7,complete,yes,
bamboohr,oliverparks,,9,9,complete,yes,
bamboohr,omahafoundation,,6,6,complete,yes,
bamboohr,omnimed,,2,2,complete,yes,
bamboohr,omnitherapeutics,,10,10,complete,yes,
bamboohr,onafriq,,2,2,complete,yes,
bamboohr,onecomm,,5,5,complete,yes,
bamboohr,onedegreeadvisors,,1,1,complete,yes,
bamboohr,onekidsplace,,12,12,complete,yes,
bamboohr,onelocal,,3,3,complete,yes,
bamboohr,onemarketdata,,4,4,complete,yes,
bamboohr,oneteamonedream,,7,7,complete,yes,
bamboohr,oneviewhealthcare,,2,2,complete,yes,
bamboohr,onezero,,11,11,complete,yes,
bamboohr,onsiteconstructionllc,,10,10,complete,yes,
bamboohr,onsiteengineering,,11,11,complete,yes,
bamboohr,onsitelogic,,2,2,complete,yes,
bamboohr,ontariosoilcrop,,7,7,complete,yes,
bamboohr,onwa,,20,20,complete,yes,
bamboohr,onyourmark,,1,1,complete,yes,
bamboohr,oomphinc,,2,2,complete,yes,
bamboohr,opalfoodandbody,,3,3,complete,yes,
bamboohr,opalrt,,27,27,complete,yes,
bamboohr,openapproach,,6,6,complete,yes,
bamboohr,opench,,14,14,complete,yes,
bamboohr,operative,,3,3,complete,yes,
bamboohr,operatorsunlimited,,12,12,complete,yes,
bamboohr,opn,,21,21,complete,yes,
bamboohr,opportunityknocksnow,,1,1,complete,yes,
bamboohr,optimalworkshop,,3,3,complete,yes,
bamboohr,optimerainc,,5,5,complete,yes,
bamboohr,optimum,,1,1,complete,yes,
bamboohr,optimum7,,9,9,complete,yes,
bamboohr,optinizer,,9,9,complete,yes,
bamboohr,orag,,105,105,complete,yes,
bamboohr,orangeloops,,1,1,complete,yes,
bamboohr,orangeskyau,,8,8,complete,yes,
bamboohr,orases,,2,2,complete,yes,
bamboohr,orcid,,0,0,complete,yes,
bamboohr,ordergroup,,0,0,complete,yes,
bamboohr,origamirehab,,17,17,complete,yes,
bamboohr,origina,,4,4,complete,yes,
bamboohr,originenvironmental,,27,27,complete,yes,
bamboohr,originoperations,,10,10,complete,yes,
bamboohr,originoutside,,5,5,complete,yes,
bamboohr,orionhomes,,3,3,complete,yes,
bamboohr,orlamining,,36,36,complete,yes,
bamboohr,ormistonhospital,,0,0,complete,yes,
bamboohr,orourkewrecking,,1,1,complete,yes,
bamboohr,ors,,11,11,complete,yes,
bamboohr,orumtherapeutics,,8,8,complete,yes,
bamboohr,orw,,3,3,complete,yes,
bamboohr,oscglobal,,15,15,complete,yes,
bamboohr,oseven,,1,1,complete,yes,
bamboohr,osigu,,4,4,complete,yes,
bamboohr,osirisgroup,,3,3,complete,yes,
bamboohr,otamerica,,5,5,complete,yes,
bamboohr,otcfleetservices,,7,7,complete,yes,
bamboohr,otcflow,,26,26,complete,yes,
bamboohr,ottawasenators,,13,13,complete,yes,
bamboohr,otus,,1,1,complete,yes,
bamboohr,outfittersint,,2,2,complete,yes,
bamboohr,outseer,,5,5,complete,yes,
bamboohr,outsourceconsultants,,4,4,complete,yes,
bamboohr,ovationlawfirm,,14,14,complete,yes,
bamboohr,ove,,11,11,complete,yes,
bamboohr,overwatchimaging,,8,8,complete,yes,
bamboohr,owi,,9,9,complete,yes,
bamboohr,ownsolutions,,2,2,complete,yes,
bamboohr,oxfamcanada,,3,3,complete,yes,
bamboohr,oxfordbiotherapeutics,,4,4,complete,yes,
bamboohr,oxipitalai,,3,3,complete,yes,
bamboohr,oxtools,,8,8,complete,yes,
bamboohr,oze,,3,3,complete,yes,
bamboohr,ozoneproject,,0,0,complete,yes,
bamboohr,pa,,3,3,complete,yes,
bamboohr,pacificsf,,5,5,complete,yes,
bamboohr,paga,,11,11,complete,yes,
bamboohr,palainteractive,,8,8,complete,yes,
bamboohr,paleycenter,,6,6,complete,yes,
bamboohr,palisadepest,,18,18,complete,yes,
bamboohr,palmerhome,,7,7,complete,yes,
bamboohr,palmerscholars,,0,0,complete,yes,
bamboohr,palmettoyachtmanagement1,,19,19,complete,yes,
bamboohr,palsworks,,12,12,complete,yes,
bamboohr,pancan,,1,1,complete,yes,
bamboohr,panteleon,,6,6,complete,yes,
bamboohr,panterra,,2,2,complete,yes,
bamboohr,paq,,5,5,complete,yes,
bamboohr,paralympic,,1,1,complete,yes,
bamboohr,parametricsmedical,,0,0,complete,yes,
bamboohr,parkinsurance,,1,1,complete,yes,
bamboohr,parkvwchurch,,2,2,complete,yes,
bamboohr,parrainc,,27,27,complete,yes,
bamboohr,parsectechnologies,,2,2,complete,yes,
bamboohr,parser,,31,31,complete,yes,
bamboohr,particlecontrolinc,,5,5,complete,yes,
bamboohr,partnersforruralimpact,,20,20,complete,yes,
bamboohr,partridge,,1,1,complete,yes,
bamboohr,parttimecfo,,4,4,complete,yes,
bamboohr,pasadosafehaven,,5,5,complete,yes,
bamboohr,paschool,,4,4,complete,yes,
bamboohr,passbolt,,3,3,complete,yes,
bamboohr,pathcrisis,,3,3,complete,yes,
bamboohr,patspastured,,2,2,complete,yes,
bamboohr,paulbunyancommunications,,1,1,complete,yes,
bamboohr,paxsapiens,,3,3,complete,yes,
bamboohr,payall,,1,1,complete,yes,
bamboohr,paybyphone,,11,11,complete,yes,
bamboohr,pbhha,,4,4,complete,yes,
bamboohr,pbsengineers,,3,3,complete,yes,
bamboohr,pcpacorp,,0,0,complete,yes,
bamboohr,pcsi,,2,2,complete,yes,
bamboohr,pdms,,2,2,complete,yes,
bamboohr,pdrcpa,,3,3,complete,yes,
bamboohr,pdrvirginia,,8,8,complete,yes,
bamboohr,peabodyschool,,2,2,complete,yes,
bamboohr,peacefromdv,,2,2,complete,yes,
bamboohr,peachpayments,,3,3,complete,yes,
bamboohr,peakdata,,1,1,complete,yes,
bamboohr,peakgroup,,7,7,complete,yes,
bamboohr,peaksalesrecruiting,,4,4,complete,yes,
bamboohr,pechangatribalgovernment,,4,4,complete,yes,
bamboohr,peekvision,,3,3,complete,yes,
bamboohr,peelenv,,2,2,complete,yes,
bamboohr,pefht,,2,2,complete,yes,
bamboohr,pegasusimagery,,1,1,complete,yes,
bamboohr,pegllc,,32,32,complete,yes,
bamboohr,pelcro,,1,1,complete,yes,
bamboohr,pelion,,1,1,complete,yes,
bamboohr,pelotonwellfocused,,3,3,complete,yes,
bamboohr,pelthos,,14,14,complete,yes,
bamboohr,pen,,2,2,complete,yes,
bamboohr,pencoelectric,,5,5,complete,yes,
bamboohr,peninsulacleanenergy,,0,0,complete,yes,
bamboohr,peoplearchitectshr,,8,8,complete,yes,
bamboohr,peoplescience,,33,33,complete,yes,
bamboohr,perezmorris,,2,2,complete,yes,
bamboohr,performcb,,1,1,complete,yes,
bamboohr,perimetermed,,8,8,complete,yes,
bamboohr,personalgrowthcs,,7,7,complete,yes,
bamboohr,pestassassins,,5,5,complete,yes,
bamboohr,petersenhastings,,0,0,complete,yes,
bamboohr,peterstownship,,2,2,complete,yes,
bamboohr,petpatrol,,3,3,complete,yes,
bamboohr,pfhtechnology,,9,9,complete,yes,
bamboohr,pfscm,,8,8,complete,yes,
bamboohr,pfspam,,17,17,complete,yes,
bamboohr,pgcsao,,8,8,complete,yes,
bamboohr,pgl,,13,13,complete,yes,
bamboohr,ph7,,4,4,complete,yes,
bamboohr,pharvaris,,4,4,complete,yes,
bamboohr,phhc,,24,24,complete,yes,
bamboohr,philadelphiaballet,,5,5,complete,yes,
bamboohr,philkleininsurance,,4,4,complete,yes,
bamboohr,phillipj,,21,21,complete,yes,
bamboohr,phillipsauctioneers,,11,11,complete,yes,
bamboohr,phippsconservatory,,6,6,complete,yes,
bamboohr,phoenixlaser,,20,20,complete,yes,
bamboohr,phoenixteam,,25,25,complete,yes,
bamboohr,piano,,18,18,complete,yes,
bamboohr,picassogroup,,7,7,complete,yes,
bamboohr,picconsulting,,1,1,complete,yes,
bamboohr,picketfence,,1,1,complete,yes,
bamboohr,pier4ltd,,9,9,complete,yes,
bamboohr,piletilevi,,11,11,complete,yes,
bamboohr,pilzusa,,1,1,complete,yes,
bamboohr,pinkelephant,,3,3,complete,yes,
bamboohr,pinnacle,,14,14,complete,yes,
bamboohr,pinnaclemtgcorp,,21,21,complete,yes,
bamboohr,pinteam,,0,0,complete,yes,
bamboohr,pis,,10,10,complete,yes,
bamboohr,pivotal,,5,5,complete,yes,
bamboohr,pivothr,,5,5,complete,yes,
bamboohr,piworks,,26,26,complete,yes,
bamboohr,pixiandpop,,31,31,complete,yes,
bamboohr,pizzadelicious,,0,0,complete,yes,
bamboohr,pkf,,3,3,complete,yes,
bamboohr,planitmars,,2,2,complete,yes,
bamboohr,plank,,1,1,complete,yes,
bamboohr,plantanacayman,,2,2,complete,yes,
bamboohr,platform45,,11,11,complete,yes,
bamboohr,platformq,,7,7,complete,yes,
bamboohr,playcv,,1,1,complete,yes,
bamboohr,playershealth,,2,2,complete,yes,
bamboohr,playgroupnsw,,2,2,complete,yes,
bamboohr,playnorth,,7,7,complete,yes,
bamboohr,plexsys,,12,12,complete,yes,
bamboohr,plugandplaytechcenter,,29,29,complete,yes,
bamboohr,plurilock,,13,13,complete,yes,
bamboohr,pminternational,,15,15,complete,yes,
bamboohr,pndengineers1,,17,17,complete,yes,
bamboohr,pneudart,,6,6,complete,yes,
bamboohr,poainternet,,2,2,complete,yes,
bamboohr,podhealth,,17,17,complete,yes,
bamboohr,podimetrics,,4,4,complete,yes,
bamboohr,poeppelmanmaterials,,6,6,complete,yes,
bamboohr,pointclinicalservices,,3,3,complete,yes,
bamboohr,pollardgroup,,1,1,complete,yes,
bamboohr,pollination,,1,1,complete,yes,
bamboohr,pontosense,,0,0,complete,yes,
bamboohr,populusgroup,,2,2,complete,yes,
bamboohr,portkc,,1,1,complete,yes,
bamboohr,portofbelize,,2,2,complete,yes,
bamboohr,portwest,,1,1,complete,yes,
bamboohr,positrace,,11,11,complete,yes,
bamboohr,possolutions,,3,3,complete,yes,
bamboohr,postedcompanies,,8,8,complete,yes,
bamboohr,potentialproject,,2,2,complete,yes,
bamboohr,potlotek,,4,4,complete,yes,
bamboohr,pouletrouge,,1,1,complete,yes,
bamboohr,powerfinancialwellness,,0,0,complete,yes,
bamboohr,powerlife,,17,17,complete,yes,
bamboohr,powers,,15,15,complete,yes,
bamboohr,ppeng,,32,32,complete,yes,
bamboohr,ppmi,,12,12,complete,yes,
bamboohr,pppgraham,,3,3,complete,yes,
bamboohr,ppsi,,9,9,complete,yes,
bamboohr,ppsriverregion,,2,2,complete,yes,
bamboohr,prairiemech,,3,3,complete,yes,
bamboohr,prairieridge,,18,18,complete,yes,
bamboohr,praxisti,,7,7,complete,yes,
bamboohr,prci,,11,11,complete,yes,
bamboohr,precisiondev,,15,15,complete,yes,
bamboohr,premierservice,,33,33,complete,yes,
bamboohr,preti,,3,3,complete,yes,
bamboohr,prex,,21,21,complete,yes,
bamboohr,prezi,,4,4,complete,yes,
bamboohr,prf,,1,1,complete,yes,
bamboohr,pria,,1,1,complete,yes,
bamboohr,primecs,,7,7,complete,yes,
bamboohr,primeproperty,,20,20,complete,yes,
bamboohr,prismmaritime,,17,17,complete,yes,
bamboohr,privateai,,0,0,complete,yes,
bamboohr,privatelabelstaff,,19,19,complete,yes,
bamboohr,prive,,14,14,complete,yes,
bamboohr,prlab,,6,6,complete,yes,
bamboohr,prnsolutionsinc,,10,10,complete,yes,
bamboohr,probi,,6,6,complete,yes,
bamboohr,producepay,,1,1,complete,yes,
bamboohr,profitandgrowth,,1,1,complete,yes,
bamboohr,profitero,,5,5,complete,yes,
bamboohr,profoundmedical,,22,22,complete,yes,
bamboohr,progressiveac,,2,2,complete,yes,
bamboohr,progresso,,6,6,complete,yes,
bamboohr,prohns,,3,3,complete,yes,
bamboohr,projectbread,,3,3,complete,yes,
bamboohr,promed,,6,6,complete,yes,
bamboohr,prometheusgroup,,11,11,complete,yes,
bamboohr,propelatech,,0,0,complete,yes,
bamboohr,propertyme,,7,7,complete,yes,
bamboohr,propharmausa,,4,4,complete,yes,
bamboohr,proscia,,8,8,complete,yes,
bamboohr,prosomnus,,2,2,complete,yes,
bamboohr,prospect,,8,8,complete,yes,
bamboohr,proteinsources,,2,2,complete,yes,
bamboohr,proteinsourcesmill,,3,3,complete,yes,
bamboohr,protocase,,23,23,complete,yes,
bamboohr,provectusalgae,,4,4,complete,yes,
bamboohr,providgeconsulting,,10,10,complete,yes,
bamboohr,prowestconstructors,,4,4,complete,yes,
bamboohr,proximitydesigns,,5,5,complete,yes,
bamboohr,proxlearn,,6,6,complete,yes,
bamboohr,prtc,,2,2,complete,yes,
bamboohr,psbhq,,19,19,complete,yes,
bamboohr,psd,,3,3,complete,yes,
bamboohr,psignite,,3,3,complete,yes,
bamboohr,ptac,,9,9,complete,yes,
bamboohr,ptdfitness,,2,2,complete,yes,
bamboohr,ptla,,3,3,complete,yes,
bamboohr,publicsectornetwork,,4,4,complete,yes,
bamboohr,pula,,11,11,complete,yes,
bamboohr,pulsemedica,,2,2,complete,yes,
bamboohr,punchcut,,1,1,complete,yes,
bamboohr,purelogicit,,9,9,complete,yes,
bamboohr,purplebrand,,6,6,complete,yes,
bamboohr,pvm,,3,3,complete,yes,
bamboohr,pxinc,,8,8,complete,yes,
bamboohr,qcomms,,2,2,complete,yes,
bamboohr,qesboston,,1,1,complete,yes,
bamboohr,qms,,3,3,complete,yes,
bamboohr,qs,,16,16,complete,yes,
bamboohr,quadruscorp,,4,4,complete,yes,
bamboohr,quality,,1,1,complete,yes,
bamboohr,qualitymoments,,30,30,complete,yes,
bamboohr,qualitytempstaffing,,9,9,complete,yes,
bamboohr,quamed,,1,1,complete,yes,
bamboohr,quantanite,,27,27,complete,yes,
bamboohr,quantumbrilliance,,3,3,complete,yes,
bamboohr,quantumdice,,5,5,complete,yes,
bamboohr,quartermaster,,4,4,complete,yes,
bamboohr,questel,,38,38,complete,yes,
bamboohr,quicklaunchanalytics,,3,3,complete,yes,
bamboohr,quvia,,23,23,complete,yes,
bamboohr,qvt,,2,2,complete,yes,
bamboohr,r2,,7,7,complete,yes,
bamboohr,rabbies,,1,1,complete,yes,
bamboohr,racerocks,,3,3,complete,yes,
bamboohr,raffijewellers,,5,5,complete,yes,
bamboohr,rahmanlawpllc,,4,4,complete,yes,
bamboohr,rainbowvillage,,3,3,complete,yes,
bamboohr,rainforest,,1,1,complete,yes,
bamboohr,ralcoelectric,,4,4,complete,yes,
bamboohr,rallyassets,,1,1,complete,yes,
bamboohr,ralmax,,16,16,complete,yes,
bamboohr,ramsoftinc,,1,1,complete,yes,
bamboohr,ramudden,,14,14,complete,yes,
bamboohr,rangercollege,,7,7,complete,yes,
bamboohr,ranovus,,12,12,complete,yes,
bamboohr,rapidratings,,2,2,complete,yes,
bamboohr,ratiotx,,7,7,complete,yes,
bamboohr,ravalli,,1,1,complete,yes,
bamboohr,ravenadvisory,,1,1,complete,yes,
bamboohr,rawventures,,7,7,complete,yes,
bamboohr,rayngroup,,1,1,complete,yes,
bamboohr,razor,,3,3,complete,yes,
bamboohr,rbabinc,,4,4,complete,yes,
bamboohr,rcmowers,,4,4,complete,yes,
bamboohr,rcmtransport,,4,4,complete,yes,
bamboohr,rcsgrading,,13,13,complete,yes,
bamboohr,rcubed,,1,1,complete,yes,
bamboohr,rdc,,1,1,complete,yes,
bamboohr,rdmlawyers,,4,4,complete,yes,
bamboohr,rdwo,,2,2,complete,yes,
bamboohr,reach52,,3,3,complete,yes,
bamboohr,reachmobi,,13,13,complete,yes,
bamboohr,readymode,,3,3,complete,yes,
bamboohr,realeyes,,3,3,complete,yes,
bamboohr,realfaith,,3,3,complete,yes,
bamboohr,reallife,,4,4,complete,yes,
bamboohr,reasonone,,1,1,complete,yes,
bamboohr,rebirthcle,,1,1,complete,yes,
bamboohr,recinc,,4,4,complete,yes,
bamboohr,recloudit,,2,2,complete,yes,
bamboohr,recorgroup,,5,5,complete,yes,
bamboohr,recoveryinmotion,,1,1,complete,yes,
bamboohr,redbarrels,,1,1,complete,yes,
bamboohr,redcaffeine,,2,2,complete,yes,
bamboohr,redlodgejobs,,10,10,complete,yes,
bamboohr,redmondconstruction,,9,9,complete,yes,
bamboohr,rednucleus,,58,58,complete,yes,
bamboohr,redrover,,5,5,complete,yes,
bamboohr,redwineblue,,2,2,complete,yes,
bamboohr,refugeesinternational,,3,3,complete,yes,
bamboohr,regionalgroup,,7,7,complete,yes,
bamboohr,reliablemn,,3,3,complete,yes,
bamboohr,remi,,7,7,complete,yes,
bamboohr,renaissanceseniorhomes,,2,2,complete,yes,
bamboohr,renewcapital,,18,18,complete,yes,
bamboohr,renocavanaugh,,2,2,complete,yes,
bamboohr,replenit,,2,2,complete,yes,
bamboohr,republicm,,6,6,complete,yes,
bamboohr,researchsol,,4,4,complete,yes,
bamboohr,resilientroofing,,5,5,complete,yes,
bamboohr,restlessdevelopment,,6,6,complete,yes,
bamboohr,resurgo,,2,2,complete,yes,
bamboohr,rethinkfood,,5,5,complete,yes,
bamboohr,retinaconsultantssandiego,,3,3,complete,yes,
bamboohr,revaly,,0,0,complete,yes,
bamboohr,revau,,17,17,complete,yes,
bamboohr,revolutionaryevents,,1,1,complete,yes,
bamboohr,revolutionmarketing,,4,4,complete,yes,
bamboohr,revvim,,2,2,complete,yes,
bamboohr,rexfinancial,,1,1,complete,yes,
bamboohr,rexsoftware,,3,3,complete,yes,
bamboohr,reynoldsrestorationservices,,2,2,complete,yes,
bamboohr,rezolveai,,6,6,complete,yes,
bamboohr,rfmarch,,1,1,complete,yes,
bamboohr,rhapsody,,5,5,complete,yes,
bamboohr,rhffrh,,0,0,complete,yes,
bamboohr,rhinolabs,,2,2,complete,yes,
bamboohr,rhstrategic,,5,5,complete,yes,
bamboohr,rhythmsnowsports,,28,28,complete,yes,
bamboohr,ri,,66,66,complete,yes,
bamboohr,rica,,0,0,complete,yes,
bamboohr,richlandfirststeps,,2,2,complete,yes,
bamboohr,rickhansenfoundation,,1,1,complete,yes,
bamboohr,ridango,,8,8,complete,yes,
bamboohr,ridgetech,,4,4,complete,yes,
bamboohr,risecpa,,5,5,complete,yes,
bamboohr,risevest,,0,0,complete,yes,
bamboohr,ritchiestransport,,78,78,complete,yes,
bamboohr,rivagedayspa,,5,5,complete,yes,
bamboohr,riverkeeper,,2,2,complete,yes,
bamboohr,rjcapital,,4,4,complete,yes,
bamboohr,rlg,,4,4,complete,yes,
bamboohr,rlwest,,14,14,complete,yes,
bamboohr,rms,,2,2,complete,yes,
bamboohr,rngd,,63,63,complete,yes,
bamboohr,robo,,8,8,complete,yes,
bamboohr,robotiq,,10,10,complete,yes,
bamboohr,rocketdoctor,,7,7,complete,yes,
bamboohr,rockportnetworks,,8,8,complete,yes,
bamboohr,rockwest,,22,22,complete,yes,
bamboohr,roctechnologies,,7,7,complete,yes,
bamboohr,roers,,5,5,complete,yes,
bamboohr,rogii,,5,5,complete,yes,
bamboohr,ronhoover,,29,29,complete,yes,
bamboohr,roofingcompany,,2,2,complete,yes,
bamboohr,roomraccoon,,8,8,complete,yes,
bamboohr,roomtogrow,,1,1,complete,yes,
bamboohr,rootedwi,,0,0,complete,yes,
bamboohr,rosadogroup,,24,24,complete,yes,
bamboohr,roulant,,1,1,complete,yes,
bamboohr,rovd,,25,25,complete,yes,
bamboohr,roveconcepts,,15,15,complete,yes,
bamboohr,rowecasaorganics,,3,3,complete,yes,
bamboohr,royomartinaccount,,19,19,complete,yes,
bamboohr,rpmglobal,,7,7,complete,yes,
bamboohr,rr46,,9,9,complete,yes,
bamboohr,rslogistics,,3,3,complete,yes,
bamboohr,rspa,,1,1,complete,yes,
bamboohr,rt7digital,,1,1,complete,yes,
bamboohr,rtfnetwork,,6,6,complete,yes,
bamboohr,rush,,8,8,complete,yes,
bamboohr,rushton,,13,13,complete,yes,
bamboohr,russellmcveagh,,14,14,complete,yes,
bamboohr,rux,,10,10,complete,yes,
bamboohr,rxlogix,,16,16,complete,yes,
bamboohr,s4,,8,8,complete,yes,
bamboohr,saaz,,9,9,complete,yes,
bamboohr,sachsmedia,,1,1,complete,yes,
bamboohr,sacredsociety,,1,1,complete,yes,
bamboohr,safeplace,,1,1,complete,yes,
bamboohr,saferidehealth,,14,14,complete,yes,
bamboohr,safetrust,,15,15,complete,yes,
bamboohr,safetychain,,2,2,complete,yes,
bamboohr,safransed,,33,33,complete,yes,
bamboohr,sai360,,9,9,complete,yes,
bamboohr,sailgp,,15,15,complete,yes,
bamboohr,salalsvsc,,2,2,complete,yes,
bamboohr,salamcenter,,3,3,complete,yes,
bamboohr,salespartnerships,,3,3,complete,yes,
bamboohr,saltedstone,,1,1,complete,yes,
bamboohr,saltmine,,10,10,complete,yes,
bamboohr,saludamedical,,30,30,complete,yes,
bamboohr,samnutrition,,2,2,complete,yes,
bamboohr,samsaraeco,,2,2,complete,yes,
bamboohr,samsters,,3,3,complete,yes,
bamboohr,sandylane,,14,14,complete,yes,
bamboohr,sanjel,,14,14,complete,yes,
bamboohr,sanmateopodiatrygroup,,3,3,complete,yes,
bamboohr,sans,,5,5,complete,yes,
bamboohr,saronafund,,2,2,complete,yes,
bamboohr,sarssm,,4,4,complete,yes,
bamboohr,satellogic,,20,20,complete,yes,
bamboohr,savanta,,9,9,complete,yes,
bamboohr,save,,4,4,complete,yes,
bamboohr,savetheredwoods,,1,1,complete,yes,
bamboohr,sawtoothsoftware,,0,0,complete,yes,
bamboohr,sbamh,,19,19,complete,yes,
bamboohr,sbdautomotive,,8,8,complete,yes,
bamboohr,sbjames,,25,25,complete,yes,
bamboohr,sbjamesoregon,,9,9,complete,yes,
bamboohr,sbquantum,,7,7,complete,yes,
bamboohr,sbxgroup,,6,6,complete,yes,
bamboohr,scalepad,,11,11,complete,yes,
bamboohr,scbuildersinc,,3,3,complete,yes,
bamboohr,scccl,,2,2,complete,yes,
bamboohr,scfc,,3,3,complete,yes,
bamboohr,scgreencharter,,16,16,complete,yes,
bamboohr,schaumburgparkdistrict,,16,16,complete,yes,
bamboohr,schoolspace,,4,4,complete,yes,
bamboohr,scicominfrastructureservices,,5,5,complete,yes,
bamboohr,sciteam,,7,7,complete,yes,
bamboohr,scopegroup,,12,12,complete,yes,
bamboohr,scopemarkets,,7,7,complete,yes,
bamboohr,scottyscontractingstone,,21,21,complete,yes,
bamboohr,scottytechnologies,,1,1,complete,yes,
bamboohr,scps,,22,22,complete,yes,
bamboohr,screenpointmedical,,13,13,complete,yes,
bamboohr,scrubcan,,1,1,complete,yes,
bamboohr,scs,,17,17,complete,yes,
bamboohr,scsa,,8,8,complete,yes,
bamboohr,scudamores,,2,2,complete,yes,
bamboohr,sdgcounties,,0,0,complete,yes,
bamboohr,seabags,,18,18,complete,yes,
bamboohr,seabrooknh,,11,11,complete,yes,
bamboohr,seakeeper,,22,22,complete,yes,
bamboohr,sealeharris,,7,7,complete,yes,
bamboohr,searchlight,,3,3,complete,yes,
bamboohr,seasonsfl,,2,2,complete,yes,
bamboohr,seattlefoodtech,,4,4,complete,yes,
bamboohr,secondmind,,4,4,complete,yes,
bamboohr,securew2,,2,2,complete,yes,
bamboohr,securitypal,,1,1,complete,yes,
bamboohr,securonix,,28,28,complete,yes,
bamboohr,seeds,,17,17,complete,yes,
bamboohr,seelllc,,17,17,complete,yes,
bamboohr,sei,,2,2,complete,yes,
bamboohr,seiulocal521,,6,6,complete,yes,
bamboohr,seiuusww,,8,8,complete,yes,
bamboohr,selectblinds,,1,1,complete,yes,
bamboohr,selectorsoftware,,17,17,complete,yes,
bamboohr,selfcarecounseling,,6,6,complete,yes,
bamboohr,semaphore,,1,1,complete,yes,
bamboohr,semaphoresolutions,,4,4,complete,yes,
bamboohr,senecahealth,,7,7,complete,yes,
bamboohr,seniorhomehelp,,1,1,complete,yes,
bamboohr,seniorlawcenter,,7,7,complete,yes,
bamboohr,seniorpsych,,34,34,complete,yes,
bamboohr,sensorflow,,2,2,complete,yes,
bamboohr,sensorup,,1,1,complete,yes,
bamboohr,sentryusa,,29,29,complete,yes,
bamboohr,seochc,,3,3,complete,yes,
bamboohr,seoplus,,0,0,complete,yes,
bamboohr,sequencebio,,1,1,complete,yes,
bamboohr,serasanabeecave,,1,1,complete,yes,
bamboohr,serolife,,1,1,complete,yes,
bamboohr,servbeyond,,2,2,complete,yes,
bamboohr,servicecomplete,,3,3,complete,yes,
bamboohr,servicetec,,9,9,complete,yes,
bamboohr,servpro9669,,10,10,complete,yes,
bamboohr,sfjazz,,5,5,complete,yes,
bamboohr,sg,,1,1,complete,yes,
bamboohr,sgservices,,0,0,complete,yes,
bamboohr,shaferbros,,11,11,complete,yes,
bamboohr,shakeagain,,5,5,complete,yes,
bamboohr,shalomdc,,10,10,complete,yes,
bamboohr,sharedvaluesolutions,,0,0,complete,yes,
bamboohr,sharesies,,4,4,complete,yes,
bamboohr,shareword,,2,2,complete,yes,
bamboohr,sharphueinc,,1,1,complete,yes,
bamboohr,shawniganlakeschool,,7,7,complete,yes,
bamboohr,shawscott,,2,2,complete,yes,
bamboohr,shelterme,,4,4,complete,yes,
bamboohr,shf,,11,11,complete,yes,
bamboohr,shg,,12,12,complete,yes,
bamboohr,shibumi,,4,4,complete,yes,
bamboohr,shiplake,,3,3,complete,yes,
bamboohr,shippit,,1,1,complete,yes,
bamboohr,shipshewana,,2,2,complete,yes,
bamboohr,shopgate,,1,1,complete,yes,
bamboohr,shorelinechristian,,2,2,complete,yes,
bamboohr,shorthand,,2,2,complete,yes,
bamboohr,showpass,,3,3,complete,yes,
bamboohr,sidefx,,3,3,complete,yes,
bamboohr,sieda,,9,9,complete,yes,
bamboohr,siegmanforcedairsystems,,3,3,complete,yes,
bamboohr,sigmaworld,,51,51,complete,yes,
bamboohr,signageos,,3,3,complete,yes,
bamboohr,signal1,,8,8,complete,yes,
bamboohr,signsandlinesbystretch,,3,3,complete,yes,
bamboohr,silentrockworkforce,,3,3,complete,yes,
bamboohr,simands,,2,2,complete,yes,
bamboohr,simmonskourtis,,1,1,complete,yes,
bamboohr,simpligov,,6,6,complete,yes,
bamboohr,sinaiakiba,,6,6,complete,yes,
bamboohr,sipeknekatik,,2,2,complete,yes,
bamboohr,sirestoration,,7,7,complete,yes,
bamboohr,sirex,,0,,unreachable,yes,JSONDecodeError: Expecting value: line 1 column 1 (char 0
bamboohr,sistemaaccount,,5,5,complete,yes,
bamboohr,sitero,,12,12,complete,yes,
bamboohr,sixthman,,2,2,complete,yes,
bamboohr,skift,,1,1,complete,yes,
bamboohr,skinmds,,27,27,complete,yes,
bamboohr,skycatch,,0,,unreachable,yes,JSONDecodeError: Expecting value: line 1 column 1 (char 0
bamboohr,skydwellerus,,1,1,complete,yes,
bamboohr,skylineeducation,,10,10,complete,yes,
bamboohr,skylum,,0,,unreachable,yes,JSONDecodeError: Expecting value: line 1 column 1 (char 0
bamboohr,sleegers,,2,2,complete,yes,
bamboohr,slintegrated,,2,2,complete,yes,
bamboohr,slite,,3,3,complete,yes,
bamboohr,slstrategy,,9,9,complete,yes,
bamboohr,smartacre,,1,1,complete,yes,
bamboohr,smartbox,,18,18,complete,yes,
bamboohr,smarteralloys,,2,2,complete,yes,
bamboohr,smartland,,19,19,complete,yes,
bamboohr,smartskin,,3,3,complete,yes,
bamboohr,smedia,,4,4,complete,yes,
bamboohr,smfpl,,1,1,complete,yes,
bamboohr,smiletrain,,3,3,complete,yes,
bamboohr,smith,,4,4,complete,yes,
bamboohr,smma,,11,11,complete,yes,
bamboohr,smoothcommerce,,2,2,complete,yes,
bamboohr,smrsi,,2,2,complete,yes,
bamboohr,sms,,5,5,complete,yes,
bamboohr,smtdil,,11,11,complete,yes,
bamboohr,snapper,,4,4,complete,yes,
bamboohr,snlpainting,,1,1,complete,yes,
bamboohr,snpolytechnic,,4,4,complete,yes,
bamboohr,soaringroup,,2,2,complete,yes,
bamboohr,socialdriver,,2,2,complete,yes,
bamboohr,socialjusticelearninginstitute,,1,1,complete,yes,
bamboohr,societ,,1,1,complete,yes,
bamboohr,sodalessolutions,,3,3,complete,yes,
bamboohr,sofascore,,3,3,complete,yes,
bamboohr,sohodragon,,8,8,complete,yes,
bamboohr,solace,,22,22,complete,yes,
bamboohr,solarafrica,,4,4,complete,yes,
bamboohr,solidaridadnetworkeca,,1,1,complete,yes,
bamboohr,solidlight,,2,2,complete,yes,
bamboohr,solitics,,3,3,complete,yes,
bamboohr,solutionsmetrix,,5,5,complete,yes,
bamboohr,somnomed,,8,8,complete,yes,
bamboohr,sonatafytechnology,,3,3,complete,yes,
bamboohr,sonoma4cs,,3,3,complete,yes,
bamboohr,sonomalandtrust,,3,3,complete,yes,
bamboohr,sortitt,,35,35,complete,yes,
bamboohr,soulassembly,,4,4,complete,yes,
bamboohr,southernillinois,,4,4,complete,yes,
bamboohr,southernunion,,1,1,complete,yes,
bamboohr,southlandutilityservices,,1,1,complete,yes,
bamboohr,southpointeacademy,,6,6,complete,yes,
bamboohr,spacecentre,,2,2,complete,yes,
bamboohr,spalah,,4,4,complete,yes,
bamboohr,spark,,5,5,complete,yes,
bamboohr,sparkcommodities,,1,1,complete,yes,
bamboohr,sparklemafia,,0,0,complete,yes,
bamboohr,sparkmicrogrants,,9,9,complete,yes,
bamboohr,sparkpr,,5,5,complete,yes,
bamboohr,spartancarriergroup,,3,3,complete,yes,
bamboohr,sparwood,,3,3,complete,yes,
bamboohr,spc1,,0,0,complete,yes,
bamboohr,spcacincinnati,,4,4,complete,yes,
bamboohr,spcawestchester,,3,3,complete,yes,
bamboohr,spevco,,3,3,complete,yes,
bamboohr,sphere,,4,4,complete,yes,
bamboohr,spineart,,9,9,complete,yes,
bamboohr,splitit,,3,3,complete,yes,
bamboohr,spokanesports,,1,1,complete,yes,
bamboohr,spokanetribe,,8,8,complete,yes,
bamboohr,sportable,,5,5,complete,yes,
bamboohr,sportsfieldsolutions,,6,6,complete,yes,
bamboohr,spreporting,,7,7,complete,yes,
bamboohr,spriggsexcavation,,21,21,complete,yes,
bamboohr,springleafsolutions,,13,13,complete,yes,
bamboohr,sps,,8,8,complete,yes,
bamboohr,squirro,,2,2,complete,yes,
bamboohr,srjca,,8,8,complete,yes,
bamboohr,srtmarine,,63,63,complete,yes,
bamboohr,sscunderground,,1,1,complete,yes,
bamboohr,sscva,,2,2,complete,yes,
bamboohr,sseguras,,5,5,complete,yes,
bamboohr,ssicorporate,,3,3,complete,yes,
bamboohr,ssprouted,,4,4,complete,yes,
bamboohr,ssvascular,,4,4,complete,yes,
bamboohr,sta,,44,44,complete,yes,
bamboohr,stackinfra,,0,0,complete,yes,
bamboohr,stammbio,,8,8,complete,yes,
bamboohr,standardfiber,,2,2,complete,yes,
bamboohr,standrewsturi,,0,0,complete,yes,
bamboohr,standwithus,,4,4,complete,yes,
bamboohr,starcjc,,3,3,complete,yes,
bamboohr,stardock,,4,4,complete,yes,
bamboohr,starelectric,,5,5,complete,yes,
bamboohr,stargatehydrogen,,4,4,complete,yes,
bamboohr,starlimna,,4,4,complete,yes,
bamboohr,startouch,,6,6,complete,yes,
bamboohr,stclairsrc,,4,4,complete,yes,
bamboohr,steelhaus,,6,6,complete,yes,
bamboohr,steigerwaldt,,20,20,complete,yes,
bamboohr,stellarcare,,5,5,complete,yes,
bamboohr,stellartech,,15,15,complete,yes,
bamboohr,stepstonesforyouth,,3,3,complete,yes,
bamboohr,stfranciscenter,,7,7,complete,yes,
bamboohr,stichtingicfg,,2,2,complete,yes,
bamboohr,stillwatersci,,2,2,complete,yes,
bamboohr,stimulustechnologies,,24,24,complete,yes,
bamboohr,stjohns,,2,2,complete,yes,
bamboohr,stknowledge,,1,1,complete,yes,
bamboohr,stonebranch,,6,6,complete,yes,
bamboohr,stonegate,,2,2,complete,yes,
bamboohr,stonehengetc,,15,15,complete,yes,
bamboohr,stop,,6,6,complete,yes,
bamboohr,storkcraft,,1,1,complete,yes,
bamboohr,strade,,6,6,complete,yes,
bamboohr,stranddev,,3,3,complete,yes,
bamboohr,streamlinecorporate,,2,2,complete,yes,
bamboohr,streamlinestudios,,16,16,complete,yes,
bamboohr,strivegaming,,0,0,complete,yes,
bamboohr,strongminds,,0,0,complete,yes,
bamboohr,structureit,,5,5,complete,yes,
bamboohr,structuretx,,32,32,complete,yes,
bamboohr,studiomunge,,5,5,complete,yes,
bamboohr,studios,,19,19,complete,yes,
bamboohr,studiounagi,,1,1,complete,yes,
bamboohr,studiowildcard,,4,4,complete,yes,
bamboohr,suburbanenterprises,,14,14,complete,yes,
bamboohr,successbc,,9,9,complete,yes,
bamboohr,sucittastealth,,3,3,complete,yes,
bamboohr,sudburycu,,2,2,complete,yes,
bamboohr,sui,,8,8,complete,yes,
bamboohr,summaequity,,1,1,complete,yes,
bamboohr,summercollab,,3,3,complete,yes,
bamboohr,summitwellness,,2,2,complete,yes,
bamboohr,sundae,,1,1,complete,yes,
bamboohr,sunriseparks,,5,5,complete,yes,
bamboohr,sunriseproductions,,1,1,complete,yes,
bamboohr,sunshinegospel,,2,2,complete,yes,
bamboohr,suntechinnovation,,3,3,complete,yes,
bamboohr,superiorcommunications,,1,1,complete,yes,
bamboohr,superiorcsllc,,4,4,complete,yes,
bamboohr,superiormarineinc,,6,6,complete,yes,
bamboohr,supernova,,1,1,complete,yes,
bamboohr,supplywisdom,,4,4,complete,yes,
bamboohr,surepoint,,13,13,complete,yes,
bamboohr,surespanca,,10,10,complete,yes,
bamboohr,suscotland,,6,6,complete,yes,
bamboohr,suttonswim,,3,3,complete,yes,
bamboohr,svante,,16,16,complete,yes,
bamboohr,svcc,,5,5,complete,yes,
bamboohr,svlg,,0,0,complete,yes,
bamboohr,svpc,,2,2,complete,yes,
bamboohr,swaarm,,3,3,complete,yes,
bamboohr,swanky,,7,7,complete,yes,
bamboohr,swansonhealth,,4,4,complete,yes,
bamboohr,swansonrussell,,2,2,complete,yes,
bamboohr,swchc,,3,3,complete,yes,
bamboohr,swimmingcanada,,0,0,complete,yes,
bamboohr,swinburnemaddison,,1,1,complete,yes,
bamboohr,switchfly,,0,0,complete,yes,
bamboohr,swlahealth,,42,42,complete,yes,
bamboohr,swoyfc,,34,34,complete,yes,
bamboohr,swyfft,,7,7,complete,yes,
bamboohr,sybridgetech,,26,26,complete,yes,
bamboohr,sylispm,,3,3,complete,yes,
bamboohr,syncra,,2,2,complete,yes,
bamboohr,synder,,1,1,complete,yes,
bamboohr,synergillc,,10,10,complete,yes,
bamboohr,synergycompanies,,17,17,complete,yes,
bamboohr,synergyremodel,,1,1,complete,yes,
bamboohr,sysgen,,5,5,complete,yes,
bamboohr,systemicjustice,,2,2,complete,yes,
bamboohr,systemxi,,5,5,complete,yes,
bamboohr,t1cg,,3,3,complete,yes,
bamboohr,taacgroup,,4,4,complete,yes,
bamboohr,tadsl,,15,15,complete,yes,
bamboohr,taftelectric,,7,7,complete,yes,
bamboohr,taigamotors,,17,17,complete,yes,
bamboohr,taipeimsf,,7,7,complete,yes,
bamboohr,takefivedogcare,,2,2,complete,yes,
bamboohr,takt,,4,4,complete,yes,
bamboohr,talentgarden,,6,6,complete,yes,
bamboohr,talkingparents,,3,3,complete,yes,
bamboohr,talkingpts,,2,2,complete,yes,
bamboohr,talkshop,,0,0,complete,yes,
bamboohr,tangramflex,,9,9,complete,yes,
bamboohr,tangramtx,,2,2,complete,yes,
bamboohr,tantalussystems,,7,7,complete,yes,
bamboohr,taosolutions,,4,4,complete,yes,
bamboohr,targethousing,,13,13,complete,yes,
bamboohr,taskworld,,1,1,complete,yes,
bamboohr,taxistudio,,2,2,complete,yes,
bamboohr,tbco,,6,6,complete,yes,
bamboohr,tbsigma,,0,0,complete,yes,
bamboohr,tcihk,,2,2,complete,yes,
bamboohr,tclhnm,,0,0,complete,yes,
bamboohr,tct,,5,5,complete,yes,
bamboohr,tctg,,1,1,complete,yes,
bamboohr,tdcpagroup,,1,1,complete,yes,
bamboohr,tdec,,3,3,complete,yes,
bamboohr,tdgc,,38,38,complete,yes,
bamboohr,tdh,,5,5,complete,yes,
bamboohr,tdxcorp,,22,22,complete,yes,
bamboohr,teamchildfund,,13,13,complete,yes,
bamboohr,teamcubation,,5,5,complete,yes,
bamboohr,teamintegrity,,8,8,complete,yes,
bamboohr,teammpl,,21,21,complete,yes,
bamboohr,teamrailsr,,1,1,complete,yes,
bamboohr,teamresilience,,2,2,complete,yes,
bamboohr,teamworxsecurity,,10,10,complete,yes,
bamboohr,techdinamics,,1,1,complete,yes,
bamboohr,technium,,2,2,complete,yes,
bamboohr,technosylva,,9,9,complete,yes,
bamboohr,techsoft3d,,3,3,complete,yes,
bamboohr,techwoodbuildingcomponentsltd,,6,6,complete,yes,
bamboohr,teckro,,3,3,complete,yes,
bamboohr,tecss,,6,6,complete,yes,
bamboohr,tegritycontractors,,1,1,complete,yes,
bamboohr,tekaposprings,,4,4,complete,yes,
bamboohr,tenadams,,1,1,complete,yes,
bamboohr,tenaxtech,,9,9,complete,yes,
bamboohr,tenetorg,,2,2,complete,yes,
bamboohr,teqblaze,,2,2,complete,yes,
bamboohr,tera,,1,1,complete,yes,
bamboohr,tergarintl,,1,1,complete,yes,
bamboohr,terramarin,,12,12,complete,yes,
bamboohr,terranovanow,,1,1,complete,yes,
bamboohr,terrascale,,1,1,complete,yes,
bamboohr,terrestrialenergy,,18,18,complete,yes,
bamboohr,tevalis,,2,2,complete,yes,
bamboohr,texelairconz,,8,8,complete,yes,
bamboohr,tfcc,,3,3,complete,yes,
bamboohr,tfectrial,,1,1,complete,yes,
bamboohr,tgccpa,,5,5,complete,yes,
bamboohr,tggaccounting,,71,71,complete,yes,
bamboohr,the7starsbc,,6,6,complete,yes,
bamboohr,theapplabb,,4,4,complete,yes,
bamboohr,theatresquared,,5,5,complete,yes,
bamboohr,theattaingroup,,1,1,complete,yes,
bamboohr,theavenuechurch,,4,4,complete,yes,
bamboohr,thebao,,2,2,complete,yes,
bamboohr,thebluebirdgrp,,12,12,complete,yes,
bamboohr,thebridge,,5,5,complete,yes,
bamboohr,thebridgetn,,1,1,complete,yes,
bamboohr,thecampus,,5,5,complete,yes,
bamboohr,thecenturyfoundation,,0,0,complete,yes,
bamboohr,thecommonschurch,,2,2,complete,yes,
bamboohr,thecompasscenter,,1,1,complete,yes,
bamboohr,thecontemporaryaustin,,3,3,complete,yes,
bamboohr,thecrossingatbigcreek,,11,11,complete,yes,
bamboohr,theembassy,,5,5,complete,yes,
bamboohr,theevokeagency,,9,9,complete,yes,
bamboohr,thefooddepot,,1,1,complete,yes,
bamboohr,theforks,,1,1,complete,yes,
bamboohr,thegetsmartgroup,,1,1,complete,yes,
bamboohr,thehelixschool,,8,8,complete,yes,
bamboohr,theinkeylist,,0,0,complete,yes,
bamboohr,thelabnyc,,15,15,complete,yes,
bamboohr,thelearningconsultants,,4,4,complete,yes,
bamboohr,thelighthousemission,,11,11,complete,yes,
bamboohr,thelovaascenter,,1,1,complete,yes,
bamboohr,theluxusgroup,,3,3,complete,yes,
bamboohr,themaxfoundation,,2,2,complete,yes,
bamboohr,themedicalsg,,6,6,complete,yes,
bamboohr,themeisletwo,,4,4,complete,yes,
bamboohr,themixglobal,,1,1,complete,yes,
bamboohr,themosaiccompany,,2,2,complete,yes,
bamboohr,thenationalobserver,,2,2,complete,yes,
bamboohr,thenealagency,,3,3,complete,yes,
bamboohr,thenewgen,,11,11,complete,yes,
bamboohr,thenewly,,3,3,complete,yes,
bamboohr,theoneill,,2,2,complete,yes,
bamboohr,thepilotgroup,,6,6,complete,yes,
bamboohr,theplumbingauthority,,4,4,complete,yes,
bamboohr,thepricecenter,,4,4,complete,yes,
bamboohr,theprisonlawoffice,,2,2,complete,yes,
bamboohr,theprogenygroup,,11,11,complete,yes,
bamboohr,thepublicsa,,2,2,complete,yes,
bamboohr,thepursuit,,1,1,complete,yes,
bamboohr,therapycare,,23,23,complete,yes,
bamboohr,theraveagency,,1,1,complete,yes,
bamboohr,theschoolhouse,,2,2,complete,yes,
bamboohr,thesound,,4,4,complete,yes,
bamboohr,thesource,,5,5,complete,yes,
bamboohr,thestop,,3,3,complete,yes,
bamboohr,thetease,,3,3,complete,yes,
bamboohr,thethinkingtraveller,,2,2,complete,yes,
bamboohr,theturnlab,,1,1,complete,yes,
bamboohr,theuniversalgroup,,39,39,complete,yes,
bamboohr,thevetcentre,,3,3,complete,yes,
bamboohr,thewatertrust,,1,1,complete,yes,
bamboohr,theweitzcompany,,16,16,complete,yes,
bamboohr,thewellnesscentre,,6,6,complete,yes,
bamboohr,thewhispergroup,,4,4,complete,yes,
bamboohr,thewowcentermiami,,6,6,complete,yes,
bamboohr,thinkcyber,,0,0,complete,yes,
bamboohr,thinkom,,6,6,complete,yes,
bamboohr,thirdbridge1,,2,2,complete,yes,
bamboohr,thompsonriverlumber,,12,12,complete,yes,
bamboohr,thousandcurrents,,1,1,complete,yes,
bamboohr,threespot,,1,1,complete,yes,
bamboohr,thrillworks,,2,2,complete,yes,
bamboohr,throttleandthrive,,13,13,complete,yes,
bamboohr,ticketergroup,,1,1,complete,yes,
bamboohr,tickmill,,39,39,complete,yes,
bamboohr,tidalvision,,16,16,complete,yes,
bamboohr,tiendamia,,3,3,complete,yes,
bamboohr,tieva,,1,1,complete,yes,
bamboohr,timelessmedical,,8,8,complete,yes,
bamboohr,timeouthomes,,5,5,complete,yes,
bamboohr,timeteam,,13,13,complete,yes,
bamboohr,timoneygroup,,3,3,complete,yes,
bamboohr,tknife,,1,1,complete,yes,
bamboohr,tlcsolutions,,7,7,complete,yes,
bamboohr,tlscv,,1,1,complete,yes,
bamboohr,tmcamping,,30,30,complete,yes,
bamboohr,tmde,,0,0,complete,yes,
bamboohr,tnps,,2,2,complete,yes,
bamboohr,tnr,,1,1,complete,yes,
bamboohr,tnstandard,,2,2,complete,yes,
bamboohr,tnuck,,3,3,complete,yes,
bamboohr,tof,,1,1,complete,yes,
bamboohr,togetherforgirls,,1,1,complete,yes,
bamboohr,tohonooodham,,2,2,complete,yes,
bamboohr,toolbx,,5,5,complete,yes,
bamboohr,toolsense,,3,3,complete,yes,
bamboohr,topdown,,1,1,complete,yes,
bamboohr,tophatengineering,,1,1,complete,yes,
bamboohr,tornatech,,10,10,complete,yes,
bamboohr,tornbanner,,5,5,complete,yes,
bamboohr,torontobluejays,,8,8,complete,yes,
bamboohr,torrero,,6,6,complete,yes,
bamboohr,torreypinesderm,,3,3,complete,yes,
bamboohr,totalis,,1,1,complete,yes,
bamboohr,totallyvets,,17,17,complete,yes,
bamboohr,totalpoliticsgroup,,4,4,complete,yes,
bamboohr,totalrr,,3,3,complete,yes,
bamboohr,toters,,64,64,complete,yes,
bamboohr,tototheo,,9,9,complete,yes,
bamboohr,touraxis,,6,6,complete,yes,
bamboohr,toursbylocals,,2,2,complete,yes,
bamboohr,towermarketing,,1,1,complete,yes,
bamboohr,townofdanville,,4,4,complete,yes,
bamboohr,toyou,,2,2,complete,yes,
bamboohr,tpg,,6,6,complete,yes,
bamboohr,traceinternational,,0,0,complete,yes,
bamboohr,trackerproducts,,1,1,complete,yes,
bamboohr,tractionrec,,6,6,complete,yes,
bamboohr,trajectory,,9,9,complete,yes,
bamboohr,transtar,,4,4,complete,yes,
bamboohr,traumaspecialistsofmd,,3,3,complete,yes,
bamboohr,travelzoo,,9,9,complete,yes,
bamboohr,traxtech,,23,23,complete,yes,
bamboohr,treasuryone,,3,3,complete,yes,
bamboohr,treble,,7,7,complete,yes,
bamboohr,treetime,,2,2,complete,yes,
bamboohr,treetrust,,2,2,complete,yes,
bamboohr,trendyminds,,1,1,complete,yes,
bamboohr,trezz,,1,1,complete,yes,
bamboohr,trgdefender,,4,4,complete,yes,
bamboohr,tribecapediatrics,,11,11,complete,yes,
bamboohr,tricityelectrical,,19,19,complete,yes,
bamboohr,tricityunited,,3,3,complete,yes,
bamboohr,triconenergy,,32,32,complete,yes,
bamboohr,tricountyhealth,,1,1,complete,yes,
bamboohr,tricrobotics,,4,4,complete,yes,
bamboohr,trident,,4,4,complete,yes,
bamboohr,triggerfish,,1,1,complete,yes,
bamboohr,triggerise,,14,14,complete,yes,
bamboohr,trilogy,,6,6,complete,yes,
bamboohr,trimgroup,,42,42,complete,yes,
bamboohr,trinitycollege,,10,10,complete,yes,
bamboohr,triverustrijet,,2,2,complete,yes,
bamboohr,troikadevelopments,,8,8,complete,yes,
bamboohr,trondek,,24,24,complete,yes,
bamboohr,trophiai,,9,9,complete,yes,
bamboohr,trowbridge,,4,4,complete,yes,
bamboohr,trtglobalsolutions,,53,53,complete,yes,
bamboohr,truecable,,0,0,complete,yes,
bamboohr,trueconsulting,,5,5,complete,yes,
bamboohr,truegenics,,11,11,complete,yes,
bamboohr,truepointsolutions,,1,1,complete,yes,
bamboohr,truevo,,3,3,complete,yes,
bamboohr,trupropel,,1,1,complete,yes,
bamboohr,trusscore,,5,5,complete,yes,
bamboohr,trustedreviews,,1,1,complete,yes,
bamboohr,trustonst,,3,3,complete,yes,
bamboohr,ts2,,4,4,complete,yes,
bamboohr,tsas,,1,1,complete,yes,
bamboohr,tsn,,7,7,complete,yes,
bamboohr,ttacorp,,2,2,complete,yes,
bamboohr,tuj,,16,16,complete,yes,
bamboohr,tulip,,3,3,complete,yes,
bamboohr,tumelo,,1,1,complete,yes,
bamboohr,tunnelit,,2,2,complete,yes,
bamboohr,turnerfleischer,,4,4,complete,yes,
bamboohr,turnkeyafrica,,2,2,complete,yes,
bamboohr,turtlepeakcs,,3,3,complete,yes,
bamboohr,turtles,,2,2,complete,yes,
bamboohr,twdtrust,,1,1,complete,yes,
bamboohr,twelve,,0,,unreachable,yes,JSONDecodeError: Expecting value: line 1 column 1 (char 0
bamboohr,twelvenyc,,14,14,complete,yes,
bamboohr,twistergymnastics,,7,7,complete,yes,
bamboohr,twoeightdrilling,,10,10,complete,yes,
bamboohr,twoeightmidatlantic,,8,8,complete,yes,
bamboohr,twr,,1,1,complete,yes,
bamboohr,twtg,,1,1,complete,yes,
bamboohr,tympahealth,,2,2,complete,yes,
bamboohr,tyto,,6,6,complete,yes,
bamboohr,uasu,,11,11,complete,yes,
bamboohr,uat,,3,3,complete,yes,
bamboohr,ubawellness,,1,1,complete,yes,
bamboohr,ubongo,,12,12,complete,yes,
bamboohr,uge,,3,3,complete,yes,
bamboohr,uja,,13,13,complete,yes,
bamboohr,understandingwar,,16,16,complete,yes,
bamboohr,underwatermechanix,,5,5,complete,yes,
bamboohr,unicorne,,3,3,complete,yes,
bamboohr,unionchurch,,8,8,complete,yes,
bamboohr,uniquemanagement,,0,0,complete,yes,
bamboohr,unisers,,3,3,complete,yes,
bamboohr,unitedagents,,0,0,complete,yes,
bamboohr,unitedcapmn,,40,40,complete,yes,
bamboohr,uniteddevelopers,,4,4,complete,yes,
bamboohr,uniteddredging,,0,0,complete,yes,
bamboohr,unitedss,,16,16,complete,yes,
bamboohr,unitedsteel,,10,10,complete,yes,
bamboohr,unityschools,,1,1,complete,yes,
bamboohr,unode50,,17,17,complete,yes,
bamboohr,unrvld,,1,1,complete,yes,
bamboohr,uovowine,,3,3,complete,yes,
bamboohr,upacjenta,,32,32,complete,yes,
bamboohr,upenergygroup,,6,6,complete,yes,
bamboohr,uphill,,7,7,complete,yes,
bamboohr,uphold,,7,7,complete,yes,
bamboohr,upike,,170,170,complete,yes,
bamboohr,uppervalleyhaven,,8,8,complete,yes,
bamboohr,upwithwomen,,1,1,complete,yes,
bamboohr,urban,,17,17,complete,yes,
bamboohr,urbanecologycenter,,6,6,complete,yes,
bamboohr,urbania,,7,7,complete,yes,
bamboohr,usaaa,,1,1,complete,yes,
bamboohr,usan,,1,1,complete,yes,
bamboohr,usboell,,3,3,complete,yes,
bamboohr,uscreen,,4,4,complete,yes,
bamboohr,ustamidwest,,0,0,complete,yes,
bamboohr,utd,,3,3,complete,yes,
bamboohr,utrs,,26,26,complete,yes,
bamboohr,utrustins,,8,8,complete,yes,
bamboohr,valarfrontiersolutions,,3,3,complete,yes,
bamboohr,valeonetworks,,3,3,complete,yes,
bamboohr,valiant,,2,2,complete,yes,
bamboohr,validity,,0,0,complete,yes,
bamboohr,vamoshealth,,12,12,complete,yes,
bamboohr,vanigentbiopharm,,3,3,complete,yes,
bamboohr,vanmoof,,3,3,complete,yes,
bamboohr,vantagepointconsult,,3,3,complete,yes,
bamboohr,vaporministries,,2,2,complete,yes,
bamboohr,variationalai,,3,3,complete,yes,
bamboohr,vaultcredit,,12,12,complete,yes,
bamboohr,vausa,,1,1,complete,yes,
bamboohr,vayaspace,,1,1,complete,yes,
bamboohr,vcchc,,1,1,complete,yes,
bamboohr,vdlf,,2,2,complete,yes,
bamboohr,velocityrestorations,,10,10,complete,yes,
bamboohr,vendasta,,19,19,complete,yes,
bamboohr,veniceai,,1,1,complete,yes,
bamboohr,venn,,4,4,complete,yes,
bamboohr,ventientenergy,,4,4,complete,yes,
bamboohr,ventriloc,,1,1,complete,yes,
bamboohr,ventureforcanada,,0,0,complete,yes,
bamboohr,ventureslab,,3,3,complete,yes,
bamboohr,veralogics,,5,5,complete,yes,
bamboohr,verastem,,9,9,complete,yes,
bamboohr,verneglobal,,15,15,complete,yes,
bamboohr,verodcapitalmanagement,,5,5,complete,yes,
bamboohr,versafile1,,18,18,complete,yes,
bamboohr,vertexroofing,,3,3,complete,yes,
bamboohr,vertextower,,2,2,complete,yes,
bamboohr,verticalavi,,1,1,complete,yes,
bamboohr,vertis,,3,3,complete,yes,
bamboohr,verto,,8,8,complete,yes,
bamboohr,vervelive,,4,4,complete,yes,
bamboohr,vhra,,2,2,complete,yes,
bamboohr,viaappliance,,6,6,complete,yes,
bamboohr,viacarte,,4,4,complete,yes,
bamboohr,viatechnikinc,,18,18,complete,yes,
bamboohr,vibrantmarketing,,10,10,complete,yes,
bamboohr,vicimus,,10,10,complete,yes,
bamboohr,vicpark,,15,15,complete,yes,
bamboohr,vicpd,,6,6,complete,yes,
bamboohr,victorychurch,,3,3,complete,yes,
bamboohr,vidizmo,,31,31,complete,yes,
bamboohr,vigilancehealth,,7,7,complete,yes,
bamboohr,vilcap,,3,3,complete,yes,
bamboohr,villasatkillearnlakes,,1,1,complete,yes,
bamboohr,violenceinterventionprogram,,4,4,complete,yes,
bamboohr,viotas,,6,6,complete,yes,
bamboohr,viqtory,,1,1,complete,yes,
bamboohr,virgalawfirm,,9,9,complete,yes,
bamboohr,virtualpeaker,,3,3,complete,yes,
bamboohr,virtuozzo,,15,15,complete,yes,
bamboohr,visagetechnologies,,4,4,complete,yes,
bamboohr,vision33,,8,8,complete,yes,
bamboohr,visionarybrands,,1,1,complete,yes,
bamboohr,visionscasemanagementandconsulting,,4,4,complete,yes,
bamboohr,visitcc,,0,0,complete,yes,
bamboohr,visitseattle,,0,0,complete,yes,
bamboohr,vistairhr,,16,16,complete,yes,
bamboohr,vistamusic,,13,13,complete,yes,
bamboohr,vistavu,,3,3,complete,yes,
bamboohr,vitalhub,,5,5,complete,yes,
bamboohr,vitalresearch,,8,8,complete,yes,
bamboohr,vividmachines,,3,3,complete,yes,
bamboohr,vivo,,2,2,complete,yes,
bamboohr,vizzuality,,2,2,complete,yes,
bamboohr,void,,2,2,complete,yes,
bamboohr,volanteoneteam,,23,23,complete,yes,
bamboohr,volleyballbc,,1,1,complete,yes,
bamboohr,voltera,,1,1,complete,yes,
bamboohr,voneus,,2,2,complete,yes,
bamboohr,vorstpaving,,10,10,complete,yes,
bamboohr,voucherify,,4,4,complete,yes,
bamboohr,vpl,,0,,unreachable,yes,JSONDecodeError: Expecting value: line 1 column 1 (char 0
bamboohr,vptpower,,4,4,complete,yes,
bamboohr,vrify,,5,5,complete,yes,
bamboohr,vrl,,3,3,complete,yes,
bamboohr,vsi,,8,8,complete,yes,
bamboohr,vsp,,0,0,complete,yes,
bamboohr,vtcmonterey,,1,1,complete,yes,
bamboohr,vulcanx,,2,2,complete,yes,
bamboohr,vyos,,4,4,complete,yes,
bamboohr,wada,,3,3,complete,yes,
bamboohr,wagwalking,,6,6,complete,yes,
bamboohr,waibel,,16,16,complete,yes,
bamboohr,waldorfct,,4,4,complete,yes,
bamboohr,wallbox,,12,12,complete,yes,
bamboohr,walzgroupcpa,,1,1,complete,yes,
bamboohr,wambi,,1,1,complete,yes,
bamboohr,wangengroup,,2,2,complete,yes,
bamboohr,warmandfuzzyvet,,1,1,complete,yes,
bamboohr,wasauksing,,4,4,complete,yes,
bamboohr,washingtonco,,8,8,complete,yes,
bamboohr,washingtonea,,1,1,complete,yes,
bamboohr,washnatopera,,1,1,complete,yes,
bamboohr,waterforgood,,1,1,complete,yes,
bamboohr,watersedge,,7,7,complete,yes,
bamboohr,wavefrontsoftware,,1,1,complete,yes,
bamboohr,waycobahfirstnation,,4,4,complete,yes,
bamboohr,waystone,,56,56,complete,yes,
bamboohr,wbais,,4,4,complete,yes,
bamboohr,wcgconstruction,,6,6,complete,yes,
bamboohr,wearerosie,,4,4,complete,yes,
bamboohr,wearewmx,,6,6,complete,yes,
bamboohr,weaustralia,,0,,unreachable,yes,JSONDecodeError: Expecting value: line 1 column 1 (char 0
bamboohr,wecp,,13,13,complete,yes,
bamboohr,weeksdrilling,,0,0,complete,yes,
bamboohr,weirfouldsllp,,12,12,complete,yes,
bamboohr,weishauptdesign,,2,2,complete,yes,
bamboohr,weknowtraining,,4,4,complete,yes,
bamboohr,welab,,34,34,complete,yes,
bamboohr,wellsouth,,6,6,complete,yes,
bamboohr,wellspring,,6,6,complete,yes,
bamboohr,welltory,,1,1,complete,yes,
bamboohr,wem,,3,3,complete,yes,
bamboohr,wep,,25,25,complete,yes,
bamboohr,wesley,,9,9,complete,yes,
bamboohr,westafricablue,,2,2,complete,yes,
bamboohr,westendfamilycounselingservice,,1,1,complete,yes,
bamboohr,westerkampgroupllc,,5,5,complete,yes,
bamboohr,westpaw,,1,1,complete,yes,
bamboohr,wha1,,0,0,complete,yes,
bamboohr,whca,,52,52,complete,yes,
bamboohr,whenwemesh,,2,2,complete,yes,
bamboohr,whitbywood,,7,7,complete,yes,
bamboohr,whitcon,,41,41,complete,yes,
bamboohr,whitecapsfc,,9,9,complete,yes,
bamboohr,whitewaterwest,,12,12,complete,yes,
bamboohr,whitman,,6,6,complete,yes,
bamboohr,wickedgames,,9,9,complete,yes,
bamboohr,wicket,,1,1,complete,yes,
bamboohr,wilcoxcommunities,,3,3,complete,yes,
bamboohr,wildanimalsanctuary,,10,10,complete,yes,
bamboohr,wildpinescompanies,,1,1,complete,yes,
bamboohr,wildridge,,6,6,complete,yes,
bamboohr,williston,,6,6,complete,yes,
bamboohr,wilsonmclain,,4,4,complete,yes,
bamboohr,winandwinnow,,1,1,complete,yes,
bamboohr,windercnatraining,,2,2,complete,yes,
bamboohr,windkracht,,3,3,complete,yes,
bamboohr,windowworldatl,,5,5,complete,yes,
bamboohr,windracers,,11,11,complete,yes,
bamboohr,wingsofhope,,9,9,complete,yes,
bamboohr,wingsoverkississing,,2,2,complete,yes,
bamboohr,winonaareaambulance,,1,1,complete,yes,
bamboohr,winsomeprime,,4,4,complete,yes,
bamboohr,winterhalter,,4,4,complete,yes,
bamboohr,wipliance,,8,8,complete,yes,
bamboohr,wirex,,6,6,complete,yes,
bamboohr,wisav,,8,8,complete,yes,
bamboohr,wiseguysmoving,,2,2,complete,yes,
bamboohr,wkjackson,,4,4,complete,yes,
bamboohr,wkt,,1,1,complete,yes,
bamboohr,wmaviation,,4,4,complete,yes,
bamboohr,wnaengineering,,7,7,complete,yes,
bamboohr,wolfgangdigital,,0,0,complete,yes,
bamboohr,wolfsdorf,,10,10,complete,yes,
bamboohr,womensbeanproject,,2,2,complete,yes,
bamboohr,woodbridgehomes,,4,4,complete,yes,
bamboohr,woom,,7,7,complete,yes,
bamboohr,worldbicyclerelief,,1,1,complete,yes,
bamboohr,worldhopeinternational,,2,2,complete,yes,
bamboohr,worldreader,,2,2,complete,yes,
bamboohr,worldvision,,7,7,complete,yes,
bamboohr,worthwhile,,1,1,complete,yes,
bamboohr,wrgroup,,17,17,complete,yes,
bamboohr,wsb,,5,5,complete,yes,
bamboohr,wtcg,,6,6,complete,yes,
bamboohr,wtcpl,,3,3,complete,yes,
bamboohr,wtp,,8,8,complete,yes,
bamboohr,wusc,,20,20,complete,yes,
bamboohr,xentity,,5,5,complete,yes,
bamboohr,xflow,,15,15,complete,yes,
bamboohr,xperttechnologies,,0,0,complete,yes,
bamboohr,xtractone,,4,4,complete,yes,
bamboohr,xtrm,,5,5,complete,yes,
bamboohr,xynteo,,3,3,complete,yes,
bamboohr,xypro,,1,1,complete,yes,
bamboohr,xyz,,1,1,complete,yes,
bamboohr,yabupushelberg,,4,4,complete,yes,
bamboohr,yardsticktechnologies,,4,4,complete,yes,
bamboohr,yellowcard,,7,7,complete,yes,
bamboohr,yempo,,20,20,complete,yes,
bamboohr,yeshouse,,5,5,complete,yes,
bamboohr,yess,,2,2,complete,yes,
bamboohr,ylabs,,3,3,complete,yes,
bamboohr,yli,,1,1,complete,yes,
bamboohr,ymcauk,,1,1,complete,yes,
bamboohr,yojee,,1,1,complete,yes,
bamboohr,yomobile,,5,5,complete,yes,
bamboohr,yorkgroup,,15,15,complete,yes,
bamboohr,youngscholars,,2,2,complete,yes,
bamboohr,youthdynamics,,20,20,complete,yes,
bamboohr,youthopportunity,,80,80,complete,yes,
bamboohr,yrh,,15,15,complete,yes,
bamboohr,ysbiv,,8,8,complete,yes,
bamboohr,ysm,,3,3,complete,yes,
bamboohr,ytt,,6,6,complete,yes,
bamboohr,ywcasj,,3,3,complete,yes,
bamboohr,zaelot,,0,0,complete,yes,
bamboohr,zaloni,,4,4,complete,yes,
bamboohr,zdfirm,,13,13,complete,yes,
bamboohr,zeel,,1,1,complete,yes,
bamboohr,zelexa,,4,4,complete,yes,
bamboohr,zelp,,2,2,complete,yes,
bamboohr,zendrop,,1,1,complete,yes,
bamboohr,zeni,,3,3,complete,yes,
bamboohr,zenlayer,,17,17,complete,yes,
bamboohr,zentalis,,2,2,complete,yes,
bamboohr,zepto,,4,4,complete,yes,
bamboohr,zerofox,,11,11,complete,yes,
bamboohr,zerotofive,,0,0,complete,yes,
bamboohr,zeuspackaging,,6,6,complete,yes,
bamboohr,zgmemployees,,1,1,complete,yes,
bamboohr,zilia,,1,1,complete,yes,
bamboohr,zionsvillefellowship,,2,2,complete,yes,
bamboohr,ziptrekconz,,4,4,complete,yes,
bamboohr,zivid,,3,3,complete,yes,
bamboohr,zodiacmaritime,,5,5,complete,yes,
bamboohr,zoftify,,16,16,complete,yes,
bamboohr,zoomph,,3,3,complete,yes,
bamboohr,zoonewengland,,12,12,complete,yes,
bamboohr,ztr,,16,16,complete,yes,
eightfold,bostonscientific.eightfold.ai/bostonscientific.com/pcsx,,515,515,complete,yes,
eightfold,careers.elcompanies.com/elcompanies.com/pcsx,,1971,1971,complete,yes,
eightfold,eaton.eightfold.ai/eaton.com/pcsx,,2329,2329,complete,yes,
eightfold,fortive.eightfold.ai/fortive.com/pcsx,,269,269,complete,yes,
eightfold,kdrp.eightfold.ai/kdrp.com/pcsx,,737,737,complete,yes,
eightfold,netapp.eightfold.ai/netapp.com/v2,,292,292,complete,yes,
eightfold,netflix.eightfold.ai/netflix.com/v2,,471,471,complete,yes,
eightfold,paypal.eightfold.ai/paypal.com/pcsx,,288,288,complete,yes,
greenhouse,103644278,,15,15,complete,yes,
greenhouse,10alabs,,16,16,complete,yes,
greenhouse,10beauty,,4,4,complete,yes,
greenhouse,12jlkfsk,,5,5,complete,yes,
greenhouse,12twenty,,5,5,complete,yes,
greenhouse,1456754456yhgbhfg,,1,1,complete,yes,
greenhouse,1800contacts,,8,8,complete,yes,
greenhouse,1800gotjunk,,48,48,complete,yes,
greenhouse,1stdibscom,1stdibs.com,1,1,complete,yes,
greenhouse,1uphealth,,0,0,complete,yes,
greenhouse,21shares,21shares,2,2,complete,yes,
greenhouse,2k,2K,124,124,complete,yes,
greenhouse,2kczech,,7,7,complete,yes,
greenhouse,2kmadrid,,10,10,complete,yes,
greenhouse,2u,,1,1,complete,yes,
greenhouse,2uinlinepromotions,,0,0,complete,yes,
greenhouse,30thstreetanimalhospital,,3,3,complete,yes,
greenhouse,31stunion,,9,9,complete,yes,
greenhouse,3cloud,,34,34,complete,yes,
greenhouse,3dayblindscorporate,,3,3,complete,yes,
greenhouse,3mgroofing,,25,25,complete,yes,
greenhouse,3redpartners,,9,9,complete,yes,
greenhouse,4dmoleculartherapeutics,4D Molecular Therapeutics,11,11,complete,yes,
greenhouse,5364856uhdfnvbkldfnbhrpkdfgbdvtyhro,,1,1,complete,yes,
greenhouse,540,,6,6,complete,yes,
greenhouse,5minlab,,2,2,complete,yes,
greenhouse,5wpr,,10,10,complete,yes,
greenhouse,66degrees,,21,21,complete,yes,
greenhouse,6sense,6sense,30,30,complete,yes,
greenhouse,7shifts,,13,13,complete,yes,
greenhouse,8451,,17,17,complete,yes,
greenhouse,8thlightrebuild,,6,6,complete,yes,
greenhouse,Momentic,,23,23,complete,yes,
greenhouse,MyHeritage,,5,5,complete,yes,
greenhouse,a16z,,19,19,complete,yes,
greenhouse,a1msolutions,,2,2,complete,yes,
greenhouse,a3c41b8b71eff8c4,,6,6,complete,yes,
greenhouse,aacpnw,,40,40,complete,yes,
greenhouse,abacus,ABACUS,68,68,complete,yes,
greenhouse,abacusinsights,,13,13,complete,yes,
greenhouse,abbyy,,7,7,complete,yes,
greenhouse,abcellera,AbCellera,30,30,complete,yes,
greenhouse,abclegalservices,ABC Legal Services,121,121,complete,yes,
greenhouse,abilitypath,,10,10,complete,yes,
greenhouse,abinbev,,58,58,complete,yes,
greenhouse,abiologics,,3,3,complete,yes,
greenhouse,able,Able,7,7,complete,yes,
greenhouse,abnormalsecurity,Abnormal,78,78,complete,yes,
greenhouse,absherconstruction,,17,17,complete,yes,
greenhouse,absolutesecurityintl,,29,29,complete,yes,
greenhouse,absurdventures,,14,14,complete,yes,
greenhouse,acadiapharmaceuticals,Acadia Pharmaceuticals Inc.,41,41,complete,yes,
greenhouse,accela,,11,11,complete,yes,
greenhouse,accelerationpartners,,15,15,complete,yes,
greenhouse,acceleronfusion,,1,1,complete,yes,
greenhouse,accelschools,ACCEL Schools,255,255,complete,yes,
greenhouse,accenturefederalservices,Accenture Federal Services,601,601,complete,yes,
greenhouse,accesshealthca,,8,8,complete,yes,
greenhouse,accessholdingsmanagementfirm,,3,3,complete,yes,
greenhouse,accesso,,5,5,complete,yes,
greenhouse,accordion,,46,46,complete,yes,
greenhouse,accreditedlabs,,36,36,complete,yes,
greenhouse,accrue,,5,5,complete,yes,
greenhouse,accuweather,,16,16,complete,yes,
greenhouse,aceable,,3,3,complete,yes,
greenhouse,acentria,,6,6,complete,yes,
greenhouse,achievementfirstnetworksupportcareers,,7,7,complete,yes,
greenhouse,acilearning,,6,6,complete,yes,
greenhouse,aclu,,19,19,complete,yes,
greenhouse,acluinternships,,43,43,complete,yes,
greenhouse,aclunc,,6,6,complete,yes,
greenhouse,aclunj,,11,11,complete,yes,
greenhouse,acog,,6,6,complete,yes,
greenhouse,acommerce,,71,71,complete,yes,
greenhouse,acornhealth,Acorn Health,136,136,complete,yes,
greenhouse,acplastics,,5,5,complete,yes,
greenhouse,acquia,,9,9,complete,yes,
greenhouse,acryldata,,7,7,complete,yes,
greenhouse,actblue,,5,5,complete,yes,
greenhouse,action,,10,10,complete,yes,
greenhouse,activate,"Activate Global, Inc",3,3,complete,yes,
greenhouse,actpowerservices,,0,,unreachable,yes,HTTP 404
greenhouse,acuitymd,,11,11,complete,yes,
greenhouse,acumen,Acumen,3,3,complete,yes,
greenhouse,acurussolutions,,9,9,complete,yes,
greenhouse,acutechgroupinc,,12,12,complete,yes,
greenhouse,ada18,,8,8,complete,yes,
greenhouse,adamsclinical,,36,36,complete,yes,
greenhouse,adapter,,4,4,complete,yes,
greenhouse,adaptivebiotechnologies,Adaptive Biotechnologies,24,24,complete,yes,
greenhouse,adaptivewater,,0,,unreachable,yes,HTTP 404
greenhouse,addepar1,Addepar,102,102,complete,yes,
greenhouse,adfinternational,,2,2,complete,yes,
greenhouse,adicettherapeuticsinc,,5,5,complete,yes,
greenhouse,aditumbio,,4,4,complete,yes,
greenhouse,adjustjobs,,14,14,complete,yes,
greenhouse,admios,,3,3,complete,yes,
greenhouse,adswerveinc,,5,5,complete,yes,
greenhouse,advancedmd,,3,3,complete,yes,
greenhouse,advancedspace,,21,21,complete,yes,
greenhouse,advancedtechnologyservices,Advanced Technology Services,111,111,complete,yes,
greenhouse,advertisingspecialtyinstitute,,7,7,complete,yes,
greenhouse,advocatesforchildrenofnewyork,,2,2,complete,yes,
greenhouse,adyen,Adyen,220,220,complete,yes,
greenhouse,aechelontechnology,,21,21,complete,yes,
greenhouse,aegisventures,,12,12,complete,yes,
greenhouse,aegworldwide,AEG Worldwide,155,155,complete,yes,
greenhouse,aestudio,,7,7,complete,yes,
greenhouse,aevexaerospace,,54,54,complete,yes,
greenhouse,affinidi,,6,6,complete,yes,
greenhouse,affinipay1,,31,31,complete,yes,
greenhouse,affinitiv,,5,5,complete,yes,
greenhouse,affirm,Affirm,189,189,complete,yes,
greenhouse,affirmedrxpbc,,6,6,complete,yes,
greenhouse,afresh,,12,12,complete,yes,
greenhouse,ag1,,6,6,complete,yes,
greenhouse,agebold,,6,6,complete,yes,
greenhouse,agecareers,,67,67,complete,yes,
greenhouse,agency,Meridial,833,833,complete,yes,
greenhouse,agencywithin,,58,58,complete,yes,
greenhouse,ageoflearninginc,,9,9,complete,yes,
greenhouse,agero,,17,17,complete,yes,
greenhouse,agibank,Agibank,109,109,complete,yes,
greenhouse,agilesix,,0,0,complete,yes,
greenhouse,agilisys,,4,4,complete,yes,
greenhouse,agilityrobotics,,79,79,complete,yes,
greenhouse,agilize,,6,6,complete,yes,
greenhouse,agilysys,Agilysys,11,11,complete,yes,
greenhouse,agoda,Agoda,301,301,complete,yes,
greenhouse,ahrefsjobs,,16,16,complete,yes,
greenhouse,aidashinc,,11,11,complete,yes,
greenhouse,aiedu,,4,4,complete,yes,
greenhouse,aift,,27,27,complete,yes,
greenhouse,air,Air,40,40,complete,yes,
greenhouse,airbnb,Airbnb,154,154,complete,yes,
greenhouse,aircapture,,5,5,complete,yes,
greenhouse,aircompany,,7,7,complete,yes,
greenhouse,airnorth,,14,14,complete,yes,
greenhouse,airsculpt,AirSculpt,11,11,complete,yes,
greenhouse,airship,Airship,5,5,complete,yes,
greenhouse,airspace,,19,19,complete,yes,
greenhouse,airtable,Airtable,4,4,complete,yes,
greenhouse,airtamejobs,,3,3,complete,yes,
greenhouse,airtrunk,,72,72,complete,yes,
greenhouse,airup,,4,4,complete,yes,
greenhouse,airwave,,1,1,complete,yes,
greenhouse,aisi,,12,12,complete,yes,
greenhouse,aizerhealth,,23,23,complete,yes,
greenhouse,ajboggs,,6,6,complete,yes,
greenhouse,akebiatherapeutics,Akebia Therapeutics,12,12,complete,yes,
greenhouse,akidolabs,,23,23,complete,yes,
greenhouse,akko,,8,8,complete,yes,
greenhouse,akoya,Akoya,4,4,complete,yes,
greenhouse,akqa,,37,37,complete,yes,
greenhouse,akuity,,8,8,complete,yes,
greenhouse,alabamatitleloansinc,,6,6,complete,yes,
greenhouse,alamarbiosciences,Alamar Biosciences,21,21,complete,yes,
greenhouse,alarmcom,Alarm.com,86,86,complete,yes,
greenhouse,albertmackenziellp,,8,8,complete,yes,
greenhouse,alertmedia,,18,18,complete,yes,
greenhouse,alfredbeneschco,Benesch,146,146,complete,yes,
greenhouse,algolia,Algolia,38,38,complete,yes,
greenhouse,align,A-LIGN External,12,12,complete,yes,
greenhouse,align46,,28,28,complete,yes,
greenhouse,aligned,,7,7,complete,yes,
greenhouse,alkeus,,3,3,complete,yes,
greenhouse,alku,,15,15,complete,yes,
greenhouse,alkujobs,,13,13,complete,yes,
greenhouse,allcareers,Cortica - Neurodevelopmental,114,114,complete,yes,
greenhouse,allencontrolsystems,,68,68,complete,yes,
greenhouse,allenintegratedsolutions,Allen Integrated Solutions,103,103,complete,yes,
greenhouse,alliancedefendingfreedom,,41,41,complete,yes,
greenhouse,allied,Allied Mechanical,2,2,complete,yes,
greenhouse,alliedmaker,,3,3,complete,yes,
greenhouse,allinc,,32,32,complete,yes,
greenhouse,alloy,Alloy,23,23,complete,yes,
greenhouse,alltrna,,3,3,complete,yes,
greenhouse,allwebleads,,7,7,complete,yes,
greenhouse,allworthfinancial,,19,19,complete,yes,
greenhouse,alnylampharmaceuticals,ALNYLAM PHARMACEUTICALS,109,109,complete,yes,
greenhouse,aloyoga,ALO,816,816,complete,yes,
greenhouse,alpaca,,71,71,complete,yes,
greenhouse,alpha9oncology,,3,3,complete,yes,
greenhouse,alphaalternatives,,2,2,complete,yes,
greenhouse,alphafmcroles,,80,80,complete,yes,
greenhouse,alphagrepsecurities,,15,15,complete,yes,
greenhouse,alphapublicschools,,12,12,complete,yes,
greenhouse,alphasense,AlphaSense,202,202,complete,yes,
greenhouse,alphasensehelsinki,,1,1,complete,yes,
greenhouse,alphasenseindia,,32,32,complete,yes,
greenhouse,alphasights,AlphaSights,58,58,complete,yes,
greenhouse,alpineeagle,,18,18,complete,yes,
greenhouse,alpineinternships-private,,0,,unreachable,yes,HTTP 404
greenhouse,alpineinvestors,,0,,unreachable,yes,HTTP 404
greenhouse,alt,,0,,unreachable,yes,HTTP 404
greenhouse,alta,Alta,9,9,complete,yes,
greenhouse,altanaai,,21,21,complete,yes,
greenhouse,altentechnologyusa,ALTEN Technology USA,190,190,complete,yes,
greenhouse,altoslabs,,17,17,complete,yes,
greenhouse,altruist,,69,69,complete,yes,
greenhouse,alu,,27,27,complete,yes,
greenhouse,alumis,Alumis,6,6,complete,yes,
greenhouse,alumniventures,,7,7,complete,yes,
greenhouse,alveole,,6,6,complete,yes,
greenhouse,alxafrica,,12,12,complete,yes,
greenhouse,amaehealth,,32,32,complete,yes,
greenhouse,ambercharterschools,,9,9,complete,yes,
greenhouse,ambiqmicroinc,,48,48,complete,yes,
greenhouse,ameelio,,2,2,complete,yes,
greenhouse,amendconsulting,,13,13,complete,yes,
greenhouse,americanfloodcoalition,,2,2,complete,yes,
greenhouse,americaninstitutesforresearch,,11,11,complete,yes,
greenhouse,amiralearning,,3,3,complete,yes,
greenhouse,amity,,6,6,complete,yes,
greenhouse,amount,,3,3,complete,yes,
greenhouse,amperesand,,54,54,complete,yes,
greenhouse,amperity,,14,14,complete,yes,
greenhouse,amperon,,2,2,complete,yes,
greenhouse,amplemarket,Amplemarket,18,18,complete,yes,
greenhouse,amplitude,Amplitude,0,,unreachable,yes,HTTP 404
greenhouse,ampm,AM/PM Door Inc,2,2,complete,yes,
greenhouse,ampsortation,,10,10,complete,yes,
greenhouse,amtechsoftware,,28,28,complete,yes,
greenhouse,amwell,,9,9,complete,yes,
greenhouse,amylyx,Amylyx Pharmaceuticals,30,30,complete,yes,
greenhouse,amyrisinc,,12,12,complete,yes,
greenhouse,analyst1,,1,1,complete,yes,
greenhouse,analyticservicesinc,Analytic Services Inc,76,76,complete,yes,
greenhouse,anaplan,Anaplan,146,146,complete,yes,
greenhouse,anchanto,,9,9,complete,yes,
greenhouse,andesite,Andesite,4,4,complete,yes,
greenhouse,andurilindustries,Anduril Industries,2431,2431,complete,yes,
greenhouse,animalmedicalcenter,,38,38,complete,yes,
greenhouse,aninebing,,18,18,complete,yes,
greenhouse,annexonbioscience,,7,7,complete,yes,
greenhouse,anodize,,1,1,complete,yes,
greenhouse,ansa,Ansa,5,5,complete,yes,
greenhouse,antenna,,7,7,complete,yes,
greenhouse,anteriad,,6,6,complete,yes,
greenhouse,anteristech,,26,26,complete,yes,
greenhouse,anterix,Anterix,0,0,complete,yes,
greenhouse,antheia,,5,5,complete,yes,
greenhouse,anthropic,Anthropic,639,639,complete,yes,
greenhouse,antora,,43,43,complete,yes,
greenhouse,aoti,,14,14,complete,yes,
greenhouse,aottechnologies,,6,6,complete,yes,
greenhouse,apartmentlife,Apartment Life,132,132,complete,yes,
greenhouse,aperaaiinc,,10,10,complete,yes,
greenhouse,aperiasolutions,,9,9,complete,yes,
greenhouse,aperiatechnologies,,6,6,complete,yes,
greenhouse,aperture,Aperture Labs,13,13,complete,yes,
greenhouse,apexcompanies,Apex Companies,175,175,complete,yes,
greenhouse,apexcompaniescsw,,47,47,complete,yes,
greenhouse,apexit,,42,42,complete,yes,
greenhouse,apiiro,Apiiro,6,6,complete,yes,
greenhouse,apiphani,,6,6,complete,yes,
greenhouse,apolloio,,48,48,complete,yes,
greenhouse,apothecom,,7,7,complete,yes,
greenhouse,apparatus,,5,5,complete,yes,
greenhouse,appdirect,,69,69,complete,yes,
greenhouse,appfire,,22,22,complete,yes,
greenhouse,appian,Appian Corporation,169,169,complete,yes,
greenhouse,appier,Appier,67,67,complete,yes,
greenhouse,appliedengineering,,18,18,complete,yes,
greenhouse,applovin,AppLovin,43,43,complete,yes,
greenhouse,applytoaktos,,10,10,complete,yes,
greenhouse,applytogreenspark,,1,1,complete,yes,
greenhouse,applytopassagehealth,,3,3,complete,yes,
greenhouse,applytoprecedent,,1,1,complete,yes,
greenhouse,applytosuno,,2,2,complete,yes,
greenhouse,appnovation,,53,53,complete,yes,
greenhouse,appodeal,,14,14,complete,yes,
greenhouse,appsflyer,,46,46,complete,yes,
greenhouse,appspace,,8,8,complete,yes,
greenhouse,appstarfinancial,,16,16,complete,yes,
greenhouse,apptegy,,7,7,complete,yes,
greenhouse,apptronik,,80,80,complete,yes,
greenhouse,appviewx,,12,12,complete,yes,
greenhouse,aptoslabs,,7,7,complete,yes,
greenhouse,aputah,,11,11,complete,yes,
greenhouse,aquaticcapitalmanagement,,7,7,complete,yes,
greenhouse,aralezbio,,0,0,complete,yes,
greenhouse,arborenergy,,18,18,complete,yes,
greenhouse,arcadiacareers,,0,,unreachable,yes,HTTP 404
greenhouse,arcaea,,1,1,complete,yes,
greenhouse,arcanaanalytics,,29,29,complete,yes,
greenhouse,arcboatcompany,,40,40,complete,yes,
greenhouse,arcesiumllc,,49,49,complete,yes,
greenhouse,archer,Archer Veterinary Clinic,1,1,complete,yes,
greenhouse,archer56,Archer,148,148,complete,yes,
greenhouse,archera,,13,13,complete,yes,
greenhouse,archrival,,5,5,complete,yes,
greenhouse,arcinstitute,,22,22,complete,yes,
greenhouse,arcoeducacao,Arco Educação,98,98,complete,yes,
greenhouse,arctouch,,3,3,complete,yes,
greenhouse,ardentmc,Ardent,14,14,complete,yes,
greenhouse,arenaclub,,10,10,complete,yes,
greenhouse,arevonenergyimpltest,,13,13,complete,yes,
greenhouse,arielinvestments,,0,0,complete,yes,
greenhouse,arionkoder,,11,11,complete,yes,
greenhouse,arizeai,,24,24,complete,yes,
greenhouse,arizonaliverhealth,,23,23,complete,yes,
greenhouse,ark,Ark Veterinary Hospital & Urgent Care,4,4,complete,yes,
greenhouse,arkestroinc,,6,6,complete,yes,
greenhouse,arkoselabs,,4,4,complete,yes,
greenhouse,arlosolutionsllc,,46,46,complete,yes,
greenhouse,armada,Armada,41,41,complete,yes,
greenhouse,armamentsresearchcompany,,3,3,complete,yes,
greenhouse,armissecurity,,0,0,complete,yes,
greenhouse,armorcode,,4,4,complete,yes,
greenhouse,array,Array,20,20,complete,yes,
greenhouse,arspharmaceuticalsoperationsinc,,4,4,complete,yes,
greenhouse,artefact,Artefact,137,137,complete,yes,
greenhouse,artefactjobs,,41,41,complete,yes,
greenhouse,artefactlinkedin,,123,123,complete,yes,
greenhouse,arvaintelligence,,2,2,complete,yes,
greenhouse,arvinas,Arvinas,1,1,complete,yes,
greenhouse,arxroboticsgmbh,,58,58,complete,yes,
greenhouse,asana,Asana,97,97,complete,yes,
greenhouse,ascend21,,5,5,complete,yes,
greenhouse,ascendtogether,Ascend Partner Firms,89,89,complete,yes,
greenhouse,asgjobs,,3,3,complete,yes,
greenhouse,ashfieldadvisory,,22,22,complete,yes,
greenhouse,ashfieldmedcomms,,10,10,complete,yes,
greenhouse,aspectbiosystems,,13,13,complete,yes,
greenhouse,aspira,Aspira,2,2,complete,yes,
greenhouse,aspirehealthalliance,,53,53,complete,yes,
greenhouse,assemblyai,,10,10,complete,yes,
greenhouse,assemblyhealth,,14,14,complete,yes,
greenhouse,assetliving,,41,41,complete,yes,
greenhouse,assetwatch,,29,29,complete,yes,
greenhouse,assuredguaranty,ASSURED GUARANTY,13,13,complete,yes,
greenhouse,asteralabs,Astera Labs,180,180,complete,yes,
greenhouse,astranis,Astranis,173,173,complete,yes,
greenhouse,astspacemobile,AST SpaceMobile,226,226,complete,yes,
greenhouse,atbayjobs,,38,38,complete,yes,
greenhouse,atcdevelopment,,0,0,complete,yes,
greenhouse,athena,Athena Group Advisors,4,4,complete,yes,
greenhouse,athinkingape,,1,1,complete,yes,
greenhouse,atiadvisory,,4,4,complete,yes,
greenhouse,atlassand,,54,54,complete,yes,
greenhouse,atlasxhm,,31,31,complete,yes,
greenhouse,atomai,,1,1,complete,yes,
greenhouse,atomiccartoons,,4,4,complete,yes,
greenhouse,atomicmachines,,20,20,complete,yes,
greenhouse,atricure,AtriCure,57,57,complete,yes,
greenhouse,atriumcampus,,1,1,complete,yes,
greenhouse,attain,,13,13,complete,yes,
greenhouse,attentive,Attentive,32,32,complete,yes,
greenhouse,attivopartners,,12,12,complete,yes,
greenhouse,atwellgroup,"Atwell, LLC",186,186,complete,yes,
greenhouse,auctane,,24,24,complete,yes,
greenhouse,audibenehearcom,,12,12,complete,yes,
greenhouse,audioeye,AudioEye,0,0,complete,yes,
greenhouse,augmentcomputing,,0,0,complete,yes,
greenhouse,augury,,12,12,complete,yes,
greenhouse,auldwhitetalentcommunity,,2,2,complete,yes,
greenhouse,aura,Aura,5,5,complete,yes,
greenhouse,aura798,,3,3,complete,yes,
greenhouse,aurosglobal,,5,5,complete,yes,
greenhouse,authenticbrandsgroup,,35,35,complete,yes,
greenhouse,authenticx,,5,5,complete,yes,
greenhouse,automatticcareers,,14,14,complete,yes,
greenhouse,automox,,4,4,complete,yes,
greenhouse,autoproff,,14,14,complete,yes,
greenhouse,autoscout24,,35,35,complete,yes,
greenhouse,autura,,3,3,complete,yes,
greenhouse,auviknetworks,,16,16,complete,yes,
greenhouse,avalotherapeutics,Avalo Therapeutics,15,15,complete,yes,
greenhouse,avalynpharma,Avalyn Pharma,8,8,complete,yes,
greenhouse,avantium,,6,6,complete,yes,
greenhouse,avathon,,43,43,complete,yes,
greenhouse,avepoint,AvePoint,292,292,complete,yes,
greenhouse,avetta,,11,11,complete,yes,
greenhouse,aviationinstituteofmaintenance,Aviation Institute of Maintenance,59,59,complete,yes,
greenhouse,aviatrix,,15,15,complete,yes,
greenhouse,avidxchangeinc,,21,21,complete,yes,
greenhouse,avochato,,2,2,complete,yes,
greenhouse,avomdincdbaavo,,3,3,complete,yes,
greenhouse,avride,,66,66,complete,yes,
greenhouse,awalsme,,0,0,complete,yes,
greenhouse,aweber,,6,6,complete,yes,
greenhouse,awin,,34,34,complete,yes,
greenhouse,axicom,,12,12,complete,yes,
greenhouse,axicorpfinancialservicesptyltd,,29,29,complete,yes,
greenhouse,axiom,Axiom,17,17,complete,yes,
greenhouse,axiomtalentplatform,Axiom Talent Platform,208,208,complete,yes,
greenhouse,axios,,36,36,complete,yes,
greenhouse,axiscompany,,14,14,complete,yes,
greenhouse,axisteletherapy,,30,30,complete,yes,
greenhouse,axle,Axle,33,33,complete,yes,
greenhouse,axogen,Axogen,28,28,complete,yes,
greenhouse,axon,Axon,487,487,complete,yes,
greenhouse,axonius,,23,23,complete,yes,
greenhouse,axontalentcommunity,,3,3,complete,yes,
greenhouse,axs,,29,29,complete,yes,
greenhouse,axsometherapeutics,Axsome Therapeutics,93,93,complete,yes,
greenhouse,axuall,,5,5,complete,yes,
greenhouse,ayahealthcare,Aya Healthcare,45,45,complete,yes,
greenhouse,aypapower,,13,13,complete,yes,
greenhouse,azuritypharmaceuticals,,38,38,complete,yes,
greenhouse,azuritypharmaceuticalsindia,,22,22,complete,yes,
greenhouse,b12,,4,4,complete,yes,
greenhouse,babylist,,43,43,complete,yes,
greenhouse,backblaze,Backblaze External Website,34,34,complete,yes,
greenhouse,baidu,Baidu USA,29,29,complete,yes,
greenhouse,bamboohr17,,36,36,complete,yes,
greenhouse,bancopan,,15,15,complete,yes,
greenhouse,bandwidth,Bandwidth,25,25,complete,yes,
greenhouse,banyansoftware,,40,40,complete,yes,
greenhouse,barbaricum,Barbaricum,113,113,complete,yes,
greenhouse,bark,BARK,1,1,complete,yes,
greenhouse,baton,Baton (A Ryder Technology Lab),7,7,complete,yes,
greenhouse,baubap,,4,4,complete,yes,
greenhouse,baublebar,,9,9,complete,yes,
greenhouse,bayasystems,,23,23,complete,yes,
greenhouse,bbposlimited,,3,3,complete,yes,
greenhouse,bbyo,,15,15,complete,yes,
greenhouse,bcp,Banyan Capital Partners,3,3,complete,yes,
greenhouse,bdainc,,47,47,complete,yes,
greenhouse,beaconbiosignals,,29,29,complete,yes,
greenhouse,beam,Bridge to Enter Advanced Mathematics (BEAM),5,5,complete,yes,
greenhouse,beamtherapeutics,Beam Therapeutics,41,41,complete,yes,
greenhouse,beamup,,4,4,complete,yes,
greenhouse,beelinemedicines,,34,34,complete,yes,
greenhouse,bees,,48,48,complete,yes,
greenhouse,behavox,,24,24,complete,yes,
greenhouse,bellbros,,11,11,complete,yes,
greenhouse,bellroy,,10,10,complete,yes,
greenhouse,belltowerfundgroup,,7,7,complete,yes,
greenhouse,benchprep,,0,0,complete,yes,
greenhouse,bennie,,5,5,complete,yes,
greenhouse,berkadia,,0,,unreachable,yes,HTTP 404
greenhouse,berkadiatalentpool,,0,,unreachable,yes,HTTP 404
greenhouse,berkshiregroupllc,,57,57,complete,yes,
greenhouse,berlinbrands,,7,7,complete,yes,
greenhouse,berlinrosen,,9,9,complete,yes,
greenhouse,bertramcapitalmanagement,,5,5,complete,yes,
greenhouse,besfellowship,,3,3,complete,yes,
greenhouse,bestpass,,16,16,complete,yes,
greenhouse,besxar,,3,3,complete,yes,
greenhouse,betsson,Betsson Group,116,116,complete,yes,
greenhouse,betterhelpcom,,17,17,complete,yes,
greenhouse,betterment,Betterment,29,29,complete,yes,
greenhouse,bettinghero,,18,18,complete,yes,
greenhouse,bevicareers,,21,21,complete,yes,
greenhouse,beyond,Beyond,1,1,complete,yes,
greenhouse,beyondfinance,,28,28,complete,yes,
greenhouse,beyondtrust,BeyondTrust,47,47,complete,yes,
greenhouse,bgeinc,,117,117,complete,yes,
greenhouse,bgeinccampus,,54,54,complete,yes,
greenhouse,bigid,BigID,6,6,complete,yes,
greenhouse,billcom,,44,44,complete,yes,
greenhouse,billiontoone,BillionToOne,81,81,complete,yes,
greenhouse,billtrust,,28,28,complete,yes,
greenhouse,biohub,,15,15,complete,yes,
greenhouse,biomedrealty,,1,1,complete,yes,
greenhouse,bioptimus8,,6,6,complete,yes,
greenhouse,bird,,30,30,complete,yes,
greenhouse,bitgo,BitGo,39,39,complete,yes,
greenhouse,bitmovin,,12,12,complete,yes,
greenhouse,bitpanda,,22,22,complete,yes,
greenhouse,bitso,,0,,unreachable,yes,HTTP 404
greenhouse,bitwarden,,34,34,complete,yes,
greenhouse,blab,,0,0,complete,yes,
greenhouse,blackbirdhealth,,86,86,complete,yes,
greenhouse,blackcanyonconsulting,,77,77,complete,yes,
greenhouse,blackduck,,46,46,complete,yes,
greenhouse,blackedgecapital,,6,6,complete,yes,
greenhouse,blackforestlabs,,0,,unreachable,yes,HTTP 404
greenhouse,blacklane,,6,6,complete,yes,
greenhouse,blacksky,BlackSky,29,29,complete,yes,
greenhouse,blackthorn,,0,0,complete,yes,
greenhouse,blankstreet,Blank Street,100,100,complete,yes,
greenhouse,blend,Blend,16,16,complete,yes,
greenhouse,blenheimchalcot,,12,12,complete,yes,
greenhouse,blenheimchalcotindia,,5,5,complete,yes,
greenhouse,blinkhealth,,70,70,complete,yes,
greenhouse,blip-global,,17,17,complete,yes,
greenhouse,block,Block,227,227,complete,yes,
greenhouse,blockchain,,38,38,complete,yes,
greenhouse,blockgraph,,1,1,complete,yes,
greenhouse,blockrenovation,,1,1,complete,yes,
greenhouse,bloombergorg,,1,1,complete,yes,
greenhouse,bloomerang,,12,12,complete,yes,
greenhouse,bloomreach,,80,80,complete,yes,
greenhouse,blueconic,,3,3,complete,yes,
greenhouse,bluecrestcapitalmanagement,,8,8,complete,yes,
greenhouse,bluecubeservices,,5,5,complete,yes,
greenhouse,bluefishai,,22,22,complete,yes,
greenhouse,bluemoonmetals,Blue Moon Metals,37,37,complete,yes,
greenhouse,blueprinttestprep,,1,1,complete,yes,
greenhouse,bluerivertech,,13,13,complete,yes,
greenhouse,blueroseresearch,,6,6,complete,yes,
greenhouse,blueskytelepsych,BlueSky Telepsych,1001,1001,complete,yes,
greenhouse,bluestarfamilies,,14,14,complete,yes,
greenhouse,bluestatedigital,,20,20,complete,yes,
greenhouse,bluevineindia,,6,6,complete,yes,
greenhouse,bluevineus,,6,6,complete,yes,
greenhouse,bluewaterthinking,,24,24,complete,yes,
greenhouse,blytheco,,8,8,complete,yes,
greenhouse,bobbie,,10,10,complete,yes,
greenhouse,boku,,9,9,complete,yes,
greenhouse,bold,Bold Commerce,1,1,complete,yes,
greenhouse,boldmetrics,,4,4,complete,yes,
greenhouse,boloai,,3,3,complete,yes,
greenhouse,bombas,,11,11,complete,yes,
greenhouse,bondvet,Bond Vet,100,100,complete,yes,
greenhouse,bonfirestudiosinc,,1,1,complete,yes,
greenhouse,boomilp,,26,26,complete,yes,
greenhouse,boostedai,,0,0,complete,yes,
greenhouse,bosapropertiesinc,,4,4,complete,yes,
greenhouse,boston,BOSTON SCIENTIFIC,0,,unreachable,yes,HTTP 404
greenhouse,bottomlinetechnologies,,35,35,complete,yes,
greenhouse,bouldercare,,18,18,complete,yes,
greenhouse,boulevard,,15,15,complete,yes,
greenhouse,boxinc,Box,122,122,complete,yes,
greenhouse,bpcs,,29,29,complete,yes,
greenhouse,bpd,,8,8,complete,yes,
greenhouse,bracebridgecapital,,6,6,complete,yes,
greenhouse,brady,Brady Services,38,38,complete,yes,
greenhouse,braeburn,,6,6,complete,yes,
greenhouse,braineffectjobs,,5,5,complete,yes,
greenhouse,brainpop,,0,0,complete,yes,
greenhouse,brainstation,,13,13,complete,yes,
greenhouse,branch,Branch,5,5,complete,yes,
greenhouse,branchmetrics,,15,15,complete,yes,
greenhouse,brandtechplus,,27,27,complete,yes,
greenhouse,brandwatch,,10,10,complete,yes,
greenhouse,braskem,Braskem,13,13,complete,yes,
greenhouse,brave,Brave,12,12,complete,yes,
greenhouse,braveheartbio,Braveheart Bio,5,5,complete,yes,
greenhouse,bravo,Bravo Multinational,6,6,complete,yes,
greenhouse,braze,Braze,349,349,complete,yes,
greenhouse,breakthroughenergy,,2,2,complete,yes,
greenhouse,breezecash,,21,21,complete,yes,
greenhouse,breezeway,,9,9,complete,yes,
greenhouse,brennan,,10,10,complete,yes,
greenhouse,brevium,,4,4,complete,yes,
greenhouse,brex,Brex,282,282,complete,yes,
greenhouse,bridgebio,BridgeBio Pharma,65,65,complete,yes,
greenhouse,bridgewater89,,17,17,complete,yes,
greenhouse,bridgeway,,13,13,complete,yes,
greenhouse,brightai,,6,6,complete,yes,
greenhouse,brighthire,,5,5,complete,yes,
greenhouse,brightsign,,2,2,complete,yes,
greenhouse,brillapubliccharterschools,,17,17,complete,yes,
greenhouse,brilliantearth,Brilliant Earth,78,78,complete,yes,
greenhouse,brinqa,,2,2,complete,yes,
greenhouse,britive,,14,14,complete,yes,
greenhouse,brkz,,21,21,complete,yes,
greenhouse,broadsign,,11,11,complete,yes,
greenhouse,broadway,Broadway Veterinary Clinic,4,4,complete,yes,
greenhouse,broadwayventures,,21,21,complete,yes,
greenhouse,brookecharterschools,,9,9,complete,yes,
greenhouse,brunswickgroup,,38,38,complete,yes,
greenhouse,bruntworkwear,,7,7,complete,yes,
greenhouse,bswift,,8,8,complete,yes,
greenhouse,btig27,,31,31,complete,yes,
greenhouse,bts,BTS Public Limited/ADR,0,0,complete,yes,
greenhouse,bubbleskincare,,7,7,complete,yes,
greenhouse,bugcrowd,,8,8,complete,yes,
greenhouse,builder,,0,0,complete,yes,
greenhouse,buildkite,Buildkite,10,10,complete,yes,
greenhouse,buildops,BuildOps,21,21,complete,yes,
greenhouse,buncha,,17,17,complete,yes,
greenhouse,bungie,,2,2,complete,yes,
greenhouse,burnt,,8,8,complete,yes,
greenhouse,butlr,,0,,unreachable,yes,HTTP 404
greenhouse,butterflynetwork,Butterfly Network,23,23,complete,yes,
greenhouse,butternutbox,,51,51,complete,yes,
greenhouse,buyersedgeplatformrecruiting,,0,,unreachable,yes,HTTP 404
greenhouse,buynomics,,9,9,complete,yes,
greenhouse,buzzfeed,"Employment Opportunities at BuzzFeed, Inc.",0,,unreachable,yes,HTTP 404
greenhouse,bw,BW,8,8,complete,yes,
greenhouse,byd,BYD North America,20,20,complete,yes,
greenhouse,byheart,,0,,unreachable,yes,HTTP 404
greenhouse,c3el,,50,50,complete,yes,
greenhouse,c3iot,,91,91,complete,yes,
greenhouse,c6bank,C6 Bank,164,164,complete,yes,
greenhouse,cabify,,71,71,complete,yes,
greenhouse,cabin,Cabin,5,5,complete,yes,
greenhouse,cadencehealth,,16,16,complete,yes,
greenhouse,cadimensions,,0,0,complete,yes,
greenhouse,cadrehospice,,0,0,complete,yes,
greenhouse,cadwell,,15,15,complete,yes,
greenhouse,cafortune,,36,36,complete,yes,
greenhouse,cais,,14,14,complete,yes,
greenhouse,cakeai,,2,2,complete,yes,
greenhouse,calahealth,,10,10,complete,yes,
greenhouse,calendly,Calendly,10,10,complete,yes,
greenhouse,caliberhealth,,4,4,complete,yes,
greenhouse,calicolabs,,18,18,complete,yes,
greenhouse,californiapsychics,,1,1,complete,yes,
greenhouse,calyxo,,12,12,complete,yes,
greenhouse,cambridgemobiletelematics,,20,20,complete,yes,
greenhouse,camp,,28,28,complete,yes,
greenhouse,campbellcovington,,0,0,complete,yes,
greenhouse,candid,Candid,13,13,complete,yes,
greenhouse,candidaturasdirecionadasxpinc,,14,14,complete,yes,
greenhouse,cannondale,,3,3,complete,yes,
greenhouse,cannondesign,CannonDesign,160,160,complete,yes,
greenhouse,canonical,Canonical,310,310,complete,yes,
greenhouse,canopycare,,4,4,complete,yes,
greenhouse,canopytax,,11,11,complete,yes,
greenhouse,canopyworks,Canopy Works,11,11,complete,yes,
greenhouse,capco,Capco,713,713,complete,yes,
greenhouse,capintel,,4,4,complete,yes,
greenhouse,capitalize,,0,,unreachable,yes,HTTP 404
greenhouse,capitalontap,,46,46,complete,yes,
greenhouse,capitaltg,,16,16,complete,yes,
greenhouse,capitolis,,1,1,complete,yes,
greenhouse,capstoneintegratedsolutions,,1,1,complete,yes,
greenhouse,capstoneinvestmentadvisors,,14,14,complete,yes,
greenhouse,captivation,,72,72,complete,yes,
greenhouse,carbon,"Carbon, Inc.",12,12,complete,yes,
greenhouse,carbonchain,,2,2,complete,yes,
greenhouse,carbondirect,,3,3,complete,yes,
greenhouse,carbonrobotics,,17,17,complete,yes,
greenhouse,careaccess,,28,28,complete,yes,
greenhouse,careem,,15,15,complete,yes,
greenhouse,careersatkokua,,0,0,complete,yes,
greenhouse,careerteam,,58,58,complete,yes,
greenhouse,carefeed,,6,6,complete,yes,
greenhouse,careportalinc,,13,13,complete,yes,
greenhouse,cargomatic,,18,18,complete,yes,
greenhouse,cargurus,CarGurus,45,45,complete,yes,
greenhouse,caribou,Caribou Financial,4,4,complete,yes,
greenhouse,cariboubiosciencesinc,,5,5,complete,yes,
greenhouse,carolinatitleloansinc,,4,4,complete,yes,
greenhouse,caronsale,,48,48,complete,yes,
greenhouse,carrotfertility,,11,11,complete,yes,
greenhouse,carta,Carta,75,75,complete,yes,
greenhouse,carvana,Carvana,1818,1818,complete,yes,
greenhouse,cascadeloans,,6,6,complete,yes,
greenhouse,caseguard,,13,13,complete,yes,
greenhouse,cashcowlouisiana,,7,7,complete,yes,
greenhouse,castaigroupinc,,32,32,complete,yes,
greenhouse,catapultsports,,28,28,complete,yes,
greenhouse,catchcreationllc,,20,20,complete,yes,
greenhouse,catdaddy,,2,2,complete,yes,
greenhouse,catonetworks,Cato Networks,91,91,complete,yes,
greenhouse,caylent,,77,77,complete,yes,
greenhouse,cbemllc,,12,12,complete,yes,
greenhouse,cbinsights,,4,4,complete,yes,
greenhouse,ccah,,7,7,complete,yes,
greenhouse,ccahremote,,0,0,complete,yes,
greenhouse,celigo,,24,24,complete,yes,
greenhouse,cellanome,,13,13,complete,yes,
greenhouse,cellsignalingtechnology79,,7,7,complete,yes,
greenhouse,celonis,Celonis,226,226,complete,yes,
greenhouse,censys,,29,29,complete,yes,
greenhouse,centerforemploymentopportunities,,18,18,complete,yes,
greenhouse,centessapharmaceuticalsinc,,29,29,complete,yes,
greenhouse,centriaautism,Centria Autism,1266,1266,complete,yes,
greenhouse,centrumhealth,,19,19,complete,yes,
greenhouse,centuracollege,,14,14,complete,yes,
greenhouse,ceribell,"Ceribell, Inc",48,48,complete,yes,
greenhouse,certifiedgroup,,88,88,complete,yes,
greenhouse,cerulacare,,4,4,complete,yes,
greenhouse,cerus,Cerus,3,3,complete,yes,
greenhouse,cfoinsights,CFO Insights,353,353,complete,yes,
greenhouse,chaincodelabs,,1,1,complete,yes,
greenhouse,chainguard,Chainguard,82,82,complete,yes,
greenhouse,changethenypd,,1,1,complete,yes,
greenhouse,chanzuckerberginitiative,,9,9,complete,yes,
greenhouse,chaosindustries,CHAOS Industries,125,125,complete,yes,
greenhouse,chaparralmedicalgroup,,7,7,complete,yes,
greenhouse,chargepoint,ChargePoint,34,34,complete,yes,
greenhouse,chariotdefense,,9,9,complete,yes,
greenhouse,charles,charles,3,3,complete,yes,
greenhouse,charlesriverassociates,,89,89,complete,yes,
greenhouse,charliehealth,Charlie Health,265,265,complete,yes,
greenhouse,charliehealthepd,,7,7,complete,yes,
greenhouse,charliehealthoutreach,Charlie Health Outreach,135,135,complete,yes,
greenhouse,chartbeatinc,,10,10,complete,yes,
greenhouse,charterup,,11,11,complete,yes,
greenhouse,checkbook,,4,4,complete,yes,
greenhouse,checkr,Checkr,46,46,complete,yes,
greenhouse,cheddar,,2,2,complete,yes,
greenhouse,chenmoore,,6,6,complete,yes,
greenhouse,chessielanevet,,1,1,complete,yes,
greenhouse,chestercommunitycharterschool,,13,13,complete,yes,
greenhouse,chicago,CHICAGO RIVET & MACHINE,0,0,complete,yes,
greenhouse,chime,"Chime Financial, Inc",66,66,complete,yes,
greenhouse,chowbus,,81,81,complete,yes,
greenhouse,cialfo,,13,13,complete,yes,
greenhouse,cipherhealth,,2,2,complete,yes,
greenhouse,ciq,,8,8,complete,yes,
greenhouse,circleci,CircleCI,12,12,complete,yes,
greenhouse,circleso,,0,,unreachable,yes,HTTP 404
greenhouse,cirkul,,1,1,complete,yes,
greenhouse,cision,,38,38,complete,yes,
greenhouse,cityoffortworth,,55,55,complete,yes,
greenhouse,civisanalytics,,2,2,complete,yes,
greenhouse,clara,Clara,140,140,complete,yes,
greenhouse,clariticloudinc,,8,8,complete,yes,
greenhouse,clarityai,,4,4,complete,yes,
greenhouse,claros,Claros Mortgage,0,0,complete,yes,
greenhouse,classpass,,35,35,complete,yes,
greenhouse,cleancroptech,,1,1,complete,yes,
greenhouse,cleanlaundry,,9,9,complete,yes,
greenhouse,clear,CLEAR - Corporate,49,49,complete,yes,
greenhouse,clearfield,CLEAR - Field,29,29,complete,yes,
greenhouse,clearscoretechnologylimited,,9,9,complete,yes,
greenhouse,clearstreet,,43,43,complete,yes,
greenhouse,clearviewhealthcarepartners,,34,34,complete,yes,
greenhouse,clearwater,Clearwater,17,17,complete,yes,
greenhouse,clearway,Clearway Group,3,3,complete,yes,
greenhouse,clearwayjobs,,45,45,complete,yes,
greenhouse,cleo,,5,5,complete,yes,
greenhouse,cleoindia,,4,4,complete,yes,
greenhouse,clever,,2,2,complete,yes,
greenhouse,clickhouse,,0,,unreachable,yes,HTTP 404
greenhouse,clickstop,,12,12,complete,yes,
greenhouse,clicktherapeutics,,6,6,complete,yes,
greenhouse,clintonfoundation,,14,14,complete,yes,
greenhouse,cloudbeds,,34,34,complete,yes,
greenhouse,cloudbedsthirdpartyboard,,75,75,complete,yes,
greenhouse,cloudchamberen,,17,17,complete,yes,
greenhouse,cloudflare,Cloudflare,405,405,complete,yes,
greenhouse,cloudsek,,18,18,complete,yes,
greenhouse,cloverhealth,,68,68,complete,yes,
greenhouse,cloverly,,1,1,complete,yes,
greenhouse,clubcolors,,6,6,complete,yes,
greenhouse,clubmonaco,,18,18,complete,yes,
greenhouse,clutch,,76,76,complete,yes,
greenhouse,coalition,,42,42,complete,yes,
greenhouse,coast,,18,18,complete,yes,
greenhouse,cobaltio,,7,7,complete,yes,
greenhouse,cobblestoneenergy,,2,2,complete,yes,
greenhouse,cobblestoneenergy4,,2,2,complete,yes,
greenhouse,cobre,,18,18,complete,yes,
greenhouse,cockroachlabs,Cockroach Labs,19,19,complete,yes,
greenhouse,cocoon,,2,2,complete,yes,
greenhouse,codalinc,,20,20,complete,yes,
greenhouse,codazen,,3,3,complete,yes,
greenhouse,code3,,8,8,complete,yes,
greenhouse,codeforamerica,,8,8,complete,yes,
greenhouse,codeorg,,5,5,complete,yes,
greenhouse,codepath,,11,11,complete,yes,
greenhouse,codeword,,4,4,complete,yes,
greenhouse,cogentbiosciences,Cogent Biosciences,17,17,complete,yes,
greenhouse,cognism,Cognism,18,18,complete,yes,
greenhouse,cognite,,47,47,complete,yes,
greenhouse,cohensteers,Cohen & Steers,30,30,complete,yes,
greenhouse,coherehealth,,76,76,complete,yes,
greenhouse,coinbase,Coinbase,229,229,complete,yes,
greenhouse,colabsoftware,,28,28,complete,yes,
greenhouse,colemanresearch,,9,9,complete,yes,
greenhouse,collectively,,3,3,complete,yes,
greenhouse,collegetrack,,12,12,complete,yes,
greenhouse,collibra,,32,32,complete,yes,
greenhouse,colossalbiosciences,,10,10,complete,yes,
greenhouse,comet,Comet,2,2,complete,yes,
greenhouse,commerceiq,,13,13,complete,yes,
greenhouse,commercetools,,37,37,complete,yes,
greenhouse,community,Rome Community Partners,0,0,complete,yes,
greenhouse,commvault,Commvault,60,60,complete,yes,
greenhouse,companycam,,0,0,complete,yes,
greenhouse,compasspathways,Compass Pathways,144,144,complete,yes,
greenhouse,compasstherapeutics,Compass Therapeutics,3,3,complete,yes,
greenhouse,compliancygroupllc,,4,4,complete,yes,
greenhouse,complyadvantage,,20,20,complete,yes,
greenhouse,comstock,Comstock,55,55,complete,yes,
greenhouse,concerthealth,,12,12,complete,yes,
greenhouse,conifersaicareers,,5,5,complete,yes,
greenhouse,connecteam,,65,65,complete,yes,
greenhouse,connectedcannabis,,31,31,complete,yes,
greenhouse,consensys,,7,7,complete,yes,
greenhouse,constructortech,,53,53,complete,yes,
greenhouse,consumeredge,,1,1,complete,yes,
greenhouse,contentful,Contentful,20,20,complete,yes,
greenhouse,contentstack,,6,6,complete,yes,
greenhouse,convene,,41,41,complete,yes,
greenhouse,conviva,,12,12,complete,yes,
greenhouse,convoso,,4,4,complete,yes,
greenhouse,cookunity,CookUnity,156,156,complete,yes,
greenhouse,copperco,,4,4,complete,yes,
greenhouse,copperhome,,9,9,complete,yes,
greenhouse,corcepttherapeutics,Corcept Therapeutics,80,80,complete,yes,
greenhouse,cordance,,11,11,complete,yes,
greenhouse,cordial81,,6,6,complete,yes,
greenhouse,corelight,,10,10,complete,yes,
greenhouse,coreone,,84,84,complete,yes,
greenhouse,coreweave,CoreWeave,311,311,complete,yes,
greenhouse,coreweaveu,,81,81,complete,yes,
greenhouse,cornerstone,Cornerstone Child Development Center,3,3,complete,yes,
greenhouse,corporatecareers,,6,6,complete,yes,
greenhouse,correlationone,,17,17,complete,yes,
greenhouse,cortex,Cortex,6,6,complete,yes,
greenhouse,cortica,,60,60,complete,yes,
greenhouse,cortland,Cortland,100,100,complete,yes,
greenhouse,cosmoslabs,,1,1,complete,yes,
greenhouse,costar,Co–Star,8,8,complete,yes,
greenhouse,cottinghambutlerinsuranceservicesinc,Cottingham & Butler,103,103,complete,yes,
greenhouse,couchbaseinc,,18,18,complete,yes,
greenhouse,counterpart,,10,10,complete,yes,
greenhouse,coupang,Coupang,688,688,complete,yes,
greenhouse,coupanginternal,Coupang Internal,461,461,complete,yes,
greenhouse,courierhealth,,17,17,complete,yes,
greenhouse,coursera,Coursera,15,15,complete,yes,
greenhouse,coverahealth,,10,10,complete,yes,
greenhouse,cowbellcyber,,7,7,complete,yes,
greenhouse,cpisecurity,,59,59,complete,yes,
greenhouse,craftsman,,2,2,complete,yes,
greenhouse,creativefabrica,,15,15,complete,yes,
greenhouse,creativex,,7,7,complete,yes,
greenhouse,credible,,13,13,complete,yes,
greenhouse,crescendohealth,,3,3,complete,yes,
greenhouse,crescent,Crescent,24,24,complete,yes,
greenhouse,crescolabs,Cresco Labs,75,75,complete,yes,
greenhouse,cresta,Cresta,88,88,complete,yes,
greenhouse,crexi,,16,16,complete,yes,
greenhouse,cribl,,57,57,complete,yes,
greenhouse,criticalmass,,26,26,complete,yes,
greenhouse,crossmediainc,,13,13,complete,yes,
greenhouse,crunchyroll,,82,82,complete,yes,
greenhouse,crystaldynamics,,1,1,complete,yes,
greenhouse,csw,"Cornerstone Wireless, LLC.",5,5,complete,yes,
greenhouse,cteph,,17,17,complete,yes,
greenhouse,cts,CTS Cloud Trading Solutions LTD,1,1,complete,yes,
greenhouse,cultureamp,Culture Amp,32,32,complete,yes,
greenhouse,curaleaf,Curaleaf,266,266,complete,yes,
greenhouse,current,Current,7,7,complete,yes,
greenhouse,current81,,21,21,complete,yes,
greenhouse,customerio,Customer.io,29,29,complete,yes,
greenhouse,cuyana,,0,0,complete,yes,
greenhouse,cymulate,,15,15,complete,yes,
greenhouse,cypressio,,0,0,complete,yes,
greenhouse,cyware,,5,5,complete,yes,
greenhouse,d2l,,16,16,complete,yes,
greenhouse,d3,D3,8,8,complete,yes,
greenhouse,dashlane,Dashlane,18,18,complete,yes,
greenhouse,databento,,14,14,complete,yes,
greenhouse,databricks,Databricks,887,887,complete,yes,
greenhouse,datacamp,,31,31,complete,yes,
greenhouse,datadog,Datadog,444,444,complete,yes,
greenhouse,datagrail,,6,6,complete,yes,
greenhouse,dataiku,,21,21,complete,yes,
greenhouse,datakindinc,,1,1,complete,yes,
greenhouse,datarails,,14,14,complete,yes,
greenhouse,datavant2,Datavant,132,132,complete,yes,
greenhouse,daybreakhealth,,29,29,complete,yes,
greenhouse,daymarkhealth,,37,37,complete,yes,
greenhouse,ddome,,14,14,complete,yes,
greenhouse,debutbiotech25,,10,10,complete,yes,
greenhouse,decibelfoundation,,2,2,complete,yes,
greenhouse,decisions,,2,2,complete,yes,
greenhouse,deepmind,,0,,unreachable,yes,HTTP 404
greenhouse,definitivehc,,13,13,complete,yes,
greenhouse,definiumtherapeutics,Definium Therapeutics,22,22,complete,yes,
greenhouse,degreed,,2,2,complete,yes,
greenhouse,delartech,,23,23,complete,yes,
greenhouse,delfina,,24,24,complete,yes,
greenhouse,deliveryassociates,,6,6,complete,yes,
greenhouse,demandscience,,2,2,complete,yes,
greenhouse,dept,DEPT®,198,198,complete,yes,
greenhouse,descope,Descope,5,5,complete,yes,
greenhouse,descript,Descript,11,11,complete,yes,
greenhouse,detroitlions,,3,3,complete,yes,
greenhouse,developmentseed,,1,1,complete,yes,
greenhouse,devrev,,52,52,complete,yes,
greenhouse,devtechnology,,19,19,complete,yes,
greenhouse,dexory,,26,26,complete,yes,
greenhouse,dialpad,Dialpad,60,60,complete,yes,
greenhouse,dianahealth94,Diana Health,96,96,complete,yes,
greenhouse,dianthustherapeutics,,4,4,complete,yes,
greenhouse,dicefm-careers,,10,10,complete,yes,
greenhouse,didi,DiDi Labs,9,9,complete,yes,
greenhouse,digicert,,53,53,complete,yes,
greenhouse,digimarc,Digimarc,5,5,complete,yes,
greenhouse,digitalbridge,DigitalBridge,7,7,complete,yes,
greenhouse,digitalextremes,,9,9,complete,yes,
greenhouse,digitalhands,,2,2,complete,yes,
greenhouse,digitalocean98,DigitalOcean,170,170,complete,yes,
greenhouse,digs,,2,2,complete,yes,
greenhouse,diligentcorporation,Diligent Corporation,99,99,complete,yes,
greenhouse,diligentrobotics,,9,9,complete,yes,
greenhouse,dillards,Dillards,3,3,complete,yes,
greenhouse,dimagi,,1,1,complete,yes,
greenhouse,discmedicine,Disc Medicine,14,14,complete,yes,
greenhouse,disco,DISCO,41,41,complete,yes,
greenhouse,discord,Discord,51,51,complete,yes,
greenhouse,dispatch,"Dispatch Technologies, Inc",0,,unreachable,yes,HTTP 404
greenhouse,distantjob,,16,16,complete,yes,
greenhouse,divergehealth,,18,18,complete,yes,
greenhouse,divergent,Divergent,120,120,complete,yes,
greenhouse,dlhcorporation,,22,22,complete,yes,
greenhouse,dmgevents,,15,15,complete,yes,
greenhouse,dnsfilter,,6,6,complete,yes,
greenhouse,doctolib,Doctolib,157,157,complete,yes,
greenhouse,doitintl,DoiT,103,103,complete,yes,
greenhouse,doma,,5,5,complete,yes,
greenhouse,dominodatalab,,22,22,complete,yes,
greenhouse,donorschoose,,6,6,complete,yes,
greenhouse,doordashaustralia,,34,34,complete,yes,
greenhouse,doordashcanada,,35,35,complete,yes,
greenhouse,doordashusa,DoorDash USA,458,458,complete,yes,
greenhouse,dots,,1,1,complete,yes,
greenhouse,doubleverify,DoubleVerify,0,0,complete,yes,
greenhouse,doximity,Doximity,16,16,complete,yes,
greenhouse,dragos,,55,55,complete,yes,
greenhouse,drivewealth,,17,17,complete,yes,
greenhouse,droneshield,DroneShield,38,38,complete,yes,
greenhouse,dropbox,Dropbox,39,39,complete,yes,
greenhouse,drweng,DRW,170,170,complete,yes,
greenhouse,dubber,,3,3,complete,yes,
greenhouse,duettoresearch,,16,16,complete,yes,
greenhouse,duolingo,Duolingo,59,59,complete,yes,
greenhouse,dv01,,4,4,complete,yes,
greenhouse,dvtrading,,75,75,complete,yes,
greenhouse,dynetherapeutics,Dyne Therapeutics,65,65,complete,yes,
greenhouse,earnest,,7,7,complete,yes,
greenhouse,earnin,,18,18,complete,yes,
greenhouse,eastharlemtutorialprogram,,10,10,complete,yes,
greenhouse,easyship,,23,23,complete,yes,
greenhouse,ebanx,,34,34,complete,yes,
greenhouse,ebury,Ebury,155,155,complete,yes,
greenhouse,echo,Echo Neurotechnologies,20,20,complete,yes,
greenhouse,echodynecorp,,52,52,complete,yes,
greenhouse,eclinicalsolutions,,31,31,complete,yes,
greenhouse,eclipse,Eclipse,1,1,complete,yes,
greenhouse,eclipsetrading,,17,17,complete,yes,
greenhouse,ecoworks,,1,1,complete,yes,
greenhouse,edb,,21,21,complete,yes,
greenhouse,edgewisetherapeutics,Edgewise Therapeutics,14,14,complete,yes,
greenhouse,edgewoodpartnersinsurancecenter,EPIC Brokers,103,103,complete,yes,
greenhouse,edmentum,,33,33,complete,yes,
greenhouse,efficientcomputer,,19,19,complete,yes,
greenhouse,eh2,,17,17,complete,yes,
greenhouse,eikontherapeutics,Eikon Therapeutics,24,24,complete,yes,
greenhouse,elastic,Elastic,392,392,complete,yes,
greenhouse,elationhealth,,18,18,complete,yes,
greenhouse,eldersburgveterinaryhospital,,1,1,complete,yes,
greenhouse,electrasteel,,5,5,complete,yes,
greenhouse,element451jobs,,3,3,complete,yes,
greenhouse,eleoshealth,,16,16,complete,yes,
greenhouse,elevatebio,,17,17,complete,yes,
greenhouse,elite,"Elite Physical Therapy, Inc.",13,13,complete,yes,
greenhouse,elitetechnology,,6,6,complete,yes,
greenhouse,elliginthealth,,1,1,complete,yes,
greenhouse,emarketer,,10,10,complete,yes,
greenhouse,emigrantbank,,4,4,complete,yes,
greenhouse,emnify,,9,9,complete,yes,
greenhouse,emplififr,,1,1,complete,yes,
greenhouse,empowerbrands,,18,18,complete,yes,
greenhouse,emslinqinc,,6,6,complete,yes,
greenhouse,enavatecareers,,9,9,complete,yes,
greenhouse,enboarder,,5,5,complete,yes,
greenhouse,enchargeai36,,26,26,complete,yes,
greenhouse,encora10,Encora,231,231,complete,yes,
greenhouse,encore,Encore,3,3,complete,yes,
greenhouse,endorlabs,Endor Labs,29,29,complete,yes,
greenhouse,energage,,0,0,complete,yes,
greenhouse,energyandenvironmentlab,,2,2,complete,yes,
greenhouse,energyhub,,16,16,complete,yes,
greenhouse,energysolutions,,13,13,complete,yes,
greenhouse,engine,Engine,80,80,complete,yes,
greenhouse,engineersgate,,9,9,complete,yes,
greenhouse,enigmaio,,10,10,complete,yes,
greenhouse,enova,Enova International,31,31,complete,yes,
greenhouse,ensono,,73,73,complete,yes,
greenhouse,entera,Entera,7,7,complete,yes,
greenhouse,enterpret,,14,14,complete,yes,
greenhouse,entersekt,,1,1,complete,yes,
greenhouse,entradatherapeutics,Entrada Therapeutics,6,6,complete,yes,
greenhouse,enumerate,,4,4,complete,yes,
greenhouse,enveritas,,5,5,complete,yes,
greenhouse,envoyglobalinc,,20,20,complete,yes,
greenhouse,eonio,,33,33,complete,yes,
greenhouse,eositsolutions,EOS,169,169,complete,yes,
greenhouse,epicgames,Epic Games,147,147,complete,yes,
greenhouse,epicgamesfrench,,15,15,complete,yes,
greenhouse,epirus,,40,40,complete,yes,
greenhouse,episodesixlinkedin,,21,21,complete,yes,
greenhouse,eqtcorporation,,49,49,complete,yes,
greenhouse,equilibriumenergy,,1,1,complete,yes,
greenhouse,equipmentsharecom,EquipmentShare,1028,1028,complete,yes,
greenhouse,eqvilentjobs,,24,24,complete,yes,
greenhouse,erasca,Erasca,7,7,complete,yes,
greenhouse,eridan,,1,1,complete,yes,
greenhouse,esri,Esri,448,448,complete,yes,
greenhouse,ess,cBEYONData + SMX,4,4,complete,yes,
greenhouse,essential,Essential Anesthesia Management,85,85,complete,yes,
greenhouse,etchedai,,25,25,complete,yes,
greenhouse,ethoslife,,69,69,complete,yes,
greenhouse,eucalyptus,Eucalyptus,108,108,complete,yes,
greenhouse,eve,Eve,28,28,complete,yes,
greenhouse,ever,,25,25,complete,yes,
greenhouse,everagtester,,1,1,complete,yes,
greenhouse,everchron,,2,2,complete,yes,
greenhouse,evergreennephrology,,7,7,complete,yes,
greenhouse,everlane,,39,39,complete,yes,
greenhouse,everlaw,Everlaw,40,40,complete,yes,
greenhouse,everquote,EverQuote,12,12,complete,yes,
greenhouse,everway,,7,7,complete,yes,
greenhouse,evgspecialtynetwork,,41,41,complete,yes,
greenhouse,evolutioniq,,18,18,complete,yes,
greenhouse,evolvevacationrental,,7,7,complete,yes,
greenhouse,exoduspoint,,2,2,complete,yes,
greenhouse,expel,,9,9,complete,yes,
greenhouse,extend,Extend,19,19,complete,yes,
greenhouse,extrahopnetworks,,22,22,complete,yes,
greenhouse,eyeo,,0,0,complete,yes,
greenhouse,ezcaterinc,,25,25,complete,yes,
greenhouse,fabric83,,3,3,complete,yes,
greenhouse,factorialenergy,Factorial Energy,12,12,complete,yes,
greenhouse,faeththerapeutics,Faeth Therapeutics,4,4,complete,yes,
greenhouse,faire,Faire,80,80,complete,yes,
greenhouse,falconx,,18,18,complete,yes,
greenhouse,familywell,,24,24,complete,yes,
greenhouse,fanduel,FanDuel,84,84,complete,yes,
greenhouse,fartherfinance,,30,30,complete,yes,
greenhouse,fastly,Fastly,43,43,complete,yes,
greenhouse,fastspring,,3,3,complete,yes,
greenhouse,fay,,3,3,complete,yes,
greenhouse,federato,,8,8,complete,yes,
greenhouse,feedzai,,30,30,complete,yes,
greenhouse,fender,,32,32,complete,yes,
greenhouse,fermat,,2,2,complete,yes,
greenhouse,feverup,FeverUp,552,552,complete,yes,
greenhouse,fgsglobal,,12,12,complete,yes,
greenhouse,fictiv,Fictiv,96,96,complete,yes,
greenhouse,fidelityguarantylife,,24,24,complete,yes,
greenhouse,fieldstonebio,,4,4,complete,yes,
greenhouse,fieldwire,,21,21,complete,yes,
greenhouse,figma,Figma,162,162,complete,yes,
greenhouse,figment,,0,0,complete,yes,
greenhouse,figure,Figure Lending,18,18,complete,yes,
greenhouse,figureai,Figure,97,97,complete,yes,
greenhouse,filecoinfoundation,,1,1,complete,yes,
greenhouse,filson,,5,5,complete,yes,
greenhouse,fingerprint,,26,26,complete,yes,
greenhouse,finitestate,,10,10,complete,yes,
greenhouse,finyard,,5,5,complete,yes,
greenhouse,firaxis,,1,1,complete,yes,
greenhouse,fireblocks,,30,30,complete,yes,
greenhouse,firesprite,,1,1,complete,yes,
greenhouse,firsthand,Firsthand Technology Value,23,23,complete,yes,
greenhouse,firy,FIRY,19,19,complete,yes,
greenhouse,five9,Five9,103,103,complete,yes,
greenhouse,fivetran,Fivetran,181,181,complete,yes,
greenhouse,fixify,,0,0,complete,yes,
greenhouse,flagshippioneeringinc,"Flagship Pioneering, Inc.",122,122,complete,yes,
greenhouse,flash,Flash,5,5,complete,yes,
greenhouse,flashfood,,5,5,complete,yes,
greenhouse,fleet,Fleet Data Centers,44,44,complete,yes,
greenhouse,fletcherjonesautomotivegroup,,52,52,complete,yes,
greenhouse,flex,Flex,32,32,complete,yes,
greenhouse,flexe,,5,5,complete,yes,
greenhouse,flexport,Flexport,199,199,complete,yes,
greenhouse,flipdish,,13,13,complete,yes,
greenhouse,flockhomes,,2,2,complete,yes,
greenhouse,flohealth,,25,25,complete,yes,
greenhouse,flourish,Flourish,5,5,complete,yes,
greenhouse,flowtraders,,45,45,complete,yes,
greenhouse,fluxx,,3,3,complete,yes,
greenhouse,flywheeldigital,,1,1,complete,yes,
greenhouse,flyzipline,Zipline,351,351,complete,yes,
greenhouse,focalsystems,,36,36,complete,yes,
greenhouse,folxhealth,,9,9,complete,yes,
greenhouse,footanstey,,14,14,complete,yes,
greenhouse,foratravel,,43,43,complete,yes,
greenhouse,forbes,,10,10,complete,yes,
greenhouse,foresitelabs,,3,3,complete,yes,
greenhouse,forgebiologics,,17,17,complete,yes,
greenhouse,form3,,8,8,complete,yes,
greenhouse,formaaiinc,,22,22,complete,yes,
greenhouse,formationbio,,23,23,complete,yes,
greenhouse,formhealth,,41,41,complete,yes,
greenhouse,formic,,41,41,complete,yes,
greenhouse,formlabs,Formlabs,232,232,complete,yes,
greenhouse,forter,,25,25,complete,yes,
greenhouse,fortisgames,,1,1,complete,yes,
greenhouse,fortitudegroupholdingsllc,,33,33,complete,yes,
greenhouse,fortrobotics,,4,4,complete,yes,
greenhouse,forumone,,1,1,complete,yes,
greenhouse,forward,Forward,5,5,complete,yes,
greenhouse,forwardnetworks,,15,15,complete,yes,
greenhouse,fossainc,,3,3,complete,yes,
greenhouse,found,,3,3,complete,yes,
greenhouse,fourcornersaviation,,0,0,complete,yes,
greenhouse,fourkites,FourKites,13,13,complete,yes,
greenhouse,fox,Fox Creek Veterinary Hospital - Wildwood,5,5,complete,yes,
greenhouse,foxen,,1,1,complete,yes,
greenhouse,fractile,,37,37,complete,yes,
greenhouse,fractylhealthinc,,1,1,complete,yes,
greenhouse,freeformfuturecorp,,79,79,complete,yes,
greenhouse,freenome,Freenome,20,20,complete,yes,
greenhouse,freenow,,34,34,complete,yes,
greenhouse,freestar,,5,5,complete,yes,
greenhouse,freshprints,,32,32,complete,yes,
greenhouse,fronterahealth,,11,11,complete,yes,
greenhouse,fsastorecom,,13,13,complete,yes,
greenhouse,fubotv,Fubo,7,7,complete,yes,
greenhouse,fulfil,,8,8,complete,yes,
greenhouse,fundraiseup,Fundraise Up,48,48,complete,yes,
greenhouse,fuseglobalpartners,,24,24,complete,yes,
greenhouse,future,Future,9,9,complete,yes,
greenhouse,fwdus,,0,0,complete,yes,
greenhouse,galaxy,Galaxy Integrated Technologies,2,2,complete,yes,
greenhouse,galaxydigitalservices,,37,37,complete,yes,
greenhouse,galileo,Galileo,14,14,complete,yes,
greenhouse,gametimeunited,,11,11,complete,yes,
greenhouse,gardacp,,14,14,complete,yes,
greenhouse,garnerhealth,Garner Health,76,76,complete,yes,
greenhouse,gatesventures,,0,0,complete,yes,
greenhouse,gateway,Gateway Aesthetic Institute & Laser Center,2,2,complete,yes,
greenhouse,gather,Gather,0,0,complete,yes,
greenhouse,gatherai,,10,10,complete,yes,
greenhouse,gatikaiinc,,67,67,complete,yes,
greenhouse,gcmgrosvenor,GCM Grosvenor,16,16,complete,yes,
greenhouse,gds,Garage Door Specialist,2,2,complete,yes,
greenhouse,gelbergroup,,11,11,complete,yes,
greenhouse,gemini,Gemini,34,34,complete,yes,
greenhouse,genedx,GeneDx,23,23,complete,yes,
greenhouse,general,General Interest,1,1,complete,yes,
greenhouse,generalassembly,,22,22,complete,yes,
greenhouse,generalatlantic,,10,10,complete,yes,
greenhouse,generalcatalyst,,0,0,complete,yes,
greenhouse,generalmatter,General Matter,125,125,complete,yes,
greenhouse,generalproximity,,8,8,complete,yes,
greenhouse,generatebiomedicines,Generate Biomedicines,18,18,complete,yes,
greenhouse,genetixbiotherapeutics,,14,14,complete,yes,
greenhouse,genevatrading,,14,14,complete,yes,
greenhouse,genius,Invite-Only Job Board,2,2,complete,yes,
greenhouse,geniussports,Genius Sports,40,40,complete,yes,
greenhouse,genomenoninc,,3,3,complete,yes,
greenhouse,genscript,GenScript/ProBio,73,73,complete,yes,
greenhouse,gensyn,,2,2,complete,yes,
greenhouse,getbuilt,,15,15,complete,yes,
greenhouse,getscale,GetScale,1,1,complete,yes,
greenhouse,ggadvisorskc,,3,3,complete,yes,
greenhouse,ghost,Ghost,6,6,complete,yes,
greenhouse,gigfinesse,,0,0,complete,yes,
greenhouse,gigs,,42,42,complete,yes,
greenhouse,ginkgobioworks,Ginkgo Bioworks Inc.,20,20,complete,yes,
greenhouse,gitlab,GitLab,211,211,complete,yes,
greenhouse,givecampus,,12,12,complete,yes,
greenhouse,givedirectly,,38,38,complete,yes,
greenhouse,givewell,,17,17,complete,yes,
greenhouse,glance,,38,38,complete,yes,
greenhouse,gleanwork,Glean,128,128,complete,yes,
greenhouse,glide,Glide,1,1,complete,yes,
greenhouse,globalenergyallianceforpeopleandplanetgeappllc,,4,4,complete,yes,
greenhouse,globalhealthcareexchangeinc,,52,52,complete,yes,
greenhouse,globalizationpartners,,51,51,complete,yes,
greenhouse,globalwebindex,,21,21,complete,yes,
greenhouse,glossier,Glossier,27,27,complete,yes,
greenhouse,glydways,,23,23,complete,yes,
greenhouse,glyphicbiotechnologies,,4,4,complete,yes,
greenhouse,goalhonduras,,12,12,complete,yes,
greenhouse,goalsyria,,0,0,complete,yes,
greenhouse,goatgroup,,9,9,complete,yes,
greenhouse,gocardless,,25,25,complete,yes,
greenhouse,godaddy,GoDaddy,31,31,complete,yes,
greenhouse,gofasti,,9,9,complete,yes,
greenhouse,gofundme,,24,24,complete,yes,
greenhouse,goguardian,,11,11,complete,yes,
greenhouse,gomotive,Motive,150,150,complete,yes,
greenhouse,gongio,Gong.io,98,98,complete,yes,
greenhouse,goodfire,,27,27,complete,yes,
greenhouse,goodinside,,5,5,complete,yes,
greenhouse,goodsservices,,10,10,complete,yes,
greenhouse,goodwaygroup,,6,6,complete,yes,
greenhouse,googlefiber,GFiber,62,62,complete,yes,
greenhouse,gorjana,gorjana,167,167,complete,yes,
greenhouse,gossamerbio,Gossamer Bio,2,2,complete,yes,
greenhouse,gostudent,,26,26,complete,yes,
greenhouse,gr8tech,,0,0,complete,yes,
greenhouse,gradial,,9,9,complete,yes,
greenhouse,gradientai,,1,1,complete,yes,
greenhouse,gradle,,4,4,complete,yes,
greenhouse,grafanalabs,Grafana Labs,121,121,complete,yes,
greenhouse,grahamcapitalmanagement,,10,10,complete,yes,
greenhouse,granum,,5,5,complete,yes,
greenhouse,graphcore,Graphcore,178,178,complete,yes,
greenhouse,gravitonresearchcapital,,19,19,complete,yes,
greenhouse,gravity,Gravity,3,3,complete,yes,
greenhouse,gravwell,,1,1,complete,yes,
greenhouse,grayscale,Grayscale (Sandbox),3,3,complete,yes,
greenhouse,grayscaleinvestments,,7,7,complete,yes,
greenhouse,greenhouse,Greenhouse,18,18,complete,yes,
greenhouse,greenthumbindustries,Green Thumb Industries,220,220,complete,yes,
greenhouse,greenworkssunriseglobalmarketing,,29,29,complete,yes,
greenhouse,grey,GREY,18,18,complete,yes,
greenhouse,greyus,,5,5,complete,yes,
greenhouse,gridmaticinc,,14,14,complete,yes,
greenhouse,groma,,4,4,complete,yes,
greenhouse,groomecareers,,24,24,complete,yes,
greenhouse,group14,,6,6,complete,yes,
greenhouse,group14korea,,5,5,complete,yes,
greenhouse,groupon,Groupon,23,23,complete,yes,
greenhouse,grovecollaborative,Grove Collaborative,7,7,complete,yes,
greenhouse,grovelane,,2,2,complete,yes,
greenhouse,grover,,3,3,complete,yes,
greenhouse,growe,,15,15,complete,yes,
greenhouse,growetalents,,30,30,complete,yes,
greenhouse,gruns,,25,25,complete,yes,
greenhouse,gruve,,25,25,complete,yes,
greenhouse,grvty,GRVTY,204,204,complete,yes,
greenhouse,gsgcareers,,2,2,complete,yes,
greenhouse,gsrmarkets,,6,6,complete,yes,
greenhouse,gtslivingfoods,,35,35,complete,yes,
greenhouse,gtv,,7,7,complete,yes,
greenhouse,guardianrestoration,,3,3,complete,yes,
greenhouse,guardsquare,,19,19,complete,yes,
greenhouse,guerrilla-games,,0,0,complete,yes,
greenhouse,guidelighthealth,,29,29,complete,yes,
greenhouse,guidepoint,Guidepoint,109,109,complete,yes,
greenhouse,guidepointsecurity,,60,60,complete,yes,
greenhouse,guidepostmontessori,Guidepost Montessori,224,224,complete,yes,
greenhouse,guidewheel,,4,4,complete,yes,
greenhouse,guild,Guild,7,7,complete,yes,
greenhouse,guildgaragegroup,Guild Garage Group,90,90,complete,yes,
greenhouse,gulfwindtechnology,,1,1,complete,yes,
greenhouse,gumgum,,9,9,complete,yes,
greenhouse,gusto,"Gusto, Inc.",94,94,complete,yes,
greenhouse,gwkinvestmentmanagementllc,,8,8,complete,yes,
greenhouse,gympass,Wellhub,84,84,complete,yes,
greenhouse,gymshark,,21,21,complete,yes,
greenhouse,habitathealth,,54,54,complete,yes,
greenhouse,hackerrank,,27,27,complete,yes,
greenhouse,haigroup,,9,9,complete,yes,
greenhouse,haizelabs,,6,6,complete,yes,
greenhouse,hala,,10,10,complete,yes,
greenhouse,halcyon,Halcyon,9,9,complete,yes,
greenhouse,hangar13,,9,9,complete,yes,
greenhouse,hankooktireamericacorp,,8,8,complete,yes,
greenhouse,hanover,Hanover,3,3,complete,yes,
greenhouse,hanwhaenergyusa,,26,26,complete,yes,
greenhouse,hanwharenewables,,11,11,complete,yes,
greenhouse,harbingermotors,Harbinger Motors Inc.,93,93,complete,yes,
greenhouse,harborglobal,,33,33,complete,yes,
greenhouse,harnessinc,Harness,70,70,complete,yes,
greenhouse,harpergroup,,7,7,complete,yes,
greenhouse,harrowhealth,,19,19,complete,yes,
greenhouse,harrys,,15,15,complete,yes,
greenhouse,hasbro,Hasbro,122,122,complete,yes,
greenhouse,hatchcareers,,5,5,complete,yes,
greenhouse,haven,Haven Interactive Studios,4,4,complete,yes,
greenhouse,havenenglish,,4,4,complete,yes,
greenhouse,hawkeye360,HawkEye 360,19,19,complete,yes,
greenhouse,hazel,Hazel Health,20,20,complete,yes,
greenhouse,hc360,,9,9,complete,yes,
greenhouse,headlandsresearch,Headlands Research,57,57,complete,yes,
greenhouse,headlandstechnologiesllc,,8,8,complete,yes,
greenhouse,headoutcareers,,21,21,complete,yes,
greenhouse,headoutlinkedin,,11,11,complete,yes,
greenhouse,headspaceproviders,,2,2,complete,yes,
greenhouse,healthjoy,,5,5,complete,yes,
greenhouse,healthlink,,23,23,complete,yes,
greenhouse,healthverity,,19,19,complete,yes,
greenhouse,hearcom,,2,2,complete,yes,
greenhouse,hearcomin,,2,2,complete,yes,
greenhouse,heartaerospace,,7,7,complete,yes,
greenhouse,heartflowinc,,97,97,complete,yes,
greenhouse,heartpaw,,44,44,complete,yes,
greenhouse,hebrewpublic,,13,13,complete,yes,
greenhouse,hellobackpack,,21,21,complete,yes,
greenhouse,hellofresh,HelloFresh,422,422,complete,yes,
greenhouse,helloheart,,16,16,complete,yes,
greenhouse,hellotend,,25,25,complete,yes,
greenhouse,helpinghandsfamily,Helping Hands Family,109,109,complete,yes,
greenhouse,helsing,Helsing,166,166,complete,yes,
greenhouse,heraldapi,,6,6,complete,yes,
greenhouse,hereio,,9,9,complete,yes,
greenhouse,herselfhealth,,13,13,complete,yes,
greenhouse,hexium,,3,3,complete,yes,
greenhouse,hextechnologies,,0,,unreachable,yes,HTTP 404
greenhouse,heygen,,22,22,complete,yes,
greenhouse,hginsights,,9,9,complete,yes,
greenhouse,hiddenlayer,,14,14,complete,yes,
greenhouse,highdive,,7,7,complete,yes,
greenhouse,higherlogic,,3,3,complete,yes,
greenhouse,highland,Highland Animal Hospital,4,4,complete,yes,
greenhouse,highmetric,,44,44,complete,yes,
greenhouse,highnote,Highnote,5,5,complete,yes,
greenhouse,hightouch,Hightouch,0,,unreachable,yes,HTTP 404
greenhouse,highwire,Highwire,107,107,complete,yes,
greenhouse,hillel,,45,45,complete,yes,
greenhouse,hillhousehome,,53,53,complete,yes,
greenhouse,hillpointe,,35,35,complete,yes,
greenhouse,himarley,,8,8,complete,yes,
greenhouse,hipagesgroup,,4,4,complete,yes,
greenhouse,hiper,,2,2,complete,yes,
greenhouse,hippo70,,22,22,complete,yes,
greenhouse,hive,Hive,12,12,complete,yes,
greenhouse,hivewatch,,0,,unreachable,yes,HTTP 404
greenhouse,hlb90067,,0,0,complete,yes,
greenhouse,holderconstruction,Holder Construction,344,344,complete,yes,
greenhouse,holisticindustries,,46,46,complete,yes,
greenhouse,hologram,,3,3,complete,yes,
greenhouse,homechef,,30,30,complete,yes,
greenhouse,homelight,,15,15,complete,yes,
greenhouse,homemarketfoods,,24,24,complete,yes,
greenhouse,homesolutions,,8,8,complete,yes,
greenhouse,hometap,,8,8,complete,yes,
greenhouse,hometapjobs,,2,2,complete,yes,
greenhouse,homeward,,2,2,complete,yes,
greenhouse,hone,Hone,2,2,complete,yes,
greenhouse,honehealth,,10,10,complete,yes,
greenhouse,honeycomb,Honeycomb.io,20,20,complete,yes,
greenhouse,honor,,17,17,complete,yes,
greenhouse,hoodhp,HP Hood,100,100,complete,yes,
greenhouse,hook,Hook,6,6,complete,yes,
greenhouse,hootsuite,,11,11,complete,yes,
greenhouse,hopscotchprimarycare,,33,33,complete,yes,
greenhouse,hopskipdrive,,7,7,complete,yes,
greenhouse,horacemannagents,Horace Mann - Agent Opportunities,406,406,complete,yes,
greenhouse,horacemannservicecorporation,,27,27,complete,yes,
greenhouse,horizenlabstalentpool,,1,1,complete,yes,
greenhouse,horizonindustrieslimited,,23,23,complete,yes,
greenhouse,hotmartcareersbr,,17,17,complete,yes,
greenhouse,housecall,Housecall Pro,53,53,complete,yes,
greenhouse,housemarque,,5,5,complete,yes,
greenhouse,housinganywhere,,1,1,complete,yes,
greenhouse,hover,,22,22,complete,yes,
greenhouse,hovercraft,,7,7,complete,yes,
greenhouse,hpiq,,34,34,complete,yes,
greenhouse,hrpliving,Hawthorne Residential Partners,93,93,complete,yes,
greenhouse,hs,,3,3,complete,yes,
greenhouse,hsgllp,,3,3,complete,yes,
greenhouse,hspg,,4,4,complete,yes,
greenhouse,hubblenetwork,,18,18,complete,yes,
greenhouse,hubspotjobs,HubSpot,132,132,complete,yes,
greenhouse,huddleup,,2,2,complete,yes,
greenhouse,hudl,,33,33,complete,yes,
greenhouse,hugeinc,,26,26,complete,yes,
greenhouse,hugheshubbardreedllp,,3,3,complete,yes,
greenhouse,humanagency,Human Agency,103,103,complete,yes,
greenhouse,humaninterest,,71,71,complete,yes,
greenhouse,humanrightswatch,,13,13,complete,yes,
greenhouse,humansignal,,49,49,complete,yes,
greenhouse,humeai,,5,5,complete,yes,
greenhouse,hummingbirdregtech,,3,3,complete,yes,
greenhouse,hungryroot,,6,6,complete,yes,
greenhouse,huntress,Huntress,39,39,complete,yes,
greenhouse,hut8,Hut 8,51,51,complete,yes,
greenhouse,hyannisportresearch,,10,10,complete,yes,
greenhouse,hydritechemicalco,,72,72,complete,yes,
greenhouse,hyliion,Hyliion,14,14,complete,yes,
greenhouse,hyphenconnect,,0,,unreachable,yes,HTTP 404
greenhouse,hypr,,8,8,complete,yes,
greenhouse,ians,,8,8,complete,yes,
greenhouse,ibanfirst,,0,,unreachable,yes,HTTP 404
greenhouse,icapitalnetwork,iCapital,209,209,complete,yes,
greenhouse,icarus,,21,21,complete,yes,
greenhouse,iconcareers,,68,68,complete,yes,
greenhouse,iconiq,,19,19,complete,yes,
greenhouse,ideo,,13,13,complete,yes,
greenhouse,idme,,53,53,complete,yes,
greenhouse,idnow,,12,12,complete,yes,
greenhouse,ie,,11,11,complete,yes,
greenhouse,iex,,10,10,complete,yes,
greenhouse,ifoodcarreiras,iFood,55,55,complete,yes,
greenhouse,iftother,,3,3,complete,yes,
greenhouse,ilia,,22,22,complete,yes,
greenhouse,imaginepediatrics,,17,17,complete,yes,
greenhouse,imagineworldwide,,5,5,complete,yes,
greenhouse,imbibeinc,,3,3,complete,yes,
greenhouse,imbue,,1,1,complete,yes,
greenhouse,imc,IMC,168,168,complete,yes,
greenhouse,immersive,,7,7,complete,yes,
greenhouse,immoverkauf24,,1,1,complete,yes,
greenhouse,immunefi,,1,1,complete,yes,
greenhouse,immunomeinc,,31,31,complete,yes,
greenhouse,impact,impact.com,75,75,complete,yes,
greenhouse,impinjexternal,,20,20,complete,yes,
greenhouse,impiricus,,18,18,complete,yes,
greenhouse,implicit,,3,3,complete,yes,
greenhouse,imubit,,5,5,complete,yes,
greenhouse,imvtcorporation,,6,6,complete,yes,
greenhouse,inalabconsulting,,3,3,complete,yes,
greenhouse,incadigitalinc,,14,14,complete,yes,
greenhouse,inceptive,,11,11,complete,yes,
greenhouse,inchargeenergy,,7,7,complete,yes,
greenhouse,incode,,10,10,complete,yes,
greenhouse,incognia,,5,5,complete,yes,
greenhouse,incommonwith,,0,0,complete,yes,
greenhouse,indicacoesifoodinterno,,1,1,complete,yes,
greenhouse,indiesemiconductor,indie,23,23,complete,yes,
greenhouse,indigenouspactpbcinc,,3,3,complete,yes,
greenhouse,indigo,Indigo,2,2,complete,yes,
greenhouse,industrial,Industrial Door Company,1,1,complete,yes,
greenhouse,industrialelectricmanufacturing,Industrial Electric Manufacturing,135,135,complete,yes,
greenhouse,infinitumelectric,,25,25,complete,yes,
greenhouse,inflectionai,,6,6,complete,yes,
greenhouse,infotrust,,0,0,complete,yes,
greenhouse,infuse,INFUSE,389,389,complete,yes,
greenhouse,ingenious,,3,3,complete,yes,
greenhouse,inhometherapy,InHome Therapy,87,87,complete,yes,
greenhouse,inizio,,20,20,complete,yes,
greenhouse,iniziomedical,,10,10,complete,yes,
greenhouse,inkind,,12,12,complete,yes,
greenhouse,inmarket,,6,6,complete,yes,
greenhouse,inmobi,,72,72,complete,yes,
greenhouse,innodatainc,Innodata Inc.,104,104,complete,yes,
greenhouse,innophaseiot,,14,14,complete,yes,
greenhouse,innovecs,,9,9,complete,yes,
greenhouse,innovid,,7,7,complete,yes,
greenhouse,insider,,7,7,complete,yes,
greenhouse,insightassurance,,5,5,complete,yes,
greenhouse,insightrx,,3,3,complete,yes,
greenhouse,insomniac,,8,8,complete,yes,
greenhouse,inspiraeducation,,43,43,complete,yes,
greenhouse,inspire11,,23,23,complete,yes,
greenhouse,inspiremedicalsystemsinc,,46,46,complete,yes,
greenhouse,instabase,,0,,unreachable,yes,HTTP 404
greenhouse,instacart,Instacart,131,131,complete,yes,
greenhouse,instawork,Instawork,57,57,complete,yes,
greenhouse,instead,,10,10,complete,yes,
greenhouse,instiglio,,1,1,complete,yes,
greenhouse,instigliointernships,,1,1,complete,yes,
greenhouse,instride,,3,3,complete,yes,
greenhouse,instridehealth,,26,26,complete,yes,
greenhouse,insurify,,15,15,complete,yes,
greenhouse,insurityindia,,17,17,complete,yes,
greenhouse,insurtechinsights,,13,13,complete,yes,
greenhouse,intecrowd,,0,0,complete,yes,
greenhouse,integra,IntegraFEC,11,11,complete,yes,
greenhouse,integralmolecular,,4,4,complete,yes,
greenhouse,intelluminc,,3,3,complete,yes,
greenhouse,inter,Inter Carreiras,150,150,complete,yes,
greenhouse,interbrand,,17,17,complete,yes,
greenhouse,intercom,Fin,108,108,complete,yes,
greenhouse,interdependence,,26,26,complete,yes,
greenhouse,internaljobsatlush,,99,99,complete,yes,
greenhouse,international,UpWork International,1,1,complete,yes,
greenhouse,interstellarlab,,9,9,complete,yes,
greenhouse,intersystems,InterSystems,129,129,complete,yes,
greenhouse,interviewengineering,,25,25,complete,yes,
greenhouse,interwellhealth,,11,11,complete,yes,
greenhouse,interworks,,11,11,complete,yes,
greenhouse,inthepocket,,24,24,complete,yes,
greenhouse,intradiem,,2,2,complete,yes,
greenhouse,intrinsicrobotics,,19,19,complete,yes,
greenhouse,inversionspace,,82,82,complete,yes,
greenhouse,invisibletech,,18,18,complete,yes,
greenhouse,invivyd,Invivyd,12,12,complete,yes,
greenhouse,invoca,,0,,unreachable,yes,HTTP 404
greenhouse,inyova,,0,0,complete,yes,
greenhouse,inzoistudio,,1,1,complete,yes,
greenhouse,ionq,IonQ,119,119,complete,yes,
greenhouse,iovancebiotherapeutics,Iovance Biotherapeutics,28,28,complete,yes,
greenhouse,iovino,,10,10,complete,yes,
greenhouse,iowacannabiscompany,,6,6,complete,yes,
greenhouse,ipfabric,,7,7,complete,yes,
greenhouse,iris,Iris North America,2,2,complete,yes,
greenhouse,ironwoodpharmaceuticals,Ironwood Pharmaceuticals,1,1,complete,yes,
greenhouse,irradianttechnologies,,1,1,complete,yes,
greenhouse,isaac,,0,0,complete,yes,
greenhouse,isaraerospace,Isar Aerospace SE,104,104,complete,yes,
greenhouse,isccareers,,19,19,complete,yes,
greenhouse,isidor,,4,4,complete,yes,
greenhouse,ism,,3,3,complete,yes,
greenhouse,isomorphiclabs,,29,29,complete,yes,
greenhouse,ispottv,,13,13,complete,yes,
greenhouse,itd,,25,25,complete,yes,
greenhouse,iterable,Iterable,0,0,complete,yes,
greenhouse,iterativehealth,,62,62,complete,yes,
greenhouse,itero-group,,6,6,complete,yes,
greenhouse,its,,21,21,complete,yes,
greenhouse,itslogisticsllc,,36,36,complete,yes,
greenhouse,ivalua,,51,51,complete,yes,
greenhouse,ivxhealth,IVX Health,90,90,complete,yes,
greenhouse,iwf,,2,2,complete,yes,
greenhouse,ixllearning,IXL Learning,118,118,complete,yes,
greenhouse,jackpot,Jackpot,1,1,complete,yes,
greenhouse,jadebiosciences,Jade Biosciences,7,7,complete,yes,
greenhouse,jamf,,27,27,complete,yes,
greenhouse,jamfilled,,1,1,complete,yes,
greenhouse,janeasystems,,0,,unreachable,yes,HTTP 404
greenhouse,janestreet,Jane Street,230,230,complete,yes,
greenhouse,janestreetevents,,0,0,complete,yes,
greenhouse,japan,Mirakl - Japan,3,3,complete,yes,
greenhouse,jaydor,,3,3,complete,yes,
greenhouse,jcdecaux,,12,12,complete,yes,
greenhouse,jellyvision,,5,5,complete,yes,
greenhouse,jennikayne,,42,42,complete,yes,
greenhouse,jensenhughes,Jensen Hughes,168,168,complete,yes,
greenhouse,jetsonhome,,56,56,complete,yes,
greenhouse,jfrog,JFrog,62,62,complete,yes,
greenhouse,jjsnackfoods,J&J Snack Foods,108,108,complete,yes,
greenhouse,jobsatphamily,,10,10,complete,yes,
greenhouse,jobsforthefuture,,2,2,complete,yes,
greenhouse,johnmcorcorancompany,,17,17,complete,yes,
greenhouse,joinaffect,,20,20,complete,yes,
greenhouse,joinparadigm,,10,10,complete,yes,
greenhouse,jointqg,,5,5,complete,yes,
greenhouse,jomboymedia,,2,2,complete,yes,
greenhouse,jordanparkgroup,,10,10,complete,yes,
greenhouse,joskoasp,,6,6,complete,yes,
greenhouse,journey,Journey,15,15,complete,yes,
greenhouse,joya,Joya,215,215,complete,yes,
greenhouse,jrmconstructionmanagementllc,,70,70,complete,yes,
greenhouse,jshiddenevents,,20,20,complete,yes,
greenhouse,jukeboxhealth,,28,28,complete,yes,
greenhouse,julieproducts,,1,1,complete,yes,
greenhouse,jumia,Jumia,22,22,complete,yes,
greenhouse,jumio,,30,30,complete,yes,
greenhouse,jumpcrypto,,4,4,complete,yes,
greenhouse,jumptrading,Jump Trading,111,111,complete,yes,
greenhouse,juno,Juno,12,12,complete,yes,
greenhouse,jusbrasil,,14,14,complete,yes,
greenhouse,just-global,,4,4,complete,yes,
greenhouse,justanswer,,11,11,complete,yes,
greenhouse,justfoodcompany,,5,5,complete,yes,
greenhouse,justprotein,,1,1,complete,yes,
greenhouse,justworks,Justworks,95,95,complete,yes,
greenhouse,juullabs,,15,15,complete,yes,
greenhouse,k2spacecorporation,K2 Space,249,249,complete,yes,
greenhouse,kadmos3,,2,2,complete,yes,
greenhouse,kailera,"Kailera Therapeutics, Inc.",19,19,complete,yes,
greenhouse,kairospower,,33,33,complete,yes,
greenhouse,kalcon,,47,47,complete,yes,
greenhouse,kalepa,,28,28,complete,yes,
greenhouse,kallesgroup,,7,7,complete,yes,
greenhouse,kalshi,,28,28,complete,yes,
greenhouse,kano,,1,1,complete,yes,
greenhouse,karat,Karat,10,10,complete,yes,
greenhouse,karbon,Karbon,13,13,complete,yes,
greenhouse,kardfinancialinc,,7,7,complete,yes,
greenhouse,kardigan,Kardigan,33,33,complete,yes,
greenhouse,karya,,15,15,complete,yes,
greenhouse,kasa,,14,14,complete,yes,
greenhouse,kaseya,,96,96,complete,yes,
greenhouse,kasisto,,2,2,complete,yes,
greenhouse,katalyst,,41,41,complete,yes,
greenhouse,katemcleod,,4,4,complete,yes,
greenhouse,kateschwartzphysicaltherapyjobs,,2,2,complete,yes,
greenhouse,kayak,KAYAK,1,1,complete,yes,
greenhouse,kayzen,,10,10,complete,yes,
greenhouse,kbs,Kelso Building Services,34,34,complete,yes,
greenhouse,kcftechnologies,,0,0,complete,yes,
greenhouse,keeleyconstruction,,56,56,complete,yes,
greenhouse,keelinfrastructure,Keel Infrastructure,31,31,complete,yes,
greenhouse,keen,Keen Advisor Questionnaire,1,1,complete,yes,
greenhouse,keepersecurity,,89,89,complete,yes,
greenhouse,kellerpostman,,12,12,complete,yes,
greenhouse,kenjyatrusantgroup,,11,11,complete,yes,
greenhouse,kensingtontours,,23,23,complete,yes,
greenhouse,kentik,,5,5,complete,yes,
greenhouse,keplergroup,,32,32,complete,yes,
greenhouse,kernalbio,,4,4,complete,yes,
greenhouse,keros,Keros Therapeutics,20,20,complete,yes,
greenhouse,ketryx,,13,13,complete,yes,
greenhouse,keyfactorinc,,29,29,complete,yes,
greenhouse,keystone,Keystone,24,24,complete,yes,
greenhouse,khaerospace,,12,12,complete,yes,
greenhouse,khaite,,5,5,complete,yes,
greenhouse,khanacademy,Khan Academy,7,7,complete,yes,
greenhouse,khealthcareers,,19,19,complete,yes,
greenhouse,kiavi,,0,0,complete,yes,
greenhouse,kickstarter,,1,1,complete,yes,
greenhouse,kidscountry,,15,15,complete,yes,
greenhouse,kikoff,,48,48,complete,yes,
greenhouse,kincellbio,,7,7,complete,yes,
greenhouse,kindbridgecorporation,,9,9,complete,yes,
greenhouse,kindsnacks,,4,4,complete,yes,
greenhouse,kinexus,,6,6,complete,yes,
greenhouse,kite,Kite,2,2,complete,yes,
greenhouse,kivaorg,,7,7,complete,yes,
greenhouse,kiwicoinc,,4,4,complete,yes,
greenhouse,klaviyo,Klaviyo,133,133,complete,yes,
greenhouse,knak,,8,8,complete,yes,
greenhouse,knightdivisiontactical,,17,17,complete,yes,
greenhouse,knit,,15,15,complete,yes,
greenhouse,knithealth,,1,1,complete,yes,
greenhouse,knock,,4,4,complete,yes,
greenhouse,knowbe4,KnowBe4,63,63,complete,yes,
greenhouse,knowledgecity,,17,17,complete,yes,
greenhouse,known,,17,17,complete,yes,
greenhouse,koalafi,,13,13,complete,yes,
greenhouse,koboldmetals,,33,33,complete,yes,
greenhouse,koboldmetalsdrc,,10,10,complete,yes,
greenhouse,kodiak,Kodiak,69,69,complete,yes,
greenhouse,kodiaksolutions,,9,9,complete,yes,
greenhouse,koleyjessen,,10,10,complete,yes,
greenhouse,kolmacintegratedbehavioralhealth,,38,38,complete,yes,
greenhouse,komodohealth,,28,28,complete,yes,
greenhouse,konovo,,11,11,complete,yes,
greenhouse,konux,,2,2,complete,yes,
greenhouse,korea,SIE KOREA,1,1,complete,yes,
greenhouse,kostelanetzllp,,0,0,complete,yes,
greenhouse,krafton,,53,53,complete,yes,
greenhouse,kraftonamericas,,3,3,complete,yes,
greenhouse,kraftonindia,,14,14,complete,yes,
greenhouse,kreativekids,,4,4,complete,yes,
greenhouse,krollbondratingagency,,52,52,complete,yes,
greenhouse,kronosresearch,,0,0,complete,yes,
greenhouse,kunai,,15,15,complete,yes,
greenhouse,kuraoncology,Kura Oncology,12,12,complete,yes,
greenhouse,kurosbiosciencesinc,,4,4,complete,yes,
greenhouse,kymberconsultinggroup,,5,5,complete,yes,
greenhouse,kymeratherapeutics,Kymera Therapeutics,29,29,complete,yes,
greenhouse,kyowakirinusa90,,25,25,complete,yes,
greenhouse,la28careers,LA28 (Web),55,55,complete,yes,
greenhouse,labelbox,Labelbox,9,9,complete,yes,
greenhouse,laboratoirertingscom,,5,5,complete,yes,
greenhouse,labviva,,1,1,complete,yes,
greenhouse,lacarguy,,11,11,complete,yes,
greenhouse,ladder33,,2,2,complete,yes,
greenhouse,lakeasbury,,1,1,complete,yes,
greenhouse,lakeforestanimalhospital,,3,3,complete,yes,
greenhouse,lakefrontbiotherapeuticsinc,,4,4,complete,yes,
greenhouse,lakeland,Lakeland Veterinary Hospital,2,2,complete,yes,
greenhouse,lakewood,Lakewood Animal Hospital,4,4,complete,yes,
greenhouse,lambcareers,,3,3,complete,yes,
greenhouse,landdesign,,11,11,complete,yes,
greenhouse,landor,,48,48,complete,yes,
greenhouse,lanesplanes,,12,12,complete,yes,
greenhouse,langanengineeringandenvironmentalservicesllc,Langan Engineering & Environmental Services,520,520,complete,yes,
greenhouse,laportefr,,63,63,complete,yes,
greenhouse,laporteuk,,1,1,complete,yes,
greenhouse,laporteusa,,23,23,complete,yes,
greenhouse,lasenza,,53,53,complete,yes,
greenhouse,lastpass,,14,14,complete,yes,
greenhouse,later,,42,42,complete,yes,
greenhouse,latitude,,37,37,complete,yes,
greenhouse,lattice,Lattice,12,12,complete,yes,
greenhouse,launch2,Launch Potato,36,36,complete,yes,
greenhouse,launchdarkly,LaunchDarkly,59,59,complete,yes,
greenhouse,launchpadtechnologiesinc,,7,7,complete,yes,
greenhouse,lawzero,,14,14,complete,yes,
greenhouse,layerhealth,,16,16,complete,yes,
greenhouse,layerzerolabs,,10,10,complete,yes,
greenhouse,lazarusenterprises,,2,2,complete,yes,
greenhouse,leadingeducators,,2,2,complete,yes,
greenhouse,leaflink,,7,7,complete,yes,
greenhouse,leagueapps,,2,2,complete,yes,
greenhouse,leagueinc,,13,13,complete,yes,
greenhouse,learneo,,3,3,complete,yes,
greenhouse,learningnetwork,,14,14,complete,yes,
greenhouse,learnlux,,19,19,complete,yes,
greenhouse,learnupon,,14,14,complete,yes,
greenhouse,leasingmarkt,,2,2,complete,yes,
greenhouse,ledgy,,12,12,complete,yes,
greenhouse,legalservicesnyc,,19,19,complete,yes,
greenhouse,legatosecurity,,1,1,complete,yes,
greenhouse,legendcareers,,68,68,complete,yes,
greenhouse,legendcareerseu,,26,26,complete,yes,
greenhouse,legion,Legion,16,16,complete,yes,
greenhouse,leit,,5,5,complete,yes,
greenhouse,lemurianlabs,,6,6,complete,yes,
greenhouse,lendingtree,LendingTree,18,18,complete,yes,
greenhouse,lenusehealth,,9,9,complete,yes,
greenhouse,leolabsinc,,28,28,complete,yes,
greenhouse,levanta,,10,10,complete,yes,
greenhouse,levelaccess,,8,8,complete,yes,
greenhouse,leveltenenergy,,3,3,complete,yes,
greenhouse,levelworks,,7,7,complete,yes,
greenhouse,levio,,63,63,complete,yes,
greenhouse,levitate,,7,7,complete,yes,
greenhouse,lex,"Lex Cooling, Heating, Plumbing and Electric",14,14,complete,yes,
greenhouse,lexingtonmedical,,16,16,complete,yes,
greenhouse,lextechglobalservices,,1,1,complete,yes,
greenhouse,lgairesearch,,40,40,complete,yes,
greenhouse,lgelectronics,LG Electronics,133,133,complete,yes,
greenhouse,li-thermal-works,,20,20,complete,yes,
greenhouse,liaisoninternational,,12,12,complete,yes,
greenhouse,liberate,,13,13,complete,yes,
greenhouse,licor,,7,7,complete,yes,
greenhouse,life360,Life360,15,15,complete,yes,
greenhouse,lifelinkiii,,7,7,complete,yes,
greenhouse,lifeskillsautismacademy,,61,61,complete,yes,
greenhouse,lifespanmontessori,,1,1,complete,yes,
greenhouse,lift,LIFT,7,7,complete,yes,
greenhouse,liftoff,Liftoff,23,23,complete,yes,
greenhouse,lig,,0,0,complete,yes,
greenhouse,lightfeatheriollc,,15,15,complete,yes,
greenhouse,lightforceorthodontics,,15,15,complete,yes,
greenhouse,lighthouse,Lighthouse,39,39,complete,yes,
greenhouse,lighthousebehavioralhealthsolutions,,19,19,complete,yes,
greenhouse,lightmatter,,68,68,complete,yes,
greenhouse,lightningai,,54,54,complete,yes,
greenhouse,lightricks,,0,0,complete,yes,
greenhouse,lightspeeddms,,12,12,complete,yes,
greenhouse,lightspeedsystems,,10,10,complete,yes,
greenhouse,lilasciences,Lila Sciences,105,105,complete,yes,
greenhouse,liminalai,,2,2,complete,yes,
greenhouse,lincoln,Lincoln Property Company through LinkedIn,12,12,complete,yes,
greenhouse,lincolninternational,Lincoln International,38,38,complete,yes,
greenhouse,lineate,,3,3,complete,yes,
greenhouse,link,,9,9,complete,yes,
greenhouse,linkedinlimitedpostings,,4,4,complete,yes,
greenhouse,linksquaresinc,,3,3,complete,yes,
greenhouse,linqia,,13,13,complete,yes,
greenhouse,lionsheadprecisionmetals,,5,5,complete,yes,
greenhouse,liontree,,1,1,complete,yes,
greenhouse,liquiddeath,,0,0,complete,yes,
greenhouse,lirio,,2,2,complete,yes,
greenhouse,lisc,,11,11,complete,yes,
greenhouse,lithic,Lithic,11,11,complete,yes,
greenhouse,litify,,12,12,complete,yes,
greenhouse,litmos,,13,13,complete,yes,
greenhouse,littlewordsproject,,18,18,complete,yes,
greenhouse,livefront,,21,21,complete,yes,
greenhouse,lively43,,3,3,complete,yes,
greenhouse,liveparalleljobs,,33,33,complete,yes,
greenhouse,liveperson,LivePerson,3,3,complete,yes,
greenhouse,liveviewtechnologiesinc,,0,,unreachable,yes,HTTP 404
greenhouse,localcoin,,5,5,complete,yes,
greenhouse,localitymediallcdbafirstdue,,18,18,complete,yes,
greenhouse,lockwood,,47,47,complete,yes,
greenhouse,locusrobotics,,5,5,complete,yes,
greenhouse,loenbro,Loenbro,366,366,complete,yes,
greenhouse,loftfederal,,16,16,complete,yes,
greenhouse,logicalintelligence,,3,3,complete,yes,
greenhouse,logicgate,,17,17,complete,yes,
greenhouse,logos,,3,3,complete,yes,
greenhouse,lokainc,,14,14,complete,yes,
greenhouse,lokalise,,4,4,complete,yes,
greenhouse,london,Aimé Leon Dore EU,3,3,complete,yes,
greenhouse,looneyrickskiss,,8,8,complete,yes,
greenhouse,loonshotgames,,22,22,complete,yes,
greenhouse,lottebiologicsusallc,,9,9,complete,yes,
greenhouse,lovable,,61,61,complete,yes,
greenhouse,loyal36,,5,5,complete,yes,
greenhouse,lp-professionalstaff,,6,6,complete,yes,
greenhouse,lpc,Lincoln Property Company,129,129,complete,yes,
greenhouse,lpl,Little People's Landing,11,11,complete,yes,
greenhouse,ltkuk,,4,4,complete,yes,
greenhouse,lucanetgroup,,30,30,complete,yes,
greenhouse,lucidbots,,3,3,complete,yes,
greenhouse,lucidmotors,Lucid Motors,437,437,complete,yes,
greenhouse,lucidsoftware,,27,27,complete,yes,
greenhouse,luckybeverageco,,0,0,complete,yes,
greenhouse,ludorobotics,,5,5,complete,yes,
greenhouse,lumbermens,,45,45,complete,yes,
greenhouse,lumimeds,,34,34,complete,yes,
greenhouse,luminaryhospice,,67,67,complete,yes,
greenhouse,luminishealth,Luminis Health,393,393,complete,yes,
greenhouse,lumosassociates,,15,15,complete,yes,
greenhouse,lumosfiber,,21,21,complete,yes,
greenhouse,lunarenergy,,23,23,complete,yes,
greenhouse,luno,,2,2,complete,yes,
greenhouse,lush,Lush Handmade Cosmetics,327,327,complete,yes,
greenhouse,lusternational,,84,84,complete,yes,
greenhouse,lyellimmunopharma,Lyell Immunopharma,10,10,complete,yes,
greenhouse,lyft,Lyft,192,192,complete,yes,
greenhouse,lynxanalytics,,10,10,complete,yes,
greenhouse,lyratechgroup,,15,15,complete,yes,
greenhouse,m0dbathenextthingltd,,2,2,complete,yes,
greenhouse,m3,M3,10,10,complete,yes,
greenhouse,m9solutions,,46,46,complete,yes,
greenhouse,mabl,,3,3,complete,yes,
greenhouse,machinifyinc,,50,50,complete,yes,
greenhouse,mackaysposito,,45,45,complete,yes,
greenhouse,madano,,3,3,complete,yes,
greenhouse,maddoxindustrialtransformer,,29,29,complete,yes,
greenhouse,madisonlogicinc,,12,12,complete,yes,
greenhouse,madisonreedcolorbar,Madison Reed,99,99,complete,yes,
greenhouse,magicleap,,0,,unreachable,yes,HTTP 404
greenhouse,magnolia,Magnolia,20,20,complete,yes,
greenhouse,mainstreethealth,,6,6,complete,yes,
greenhouse,make,,7,7,complete,yes,
greenhouse,makeawishamerica,,6,6,complete,yes,
greenhouse,mako,Mako,8,8,complete,yes,
greenhouse,malbon,,12,12,complete,yes,
greenhouse,mammothbrands,,19,19,complete,yes,
greenhouse,mandm,,4,4,complete,yes,
greenhouse,manifest,,4,4,complete,yes,
greenhouse,manifoldai,,4,4,complete,yes,
greenhouse,manifoldbio,,7,7,complete,yes,
greenhouse,manscaped,,5,5,complete,yes,
greenhouse,mantis,Mantis,6,6,complete,yes,
greenhouse,mantrahealth,,13,13,complete,yes,
greenhouse,manychat,,0,0,complete,yes,
greenhouse,map,,73,73,complete,yes,
greenhouse,maplighttherapeutics,MapLight Therapeutics,5,5,complete,yes,
greenhouse,maravailifesciences,Maravai LifeSciences,12,12,complete,yes,
greenhouse,margaux,,2,2,complete,yes,
greenhouse,mariadbplc,,23,23,complete,yes,
greenhouse,mark43,,31,31,complete,yes,
greenhouse,markforged,,3,3,complete,yes,
greenhouse,markmorrisdancegroup,,3,3,complete,yes,
greenhouse,marksman,Marksman Security LLC,193,193,complete,yes,
greenhouse,marqeta,Marqeta,0,,unreachable,yes,HTTP 404
greenhouse,marqvision,,16,16,complete,yes,
greenhouse,marscousg,,5,5,complete,yes,
greenhouse,martellgrowthsolutions,,10,10,complete,yes,
greenhouse,marvelfusion,,13,13,complete,yes,
greenhouse,massarcapital,,6,6,complete,yes,
greenhouse,masterclass,,5,5,complete,yes,
greenhouse,mastercontrol,,8,8,complete,yes,
greenhouse,materialbank,,14,14,complete,yes,
greenhouse,matherheadquarters,,4,4,complete,yes,
greenhouse,matherintysons,,16,16,complete,yes,
greenhouse,matherplace,,4,4,complete,yes,
greenhouse,mathersplendido,,10,10,complete,yes,
greenhouse,matic,,10,10,complete,yes,
greenhouse,matik,,1,1,complete,yes,
greenhouse,matteprojects,,13,13,complete,yes,
greenhouse,mattermost,,14,14,complete,yes,
greenhouse,mavenclinic,,37,37,complete,yes,
greenhouse,mavenclinicproviders,,5,5,complete,yes,
greenhouse,mavenrobotics,,18,18,complete,yes,
greenhouse,mavensecuritiesholdingltd,,43,43,complete,yes,
greenhouse,maxcessinternational,,29,29,complete,yes,
greenhouse,maxmanufacturingcareers,,2,2,complete,yes,
greenhouse,maymobility,,40,40,complete,yes,
greenhouse,mazetherapeutics,Maze Therapeutics,16,16,complete,yes,
greenhouse,mbarecruitingcra,,2,2,complete,yes,
greenhouse,mbooth,,29,29,complete,yes,
greenhouse,mboothhealth,,5,5,complete,yes,
greenhouse,mbxbiosciences,MBX Biosciences,12,12,complete,yes,
greenhouse,mcadams,McAdams,88,88,complete,yes,
greenhouse,mcclureoilcorporation,McClure Oil Corporation,91,91,complete,yes,
greenhouse,mcghealth,,8,8,complete,yes,
greenhouse,mcneeswallacenurickllc,,17,17,complete,yes,
greenhouse,mechanicallicensingcollective,,3,3,complete,yes,
greenhouse,medeanalytics,,2,2,complete,yes,
greenhouse,medelitellc,"MedElite Group, LLC.",468,468,complete,yes,
greenhouse,medeloop,,1,1,complete,yes,
greenhouse,mediaalpha,MediaAlpha,9,9,complete,yes,
greenhouse,mediabrands,Omnicom Media,216,216,complete,yes,
greenhouse,mediasmart,,2,2,complete,yes,
greenhouse,medicalinformaticsengineering,,6,6,complete,yes,
greenhouse,medier,,1,1,complete,yes,
greenhouse,medispend,,6,6,complete,yes,
greenhouse,medistrava,,2,2,complete,yes,
greenhouse,meditelecare,,0,,unreachable,yes,HTTP 404
greenhouse,medium,Medium,1,1,complete,yes,
greenhouse,medrio,,2,2,complete,yes,
greenhouse,medsien,,22,22,complete,yes,
greenhouse,mejuri,Mejuri,164,164,complete,yes,
greenhouse,melio,,20,20,complete,yes,
greenhouse,memic,,5,5,complete,yes,
greenhouse,memoryblue,,24,24,complete,yes,
greenhouse,mendaerainc,,5,5,complete,yes,
greenhouse,mentalhealthcenterofdenver,,43,43,complete,yes,
greenhouse,mentegroup,,6,6,complete,yes,
greenhouse,mentimeter,Mentimeter,17,17,complete,yes,
greenhouse,mercari,Mercari,0,0,complete,yes,
greenhouse,merceradvisors,Mercer Advisors,90,90,complete,yes,
greenhouse,merchantsfleetmanagement,,5,5,complete,yes,
greenhouse,mercury,Mercury,61,61,complete,yes,
greenhouse,mercyforanimals,,1,1,complete,yes,
greenhouse,mergeworld,,28,28,complete,yes,
greenhouse,meridianpartners,,2,2,complete,yes,
greenhouse,meritamerica,,1,1,complete,yes,
greenhouse,meriton,,29,29,complete,yes,
greenhouse,meruhealth,,1,1,complete,yes,
greenhouse,mesh,Mesh,15,15,complete,yes,
greenhouse,meshopticaltechnologies,,29,29,complete,yes,
greenhouse,metalab,,4,4,complete,yes,
greenhouse,method,Method Financial,0,0,complete,yes,
greenhouse,methodco,,73,73,complete,yes,
greenhouse,metisinc,,5,5,complete,yes,
greenhouse,metoxinternationalinc,,11,11,complete,yes,
greenhouse,metro,METRO /ADR,0,0,complete,yes,
greenhouse,metron,,17,17,complete,yes,
greenhouse,metropolis,,88,88,complete,yes,
greenhouse,metropolitancommercialbank,,11,11,complete,yes,
greenhouse,mettel,,17,17,complete,yes,
greenhouse,mgproperties,,50,50,complete,yes,
greenhouse,mhi,,20,20,complete,yes,
greenhouse,michaelanthonycontractingcorp,,4,4,complete,yes,
greenhouse,microblink,,3,3,complete,yes,
greenhouse,midihealth,,43,43,complete,yes,
greenhouse,midpenhousing,,37,37,complete,yes,
greenhouse,midpointmarkets,,3,3,complete,yes,
greenhouse,mighty,,1,1,complete,yes,
greenhouse,mightynetworks,,2,2,complete,yes,
greenhouse,mill,Mill,31,31,complete,yes,
greenhouse,millerremick,,7,7,complete,yes,
greenhouse,millervein,,9,9,complete,yes,
greenhouse,mindbody,,24,24,complete,yes,
greenhouse,mindgrub,,3,3,complete,yes,
greenhouse,mindgym,,0,,unreachable,yes,HTTP 404
greenhouse,mineralystherapeutics,Mineralys Therapeutics,39,39,complete,yes,
greenhouse,minimal,,1,1,complete,yes,
greenhouse,minio,,17,17,complete,yes,
greenhouse,minitab,,15,15,complete,yes,
greenhouse,minno,,4,4,complete,yes,
greenhouse,mintel,,22,22,complete,yes,
greenhouse,miopartners,,8,8,complete,yes,
greenhouse,miqdigital,,49,49,complete,yes,
greenhouse,mirakl,,26,26,complete,yes,
greenhouse,mirakllabs,,29,29,complete,yes,
greenhouse,miris,,8,8,complete,yes,
greenhouse,mirumpharmaceuticals,Mirum Pharmaceuticals,77,77,complete,yes,
greenhouse,misfitsmarket,Misfits Market,74,74,complete,yes,
greenhouse,mishimoto,,0,,unreachable,yes,HTTP 404
greenhouse,missionhealthcare,Mission Healthcare,153,153,complete,yes,
greenhouse,missionlane,,17,17,complete,yes,
greenhouse,mississippititleloansinc,,3,3,complete,yes,
greenhouse,missourititleloansinc,,7,7,complete,yes,
greenhouse,mithril,,3,3,complete,yes,
greenhouse,mitratech,,15,15,complete,yes,
greenhouse,mitsogoinc,,38,38,complete,yes,
greenhouse,mitsubishimotorsna,,7,7,complete,yes,
greenhouse,mixpanel,Mixpanel,63,63,complete,yes,
greenhouse,mizzenandmain,,20,20,complete,yes,
greenhouse,mlbnetwork,,8,8,complete,yes,
greenhouse,mntn,MNTN,22,22,complete,yes,
greenhouse,mobentertainment,,9,9,complete,yes,
greenhouse,mobi,,0,,unreachable,yes,HTTP 404
greenhouse,mobiik,,11,11,complete,yes,
greenhouse,mobilityware,,5,5,complete,yes,
greenhouse,mochihealth,,13,13,complete,yes,
greenhouse,modemobile,,22,22,complete,yes,
greenhouse,modenaallergyasthma,,35,35,complete,yes,
greenhouse,moderawealthmanagement,,8,8,complete,yes,
greenhouse,modernanimal,Modern Animal,92,92,complete,yes,
greenhouse,modernhealth,,11,11,complete,yes,
greenhouse,modulrfinance,,26,26,complete,yes,
greenhouse,mogli,,2,2,complete,yes,
greenhouse,mojangab,,2,2,complete,yes,
greenhouse,moloco,,41,41,complete,yes,
greenhouse,momence,,1,1,complete,yes,
greenhouse,momentenergy,,19,19,complete,yes,
greenhouse,momentous,,6,6,complete,yes,
greenhouse,momentumfinancialservicesgroup,,20,20,complete,yes,
greenhouse,momentus,Momentus Space LLC,8,8,complete,yes,
greenhouse,monetserviceinc,,4,4,complete,yes,
greenhouse,moneyherogroup,,16,16,complete,yes,
greenhouse,moneymart,Money Mart,94,94,complete,yes,
greenhouse,moneysmart,,12,12,complete,yes,
greenhouse,mongodb,MongoDB,390,390,complete,yes,
greenhouse,moniepoint,Moniepoint,150,150,complete,yes,
greenhouse,monks,Monks,383,383,complete,yes,
greenhouse,monocl,,1,1,complete,yes,
greenhouse,monsterenergy,Monster Energy,148,148,complete,yes,
greenhouse,monstro,,5,5,complete,yes,
greenhouse,montaihealth,,1,1,complete,yes,
greenhouse,monumentalsports,,46,46,complete,yes,
greenhouse,monumentsoftwareinc,,2,2,complete,yes,
greenhouse,monzo,,71,71,complete,yes,
greenhouse,monzoreferrals,,19,19,complete,yes,
greenhouse,moodhealth,Mood Health,58,58,complete,yes,
greenhouse,moon,,7,7,complete,yes,
greenhouse,moonlite,,4,4,complete,yes,
greenhouse,morganmorganjobsapplynow,"Morgan & Morgan, P.A.",415,415,complete,yes,
greenhouse,morrisonmaierle,,61,61,complete,yes,
greenhouse,mos,,2,2,complete,yes,
greenhouse,mossnewyorkllc,,16,16,complete,yes,
greenhouse,motifneurotech,,3,3,complete,yes,
greenhouse,motional,Motional,74,74,complete,yes,
greenhouse,motive,Motive,7,7,complete,yes,
greenhouse,motivity,,2,2,complete,yes,
greenhouse,movableink,,37,37,complete,yes,
greenhouse,movementstrategy,,5,5,complete,yes,
greenhouse,moversshakers,,17,17,complete,yes,
greenhouse,mozilla,Mozilla,90,90,complete,yes,
greenhouse,mqreferrals,,0,,unreachable,yes,HTTP 404
greenhouse,mrapplecareers,,8,8,complete,yes,
greenhouse,mrbeastyoutube,MrBeast,93,93,complete,yes,
greenhouse,msfcareers,,6,6,complete,yes,
greenhouse,mthreerecruitingportal,,57,57,complete,yes,
greenhouse,muckrack,,12,12,complete,yes,
greenhouse,mullins,,62,62,complete,yes,
greenhouse,muonspace,Muon Space,141,141,complete,yes,
greenhouse,murad,,2,2,complete,yes,
greenhouse,murj,,2,2,complete,yes,
greenhouse,mwamevents,,11,11,complete,yes,
greenhouse,mwinternshipprogram,,7,7,complete,yes,
greenhouse,mx51,,0,0,complete,yes,
greenhouse,mxtechnologiesinc,,12,12,complete,yes,
greenhouse,myfitnesspal,,10,10,complete,yes,
greenhouse,myfundedfutures,,10,10,complete,yes,
greenhouse,myriad360,,72,72,complete,yes,
greenhouse,n2co,,5,5,complete,yes,
greenhouse,n2publishingglassdoor,The N2 Company,192,192,complete,yes,
greenhouse,nabis,,24,24,complete,yes,
greenhouse,nadiacare,,19,19,complete,yes,
greenhouse,nakedfarmer,,72,72,complete,yes,
greenhouse,nametag,,16,16,complete,yes,
greenhouse,nanit,,7,7,complete,yes,
greenhouse,nanopathinc,,9,9,complete,yes,
greenhouse,nansen,,1,1,complete,yes,
greenhouse,narvar,,4,4,complete,yes,
greenhouse,nascompany,,5,5,complete,yes,
greenhouse,nashvillezoo,,25,25,complete,yes,
greenhouse,natera,Natera,200,200,complete,yes,
greenhouse,national,NATIONAL,4,4,complete,yes,
greenhouse,nationalbusinesscapital,,2,2,complete,yes,
greenhouse,nationallifeinsurancecompany,,95,95,complete,yes,
greenhouse,nationallutheraninc,,54,54,complete,yes,
greenhouse,nationalpublicradioinc,,18,18,complete,yes,
greenhouse,naughtydog,,15,15,complete,yes,
greenhouse,navapbc,,11,11,complete,yes,
greenhouse,navierai,,2,2,complete,yes,
greenhouse,navierboat,,0,,unreachable,yes,HTTP 404
greenhouse,navvis,,31,31,complete,yes,
greenhouse,nayya,,4,4,complete,yes,
greenhouse,nearform,,23,23,complete,yes,
greenhouse,nearfoundation,,0,0,complete,yes,
greenhouse,nearspacelabs,,1,1,complete,yes,
greenhouse,nebius,Nebius,364,364,complete,yes,
greenhouse,neda,,13,13,complete,yes,
greenhouse,neo4j,,66,66,complete,yes,
greenhouse,neocol,,4,4,complete,yes,
greenhouse,neocybernetica,,1,1,complete,yes,
greenhouse,neonaerospace,,12,12,complete,yes,
greenhouse,neoris,,0,,unreachable,yes,HTTP 404
greenhouse,neptunemedical,,12,12,complete,yes,
greenhouse,nerostechnologies,,103,103,complete,yes,
greenhouse,netbrain,,43,43,complete,yes,
greenhouse,netdocuments,,13,13,complete,yes,
greenhouse,neteasegames,,30,30,complete,yes,
greenhouse,netlify,Netlify,5,5,complete,yes,
greenhouse,netradyne,,24,24,complete,yes,
greenhouse,netsage,,36,36,complete,yes,
greenhouse,netskope,Netskope,150,150,complete,yes,
greenhouse,neuehealth,,7,7,complete,yes,
greenhouse,neumora,Neumora,0,0,complete,yes,
greenhouse,neuraflash,,75,75,complete,yes,
greenhouse,neurahealth,,7,7,complete,yes,
greenhouse,neuralink,,82,82,complete,yes,
greenhouse,neuropace,NeuroPace,11,11,complete,yes,
greenhouse,nevadatitleandpaydayloansinc,,0,0,complete,yes,
greenhouse,new,New Relic,1,1,complete,yes,
greenhouse,newarkacademy,,6,6,complete,yes,
greenhouse,newengeninc,,16,16,complete,yes,
greenhouse,neweratech,,79,79,complete,yes,
greenhouse,newlabcareers,,4,4,complete,yes,
greenhouse,newleafenergy,,19,19,complete,yes,
greenhouse,newlimit,,12,12,complete,yes,
greenhouse,newrelic,New Relic,47,47,complete,yes,
greenhouse,newsbreak,,58,58,complete,yes,
greenhouse,newsela,,14,14,complete,yes,
greenhouse,newsrevenuehub,,1,1,complete,yes,
greenhouse,newsweek,,21,21,complete,yes,
greenhouse,newton,Newton Golf,2,2,complete,yes,
greenhouse,nex,,64,64,complete,yes,
greenhouse,nexhealth,,61,61,complete,yes,
greenhouse,nextdoor,Nextdoor,19,19,complete,yes,
greenhouse,nextinsurance66,,30,30,complete,yes,
greenhouse,nextrollinc,,3,3,complete,yes,
greenhouse,nexus,CGS Nexus,1,1,complete,yes,
greenhouse,nflcareers,,41,41,complete,yes,
greenhouse,ngmbiopharmaceuticals,,0,0,complete,yes,
greenhouse,nice,NICE,180,180,complete,yes,
greenhouse,nichecom,,8,8,complete,yes,
greenhouse,nift,,12,12,complete,yes,
greenhouse,nimblerobotics,,38,38,complete,yes,
greenhouse,nimbus,,0,0,complete,yes,
greenhouse,ninedotholdingsinc,,6,6,complete,yes,
greenhouse,ninjatrader,,21,21,complete,yes,
greenhouse,ninjatradercontractors,,0,0,complete,yes,
greenhouse,nisc,,39,39,complete,yes,
greenhouse,nitricity,,1,1,complete,yes,
greenhouse,nkarta,Nkarta Testing Job Board,1,1,complete,yes,
greenhouse,nlcventures,,6,6,complete,yes,
greenhouse,nmcareers,,1,1,complete,yes,
greenhouse,nmi,NMI,17,17,complete,yes,
greenhouse,noah,North Oatlands Animal Hospital,5,5,complete,yes,
greenhouse,noahmedical,,5,5,complete,yes,
greenhouse,nobuhoteltoronto,,1,1,complete,yes,
greenhouse,noctrixhealth,,15,15,complete,yes,
greenhouse,noctuatechnology,,11,11,complete,yes,
greenhouse,nomina,,2,2,complete,yes,
greenhouse,nonprofitfinancefund,,4,4,complete,yes,
greenhouse,noomgrowth,,10,10,complete,yes,
greenhouse,northbeam,,25,25,complete,yes,
greenhouse,northern911,,2,2,complete,yes,
greenhouse,northmarq,,29,29,complete,yes,
greenhouse,northpointrecoveryholdingsllc,,57,57,complete,yes,
greenhouse,northpointtechnology,North Point Technology,112,112,complete,yes,
greenhouse,northspyre,,8,8,complete,yes,
greenhouse,northwestadministratorsinc,,7,7,complete,yes,
greenhouse,notexternal,,7,7,complete,yes,
greenhouse,nothing,,9,9,complete,yes,
greenhouse,nova401,,23,23,complete,yes,
greenhouse,novacredit,,8,8,complete,yes,
greenhouse,novoed,,2,2,complete,yes,
greenhouse,noyocareers,,1,1,complete,yes,
greenhouse,nozominetworks,,21,21,complete,yes,
greenhouse,ntconcepts,,14,14,complete,yes,
greenhouse,nuancelabs,,9,9,complete,yes,
greenhouse,nucleus,,23,23,complete,yes,
greenhouse,numa,,8,8,complete,yes,
greenhouse,numagroupgmbh,,15,15,complete,yes,
greenhouse,numerix,,6,6,complete,yes,
greenhouse,nurix,Nurix,43,43,complete,yes,
greenhouse,nuro,Nuro,102,102,complete,yes,
greenhouse,nutrafol,,12,12,complete,yes,
greenhouse,nutscom,,13,13,complete,yes,
greenhouse,nuvem,,32,32,complete,yes,
greenhouse,nve,NVE Experience Agency,16,16,complete,yes,
greenhouse,nycedc,,29,29,complete,yes,
greenhouse,nysonian,,33,33,complete,yes,
greenhouse,o2epcminc,,11,11,complete,yes,
greenhouse,oafkenya,,13,13,complete,yes,
greenhouse,oasis,Oasis Physical Therapy,19,19,complete,yes,
greenhouse,oasishealthpartners,,5,5,complete,yes,
greenhouse,oasissecurity,,0,0,complete,yes,
greenhouse,oath,oath,4,4,complete,yes,
greenhouse,obexp,,16,16,complete,yes,
greenhouse,obrienveterinarygroup,,19,19,complete,yes,
greenhouse,observeai,,12,12,complete,yes,
greenhouse,obsidiansecurity,,17,17,complete,yes,
greenhouse,obsidiantherapeutics,Obsidian Therapeutics,7,7,complete,yes,
greenhouse,oceanx,,8,8,complete,yes,
greenhouse,ocrolusinc,,6,6,complete,yes,
greenhouse,octanelending,,9,9,complete,yes,
greenhouse,octaura,,7,7,complete,yes,
greenhouse,octave,Octave,25,25,complete,yes,
greenhouse,octus,,36,36,complete,yes,
greenhouse,oculartherapeutix,Ocular Therapeutix,17,17,complete,yes,
greenhouse,oddball,,8,8,complete,yes,
greenhouse,odeko,,21,21,complete,yes,
greenhouse,odlesalescareers,,1,1,complete,yes,
greenhouse,offerup,,7,7,complete,yes,
greenhouse,offerzen,,4,4,complete,yes,
greenhouse,officehours,,6,6,complete,yes,
greenhouse,officespacesoftware,,16,16,complete,yes,
greenhouse,offshorelaunch,,6,6,complete,yes,
greenhouse,ogilvyhealthuk,,4,4,complete,yes,
greenhouse,ogilvyhealthusa,,16,16,complete,yes,
greenhouse,ogilvymena,,10,10,complete,yes,
greenhouse,ogroup,,31,31,complete,yes,
greenhouse,ohalogenetics,,14,14,complete,yes,
greenhouse,ohio,OH.io,5,5,complete,yes,
greenhouse,oklo,Oklo,76,76,complete,yes,
greenhouse,okta,Okta,368,368,complete,yes,
greenhouse,okx,OKX,328,328,complete,yes,
greenhouse,olaplexcareers,,8,8,complete,yes,
greenhouse,oldcastlebuildingenvelope,Oldcastle BuildingEnvelope,194,194,complete,yes,
greenhouse,olema,Olema Oncology,19,19,complete,yes,
greenhouse,olipop,,11,11,complete,yes,
greenhouse,olivai,,2,2,complete,yes,
greenhouse,oliver,,59,59,complete,yes,
greenhouse,oliverseapac,,46,46,complete,yes,
greenhouse,oliverusa,,12,12,complete,yes,
greenhouse,olly,,11,11,complete,yes,
greenhouse,olsson,Olsson,415,415,complete,yes,
greenhouse,olympusproperty,,47,47,complete,yes,
greenhouse,omadahealth,Omada Health,17,17,complete,yes,
greenhouse,omidyarnetwork,,1,1,complete,yes,
greenhouse,omnicomhealth,,18,18,complete,yes,
greenhouse,onapsis,,5,5,complete,yes,
greenhouse,onbe,,17,17,complete,yes,
greenhouse,oncoverycare,,5,5,complete,yes,
greenhouse,oneacrefund,,51,51,complete,yes,
greenhouse,oneacrefundethiopia,,4,4,complete,yes,
greenhouse,oneacrefundglobal,,3,3,complete,yes,
greenhouse,oneacrefundmalawi,,1,1,complete,yes,
greenhouse,oneacrefundnigeria,,2,2,complete,yes,
greenhouse,oneacrefundrwanda,,8,8,complete,yes,
greenhouse,oneacrefundtanzania,,1,1,complete,yes,
greenhouse,oneacrefunduganda,,3,3,complete,yes,
greenhouse,oneimaging,,15,15,complete,yes,
greenhouse,onemedical,One Medical,406,406,complete,yes,
greenhouse,onenergy,,59,59,complete,yes,
greenhouse,oneoncology,OneOncology,149,149,complete,yes,
greenhouse,onepath,,7,7,complete,yes,
greenhouse,oneproject,,1,1,complete,yes,
greenhouse,onesixsolutions27,,7,7,complete,yes,
greenhouse,onespan,OneSpan,25,25,complete,yes,
greenhouse,onetrust,OneTrust,90,90,complete,yes,
greenhouse,onevest,,3,3,complete,yes,
greenhouse,onexgeneral,,2,2,complete,yes,
greenhouse,onnitlabs,,1,1,complete,yes,
greenhouse,onrunning,On,232,232,complete,yes,
greenhouse,onxmaps,,22,22,complete,yes,
greenhouse,ooma,Ooma,9,9,complete,yes,
greenhouse,openap,,0,0,complete,yes,
greenhouse,opencoreventures,,4,4,complete,yes,
greenhouse,openeye,,15,15,complete,yes,
greenhouse,openfx,,41,41,complete,yes,
greenhouse,opensesame,,20,20,complete,yes,
greenhouse,openspace,,4,4,complete,yes,
greenhouse,opentable,OpenTable,99,99,complete,yes,
greenhouse,openwork,,13,13,complete,yes,
greenhouse,openzeppelin,,6,6,complete,yes,
greenhouse,operationscareers,,26,26,complete,yes,
greenhouse,ophelia,,15,15,complete,yes,
greenhouse,oportun,Oportun,37,37,complete,yes,
greenhouse,opploans,,5,5,complete,yes,
greenhouse,opswat,OPSWAT,101,101,complete,yes,
greenhouse,optimadermatologycareers,,22,22,complete,yes,
greenhouse,optimal,,1,1,complete,yes,
greenhouse,optimalcare,,36,36,complete,yes,
greenhouse,optimaldynamics,,3,3,complete,yes,
greenhouse,optimove,,18,18,complete,yes,
greenhouse,oralsurgerypartners,,49,49,complete,yes,
greenhouse,orangetwist,,21,21,complete,yes,
greenhouse,orca,Orca Security,2,2,complete,yes,
greenhouse,orcasecurity,Orca Security,10,10,complete,yes,
greenhouse,orchard,orchard,26,26,complete,yes,
greenhouse,orchestra,Orchestra,33,33,complete,yes,
greenhouse,ordergroove,Ordergroove,8,8,complete,yes,
greenhouse,orderly,,14,14,complete,yes,
greenhouse,orennia,,6,6,complete,yes,
greenhouse,oriongroup,,12,12,complete,yes,
greenhouse,orium,,2,2,complete,yes,
greenhouse,orkes,,19,19,complete,yes,
greenhouse,orthodonticpartners,,1,1,complete,yes,
greenhouse,orthosportsmedphysicaltherapyjobs,,3,3,complete,yes,
greenhouse,oruka,Oruka Therapeutics,17,17,complete,yes,
greenhouse,osano,,12,12,complete,yes,
greenhouse,oscar,Oscar Health,246,246,complete,yes,
greenhouse,oshihealth,,5,5,complete,yes,
greenhouse,osmosis,,7,7,complete,yes,
greenhouse,ossiumhealth,,7,7,complete,yes,
greenhouse,otrcapital1,,9,9,complete,yes,
greenhouse,otter,Otter ai,24,24,complete,yes,
greenhouse,otterai,Otter ai,23,23,complete,yes,
greenhouse,otterbein,Otterbein SeniorLife,167,167,complete,yes,
greenhouse,ouihelp,Ouihelp,706,706,complete,yes,
greenhouse,oulahealth,,15,15,complete,yes,
greenhouse,ounceofcare,,5,5,complete,yes,
greenhouse,oura,Ōura,80,80,complete,yes,
greenhouse,ourgroup,,15,15,complete,yes,
greenhouse,outerspace,,5,5,complete,yes,
greenhouse,outpostspace,,17,17,complete,yes,
greenhouse,outrider,,9,9,complete,yes,
greenhouse,outschool,,0,,unreachable,yes,HTTP 404
greenhouse,outsetmedical,Outset Medical,30,30,complete,yes,
greenhouse,outshine,,2,2,complete,yes,
greenhouse,overline,,0,0,complete,yes,
greenhouse,overstory,,10,10,complete,yes,
greenhouse,owenscompaniesasp,,2,2,complete,yes,
greenhouse,ownwell,,13,13,complete,yes,
greenhouse,pacaso,,5,5,complete,yes,
greenhouse,pacificfusion,,28,28,complete,yes,
greenhouse,pacificlegalfoundation,,7,7,complete,yes,
greenhouse,packardculliganwater,,25,25,complete,yes,
greenhouse,pacnyc,,3,3,complete,yes,
greenhouse,pacvue,,22,22,complete,yes,
greenhouse,pagaya,Pagaya,15,15,complete,yes,
greenhouse,pagayais,,8,8,complete,yes,
greenhouse,pagerduty,PagerDuty,53,53,complete,yes,
greenhouse,pagerhealth,,1,1,complete,yes,
greenhouse,pairteam,,19,19,complete,yes,
greenhouse,pallet,,23,23,complete,yes,
greenhouse,palmetto,Palmetto Animal Hospital,1,1,complete,yes,
greenhouse,palmettocleantech,,18,18,complete,yes,
greenhouse,pandadoc,PandaDoc,10,10,complete,yes,
greenhouse,pandvil,,3,3,complete,yes,
greenhouse,pansophiclearning,,4,4,complete,yes,
greenhouse,panthalassa,,40,40,complete,yes,
greenhouse,pantheon,"Pantheon Systems, Inc",20,20,complete,yes,
greenhouse,pantheonpublic,,12,12,complete,yes,
greenhouse,papa,Papa,3,3,complete,yes,
greenhouse,paperlessparts,,15,15,complete,yes,
greenhouse,parabilismed,,20,20,complete,yes,
greenhouse,parachutehealth,,15,15,complete,yes,
greenhouse,parachutehome,,11,11,complete,yes,
greenhouse,paradigm,Paradigm,1,1,complete,yes,
greenhouse,parallel,,19,19,complete,yes,
greenhouse,parallellearning,,21,21,complete,yes,
greenhouse,paretocaptiveservicesllc,,19,19,complete,yes,
greenhouse,parloa,,50,50,complete,yes,
greenhouse,parrishdevaughn,,3,3,complete,yes,
greenhouse,parsecautomationcorp,,7,7,complete,yes,
greenhouse,parsleyhealth,,8,8,complete,yes,
greenhouse,particle41llc,,27,27,complete,yes,
greenhouse,partnerize,,13,13,complete,yes,
greenhouse,passportbranddesign,,4,4,complete,yes,
greenhouse,patch,Patch,7,7,complete,yes,
greenhouse,pathrobotics,,45,45,complete,yes,
greenhouse,pathstream,,6,6,complete,yes,
greenhouse,pathward,"Pathward, N.A.",56,56,complete,yes,
greenhouse,pathwaysforlife,,12,12,complete,yes,
greenhouse,patientpoint,,33,33,complete,yes,
greenhouse,patterndata,,4,4,complete,yes,
greenhouse,paveakatroveinformationtechnologies,,17,17,complete,yes,
greenhouse,pawapay,,3,3,complete,yes,
greenhouse,paxlabs,,7,7,complete,yes,
greenhouse,pay2dc,,10,10,complete,yes,
greenhouse,payhawkio,,49,49,complete,yes,
greenhouse,paynearmeinc,,10,10,complete,yes,
greenhouse,payoneer,Payoneer,106,106,complete,yes,
greenhouse,paypay,PayPay,84,84,complete,yes,
greenhouse,paypaycard,,37,37,complete,yes,
greenhouse,paystand,,13,13,complete,yes,
greenhouse,paytient,,2,2,complete,yes,
greenhouse,pcm,"Connor, Clark & Lunn Private Capital Ltd.",15,15,complete,yes,
greenhouse,pdi,,18,18,complete,yes,
greenhouse,pdtpartners,,10,10,complete,yes,
greenhouse,peachpilot,,2,2,complete,yes,
greenhouse,peak,Peak Physical Therapy - Upstream,51,51,complete,yes,
greenhouse,peakenergy,,38,38,complete,yes,
greenhouse,pearceservices,Pearce Services,147,147,complete,yes,
greenhouse,pei,,4,4,complete,yes,
greenhouse,pelago,,15,15,complete,yes,
greenhouse,peloton,Peloton,57,57,complete,yes,
greenhouse,pendo,Pendo,23,23,complete,yes,
greenhouse,penninteractive,,40,40,complete,yes,
greenhouse,peptilogics,,3,3,complete,yes,
greenhouse,peregrinetechnologies,Peregrine Technologies,91,91,complete,yes,
greenhouse,perfectserve,,12,12,complete,yes,
greenhouse,perform-careers,,7,7,complete,yes,
greenhouse,perionnetworkltd,,8,8,complete,yes,
greenhouse,perpay,,18,18,complete,yes,
greenhouse,perscholashires,,39,39,complete,yes,
greenhouse,persefoniaiinc,,0,,unreachable,yes,HTTP 404
greenhouse,personalisinc,,14,14,complete,yes,
greenhouse,personalizedbeautydiscoveryincdbaipsy,,9,9,complete,yes,
greenhouse,petag,,0,0,complete,yes,
greenhouse,pfm,Precision for Medicine,140,140,complete,yes,
greenhouse,phaidra,,8,8,complete,yes,
greenhouse,phamily,,0,0,complete,yes,
greenhouse,phantomai,,0,0,complete,yes,
greenhouse,phasev,,10,10,complete,yes,
greenhouse,philadelphiaeagles,,1,1,complete,yes,
greenhouse,philliesbaseballoperations,,6,6,complete,yes,
greenhouse,philo,,0,,unreachable,yes,HTTP 404
greenhouse,phiture,,4,4,complete,yes,
greenhouse,phizenix,,13,13,complete,yes,
greenhouse,phoenixcontact,,39,39,complete,yes,
greenhouse,phonepe,,0,,unreachable,yes,HTTP 404
greenhouse,phynetdermatology,,54,54,complete,yes,
greenhouse,physicsx,,43,43,complete,yes,
greenhouse,picarroinc,,22,22,complete,yes,
greenhouse,picoquantitativetrading,,57,57,complete,yes,
greenhouse,pieinsurance,,26,26,complete,yes,
greenhouse,piermontbank,,13,13,complete,yes,
greenhouse,pilothq,,12,12,complete,yes,
greenhouse,pindropsecurity,,16,16,complete,yes,
greenhouse,pine,Pine,3,3,complete,yes,
greenhouse,pingcap,,7,7,complete,yes,
greenhouse,pingidentity,,65,65,complete,yes,
greenhouse,pinterest,Pinterest,168,168,complete,yes,
greenhouse,pinwheelapi,,5,5,complete,yes,
greenhouse,pipetechnologies,,3,3,complete,yes,
greenhouse,pirateship,,3,3,complete,yes,
greenhouse,pistontechnologies,,17,17,complete,yes,
greenhouse,pitchbookdata,,23,23,complete,yes,
greenhouse,pivotbio,,8,8,complete,yes,
greenhouse,pixability,,6,6,complete,yes,
greenhouse,placementsio,,8,8,complete,yes,
greenhouse,placerlabs,,19,19,complete,yes,
greenhouse,planetlabs,Planet,115,115,complete,yes,
greenhouse,planetscale,PlanetScale,12,12,complete,yes,
greenhouse,planradar,,7,7,complete,yes,
greenhouse,platacard,Plata Card,179,179,complete,yes,
greenhouse,platformscience,,27,27,complete,yes,
greenhouse,platformsh,,10,10,complete,yes,
greenhouse,platinumdermphysicians,,20,20,complete,yes,
greenhouse,playq,,2,2,complete,yes,
greenhouse,playworks96,,3,3,complete,yes,
greenhouse,plootocareers,,14,14,complete,yes,
greenhouse,plos,,9,9,complete,yes,
greenhouse,plscareers,PLS,776,776,complete,yes,
greenhouse,plume,Plume,20,20,complete,yes,
greenhouse,pluspower,,5,5,complete,yes,
greenhouse,pma,,1,1,complete,yes,
greenhouse,pmc,,40,40,complete,yes,
greenhouse,pmg,,79,79,complete,yes,
greenhouse,pmguk,,3,3,complete,yes,
greenhouse,podium81,,59,59,complete,yes,
greenhouse,point72,Point72,212,212,complete,yes,
greenhouse,pointc,,5,5,complete,yes,
greenhouse,pointdigitalfinance,,13,13,complete,yes,
greenhouse,pointwild,,16,16,complete,yes,
greenhouse,pokemoncareers,,33,33,complete,yes,
greenhouse,polaris,Polaris,1,1,complete,yes,
greenhouse,polyai,,3,3,complete,yes,
greenhouse,polychaincapital,,0,0,complete,yes,
greenhouse,polygonus,,8,8,complete,yes,
greenhouse,pomelocare,,76,76,complete,yes,
greenhouse,pontera,,4,4,complete,yes,
greenhouse,poppulo,,8,8,complete,yes,
greenhouse,porschesouthbay,,1,1,complete,yes,
greenhouse,portable,,3,3,complete,yes,
greenhouse,post-gazette,,3,3,complete,yes,
greenhouse,postman,Postman,0,,unreachable,yes,HTTP 404
greenhouse,postmanlaw,,0,0,complete,yes,
greenhouse,postpartumsupportinternational,,6,6,complete,yes,
greenhouse,postscript,Postscript,6,6,complete,yes,
greenhouse,powerdigitalmarketing,Power Digital,251,251,complete,yes,
greenhouse,powerhousearts,,3,3,complete,yes,
greenhouse,pqshield,,5,5,complete,yes,
greenhouse,practicebetter,,5,5,complete,yes,
greenhouse,practisinglawinstitute,,0,0,complete,yes,
greenhouse,praetorian,Praetorian,4,4,complete,yes,
greenhouse,prathaminternational,,4,4,complete,yes,
greenhouse,praxent,,10,10,complete,yes,
greenhouse,praxis,Praxis Precision Medicines,4,4,complete,yes,
greenhouse,praxisprecisionmedicines,Praxis Precision Medicines,64,64,complete,yes,
greenhouse,preciselyinternationaljobs,,22,22,complete,yes,
greenhouse,preciselyusjobs,,36,36,complete,yes,
greenhouse,precisionaq,,37,37,complete,yes,
greenhouse,precisionmedicinegroup,Precision Medicine Group,181,181,complete,yes,
greenhouse,precisionvehicleholdings,,5,5,complete,yes,
greenhouse,predictiveindex,,6,6,complete,yes,
greenhouse,prenuvo,,64,64,complete,yes,
greenhouse,presencelearning,,7,7,complete,yes,
greenhouse,presidents,,3,3,complete,yes,
greenhouse,presidentssummit,Presidents Summit,81,81,complete,yes,
greenhouse,prevail,,13,13,complete,yes,
greenhouse,prezzee,,10,10,complete,yes,
greenhouse,pricefox,,9,9,complete,yes,
greenhouse,primemedicine,Prime Medicine,7,7,complete,yes,
greenhouse,primerai,,4,4,complete,yes,
greenhouse,primexbt,,26,26,complete,yes,
greenhouse,prisma6,,2,2,complete,yes,
greenhouse,prismatic,,3,3,complete,yes,
greenhouse,privateequityinsights,Private Equity Insights,1128,1128,complete,yes,
greenhouse,privatehealthmanagement,,7,7,complete,yes,
greenhouse,privateidentity,,4,4,complete,yes,
greenhouse,procaresolutions,,11,11,complete,yes,
greenhouse,processstreet,,24,24,complete,yes,
greenhouse,prodigal,,11,11,complete,yes,
greenhouse,productpeople,,3,3,complete,yes,
greenhouse,profluent,,16,16,complete,yes,
greenhouse,profound,ProFound,2,2,complete,yes,
greenhouse,project44,project44,35,35,complete,yes,
greenhouse,projectaservicesgmbhcokg,,54,54,complete,yes,
greenhouse,prokidney,ProKidney,13,13,complete,yes,
greenhouse,prolaio,,6,6,complete,yes,
greenhouse,prolific,,31,31,complete,yes,
greenhouse,pronto,,24,24,complete,yes,
greenhouse,proof,Proof,127,127,complete,yes,
greenhouse,prophecysimpledatalabs,,3,3,complete,yes,
greenhouse,prophero,,10,10,complete,yes,
greenhouse,prophet,Prophet Security,12,12,complete,yes,
greenhouse,propublica,,4,4,complete,yes,
greenhouse,prosek,,20,20,complete,yes,
greenhouse,proshares,ProShares,24,24,complete,yes,
greenhouse,proskill,,9,9,complete,yes,
greenhouse,prosperhealth,,64,64,complete,yes,
greenhouse,protagonist,Protagonist,6,6,complete,yes,
greenhouse,protaratherapeutics,"Protara Therapeutics, Inc.",3,3,complete,yes,
greenhouse,protillionbiosciences,,1,1,complete,yes,
greenhouse,proto,Proto Labs,6,6,complete,yes,
greenhouse,protonai,,9,9,complete,yes,
greenhouse,prove,,12,12,complete,yes,
greenhouse,psibufet,,22,22,complete,yes,
greenhouse,psiquantum,,74,74,complete,yes,
greenhouse,pt,WePractice (Psychotherapeut:in),3,3,complete,yes,
greenhouse,pubgmadison,,1,1,complete,yes,
greenhouse,public,Public,2,2,complete,yes,
greenhouse,publiclabel,,1,1,complete,yes,
greenhouse,pubmatic,PubMatic,76,76,complete,yes,
greenhouse,pulse,pulse,2703,2703,complete,yes,
greenhouse,pulsebiosciences,Pulse Biosciences,5,5,complete,yes,
greenhouse,pulumicorporation,,5,5,complete,yes,
greenhouse,pumpcareers,,9,9,complete,yes,
greenhouse,purestorage,Everpure,361,361,complete,yes,
greenhouse,puretechhealth,PureTech Health,1,1,complete,yes,
greenhouse,purplestrategies,,3,3,complete,yes,
greenhouse,purposemed,,10,10,complete,yes,
greenhouse,pursuit,Pursuit,14,14,complete,yes,
greenhouse,pushpay,,25,25,complete,yes,
greenhouse,putnamassociatesllc,,14,14,complete,yes,
greenhouse,pvminc,,8,8,complete,yes,
greenhouse,pyramidroofing,,10,10,complete,yes,
greenhouse,pzenainvestmentmanagement,,2,2,complete,yes,
greenhouse,qgenda,,9,9,complete,yes,
greenhouse,qohash,,4,4,complete,yes,
greenhouse,qphox,,3,3,complete,yes,
greenhouse,qt,Quality Trusted Commercial,11,11,complete,yes,
greenhouse,quadbridge,,19,19,complete,yes,
greenhouse,quadraturecapital,,3,3,complete,yes,
greenhouse,quaise,,10,10,complete,yes,
greenhouse,qualia,,19,19,complete,yes,
greenhouse,qualifieddigital,,3,3,complete,yes,
greenhouse,qualio,,8,8,complete,yes,
greenhouse,qualtrics,,52,52,complete,yes,
greenhouse,quanata,,9,9,complete,yes,
greenhouse,quansight,,0,0,complete,yes,
greenhouse,quanthealth,,6,6,complete,yes,
greenhouse,quantumsi25,,2,2,complete,yes,
greenhouse,quantumspacellc,,36,36,complete,yes,
greenhouse,quberesearchandtechnologies,Qube Research & Technologies,200,200,complete,yes,
greenhouse,queracomputinginc,,79,79,complete,yes,
greenhouse,questbridge,,0,0,complete,yes,
greenhouse,quillbot,,2,2,complete,yes,
greenhouse,quilt,Quilt,4,4,complete,yes,
greenhouse,quince,Quince,128,128,complete,yes,
greenhouse,quinstreet,QuinStreet,28,28,complete,yes,
greenhouse,quintoandar,Grupo QuintoAndar,95,95,complete,yes,
greenhouse,quip,,5,5,complete,yes,
greenhouse,quixquantumbv,,6,6,complete,yes,
greenhouse,rabinmartin,,1,1,complete,yes,
greenhouse,racapitalmanagementllc,,7,7,complete,yes,
greenhouse,rackner,,20,20,complete,yes,
greenhouse,radar,,7,7,complete,yes,
greenhouse,radiclehealth,,2,2,complete,yes,
greenhouse,radixark,,20,20,complete,yes,
greenhouse,radixexperienced,,7,7,complete,yes,
greenhouse,radixuniversity,,8,8,complete,yes,
greenhouse,raft,Raft Company Website,22,22,complete,yes,
greenhouse,railsware,,3,3,complete,yes,
greenhouse,raisin,,35,35,complete,yes,
greenhouse,range,Range,11,11,complete,yes,
greenhouse,rangeviewinc,,9,9,complete,yes,
greenhouse,rapidfortinc,,19,19,complete,yes,
greenhouse,rapidsos,,7,7,complete,yes,
greenhouse,rapp,,8,8,complete,yes,
greenhouse,rapporttherapeutics,Rapport Therapeutics,14,14,complete,yes,
greenhouse,raptortechnologies,,4,4,complete,yes,
greenhouse,raven,Raven,2,2,complete,yes,
greenhouse,rayeitconsulting,,2,2,complete,yes,
greenhouse,razorpaysoftwareprivatelimited,,21,21,complete,yes,
greenhouse,rclco,,5,5,complete,yes,
greenhouse,rcxsports,,5,5,complete,yes,
greenhouse,rdccareers,,0,0,complete,yes,
greenhouse,rdsourcing,,4,4,complete,yes,
greenhouse,rdstation,,7,7,complete,yes,
greenhouse,readysettechnologyinc,,1,1,complete,yes,
greenhouse,realcapital,,4,4,complete,yes,
greenhouse,realchemistry,Real Chemistry,72,72,complete,yes,
greenhouse,reallygreatreading,,9,9,complete,yes,
greenhouse,realm,Realm,3,3,complete,yes,
greenhouse,realtimeboardglobal,,28,28,complete,yes,
greenhouse,rebag,,16,16,complete,yes,
greenhouse,rebtel,,14,14,complete,yes,
greenhouse,rebuildmanufacturing,Re:Build Manufacturing,129,129,complete,yes,
greenhouse,recall,,2,2,complete,yes,
greenhouse,recidiviz,,11,11,complete,yes,
greenhouse,recordedfuture,,50,50,complete,yes,
greenhouse,recruitingprograms,,0,0,complete,yes,
greenhouse,rectanglehealth,,8,8,complete,yes,
greenhouse,recursionpharmaceuticals,Recursion,12,12,complete,yes,
greenhouse,redapt,,7,7,complete,yes,
greenhouse,redcellpartners,,22,22,complete,yes,
greenhouse,reddit,Reddit,152,152,complete,yes,
greenhouse,redpeak,,7,7,complete,yes,
greenhouse,redventures,,58,58,complete,yes,
greenhouse,redwoodmaterials,Redwood Materials,137,137,complete,yes,
greenhouse,redwoodsoftware,,35,35,complete,yes,
greenhouse,referralsuseonly,Referral Board,110,110,complete,yes,
greenhouse,reflective,,1,1,complete,yes,
greenhouse,reformation,Reformation,152,152,complete,yes,
greenhouse,refurbed,,10,10,complete,yes,
greenhouse,regscale,,0,,unreachable,yes,HTTP 404
greenhouse,relationalai,,3,3,complete,yes,
greenhouse,relativity,Relativity Space,350,350,complete,yes,
greenhouse,relaygraduateschoolofeducation,,1,1,complete,yes,
greenhouse,relaypayments,,4,4,complete,yes,
greenhouse,relaypro,,32,32,complete,yes,
greenhouse,relaytherapeutics,Relay Therapeutics,10,10,complete,yes,
greenhouse,released,,8,8,complete,yes,
greenhouse,relishworks,,1,1,complete,yes,
greenhouse,reltio,,32,32,complete,yes,
greenhouse,remedyhomehealthcare,,13,13,complete,yes,
greenhouse,remesh,,2,2,complete,yes,
greenhouse,remixtherapeutics,,4,4,complete,yes,
greenhouse,remodelhealth,,10,10,complete,yes,
greenhouse,remoracarbon,,7,7,complete,yes,
greenhouse,remotasks,,4,4,complete,yes,
greenhouse,remote,General Assembly Remote Jobs,2,2,complete,yes,
greenhouse,remotecom,Remote,0,0,complete,yes,
greenhouse,remotereferralboardinternaluseonly,,0,0,complete,yes,
greenhouse,renaissancelearning-emea,,1,1,complete,yes,
greenhouse,renaissancelearning-nam,,6,6,complete,yes,
greenhouse,renewedvision,,3,3,complete,yes,
greenhouse,renpsg,,3,3,complete,yes,
greenhouse,renttherunway,,22,22,complete,yes,
greenhouse,repisodic,,1,1,complete,yes,
greenhouse,reproductivefreedomforall,,3,3,complete,yes,
greenhouse,res,,36,36,complete,yes,
greenhouse,researchpartnership,,16,16,complete,yes,
greenhouse,residenthome,,10,10,complete,yes,
greenhouse,residential,,4,4,complete,yes,
greenhouse,resilience,,3,3,complete,yes,
greenhouse,resolvetosavelives,,3,3,complete,yes,
greenhouse,resonate,Resonate,10,10,complete,yes,
greenhouse,resortpass,,4,4,complete,yes,
greenhouse,restaurantsupply,,8,8,complete,yes,
greenhouse,resultsforamerica,,1,1,complete,yes,
greenhouse,reunionmarketing,,2,2,complete,yes,
greenhouse,revero,,7,7,complete,yes,
greenhouse,revivn,,14,14,complete,yes,
greenhouse,revloncorporate,,64,64,complete,yes,
greenhouse,revolutionmedicines,Revolution Medicines,261,261,complete,yes,
greenhouse,rewardsnetwork,,45,45,complete,yes,
greenhouse,rexfordindustrial,,4,4,complete,yes,
greenhouse,rhombuspower,,12,12,complete,yes,
greenhouse,rhythmx-ai,,1,1,complete,yes,
greenhouse,rialtic,,2,2,complete,yes,
greenhouse,ribolifamilywines,,19,19,complete,yes,
greenhouse,ridgeline,Ridgeline,28,28,complete,yes,
greenhouse,rightwayhealthcare,,34,34,complete,yes,
greenhouse,rimestechnologies,,20,20,complete,yes,
greenhouse,ringtherapeutics,,2,2,complete,yes,
greenhouse,riotgames,Riot Games,164,164,complete,yes,
greenhouse,ripcpc,,7,7,complete,yes,
greenhouse,ripple,Ripple,131,131,complete,yes,
greenhouse,rise8,,6,6,complete,yes,
greenhouse,riskified,Riskified,27,27,complete,yes,
greenhouse,riskledger,,5,5,complete,yes,
greenhouse,rithum,,15,15,complete,yes,
greenhouse,rithumliboard,,30,30,complete,yes,
greenhouse,ritterandbrogdenorthodontics,,1,1,complete,yes,
greenhouse,ritual,,15,15,complete,yes,
greenhouse,rivainternationalinc,,6,6,complete,yes,
greenhouse,rivaltechnologies,,3,3,complete,yes,
greenhouse,riverai,,19,19,complete,yes,
greenhouse,riversidenaturalfoodsltd,,24,24,complete,yes,
greenhouse,riviamind,,7,7,complete,yes,
greenhouse,riviamind1,,9,9,complete,yes,
greenhouse,rmr,RMR Mechanical,4,4,complete,yes,
greenhouse,roadie,,8,8,complete,yes,
greenhouse,roadrunner,,4,4,complete,yes,
greenhouse,robinhood,Robinhood,162,162,complete,yes,
greenhouse,roblox,Roblox,254,254,complete,yes,
greenhouse,roboforce,,16,16,complete,yes,
greenhouse,robotsandpencils,,35,35,complete,yes,
greenhouse,rockbot,,4,4,complete,yes,
greenhouse,rocketlab,Rocket Lab Corporation,569,569,complete,yes,
greenhouse,rocketlawyer,Rocket Lawyer,7,7,complete,yes,
greenhouse,rocketmiles,,12,12,complete,yes,
greenhouse,rockstargames,,35,35,complete,yes,
greenhouse,rogorthodontics,,2,2,complete,yes,
greenhouse,roivantsciences,Roivant Sciences,10,10,complete,yes,
greenhouse,roku,Roku,233,233,complete,yes,
greenhouse,roller,,13,13,complete,yes,
greenhouse,rondoenergy,,17,17,complete,yes,
greenhouse,roo,,10,10,complete,yes,
greenhouse,roofr,,9,9,complete,yes,
greenhouse,roofstock,,10,10,complete,yes,
greenhouse,rootstocklabsltd,,3,3,complete,yes,
greenhouse,rothesaylife,,4,4,complete,yes,
greenhouse,route,,4,4,complete,yes,
greenhouse,route06,,17,17,complete,yes,
greenhouse,rpa,,5,5,complete,yes,
greenhouse,rpc,RPC,0,0,complete,yes,
greenhouse,rti,,13,13,complete,yes,
greenhouse,rtingscom,,5,5,complete,yes,
greenhouse,rubrik,Rubrik Job Board,128,128,complete,yes,
greenhouse,ruelala,,21,21,complete,yes,
greenhouse,ruggable,,9,9,complete,yes,
greenhouse,ruggedrobotics,,1,1,complete,yes,
greenhouse,rumble,,3,3,complete,yes,
greenhouse,runwise,,7,7,complete,yes,
greenhouse,runzero,,1,1,complete,yes,
greenhouse,rushdownstudios,,4,4,complete,yes,
greenhouse,rushstreetinteractive,Rush Street Interactive,23,23,complete,yes,
greenhouse,russett,,0,,unreachable,yes,HTTP 404
greenhouse,rvi,,15,15,complete,yes,
greenhouse,rvohealth,,23,23,complete,yes,
greenhouse,rxsense,,5,5,complete,yes,
greenhouse,rzero,,1,1,complete,yes,
greenhouse,rzr,,55,55,complete,yes,
greenhouse,saasgroup,,12,12,complete,yes,
greenhouse,safariai,,7,7,complete,yes,
greenhouse,safebreach,,8,8,complete,yes,
greenhouse,safetyworxs,,11,11,complete,yes,
greenhouse,sage49,,7,7,complete,yes,
greenhouse,sagebionetworks,,3,3,complete,yes,
greenhouse,sagehomeloanscorporation,,5,5,complete,yes,
greenhouse,sagent,,0,0,complete,yes,
greenhouse,saildroneinc,,37,37,complete,yes,
greenhouse,salesloft,Clari + Salesloft,29,29,complete,yes,
greenhouse,salientmotion,,18,18,complete,yes,
greenhouse,salsify,,10,10,complete,yes,
greenhouse,saltbox,,16,16,complete,yes,
greenhouse,saltsecurity,,13,13,complete,yes,
greenhouse,saltxc,,41,41,complete,yes,
greenhouse,samainc,,3,3,complete,yes,
greenhouse,samayaai,,8,8,complete,yes,
greenhouse,samlino,,8,8,complete,yes,
greenhouse,samsara,Samsara,247,247,complete,yes,
greenhouse,samsungnext,,4,4,complete,yes,
greenhouse,samsungresearchamerica,,23,23,complete,yes,
greenhouse,samsungresearchamericainternship,,1,1,complete,yes,
greenhouse,samsungsemiconductor,,62,62,complete,yes,
greenhouse,sanabiotech,,7,7,complete,yes,
greenhouse,sandiegocommunitypower,,3,3,complete,yes,
greenhouse,sandscapitalmanagementllc,,1,1,complete,yes,
greenhouse,sandstonecarecastlerock,,0,0,complete,yes,
greenhouse,sandstonecascade,,0,0,complete,yes,
greenhouse,sarverorthodontics,,2,2,complete,yes,
greenhouse,saxbys,,65,65,complete,yes,
greenhouse,saxllp,,3,3,complete,yes,
greenhouse,sayari,,14,14,complete,yes,
greenhouse,sbigrowth,,7,7,complete,yes,
greenhouse,sbusa,,41,41,complete,yes,
greenhouse,scaleai,Scale AI,192,192,complete,yes,
greenhouse,scalellp,,5,5,complete,yes,
greenhouse,scandit,,12,12,complete,yes,
greenhouse,scanner,,4,4,complete,yes,
greenhouse,schonfeld,,72,72,complete,yes,
greenhouse,schoolstatus,,1,1,complete,yes,
greenhouse,schrdinger,,28,28,complete,yes,
greenhouse,science37,,55,55,complete,yes,
greenhouse,scileads,,2,2,complete,yes,
greenhouse,scm,,29,29,complete,yes,
greenhouse,scopely,Scopely,168,168,complete,yes,
greenhouse,scorpionenterprisesllc,,17,17,complete,yes,
greenhouse,scotch,,8,8,complete,yes,
greenhouse,scoutai,,28,28,complete,yes,
greenhouse,scoutmotors,Scout Motors,217,217,complete,yes,
greenhouse,scoutspace,,12,12,complete,yes,
greenhouse,scowtt,,2,2,complete,yes,
greenhouse,seafireresortltd,,23,23,complete,yes,
greenhouse,seaporttherapeutics,Seaport Therapeutics,8,8,complete,yes,
greenhouse,seatgeek,,37,37,complete,yes,
greenhouse,seatown,,5,5,complete,yes,
greenhouse,seattlesoundersfc,,3,3,complete,yes,
greenhouse,secondharvest,,5,5,complete,yes,
greenhouse,secretariatadvisorsllc,,78,78,complete,yes,
greenhouse,securitize,Securitize,4,4,complete,yes,
greenhouse,securityscorecard,,13,13,complete,yes,
greenhouse,sedna,,13,13,complete,yes,
greenhouse,seed,Seed,5,5,complete,yes,
greenhouse,seekout,SeekOut,2,2,complete,yes,
greenhouse,seenhealth,,16,16,complete,yes,
greenhouse,seer,Seer Inc.,3,3,complete,yes,
greenhouse,seesaw,,3,3,complete,yes,
greenhouse,seisandbox,,59,59,complete,yes,
greenhouse,selffinancial,,8,8,complete,yes,
greenhouse,selinicapital,,4,4,complete,yes,
greenhouse,semafor,,19,19,complete,yes,
greenhouse,sendabiosciences,,12,12,complete,yes,
greenhouse,sendbird,,8,8,complete,yes,
greenhouse,sendcloudnew,,0,,unreachable,yes,HTTP 404
greenhouse,senrasystems,,28,28,complete,yes,
greenhouse,sensei,,11,11,complete,yes,
greenhouse,sensiblecare,,5,5,complete,yes,
greenhouse,sentinellabs,SentinelOne,257,257,complete,yes,
greenhouse,seoulrobotics,,12,12,complete,yes,
greenhouse,septerna,Septerna,4,4,complete,yes,
greenhouse,seranking,,6,6,complete,yes,
greenhouse,seres,SERES,5,5,complete,yes,
greenhouse,serhant,,49,49,complete,yes,
greenhouse,sertis,,14,14,complete,yes,
greenhouse,servicechampions,,9,9,complete,yes,
greenhouse,servicewizard,,6,6,complete,yes,
greenhouse,ses,SES Construction,1,1,complete,yes,
greenhouse,sesai,SES,43,43,complete,yes,
greenhouse,sesolabor,,7,7,complete,yes,
greenhouse,setpoint,,8,8,complete,yes,
greenhouse,setsales,SetSales,247,247,complete,yes,
greenhouse,seurat,,4,4,complete,yes,
greenhouse,sevenresearch,,8,8,complete,yes,
greenhouse,sezzle,Sezzle,238,238,complete,yes,
greenhouse,sfox,,0,0,complete,yes,
greenhouse,shakepay,,9,9,complete,yes,
greenhouse,shakepayfr,,9,9,complete,yes,
greenhouse,shapercapital,,4,4,complete,yes,
greenhouse,sharebite,,4,4,complete,yes,
greenhouse,sharkninjaoperatingllc,SharkNinja,154,154,complete,yes,
greenhouse,sharpelectronics,,67,67,complete,yes,
greenhouse,shearwater,,3,3,complete,yes,
greenhouse,shein,,17,17,complete,yes,
greenhouse,shelf,,0,,unreachable,yes,HTTP 404
greenhouse,shennonbiotechnologies,,4,4,complete,yes,
greenhouse,sherbournedentalassociates,,1,1,complete,yes,
greenhouse,shield,Shield AI,1,1,complete,yes,
greenhouse,shieldshealthsolutions,Shields Health Solutions,85,85,complete,yes,
greenhouse,shift5,,13,13,complete,yes,
greenhouse,shifttechnology,,28,28,complete,yes,
greenhouse,shinola,,11,11,complete,yes,
greenhouse,shinolaretail,,6,6,complete,yes,
greenhouse,shinvestmentsllc,,76,76,complete,yes,
greenhouse,shipbobinc,,56,56,complete,yes,
greenhouse,shipfusion,,7,7,complete,yes,
greenhouse,shiphawk,,3,3,complete,yes,
greenhouse,shipmonk,,70,70,complete,yes,
greenhouse,shopltk,,9,9,complete,yes,
greenhouse,shopmonkey,,7,7,complete,yes,
greenhouse,shopmy,,36,36,complete,yes,
greenhouse,showpad,,32,32,complete,yes,
greenhouse,shunnarahcareers,,20,20,complete,yes,
greenhouse,si,SimplyInsured,4,4,complete,yes,
greenhouse,siboneinc,,23,23,complete,yes,
greenhouse,sidecarhealth,,8,8,complete,yes,
greenhouse,siei,,60,60,complete,yes,
greenhouse,sierrallc,,8,8,complete,yes,
greenhouse,sifthealthcare,,3,3,complete,yes,
greenhouse,sightlinemediagroup,,3,3,complete,yes,
greenhouse,sigmacomputing,Sigma Computing,69,69,complete,yes,
greenhouse,sigmoid,,37,37,complete,yes,
greenhouse,signerscareers,,9,9,complete,yes,
greenhouse,signifyd95,,13,13,complete,yes,
greenhouse,silananotechnologies,,37,37,complete,yes,
greenhouse,silverado,Silverado,140,140,complete,yes,
greenhouse,silvr,,0,,unreachable,yes,HTTP 404
greenhouse,silvus,,42,42,complete,yes,
greenhouse,similarweb,Similarweb,67,67,complete,yes,
greenhouse,simplesense,,7,7,complete,yes,
greenhouse,simpletechnologysolutions,,0,0,complete,yes,
greenhouse,simplextrading,,5,5,complete,yes,
greenhouse,simplifed,,15,15,complete,yes,
greenhouse,simplisafe,,42,42,complete,yes,
greenhouse,simpplr,,3,3,complete,yes,
greenhouse,simscale,,2,2,complete,yes,
greenhouse,simtrabps,,112,112,complete,yes,
greenhouse,simula,,2,2,complete,yes,
greenhouse,simulauib,,0,0,complete,yes,
greenhouse,singlestore,,40,40,complete,yes,
greenhouse,singlestore-linkedin,,15,15,complete,yes,
greenhouse,sirenopt,,10,10,complete,yes,
greenhouse,siriuspoint,SiriusPoint,26,26,complete,yes,
greenhouse,sironamedical,,12,12,complete,yes,
greenhouse,sirum,,4,4,complete,yes,
greenhouse,sisense,,0,,unreachable,yes,HTTP 404
greenhouse,sixfold,,2,2,complete,yes,
greenhouse,sixgeninc,,19,19,complete,yes,
greenhouse,sixspeed,,6,6,complete,yes,
greenhouse,sixthstreet,,0,,unreachable,yes,HTTP 404
greenhouse,skedda,,0,0,complete,yes,
greenhouse,skildai-careers,,46,46,complete,yes,
greenhouse,skilledwoundcare,Skilled Wound Care,97,97,complete,yes,
greenhouse,skillsoft,Skillsoft,13,13,complete,yes,
greenhouse,skinlaundry,,47,47,complete,yes,
greenhouse,skyepointdecisionsinc,,27,27,complete,yes,
greenhouse,skylighthq,,7,7,complete,yes,
greenhouse,skyryse,,19,19,complete,yes,
greenhouse,skyscanner,,0,,unreachable,yes,HTTP 404
greenhouse,sleepdoctor,,3,3,complete,yes,
greenhouse,slice,,29,29,complete,yes,
greenhouse,slideinsurance,Slide Insurance,0,0,complete,yes,
greenhouse,slingshotaerospace,,3,3,complete,yes,
greenhouse,smaamerica,,25,25,complete,yes,
greenhouse,smallgirlspr2,,3,3,complete,yes,
greenhouse,smartasset,,5,5,complete,yes,
greenhouse,smartbear,,21,21,complete,yes,
greenhouse,smarterdx,,4,4,complete,yes,
greenhouse,smarterdxprivate,,0,0,complete,yes,
greenhouse,smartling,,9,9,complete,yes,
greenhouse,smartlyio,,69,69,complete,yes,
greenhouse,smartrent,SmartRent,8,8,complete,yes,
greenhouse,smartsheet,Smartsheet,90,90,complete,yes,
greenhouse,smartypantsvitamins,,2,2,complete,yes,
greenhouse,smavagmbh,,28,28,complete,yes,
greenhouse,smithdouglashomes,Smith Douglas Homes,25,25,complete,yes,
greenhouse,smithrx,,35,35,complete,yes,
greenhouse,snapmobileinc,"Snap! Mobile, Inc.",163,163,complete,yes,
greenhouse,snorkelai,Snorkel AI,41,41,complete,yes,
greenhouse,snsone,,6,6,complete,yes,
greenhouse,soci,,15,15,complete,yes,
greenhouse,socialfinance,,4,4,complete,yes,
greenhouse,sociallabsa,,7,7,complete,yes,
greenhouse,socialscienceresearchcouncil,,0,0,complete,yes,
greenhouse,socket,Socket,1,1,complete,yes,
greenhouse,sofi,SoFi,56,56,complete,yes,
greenhouse,solarisbank,,23,23,complete,yes,
greenhouse,soldejaneiro,,26,26,complete,yes,
greenhouse,soldejaneirointernship,,1,1,complete,yes,
greenhouse,solera,,0,0,complete,yes,
greenhouse,solidpower,Solid Power,3,3,complete,yes,
greenhouse,soligent,,3,3,complete,yes,
greenhouse,sollishealth,,32,32,complete,yes,
greenhouse,solmentalhealth,SOL Mental Health,66,66,complete,yes,
greenhouse,soloioinc,,5,5,complete,yes,
greenhouse,solutions,,15,15,complete,yes,
greenhouse,sonatus,,22,22,complete,yes,
greenhouse,sonderaustralia,,41,41,complete,yes,
greenhouse,sonic,SONIC AUTOMOTIVE,15,15,complete,yes,
greenhouse,sonicwall,,47,47,complete,yes,
greenhouse,sonobello,Sono Bello,72,72,complete,yes,
greenhouse,sonyinteractiveentertainmentglobal,PlayStation Global,207,207,complete,yes,
greenhouse,sonymusiccareersfrance,,1,1,complete,yes,
greenhouse,sonymusicentertainment,Sony Music,138,138,complete,yes,
greenhouse,sonypicturesanimation,,3,3,complete,yes,
greenhouse,sonypicturesimageworks,,49,49,complete,yes,
greenhouse,soraunion,,8,8,complete,yes,
greenhouse,sorcero,,0,,unreachable,yes,HTTP 404
greenhouse,sothebys,,62,62,complete,yes,
greenhouse,soundagriculture,,2,2,complete,yes,
greenhouse,soundcloud71,,15,15,complete,yes,
greenhouse,sourcegraph91,,10,10,complete,yes,
greenhouse,sourcemeridian,,2,2,complete,yes,
greenhouse,southernpovertylawcenter,,18,18,complete,yes,
greenhouse,southshoreskin,,5,5,complete,yes,
greenhouse,southwesttitleloans,,3,3,complete,yes,
greenhouse,sovrn,,1,1,complete,yes,
greenhouse,space,Space Programs,4,4,complete,yes,
greenhouse,spacekinetic,,48,48,complete,yes,
greenhouse,spaceship,,1,1,complete,yes,
greenhouse,spacex,SpaceX,2643,2643,complete,yes,
greenhouse,spacexglobal,,22,22,complete,yes,
greenhouse,sparetech,,3,3,complete,yes,
greenhouse,sparkadvisors,,10,10,complete,yes,
greenhouse,sparkfund,,6,6,complete,yes,
greenhouse,sparkland,,1,1,complete,yes,
greenhouse,sparksoftcorporation,,24,24,complete,yes,
greenhouse,spauldingridge,,44,44,complete,yes,
greenhouse,spcareers,,11,11,complete,yes,
greenhouse,specialty1,Specialty1 Partners,93,93,complete,yes,
greenhouse,specterops,,2,2,complete,yes,
greenhouse,spectrum,Spectrum,1,1,complete,yes,
greenhouse,spectrumvascular,,3,3,complete,yes,
greenhouse,speechify,Speechify,6,6,complete,yes,
greenhouse,speedbaywarehousesolutions,,16,16,complete,yes,
greenhouse,spektrum,Spektrum,91,91,complete,yes,
greenhouse,sphereentertainment,"Sphere Entertainment Group, LLC",28,28,complete,yes,
greenhouse,spin,,12,12,complete,yes,
greenhouse,spinnakersupport,,6,6,complete,yes,
greenhouse,spire,Spire,41,41,complete,yes,
greenhouse,splashfinancial,,4,4,complete,yes,
greenhouse,splice,,7,7,complete,yes,
greenhouse,splitero,,2,2,complete,yes,
greenhouse,spoileralert,,3,3,complete,yes,
greenhouse,sponsorsforeducationalopportunity,,10,10,complete,yes,
greenhouse,sportandspinephysicaltherapy,,4,4,complete,yes,
greenhouse,spothopper,,24,24,complete,yes,
greenhouse,spotme,,11,11,complete,yes,
greenhouse,spotter,,6,6,complete,yes,
greenhouse,springboard,,4,4,complete,yes,
greenhouse,springboardmentors,,14,14,complete,yes,
greenhouse,springfertility,,24,24,complete,yes,
greenhouse,springhealth66,,0,,unreachable,yes,HTTP 404
greenhouse,springsworkstherapeutics,,11,11,complete,yes,
greenhouse,sprintersportses,,54,54,complete,yes,
greenhouse,sprocketsecurity,,5,5,complete,yes,
greenhouse,sproutsocial,Sprout Social,23,23,complete,yes,
greenhouse,spsnorthamerica,SPS North America,91,91,complete,yes,
greenhouse,spycloud,,11,11,complete,yes,
greenhouse,spyretherapeutics,Spyre Therapeutics,6,6,complete,yes,
greenhouse,squarespace,Squarespace,33,33,complete,yes,
greenhouse,squishable,,37,37,complete,yes,
greenhouse,ssreferrals,,29,29,complete,yes,
greenhouse,stablekernel,,1,1,complete,yes,
greenhouse,stackadapt,StackAdapt,71,71,complete,yes,
greenhouse,stackav,,12,12,complete,yes,
greenhouse,stackblitz,,7,7,complete,yes,
greenhouse,stackcommerce,,4,4,complete,yes,
greenhouse,stackline,,14,14,complete,yes,
greenhouse,stacklok,,4,4,complete,yes,
greenhouse,stage,,134,134,complete,yes,
greenhouse,standardmetrics,,5,5,complete,yes,
greenhouse,stanley1913-us,,16,16,complete,yes,
greenhouse,stannesbelfieldschool,,14,14,complete,yes,
greenhouse,star-catcher,,20,20,complete,yes,
greenhouse,starburst,,30,30,complete,yes,
greenhouse,starcloud,,0,,unreachable,yes,HTTP 404
greenhouse,starfaceworld,,3,3,complete,yes,
greenhouse,starfishneuroscience,,1,1,complete,yes,
greenhouse,starrez,,22,22,complete,yes,
greenhouse,startale,,18,18,complete,yes,
greenhouse,startcampus,,7,7,complete,yes,
greenhouse,startree,,6,6,complete,yes,
greenhouse,stashinvest,,9,9,complete,yes,
greenhouse,stateroadah,,4,4,complete,yes,
greenhouse,steadfasthealth,,15,15,complete,yes,
greenhouse,stemhealthcare,,6,6,complete,yes,
greenhouse,stepstone,StepStone,60,60,complete,yes,
greenhouse,sterling,Sterling Brands,2,2,complete,yes,
greenhouse,sterlingtonpllc,,33,33,complete,yes,
greenhouse,sti,,6,6,complete,yes,
greenhouse,stirlingpdf,,0,0,complete,yes,
greenhouse,stitchfix,Stitch Fix,16,16,complete,yes,
greenhouse,stockx,,35,35,complete,yes,
greenhouse,stokespacetechnologies,,66,66,complete,yes,
greenhouse,stoketherapeutics,Stoke Therapeutics,14,14,complete,yes,
greenhouse,stone,Stone - Linkedin,361,361,complete,yes,
greenhouse,stonekite,,0,0,complete,yes,
greenhouse,stonepatrocina,Stone - Indeed,229,229,complete,yes,
greenhouse,storable,,16,16,complete,yes,
greenhouse,storyblok,Storyblok,11,11,complete,yes,
greenhouse,storycannabis,,28,28,complete,yes,
greenhouse,strandtherapeutics,,3,3,complete,yes,
greenhouse,stratacareers,,10,10,complete,yes,
greenhouse,stratainformationgroup,,13,13,complete,yes,
greenhouse,strategichr,,59,59,complete,yes,
greenhouse,strategicprojectpartners,,1,1,complete,yes,
greenhouse,stratolaunch,,61,61,complete,yes,
greenhouse,stressfree,,0,,unreachable,yes,HTTP 404
greenhouse,striiminc,,5,5,complete,yes,
greenhouse,strike,,6,6,complete,yes,
greenhouse,stripe,Stripe,716,716,complete,yes,
greenhouse,strivehealth,,65,65,complete,yes,
greenhouse,strivepharmacy,,41,41,complete,yes,
greenhouse,striveworks,,26,26,complete,yes,
greenhouse,strongpointpartners,,19,19,complete,yes,
greenhouse,stubhubinc,,31,31,complete,yes,
greenhouse,studiokraftonboard,,2,2,complete,yes,
greenhouse,studsinc,,71,71,complete,yes,
greenhouse,studycareers,,9,9,complete,yes,
greenhouse,studycontractors,,28,28,complete,yes,
greenhouse,stylusmedicine,,0,0,complete,yes,
greenhouse,submittable,,4,4,complete,yes,
greenhouse,subsplash,,4,4,complete,yes,
greenhouse,successacademycharterschool,Success Academy Charter Schools,99,99,complete,yes,
greenhouse,sudstop,,43,43,complete,yes,
greenhouse,suki,,11,11,complete,yes,
greenhouse,summer,,1,1,complete,yes,
greenhouse,summitonevanderbilt,,11,11,complete,yes,
greenhouse,summittherapeutics,Summit Therapeutics,74,74,complete,yes,
greenhouse,sumofus,,1,1,complete,yes,
greenhouse,sumologic,Sumo Logic,9,9,complete,yes,
greenhouse,sunnyside,Sunnyside*,64,64,complete,yes,
greenhouse,sunrise,Sunrise Management,14,14,complete,yes,
greenhouse,sunset,,2,2,complete,yes,
greenhouse,suntimes,,10,10,complete,yes,
greenhouse,super,Super Technologies,113,113,complete,yes,
greenhouse,supergoop,,8,8,complete,yes,
greenhouse,superior,Superior Animal Hospital & Boarding Suites,2,2,complete,yes,
greenhouse,supermetricsoy,,15,15,complete,yes,
greenhouse,supernal,,7,7,complete,yes,
greenhouse,superset,,3,3,complete,yes,
greenhouse,supersod,,11,11,complete,yes,
greenhouse,supplyhouse,,32,32,complete,yes,
greenhouse,supportingstrategies,,20,20,complete,yes,
greenhouse,surefirecyber,,8,8,complete,yes,
greenhouse,survata,,3,3,complete,yes,
greenhouse,sustainabletalent,,32,32,complete,yes,
greenhouse,sustainablewestchester,,3,3,complete,yes,
greenhouse,sustainment,,5,5,complete,yes,
greenhouse,svetness,Svetness Personal Training,4990,4990,complete,yes,
greenhouse,swanloveland,,4,4,complete,yes,
greenhouse,swayable,,15,15,complete,yes,
greenhouse,sweetgreen,sweetgreen,64,64,complete,yes,
greenhouse,swellmedia,,1,1,complete,yes,
greenhouse,swiftsolar,,2,2,complete,yes,
greenhouse,symmetry,,2,2,complete,yes,
greenhouse,synack,,11,11,complete,yes,
greenhouse,synacksrt,,1,1,complete,yes,
greenhouse,synaptrixlabs,,2,2,complete,yes,
greenhouse,syndaxpharmaceuticals,Syndax Pharmaceuticals,16,16,complete,yes,
greenhouse,syndigo,,29,29,complete,yes,
greenhouse,syndio,,14,14,complete,yes,
greenhouse,synerg,,37,37,complete,yes,
greenhouse,synthetaic,,0,0,complete,yes,
greenhouse,syskahennessy,Syska Hennessy Group,159,159,complete,yes,
greenhouse,systemstechnologyresearch,STR,141,141,complete,yes,
greenhouse,taboola,Taboola,81,81,complete,yes,
greenhouse,tactilemedical,,46,46,complete,yes,
greenhouse,tailscale,Tailscale,54,54,complete,yes,
greenhouse,taiwan,SIE TAIWAN,1,1,complete,yes,
greenhouse,takealotcom,,84,84,complete,yes,
greenhouse,takealotgroup,,26,26,complete,yes,
greenhouse,taketwo,,33,33,complete,yes,
greenhouse,talkdesk2,,37,37,complete,yes,
greenhouse,talkspace,Talkspace,19,19,complete,yes,
greenhouse,talkspacepsychiatry,,52,52,complete,yes,
greenhouse,talkspacetherapist,,48,48,complete,yes,
greenhouse,talonone,,19,19,complete,yes,
greenhouse,tamara,,31,31,complete,yes,
greenhouse,tandemlaunch,,3,3,complete,yes,
greenhouse,tandemmoneylimited,,15,15,complete,yes,
greenhouse,tangogameworks,,12,12,complete,yes,
greenhouse,tangotherapeutics,Tango Therapeutics,20,20,complete,yes,
greenhouse,tanium,,55,55,complete,yes,
greenhouse,tankww,,11,11,complete,yes,
greenhouse,tapestryenergy,,20,20,complete,yes,
greenhouse,taskrabbit,,18,18,complete,yes,
greenhouse,tastylive,,14,14,complete,yes,
greenhouse,tastytrade,,14,14,complete,yes,
greenhouse,tatari,,53,53,complete,yes,
greenhouse,taxbit,,15,15,complete,yes,
greenhouse,taxvalet,,2,2,complete,yes,
greenhouse,tazewellpikeanimalclinic,,2,2,complete,yes,
greenhouse,tdg,The Dermatology Group,6,6,complete,yes,
greenhouse,tds,,24,24,complete,yes,
greenhouse,teachforall,,13,13,complete,yes,
greenhouse,teachinglab,,2,2,complete,yes,
greenhouse,teachinglabstudio,,1,1,complete,yes,
greenhouse,teads1,,59,59,complete,yes,
greenhouse,teague,,3,3,complete,yes,
greenhouse,tealmedia,,1,1,complete,yes,
greenhouse,teamlfg,,13,13,complete,yes,
greenhouse,teammate,,16,16,complete,yes,
greenhouse,teamrubicon,,0,0,complete,yes,
greenhouse,tebra,,13,13,complete,yes,
greenhouse,techholding,,15,15,complete,yes,
greenhouse,technergetics,,3,3,complete,yes,
greenhouse,technologyadvice,,18,18,complete,yes,
greenhouse,techstars57,,2,2,complete,yes,
greenhouse,tecovas,Tecovas,114,114,complete,yes,
greenhouse,tefron,,0,0,complete,yes,
greenhouse,tegnainc,TEGNA Inc.,303,303,complete,yes,
greenhouse,tekmetric,,29,29,complete,yes,
greenhouse,tellius,,5,5,complete,yes,
greenhouse,telnyx54,,54,54,complete,yes,
greenhouse,tempo,Tempo,6,6,complete,yes,
greenhouse,temporaltechnologies,,0,,unreachable,yes,HTTP 404
greenhouse,temus,,39,39,complete,yes,
greenhouse,tenableinc,,37,37,complete,yes,
greenhouse,teneolinkedin,,50,50,complete,yes,
greenhouse,tennesseetitleloansinc,,7,7,complete,yes,
greenhouse,tenon,Tenon,3,3,complete,yes,
greenhouse,tenstorrent,Tenstorrent,129,129,complete,yes,
greenhouse,tenstorrentuniversity,,2,2,complete,yes,
greenhouse,tenstreet,,10,10,complete,yes,
greenhouse,terakeet,,3,3,complete,yes,
greenhouse,teravision,,4,4,complete,yes,
greenhouse,terraclear,,4,4,complete,yes,
greenhouse,terranorbitalcorporation,,29,29,complete,yes,
greenhouse,terremotobiosciencesinc,,1,1,complete,yes,
greenhouse,terzo,,3,3,complete,yes,
greenhouse,tesseratherapeutics,,6,6,complete,yes,
greenhouse,testlio,,19,19,complete,yes,
greenhouse,testnisc,,43,43,complete,yes,
greenhouse,tetra,Tetra,1,1,complete,yes,
greenhouse,texasairsystems,,47,47,complete,yes,
greenhouse,texascartitleandpaydayloanservicesinc,,36,36,complete,yes,
greenhouse,texaschillersystemsasp,,3,3,complete,yes,
greenhouse,textus,,0,0,complete,yes,
greenhouse,thanx,,8,8,complete,yes,
greenhouse,thatch,Thatch,28,28,complete,yes,
greenhouse,thatsnomoonentertainment,,2,2,complete,yes,
greenhouse,thealleninstitute,,17,17,complete,yes,
greenhouse,thebaltimorebanner,,9,9,complete,yes,
greenhouse,thebrattlegroup,,51,51,complete,yes,
greenhouse,thechempetitivegroupllc,,15,15,complete,yes,
greenhouse,thedoulanetwork,,13,13,complete,yes,
greenhouse,thedutchie,,9,9,complete,yes,
greenhouse,theeconomistgroup,,30,30,complete,yes,
greenhouse,theeverycompany,,1,1,complete,yes,
greenhouse,thefarmersdog,,31,31,complete,yes,
greenhouse,thefloridapanthers,,34,34,complete,yes,
greenhouse,thefork,,25,25,complete,yes,
greenhouse,thegialliancemanagementllccompany,The Specialty Alliance,197,197,complete,yes,
greenhouse,thehealthmanagementacademy,,7,7,complete,yes,
greenhouse,theiconic,,8,8,complete,yes,
greenhouse,thejewishfederationsofnorthamerica,,8,8,complete,yes,
greenhouse,theknotworldwide,,25,25,complete,yes,
greenhouse,thelibragroup,,9,9,complete,yes,
greenhouse,theloomisagency,,4,4,complete,yes,
greenhouse,themaritimeaquarium,,7,7,complete,yes,
greenhouse,thematherevanston,,11,11,complete,yes,
greenhouse,themichaeljfoxfoundation,,8,8,complete,yes,
greenhouse,themjcos,,20,20,complete,yes,
greenhouse,themotleyfool,,5,5,complete,yes,
greenhouse,themuseumofscience,,8,8,complete,yes,
greenhouse,thenewyorktimes,The New York Times,140,140,complete,yes,
greenhouse,thenuclearcompany,,74,74,complete,yes,
greenhouse,theoncologyinstitute,,62,62,complete,yes,
greenhouse,theorchard,,26,26,complete,yes,
greenhouse,theoriamedical,Theoria Medical,85,85,complete,yes,
greenhouse,thepharmacyhub,,23,23,complete,yes,
greenhouse,theplaceforchildrenwithautism,,37,37,complete,yes,
greenhouse,thequalitygroupgmbh1,The Quality Group GmbH,107,107,complete,yes,
greenhouse,thequalitygroupgmbh2,The Quality Group,91,91,complete,yes,
greenhouse,thesciongroupllc,The Scion Group,243,243,complete,yes,
greenhouse,thesiscareers,,11,11,complete,yes,
greenhouse,thetradedesk,The Trade Desk,103,103,complete,yes,
greenhouse,thevascularcaregroup,,40,40,complete,yes,
greenhouse,thevirtussolution,,4,4,complete,yes,
greenhouse,thevitacococompany,,7,7,complete,yes,
greenhouse,theweathercompany,,22,22,complete,yes,
greenhouse,thinkacademymy,,11,11,complete,yes,
greenhouse,thinkacademyus,Think Academy US,112,112,complete,yes,
greenhouse,thinkmarkets,,7,7,complete,yes,
greenhouse,thirdlove,,24,24,complete,yes,
greenhouse,thirdwaveautomation,,2,2,complete,yes,
greenhouse,thltestcareers,,4,4,complete,yes,
greenhouse,thomasdoor,,3,3,complete,yes,
greenhouse,thomasvillechildcare,,1,1,complete,yes,
greenhouse,thorn,Thorn,5,5,complete,yes,
greenhouse,thoropass,,4,4,complete,yes,
greenhouse,thoughtworks,,31,31,complete,yes,
greenhouse,thoughtworksreferral,,24,24,complete,yes,
greenhouse,threatlocker,,0,0,complete,yes,
greenhouse,thrive,THRIVE,3,3,complete,yes,
greenhouse,thrivecart,,8,8,complete,yes,
greenhouse,thrivemarket,,15,15,complete,yes,
greenhouse,thtbc,,74,74,complete,yes,
greenhouse,tia,,29,29,complete,yes,
greenhouse,tide,Careers at Tide,82,82,complete,yes,
greenhouse,tifin,,4,4,complete,yes,
greenhouse,tigera,,5,5,complete,yes,
greenhouse,tigergraph,,3,3,complete,yes,
greenhouse,tines,Tines,26,26,complete,yes,
greenhouse,tipaltisolutions,,21,21,complete,yes,
greenhouse,tippingpointcommunity,,3,3,complete,yes,
greenhouse,tiptop,,4,4,complete,yes,
greenhouse,tiree,,6,6,complete,yes,
greenhouse,tireseasycom,,0,,unreachable,yes,HTTP 404
greenhouse,tlatechinc,,0,,unreachable,yes,HTTP 404
greenhouse,tmc,TMC metals,0,0,complete,yes,
greenhouse,toast,Toast,328,328,complete,yes,
greenhouse,toastmastersinternational,,1,1,complete,yes,
greenhouse,togetherai,Together AI,77,77,complete,yes,
greenhouse,togetherwork,,26,26,complete,yes,
greenhouse,toggleai,,9,9,complete,yes,
greenhouse,tollbit,,1,1,complete,yes,
greenhouse,tomofunfurbo,,18,18,complete,yes,
greenhouse,tomorrow,,21,21,complete,yes,
greenhouse,tonixpharmaceuticals,Tonix Pharmaceuticals,13,13,complete,yes,
greenhouse,toogoodtogo,,0,,unreachable,yes,HTTP 404
greenhouse,toojaysdeli,TooJay’s Deli • Bakery • Restaurant,180,180,complete,yes,
greenhouse,topsort,,5,5,complete,yes,
greenhouse,topsteptrader,,17,17,complete,yes,
greenhouse,torcrobotics,,48,48,complete,yes,
greenhouse,torq,Torq,26,26,complete,yes,
greenhouse,toshibaglobalcommercesolutions,,80,80,complete,yes,
greenhouse,totalrecon,,6,6,complete,yes,
greenhouse,townsquaremedia,Townsquare Media,102,102,complete,yes,
greenhouse,tpcengineeringholdingsllc,,65,65,complete,yes,
greenhouse,tpgcareers,,15,15,complete,yes,
greenhouse,tpreducationllc,,10,10,complete,yes,
greenhouse,trace3,,88,88,complete,yes,
greenhouse,tracelinkinc,,23,23,complete,yes,
greenhouse,traderepublicbank,,39,39,complete,yes,
greenhouse,traegergrills,,14,14,complete,yes,
greenhouse,transactlyconnect,,0,0,complete,yes,
greenhouse,transactlycoordinators,,2,2,complete,yes,
greenhouse,transcendinc,,1,1,complete,yes,
greenhouse,transfergo,,9,9,complete,yes,
greenhouse,transmarketgroup,,18,18,complete,yes,
greenhouse,transmitsecurity,,16,16,complete,yes,
greenhouse,trase,,4,4,complete,yes,
greenhouse,treasuryprime,Treasury Prime,0,0,complete,yes,
greenhouse,treehousefab,,2,2,complete,yes,
greenhouse,treelinebiosciences,,14,14,complete,yes,
greenhouse,tri-countyveterinaryclinic,,3,3,complete,yes,
greenhouse,tribalscale,,9,9,complete,yes,
greenhouse,trident,Trident,0,,unreachable,yes,HTTP 404
greenhouse,trigild,,7,7,complete,yes,
greenhouse,trinityparktalent,,8,8,complete,yes,
greenhouse,tripactions,Navan,208,208,complete,yes,
greenhouse,tripadvisor,Tripadvisor,100,100,complete,yes,
greenhouse,triparc,,3,3,complete,yes,
greenhouse,tripledotstudios,,92,92,complete,yes,
greenhouse,triplelift,,21,21,complete,yes,
greenhouse,triplepointllp,,17,17,complete,yes,
greenhouse,triplewhale,,11,11,complete,yes,
greenhouse,triumvirateenvironmental,Triumvirate Environmental,128,128,complete,yes,
greenhouse,trivago,trivago,15,15,complete,yes,
greenhouse,trivelta,,7,7,complete,yes,
greenhouse,triviumpoint,,2,2,complete,yes,
greenhouse,trovohealth,,6,6,complete,yes,
greenhouse,truckstop,,7,7,complete,yes,
greenhouse,trueanomalyinc,True Anomaly,189,189,complete,yes,
greenhouse,truebill,,16,16,complete,yes,
greenhouse,truecaller,,28,28,complete,yes,
greenhouse,truemedia,,4,4,complete,yes,
greenhouse,trustautomation,,19,19,complete,yes,
greenhouse,trustbank,,12,12,complete,yes,
greenhouse,trustedhealth,Trusted Health,0,,unreachable,yes,HTTP 404
greenhouse,trustpilot,,49,49,complete,yes,
greenhouse,truveta,,39,39,complete,yes,
greenhouse,tsg,Titan Security Group,103,103,complete,yes,
greenhouse,tss,TSS,7,7,complete,yes,
greenhouse,ttcglobal,,1,1,complete,yes,
greenhouse,tubescience-labs,,3,3,complete,yes,
greenhouse,tubescience52,,20,20,complete,yes,
greenhouse,tubitv,,32,32,complete,yes,
greenhouse,tucows,Tucows,1,1,complete,yes,
greenhouse,tudorgroup,,4,4,complete,yes,
greenhouse,tula,,2,2,complete,yes,
greenhouse,tulip,,69,69,complete,yes,
greenhouse,turbineone,,6,6,complete,yes,
greenhouse,turbotenant,,4,4,complete,yes,
greenhouse,turing,,30,30,complete,yes,
greenhouse,turnkeycareers,,7,7,complete,yes,
greenhouse,twilio,Twilio,125,125,complete,yes,
greenhouse,twindo,,8,8,complete,yes,
greenhouse,twinhealth,,39,39,complete,yes,
greenhouse,twistbioscience,Twist Bioscience,44,44,complete,yes,
greenhouse,twitch,,50,50,complete,yes,
greenhouse,twochairs,,36,36,complete,yes,
greenhouse,twosixtechnologies,,75,75,complete,yes,
greenhouse,typeface,,13,13,complete,yes,
greenhouse,typeform,,16,16,complete,yes,
greenhouse,tysonmendesllp,Tyson & Mendes LLP,73,73,complete,yes,
greenhouse,uareai,,5,5,complete,yes,
greenhouse,uasi,,23,23,complete,yes,
greenhouse,uberfreight,,68,68,complete,yes,
greenhouse,ubiquiti,Ubiquiti,180,180,complete,yes,
greenhouse,udacity,,17,17,complete,yes,
greenhouse,udemy,Udemy,9,9,complete,yes,
greenhouse,udemybedi,,3,3,complete,yes,
greenhouse,ujet,,7,7,complete,yes,
greenhouse,ukmed,,8,8,complete,yes,
greenhouse,ultimagenomics,,15,15,complete,yes,
greenhouse,ultragenyxpharmaceutical,Ultragenyx Pharmaceutical,3,3,complete,yes,
greenhouse,umaeducationinc,,7,7,complete,yes,
greenhouse,umistone,,40,40,complete,yes,
greenhouse,unanet,,7,7,complete,yes,
greenhouse,unconventionalinc,,21,21,complete,yes,
greenhouse,undercontrolroboticsinc,,9,9,complete,yes,
greenhouse,understood,,7,7,complete,yes,
greenhouse,understoodcare,,3,3,complete,yes,
greenhouse,unframe,,35,35,complete,yes,
greenhouse,unisonhomeownershipinvestors,,6,6,complete,yes,
greenhouse,unispace,,35,35,complete,yes,
greenhouse,unispacelifesciences,,4,4,complete,yes,
greenhouse,unitedfirm,"The United Firm | La Liga Defensora, APC",122,122,complete,yes,
greenhouse,unitedmasterstranslation,,18,18,complete,yes,
greenhouse,unitedmedia,United Media,344,344,complete,yes,
greenhouse,uniteus,,12,12,complete,yes,
greenhouse,universal,Universal,5,5,complete,yes,
greenhouse,universalaudio,,5,5,complete,yes,
greenhouse,universaldx,,7,7,complete,yes,
greenhouse,unknownworlds,,2,2,complete,yes,
greenhouse,unlimitedtechnology,,18,18,complete,yes,
greenhouse,unlock,,2,2,complete,yes,
greenhouse,unlockhealth,,12,12,complete,yes,
greenhouse,unqork,,1,1,complete,yes,
greenhouse,unrealsnacks,,1,1,complete,yes,
greenhouse,unusualmachines,Unusual Machines,23,23,complete,yes,
greenhouse,unybrands,,29,29,complete,yes,
greenhouse,up,UP Fintech,0,,unreachable,yes,HTTP 404
greenhouse,upbound,Upbound,5,5,complete,yes,
greenhouse,upboundext,,14,14,complete,yes,
greenhouse,updater,,1,1,complete,yes,
greenhouse,upgrade,,35,35,complete,yes,
greenhouse,upkeep,,3,3,complete,yes,
greenhouse,upriteconstruction,,37,37,complete,yes,
greenhouse,upshop,,14,14,complete,yes,
greenhouse,upstack,,6,6,complete,yes,
greenhouse,upstart,Upstart,88,88,complete,yes,
greenhouse,upstreamusa,,3,3,complete,yes,
greenhouse,upwardhealth,,20,20,complete,yes,
greenhouse,upwork,Upwork,7,7,complete,yes,
greenhouse,urbancompass,Compass,200,200,complete,yes,
greenhouse,urbansky,,2,2,complete,yes,
greenhouse,urbansportsclub,,4,4,complete,yes,
greenhouse,urgentcareforchildren,,5,5,complete,yes,
greenhouse,urpt,Upstream Rehabilitation,1155,1155,complete,yes,
greenhouse,ursamajor,Ursa Major,109,109,complete,yes,
greenhouse,us,itel - United States,1,1,complete,yes,
greenhouse,usconec,"US Conec, Ltd.",80,80,complete,yes,
greenhouse,usenourish,,81,81,complete,yes,
greenhouse,utahtitleloansinc,,4,4,complete,yes,
greenhouse,vacasa,,0,0,complete,yes,
greenhouse,vacationinc,,2,2,complete,yes,
greenhouse,vaco,,57,57,complete,yes,
greenhouse,vailclinicincdbavailhealthhospital,Vail Health Hospital,126,126,complete,yes,
greenhouse,valaratomics,,94,94,complete,yes,
greenhouse,valerahealth,,6,6,complete,yes,
greenhouse,valohealth,,2,2,complete,yes,
greenhouse,valpro,,2,2,complete,yes,
greenhouse,valtech,Valtech,140,140,complete,yes,
greenhouse,vanleeuwenicecream,Van Leeuwen Ice Cream,105,105,complete,yes,
greenhouse,vanmetre,,13,13,complete,yes,
greenhouse,vannevarlabs,,29,29,complete,yes,
greenhouse,vantagescore,,7,7,complete,yes,
greenhouse,vardaspace,Varda Space Industries,106,106,complete,yes,
greenhouse,varicent,,14,14,complete,yes,
greenhouse,vast,Vast,201,201,complete,yes,
greenhouse,vaticlabs,,8,8,complete,yes,
greenhouse,vaxcyte,Vaxcyte,44,44,complete,yes,
greenhouse,vaynermedia,,100,100,complete,yes,
greenhouse,vectara,,5,5,complete,yes,
greenhouse,vectranetworks,,28,28,complete,yes,
greenhouse,vedantabiosciences,,0,0,complete,yes,
greenhouse,veeamsoftware,Veeam Software,235,235,complete,yes,
greenhouse,vega,vega,1,1,complete,yes,
greenhouse,vegaamericas,,19,19,complete,yes,
greenhouse,veir,,14,14,complete,yes,
greenhouse,velir,,4,4,complete,yes,
greenhouse,velocityelectronics,,20,20,complete,yes,
greenhouse,venncity,,9,9,complete,yes,
greenhouse,veocorporatecareers,,7,7,complete,yes,
greenhouse,veracode,,11,11,complete,yes,
greenhouse,veracyte,Veracyte,32,32,complete,yes,
greenhouse,verainstituteofjustice,,7,7,complete,yes,
greenhouse,veranahealth,,8,8,complete,yes,
greenhouse,veratherapeuticsinc,,7,7,complete,yes,
greenhouse,vercel,Vercel,85,85,complete,yes,
greenhouse,veriff,,10,10,complete,yes,
greenhouse,verifone,,42,42,complete,yes,
greenhouse,verisign,Verisign,21,21,complete,yes,
greenhouse,veristainc,,40,40,complete,yes,
greenhouse,veritasvetpartners,Veritas Veterinary Partners,91,91,complete,yes,
greenhouse,verkada,Verkada,307,307,complete,yes,
greenhouse,verkada2,,0,,unreachable,yes,HTTP 404
greenhouse,verramobility,Verra Mobility,70,70,complete,yes,
greenhouse,versaterm,,17,17,complete,yes,
greenhouse,verse,,5,5,complete,yes,
greenhouse,versprite,,1,1,complete,yes,
greenhouse,verve,,44,44,complete,yes,
greenhouse,verygoodventures,,0,0,complete,yes,
greenhouse,vesalius,,2,2,complete,yes,
greenhouse,vestmark,,9,9,complete,yes,
greenhouse,vestwell,,25,25,complete,yes,
greenhouse,veterinaryemergencygroupst,Veterinary Emergency Group (VEG),1160,1160,complete,yes,
greenhouse,veterinaryemergencyservices,,2,2,complete,yes,
greenhouse,veterinarypracticepartners,Veterinary Practice Partners,288,288,complete,yes,
greenhouse,vetevolve,VetEvolve,146,146,complete,yes,
greenhouse,vettoai,,3,3,complete,yes,
greenhouse,vgw,,0,0,complete,yes,
greenhouse,vgw-canada,,1,1,complete,yes,
greenhouse,vgw-eu,,7,7,complete,yes,
greenhouse,via,Via,167,167,complete,yes,
greenhouse,via99,,16,16,complete,yes,
greenhouse,viaduct,Viaduct,6,6,complete,yes,
greenhouse,viamrobotics,,9,9,complete,yes,
greenhouse,vianttechnology,Viant Technology,28,28,complete,yes,
greenhouse,vibesllc,,4,4,complete,yes,
greenhouse,victory,Victory Creative Group,0,,unreachable,yes,HTTP 404
greenhouse,vikingglobalinvestors,,5,5,complete,yes,
greenhouse,vileon,,3,3,complete,yes,
greenhouse,village,The Village Learning Center,1,1,complete,yes,
greenhouse,vim,,2,2,complete,yes,
greenhouse,vipvermontinformationprocessing2,,3,3,complete,yes,
greenhouse,viralnation,,61,61,complete,yes,
greenhouse,virbiotechnologyinc,,19,19,complete,yes,
greenhouse,virginbetsa,,0,0,complete,yes,
greenhouse,virginia,Virginia,0,0,complete,yes,
greenhouse,virtru,,12,12,complete,yes,
greenhouse,virtu,Virtu Financial,48,48,complete,yes,
greenhouse,viseai,,12,12,complete,yes,
greenhouse,visia,,0,,unreachable,yes,HTTP 404
greenhouse,visiersolutionsinc,,10,10,complete,yes,
greenhouse,visualconcepts,,6,6,complete,yes,
greenhouse,vitalfarms,Vital Farms,10,10,complete,yes,
greenhouse,vitalfarmsinternalcrew,,12,12,complete,yes,
greenhouse,vitalvoicesglobalpartnership,,4,4,complete,yes,
greenhouse,vitoriainternational,,3,3,complete,yes,
greenhouse,vitta,,0,0,complete,yes,
greenhouse,vivcourtevents,,1,1,complete,yes,
greenhouse,vivvi,,19,19,complete,yes,
greenhouse,vixxo,,23,23,complete,yes,
greenhouse,vmax,,8,8,complete,yes,
greenhouse,vmlenterprisesolutions,VML/WPP Enterprise Solutions,165,165,complete,yes,
greenhouse,vogliodigitalmarketing,,0,0,complete,yes,
greenhouse,volastratherapeutics,,1,1,complete,yes,
greenhouse,volterapower,,2,2,complete,yes,
greenhouse,vonage,Vonage,20,20,complete,yes,
greenhouse,vooban,,23,23,complete,yes,
greenhouse,vorbiopharma,Vor Bio,3,3,complete,yes,
greenhouse,voxmedia,,15,15,complete,yes,
greenhouse,voyagertechnologiesinc,"Voyager Technologies, Inc.",205,205,complete,yes,
greenhouse,vpawv,,0,0,complete,yes,
greenhouse,vsapartners,,7,7,complete,yes,
greenhouse,vscfiresecurityinc,VSC Fire & Security,61,61,complete,yes,
greenhouse,vsco39,,7,7,complete,yes,
greenhouse,vtex,VTEX,28,28,complete,yes,
greenhouse,vts,,18,18,complete,yes,
greenhouse,vulcanelements,,52,52,complete,yes,
greenhouse,vulncheck,,16,16,complete,yes,
greenhouse,vynamic,,14,14,complete,yes,
greenhouse,vynyl,,5,5,complete,yes,
greenhouse,waldensecurity,Walden Security,128,128,complete,yes,
greenhouse,wallapop,,5,5,complete,yes,
greenhouse,walleyecapital-external-fulltime,,12,12,complete,yes,
greenhouse,walleyecapital-external-students,,6,6,complete,yes,
greenhouse,wallstreetprep,,8,8,complete,yes,
greenhouse,wargamingen,,47,47,complete,yes,
greenhouse,warp,Warp,6,6,complete,yes,
greenhouse,wasabi,,10,10,complete,yes,
greenhouse,watchduty,,1,1,complete,yes,
greenhouse,watchmakergenomics,,14,14,complete,yes,
greenhouse,watershed,Watershed,8,8,complete,yes,
greenhouse,wavemm1,,82,82,complete,yes,
greenhouse,waverlyadvisorsllc,,17,17,complete,yes,
greenhouse,waymark,,19,19,complete,yes,
greenhouse,waymo,Waymo,366,366,complete,yes,
greenhouse,wayve,Wayve,0,,unreachable,yes,HTTP 404
greenhouse,wayvia,,8,8,complete,yes,
greenhouse,weathershieldroofingsystems,,1,1,complete,yes,
greenhouse,weave,Weave,7,7,complete,yes,
greenhouse,webflow,Webflow,25,25,complete,yes,
greenhouse,webstacks,,3,3,complete,yes,
greenhouse,wedgewoodpharmacy,,17,17,complete,yes,
greenhouse,weedmaps77,,10,10,complete,yes,
greenhouse,weee,,18,18,complete,yes,
greenhouse,wehrtyou,,87,87,complete,yes,
greenhouse,weinsteinproperties,,39,39,complete,yes,
greenhouse,weissassetmanagement,,6,6,complete,yes,
greenhouse,wekatest,,55,55,complete,yes,
greenhouse,welbehealth,WelbeHealth,151,151,complete,yes,
greenhouse,wellist,,5,5,complete,yes,
greenhouse,wellsaidlabs,,1,1,complete,yes,
greenhouse,wellthy-care-network,Wellthy Care Network,172,172,complete,yes,
greenhouse,weploy,,18,18,complete,yes,
greenhouse,westbrook,,12,12,complete,yes,
greenhouse,westcancercenter,,38,38,complete,yes,
greenhouse,westcoastchildrensclinic,,12,12,complete,yes,
greenhouse,westernunion,Western Union,1,1,complete,yes,
greenhouse,wettermarkkeith,,9,9,complete,yes,
greenhouse,wfclainc,,3,3,complete,yes,
greenhouse,wgachidden,,0,0,complete,yes,
greenhouse,whalarinc,,16,16,complete,yes,
greenhouse,wheely,,33,33,complete,yes,
greenhouse,whisperaero,,7,7,complete,yes,
greenhouse,whitewatermidstream,,28,28,complete,yes,
greenhouse,whogivesacrap,,8,8,complete,yes,
greenhouse,wight,,21,21,complete,yes,
greenhouse,wikimedia,,11,11,complete,yes,
greenhouse,wil,,3,3,complete,yes,
greenhouse,wildcardcreativegroup,,5,5,complete,yes,
greenhouse,wildlifestudios,,13,13,complete,yes,
greenhouse,willowinnovations,,5,5,complete,yes,
greenhouse,wilsonelser,,81,81,complete,yes,
greenhouse,wilsonelserattorneys,Wilson Elser - Attorneys,148,148,complete,yes,
greenhouse,wimanagementllc,,4,4,complete,yes,
greenhouse,wing,Wing,32,32,complete,yes,
greenhouse,wingspan,,3,3,complete,yes,
greenhouse,winhomeinspection,,22,22,complete,yes,
greenhouse,winnerscirclegroupoftexas1,,3,3,complete,yes,
greenhouse,winrock,,11,11,complete,yes,
greenhouse,wisconsinautotitleloansinc,,7,7,complete,yes,
greenhouse,wise,Wise,16,16,complete,yes,
greenhouse,wisetack,,3,3,complete,yes,
greenhouse,withcoverage,,24,24,complete,yes,
greenhouse,withmeinc,,4,4,complete,yes,
greenhouse,wizardcommerce,,0,0,complete,yes,
greenhouse,wizeline,,28,28,complete,yes,
greenhouse,wizinc,"Wiz, Inc.",134,134,complete,yes,
greenhouse,wizixtechnologygroupinc,,22,22,complete,yes,
greenhouse,wolt,Wolt - English,214,214,complete,yes,
greenhouse,wonderschool,,44,44,complete,yes,
greenhouse,wongdoody,,26,26,complete,yes,
greenhouse,woo,,2,2,complete,yes,
greenhouse,woolpert,Woolpert,109,109,complete,yes,
greenhouse,workatbackbase,,48,48,complete,yes,
greenhouse,workato,Workato,78,78,complete,yes,
greenhouse,workboard,,2,2,complete,yes,
greenhouse,workhelix,,8,8,complete,yes,
greenhouse,workithealth,,9,9,complete,yes,
greenhouse,workleap,,4,4,complete,yes,
greenhouse,workleapfr,,4,4,complete,yes,
greenhouse,workoverseas,,21,21,complete,yes,
greenhouse,workrightnw,,25,25,complete,yes,
greenhouse,workshop,,5,5,complete,yes,
greenhouse,workstream,,27,27,complete,yes,
greenhouse,workwize,,18,18,complete,yes,
greenhouse,world4822stri986des,,31,31,complete,yes,
greenhouse,worldlabs,,0,,unreachable,yes,HTTP 404
greenhouse,worldquant,WorldQuant,96,96,complete,yes,
greenhouse,worldsurfleague,,1,1,complete,yes,
greenhouse,wovencare,,56,56,complete,yes,
greenhouse,wpp,WPP,207,207,complete,yes,
greenhouse,wppmedia,WPP Media,984,984,complete,yes,
greenhouse,wrike,,60,60,complete,yes,
greenhouse,wundercapital,,7,7,complete,yes,
greenhouse,wunderkind,,12,12,complete,yes,
greenhouse,wurljobs,,2,2,complete,yes,
greenhouse,ww,Weight Watchers,81,81,complete,yes,
greenhouse,wwclinic,,3,3,complete,yes,
greenhouse,xai,SpaceXAI,301,301,complete,yes,
greenhouse,xairatherapeutics,,26,26,complete,yes,
greenhouse,xantium,,8,8,complete,yes,
greenhouse,xapo61,,5,5,complete,yes,
greenhouse,xdinizioengage,,6,6,complete,yes,
greenhouse,xealth,,4,4,complete,yes,
greenhouse,xebiaapac,,0,0,complete,yes,
greenhouse,xebiacee,,77,77,complete,yes,
greenhouse,xebiausa,,8,8,complete,yes,
greenhouse,xendit,,28,28,complete,yes,
greenhouse,xiliotherapeutics,Xilio Therapeutics,2,2,complete,yes,
greenhouse,xohealthinc,,3,3,complete,yes,
greenhouse,xometry,Xometry,230,230,complete,yes,
greenhouse,xometryeurope,,36,36,complete,yes,
greenhouse,xometryturkey,,6,6,complete,yes,
greenhouse,xosinc,,6,6,complete,yes,
greenhouse,xpengmotors,,25,25,complete,yes,
greenhouse,xphealth,,3,3,complete,yes,
greenhouse,xpinc,XP Inc.,169,169,complete,yes,
greenhouse,xsolisinc,,3,3,complete,yes,
greenhouse,xtillion,,4,4,complete,yes,
greenhouse,xtxmarketstechnologies,,8,8,complete,yes,
greenhouse,yalochatinc,,5,5,complete,yes,
greenhouse,yerbamadre,,3,3,complete,yes,
greenhouse,yext,Yext,23,23,complete,yes,
greenhouse,yipitdata,,51,51,complete,yes,
greenhouse,yipitdatajobs,,49,49,complete,yes,
greenhouse,ylopo,,6,6,complete,yes,
greenhouse,yoodliinc,,14,14,complete,yes,
greenhouse,yotpo,,15,15,complete,yes,
greenhouse,youcom,,7,7,complete,yes,
greenhouse,yugabyte,,16,16,complete,yes,
greenhouse,yurtsai,,10,10,complete,yes,
greenhouse,zafinlabsamericasinc,,30,30,complete,yes,
greenhouse,zam,,8,8,complete,yes,
greenhouse,zambold,,19,19,complete,yes,
greenhouse,zeals,,1,1,complete,yes,
greenhouse,zenbusiness,,3,3,complete,yes,
greenhouse,zencoder,,3,3,complete,yes,
greenhouse,zennify,,2,2,complete,yes,
greenhouse,zennioptical,,22,22,complete,yes,
greenhouse,zenoti,,49,49,complete,yes,
greenhouse,zenput,,11,11,complete,yes,
greenhouse,zephyrhome,,0,0,complete,yes,
greenhouse,zerostudios,,3,3,complete,yes,
greenhouse,zerotothree,,2,2,complete,yes,
greenhouse,zestai,,1,1,complete,yes,
greenhouse,zestyai,,5,5,complete,yes,
greenhouse,zetachain,,1,1,complete,yes,
greenhouse,zetaglobal,Zeta Global,140,140,complete,yes,
greenhouse,zevia,Zevia,3,3,complete,yes,
greenhouse,zinnia,,19,19,complete,yes,
greenhouse,zinnov,,42,42,complete,yes,
greenhouse,zipcolimited,,34,34,complete,yes,
greenhouse,ziprecruiter,ZipRecruiter,40,40,complete,yes,
greenhouse,ziro,,2,2,complete,yes,
greenhouse,zocalohealth,,1,1,complete,yes,
greenhouse,zocdoc,Zocdoc,58,58,complete,yes,
greenhouse,zola,,5,5,complete,yes,
greenhouse,zone5technologies,Zone 5 Technologies,76,76,complete,yes,
greenhouse,zonecompanysoftwareconsultingllc,,20,20,complete,yes,
greenhouse,zoominfo,ZoomInfo Technologies LLC,95,95,complete,yes,
greenhouse,zoro,,16,16,complete,yes,
greenhouse,zscaler,Zscaler,364,364,complete,yes,
greenhouse,zulualphakilo,,1,1,complete,yes,
greenhouse,zuora,,24,24,complete,yes,
greenhouse,zupinnovation,,3,3,complete,yes,
greenhouse,zyngacareers,,39,39,complete,yes,
lever,Expana,,4,,unverifiable,no,
lever,aavelabs,,12,,unverifiable,no,
lever,abzena,,24,,unverifiable,no,
lever,aero,AERO ENERGY,10,,unverifiable,no,
lever,aeva,Aeva Technologies,42,,unverifiable,no,
lever,aevi,,1,,unverifiable,no,
lever,agiloft,Agiloft,17,,unverifiable,no,
lever,alloy,Alloy,7,,unverifiable,no,
lever,amo,,10,,unverifiable,no,
lever,angellist,AngelList,27,,unverifiable,no,
lever,anyscale,Anyscale,1,,unverifiable,no,
lever,arcadia,Arcadia,16,,unverifiable,no,
lever,asobostudio,,7,,unverifiable,no,
lever,attovia-therapeutics,Attovia Therapeutics,3,,unverifiable,no,
lever,azul,AZUL,14,,unverifiable,no,
lever,blackshark,,5,,unverifiable,no,
lever,bloom,Bloom Energy,12,,unverifiable,no,
lever,blue,Blue Jay Gold,10,,unverifiable,no,
lever,byborgenterprises,,6,,unverifiable,no,
lever,callan,CALLAN JMB,3,,unverifiable,no,
lever,cambiumnetworks,Cambium Networks,1,,unverifiable,no,
lever,capital,Capital Power /ADR,55,,unverifiable,no,
lever,cirrus,,115,,unverifiable,no,
lever,cleanspark,CLEANSPARK,11,,unverifiable,no,
lever,cloudinary,Cloudinary,8,,unverifiable,no,
lever,coinspaid,,26,,unverifiable,no,
lever,controlai,,3,,unverifiable,no,
lever,coretechsecurity,,17,,unverifiable,no,
lever,creatio,,90,,unverifiable,no,
lever,crypto,Crypto,68,,unverifiable,no,
lever,csmcy,,217,,unverifiable,no,
lever,diabolocom,,11,,unverifiable,no,
lever,dlocal,dLocal,52,,unverifiable,no,
lever,dnl,,0,,unverifiable,no,
lever,dutch,Dutch Bros,13,,unverifiable,no,
lever,dwolla,Dwolla,0,,unverifiable,no,
lever,easol,,3,,unverifiable,no,
lever,efficioconsulting,,37,,unverifiable,no,
lever,elementsolutions,Element Solutions,2,,unverifiable,no,
lever,elfbeauty,e l f Beauty,79,,unverifiable,no,
lever,engelvoelkers,,337,,unverifiable,no,
lever,entrata,ENTRATA,28,,unverifiable,no,
lever,everseen,,37,,unverifiable,no,
lever,extremenetworks,EXTREME NETWORKS,136,,unverifiable,no,
lever,fgi,FGI Industries,3,,unverifiable,no,
lever,filevine,Filevine,111,,unverifiable,no,
lever,finch,Finch,11,,unverifiable,no,
lever,findem,Findem,4,,unverifiable,no,
lever,fiscalnote,FiscalNote,15,,unverifiable,no,
lever,frontier,,8,,unverifiable,no,
lever,fundrise,Fundrise Innovation,2,,unverifiable,no,
lever,genesis,GENESIS ENERGY,5,,unverifiable,no,
lever,genomines,,6,,unverifiable,no,
lever,grand,Grand Canyon Education,8,,unverifiable,no,
lever,grape-health,,4,,unverifiable,no,
lever,greenlight,GreenLight Metals,18,,unverifiable,no,
lever,harmony,Harmony Biosciences,9,,unverifiable,no,
lever,healthcare,Healthcare Triangle,6,,unverifiable,no,
lever,hkr,,12,,unverifiable,no,
lever,horizon,Horizon Robotics /ADR,1,,unverifiable,no,
lever,idt,IDT,105,,unverifiable,no,
lever,immuta,Immuta,12,,unverifiable,no,
lever,infinitygroup,,10,,unverifiable,no,
lever,innodata,INNODATA,3,,unverifiable,no,
lever,innogames,,5,,unverifiable,no,
lever,insomniacookiesuk,,1,,unverifiable,no,
lever,ivcevidensia,,503,,unverifiable,no,
lever,jacquemus,,43,,unverifiable,no,
lever,jumpcloud,JumpCloud,32,,unverifiable,no,
lever,jutromedical,,0,,unverifiable,no,
lever,karllagerfeld,,50,,unverifiable,no,
lever,kepler,Kepler,19,,unverifiable,no,
lever,kto,,0,,unverifiable,no,
lever,kwalee,,13,,unverifiable,no,
lever,kyivstar,Kyivstar,126,,unverifiable,no,
lever,life,Life Time,59,,unverifiable,no,
lever,lifestance,LifeStance Health,1387,,unverifiable,no,
lever,lindblad-expeditions,LINDBLAD EXPEDITIONS,34,,unverifiable,no,
lever,lionbridge,,56,,unverifiable,no,
lever,loadsmart,Loadsmart,17,,unverifiable,no,
lever,logrocket,LogRocket,9,,unverifiable,no,
lever,lovehoneygroup,,47,,unverifiable,no,
lever,markt-pilot,,9,,unverifiable,no,
lever,mavenoid,,0,,unverifiable,no,
lever,mega,Mega Matrix,12,,unverifiable,no,
lever,metlife,METLIFE,39,,unverifiable,no,
lever,mobileye,,177,,unverifiable,no,
lever,neon,Neon,12,,unverifiable,no,
lever,newton,Newton Golf,3,,unverifiable,no,
lever,numan,,11,,unverifiable,no,
lever,objectway,,30,,unverifiable,no,
lever,olx,,47,,unverifiable,no,
lever,omnidian,Omnidian,11,,unverifiable,no,
lever,oni,,8,,unverifiable,no,
lever,opencast,,26,,unverifiable,no,
lever,optotune,,5,,unverifiable,no,
lever,orasio,,10,,unverifiable,no,
lever,outreach,Outreach,26,,unverifiable,no,
lever,ovoko,,23,,unverifiable,no,
lever,palantir,Palantir Technologies,319,,unverifiable,no,
lever,pattern,Pattern,96,,unverifiable,no,
lever,paydock,,0,,unverifiable,no,
lever,peppy,,1,,unverifiable,no,
lever,plexus,PLEXUS,2,,unverifiable,no,
lever,pnlfin,,78,,unverifiable,no,
lever,prima,,94,,unverifiable,no,
lever,prismic,Prismic,0,,unverifiable,no,
lever,prosus,,0,,unverifiable,no,
lever,protolabs,Proto Labs,88,,unverifiable,no,
lever,provectus,PROVECTUS BIOPHARMACEUTICALS,37,,unverifiable,no,
lever,quadcode,,16,,unverifiable,no,
lever,quanticdream,,1,,unverifiable,no,
lever,quantinuum,,126,,unverifiable,no,
lever,refugeerights,,4,,unverifiable,no,
lever,relay,Relay Therapeutics,3,,unverifiable,no,
lever,replimune,Replimune,1,,unverifiable,no,
lever,rigetti,Rigetti Computing,16,,unverifiable,no,
lever,rise,Rise Gold,21,,unverifiable,no,
lever,scaleway,Scaleway,29,,unverifiable,no,
lever,scholarrock,Scholar Rock,26,,unverifiable,no,
lever,seb,,121,,unverifiable,no,
lever,second,,4,,unverifiable,no,
lever,secureframe,Secureframe,15,,unverifiable,no,
lever,shieldai,Shield AI,596,,unverifiable,no,
lever,sila,Sila,209,,unverifiable,no,
lever,silverfin,,8,,unverifiable,no,
lever,sonatype,Sonatype,21,,unverifiable,no,
lever,sportalliance,,4,,unverifiable,no,
lever,spotify,Spotify,82,,unverifiable,no,
lever,stellar,,8,,unverifiable,no,
lever,super,Super Copper,2,,unverifiable,no,
lever,supercharge,,10,,unverifiable,no,
lever,swave,,2,,unverifiable,no,
lever,symphony,,8,,unverifiable,no,
lever,sysdig,Sysdig Secure,29,,unverifiable,no,
lever,system1,System1,4,,unverifiable,no,
lever,telesat,Telesat,54,,unverifiable,no,
lever,thirdfort,,5,,unverifiable,no,
lever,tomtom,,22,,unverifiable,no,
lever,tradelink,,3,,unverifiable,no,
lever,trellis,Trellis,2,,unverifiable,no,
lever,tri,TRI-CONTINENTAL,12,,unverifiable,no,
lever,trio,Trio Petroleum,1,,unverifiable,no,
lever,truv,Truv,9,,unverifiable,no,
lever,tuumplatform,,4,,unverifiable,no,
lever,unify,Unify,9,,unverifiable,no,
lever,unusual,Unusual Machines,10,,unverifiable,no,
lever,unzer,,5,,unverifiable,no,
lever,veeva,VEEVA SYSTEMS,937,,unverifiable,no,
lever,verygoodsecurity,Very Good Security,19,,unverifiable,no,
lever,vida,VIDA Global,14,,unverifiable,no,
lever,visionrt,,9,,unverifiable,no,
lever,volta-medical,,4,,unverifiable,no,
lever,vwgds,,14,,unverifiable,no,
lever,wealthfront,Wealthfront,23,,unverifiable,no,
lever,weride,WeRide,17,,unverifiable,no,
lever,westernacher,,79,,unverifiable,no,
lever,wisdomtree,WisdomTree Bitcoin,2,,unverifiable,no,
lever,wypoon,,2,,unverifiable,no,
lever,xentral,,1,,unverifiable,no,
lever,xm,,82,,unverifiable,no,
lever,zeta,Zeta,25,,unverifiable,no,
lever,zoox,Zoox,234,,unverifiable,no,
personio,1komma5grad,,319,,unverifiable,no,
personio,1sp-agency,,162,,unverifiable,no,
personio,21dx-gmbh,,20,,unverifiable,no,
personio,2spicy-entertainment-gmbh,,6,,unverifiable,no,
personio,360t,,21,,unverifiable,no,
personio,42watt,,19,,unverifiable,no,
personio,4401,,2,,unverifiable,no,
personio,55birchstreet,,1,,unverifiable,no,
personio,9elements,,0,,unverifiable,no,
personio,aampere,,16,,unverifiable,no,
personio,abcfinlab,,2,,unverifiable,no,
personio,academediaeducation-gmbh,,22,,unverifiable,no,
personio,academia-holding-gmbh,,36,,unverifiable,no,
personio,accure,,7,,unverifiable,no,
personio,achtung,,7,,unverifiable,no,
personio,acture-germany,,30,,unverifiable,no,
personio,adac-pincamp,,3,,unverifiable,no,
personio,adelholzener,,28,,unverifiable,no,
personio,adorsys,,15,,unverifiable,no,
personio,adragos-leipzig,,13,,unverifiable,no,
personio,adsquare,,4,,unverifiable,no,
personio,advidera-gmbh-co-kg,,1,,unverifiable,no,
personio,agens,,5,,unverifiable,no,
personio,agile-robots-se,,0,,unverifiable,no,
personio,aktiv-schuh-handelsgesellschaft-mbh,,20,,unverifiable,no,
personio,aktivbank,,2,,unverifiable,no,
personio,aleno,,2,,unverifiable,no,
personio,alphapet-ventures,,3,,unverifiable,no,
personio,amada,,2,,unverifiable,no,
personio,amberra,,3,,unverifiable,no,
personio,ambior-gmbh,,7,,unverifiable,no,
personio,amnesty-international-deutschland,,2,,unverifiable,no,
personio,amplimind,,3,,unverifiable,no,
personio,amplio,,5,,unverifiable,no,
personio,ams-technologies-ag,,1,,unverifiable,no,
personio,antenne-deutschland,,0,,unverifiable,no,
personio,anybill,,0,,unverifiable,no,
personio,anyline-gmbh,,3,,unverifiable,no,
personio,aok-connect,,1,,unverifiable,no,
personio,appliedai,,7,,unverifiable,no,
personio,apploft,,2,,unverifiable,no,
personio,arc-studio,,2,,unverifiable,no,
personio,armira-beteiligungen-gmbh-co-kg,,7,,unverifiable,no,
personio,art-tempi,,2,,unverifiable,no,
personio,artnight-gmbh,,3,,unverifiable,no,
personio,arverio,,45,,unverifiable,no,
personio,arx,,0,,unreachable,no,HTTP 429
personio,asellerate-gmbh,,7,,unverifiable,no,
personio,aserto,,2,,unverifiable,no,
personio,ass,,2,,unverifiable,no,
personio,atd-gmbh,,5,,unverifiable,no,
personio,atgde,,22,,unverifiable,no,
personio,atmosfair,,12,,unverifiable,no,
personio,atrain-gmbh,,3,,unverifiable,no,
personio,attocube-systems-ag,,11,,unverifiable,no,
personio,audatis-group,,5,,unverifiable,no,
personio,audi-business-innovation-gmbh,,4,,unverifiable,no,
personio,audi-formula-racing,,9,,unverifiable,no,
personio,augprien,,19,,unverifiable,no,
personio,autarcenergy,,19,,unverifiable,no,
personio,autohaus-bleker-gmbh,,101,,unverifiable,no,
personio,autohof-reimers,,10,,unverifiable,no,
personio,autonomous-teaming,,19,,unverifiable,no,
personio,auxmoney-gmbh,,18,,unverifiable,no,
personio,avat,,37,,unverifiable,no,
personio,aventus,,4,,unverifiable,no,
personio,aviloo-gmbh,,9,,unverifiable,no,
personio,aw-algorithmwatch-ggmbh,,1,,unverifiable,no,
personio,axess-ag,,10,,unverifiable,no,
personio,ba-tax-gmbh,,6,,unverifiable,no,
personio,backhaus-zoller,,19,,unverifiable,no,
personio,badener-kurbetriebe,,5,,unverifiable,no,
personio,baeuerle,,3,,unverifiable,no,
personio,basecamp,,4,,unverifiable,no,
personio,battleroyalstudios,,3,,unverifiable,no,
personio,bauer-elektroanlagen,,173,,unverifiable,no,
personio,bauer-kirch,,4,,unverifiable,no,
personio,bb-hotels-gmbh,,20,,unverifiable,no,
personio,bbz,,5,,unverifiable,no,
personio,beb-immobilien-gmbh,,5,,unverifiable,no,
personio,bell-flavors-fragrances-gmbh,,7,,unverifiable,no,
personio,bergmanclinics,,58,,unverifiable,no,
personio,berliner-fussball-verband,,0,,unverifiable,no,
personio,berlinhaus-verwaltung-gmbh,,25,,unverifiable,no,
personio,bertram,,16,,unverifiable,no,
personio,bestway-deutschland,,5,,unverifiable,no,
personio,bettercallpaul,,6,,unverifiable,no,
personio,betterdoc,,3,,unverifiable,no,
personio,bfgroup,,5,,unverifiable,no,
personio,bfv,,2,,unverifiable,no,
personio,bidt,,1,,unverifiable,no,
personio,bilendogmbh,,4,,unverifiable,no,
personio,biogeen,,8,,unverifiable,no,
personio,bital,,4,,unverifiable,no,
personio,blaser-group-gmbh,,37,,unverifiable,no,
personio,blaudirekt,,18,,unverifiable,no,
personio,blueforte,,7,,unverifiable,no,
personio,bongfish,,0,,unverifiable,no,
personio,borgel-elementbau-gmbh,,13,,unverifiable,no,
personio,borkel-dedecke,,5,,unverifiable,no,
personio,brainchild,,1,,unverifiable,no,
personio,brandung,,8,,unverifiable,no,
personio,braun-feinwerktechnik-gmbh,,4,,unverifiable,no,
personio,brawoge,,3,,unverifiable,no,
personio,brbappel-partner,,13,,unverifiable,no,
personio,brera,,1,,unverifiable,no,
personio,breuer-nachrichtentechnik-gmbh,,3,,unverifiable,no,
personio,bridgemaker-gmbh,,6,,unverifiable,no,
personio,brighter-ai,,5,,unverifiable,no,
personio,buchner-partner-gmbh,,4,,unverifiable,no,
personio,buendnis-90die-gruenen,,5,,unverifiable,no,
personio,buergelin-gmbh-1,,3,,unverifiable,no,
personio,buhl-data-service-gmbh,,12,,unverifiable,no,
personio,bulex-rechtsanwaltsgesellschaft,,5,,unverifiable,no,
personio,burmeister,,3,,unverifiable,no,
personio,businessangels,,30,,unverifiable,no,
personio,busse-design,,2,,unverifiable,no,
personio,byodo-naturkost-gmbh,,5,,unverifiable,no,
personio,cactus,,18,,unverifiable,no,
personio,cafedelsol,,124,,unverifiable,no,
personio,caigos-gmbh,,24,,unverifiable,no,
personio,cairo-ag,,0,,unverifiable,no,
personio,cansativa,,3,,unverifiable,no,
personio,capmo,,8,,unverifiable,no,
personio,caprimedgmbh,,4,,unverifiable,no,
personio,care-deutschland-e-v,,2,,unverifiable,no,
personio,carfax-europe-gmbh,,5,,unverifiable,no,
personio,cargoboard,,12,,unverifiable,no,
personio,carvia-gmbh,,6,,unverifiable,no,
personio,cashlink,,1,,unverifiable,no,
personio,catalym,,4,,unverifiable,no,
personio,ccf,,4,,unverifiable,no,
personio,cellumation,,3,,unverifiable,no,
personio,centroplan-gmbh,,10,,unverifiable,no,
personio,channel-pilot-solutions-gmbh,,1,,unverifiable,no,
personio,chargecloud-gmbh,,4,,unverifiable,no,
personio,checkmk-gmbh,,11,,unverifiable,no,
personio,christburg-campus-ggmbh,,9,,unverifiable,no,
personio,chrono24,,22,,unverifiable,no,
personio,civey-gmbh,,4,,unverifiable,no,
personio,clarius,,17,,unverifiable,no,
personio,clicks,,11,,unverifiable,no,
personio,climedo,,3,,unverifiable,no,
personio,codeblick,,6,,unverifiable,no,
personio,codecampn,,3,,unverifiable,no,
personio,codecentric,,17,,unverifiable,no,
personio,codon,,3,,unverifiable,no,
personio,compay,,1,,unverifiable,no,
personio,complero-gmbh,,2,,unverifiable,no,
personio,comrce,,5,,unverifiable,no,
personio,comsol-unternehmensloesungen-ag,,4,,unverifiable,no,
personio,condo-group,,5,,unverifiable,no,
personio,correctiv,,4,,unverifiable,no,
personio,cps-group,,11,,unverifiable,no,
personio,crowe-bpg,,9,,unverifiable,no,
personio,culligan,,24,,unverifiable,no,
personio,cureosity-gmbh,,4,,unverifiable,no,
personio,cycle,,18,,unverifiable,no,
personio,cyclize,,5,,unverifiable,no,
personio,cycloid,,3,,unverifiable,no,
personio,d-o-b-landtechnik-ag,,46,,unverifiable,no,
personio,dah-gruppe,,27,,unverifiable,no,
personio,damedic-gmbh,,6,,unverifiable,no,
personio,damm-bierbaum-gmbh,,3,,unverifiable,no,
personio,data4life,,10,,unverifiable,no,
personio,dataunit,,3,,unverifiable,no,
personio,davidsystems,,0,,unverifiable,no,
personio,decarbon1ze-gmbh,,5,,unverifiable,no,
personio,deecoob,,2,,unverifiable,no,
personio,deepdrive-gmbh,,5,,unverifiable,no,
personio,dehogabw,,14,,unverifiable,no,
personio,deinzer-weyland-gmbh,,28,,unverifiable,no,
personio,dela-lebensversicherungen,,5,,unverifiable,no,
personio,delta-v-gmbh,,3,,unverifiable,no,
personio,dembach-goo-informatik-gmbh-co-kg,,3,,unverifiable,no,
personio,democracy-reporting,,2,,unverifiable,no,
personio,deneff,,5,,unverifiable,no,
personio,denkwerk-gmbh,,4,,unverifiable,no,
personio,dental21,,161,,unverifiable,no,
personio,deutsche-giganetz,,5,,unverifiable,no,
personio,deutscher-reisesicherungsfond-gmbh,,1,,unverifiable,no,
personio,dezernat-zukunft,,0,,unverifiable,no,
personio,dfb,,10,,unverifiable,no,
personio,dgi,,8,,unverifiable,no,
personio,dgnb,,7,,unverifiable,no,
personio,diasys,,10,,unverifiable,no,
personio,dieproduktmacher,,2,,unverifiable,no,
personio,dieza,,7,,unverifiable,no,
personio,digetiers-gmbh,,7,,unverifiable,no,
personio,dina,,3,,unverifiable,no,
personio,dishdigital,,7,,unverifiable,no,
personio,divve,,1,,unverifiable,no,
personio,dje-kapital-ag,,4,,unverifiable,no,
personio,docuware,,27,,unverifiable,no,
personio,dolatel,,6,,unverifiable,no,
personio,dornier-medtech,,9,,unverifiable,no,
personio,dpa,,13,,unverifiable,no,
personio,dr-franz-koehler-chemie-gmbh,,3,,unverifiable,no,
personio,dr-schauer-partgmbb,,3,,unverifiable,no,
personio,drachenreiter-ggmbh,,12,,unverifiable,no,
personio,dreicad-gmbh,,3,,unverifiable,no,
personio,driving-sales-group,,19,,unverifiable,no,
personio,drk,,19,,unverifiable,no,
personio,dtad-gmbh,,8,,unverifiable,no,
personio,duh-group-gmbh,,5,,unverifiable,no,
personio,dymatrix,,15,,unverifiable,no,
personio,e-nema-gmbh,,4,,unverifiable,no,
personio,e-shelter-security,,28,,unverifiable,no,
personio,ecbf,,0,,unverifiable,no,
personio,echte-mamas-gmbh,,5,,unverifiable,no,
personio,ecosia,,2,,unverifiable,no,
personio,ecovis-kso,,61,,unverifiable,no,
personio,ecpmf-sce-mbh,,0,,unverifiable,no,
personio,edocag,,5,,unverifiable,no,
personio,edurino,,2,,unverifiable,no,
personio,eeden,,6,,unverifiable,no,
personio,efeso-management-consultants-dach,,7,,unverifiable,no,
personio,effzeh,,14,,unverifiable,no,
personio,eigenherd-gmbh,,2,,unverifiable,no,
personio,einhundert-energie-gmbh,,10,,unverifiable,no,
personio,eladeinfrastruktur,,4,,unverifiable,no,
personio,emeram-capital-partners-gmbh,,5,,unverifiable,no,
personio,emma-noah-gmbh,,4,,unverifiable,no,
personio,emp-biotech-gmbh,,3,,unverifiable,no,
personio,encoviva,,24,,unverifiable,no,
personio,energy-software-holding-gmbh,,6,,unverifiable,no,
personio,enlite,,31,,unverifiable,no,
personio,envelio,,9,,unverifiable,no,
personio,enviria,,9,,unverifiable,no,
personio,enyring,,0,,unverifiable,no,
personio,eppdata,,0,,unverifiable,no,
personio,eqs-group,,10,,unverifiable,no,
personio,eraneos,,20,,unverifiable,no,
personio,erasmus,,15,,unverifiable,no,
personio,es-group,,30,,unverifiable,no,
personio,esg-solar,,2,,unverifiable,no,
personio,essentry,,5,,unverifiable,no,
personio,estermann,,7,,unverifiable,no,
personio,etribes-connect,,6,,unverifiable,no,
personio,ets-group,,5,,unverifiable,no,
personio,eurocres-consulting-gmbh,,2,,unverifiable,no,
personio,eurofun-touristik,,3,,unverifiable,no,
personio,europ-assistance-services-gmbh,,17,,unverifiable,no,
personio,europcell,,5,,unverifiable,no,
personio,ev-diakonieverein-berlin-zehlendorf-e-v,,1,,unverifiable,no,
personio,evanium-healthcare,,2,,unverifiable,no,
personio,everphone,,7,,unverifiable,no,
personio,exactag,,0,,unverifiable,no,
personio,exmox-gmbh,,0,,unreachable,no,HTTP 429
personio,eyesense,,1,,unverifiable,no,
personio,faaren,,3,,unverifiable,no,
personio,factory42,,2,,unverifiable,no,
personio,fairfood-freiburg,,5,,unverifiable,no,
personio,falkemedia,,8,,unverifiable,no,
personio,falling-walls,,1,,unverifiable,no,
personio,faqhealth,,4,,unverifiable,no,
personio,ferdinand-schultz-nachfolger,,18,,unverifiable,no,
personio,fiantec,,4,,unverifiable,no,
personio,fides-technology-gmbh,,3,,unverifiable,no,
personio,fieldfisher,,31,,unverifiable,no,
personio,filics,,2,,unverifiable,no,
personio,finlex,,1,,unverifiable,no,
personio,fiz,,4,,unverifiable,no,
personio,fle,,8,,unverifiable,no,
personio,fleetloop-gmbh,,4,,unverifiable,no,
personio,fleishmanhillard,,4,,unverifiable,no,
personio,flex-capital-management-gmbh,,14,,unverifiable,no,
personio,flh,,9,,unverifiable,no,
personio,flowprime,,1,,unverifiable,no,
personio,flughafen-memmingen-gmbh,,23,,unverifiable,no,
personio,foodwatch-ev,,1,,unverifiable,no,
personio,formmed-1,,1,,unverifiable,no,
personio,framen-gmbh,,3,,unverifiable,no,
personio,framos,,12,,unverifiable,no,
personio,freiburger-stadtbau-gmbh,,7,,unverifiable,no,
personio,freicon,,8,,unverifiable,no,
personio,freiwilligendienste-drs,,0,,unverifiable,no,
personio,friedrich-zufall-gmbh,,102,,unverifiable,no,
personio,frp,,4,,unverifiable,no,
personio,ftapi,,5,,unverifiable,no,
personio,fuchs-eule,,8,,unverifiable,no,
personio,fulfin,,1,,unverifiable,no,
personio,funkeworks,,5,,unverifiable,no,
personio,gbc-gruppe,,24,,unverifiable,no,
personio,gbg-forschungs-gmbh,,6,,unverifiable,no,
personio,gcs,,10,,unverifiable,no,
personio,gebr-lorenzen-1,,18,,unverifiable,no,
personio,geissler-it,,2,,unverifiable,no,
personio,gemesys,,2,,unverifiable,no,
personio,geno-kom,,1,,unverifiable,no,
personio,german-airways,,10,,unverifiable,no,
personio,gesis,,13,,unverifiable,no,
personio,gestalten,,3,,unverifiable,no,
personio,getec-energie-gmbh,,3,,unverifiable,no,
personio,getec-holding,,37,,unverifiable,no,
personio,getquin,,9,,unverifiable,no,
personio,gicom-ag,,12,,unverifiable,no,
personio,giga-green,,5,,unverifiable,no,
personio,glacier,,1,,unverifiable,no,
personio,go-express-logistics-gmbh,,38,,unverifiable,no,
personio,goerg-partnerschaft-von-rechtsanwaelten,,40,,unverifiable,no,
personio,gokarla-gmbh,,4,,unverifiable,no,
personio,good-hood-gmbh,,6,,unverifiable,no,
personio,goodbytz,,9,,unverifiable,no,
personio,govradar,,0,,unreachable,no,HTTP 429
personio,gpe,,6,,unverifiable,no,
personio,gpnz,,40,,unverifiable,no,
personio,greenbone-ag,,2,,unverifiable,no,
personio,greencells-gmbh,,6,,unverifiable,no,
personio,greenflash,,19,,unverifiable,no,
personio,greenpeak,,4,,unverifiable,no,
personio,greenwind-group,,8,,unverifiable,no,
personio,greven-twt-gruppe,,2,,unverifiable,no,
personio,gridx,,1,,unverifiable,no,
personio,gross-und-partner,,15,,unverifiable,no,
personio,gus-germany,,112,,unverifiable,no,
personio,gustav-benz-haus,,4,,unverifiable,no,
personio,gustavogusto,,9,,unverifiable,no,
personio,gwzo,,0,,unverifiable,no,
personio,h2fly-gmbh,,3,,unverifiable,no,
personio,haefft,,2,,unverifiable,no,
personio,haevg-ag,,15,,unverifiable,no,
personio,hafen-und-hof,,11,,unverifiable,no,
personio,hafencity-hamburg,,4,,unverifiable,no,
personio,hagos-eg,,27,,unverifiable,no,
personio,hameln-pharma,,5,,unverifiable,no,
personio,hand-werk-gmbh,,22,,unverifiable,no,
personio,haniel,,3,,unverifiable,no,
personio,hasenkamp,,16,,unverifiable,no,
personio,hateaid,,3,,unverifiable,no,
personio,hbm,,11,,unverifiable,no,
personio,hck,,6,,unverifiable,no,
personio,heim-watt,,17,,unverifiable,no,
personio,heinstadt-reiss-gmbh,,13,,unverifiable,no,
personio,helu,,1,,unverifiable,no,
personio,hhpberlin,,12,,unverifiable,no,
personio,high-office-it-gmbh,,20,,unverifiable,no,
personio,hiq,,5,,unverifiable,no,
personio,hitzler,,35,,unverifiable,no,
personio,hkabadelster,,2,,unverifiable,no,
personio,hkes-gmbh,,5,,unverifiable,no,
personio,hlb,,3,,unverifiable,no,
personio,hoermann-reisen,,2,,unverifiable,no,
personio,hoffnungstraeger-stiftung,,14,,unverifiable,no,
personio,hoft-berlin,,1,,unverifiable,no,
personio,hohenstein,,17,,unverifiable,no,
personio,holidaycheck,,8,,unverifiable,no,
personio,holidaypirates,,1,,unverifiable,no,
personio,holoplot,,7,,unverifiable,no,
personio,homeday,,0,,unverifiable,no,
personio,homify,,5,,unverifiable,no,
personio,honeysales-gmbh,,7,,unverifiable,no,
personio,horl-1993,,4,,unverifiable,no,
personio,house-of-yas,,8,,unverifiable,no,
personio,hseq,,9,,unverifiable,no,
personio,htgf,,2,,unverifiable,no,
personio,hubject-gmbh,,4,,unverifiable,no,
personio,huk-autowelt,,3,,unverifiable,no,
personio,humanizing,,4,,unverifiable,no,
personio,humedica-e-v,,6,,unverifiable,no,
personio,huz,,28,,unverifiable,no,
personio,hygh,,5,,unverifiable,no,
personio,hypatos-gmbh,,3,,unverifiable,no,
personio,iakw,,4,,unverifiable,no,
personio,icongroup-gmbh,,0,,unverifiable,no,
personio,ida,,4,,unverifiable,no,
personio,idealworks,,9,,unverifiable,no,
personio,iges-institut-gmbh,,8,,unverifiable,no,
personio,ihk-akademie-suedlicher-oberrhein,,1,,unverifiable,no,
personio,ihk-essen,,2,,unverifiable,no,
personio,ihk-suedlicher-oberrhein,,3,,unverifiable,no,
personio,imap-gmbh-1,,7,,unverifiable,no,
personio,immojects,,3,,unverifiable,no,
personio,immunic,,0,,unverifiable,no,
personio,imwind,,5,,unverifiable,no,
personio,ines-ag,,5,,unverifiable,no,
personio,innolizer-gmbh,,5,,unverifiable,no,
personio,inovisco,,52,,unverifiable,no,
personio,insglueck,,9,,unverifiable,no,
personio,intec-industrie-technik-gmbh,,15,,unverifiable,no,
personio,integrity-next-gmbh,,3,,unverifiable,no,
personio,intelligentfood-schweiz-ag,,4,,unverifiable,no,
personio,intense-ag,,24,,unverifiable,no,
personio,interlog-management-gmbh,,5,,unverifiable,no,
personio,internations,,3,,unverifiable,no,
personio,intumind,,0,,unverifiable,no,
personio,ishap,,3,,unverifiable,no,
personio,it-p,,3,,unverifiable,no,
personio,itemis,,2,,unverifiable,no,
personio,its-gruppe,,45,,unverifiable,no,
personio,jbs-agrar,,15,,unverifiable,no,
personio,jedox,,17,,unverifiable,no,
personio,jf-group-gmbh,,10,,unverifiable,no,
personio,jobleads,,15,,unverifiable,no,
personio,joblinge,,20,,unverifiable,no,
personio,jobrad-loop,,29,,unverifiable,no,
personio,jodel,,1,,unverifiable,no,
personio,johann-und-erika-loewe-stiftung,,7,,unverifiable,no,
personio,johannes-lefeld-gmbh-co-kg,,7,,unverifiable,no,
personio,join,,2,,unverifiable,no,
personio,jom-group,,4,,unverifiable,no,
personio,jungvonmatt,,38,,unverifiable,no,
personio,just-virtual-food,,5,,unverifiable,no,
personio,juston,,3,,unverifiable,no,
personio,kaer,,21,,unverifiable,no,
personio,kaiserwetter,,5,,unverifiable,no,
personio,kalorimeta,,14,,unverifiable,no,
personio,kangoolutions,,4,,unverifiable,no,
personio,karrieretutor-de,,31,,unverifiable,no,
personio,kb1,,105,,unverifiable,no,
personio,kbc,,3,,unverifiable,no,
personio,kemmler-kemmler-gmbh,,13,,unverifiable,no,
personio,kent,,20,,unverifiable,no,
personio,keyou-gmbh,,2,,unverifiable,no,
personio,kfzinnungschwaben,,2,,unverifiable,no,
personio,ki-macht-schule-ggmbh,,1,,unverifiable,no,
personio,kindernothilfe,,2,,unverifiable,no,
personio,kirberg,,3,,unverifiable,no,
personio,kiron,,0,,unverifiable,no,
personio,kita-kinderzimmer,,24,,unverifiable,no,
personio,kitarino-service-gmbh,,64,,unverifiable,no,
personio,kiwi,,4,,unverifiable,no,
personio,klarx,,3,,unverifiable,no,
personio,klk-kolb,,12,,unverifiable,no,
personio,klu,,4,,unverifiable,no,
personio,kmpro-muenchen-gmbh-co-kg-stbg,,7,,unverifiable,no,
personio,knime,,9,,unverifiable,no,
personio,knsk,,2,,unverifiable,no,
personio,kobaltblau,,9,,unverifiable,no,
personio,kochs-gmbh,,8,,unverifiable,no,
personio,kolb-distribution-ltd,,3,,unverifiable,no,
personio,kopfsachen,,8,,unverifiable,no,
personio,koppla,,3,,unverifiable,no,
personio,koro-handels-gmbh,,0,,unreachable,no,HTTP 429
personio,kraemmel,,11,,unverifiable,no,
personio,kraftblock,,1,,unverifiable,no,
personio,kraftling,,3,,unverifiable,no,
personio,kraus-partner-unternehemensberatung,,2,,unverifiable,no,
personio,kremer-naturtalente,,22,,unverifiable,no,
personio,krick-com-gmbh-co-kg,,14,,unverifiable,no,
personio,kultbude-gmbh,,2,,unverifiable,no,
personio,kumi-health-gmbh,,5,,unverifiable,no,
personio,l21s-gmbh,,5,,unverifiable,no,
personio,laemmermann,,3,,unverifiable,no,
personio,laemmerzahl-gmbh,,1,,unverifiable,no,
personio,lanch,,12,,unverifiable,no,
personio,lao,,4,,unverifiable,no,
personio,lavera,,20,,unverifiable,no,
personio,lavita-gmbh,,11,,unverifiable,no,
personio,lawpilots,,3,,unverifiable,no,
personio,layer-four,,3,,unverifiable,no,
personio,lazars,,1,,unverifiable,no,
personio,leantechnik,,4,,unverifiable,no,
personio,lebenshilfe-landshut,,39,,unverifiable,no,
personio,legalhero,,8,,unverifiable,no,
personio,legartis,,13,,unverifiable,no,
personio,lehleiter-ag,,24,,unverifiable,no,
personio,lennertz,,6,,unverifiable,no,
personio,leonine,,9,,unverifiable,no,
personio,lepaya,,1,,unverifiable,no,
personio,letmeship,,4,,unverifiable,no,
personio,lhr,,1,,unverifiable,no,
personio,lifelink-medical-gmbh,,55,,unverifiable,no,
personio,linkbroker,,8,,unverifiable,no,
personio,liveeo-gmbh,,16,,unverifiable,no,
personio,lmit,,9,,unverifiable,no,
personio,lrz,,11,,unverifiable,no,
personio,luis-technology,,4,,unverifiable,no,
personio,lumaserv,,7,,unverifiable,no,
personio,lumenaza,,7,,unverifiable,no,
personio,lush,,21,,unverifiable,no,
personio,lytra,,4,,unverifiable,no,
personio,m3connect,,2,,unverifiable,no,
personio,m4c,,10,,unverifiable,no,
personio,madame-moneypenny-gmbh,,0,,unverifiable,no,
personio,maibornwolff,,52,,unverifiable,no,
personio,maisenbacher-hort-partner-1,,12,,unverifiable,no,
personio,maltego,,7,,unverifiable,no,
personio,manthey-racing-gmbh,,23,,unverifiable,no,
personio,marcapo,,3,,unverifiable,no,
personio,markgraph,,2,,unverifiable,no,
personio,martin-et-karczinski-gmbh,,4,,unverifiable,no,
personio,maxl-baeck-gmbh-co-kg,,0,,unverifiable,no,
personio,mayflower,,8,,unverifiable,no,
personio,mbgglobal,,16,,unverifiable,no,
personio,mec-group,,3,,unverifiable,no,
personio,medas-factoring-gmbh,,2,,unverifiable,no,
personio,medermis-clinics-gmbh,,57,,unverifiable,no,
personio,media-central-gmbh,,3,,unverifiable,no,
personio,medien-bayern,,1,,unverifiable,no,
personio,mediengruppe-bayern-gmbh,,32,,unverifiable,no,
personio,mediserv-bank-gmbh,,10,,unverifiable,no,
personio,megazoo,,0,,unverifiable,no,
personio,meierhofer,,21,,unverifiable,no,
personio,meinunterricht,,2,,unverifiable,no,
personio,meister,,2,,unverifiable,no,
personio,menlo-systems-gmbh,,9,,unverifiable,no,
personio,mentalis,,1,,unverifiable,no,
personio,merantix,,14,,unverifiable,no,
personio,mercanis,,18,,unverifiable,no,
personio,meteocontrol,,36,,unverifiable,no,
personio,metergrid,,13,,unverifiable,no,
personio,metoda-gmbh,,1,,unverifiable,no,
personio,micronova,,14,,unverifiable,no,
personio,microtech,,6,,unverifiable,no,
personio,millerundmeier,,1,,unverifiable,no,
personio,mindeight,,2,,unverifiable,no,
personio,mindfuel,,3,,unverifiable,no,
personio,mitocare,,5,,unverifiable,no,
personio,mobilityconcept,,11,,unverifiable,no,
personio,modelwise,,4,,unverifiable,no,
personio,montafon-tourismus,,1,,unverifiable,no,
personio,mosel-eifel-klinik-1,,5,,unverifiable,no,
personio,movesell,,3,,unverifiable,no,
personio,movexm,,1,,unverifiable,no,
personio,moving-adventures-medien-gmbh,,3,,unverifiable,no,
personio,mrge-group-gmbh,,1,,unverifiable,no,
personio,msr-family-office,,3,,unverifiable,no,
personio,mtg-ag,,5,,unverifiable,no,
personio,mum,,14,,unverifiable,no,
personio,munich-security-conference-1,,5,,unverifiable,no,
personio,mutabor,,9,,unverifiable,no,
personio,mute-labs-gmbh,,9,,unverifiable,no,
personio,muuuh-gmbh,,10,,unverifiable,no,
personio,mybacs-vertriebs-gmbh,,1,,unverifiable,no,
personio,myra,,16,,unverifiable,no,
personio,natsana,,5,,unverifiable,no,
personio,nbs-partners-servicegesellschaft-mbh,,12,,unverifiable,no,
personio,ncs-gmbh,,2,,unverifiable,no,
personio,neoom,,0,,unverifiable,no,
personio,neos,,13,,unverifiable,no,
personio,neoshare,,7,,unverifiable,no,
personio,net-at-work-gmbh,,3,,unverifiable,no,
personio,netclusive,,3,,unverifiable,no,
personio,netcologne-it-services-gmbh,,9,,unverifiable,no,
personio,netcom-connected-services-gmbh,,4,,unverifiable,no,
personio,netformic,,2,,unverifiable,no,
personio,netzlink,,5,,unverifiable,no,
personio,neumeier-ag,,24,,unverifiable,no,
personio,neuronation,,10,,unverifiable,no,
personio,new-soul-gmbh,,25,,unverifiable,no,
personio,newboxes,,9,,unverifiable,no,
personio,newflag,,18,,unverifiable,no,
personio,nexaris,,5,,unverifiable,no,
personio,nextwind,,12,,unverifiable,no,
personio,nfon,,8,,unverifiable,no,
personio,nihon-kohden-europe-gmbh,,4,,unverifiable,no,
personio,node-energy,,3,,unverifiable,no,
personio,nordantech,,2,,unverifiable,no,
personio,nscon,,5,,unverifiable,no,
personio,nunatak,,13,,unverifiable,no,
personio,nussli,,25,,unverifiable,no,
personio,nvbw-mbh,,4,,unverifiable,no,
personio,nyala,,2,,unverifiable,no,
personio,nzym,,4,,unverifiable,no,
personio,oberender,,10,,unverifiable,no,
personio,obremba-partner,,7,,unverifiable,no,
personio,oceanoutdoorde,,4,,unverifiable,no,
personio,octonomy-ai,,7,,unverifiable,no,
personio,oebv,,2,,unverifiable,no,
personio,oncampus,,1,,unverifiable,no,
personio,onchain,,2,,unverifiable,no,
personio,oneconcepts,,3,,unverifiable,no,
personio,onepage,,2,,unverifiable,no,
personio,onpier,,3,,unverifiable,no,
personio,onventis,,6,,unverifiable,no,
personio,orfo,,1,,unverifiable,no,
personio,ory,,0,,unverifiable,no,
personio,ottonova,,9,,unverifiable,no,
personio,p3-security,,24,,unverifiable,no,
personio,paedquis-stiftung,,2,,unverifiable,no,
personio,palabra-praxisgruppe-gmbh,,61,,unverifiable,no,
personio,papair-gmbh,,4,,unverifiable,no,
personio,paperandtea,,8,,unverifiable,no,
personio,parasol,,6,,unverifiable,no,
personio,parqet,,3,,unverifiable,no,
personio,partscloud,,2,,unverifiable,no,
personio,pava-partners,,5,,unverifiable,no,
personio,pbvi,,17,,unverifiable,no,
personio,pcs-systemtechnik-gmbh,,8,,unverifiable,no,
personio,peakace,,3,,unverifiable,no,
personio,peakpeak,,19,,unverifiable,no,
personio,pec,,8,,unverifiable,no,
personio,pec-project-engineers-consultants-gmbh,,9,,unverifiable,no,
personio,penzilla-gmbh,,4,,unverifiable,no,
personio,peoplex,,7,,unverifiable,no,
personio,pepco,,58,,unverifiable,no,
personio,periti-digital-ltd,,4,,unverifiable,no,
personio,peter-park,,30,,unverifiable,no,
personio,pflege-de,,1,,unverifiable,no,
personio,pharma4u,,3,,unverifiable,no,
personio,phenospex-bv,,4,,unverifiable,no,
personio,phineo,,1,,unverifiable,no,
personio,pixolith,,2,,unverifiable,no,
personio,pixum,,5,,unverifiable,no,
personio,pkf-wulf-gruppe,,114,,unverifiable,no,
personio,planb,,2,,unverifiable,no,
personio,planet-biogastechnik-gmbh,,26,,unverifiable,no,
personio,planetafoods,,6,,unverifiable,no,
personio,planorg,,8,,unverifiable,no,
personio,plantura,,2,,unverifiable,no,
personio,pm-team,,3,,unverifiable,no,
personio,pmone,,6,,unverifiable,no,
personio,polarstern-gmbh,,2,,unverifiable,no,
personio,pomelo-co,,1,,unverifiable,no,
personio,positec-germany-gmbh,,13,,unverifiable,no,
personio,praeventsozial,,2,,unverifiable,no,
personio,praxis-dr-beer,,4,,unverifiable,no,
personio,predium,,5,,unverifiable,no,
personio,prematch-sports-gmbh,,18,,unverifiable,no,
personio,prima-pflege-netzwerk-gmbh,,5,,unverifiable,no,
personio,primecapital-ag,,3,,unverifiable,no,
personio,primedus,,16,,unverifiable,no,
personio,primus-solutions,,1,,unverifiable,no,
personio,pripares,,3,,unverifiable,no,
personio,procom-automation,,6,,unverifiable,no,
personio,projecttogether-ggmbh,,1,,unverifiable,no,
personio,proofnet,,3,,unverifiable,no,
personio,prosperity,,2,,unverifiable,no,
personio,proteindistillery,,7,,unverifiable,no,
personio,proteros-biostructures-gmbh,,10,,unverifiable,no,
personio,proveg,,2,,unverifiable,no,
personio,publicplan,,1,,unverifiable,no,
personio,puschwahlig-workplace-law,,7,,unverifiable,no,
personio,quadriga,,5,,unverifiable,no,
personio,quantum-diamond,,15,,unverifiable,no,
personio,quattron,,0,,unverifiable,no,
personio,rail-flow,,4,,unverifiable,no,
personio,ramp106-gmbh,,32,,unverifiable,no,
personio,rapid-data,,5,,unverifiable,no,
personio,rausgegangen,,5,,unverifiable,no,
personio,raya-diagnostics,,4,,unverifiable,no,
personio,ready2order,,1,,unverifiable,no,
personio,realeyes,,15,,unverifiable,no,
personio,reev,,7,,unverifiable,no,
personio,reflex-aerospace-gmbh,,19,,unverifiable,no,
personio,regnology,,1,,unverifiable,no,
personio,remazing-gmbh,,9,,unverifiable,no,
personio,reos,,4,,unverifiable,no,
personio,retoflow,,1,,unverifiable,no,
personio,reverse-retail,,2,,unverifiable,no,
personio,rg-finance-gmbh,,4,,unverifiable,no,
personio,rheinland-air-service-gmbh,,6,,unverifiable,no,
personio,rightmart-gmbh,,0,,unverifiable,no,
personio,roast-market-gmbh,,4,,unverifiable,no,
personio,robnicolas,,1,,unverifiable,no,
personio,roesberg-engineering-gmbh,,13,,unverifiable,no,
personio,rohm-semiconductor,,3,,unverifiable,no,
personio,rooflineai-gmbh,,3,,unverifiable,no,
personio,rose-druck-gmbh,,8,,unverifiable,no,
personio,rosengarten-gmbh,,45,,unverifiable,no,
personio,rossittis-gmbh,,5,,unverifiable,no,
personio,rtc-rath-gmbh,,1,,unverifiable,no,
personio,rumble,,48,,unverifiable,no,
personio,rwg-erdinger-land,,4,,unverifiable,no,
personio,rwth-international-academy,,3,,unverifiable,no,
personio,saeki,,11,,unverifiable,no,
personio,safetonet-family-store,,20,,unverifiable,no,
personio,salestechgroup,,7,,unverifiable,no,
personio,saxoventwindpunx,,8,,unverifiable,no,
personio,scheerer-logistik,,14,,unverifiable,no,
personio,schickler,,8,,unverifiable,no,
personio,schiffmann,,4,,unverifiable,no,
personio,schluetersche-mediengruppe,,5,,unverifiable,no,
personio,schmetterling,,12,,unverifiable,no,
personio,schmidhuber,,6,,unverifiable,no,
personio,schmidmeier-naturenergie,,4,,unverifiable,no,
personio,schuberth,,12,,unverifiable,no,
personio,schuellermann-und-partner-ag,,15,,unverifiable,no,
personio,schuermann,,18,,unverifiable,no,
personio,schwarz-matt,,1,,unverifiable,no,
personio,schweizerische-rheinhaefen,,0,,unverifiable,no,
personio,screeningeagle,,9,,unverifiable,no,
personio,script-communications,,3,,unverifiable,no,
personio,sda-software-defined-automation-gmbh,,5,,unverifiable,no,
personio,security-research-labs,,5,,unverifiable,no,
personio,segmenta,,12,,unverifiable,no,
personio,seitenbau-gmbh,,11,,unverifiable,no,
personio,selfbits,,4,,unverifiable,no,
personio,sensorberg,,3,,unverifiable,no,
personio,service4evu,,2,,unverifiable,no,
personio,sfgroup,,2,,unverifiable,no,
personio,sgh,,2,,unverifiable,no,
personio,sherpa-design,,2,,unverifiable,no,
personio,shopmacher,,1,,unverifiable,no,
personio,siepmann-media,,2,,unverifiable,no,
personio,sikwel-gmbh,,6,,unverifiable,no,
personio,silbury,,0,,unverifiable,no,
personio,simpleshow,,3,,unverifiable,no,
personio,skalbach-gmbh,,201,,unverifiable,no,
personio,skl-schienen-komplex-logistik-magdeburg,,2,,unverifiable,no,
personio,skytanking,,7,,unverifiable,no,
personio,skytron,,3,,unverifiable,no,
personio,sll-automotive-group,,8,,unverifiable,no,
personio,smartekarriere,,1,,unverifiable,no,
personio,smf-gmbh,,4,,unverifiable,no,
personio,snocks,,12,,unverifiable,no,
personio,social-dna,,7,,unverifiable,no,
personio,socialhub,,1,,unverifiable,no,
personio,socialpals,,2,,unverifiable,no,
personio,softing,,14,,unverifiable,no,
personio,sogedes,,1,,unverifiable,no,
personio,solar-andresen,,4,,unverifiable,no,
personio,solar-materials-gmbh,,2,,unverifiable,no,
personio,somengo-gmbh,,2,,unverifiable,no,
personio,sonnenernte-gmbh,,0,,unverifiable,no,
personio,sport-import-gmbh,,6,,unverifiable,no,
personio,spread-gmbh,,8,,unverifiable,no,
personio,stackmeister-gmbh,,3,,unverifiable,no,
personio,start2,,3,,unverifiable,no,
personio,stayraus-gmbh,,4,,unverifiable,no,
personio,stenon-gmbh,,1,,unverifiable,no,
personio,stercom-power-solutions-gmbh,,5,,unverifiable,no,
personio,sti,,6,,unverifiable,no,
personio,stiftung-unabhaengige-patientenberatung,,13,,unverifiable,no,
personio,stock3-ag,,1,,unverifiable,no,
personio,storymachine,,5,,unverifiable,no,
personio,stp-one,,6,,unverifiable,no,
personio,strateco,,3,,unverifiable,no,
personio,strategis-ag,,4,,unverifiable,no,
personio,studiokurbos,,3,,unverifiable,no,
personio,studyflix-gmbh,,19,,unverifiable,no,
personio,suedwestmetall,,8,,unverifiable,no,
personio,suhm-ventures,,17,,unverifiable,no,
personio,sungrow-emea,,121,,unverifiable,no,
personio,supercode-gmbh-co-kg,,3,,unverifiable,no,
personio,supreme-gmbh,,10,,unverifiable,no,
personio,surftown,,3,,unverifiable,no,
personio,sustentio,,3,,unverifiable,no,
personio,swan-gmbh,,29,,unverifiable,no,
personio,swh-gruppe,,7,,unverifiable,no,
personio,swissbit,,34,,unverifiable,no,
personio,syde,,2,,unverifiable,no,
personio,synaforce-gmbh,,23,,unverifiable,no,
personio,synaos-gmbh,,4,,unverifiable,no,
personio,taktiq,,7,,unverifiable,no,
personio,tamara-comolli-fine-jewelry,,3,,unverifiable,no,
personio,tandler,,5,,unverifiable,no,
personio,tantive,,3,,unverifiable,no,
personio,taskom,,3,,unverifiable,no,
personio,taw,,14,,unverifiable,no,
personio,tbinternational,,6,,unverifiable,no,
personio,team-gmbh,,16,,unverifiable,no,
personio,teamative,,18,,unverifiable,no,
personio,teamvet-verbund,,59,,unverifiable,no,
personio,technischermieterservice,,4,,unverifiable,no,
personio,techquartier,,2,,unverifiable,no,
personio,tecvia,,11,,unverifiable,no,
personio,tegosgroup,,8,,unverifiable,no,
personio,telluride,,11,,unverifiable,no,
personio,temedica,,2,,unverifiable,no,
personio,tengelmann-audit-gmbh,,1,,unverifiable,no,
personio,terra-infrastructure,,12,,unverifiable,no,
personio,tertianum,,12,,unverifiable,no,
personio,tesvolt-gmbh,,9,,unverifiable,no,
personio,teveo-gmbh,,19,,unverifiable,no,
personio,theaterbremen,,5,,unverifiable,no,
personio,theion-gmbh,,2,,unverifiable,no,
personio,theobald-software-gmbh,,5,,unverifiable,no,
personio,therapiezentrum-snoek,,0,,unverifiable,no,
personio,thinkport-gmbh,,5,,unverifiable,no,
personio,thjnkag,,6,,unverifiable,no,
personio,thomassabo,,36,,unverifiable,no,
personio,titan-wind-energy-germany,,6,,unverifiable,no,
personio,tkp,,16,,unverifiable,no,
personio,tli-stbg-dobner-gmbh-co-kg,,5,,unverifiable,no,
personio,tngtech,,15,,unverifiable,no,
personio,tonies,,14,,unverifiable,no,
personio,tonitrus,,17,,unverifiable,no,
personio,towa,,27,,unverifiable,no,
personio,tradedoubler-en,,13,,unverifiable,no,
personio,trauringschmiede,,7,,unverifiable,no,
personio,travelcircus,,5,,unverifiable,no,
personio,traviangames,,2,,unverifiable,no,
personio,triple-a,,43,,unverifiable,no,
personio,trusteq-gmbh,,19,,unverifiable,no,
personio,tuerantuer,,1,,unverifiable,no,
personio,tv-wartezimmer-1,,2,,unverifiable,no,
personio,ubg,,2,,unverifiable,no,
personio,umco,,5,,unverifiable,no,
personio,unchained-robotics-gmbh,,10,,unverifiable,no,
personio,unite-ggmbh,,0,,unreachable,no,HTTP 429
personio,unitedgames,,2,,unverifiable,no,
personio,univativ-group,,4,,unverifiable,no,
personio,univention,,4,,unverifiable,no,
personio,unternehmertum,,23,,unverifiable,no,
personio,uptodate-ventures-gmbh,,0,,unverifiable,no,
personio,urbanheroes,,1,,unverifiable,no,
personio,urlaubsguru,,2,,unverifiable,no,
personio,usd-ag,,7,,unverifiable,no,
personio,validas-ag,,4,,unverifiable,no,
personio,valuedesk,,11,,unverifiable,no,
personio,valuenet-group,,21,,unverifiable,no,
personio,vamo,,20,,unverifiable,no,
personio,varm,,0,,unverifiable,no,
personio,vdw-rheinland-westfalen-ev,,1,,unverifiable,no,
personio,vdwbayern,,5,,unverifiable,no,
personio,velptec,,10,,unverifiable,no,
personio,vereinigung-cockpit,,0,,unverifiable,no,
personio,versorgungszentren-dillingen-gbr,,19,,unverifiable,no,
personio,vgda,,5,,unverifiable,no,
personio,viastore-group,,8,,unverifiable,no,
personio,vicollective,,3,,unverifiable,no,
personio,viehoff-gruppe,,26,,unverifiable,no,
personio,vindelici,,18,,unverifiable,no,
personio,virtual-solution-ag,,1,,unverifiable,no,
personio,visiconsult-x-ray-systems-solutions-gmbh,,43,,unverifiable,no,
personio,vitafy,,8,,unverifiable,no,
personio,viu-ventures,,34,,unverifiable,no,
personio,vivid,,24,,unverifiable,no,
personio,vmray-gmbh,,6,,unverifiable,no,
personio,volksbund,,1,,unverifiable,no,
personio,vollack,,16,,unverifiable,no,
personio,vollcorner,,16,,unverifiable,no,
personio,voltfang,,13,,unverifiable,no,
personio,vsquadrat,,4,,unverifiable,no,
personio,vulpius-klinik-gmbh,,11,,unverifiable,no,
personio,vyoma-gmbh,,2,,unverifiable,no,
personio,vytal,,1,,unverifiable,no,
personio,wattline,,10,,unverifiable,no,
personio,waveit-gmbh,,2,,unverifiable,no,
personio,wavesix,,3,,unverifiable,no,
personio,weber-und-weber-arzneimittel,,2,,unverifiable,no,
personio,webgo-gmbh,,4,,unverifiable,no,
personio,weclapp,,3,,unverifiable,no,
personio,wecreate-data-gmbh,,0,,unverifiable,no,
personio,wecreate-germany-gmbh,,5,,unverifiable,no,
personio,weicon,,0,,unreachable,no,HTTP 429
personio,welle-und-partner,,1,,unverifiable,no,
personio,weltenbauer-software-entwicklung-gmbh,,11,,unverifiable,no,
personio,wera-werkzeuge,,6,,unverifiable,no,
personio,wertgrund,,12,,unverifiable,no,
personio,westbridge-group,,15,,unverifiable,no,
personio,westhouse,,10,,unverifiable,no,
personio,whu-otto-beisheim-school-of-management-1,,16,,unverifiable,no,
personio,widergy,,4,,unverifiable,no,
personio,wilken,,42,,unverifiable,no,
personio,windhager,,11,,unverifiable,no,
personio,wire-1,,2,,unverifiable,no,
personio,wirtschaftsrat-der-cdu-e-v,,12,,unverifiable,no,
personio,wksimonsfeld,,3,,unverifiable,no,
personio,wohnungsbau,,4,,unverifiable,no,
personio,workidentity,,96,,unverifiable,no,
personio,workist-gmbh,,9,,unverifiable,no,
personio,workpath,,1,,unverifiable,no,
personio,wund,,32,,unverifiable,no,
personio,xolife,,3,,unverifiable,no,
personio,y1-digital-ag,,5,,unverifiable,no,
personio,yoc,,1,,unverifiable,no,
personio,yoummday-gmbh,,15,,unverifiable,no,
personio,yoyaba-gmbh,,2,,unverifiable,no,
personio,yuri,,4,,unverifiable,no,
personio,zahneinsgmbh,,135,,unverifiable,no,
personio,zapf-creation-ag,,2,,unverifiable,no,
personio,zausinger,,4,,unverifiable,no,
personio,zbf,,15,,unverifiable,no,
personio,zdf-digital,,11,,unverifiable,no,
personio,zebes,,5,,unverifiable,no,
personio,zebra-embassy-gmbh,,2,,unverifiable,no,
personio,zeichen-wunder,,1,,unverifiable,no,
personio,zentrale-stelle-verpackungsregister,,4,,unverifiable,no,
personio,zeroex,,1,,unverifiable,no,
personio,zimex,,4,,unverifiable,no,
personio,zollsoft,,66,,unverifiable,no,
personio,zoologisch,,10,,unverifiable,no,
personio,zurheide-feine-kost-kg,,39,,unverifiable,no,
phenom,careers.oreillyauto.com/us/en,O'Reilly Automotive,18868,18868,complete,yes,
phenom,careers.southwestair.com/us/en,Southwest Airlines,52,52,complete,yes,
phenom,careers.united.com/us/en,United Airlines Holdings,134,134,complete,yes,
phenom,jobs.newmont.com/us/en,Newmont,96,96,complete,yes,
recruitee,11bitstudios,,5,,unverifiable,no,
recruitee,12build,,15,,unverifiable,no,
recruitee,3h18,,8,,unverifiable,no,
recruitee,8advisory,,75,,unverifiable,no,
recruitee,aaff,aaff B.V.,324,,unverifiable,no,
recruitee,aajt,,2,,unverifiable,no,
recruitee,abacusmaschinenbaugmbh,,2,,unverifiable,no,
recruitee,abfgroup,,11,,unverifiable,no,
recruitee,academyofdigitalindustries,,11,,unverifiable,no,
recruitee,acadoro,,1,,unverifiable,no,
recruitee,accelecom,,3,,unverifiable,no,
recruitee,accenture,Accenture,2,,unverifiable,no,
recruitee,accso,,18,,unverifiable,no,
recruitee,ace,,5,,unverifiable,no,
recruitee,adams,ADAMS DIVERSIFIED EQUITY,3,,unverifiable,no,
recruitee,adamsmithinternational1,,4,,unverifiable,no,
recruitee,adarga,,4,,unverifiable,no,
recruitee,addepto,,17,,unverifiable,no,
recruitee,adeleexpressfr,,5,,unverifiable,no,
recruitee,admindagency,,2,,unverifiable,no,
recruitee,adstronauts,,5,,unverifiable,no,
recruitee,advanced,ADVANCED OXYGEN TECHNOLOGIES,2,,unverifiable,no,
recruitee,aellia,,10,,unverifiable,no,
recruitee,afsenergy,,3,,unverifiable,no,
recruitee,agaseurope,,10,,unverifiable,no,
recruitee,ahcgmbh,,10,,unverifiable,no,
recruitee,aichingergastro,,4,,unverifiable,no,
recruitee,aidence,,32,,unverifiable,no,
recruitee,aiirinnovationsbv,,0,,unverifiable,no,
recruitee,aikidosecurity,,76,,unverifiable,no,
recruitee,aimms,,1,,unverifiable,no,
recruitee,alaragroup,,9,,unverifiable,no,
recruitee,albax,,16,,unverifiable,no,
recruitee,alliade,,40,,unverifiable,no,
recruitee,allright,,1,,unverifiable,no,
recruitee,allstate,ALLSTATE,1,,unverifiable,no,
recruitee,allyourbi,,5,,unverifiable,no,
recruitee,alpha,Alpha Compute,2,,unverifiable,no,
recruitee,alphacomm,,2,,unverifiable,no,
recruitee,alsachimie,,5,,unverifiable,no,
recruitee,altrecht,Altrecht,104,,unverifiable,no,
recruitee,altsdigital,,2,,unverifiable,no,
recruitee,amberrecycling,,2,,unverifiable,no,
recruitee,amcjobs,,4,,unverifiable,no,
recruitee,americold,AMERICOLD REALTY,2,,unverifiable,no,
recruitee,amilia,,3,,unverifiable,no,
recruitee,anandaventuresgmbh,,2,,unverifiable,no,
recruitee,anantaragroup,,12,,unverifiable,no,
recruitee,anchr,,9,,unverifiable,no,
recruitee,andersrecruitmentservices,,1,,unverifiable,no,
recruitee,andina,ANDINA BOTTLING,1,,unverifiable,no,
recruitee,aneo,,8,,unverifiable,no,
recruitee,ans,,7,,unverifiable,no,
recruitee,anteagroup,Antea Group,111,,unverifiable,no,
recruitee,antenno,,5,,unverifiable,no,
recruitee,antonivanleeuwenhoek,,47,,unverifiable,no,
recruitee,anywhereworks,,2,,unverifiable,no,
recruitee,apoint,,28,,unverifiable,no,
recruitee,apolloventures,,3,,unverifiable,no,
recruitee,apoverlag,,0,,unverifiable,no,
recruitee,appliedvalue,,6,,unverifiable,no,
recruitee,applus,,1,,unverifiable,no,
recruitee,aramark,Aramark,23,,unverifiable,no,
recruitee,arcus,Arcus Biosciences,21,,unverifiable,no,
recruitee,argumentorikakademiegmbh1,,6,,unverifiable,no,
recruitee,arsipa,Arsipa GmbH,94,,unverifiable,no,
recruitee,asap,,8,,unverifiable,no,
recruitee,asksuite,,9,,unverifiable,no,
recruitee,astonjet,,4,,unverifiable,no,
recruitee,astrolabs,,6,,unverifiable,no,
recruitee,athora,,19,,unverifiable,no,
recruitee,atlanticgmbh,,1,,unverifiable,no,
recruitee,atosborne,,10,,unverifiable,no,
recruitee,atostek,,1,,unverifiable,no,
recruitee,auditdata,,1,,unverifiable,no,
recruitee,augmedit,,0,,unverifiable,no,
recruitee,aumanngrunag,,4,,unverifiable,no,
recruitee,autohausduennes,,3,,unverifiable,no,
recruitee,autohaushermann,,15,,unverifiable,no,
recruitee,automation,,7,,unverifiable,no,
recruitee,auxilajobsandmore,,16,,unverifiable,no,
recruitee,avantarte,,10,,unverifiable,no,
recruitee,aveniq,,11,,unverifiable,no,
recruitee,avenircollective,,7,,unverifiable,no,
recruitee,axi,,18,,unverifiable,no,
recruitee,azubi,,33,,unverifiable,no,
recruitee,backspielhaus,,3,,unverifiable,no,
recruitee,baeckereimoss,,14,,unverifiable,no,
recruitee,baeckereisipl,,33,,unverifiable,no,
recruitee,baeckergoertz,Bäcker Görtz GmbH,100,,unverifiable,no,
recruitee,baeckermueller,,15,,unverifiable,no,
recruitee,bakerstreet,,2,,unverifiable,no,
recruitee,bakertilly,Baker Tilly (Netherlands) B.V.,129,,unverifiable,no,
recruitee,bakkergoedhartbroodspecialiteiten,,16,,unverifiable,no,
recruitee,balchem,BALCHEM,6,,unverifiable,no,
recruitee,ballastnedam,Ballast Nedam,145,,unverifiable,no,
recruitee,bambuu,,2,,unverifiable,no,
recruitee,baobabinsurancegmbh,,5,,unverifiable,no,
recruitee,bapmedical,,1,,unverifiable,no,
recruitee,barentskrans,,25,,unverifiable,no,
recruitee,bartimeus,,42,,unverifiable,no,
recruitee,basalt,,19,,unverifiable,no,
recruitee,batitprotect,,4,,unverifiable,no,
recruitee,bedachungenschmidtgmbh,,42,,unverifiable,no,
recruitee,behfarchitects,,4,,unverifiable,no,
recruitee,beinguser,,8,,unverifiable,no,
recruitee,benchmarkelectronics,BENCHMARK ELECTRONICS,19,,unverifiable,no,
recruitee,benvic,,11,,unverifiable,no,
recruitee,berenschot,,58,,unverifiable,no,
recruitee,bernardgruppe,,28,,unverifiable,no,
recruitee,bespokebritannia,,5,,unverifiable,no,
recruitee,bettercollective,,14,,unverifiable,no,
recruitee,billink,,4,,unverifiable,no,
recruitee,billwerk,,3,,unverifiable,no,
recruitee,biqh,,1,,unverifiable,no,
recruitee,birkenstock,Birkenstock,1,,unverifiable,no,
recruitee,biximontreal,,2,,unverifiable,no,
recruitee,blauwtrust,,10,,unverifiable,no,
recruitee,bloem,,4,,unverifiable,no,
recruitee,bloom,Bloom Energy,3,,unverifiable,no,
recruitee,bluebird,Blue Bird,7,,unverifiable,no,
recruitee,bluecrux,,39,,unverifiable,no,
recruitee,blueforest,,0,,unverifiable,no,
recruitee,boekenvoordeel,,27,,unverifiable,no,
recruitee,boggimilano1,Boggi Milano,110,,unverifiable,no,
recruitee,boldteam,,61,,unverifiable,no,
recruitee,bolster,,5,,unverifiable,no,
recruitee,bondersgmbh,,15,,unverifiable,no,
recruitee,bonial,,8,,unverifiable,no,
recruitee,boschmanadvancedpackagingtechnology,,1,,unverifiable,no,
recruitee,bouwjijmorgen1,,28,,unverifiable,no,
recruitee,bp,BP,1,,unverifiable,no,
recruitee,brainstack,,17,,unverifiable,no,
recruitee,bravo,Bravo Multinational,4,,unverifiable,no,
recruitee,brenger,,4,,unverifiable,no,
recruitee,bridgefund,,5,,unverifiable,no,
recruitee,bright,Bright Mountain Media,9,,unverifiable,no,
recruitee,brighterly,,3,,unverifiable,no,
recruitee,britsafe,,34,,unverifiable,no,
recruitee,brlriskconsulting,,5,,unverifiable,no,
recruitee,brpsteuernrecht,,5,,unverifiable,no,
recruitee,bsi,,4,,unverifiable,no,
recruitee,builders,Builders FirstSource,4,,unverifiable,no,
recruitee,bukoinfrasupport,,53,,unverifiable,no,
recruitee,bundl,,6,,unverifiable,no,
recruitee,bungemagdeburggmbh,,7,,unverifiable,no,
recruitee,buntetonegmbh,,2,,unverifiable,no,
recruitee,bwgfoods,,14,,unverifiable,no,
recruitee,bwkduisburggmbh,,6,,unverifiable,no,
recruitee,bytecode,,7,,unverifiable,no,
recruitee,caelisticgroup,,8,,unverifiable,no,
recruitee,cainwattersassociates,,11,,unverifiable,no,
recruitee,camelbackventures,,1,,unverifiable,no,
recruitee,candidatsrha,,10,,unverifiable,no,
recruitee,capriconsultgmbh,,3,,unverifiable,no,
recruitee,carano,,1,,unverifiable,no,
recruitee,careersdeltacapita,,49,,unverifiable,no,
recruitee,cartelligent,,4,,unverifiable,no,
recruitee,castellumsecurity,,36,,unverifiable,no,
recruitee,catsdogs,,2,,unverifiable,no,
recruitee,causalens,,4,,unverifiable,no,
recruitee,cb,,12,,unverifiable,no,
recruitee,cbsconsulting,cbs Corporate Business Solutions GmbH,184,,unverifiable,no,
recruitee,cce,,2,,unverifiable,no,
recruitee,ccmeurope,,12,,unverifiable,no,
recruitee,cctalent,,4,,unverifiable,no,
recruitee,celebratecompany,,10,,unverifiable,no,
recruitee,celumgmbh,,1,,unverifiable,no,
recruitee,centric,,61,,unverifiable,no,
recruitee,cerfrancemayennesarthe,,9,,unverifiable,no,
recruitee,certus,,4,,unverifiable,no,
recruitee,cesi,,14,,unverifiable,no,
recruitee,cf2i,,7,,unverifiable,no,
recruitee,change,Change Agents,21,,unverifiable,no,
recruitee,chargerhelp,,1,,unverifiable,no,
recruitee,chmedia,,24,,unverifiable,no,
recruitee,chowco,,10,,unverifiable,no,
recruitee,chrhautesenne,,26,,unverifiable,no,
recruitee,circetbenelux,,61,,unverifiable,no,
recruitee,civiltecengineering,,10,,unverifiable,no,
recruitee,cjbarrymores,,8,,unverifiable,no,
recruitee,clario,,2,,unverifiable,no,
recruitee,claus,,15,,unverifiable,no,
recruitee,clay,Clay,22,,unverifiable,no,
recruitee,clbr,,20,,unverifiable,no,
recruitee,climeworks,,5,,unverifiable,no,
recruitee,cloval,,52,,unverifiable,no,
recruitee,cmbtech,CMB TECH,2,,unverifiable,no,
recruitee,cmcom,,13,,unverifiable,no,
recruitee,cms,CMS ENERGY,28,,unverifiable,no,
recruitee,codepepper,,13,,unverifiable,no,
recruitee,coloriet,,42,,unverifiable,no,
recruitee,commodityhero,,2,,unverifiable,no,
recruitee,companisto,,0,,unverifiable,no,
recruitee,comtest,,4,,unverifiable,no,
recruitee,confotherapeutics,,1,,unverifiable,no,
recruitee,constructivedialogue,,5,,unverifiable,no,
recruitee,consultdss,,39,,unverifiable,no,
recruitee,context,Context Therapeutics,6,,unverifiable,no,
recruitee,contextand,,6,,unverifiable,no,
recruitee,cop1,,2,,unverifiable,no,
recruitee,coppensmetaaltechniek,,4,,unverifiable,no,
recruitee,cordesconsulting,Cordes Consulting GmbH,92,,unverifiable,no,
recruitee,corebackbone,,8,,unverifiable,no,
recruitee,corebackbonegmbh1,,8,,unverifiable,no,
recruitee,cortexreply,,5,,unverifiable,no,
recruitee,corygroup,,5,,unverifiable,no,
recruitee,coursera,Coursera,1,,unverifiable,no,
recruitee,craftzing,,16,,unverifiable,no,
recruitee,creativeclicks,,13,,unverifiable,no,
recruitee,crestadvanceddrycleaners,,4,,unverifiable,no,
recruitee,cronimetenvirotec,,2,,unverifiable,no,
recruitee,crop,,32,,unverifiable,no,
recruitee,crunchanalyticscareers,,3,,unverifiable,no,
recruitee,cscfi,,4,,unverifiable,no,
recruitee,ctscompositetechnologiesystemegmbh,,7,,unverifiable,no,
recruitee,cuccibu,,3,,unverifiable,no,
recruitee,curotec,,14,,unverifiable,no,
recruitee,currentagruppe,,42,,unverifiable,no,
recruitee,customconnect,,9,,unverifiable,no,
recruitee,customssupport,,74,,unverifiable,no,
recruitee,dance,,1,,unverifiable,no,
recruitee,data,Data Storage,1,,unverifiable,no,
recruitee,datashift,,47,,unverifiable,no,
recruitee,dckgroup,DCK Group,181,,unverifiable,no,
recruitee,decircletalentpartner,deCircle,196,,unverifiable,no,
recruitee,deephealth,,32,,unverifiable,no,
recruitee,deepsea,,2,,unverifiable,no,
recruitee,degraafbakeries,,18,,unverifiable,no,
recruitee,degustabox,,6,,unverifiable,no,
recruitee,deintraumjobwartet,ANGEHEUERT GmbH,190,,unverifiable,no,
recruitee,dekdeutscheextraktkaffeegmbh,,4,,unverifiable,no,
recruitee,dekkerchrysanten,,2,,unverifiable,no,
recruitee,delfsteam,,3,,unverifiable,no,
recruitee,delkeskampverpackungswerke,,12,,unverifiable,no,
recruitee,delonghigroup,,4,,unverifiable,no,
recruitee,deluxeholidayhomes,,8,,unverifiable,no,
recruitee,demoupcliplister,,5,,unverifiable,no,
recruitee,demvsystems,,5,,unverifiable,no,
recruitee,depiergroep,,19,,unverifiable,no,
recruitee,desapflegeeinrichtungengmbh,,5,,unverifiable,no,
recruitee,devfinders,Emplyfy,94,,unverifiable,no,
recruitee,devgrid,,1,,unverifiable,no,
recruitee,devleaps,,3,,unverifiable,no,
recruitee,diebayerische,,9,,unverifiable,no,
recruitee,diggmbh,,10,,unverifiable,no,
recruitee,digitalbeatgmbh,,1,,unverifiable,no,
recruitee,diponteducation,,14,,unverifiable,no,
recruitee,distilled,,5,,unverifiable,no,
recruitee,distribusion,,30,,unverifiable,no,
recruitee,distribusiontechnologies,,30,,unverifiable,no,
recruitee,dnata,,41,,unverifiable,no,
recruitee,doccheckgroup,,8,,unverifiable,no,
recruitee,doctenasa,,3,,unverifiable,no,
recruitee,dommelvallei,,7,,unverifiable,no,
recruitee,dransay,,5,,unverifiable,no,
recruitee,dreizen,,30,,unverifiable,no,
recruitee,driestroom,,11,,unverifiable,no,
recruitee,driven,Driven Brands,7,,unverifiable,no,
recruitee,drmayerconsulting,,1,,unverifiable,no,
recruitee,droppie,,8,,unverifiable,no,
recruitee,drsussmanngmbh,,0,,unverifiable,no,
recruitee,dsee,,9,,unverifiable,no,
recruitee,dtx,,8,,unverifiable,no,
recruitee,dvt,,21,,unverifiable,no,
recruitee,dvtcareers,,21,,unverifiable,no,
recruitee,eal,,0,,unverifiable,no,
recruitee,earlyalpineacademy,,2,,unverifiable,no,
recruitee,eastern,Eastern International,2,,unverifiable,no,
recruitee,easypost,EasyPost,3,,unverifiable,no,
recruitee,ebro,,9,,unverifiable,no,
recruitee,ecconsultants,,3,,unverifiable,no,
recruitee,ecocert,,5,,unverifiable,no,
recruitee,ecochain,,1,,unverifiable,no,
recruitee,ecolecentraledelyon,,10,,unverifiable,no,
recruitee,econocomnederland,,8,,unverifiable,no,
recruitee,edubilygmbh,,3,,unverifiable,no,
recruitee,effecty,,2,,unverifiable,no,
recruitee,egroup,,37,,unverifiable,no,
recruitee,eiseleflugdienstgmbh,,1,,unverifiable,no,
recruitee,elancite,,1,,unverifiable,no,
recruitee,elanwonen,,3,,unverifiable,no,
recruitee,elanza,,4,,unverifiable,no,
recruitee,elektrosupersaxoag,,4,,unverifiable,no,
recruitee,elephantdigital,,5,,unverifiable,no,
recruitee,elephanttechnologies,,18,,unverifiable,no,
recruitee,eleqtron,,13,,unverifiable,no,
recruitee,elockers,,10,,unverifiable,no,
recruitee,eluscious,,5,,unverifiable,no,
recruitee,ember,,23,,unverifiable,no,
recruitee,embrace,Embrace Change Acquisition,2,,unverifiable,no,
recruitee,endriswagnerundkollegengbr,,1,,unverifiable,no,
recruitee,enecoemobility,,0,,unverifiable,no,
recruitee,energyagency,,1,,unverifiable,no,
recruitee,energyking,,28,,unverifiable,no,
recruitee,enersee,,5,,unverifiable,no,
recruitee,enerviesudwestfalenenergieundwasserag,,34,,unverifiable,no,
recruitee,eneve,,4,,unverifiable,no,
recruitee,ennatuurlijkbv,,15,,unverifiable,no,
recruitee,enpicom,,0,,unverifiable,no,
recruitee,enspired,,3,,unverifiable,no,
recruitee,enstaparis,,18,,unverifiable,no,
recruitee,enterprise,ENTERPRISE FINANCIAL SERVICES,7,,unverifiable,no,
recruitee,enticonretail,,3,,unverifiable,no,
recruitee,enviemholdingbv,,13,,unverifiable,no,
recruitee,envipco,,15,,unverifiable,no,
recruitee,eoninhouseconsultinggmbh,,5,,unverifiable,no,
recruitee,epilot,,12,,unverifiable,no,
recruitee,equalsmoney,,6,,unverifiable,no,
recruitee,equito,,2,,unverifiable,no,
recruitee,eraneos,,30,,unverifiable,no,
recruitee,erichpommerinstitut,,0,,unverifiable,no,
recruitee,erstedigital,,26,,unverifiable,no,
recruitee,eskandary,,5,,unverifiable,no,
recruitee,esns,,1,,unverifiable,no,
recruitee,eternalsungroupbv,,3,,unverifiable,no,
recruitee,ethonai,,1,,unverifiable,no,
recruitee,etterundpartner,,2,,unverifiable,no,
recruitee,eupagohub,,2,,unverifiable,no,
recruitee,euro,EURO TECH,1,,unverifiable,no,
recruitee,euroeyes,,9,,unverifiable,no,
recruitee,euroformationgroupe,,6,,unverifiable,no,
recruitee,eurosortsystems,,9,,unverifiable,no,
recruitee,eurosparcareers,,17,,unverifiable,no,
recruitee,everdrop,,13,,unverifiable,no,
recruitee,everest,EVEREST,17,,unverifiable,no,
recruitee,eversmann,,2,,unverifiable,no,
recruitee,exeon,,5,,unverifiable,no,
recruitee,exner,,31,,unverifiable,no,
recruitee,extrashop,,7,,unverifiable,no,
recruitee,fab4minds,,3,,unverifiable,no,
recruitee,fabianbuenker,,5,,unverifiable,no,
recruitee,fachstellemobbingundbelastigung,,1,,unverifiable,no,
recruitee,faktionbv1,,14,,unverifiable,no,
recruitee,famly,,9,,unverifiable,no,
recruitee,fashioncloudgmbh,,0,,unverifiable,no,
recruitee,fastems,,3,,unverifiable,no,
recruitee,fastned,,35,,unverifiable,no,
recruitee,fasttrack,Fast Track,2,,unverifiable,no,
recruitee,ferillis,,5,,unverifiable,no,
recruitee,fermedelamotte,,5,,unverifiable,no,
recruitee,ferryscanner,,2,,unverifiable,no,
recruitee,fidusheinenoord,,9,,unverifiable,no,
recruitee,filmlagune,,2,,unverifiable,no,
recruitee,filmmakermarketing,,2,,unverifiable,no,
recruitee,findyourexpertmedicalrecruitinggmbh,,4,,unverifiable,no,
recruitee,fischeredelstahlrohreaustriagmbh,,4,,unverifiable,no,
recruitee,florence,Florence,167,,unverifiable,no,
recruitee,fluxpartners,,21,,unverifiable,no,
recruitee,flyingbisons,,17,,unverifiable,no,
recruitee,focusentertainment,,9,,unverifiable,no,
recruitee,focushomeinteractive,,9,,unverifiable,no,
recruitee,fonteynenburg,,11,,unverifiable,no,
recruitee,foodji,,10,,unverifiable,no,
recruitee,forcit,,0,,unreachable,no,HTTP 404
recruitee,forcyd,,4,,unverifiable,no,
recruitee,formofoodsgmbh,,1,,unverifiable,no,
recruitee,formzeuggmbhcokg,,4,,unverifiable,no,
recruitee,fortius,,21,,unverifiable,no,
recruitee,framestore,,48,,unverifiable,no,
recruitee,francophoniecarrieres,,1,,unverifiable,no,
recruitee,franzzielgmbh,,14,,unverifiable,no,
recruitee,freeday,,4,,unverifiable,no,
recruitee,fridayrecruitment,Friday Recruitment,332,,unverifiable,no,
recruitee,frisbii,,3,,unverifiable,no,
recruitee,frisseblikken,,4,,unverifiable,no,
recruitee,fruitypack,,5,,unverifiable,no,
recruitee,fulcrum,,0,,unverifiable,no,
recruitee,fullcreative,,10,,unverifiable,no,
recruitee,fullorbit,,1,,unverifiable,no,
recruitee,fundamentalhospitality,,18,,unverifiable,no,
recruitee,funex,,4,,unverifiable,no,
recruitee,funzone,,10,,unverifiable,no,
recruitee,futurewhiz,,4,,unverifiable,no,
recruitee,gardec,,6,,unverifiable,no,
recruitee,gateterminal,,7,,unverifiable,no,
recruitee,gemeenteachtkarspelen,,0,,unverifiable,no,
recruitee,gemeentelansingerland,,12,,unverifiable,no,
recruitee,gemeentestaphorst,,1,,unverifiable,no,
recruitee,genelec1,,1,,unverifiable,no,
recruitee,gerardbertrand,,23,,unverifiable,no,
recruitee,gerimedica,,1,,unverifiable,no,
recruitee,germanzeroev,,3,,unverifiable,no,
recruitee,getontop,,4,,unverifiable,no,
recruitee,getransports,,5,,unverifiable,no,
recruitee,gevgroupltd,,11,,unverifiable,no,
recruitee,gglgroupe,,3,,unverifiable,no,
recruitee,ggzbreburg,GGz Breburg,129,,unverifiable,no,
recruitee,globaljetluxembourg,,22,,unverifiable,no,
recruitee,gmk,,29,,unverifiable,no,
recruitee,gong,Gong,4,,unverifiable,no,
recruitee,goodrec,,2,,unverifiable,no,
recruitee,goodturn,,3,,unverifiable,no,
recruitee,gpvfinland,,1,,unverifiable,no,
recruitee,gpvslovakia,,4,,unverifiable,no,
recruitee,grafischlyceumutrecht,,1,,unverifiable,no,
recruitee,grantthorntonaustria,,9,,unverifiable,no,
recruitee,grb,,0,,unverifiable,no,
recruitee,greatminds,,25,,unverifiable,no,
recruitee,greeceg4s,,29,,unverifiable,no,
recruitee,greenpeacebelgium,,5,,unverifiable,no,
recruitee,gremco,,2,,unverifiable,no,
recruitee,greyparrotai,,2,,unverifiable,no,
recruitee,gridscale,,3,,unverifiable,no,
recruitee,groenhart,,7,,unverifiable,no,
recruitee,groupealpena,,35,,unverifiable,no,
recruitee,groupemarval,,4,,unverifiable,no,
recruitee,growprogress,,1,,unverifiable,no,
recruitee,gsbsolutions1,,37,,unverifiable,no,
recruitee,guidion6,,11,,unverifiable,no,
recruitee,habilians,,4,,unverifiable,no,
recruitee,hainmueller,,7,,unverifiable,no,
recruitee,halbersbacherhospitalitygroup,,17,,unverifiable,no,
recruitee,hamelin,,26,,unverifiable,no,
recruitee,happeo,,1,,unverifiable,no,
recruitee,hardrockdigital,,52,,unverifiable,no,
recruitee,hascoinvest,Hasco NV,59,,unverifiable,no,
recruitee,hatchtech,,3,,unverifiable,no,
recruitee,hausmeisterkrause,,6,,unverifiable,no,
recruitee,headfirst,,28,,unverifiable,no,
recruitee,healthcare,Healthcare Triangle,2,,unverifiable,no,
recruitee,heattransformers,,3,,unverifiable,no,
recruitee,heembouw,,30,,unverifiable,no,
recruitee,heilindelectronicseurope,,5,,unverifiable,no,
recruitee,heliumdoc,,3,,unverifiable,no,
recruitee,helloprint,,5,,unverifiable,no,
recruitee,helmitehdas,,1,,unverifiable,no,
recruitee,highspiritshospitality,,13,,unverifiable,no,
recruitee,hived,,8,,unverifiable,no,
recruitee,holepunch,,2,,unverifiable,no,
recruitee,homodea,,6,,unverifiable,no,
recruitee,hostaway,,9,,unverifiable,no,
recruitee,hoteldewittebergen,,12,,unverifiable,no,
recruitee,hoteldrachten,,3,,unverifiable,no,
recruitee,hotelmechelen,,5,,unverifiable,no,
recruitee,hotelnazareth,,0,,unverifiable,no,
recruitee,hotelnijmegen,,4,,unverifiable,no,
recruitee,hoteltexel,,6,,unverifiable,no,
recruitee,hoteltwentyseven,,26,,unverifiable,no,
recruitee,hotelverviers,,4,,unverifiable,no,
recruitee,hotelwesterbroek,,14,,unverifiable,no,
recruitee,hrjobmatcher,,2,,unverifiable,no,
recruitee,huaweicanada,"Huawei Technologies Canada Co., Ltd.",176,,unverifiable,no,
recruitee,hudsonmanpower,Hudson Manpower,143,,unverifiable,no,
recruitee,huizingharvest,,17,,unverifiable,no,
recruitee,huuuge,,7,,unverifiable,no,
recruitee,hyand,,17,,unverifiable,no,
recruitee,hydriveengineeringgmbh,,6,,unverifiable,no,
recruitee,hygraph,,0,,unverifiable,no,
recruitee,ibexa,,5,,unverifiable,no,
recruitee,icon,Icon Energy,2,,unverifiable,no,
recruitee,ikbenfrits,,3,,unverifiable,no,
recruitee,ikpartners,,3,,unverifiable,no,
recruitee,imnoo,,4,,unverifiable,no,
recruitee,impactbrands,,8,,unverifiable,no,
recruitee,inconed,,5,,unverifiable,no,
recruitee,indg,,17,,unverifiable,no,
recruitee,inepro,,0,,unverifiable,no,
recruitee,infinitaslearning1,,2,,unverifiable,no,
recruitee,innovamarketinsights,,9,,unverifiable,no,
recruitee,innovativebeautygroup,,18,,unverifiable,no,
recruitee,innovencio,,3,,unverifiable,no,
recruitee,inovex,,22,,unverifiable,no,
recruitee,insait,,3,,unverifiable,no,
recruitee,institutminestelecom,,50,,unverifiable,no,
recruitee,instruqt,,2,,unverifiable,no,
recruitee,intelic,,5,,unverifiable,no,
recruitee,intent,,13,,unverifiable,no,
recruitee,intergas,,14,,unverifiable,no,
recruitee,internationalfoodconnectors,,0,,unverifiable,no,
recruitee,internetwerving,,27,,unverifiable,no,
recruitee,interothesniffers,,10,,unverifiable,no,
recruitee,intersnackdeutschlandse,,34,,unverifiable,no,
recruitee,interstellargroup,,36,,unverifiable,no,
recruitee,intescia,,14,,unverifiable,no,
recruitee,intralot,,48,,unverifiable,no,
recruitee,intuitionstaffing,,4,,unverifiable,no,
recruitee,investmentpunk,,5,,unverifiable,no,
recruitee,iprofilegmbh,,21,,unverifiable,no,
recruitee,irimed,,9,,unverifiable,no,
recruitee,isdglobal,,0,,unverifiable,no,
recruitee,ism,,5,,unverifiable,no,
recruitee,it,IT TECH PACKAGING,1,,unverifiable,no,
recruitee,itg,ITG /DE/,4,,unverifiable,no,
recruitee,ixonbv,,10,,unverifiable,no,
recruitee,jack,JACK HENRY & ASSOCIATES,1,,unverifiable,no,
recruitee,jafariconsulting,,2,,unverifiable,no,
recruitee,janus,Janus Living,0,,unreachable,no,HTTP 404
recruitee,jeffjill,,23,,unverifiable,no,
recruitee,jeranexbp,,13,,unverifiable,no,
recruitee,jeugdprofessionalsnederland,,35,,unverifiable,no,
recruitee,jimmytechnologies,,4,,unverifiable,no,
recruitee,jobmatix,,2,,unverifiable,no,
recruitee,jobsatlanticlabsfoodlabs,,11,,unverifiable,no,
recruitee,jobsatlanticvc,,11,,unverifiable,no,
recruitee,jobsatlanticvcfoodlabs,,11,,unverifiable,no,
recruitee,jobsdeerns,,85,,unverifiable,no,
recruitee,jobspeakcoaching,,8,,unverifiable,no,
recruitee,johogroup,,7,,unverifiable,no,
recruitee,juliusbergerinternationalgmbh,,36,,unverifiable,no,
recruitee,jumpfactor,,8,,unverifiable,no,
recruitee,junolegal,,2,,unverifiable,no,
recruitee,justrussel,,7,,unverifiable,no,
recruitee,kaizo,,2,,unverifiable,no,
recruitee,kaliop,,2,,unverifiable,no,
recruitee,kandinsky,,3,,unverifiable,no,
recruitee,kantega,,11,,unverifiable,no,
recruitee,karriere,,7,,unverifiable,no,
recruitee,karriereboeckelsbestede,,18,,unverifiable,no,
recruitee,karrierehall,,19,,unverifiable,no,
recruitee,karriererheinzeitung,,11,,unverifiable,no,
recruitee,karriereteachingsocials,,6,,unverifiable,no,
recruitee,kaupunkiliikenne,,1,,unverifiable,no,
recruitee,kb,KB HOME,3,,unverifiable,no,
recruitee,kdci1,,43,,unverifiable,no,
recruitee,keunecareers,,13,,unverifiable,no,
recruitee,keyencecanadainc,,3,,unverifiable,no,
recruitee,khonraad,,3,,unverifiable,no,
recruitee,kiesertrainingag,,30,,unverifiable,no,
recruitee,klymagmbh1,,9,,unverifiable,no,
recruitee,knuddels,,6,,unverifiable,no,
recruitee,kodify,,1,,unverifiable,no,
recruitee,konicaminolta,,9,,unverifiable,no,
recruitee,koninklijkesportfondsennederlandbv,Koninklijke Sportfondsen Nederland B.V.,167,,unverifiable,no,
recruitee,kornerrealestategmbh,,6,,unverifiable,no,
recruitee,korton,,6,,unverifiable,no,
recruitee,kpsnacks,,21,,unverifiable,no,
recruitee,kpsteuerberatung,,4,,unverifiable,no,
recruitee,kraamzorgvda,,6,,unverifiable,no,
recruitee,kravet,,22,,unverifiable,no,
recruitee,kriegersteuerberatungsgesellschaft,,11,,unverifiable,no,
recruitee,krikri,,16,,unverifiable,no,
recruitee,kybunjoyaretail,,7,,unverifiable,no,
recruitee,lammhr,,53,,unverifiable,no,
recruitee,landlifecompany,,1,,unverifiable,no,
recruitee,lassnerkarriere,,5,,unverifiable,no,
recruitee,learnbydoinginc,,0,,unverifiable,no,
recruitee,learned,,11,,unverifiable,no,
recruitee,leaseabike,,10,,unverifiable,no,
recruitee,leeruniek,,2,,unverifiable,no,
recruitee,lefebvresdu,,19,,unverifiable,no,
recruitee,leostevenscie,,6,,unverifiable,no,
recruitee,lesbonsprofils,,9,,unverifiable,no,
recruitee,lessonup,,3,,unverifiable,no,
recruitee,levieuxmenuisiers,,2,,unverifiable,no,
recruitee,leydenjar,,6,,unverifiable,no,
recruitee,leydenlabs,,4,,unverifiable,no,
recruitee,lg2,,27,,unverifiable,no,
recruitee,lindemannmetalrecycling,,1,,unverifiable,no,
recruitee,lippepersonal,,18,,unverifiable,no,
recruitee,lister,,35,,unverifiable,no,
recruitee,litit,,17,,unverifiable,no,
recruitee,livesport,,2,,unverifiable,no,
recruitee,livestorm,,2,,unverifiable,no,
recruitee,livezoku,,26,,unverifiable,no,
recruitee,lleverage,,5,,unverifiable,no,
recruitee,logex,,4,,unverifiable,no,
recruitee,londiscareers,,25,,unverifiable,no,
recruitee,lovebetter,,3,,unverifiable,no,
recruitee,luckycart,,0,,unverifiable,no,
recruitee,luscii,,6,,unverifiable,no,
recruitee,lxt,,3,,unverifiable,no,
recruitee,m1,,5,,unverifiable,no,
recruitee,m3immobilien,,8,,unverifiable,no,
recruitee,machinelearningreply,,14,,unverifiable,no,
recruitee,madewithlove,,2,,unverifiable,no,
recruitee,mag,Mag Magna,2,,unverifiable,no,
recruitee,maierheiztechnikgmbh,,18,,unverifiable,no,
recruitee,mailerlite,,1,,unverifiable,no,
recruitee,mainstream,,9,,unverifiable,no,
recruitee,makersitegmbh,,1,,unverifiable,no,
recruitee,manhattanspecialtycare,,3,,unverifiable,no,
recruitee,maris,Maris Tech,6,,unverifiable,no,
recruitee,maritiemmuseumrotterdam,,4,,unverifiable,no,
recruitee,marleenkookt,,7,,unverifiable,no,
recruitee,masterenglish,,1,,unverifiable,no,
recruitee,matera,,17,,unverifiable,no,
recruitee,mathrix,,9,,unverifiable,no,
recruitee,mayflower,,52,,unverifiable,no,
recruitee,mbio,,3,,unverifiable,no,
recruitee,mbw,,4,,unverifiable,no,
recruitee,mcb,,24,,unverifiable,no,
recruitee,mcdglobalhealth,,10,,unverifiable,no,
recruitee,mda,MDA Space,11,,unverifiable,no,
recruitee,meddy1,,3,,unverifiable,no,
recruitee,medecinssansfrontieressuisse,,4,,unverifiable,no,
recruitee,medecinssansfrontiereswaca,,6,,unverifiable,no,
recruitee,mediantechnologies,,7,,unverifiable,no,
recruitee,medmehealth,,7,,unverifiable,no,
recruitee,megagroupinternational,,13,,unverifiable,no,
recruitee,meiarchitectsplanners,,1,,unverifiable,no,
recruitee,meliorate,,5,,unverifiable,no,
recruitee,meliorategmbh1,,5,,unverifiable,no,
recruitee,meltandmarble,,3,,unverifiable,no,
recruitee,mercesbv,,11,,unverifiable,no,
recruitee,merford,,10,,unverifiable,no,
recruitee,merkur,,18,,unverifiable,no,
recruitee,merkurzavarovalnica,,8,,unverifiable,no,
recruitee,meta,Meta Critical Minerals,1,,unverifiable,no,
recruitee,metamundo,,5,,unverifiable,no,
recruitee,metyisag,,73,,unverifiable,no,
recruitee,mgid,,12,,unverifiable,no,
recruitee,miaplaza,,3,,unverifiable,no,
recruitee,michelscom,,10,,unverifiable,no,
recruitee,miebachconsulting,,10,,unverifiable,no,
recruitee,mirka,,2,,unverifiable,no,
recruitee,mobilexpense,,5,,unverifiable,no,
recruitee,mobilityplus,,2,,unverifiable,no,
recruitee,modulussa,,2,,unverifiable,no,
recruitee,momomedicalbv,,18,,unverifiable,no,
recruitee,mondaymerch,,18,,unverifiable,no,
recruitee,monizze,,6,,unverifiable,no,
recruitee,monsterscore,,9,,unverifiable,no,
recruitee,movares,,46,,unverifiable,no,
recruitee,moweryschoenfeldllc,,9,,unverifiable,no,
recruitee,mrmarinegroup,,17,,unverifiable,no,
recruitee,msf,,8,,unverifiable,no,
recruitee,mstudio,,11,,unverifiable,no,
recruitee,mudwtr,,0,,unverifiable,no,
recruitee,multitankcard,,4,,unverifiable,no,
recruitee,mumc,,61,,unverifiable,no,
recruitee,munichsecurity,,4,,unverifiable,no,
recruitee,myflexbox,,16,,unverifiable,no,
recruitee,myr,MYR,2,,unverifiable,no,
recruitee,n2jsoft,,14,,unverifiable,no,
recruitee,nachburag,,6,,unverifiable,no,
recruitee,namecheap,,2,,unverifiable,no,
recruitee,natuvion,,60,,unverifiable,no,
recruitee,nawirigroup,,10,,unverifiable,no,
recruitee,nemenergy,,3,,unverifiable,no,
recruitee,nencofoodgroup,,0,,unreachable,no,HTTP 404
recruitee,neokanzlei,,55,,unverifiable,no,
recruitee,nepocon,,25,,unverifiable,no,
recruitee,neptun,,4,,unverifiable,no,
recruitee,neptune,Neptune Insurance,2,,unverifiable,no,
recruitee,netconomy,,23,,unverifiable,no,
recruitee,netkum,,2,,unverifiable,no,
recruitee,newelec,,5,,unverifiable,no,
recruitee,newrest,,7,,unverifiable,no,
recruitee,newspringnetwork,,3,,unverifiable,no,
recruitee,nictiz,,3,,unverifiable,no,
recruitee,nmi,NMI,1,,unverifiable,no,
recruitee,noldus,,1,,unverifiable,no,
recruitee,noordveluwsarchief,,1,,unverifiable,no,
recruitee,normecfcnl,,23,,unverifiable,no,
recruitee,normecsunl,,42,,unverifiable,no,
recruitee,normectalentpool,,1,,unverifiable,no,
recruitee,novakidschool,,18,,unverifiable,no,
recruitee,nowatch,,0,,unverifiable,no,
recruitee,nozrecrute,L'Univers NOZ,149,,unverifiable,no,
recruitee,ntm,,7,,unverifiable,no,
recruitee,nts,,60,,unverifiable,no,
recruitee,nussbaumer,,8,,unverifiable,no,
recruitee,nuuvem,,2,,unverifiable,no,
recruitee,nwbbank,,1,,unverifiable,no,
recruitee,nwsgmbh,,61,,unverifiable,no,
recruitee,nynconsulting,,5,,unverifiable,no,
recruitee,nyrahealth,,11,,unverifiable,no,
recruitee,o2h,,4,,unverifiable,no,
recruitee,oakbrother,,11,,unverifiable,no,
recruitee,oceansofenergy,,5,,unverifiable,no,
recruitee,ockto,,4,,unverifiable,no,
recruitee,oculus,OCULUS,2,,unverifiable,no,
recruitee,odion,,40,,unverifiable,no,
recruitee,odysseyschoolofdenver,,1,,unverifiable,no,
recruitee,oead,,0,,unverifiable,no,
recruitee,oeadstudenthousing,,1,,unverifiable,no,
recruitee,oejab,,9,,unverifiable,no,
recruitee,ogcglobal,,7,,unverifiable,no,
recruitee,oil,Oil-Dri of America,10,,unverifiable,no,
recruitee,omeris,,61,,unverifiable,no,
recruitee,on2it,,11,,unverifiable,no,
recruitee,oneventproductionco,,3,,unverifiable,no,
recruitee,onlinedialog,,15,,unverifiable,no,
recruitee,onlinedialogue,,2,,unverifiable,no,
recruitee,onstweedethuis,Ons Tweede Thuis,101,,unverifiable,no,
recruitee,opentag,,5,,unverifiable,no,
recruitee,openvpn,,2,,unverifiable,no,
recruitee,opergraz,,4,,unverifiable,no,
recruitee,opplebv,,4,,unverifiable,no,
recruitee,opsbrasil,,4,,unverifiable,no,
recruitee,optics11,,23,,unverifiable,no,
recruitee,opus,,30,,unverifiable,no,
recruitee,orangeburkina,,2,,unverifiable,no,
recruitee,otovo,,40,,unverifiable,no,
recruitee,otsukapharmagmbh,,3,,unverifiable,no,
recruitee,ottawasafetycouncil,,5,,unverifiable,no,
recruitee,oxygenconservation,,1,,unverifiable,no,
recruitee,ozeol,,30,,unverifiable,no,
recruitee,p1travel,,1,,unverifiable,no,
recruitee,p2projectenprocesmanagement,,7,,unverifiable,no,
recruitee,pacifico,,1,,unverifiable,no,
recruitee,pacmed,,0,,unverifiable,no,
recruitee,paiqo,,1,,unverifiable,no,
recruitee,palazzoversacedubai,,40,,unverifiable,no,
recruitee,paragongermany,,6,,unverifiable,no,
recruitee,parfumado,,7,,unverifiable,no,
recruitee,partejobs,,19,,unverifiable,no,
recruitee,partnerpointgmbh,,2,,unverifiable,no,
recruitee,passionfroot,,1,,unverifiable,no,
recruitee,pbwebmedia,,3,,unverifiable,no,
recruitee,pdkarriere,,23,,unverifiable,no,
recruitee,peddler,,7,,unverifiable,no,
recruitee,pelsrijcken,,11,,unverifiable,no,
recruitee,peopleforpeople,,0,,unverifiable,no,
recruitee,personeelszaken,,15,,unverifiable,no,
recruitee,petalmd,,3,,unverifiable,no,
recruitee,pevo,,5,,unverifiable,no,
recruitee,picard,Picard Medical,6,,unverifiable,no,
recruitee,pineapple,PINEAPPLE EXPRESS CANNABIS,17,,unverifiable,no,
recruitee,pivotandedge,,13,,unverifiable,no,
recruitee,pixalione,,8,,unverifiable,no,
recruitee,pixelpool,,1,,unverifiable,no,
recruitee,planatol,,3,,unverifiable,no,
recruitee,plenetude,,3,,unverifiable,no,
recruitee,pmpg,,73,,unverifiable,no,
recruitee,podiumvictorie,,1,,unverifiable,no,
recruitee,polaroid,,0,,unverifiable,no,
recruitee,pon22,,22,,unverifiable,no,
recruitee,powerprozesse,,9,,unverifiable,no,
recruitee,ppg,PPG INDUSTRIES,20,,unverifiable,no,
recruitee,pragmaticcoders,,11,,unverifiable,no,
recruitee,preciamolen,,27,,unverifiable,no,
recruitee,premiersystems1,,8,,unverifiable,no,
recruitee,prenosis,,1,,unverifiable,no,
recruitee,prijsvrijvakanties,,27,,unverifiable,no,
recruitee,primeworks,,8,,unverifiable,no,
recruitee,primion,,16,,unverifiable,no,
recruitee,primo,Primo Brands,5,,unverifiable,no,
recruitee,processit,,3,,unverifiable,no,
recruitee,prodigigroup,,2,,unverifiable,no,
recruitee,proindividuum,,6,,unverifiable,no,
recruitee,propertyone,,5,,unverifiable,no,
recruitee,protectdemocracy,,4,,unverifiable,no,
recruitee,protiviti,,5,,unverifiable,no,
recruitee,provisioniam,,0,,unverifiable,no,
recruitee,pszelectronicgmbh,,13,,unverifiable,no,
recruitee,pur,,8,,unverifiable,no,
recruitee,puregymswiss,,32,,unverifiable,no,
recruitee,pvcase,,10,,unverifiable,no,
recruitee,pwrpackinternational,,9,,unverifiable,no,
recruitee,qaamgo,,0,,unverifiable,no,
recruitee,qfin,Qfin,5,,unverifiable,no,
recruitee,qinx,,8,,unverifiable,no,
recruitee,qualinx,,7,,unverifiable,no,
recruitee,quality,Quality Industrial,19,,unverifiable,no,
recruitee,quartz,QUARTZ MOUNTAIN RESOURCES,11,,unverifiable,no,
recruitee,radishlab,,4,,unverifiable,no,
recruitee,railinnovatorsgroup,,15,,unverifiable,no,
recruitee,raketech,,3,,unverifiable,no,
recruitee,rbcprojectsbv,,0,,unreachable,no,HTTP 404
recruitee,rbr,,7,,unverifiable,no,
recruitee,rcube,,10,,unverifiable,no,
recruitee,rdao,,5,,unverifiable,no,
recruitee,rebuy,,5,,unverifiable,no,
recruitee,recaregmbh,,10,,unverifiable,no,
recruitee,reco,,23,,unverifiable,no,
recruitee,recruitsa,,2,,unverifiable,no,
recruitee,redsky,,17,,unverifiable,no,
recruitee,reiztech,,3,,unverifiable,no,
recruitee,relay,Relay Therapeutics,0,,unreachable,no,HTTP 404
recruitee,reploidgroupag,,23,,unverifiable,no,
recruitee,reshift,,1,,unverifiable,no,
recruitee,resourcefultalentgroup,,23,,unverifiable,no,
recruitee,rewire,,9,,unverifiable,no,
recruitee,rhpartners,,70,,unverifiable,no,
recruitee,riderlevettbucknall,,8,,unverifiable,no,
recruitee,riedmair,,6,,unverifiable,no,
recruitee,rift,,5,,unverifiable,no,
recruitee,riverflex,,9,,unverifiable,no,
recruitee,roamlercareers,,4,,unverifiable,no,
recruitee,robert,ROBERT HALF,1,,unverifiable,no,
recruitee,rockencantechcarreiras,,1,,unverifiable,no,
recruitee,rocketwerkz,,4,,unverifiable,no,
recruitee,rockstarexecs,,1,,unverifiable,no,
recruitee,rosebelgoldmines,,69,,unverifiable,no,
recruitee,roucoucou,,8,,unverifiable,no,
recruitee,rovc,,6,,unverifiable,no,
recruitee,roxhealth,,2,,unverifiable,no,
recruitee,rtl,,6,,unverifiable,no,
recruitee,rudolfweber,,5,,unverifiable,no,
recruitee,rupfindustries,,29,,unverifiable,no,
recruitee,saffier,,36,,unverifiable,no,
recruitee,sahl,,5,,unverifiable,no,
recruitee,salesup,,18,,unverifiable,no,
recruitee,salmanamedicalbeautygmbh,,16,,unverifiable,no,
recruitee,saltsquare,,3,,unverifiable,no,
recruitee,salzburgglobalseminar,,5,,unverifiable,no,
recruitee,sanitaereledelmann,,1,,unverifiable,no,
recruitee,savantzorg,,59,,unverifiable,no,
recruitee,schaefergmbh,,8,,unverifiable,no,
recruitee,schenk,Schenk Tanktransport,70,,unverifiable,no,
recruitee,schenktanktransport,Schenk Tanktransport,70,,unverifiable,no,
recruitee,scheunpflugwirpflegen,,5,,unverifiable,no,
recruitee,schliebach,,1,,unverifiable,no,
recruitee,schneidermarketing,,5,,unverifiable,no,
recruitee,schulzmarkenfamilie,,3,,unverifiable,no,
recruitee,scioteq,,33,,unverifiable,no,
recruitee,scrumventures,,2,,unverifiable,no,
recruitee,seafarnv,,7,,unverifiable,no,
recruitee,shalestone,,8,,unverifiable,no,
recruitee,sharecompanygroup,,2,,unverifiable,no,
recruitee,shawarmaguys,,3,,unverifiable,no,
recruitee,shippingtechnology,,4,,unverifiable,no,
recruitee,shopmanufaktur,,8,,unverifiable,no,
recruitee,shopwareag,,9,,unverifiable,no,
recruitee,sidelineswap,,4,,unverifiable,no,
recruitee,signifly,,8,,unverifiable,no,
recruitee,silverein,Silverein,119,,unverifiable,no,
recruitee,simvia,,8,,unverifiable,no,
recruitee,siwaresystems,,10,,unverifiable,no,
recruitee,skfberlin,,4,,unverifiable,no,
recruitee,skinvision1,,2,,unverifiable,no,
recruitee,skipr,,1,,unverifiable,no,
recruitee,skkarriere,,39,,unverifiable,no,
recruitee,skmgroup,,0,,unreachable,no,HTTP 404
recruitee,skytree,,4,,unverifiable,no,
recruitee,sl,SL Science,1,,unverifiable,no,
recruitee,sleep21,,2,,unverifiable,no,
recruitee,smartercorp,,7,,unverifiable,no,
recruitee,smartrecruiting,,13,,unverifiable,no,
recruitee,smskarriere,,5,,unverifiable,no,
recruitee,sobinco,,15,,unverifiable,no,
recruitee,sofatutor,,3,,unverifiable,no,
recruitee,solrecogmbh,,3,,unverifiable,no,
recruitee,solvinity,,9,,unverifiable,no,
recruitee,somniosoftware,,3,,unverifiable,no,
recruitee,sonnenschutzdeb1ag,,3,,unverifiable,no,
recruitee,soravia,,5,,unverifiable,no,
recruitee,sovak3,,26,,unverifiable,no,
recruitee,sparcareers,SPAR,115,,unverifiable,no,
recruitee,spardex,,1,,unverifiable,no,
recruitee,spectrumam,,13,,unverifiable,no,
recruitee,speditiondecker,,9,,unverifiable,no,
recruitee,speedlinehub,,6,,unverifiable,no,
recruitee,spinninrecordsandwmgbenelux,,8,,unverifiable,no,
recruitee,sportbedrijfdrachten,,2,,unverifiable,no,
recruitee,spotzer,,5,,unverifiable,no,
recruitee,sri,,9,,unverifiable,no,
recruitee,stacvalley,,1,,unverifiable,no,
recruitee,stadtverwaltungdorsten,,12,,unverifiable,no,
recruitee,standard,Standard Dental Labs,2,,unverifiable,no,
recruitee,stasinc,,10,,unverifiable,no,
recruitee,statuscag,,6,,unverifiable,no,
recruitee,stayery,,17,,unverifiable,no,
recruitee,stelz,,13,,unverifiable,no,
recruitee,stibbebv,,39,,unverifiable,no,
recruitee,stichtingkwintes,Stichting Kwintes,120,,unverifiable,no,
recruitee,stichtingsprank,,21,,unverifiable,no,
recruitee,stichtingvoorieder1,,4,,unverifiable,no,
recruitee,stpaulsschool,,2,,unverifiable,no,
recruitee,strata,Strata Power,18,,unverifiable,no,
recruitee,strictbv,,9,,unverifiable,no,
recruitee,strix1,,2,,unverifiable,no,
recruitee,stvdbrink,,30,,unverifiable,no,
recruitee,successday,,0,,unverifiable,no,
recruitee,summit,Summit Networks,1,,unverifiable,no,
recruitee,superlinear,,4,,unverifiable,no,
recruitee,supremesportshospitality,,28,,unverifiable,no,
recruitee,surfly,,1,,unverifiable,no,
recruitee,sustainablecomfort,,8,,unverifiable,no,
recruitee,sverigesakassor,,0,,unverifiable,no,
recruitee,svnl,,22,,unverifiable,no,
recruitee,swisscom,SWISSCOM,15,,unverifiable,no,
recruitee,synapseanalytics,,9,,unverifiable,no,
recruitee,synergy,Synergy CHC,6,,unverifiable,no,
recruitee,tabelpersonal,Tabel Personalberatung GmbH,99,,unverifiable,no,
recruitee,tabmed,Tab med GmbH,293,,unverifiable,no,
recruitee,tacobellnederland,,32,,unverifiable,no,
recruitee,taledogmbh,,46,,unverifiable,no,
recruitee,talk360,,3,,unverifiable,no,
recruitee,tampnet,,1,,unverifiable,no,
recruitee,taprootfoundation,,0,,unverifiable,no,
recruitee,tbibank,,63,,unverifiable,no,
recruitee,te,TE Connectivity,0,,unreachable,no,HTTP 404
recruitee,teamfortheplanet1,,5,,unverifiable,no,
recruitee,tecclegroup,,7,,unverifiable,no,
recruitee,techbizglobal,TechBiz Global GmbH,208,,unverifiable,no,
recruitee,technicaengineeringgmbh,,4,,unverifiable,no,
recruitee,techpartnerships,,61,,unverifiable,no,
recruitee,televic,,42,,unverifiable,no,
recruitee,tereos,,8,,unverifiable,no,
recruitee,tes,,9,,unverifiable,no,
recruitee,tessan1,,2,,unverifiable,no,
recruitee,testerwork,,10,,unverifiable,no,
recruitee,tether,Tether Operations Limited,169,,unverifiable,no,
recruitee,tetratech,TETRA TECH,26,,unverifiable,no,
recruitee,texaspolicy,,6,,unverifiable,no,
recruitee,tg,TG THERAPEUTICS,0,,unverifiable,no,
recruitee,theaterhotelalmelo,,6,,unverifiable,no,
recruitee,thecareersteam,,5,,unverifiable,no,
recruitee,thegarlandcompany,,4,,unverifiable,no,
recruitee,thesafetynetwork,,36,,unverifiable,no,
recruitee,thesalescentre,,2,,unverifiable,no,
recruitee,thesjefgroup,,10,,unverifiable,no,
recruitee,thiemt,,5,,unverifiable,no,
recruitee,thirdway,,8,,unverifiable,no,
recruitee,thollembeek,,20,,unverifiable,no,
recruitee,thomannio,,2,,unverifiable,no,
recruitee,tidiocareer,,4,,unverifiable,no,
recruitee,tier1asset,,1,,unverifiable,no,
recruitee,tierklinikoberhaching,,19,,unverifiable,no,
recruitee,timedoctor,,4,,unverifiable,no,
recruitee,tiugotech,,3,,unverifiable,no,
recruitee,tkhomesolutions,,2,,unverifiable,no,
recruitee,tolympgmbh,,0,,unverifiable,no,
recruitee,toppy,,2,,unverifiable,no,
recruitee,traceair,,1,,unverifiable,no,
recruitee,trafilea,,44,,unverifiable,no,
recruitee,trafineo,,2,,unverifiable,no,
recruitee,transperfect,TransPerfect,645,,unverifiable,no,
recruitee,treuge,,3,,unverifiable,no,
recruitee,trevi,Trevi Therapeutics,2,,unverifiable,no,
recruitee,trimetis,,5,,unverifiable,no,
recruitee,trimit,,2,,unverifiable,no,
recruitee,trivire,,1,,unverifiable,no,
recruitee,tropos,,1,,unverifiable,no,
recruitee,trustedshops,,16,,unverifiable,no,
recruitee,trustero,,1,,unverifiable,no,
recruitee,tweedekamer,,2,,unverifiable,no,
recruitee,twynstragudde,,26,,unverifiable,no,
recruitee,tytantechnologiesgmbh,,53,,unverifiable,no,
recruitee,ubqmaterials,,1,,unverifiable,no,
recruitee,uhlenhaus,,24,,unverifiable,no,
recruitee,umane,Umane,82,,unverifiable,no,
recruitee,umbreit,,10,,unverifiable,no,
recruitee,unaferm,,26,,unverifiable,no,
recruitee,uniprometdoocacak,,7,,unverifiable,no,
recruitee,unitedalsaqergroup,,68,,unverifiable,no,
recruitee,unnunitednewsnetworkgmbh,,3,,unverifiable,no,
recruitee,up42gmbh,,2,,unverifiable,no,
recruitee,urbanarrow,,3,,unverifiable,no,
recruitee,urbaplan,,2,,unverifiable,no,
recruitee,utilityprofit,,3,,unverifiable,no,
recruitee,uxstudio,,0,,unverifiable,no,
recruitee,vacaturesclbeheer,,2,,unverifiable,no,
recruitee,valeuriad,,21,,unverifiable,no,
recruitee,valleifinancegroup,Vallei Finance Group,111,,unverifiable,no,
recruitee,vandervalkdeutschland,,47,,unverifiable,no,
recruitee,vandervalkhotelvenlo,,5,,unverifiable,no,
recruitee,vandervalkplazaresortbonaire,,11,,unverifiable,no,
recruitee,vandevelde,,22,,unverifiable,no,
recruitee,vanwijnen1,Van Wijnen,173,,unverifiable,no,
recruitee,varef,,10,,unverifiable,no,
recruitee,vbgroep,,36,,unverifiable,no,
recruitee,vbkvacatures,,17,,unverifiable,no,
recruitee,vcfc,,5,,unverifiable,no,
recruitee,veaxo,,13,,unverifiable,no,
recruitee,vebegofacilityservices3,Vebego Facility Services Germany,141,,unverifiable,no,
recruitee,veocareers,,57,,unverifiable,no,
recruitee,verbundhaushaltshilfe,,40,,unverifiable,no,
recruitee,verticalcompute,,7,,unverifiable,no,
recruitee,vertigis,,18,,unverifiable,no,
recruitee,vikingmalt,,2,,unverifiable,no,
recruitee,vilgain,,21,,unverifiable,no,
recruitee,vionfoodgroup,Vion Food Group,106,,unverifiable,no,
recruitee,viterramagdeburggmbh,,7,,unverifiable,no,
recruitee,vitestro,,6,,unverifiable,no,
recruitee,vluchtelingenwerknederland,,8,,unverifiable,no,
recruitee,vluchtelingenwerkvrijwilligers,VluchtelingenWerk | Vrijwilligers,291,,unverifiable,no,
recruitee,voortman,Voortman Steel Machinery,79,,unverifiable,no,
recruitee,vpteam,,5,,unverifiable,no,
recruitee,vrtlinzbachloecherbachundpartner,,13,,unverifiable,no,
recruitee,vsparticle,,2,,unverifiable,no,
recruitee,waardeburgh,,65,,unverifiable,no,
recruitee,wacomeurope,,2,,unverifiable,no,
recruitee,wagenborgnedlift,,11,,unverifiable,no,
recruitee,wakuli,,13,,unverifiable,no,
recruitee,walibiholland,,12,,unverifiable,no,
recruitee,walki,,1,,unverifiable,no,
recruitee,warande,,27,,unverifiable,no,
recruitee,warmtefonds,,6,,unverifiable,no,
recruitee,watchvice,,8,,unverifiable,no,
recruitee,wearebit,,2,,unverifiable,no,
recruitee,webbtraders,,0,,unverifiable,no,
recruitee,webqam,,1,,unverifiable,no,
recruitee,wellsterhealthtechgroup,,5,,unverifiable,no,
recruitee,welwonen,,0,,unverifiable,no,
recruitee,wereldvanvermaat,,3,,unverifiable,no,
recruitee,werkenbijace,,1,,unverifiable,no,
recruitee,werkenbijadesso,,30,,unverifiable,no,
recruitee,werkenbijattentzorgenbehandeling,,43,,unverifiable,no,
recruitee,werkenbijbmdadvies,,4,,unverifiable,no,
recruitee,werkenbijbrandnewday,,6,,unverifiable,no,
recruitee,werkenbijdeafm,,18,,unverifiable,no,
recruitee,werkenbijdebeyart,,9,,unverifiable,no,
recruitee,werkenbijdecantharel,,14,,unverifiable,no,
recruitee,werkenbijfivoor,Fivoor,112,,unverifiable,no,
recruitee,werkenbijflagshipamsterdam,,7,,unverifiable,no,
recruitee,werkenbijhiltermann,,19,,unverifiable,no,
recruitee,werkenbijklimaatroute,,11,,unverifiable,no,
recruitee,werkenbijnedcargo,,19,,unverifiable,no,
recruitee,werkenbijnlr,,26,,unverifiable,no,
recruitee,werkenbijqterminals,,12,,unverifiable,no,
recruitee,werkenbijrolanrobotics,,1,,unverifiable,no,
recruitee,werkenbijrs,,9,,unverifiable,no,
recruitee,werkenbijtrip,,12,,unverifiable,no,
recruitee,werkenbijvalantic,,5,,unverifiable,no,
recruitee,werkenbijvanberlo,,11,,unverifiable,no,
recruitee,werkenbijvigogroep,VIGO groep,94,,unverifiable,no,
recruitee,werkenbijvnoncwmkb,,3,,unverifiable,no,
recruitee,werkenbijvrr,,16,,unverifiable,no,
recruitee,werkenbijxonar,,11,,unverifiable,no,
recruitee,werkenbijyouvia,,2,,unverifiable,no,
recruitee,werkeninleisure,,8,,unverifiable,no,
recruitee,werkeninsuriname,,25,,unverifiable,no,
recruitee,wesoftyou2,,2,,unverifiable,no,
recruitee,westerhorstmann,,4,,unverifiable,no,
recruitee,wingmangroup,,19,,unverifiable,no,
recruitee,wolfpackit,,5,,unverifiable,no,
recruitee,wonderkind,,2,,unverifiable,no,
recruitee,woonplusschiedam,,9,,unverifiable,no,
recruitee,woonzorgnederland,,7,,unverifiable,no,
recruitee,wordbank,,2,,unverifiable,no,
recruitee,wordbankllc,,2,,unverifiable,no,
recruitee,wsdmv,,9,,unverifiable,no,
recruitee,wunderbricks,,0,,unverifiable,no,
recruitee,xalholdinggmbh,,21,,unverifiable,no,
recruitee,xalution,,13,,unverifiable,no,
recruitee,xebiacareers,,43,,unverifiable,no,
recruitee,xfive,,1,,unverifiable,no,
recruitee,xite,,0,,unverifiable,no,
recruitee,xneelo,,2,,unverifiable,no,
recruitee,xogene,,4,,unverifiable,no,
recruitee,yellowtail,,36,,unverifiable,no,
recruitee,yopeso,,10,,unverifiable,no,
recruitee,younggroup,,21,,unverifiable,no,
recruitee,yource,,0,,unverifiable,no,
recruitee,zadragruppe,,12,,unverifiable,no,
recruitee,zara,,10,,unverifiable,no,
recruitee,zarahome,,0,,unverifiable,no,
recruitee,zeelandialtd,,1,,unverifiable,no,
recruitee,zelh,,24,,unverifiable,no,
recruitee,zeotap,,1,,unverifiable,no,
recruitee,zerofriction,,1,,unverifiable,no,
recruitee,zerofy,,2,,unverifiable,no,
recruitee,zeromotorcycles,,8,,unverifiable,no,
recruitee,zideris,,16,,unverifiable,no,
recruitee,zira,,2,,unverifiable,no,
recruitee,zonnehuisgroepamstelland,,57,,unverifiable,no,
recruitee,zorgdomein,,4,,unverifiable,no,
recruitee,zpvgmbhcokg,,4,,unverifiable,no,
recruitee,zuidplas1,,8,,unverifiable,no,
rippling,15-lightyears-careers,,2,,unverifiable,no,
rippling,1nhealth,,0,,unverifiable,no,
rippling,3rd-street-youth-center-clinic,,14,,unverifiable,no,
rippling,514-careers,,1,,unverifiable,no,
rippling,aaca,,4,,unverifiable,no,
rippling,aalo-atomics,,57,,unverifiable,no,
rippling,aalyria-careers,,37,,unverifiable,no,
rippling,aapd-jobs,,1,,unverifiable,no,
rippling,absencesoft,,13,,unverifiable,no,
rippling,abw-appliances,,2,,unverifiable,no,
rippling,accelerant,,25,,unverifiable,no,
rippling,acceleration-academies,,31,,unverifiable,no,
rippling,accelintjobboardtest,,51,,unverifiable,no,
rippling,accruity-careers,,1,,unverifiable,no,
rippling,acretrader-jobs,,0,,unreachable,no,HTTP 404
rippling,acrn,,8,,unverifiable,no,
rippling,actionist-consulting,,6,,unverifiable,no,
rippling,ad-hoc-group,,2,,unverifiable,no,
rippling,adelaide,,7,,unverifiable,no,
rippling,advanced-energy-united-career-opportunities,,8,,unverifiable,no,
rippling,advanced-navigation,,30,,unverifiable,no,
rippling,advocate-technologies-inc,,4,,unverifiable,no,
rippling,aeris-communications-inc,,14,,unverifiable,no,
rippling,aerwavecareers,,6,,unverifiable,no,
rippling,aery-aviation-llc,,18,,unverifiable,no,
rippling,aftons-job-board,,13,,unverifiable,no,
rippling,agelessrx,,4,,unverifiable,no,
rippling,agentsync-careers,,4,,unverifiable,no,
rippling,agilitypr,,11,,unverifiable,no,
rippling,agital-careers,,4,,unverifiable,no,
rippling,agora,,9,,unverifiable,no,
rippling,aigent-energy,,5,,unverifiable,no,
rippling,aimtal,,2,,unverifiable,no,
rippling,aiq-careers,,2,,unverifiable,no,
rippling,airbox,,0,,unreachable,no,HTTP 404
rippling,aitp,,5,,unverifiable,no,
rippling,albers-aersopace,,46,,unverifiable,no,
rippling,albert-invent-corp,,20,,unverifiable,no,
rippling,algo-communication-products,,5,,unverifiable,no,
rippling,allaboveall,,2,,unverifiable,no,
rippling,allegiance-flag,,3,,unverifiable,no,
rippling,alleyoop,,1,,unverifiable,no,
rippling,allied-global-marketing,,10,,unverifiable,no,
rippling,allsup,,2,,unverifiable,no,
rippling,allvoices,,5,,unverifiable,no,
rippling,altom-transport-jobs,,11,,unverifiable,no,
rippling,aman-at-sea,,3,,unverifiable,no,
rippling,america-west-medical-transport-careers,,17,,unverifiable,no,
rippling,amopportunities,,3,,unverifiable,no,
rippling,ampersandbrands,,81,,unverifiable,no,
rippling,amplify,,0,,unreachable,no,HTTP 404
rippling,ampliwork-inc,,8,,unverifiable,no,
rippling,andesa-services,,3,,unverifiable,no,
rippling,androscareers,,1,,unverifiable,no,
rippling,animal-farm-family-llc,,0,,unverifiable,no,
rippling,answering-service-care,,15,,unverifiable,no,
rippling,anza-re-llc,,4,,unverifiable,no,
rippling,apexanalytix-careers,,32,,unverifiable,no,
rippling,apexorderpickupsolutions,,2,,unverifiable,no,
rippling,apoha,,0,,unverifiable,no,
rippling,appriss-retail,,2,,unverifiable,no,
rippling,apptega,,4,,unverifiable,no,
rippling,aptnexus,,3,,unverifiable,no,
rippling,arbor,,4,,unverifiable,no,
rippling,arborxr,,1,,unverifiable,no,
rippling,arc,,1,,unverifiable,no,
rippling,arcgno-jobs,,11,,unverifiable,no,
rippling,ares-interactive-careers,,2,,unverifiable,no,
rippling,argyle,,0,,unverifiable,no,
rippling,arion-care-referrals,,89,,unverifiable,no,
rippling,arkeuscareer,,10,,unverifiable,no,
rippling,arrow-electric,,10,,unverifiable,no,
rippling,artemis-careers,,4,,unverifiable,no,
rippling,arthaus,,13,,unverifiable,no,
rippling,asc-careers,,2,,unverifiable,no,
rippling,ascension-coffee-careers,,23,,unverifiable,no,
rippling,ash-people,,22,,unverifiable,no,
rippling,asite,,6,,unverifiable,no,
rippling,astra,,35,,unverifiable,no,
rippling,ata,,15,,unverifiable,no,
rippling,athena-careers,,9,,unverifiable,no,
rippling,athos-commerce-careers,,4,,unverifiable,no,
rippling,atlantic-coast-mortgage,,5,,unverifiable,no,
rippling,axisair-careers,,33,,unverifiable,no,
rippling,azira-careers-page,,7,,unverifiable,no,
rippling,baboveservices,,28,,unverifiable,no,
rippling,ballentine-partners,,5,,unverifiable,no,
rippling,bamboo-health-careers,,12,,unverifiable,no,
rippling,bao-consulting,,10,,unverifiable,no,
rippling,barntools,,2,,unverifiable,no,
rippling,barron-career-board,,0,,unverifiable,no,
rippling,bay-fc-jobs,,9,,unverifiable,no,
rippling,baylandhealth,,2,,unverifiable,no,
rippling,beacon-global-strategies,,2,,unverifiable,no,
rippling,bedrock-data,,6,,unverifiable,no,
rippling,beehive-industries,,95,,unverifiable,no,
rippling,begin-careers,,0,,unverifiable,no,
rippling,bellhop,,1,,unverifiable,no,
rippling,better-cotton-careers,,6,,unverifiable,no,
rippling,bettercomp,,1,,unverifiable,no,
rippling,bgus-job,,3,,unverifiable,no,
rippling,big-com,,1,,unverifiable,no,
rippling,billingsleycareers,,39,,unverifiable,no,
rippling,biolyte,,1,,unverifiable,no,
rippling,bizzycar,,10,,unverifiable,no,
rippling,blackrockneurotech,,6,,unverifiable,no,
rippling,blue-robotics,,4,,unverifiable,no,
rippling,blue-water-autonomy,,6,,unverifiable,no,
rippling,bluefin-payment-systems,,3,,unverifiable,no,
rippling,blueridge,,1,,unverifiable,no,
rippling,bluetree,,22,,unverifiable,no,
rippling,bluewave,,9,,unverifiable,no,
rippling,bmsc-careers,,7,,unverifiable,no,
rippling,bodwe-professional-services-group-companies,,23,,unverifiable,no,
rippling,bonsairoboticsmain,,7,,unverifiable,no,
rippling,bonusly,,4,,unverifiable,no,
rippling,bookmans-careers,,3,,unverifiable,no,
rippling,booknook-inc,,2,,unverifiable,no,
rippling,boom-supersonic,,43,,unverifiable,no,
rippling,boompop,,1,,unverifiable,no,
rippling,booster-juice-corporate-office,,5,,unverifiable,no,
rippling,brewing-coach-opportunities,,9,,unverifiable,no,
rippling,brightside-health-jobs,,1,,unverifiable,no,
rippling,brillian,,2,,unverifiable,no,
rippling,broadvoice,,5,,unverifiable,no,
rippling,bronco-ai,,3,,unverifiable,no,
rippling,bryson-gillette,,2,,unverifiable,no,
rippling,btc-inc,,4,,unverifiable,no,
rippling,buckeye-power-sales,,19,,unverifiable,no,
rippling,burgmann,,0,,unreachable,no,HTTP 404
rippling,button,,12,,unverifiable,no,
rippling,buxtoncocareers,,2,,unverifiable,no,
rippling,cabrini-care,,0,,unreachable,no,HTTP 404
rippling,caddy,,1,,unverifiable,no,
rippling,caliza,,1,,unverifiable,no,
rippling,campspot,,8,,unverifiable,no,
rippling,canada-rocket-company,,20,,unverifiable,no,
rippling,capacity,,3,,unverifiable,no,
rippling,capital-b,,0,,unverifiable,no,
rippling,career-opportunities-at-mindset,,5,,unverifiable,no,
rippling,careers-american-federation-of-musicians-employers-pension-fund,,0,,unverifiable,no,
rippling,careers-at-harver,,3,,unverifiable,no,
rippling,careers-at-pearl,,5,,unverifiable,no,
rippling,careers-neuronetics,,50,,unverifiable,no,
rippling,careers-quartile,,10,,unverifiable,no,
rippling,careers-ucfs,,150,,unverifiable,no,
rippling,cargosprint,,5,,unverifiable,no,
rippling,casa-esperanza,,23,,unverifiable,no,
rippling,cast-finance,,4,,unverifiable,no,
rippling,catalyst-careers,,2,,unverifiable,no,
rippling,catalystcr-careers,,4,,unverifiable,no,
rippling,catholic-charities,,6,,unverifiable,no,
rippling,catlin-gabel-school,,12,,unverifiable,no,
rippling,cbts,,0,,unverifiable,no,
rippling,cbtsindia,,0,,unverifiable,no,
rippling,cdata-software,,8,,unverifiable,no,
rippling,celerdataopenroles,,14,,unverifiable,no,
rippling,centricity-research,,8,,unverifiable,no,
rippling,cfi-solutions,,6,,unverifiable,no,
rippling,chapman-management-group,,18,,unverifiable,no,
rippling,character-biosciences,,1,,unverifiable,no,
rippling,chartis-interactive,,4,,unverifiable,no,
rippling,chess,,12,,unverifiable,no,
rippling,childrenscouncilsf,,6,,unverifiable,no,
rippling,christ-covenant-church,,11,,unverifiable,no,
rippling,cincinnati-school-of-music,,5,,unverifiable,no,
rippling,citrine-informatics,,5,,unverifiable,no,
rippling,clarimed,,0,,unverifiable,no,
rippling,clarity-clinic,,18,,unverifiable,no,
rippling,clean-energy-services-careers,,14,,unverifiable,no,
rippling,clearestate,,1,,unverifiable,no,
rippling,clearpath,,3,,unverifiable,no,
rippling,clearstar,,2,,unverifiable,no,
rippling,clicklease,,14,,unverifiable,no,
rippling,climatepower,,1,,unverifiable,no,
rippling,clinical-consulting-solutions,,11,,unverifiable,no,
rippling,closinglock,,3,,unverifiable,no,
rippling,cloud-synapps-inc,,11,,unverifiable,no,
rippling,cloudtech,,1,,unverifiable,no,
rippling,clubessential-holdings-cjb,,1,,unverifiable,no,
rippling,cnyf,,3,,unverifiable,no,
rippling,codehs,,7,,unverifiable,no,
rippling,colheli,,3,,unverifiable,no,
rippling,collieraerospace,,9,,unverifiable,no,
rippling,column,,1,,unverifiable,no,
rippling,combase-usa,,1,,unverifiable,no,
rippling,combocurve,,6,,unverifiable,no,
rippling,commandlink,,20,,unverifiable,no,
rippling,communities-in-schools-of-the-dallas-region,,1,,unverifiable,no,
rippling,community-phone-careers,,9,,unverifiable,no,
rippling,compass-coffee,,0,,unverifiable,no,
rippling,compass-mining,,2,,unverifiable,no,
rippling,complexly,,0,,unverifiable,no,
rippling,conab-job-board,,1,,unverifiable,no,
rippling,conceptplus,,41,,unverifiable,no,
rippling,concntric,,1,,unverifiable,no,
rippling,concordare-trials,,0,,unverifiable,no,
rippling,conferencecatalysts,,0,,unverifiable,no,
rippling,consensus,,10,,unverifiable,no,
rippling,conservation-northwest,,1,,unverifiable,no,
rippling,contour-education,,73,,unverifiable,no,
rippling,contractor-opportunities,,2,,unverifiable,no,
rippling,convo-communications-llc,,2,,unverifiable,no,
rippling,copado,,29,,unverifiable,no,
rippling,coterie-careers,,9,,unverifiable,no,
rippling,covetcareers,,9,,unverifiable,no,
rippling,cozey,,17,,unverifiable,no,
rippling,crafty,,22,,unverifiable,no,
rippling,crane-center-careers-page,,3,,unverifiable,no,
rippling,crawford-mechanical-services,,15,,unverifiable,no,
rippling,createmusicgroup,,19,,unverifiable,no,
rippling,cressy,,3,,unverifiable,no,
rippling,crio,,6,,unverifiable,no,
rippling,crisp-careers,,0,,unverifiable,no,
rippling,cristcot-management-company-inc,,4,,unverifiable,no,
rippling,crjcareers,,84,,unverifiable,no,
rippling,crosswalk-health-inc,,10,,unverifiable,no,
rippling,cs-erickson-careers,,19,,unverifiable,no,
rippling,cullen-jewellery,,13,,unverifiable,no,
rippling,curiosity-current-openings,,4,,unverifiable,no,
rippling,current-energy-group,,5,,unverifiable,no,
rippling,custer-inc,,1,,unverifiable,no,
rippling,cutcher,,10,,unverifiable,no,
rippling,d-wave-quantum,,52,,unverifiable,no,
rippling,dadosfera-carreiras,,0,,unreachable,no,HTTP 404
rippling,dailyjournal,,1,,unverifiable,no,
rippling,daloopa,,16,,unverifiable,no,
rippling,darksaber-labs,,4,,unverifiable,no,
rippling,darwin-homes,,2,,unverifiable,no,
rippling,dataspring,,9,,unverifiable,no,
rippling,dealeron,,21,,unverifiable,no,
rippling,decision-technologies-inc,,47,,unverifiable,no,
rippling,del-mar-vacations,,9,,unverifiable,no,
rippling,delos-careers,,1,,unverifiable,no,
rippling,demand-chain,,6,,unverifiable,no,
rippling,demandpdx,,9,,unverifiable,no,
rippling,democracy-docket,,3,,unverifiable,no,
rippling,democratic-national-committee,,10,,unverifiable,no,
rippling,dental-intelligence-careers,,4,,unverifiable,no,
rippling,deschutes-river-amphitheater,,0,,unverifiable,no,
rippling,desri-careers,,44,,unverifiable,no,
rippling,dext-capital-llc,,3,,unverifiable,no,
rippling,dgrsystems,,11,,unverifiable,no,
rippling,dialogue-en,,31,,unverifiable,no,
rippling,dialogue-fr,,28,,unverifiable,no,
rippling,dias-geophysical-limited,,5,,unverifiable,no,
rippling,digital-experience-holdings-llc,,7,,unverifiable,no,
rippling,digsdogcare,,15,,unverifiable,no,
rippling,dirty-hands,,7,,unverifiable,no,
rippling,disabilityrightswi,,0,,unverifiable,no,
rippling,dispensed-careers,,6,,unverifiable,no,
rippling,dizplai,,6,,unverifiable,no,
rippling,dlb-associates,,87,,unverifiable,no,
rippling,domaine-careers,,16,,unverifiable,no,
rippling,donum-dei-classical-academy,,8,,unverifiable,no,
rippling,door,,6,,unverifiable,no,
rippling,dreww-jobs,,8,,unverifiable,no,
rippling,droneshield,,0,,unreachable,no,HTTP 404
rippling,droneup,,4,,unverifiable,no,
rippling,drvn-jobs,,2,,unverifiable,no,
rippling,dub,,2,,unverifiable,no,
rippling,duku-ai,,3,,unverifiable,no,
rippling,duplocloud,,3,,unverifiable,no,
rippling,dynagenlending,,7,,unverifiable,no,
rippling,easy-dynamics-corporation,,11,,unverifiable,no,
rippling,econorthwest,,3,,unverifiable,no,
rippling,ecowize-careers,,48,,unverifiable,no,
rippling,edgedelta,,1,,unverifiable,no,
rippling,edgehog-trading,,14,,unverifiable,no,
rippling,ehouse-studio-llc,,2,,unverifiable,no,
rippling,eleanor-health-careers,,5,,unverifiable,no,
rippling,electrosonic-careers,,5,,unverifiable,no,
rippling,elg-careers-attorneys,,2,,unverifiable,no,
rippling,emed-technologies-job-board,,7,,unverifiable,no,
rippling,emeraldx,,19,,unverifiable,no,
rippling,encamp,,2,,unverifiable,no,
rippling,endpointsnews,,2,,unverifiable,no,
rippling,enertiv-jobs,,0,,unverifiable,no,
rippling,entropico,,2,,unverifiable,no,
rippling,entrust-community-services-job-board,,4,,unverifiable,no,
rippling,enzo-health,,5,,unverifiable,no,
rippling,ephemeris-net,,8,,unverifiable,no,
rippling,epic-gardening,,1,,unverifiable,no,
rippling,epic-software,,19,,unverifiable,no,
rippling,erepublic,,0,,unverifiable,no,
rippling,ethermed,,1,,unverifiable,no,
rippling,etix,,2,,unverifiable,no,
rippling,eurasia-group,,13,,unverifiable,no,
rippling,evercharge-careers,,0,,unverifiable,no,
rippling,everfi,,2,,unverifiable,no,
rippling,everflow,,4,,unverifiable,no,
rippling,everythingbagelcareers,,1,,unverifiable,no,
rippling,evidation,,3,,unverifiable,no,
rippling,evommune,,3,,unverifiable,no,
rippling,evosus-inc,,0,,unverifiable,no,
rippling,exacare-inc,,23,,unverifiable,no,
rippling,exp-jobs,,14,,unverifiable,no,
rippling,expo,,11,,unverifiable,no,
rippling,external-job-board,,9,,unverifiable,no,
rippling,extrityservices,,12,,unverifiable,no,
rippling,exus-renewables-north-america,,11,,unverifiable,no,
rippling,fabric-inc,,3,,unverifiable,no,
rippling,facereality,,4,,unverifiable,no,
rippling,farmandforgeclub,,5,,unverifiable,no,
rippling,fastsigns,,2,,unverifiable,no,
rippling,fellers,,4,,unverifiable,no,
rippling,fello-careers,,9,,unverifiable,no,
rippling,ffbc,,0,,unverifiable,no,
rippling,fieldpulse,,12,,unverifiable,no,
rippling,findhelp,,20,,unverifiable,no,
rippling,fintrx-careers,,2,,unverifiable,no,
rippling,firstfedcareers,,7,,unverifiable,no,
rippling,firstservicebank,,13,,unverifiable,no,
rippling,flex-dental,,2,,unverifiable,no,
rippling,flighthouse,,1,,unverifiable,no,
rippling,flourish-and-thrive-labs,,6,,unverifiable,no,
rippling,fluidlogic,,1,,unverifiable,no,
rippling,foremostcareers,,1,,unverifiable,no,
rippling,formant-careers,,1,,unverifiable,no,
rippling,forterra,,37,,unverifiable,no,
rippling,foundant-careers,,18,,unverifiable,no,
rippling,foundation-robotics,,24,,unverifiable,no,
rippling,framework,,2,,unverifiable,no,
rippling,free-market-health,,19,,unverifiable,no,
rippling,freedom-house,,3,,unverifiable,no,
rippling,fsm-apply,,2,,unverifiable,no,
rippling,fullmind,,0,,unverifiable,no,
rippling,gaiias-open-positions,,7,,unverifiable,no,
rippling,gakinoamaagetfc,,1,,unverifiable,no,
rippling,galvanizetherapeutics,,9,,unverifiable,no,
rippling,gamerschoice,,14,,unverifiable,no,
rippling,gamesight,,2,,unverifiable,no,
rippling,gannett,,0,,unverifiable,no,
rippling,gearhead-outfitters-careers,,39,,unverifiable,no,
rippling,genlogs-corporation,,17,,unverifiable,no,
rippling,georgetownhill,,4,,unverifiable,no,
rippling,gershautism,,41,,unverifiable,no,
rippling,get-covered-insurance,,7,,unverifiable,no,
rippling,get-engaged,,20,,unverifiable,no,
rippling,gfg-career-page,,11,,unverifiable,no,
rippling,giftedsavings,,0,,unverifiable,no,
rippling,gigawatt-ai,,5,,unverifiable,no,
rippling,gitar-careers,,0,,unreachable,no,HTTP 404
rippling,gobolt,,12,,unverifiable,no,
rippling,goddard-technologies,,10,,unverifiable,no,
rippling,gofishdigital,,20,,unverifiable,no,
rippling,govly-inc,,1,,unverifiable,no,
rippling,greentown-labs,,6,,unverifiable,no,
rippling,gridsight,,29,,unverifiable,no,
rippling,grifin,,2,,unverifiable,no,
rippling,grit-marketing,,0,,unverifiable,no,
rippling,gshawaii,,6,,unverifiable,no,
rippling,gsm-jobs,,19,,unverifiable,no,
rippling,guru-careers,,3,,unverifiable,no,
rippling,halborn,,5,,unverifiable,no,
rippling,halborn-inc,,3,,unverifiable,no,
rippling,hammerspace,,11,,unverifiable,no,
rippling,harborcompliance,,13,,unverifiable,no,
rippling,harrison-group,,23,,unverifiable,no,
rippling,harvest,,5,,unverifiable,no,
rippling,havenlybrands,,36,,unverifiable,no,
rippling,heads-up-technologies,,19,,unverifiable,no,
rippling,healthbar-careers,,4,,unverifiable,no,
rippling,healthlink-dimensions,,1,,unverifiable,no,
rippling,healthsnapcareers,,7,,unverifiable,no,
rippling,hearth-careers,,5,,unverifiable,no,
rippling,hhrocjobs,,2,,unverifiable,no,
rippling,hinghamsavings,,7,,unverifiable,no,
rippling,hl-agency,,1,,unverifiable,no,
rippling,holly,,5,,unverifiable,no,
rippling,home-carpet-one,,1,,unverifiable,no,
rippling,hosmer-chiropractic-health,,2,,unverifiable,no,
rippling,hqo,,0,,unreachable,no,HTTP 404
rippling,htx-labs-careers,,2,,unverifiable,no,
rippling,hunterstrategy,,4,,unverifiable,no,
rippling,huntridge-labs-careers,,2,,unverifiable,no,
rippling,husted-communications-inc-hci,,8,,unverifiable,no,
rippling,hutch-ads-job-board,,0,,unreachable,no,HTTP 404
rippling,hypervision-surgical,,3,,unverifiable,no,
rippling,hypervolt,,15,,unverifiable,no,
rippling,ias-careers,,21,,unverifiable,no,
rippling,icp-globalcareers,,10,,unverifiable,no,
rippling,ieducate,,2,,unverifiable,no,
rippling,inair,,1,,unverifiable,no,
rippling,incredible-health,Incredible Health,4,,unverifiable,no,
rippling,indivisible-project-careers,,2,,unverifiable,no,
rippling,infodash,,0,,unverifiable,no,
rippling,infotrack-careers,,5,,unverifiable,no,
rippling,inquired-careers,,4,,unverifiable,no,
rippling,inseego,,4,,unverifiable,no,
rippling,inspectoriocareers,,13,,unverifiable,no,
rippling,integrated-community-options,,5,,unverifiable,no,
rippling,intelliguard,,7,,unverifiable,no,
rippling,interplaylearning,,3,,unverifiable,no,
rippling,intersection,,14,,unverifiable,no,
rippling,ip-house,,6,,unverifiable,no,
rippling,it-voice-careers,,3,,unverifiable,no,
rippling,ivywoodclassicalacademy,,3,,unverifiable,no,
rippling,j2-interactive,,2,,unverifiable,no,
rippling,japanese-friendship-garden-of-phoenix,,2,,unverifiable,no,
rippling,jmark-careers,,11,,unverifiable,no,
rippling,jobboard,,17,,unverifiable,no,
rippling,jobs-at-tuesday-health,,9,,unverifiable,no,
rippling,join-modern,,7,,unverifiable,no,
rippling,join-the-hipcamp-team,,7,,unverifiable,no,
rippling,joinroot,,12,,unverifiable,no,
rippling,jsm-careers,,3,,unverifiable,no,
rippling,just-appraised-jobs,,6,,unverifiable,no,
rippling,kalamazoo-gospel-ministries,,4,,unverifiable,no,
rippling,kaporcenter,,1,,unverifiable,no,
rippling,karoo-health,,1,,unverifiable,no,
rippling,keeblerhealth,,2,,unverifiable,no,
rippling,keel-labs-careers,,2,,unverifiable,no,
rippling,kevel-careers,,5,,unverifiable,no,
rippling,kick,,11,,unverifiable,no,
rippling,kidspacemuseum,,3,,unverifiable,no,
rippling,kinetic,,24,,unverifiable,no,
rippling,kinetic-games-careers,,4,,unverifiable,no,
rippling,kisi-jobs,,0,,unverifiable,no,
rippling,kline-company-inc,,5,,unverifiable,no,
rippling,knotch-inc,,2,,unverifiable,no,
rippling,kolar-design-career-opportunities,,2,,unverifiable,no,
rippling,konabrewinghawaii,,13,,unverifiable,no,
rippling,koreai-india-careers,,7,,unverifiable,no,
rippling,kraken-robotics-inc,,16,,unverifiable,no,
rippling,kubota-basol-llp-job-board,,1,,unverifiable,no,
rippling,kuvare-jobs,,7,,unverifiable,no,
rippling,kwetta,,4,,unverifiable,no,
rippling,l2l-openings,,3,,unverifiable,no,
rippling,labric,,2,,unverifiable,no,
rippling,lagos,,11,,unverifiable,no,
rippling,latentai-careers,,1,,unverifiable,no,
rippling,latitudesh-jobs,,6,,unverifiable,no,
rippling,lavu-inc,,4,,unverifiable,no,
rippling,lawvu-careers,,9,,unverifiable,no,
rippling,lcacareers,,15,,unverifiable,no,
rippling,leadsurge,,2,,unverifiable,no,
rippling,leaflabs,,0,,unreachable,no,HTTP 404
rippling,leandna,,1,,unverifiable,no,
rippling,leap-group,,10,,unverifiable,no,
rippling,legalontech,,5,,unverifiable,no,
rippling,legitscript-careers,,7,,unverifiable,no,
rippling,letterhead,,0,,unreachable,no,HTTP 404
rippling,lexitas-open-positions,,4,,unverifiable,no,
rippling,liberty-in-north-korea,,1,,unverifiable,no,
rippling,liftoff-campaigns-llc,,1,,unverifiable,no,
rippling,lightguide,,5,,unverifiable,no,
rippling,lighthouse-senior-living,,10,,unverifiable,no,
rippling,lighthouseai-careers,,12,,unverifiable,no,
rippling,lilac-solutions,,4,,unverifiable,no,
rippling,lime-technology,,2,,unverifiable,no,
rippling,lineleap,,3,,unverifiable,no,
rippling,linqcare-careers,,0,,unreachable,no,HTTP 404
rippling,linxup,,6,,unverifiable,no,
rippling,liquid-agency,,0,,unverifiable,no,
rippling,lisinski-law-firm,,39,,unverifiable,no,
rippling,liveops,,10,,unverifiable,no,
rippling,livingstonclassicalacademy,,2,,unverifiable,no,
rippling,local-vacation-rentals,,4,,unverifiable,no,
rippling,locateai,,2,,unverifiable,no,
rippling,londonsouthendairport,,5,,unverifiable,no,
rippling,longevity-holdings,,1,,unverifiable,no,
rippling,longeye,,3,,unverifiable,no,
rippling,loop-careers,,4,,unverifiable,no,
rippling,lpfch,,1,,unverifiable,no,
rippling,luma-financial-technologies,,16,,unverifiable,no,
rippling,lunastacos,,3,,unverifiable,no,
rippling,lylaw-recruitment,,3,,unverifiable,no,
rippling,lynx-software-technologies,,23,,unverifiable,no,
rippling,lyte,,53,,unverifiable,no,
rippling,madtree-careers,,15,,unverifiable,no,
rippling,mainline,,7,,unverifiable,no,
rippling,makers,,1,,unverifiable,no,
rippling,malone-center,,2,,unverifiable,no,
rippling,malwarebytes,,6,,unverifiable,no,
rippling,managepoint,,1,,unverifiable,no,
rippling,manly-bands,,1,,unverifiable,no,
rippling,mapped,,1,,unverifiable,no,
rippling,mastery-logistics-systems,,3,,unverifiable,no,
rippling,mdintegrations,,3,,unverifiable,no,
rippling,measurabljobs,,0,,unverifiable,no,
rippling,mei-employment,,7,,unverifiable,no,
rippling,memacareers,,1,,unverifiable,no,
rippling,memryx,,4,,unverifiable,no,
rippling,menlochurch,,6,,unverifiable,no,
rippling,meridian-counseling-careers,,11,,unverifiable,no,
rippling,meritus-property-group,,21,,unverifiable,no,
rippling,meroka,,5,,unverifiable,no,
rippling,meundies-recruiting,,7,,unverifiable,no,
rippling,miebach-northamerica-career-page,,7,,unverifiable,no,
rippling,mila-careers,,7,,unverifiable,no,
rippling,millsroofinginc,,2,,unverifiable,no,
rippling,mindstate-design-labs,,1,,unverifiable,no,
rippling,mira-home,,16,,unverifiable,no,
rippling,mission-underwriting-services,,9,,unverifiable,no,
rippling,mission-zero-technologies,,1,,unverifiable,no,
rippling,misterpexpress,,6,,unverifiable,no,
rippling,moleskine,,6,,unverifiable,no,
rippling,momentum-behavior-services,,0,,unverifiable,no,
rippling,monteith,,16,,unverifiable,no,
rippling,moov,,2,,unverifiable,no,
rippling,moov-pool-products,,11,,unverifiable,no,
rippling,mspark-careers,,2,,unverifiable,no,
rippling,multiplayer-studio,,5,,unverifiable,no,
rippling,muth-electric-inc,,56,,unverifiable,no,
rippling,mybeacon,,4,,unverifiable,no,
rippling,mydnainc,,5,,unverifiable,no,
rippling,mykaarma,,15,,unverifiable,no,
rippling,mymenopauserx,,3,,unverifiable,no,
rippling,mytra,,38,,unverifiable,no,
rippling,n3xt-jobs,,4,,unverifiable,no,
rippling,nanovation-careers,,1,,unverifiable,no,
rippling,ndi_careers,,1,,unverifiable,no,
rippling,nerdio-careers,,16,,unverifiable,no,
rippling,nesto,,39,,unverifiable,no,
rippling,nestogroup,,25,,unverifiable,no,
rippling,netatwork,,21,,unverifiable,no,
rippling,netrio,,26,,unverifiable,no,
rippling,netwrix-corporation,,26,,unverifiable,no,
rippling,new-life-ranch,,12,,unverifiable,no,
rippling,newbridge-marketing,,3,,unverifiable,no,
rippling,newreacheducation,,5,,unverifiable,no,
rippling,nexcess,,42,,unverifiable,no,
rippling,nexigendigital,,4,,unverifiable,no,
rippling,nocd,,79,,unverifiable,no,
rippling,novata,,5,,unverifiable,no,
rippling,novella,,9,,unverifiable,no,
rippling,nucleus-biologics-careers,,2,,unverifiable,no,
rippling,nutrient,,9,,unverifiable,no,
rippling,nwsl,,5,,unverifiable,no,
rippling,nwsl-boston-open-positions,,6,,unverifiable,no,
rippling,o3-solutions,,2,,unverifiable,no,
rippling,oasissolutions,,5,,unverifiable,no,
rippling,obie,,4,,unverifiable,no,
rippling,obr,,27,,unverifiable,no,
rippling,oddbytes-llc,,0,,unverifiable,no,
rippling,ogp,,0,,unverifiable,no,
rippling,oguz-law,,9,,unverifiable,no,
rippling,omninet-property-management,,49,,unverifiable,no,
rippling,on-point-holdings-llc,,4,,unverifiable,no,
rippling,open-jobs,,2,,unverifiable,no,
rippling,open-roles,,14,,unverifiable,no,
rippling,opendoor,,46,,unverifiable,no,
rippling,opiniion,,9,,unverifiable,no,
rippling,optigon,,1,,unverifiable,no,
rippling,orbital-operations,,0,,unverifiable,no,
rippling,orbitfab,,4,,unverifiable,no,
rippling,orchestry-software-inc,,5,,unverifiable,no,
rippling,orderly-wellness,,0,,unverifiable,no,
rippling,orthofi-open-roles,,6,,unverifiable,no,
rippling,osn,,1,,unverifiable,no,
rippling,outbuild-technologies-inc,,2,,unverifiable,no,
rippling,owc,,2,,unverifiable,no,
rippling,oxbridge-health,,5,,unverifiable,no,
rippling,paarc-employment,,9,,unverifiable,no,
rippling,pace,,13,,unverifiable,no,
rippling,pacific-exteriors-llc,,3,,unverifiable,no,
rippling,packetlabs,,8,,unverifiable,no,
rippling,page-insurance-careers,,3,,unverifiable,no,
rippling,panthera-careers,,1,,unverifiable,no,
rippling,paradise-media-recruitment,,10,,unverifiable,no,
rippling,parallax,,1,,unverifiable,no,
rippling,parentsquare,,15,,unverifiable,no,
rippling,pathos,,10,,unverifiable,no,
rippling,patientfi,,16,,unverifiable,no,
rippling,patientnow,,3,,unverifiable,no,
rippling,patriot-erectors-llc,,18,,unverifiable,no,
rippling,pdq,,10,,unverifiable,no,
rippling,pdwcareers,,29,,unverifiable,no,
rippling,peach-finance,,1,,unverifiable,no,
rippling,peak-power-careers,,1,,unverifiable,no,
rippling,pear-suites-career-page,,8,,unverifiable,no,
rippling,pendulum-intelligence-jobs,,1,,unverifiable,no,
rippling,perle,,70,,unverifiable,no,
rippling,pet-screening-job-board,,3,,unverifiable,no,
rippling,petersen-automotive-museum,,5,,unverifiable,no,
rippling,pimlico-capital,,1,,unverifiable,no,
rippling,planhub-inc,,2,,unverifiable,no,
rippling,plantiblefoods,,12,,unverifiable,no,
rippling,plmrcareers,,9,,unverifiable,no,
rippling,plume-network,,15,,unverifiable,no,
rippling,pna-internal,,6,,unverifiable,no,
rippling,popstroke-job-board-1924,,160,,unverifiable,no,
rippling,portside,,5,,unverifiable,no,
rippling,positron,,22,,unverifiable,no,
rippling,power-takeoff-careers,,2,,unverifiable,no,
rippling,praia-health,,2,,unverifiable,no,
rippling,praos-smart-security,,0,,unreachable,no,HTTP 404
rippling,priorities,,2,,unverifiable,no,
rippling,prisma-careers,,2,,unverifiable,no,
rippling,processunity,,3,,unverifiable,no,
rippling,proformance-builder-solutions,,3,,unverifiable,no,
rippling,progressive-automations,,7,,unverifiable,no,
rippling,pronghorn-careers,,17,,unverifiable,no,
rippling,protect-life-careers,,7,,unverifiable,no,
rippling,protopie-careers,,9,,unverifiable,no,
rippling,prowler,,1,,unverifiable,no,
rippling,prr,,3,,unverifiable,no,
rippling,prudentia-sciences,,0,,unverifiable,no,
rippling,psomagen,,5,,unverifiable,no,
rippling,pythian,,21,,unverifiable,no,
rippling,qu-careers,,2,,unverifiable,no,
rippling,quantum-industrial-services,,35,,unverifiable,no,
rippling,quavo-inc,,6,,unverifiable,no,
rippling,quotapath,,1,,unverifiable,no,
rippling,r2,,10,,unverifiable,no,
rippling,radian-generation,,14,,unverifiable,no,
rippling,radicl-defense,,9,,unverifiable,no,
rippling,rainey-careers,,6,,unverifiable,no,
rippling,rancho-biosciences,,4,,unverifiable,no,
rippling,reailizecareers,,1,,unverifiable,no,
rippling,realmhealth,,2,,unverifiable,no,
rippling,realwork,,2,,unverifiable,no,
rippling,rearc,,0,,unverifiable,no,
rippling,rebel-athletic,,23,,unverifiable,no,
rippling,recom-careers,,9,,unverifiable,no,
rippling,redblack,,2,,unverifiable,no,
rippling,redeemer-counseling,,0,,unverifiable,no,
rippling,redeemer-presbyterian-church-brooklyn,,1,,unverifiable,no,
rippling,redeemer-presbyterian-church-downtown,,1,,unverifiable,no,
rippling,redeemer-presbyterian-church-lsq,,3,,unverifiable,no,
rippling,redesigncareers,,16,,unverifiable,no,
rippling,redirect-health-careers,,17,,unverifiable,no,
rippling,refine-labs,,2,,unverifiable,no,
rippling,regent-surgical-careers,,59,,unverifiable,no,
rippling,rely-health,,1,,unverifiable,no,
rippling,rentspree,,12,,unverifiable,no,
rippling,rentsync_careers,,3,,unverifiable,no,
rippling,rentvine,,7,,unverifiable,no,
rippling,reperio,,1,,unverifiable,no,
rippling,reserv,,57,,unverifiable,no,
rippling,resourcemonitor,,1,,unverifiable,no,
rippling,resourcewise,,4,,unverifiable,no,
rippling,resurety,,3,,unverifiable,no,
rippling,reup-education,,1,,unverifiable,no,
rippling,revhealth,,9,,unverifiable,no,
rippling,revolution-prep-careers,,3,,unverifiable,no,
rippling,revyse,,0,,unverifiable,no,
rippling,rheosense-inc,,4,,unverifiable,no,
rippling,rhino-federated-computing-jobs,,5,,unverifiable,no,
rippling,richmond-aesthetic-surgery-and-dermlounge,,1,,unverifiable,no,
rippling,rightcrowdcareers,,0,,unverifiable,no,
rippling,riot-platforms-careers,,49,,unverifiable,no,
rippling,rippling,,331,,unverifiable,no,
rippling,riseair,,3,,unverifiable,no,
rippling,rising-sun-center-for-opportunity,,2,,unverifiable,no,
rippling,ritual,,4,,unverifiable,no,
rippling,rma-worldwide-chauffeured-transportation-careers-page,,21,,unverifiable,no,
rippling,roar,,1,,unverifiable,no,
rippling,robbins-research-international,,6,,unverifiable,no,
rippling,roberts-civil-engineering-careers,,6,,unverifiable,no,
rippling,rocket-clicks-careers,,4,,unverifiable,no,
rippling,rollkall-technologies-llc,,2,,unverifiable,no,
rippling,rpc_east_side,,6,,unverifiable,no,
rippling,rpc_west_side,,3,,unverifiable,no,
rippling,rsa-security,,48,,unverifiable,no,
rippling,rts,,14,,unverifiable,no,
rippling,rts-careers,,2,,unverifiable,no,
rippling,rural-communities-housing-development-corporation,,5,,unverifiable,no,
rippling,rust-automation-controls,,13,,unverifiable,no,
rippling,sage-health-careers,,21,,unverifiable,no,
rippling,salinastriallawcareers,,14,,unverifiable,no,
rippling,sanas,,7,,unverifiable,no,
rippling,sanguine-biosciences-inc,,4,,unverifiable,no,
rippling,sapient-bioanalytics,,3,,unverifiable,no,
rippling,sbdo-pm-holdings-pty-ltd,,0,,unverifiable,no,
rippling,scc,,2,,unverifiable,no,
rippling,scentbird,,15,,unverifiable,no,
rippling,schoolai,,0,,unverifiable,no,
rippling,sciens-logistics,,9,,unverifiable,no,
rippling,scope3pbc,,2,,unverifiable,no,
rippling,scratch-financial,,4,,unverifiable,no,
rippling,sdl,,6,,unverifiable,no,
rippling,seamless,,6,,unverifiable,no,
rippling,searchbloom-careers,,4,,unverifiable,no,
rippling,season-health,,1,,unverifiable,no,
rippling,seasoncareers,,1,,unverifiable,no,
rippling,seattle-credit-union-careers,,11,,unverifiable,no,
rippling,secondmuse-llc,,2,,unverifiable,no,
rippling,securabio,,5,,unverifiable,no,
rippling,seentvhiring,,7,,unverifiable,no,
rippling,selfpublishingcom-careers,,19,,unverifiable,no,
rippling,senne-open-roles,,7,,unverifiable,no,
rippling,servicesanitation,,3,,unverifiable,no,
rippling,serviceupcareers,,5,,unverifiable,no,
rippling,seven-starling-careers,,3,,unverifiable,no,
rippling,sharetown-careers,,2,,unverifiable,no,
rippling,sharp-performance,,4,,unverifiable,no,
rippling,sheerid,,0,,unverifiable,no,
rippling,shelter-inc,,5,,unverifiable,no,
rippling,shipium,,1,,unverifiable,no,
rippling,sibros-technologies,,5,,unverifiable,no,
rippling,sightline-payments-careers,,1,,unverifiable,no,
rippling,sightmachine,,6,,unverifiable,no,
rippling,signaladvisors,,4,,unverifiable,no,
rippling,signwarehouse,,5,,unverifiable,no,
rippling,silvercrest-asset-management-group,,7,,unverifiable,no,
rippling,simeon-global-consulting,,3,,unverifiable,no,
rippling,sketchy,,1,,unverifiable,no,
rippling,skillable-careers,,3,,unverifiable,no,
rippling,skyports-limited,,1,,unverifiable,no,
rippling,skyportsdeliveries-limited,,12,,unverifiable,no,
rippling,sleuth,,1,,unverifiable,no,
rippling,smartsuite,,2,,unverifiable,no,
rippling,smcnational-careers,,1,,unverifiable,no,
rippling,smokeballcareers,,9,,unverifiable,no,
rippling,smooth-media,,8,,unverifiable,no,
rippling,snowbirdas,,1,,unverifiable,no,
rippling,sofive,,14,,unverifiable,no,
rippling,solv-health,,2,,unverifiable,no,
rippling,soteria,,3,,unverifiable,no,
rippling,sparq,,17,,unverifiable,no,
rippling,splash-international,,5,,unverifiable,no,
rippling,sprig-oral-health-technologies-inc,,2,,unverifiable,no,
rippling,stambaughness,,4,,unverifiable,no,
rippling,stampede-studios,,3,,unverifiable,no,
rippling,starry,,2,,unverifiable,no,
rippling,stayntouch,,5,,unverifiable,no,
rippling,steamroller-animation,,4,,unverifiable,no,
rippling,stella-mental-health,,17,,unverifiable,no,
rippling,stellaromics-inc,,8,,unverifiable,no,
rippling,stem-inc,,11,,unverifiable,no,
rippling,stem-school-highlands-ranch,,4,,unverifiable,no,
rippling,steno-careers-page,,37,,unverifiable,no,
rippling,stocktwits,,0,,unverifiable,no,
rippling,storesight,,4,,unverifiable,no,
rippling,strategic-analytix-careers,,21,,unverifiable,no,
rippling,strong-technical-services-inc,,4,,unverifiable,no,
rippling,structurecraft,,18,,unverifiable,no,
rippling,studiomuseumcareers,,9,,unverifiable,no,
rippling,sturdy,,1,,unverifiable,no,
rippling,subbase,,4,,unverifiable,no,
rippling,subduxion,,0,,unverifiable,no,
rippling,sugaredandbronzed,,36,,unverifiable,no,
rippling,suiteop,,1,,unverifiable,no,
rippling,sumersports,,2,,unverifiable,no,
rippling,summer-discovery,,0,,unverifiable,no,
rippling,summerset,,8,,unverifiable,no,
rippling,summit,,5,,unverifiable,no,
rippling,sunco-lighting,,13,,unverifiable,no,
rippling,supplierio,,7,,unverifiable,no,
rippling,sway,,10,,unverifiable,no,
rippling,swimlane,,7,,unverifiable,no,
rippling,swingtech-careers,,7,,unverifiable,no,
rippling,swoopishiring,,16,,unverifiable,no,
rippling,ta-realty-llc,,2,,unverifiable,no,
rippling,talentneuroncareers,,6,,unverifiable,no,
rippling,tavernresearch,,5,,unverifiable,no,
rippling,team1plastics,,3,,unverifiable,no,
rippling,tenpointtx,,10,,unverifiable,no,
rippling,tensorlake,,3,,unverifiable,no,
rippling,tensure,,3,,unverifiable,no,
rippling,terraytx,,3,,unverifiable,no,
rippling,texas-democratic-party,,15,,unverifiable,no,
rippling,the-bright-hospitality-management,,2,,unverifiable,no,
rippling,the-channel-company-careers,,8,,unverifiable,no,
rippling,the-dermatology-specialists,,30,,unverifiable,no,
rippling,the-immune-co,,1,,unverifiable,no,
rippling,the-origin-way,,23,,unverifiable,no,
rippling,the-road-home-dane-county,,3,,unverifiable,no,
rippling,the-rockwell-museum,,1,,unverifiable,no,
rippling,the-tech,,5,,unverifiable,no,
rippling,the-wonder-project,,0,,unverifiable,no,
rippling,theguarantors-open-positions,,23,,unverifiable,no,
rippling,theimagineteam,,5,,unverifiable,no,
rippling,thrive-scholars-jobs,,2,,unverifiable,no,
rippling,thriveglobal,,9,,unverifiable,no,
rippling,tidalwave-holdings,,2,,unverifiable,no,
rippling,tive-careers,,26,,unverifiable,no,
rippling,tixr,,9,,unverifiable,no,
rippling,tllignitejobs,,58,,unverifiable,no,
rippling,tmc-hospitality,,23,,unverifiable,no,
rippling,tmg-llc,,2,,unverifiable,no,
rippling,tombrascareers,,29,,unverifiable,no,
rippling,tomorrow-energy-partners,,0,,unverifiable,no,
rippling,topdoglaw,,72,,unverifiable,no,
rippling,tort-experts,,2,,unverifiable,no,
rippling,torus,,32,,unverifiable,no,
rippling,tpd-careers,,4,,unverifiable,no,
rippling,treehouse-job-board,,2,,unverifiable,no,
rippling,trees,,1,,unverifiable,no,
rippling,trove-home-care,,10,,unverifiable,no,
rippling,trussvetcareers,,9,,unverifiable,no,
rippling,trustible,,3,,unverifiable,no,
rippling,trustlayer-inc,,2,,unverifiable,no,
rippling,ttcinnovations,,3,,unverifiable,no,
rippling,tunein,,2,,unverifiable,no,
rippling,turning-point-center-for-youth-family-development,,1,,unverifiable,no,
rippling,turntide-careers,,6,,unverifiable,no,
rippling,twang-partners,,2,,unverifiable,no,
rippling,ugsolutions,,7,,unverifiable,no,
rippling,unchained,,2,,unverifiable,no,
rippling,unily,,7,,unverifiable,no,
rippling,union-kitchen,,6,,unverifiable,no,
rippling,unityai-jobs,,1,,unverifiable,no,
rippling,uniuni,,21,,unverifiable,no,
rippling,unlimited-tech-solutions,,4,,unverifiable,no,
rippling,uplinq,,2,,unverifiable,no,
rippling,urban-initiatives,,3,,unverifiable,no,
rippling,urban-sdk,,7,,unverifiable,no,
rippling,uride-careers,,2,,unverifiable,no,
rippling,ursahealth,,2,,unverifiable,no,
rippling,us-lawshield,,67,,unverifiable,no,
rippling,usare,,17,,unverifiable,no,
rippling,useorigin,,5,,unverifiable,no,
rippling,utility,,10,,unverifiable,no,
rippling,valle-del-sol,,36,,unverifiable,no,
rippling,vcheck,,6,,unverifiable,no,
rippling,vectorhealthai,,0,,unverifiable,no,
rippling,veefriends-llc,,5,,unverifiable,no,
rippling,vella,,0,,unverifiable,no,
rippling,venncareers,,9,,unverifiable,no,
rippling,veracityinsurance-careers,,10,,unverifiable,no,
rippling,veridian-service-partners,,12,,unverifiable,no,
rippling,verra-opportunities,,2,,unverifiable,no,
rippling,veryable-careers,,24,,unverifiable,no,
rippling,vintage-hill-consulting-llc,,1,,unverifiable,no,
rippling,vip-hospitality-llc,,6,,unverifiable,no,
rippling,virtual-front-office,,5,,unverifiable,no,
rippling,visio-lending-careers,,12,,unverifiable,no,
rippling,vividly,,4,,unverifiable,no,
rippling,vo-brothers-mechanical,,7,,unverifiable,no,
rippling,vodori-careers,,0,,unverifiable,no,
rippling,voiantcareers,,3,,unverifiable,no,
rippling,voltaiq-careers,,3,,unverifiable,no,
rippling,vouch-inc,,11,,unverifiable,no,
rippling,vq-career-page,,12,,unverifiable,no,
rippling,vtdigger,,2,,unverifiable,no,
rippling,vulcanforms,,120,,unverifiable,no,
rippling,wa-opportunities,,7,,unverifiable,no,
rippling,wander,,7,,unverifiable,no,
rippling,wanta-thome,,2,,unverifiable,no,
rippling,war-room-careers,,1,,unverifiable,no,
rippling,warriorbabe-careers,,5,,unverifiable,no,
rippling,washington-center-for-equitable-growth,,1,,unverifiable,no,
rippling,waymaker-resource-group,,3,,unverifiable,no,
rippling,wearephaedon,,1,,unverifiable,no,
rippling,wearerally,,3,,unverifiable,no,
rippling,webull,,26,,unverifiable,no,
rippling,weekenderhotels,,8,,unverifiable,no,
rippling,wellinkscareers,,2,,unverifiable,no,
rippling,wellright,,4,,unverifiable,no,
rippling,wellspring,,1,,unverifiable,no,
rippling,wenrix,,4,,unverifiable,no,
rippling,western-camps-inc,,12,,unverifiable,no,
rippling,whc,,12,,unverifiable,no,
rippling,whisker-labs-careers,,7,,unverifiable,no,
rippling,windsorengineers,,2,,unverifiable,no,
rippling,wiq-careers,,0,,unverifiable,no,
rippling,wisdems,,1,,unverifiable,no,
rippling,within-health-provider-services,,3,,unverifiable,no,
rippling,wonderist-agency,,7,,unverifiable,no,
rippling,workspan-inc,,10,,unverifiable,no,
rippling,workstreet,,29,,unverifiable,no,
rippling,xenter,,3,,unverifiable,no,
rippling,yembo,,1,,unverifiable,no,
rippling,yieldstreet,,8,,unverifiable,no,
rippling,young-americans-for-liberty,,5,,unverifiable,no,
rippling,youth-haven-inc,,1,,unverifiable,no,
rippling,youtooz,,3,,unverifiable,no,
rippling,zap-energy-careers,,17,,unverifiable,no,
rippling,zapata-quantum,,5,,unverifiable,no,
rippling,zrg-partners-careers,,4,,unverifiable,no,
rippling,zymeworks-careers,,4,,unverifiable,no,
successfactors,careers.aflac.com,Aflac,32,32,complete,yes,
successfactors,careers.criver.com,Charles River Laboratories,293,293,complete,yes,
successfactors,careers.dominionenergy.com,Dominion Energy,148,148,complete,yes,
successfactors,careers.huntingtoningalls.com,Huntington Ingalls Industries,373,373,complete,yes,
successfactors,careers.irco.com,Ingersoll Rand,267,267,complete,yes,
successfactors,careers.thehersheycompany.com,The Hershey Company,314,314,complete,yes,
successfactors,jobs.ametek.com,Ametek,756,756,complete,yes,
successfactors,jobs.ball.com,Ball Corporation,280,280,complete,yes,
successfactors,jobs.erieinsurance.com,Erie Indemnity,59,59,complete,yes,
successfactors,jobs.grainger.com,W. W. Grainger,333,333,complete,yes,
successfactors,jobs.hii-tsd.com,Huntington Ingalls Industries,640,640,complete,yes,
successfactors,jobs.mcdonalds.com,McDonald's,207,207,complete,yes,
successfactors,jobs.paccar.com,Paccar,188,188,complete,yes,
successfactors,jobs.supermicro.com,Supermicro,1023,1023,complete,yes,
successfactors,jobs.teradyne.com,Teradyne,488,488,complete,yes,
workable,1-stopasia,,3,,unverifiable,no,
workable,1000heads,,9,,unverifiable,no,
workable,1915-south-ashley,1915 South / Ashley,65,,unverifiable,no,
workable,1global,,38,,unverifiable,no,
workable,1kosmos,,13,,unverifiable,no,
workable,2-1-1-big-bend,,1,,unverifiable,no,
workable,2070health,2070Health,93,,unverifiable,no,
workable,28stone,,2,,unverifiable,no,
workable,315,,8,,unverifiable,no,
workable,3degrees,,3,,unverifiable,no,
workable,3e,,10,,unverifiable,no,
workable,7thsense,,6,,unverifiable,no,
workable,99xbrazil,,2,,unverifiable,no,
workable,9dtechnologies-1,,8,,unverifiable,no,
workable,a-hatzopoulos-sa,,5,,unverifiable,no,
workable,a-la-carte-solutions,,3,,unverifiable,no,
workable,a-more-perfect-union-the-jewish-partnership-for-democracy,,1,,unverifiable,no,
workable,a17,,3,,unverifiable,no,
workable,a2e-technologies-1,,9,,unverifiable,no,
workable,a2mac1,,39,,unverifiable,no,
workable,aaaspecialty,,3,,unverifiable,no,
workable,aand-m-architects-sa,,0,,unverifiable,no,
workable,aardvark-studios,,4,,unverifiable,no,
workable,abakus-center,,12,,unverifiable,no,
workable,abc-center,,16,,unverifiable,no,
workable,abcom,,26,,unverifiable,no,
workable,abi-hiring,,8,,unverifiable,no,
workable,abis,,85,,unverifiable,no,
workable,abm-careers,ABM UK,166,,unverifiable,no,
workable,abpipeliners,,8,,unverifiable,no,
workable,abtrace,,15,,unverifiable,no,
workable,abu-dhabi-investment-council,,4,,unverifiable,no,
workable,abzorbagames,,0,,unverifiable,no,
workable,academy-of-medical-sciences,,2,,unverifiable,no,
workable,accellor,,35,,unverifiable,no,
workable,accepted-ltd,,5,,unverifiable,no,
workable,access-bank,,42,,unverifiable,no,
workable,access-services-3,,22,,unverifiable,no,
workable,accessorypower,,2,,unverifiable,no,
workable,acclaro,,16,,unverifiable,no,
workable,accordia,,2,,unverifiable,no,
workable,accurant,,6,,unverifiable,no,
workable,acdisaster,,9,,unverifiable,no,
workable,ace-it-careers-1,,8,,unverifiable,no,
workable,ackerherz,,2,,unverifiable,no,
workable,action-against-hunger,,0,,unverifiable,no,
workable,action-day-schools,,9,,unverifiable,no,
workable,action1,,17,,unverifiable,no,
workable,actionline-ltd,,54,,unverifiable,no,
workable,actionstep,,9,,unverifiable,no,
workable,activ-2,,3,,unverifiable,no,
workable,activate-interactive-pte-ltd,Activate Interactive Pte Ltd,19,,unverifiable,no,
workable,activatecare,,17,,unverifiable,no,
workable,activtrak,,4,,unverifiable,no,
workable,acuity-insights,,8,,unverifiable,no,
workable,adia,,9,,unverifiable,no,
workable,admirals,,1,,unverifiable,no,
workable,adoreal,,16,,unverifiable,no,
workable,adree,,7,,unverifiable,no,
workable,advancial,,7,,unverifiable,no,
workable,advansys-esc-1,,46,,unverifiable,no,
workable,advantmed,Advantmed,103,,unverifiable,no,
workable,advisacare-2,AdvisaCare,246,,unverifiable,no,
workable,aerones,,23,,unverifiable,no,
workable,aetos-systems-inc,,9,,unverifiable,no,
workable,agad-technology,,9,,unverifiable,no,
workable,agcp,,7,,unverifiable,no,
workable,agile-robots,,2,,unverifiable,no,
workable,agileactors,,26,,unverifiable,no,
workable,agility,,18,,unverifiable,no,
workable,ahsproperties,,23,,unverifiable,no,
workable,ai-acquisition,,20,,unverifiable,no,
workable,aidey,,15,,unverifiable,no,
workable,aion,,8,,unverifiable,no,
workable,airhelp,,7,,unverifiable,no,
workable,airrack,,11,,unverifiable,no,
workable,airs-medical-inc,,13,,unverifiable,no,
workable,ajaia,,43,,unverifiable,no,
workable,akeno,,4,,unverifiable,no,
workable,al-goodbody,,23,,unverifiable,no,
workable,alaro-city,,18,,unverifiable,no,
workable,albert-bartlett,,42,,unverifiable,no,
workable,albi,,9,,unverifiable,no,
workable,alcemy,,0,,unverifiable,no,
workable,alex-staff-agency-careers,,14,,unverifiable,no,
workable,alexanders,,1,,unverifiable,no,
workable,algaecal,,20,,unverifiable,no,
workable,allego-1,,0,,unverifiable,no,
workable,allen-shariff-corporation,,8,,unverifiable,no,
workable,allgrandbrands,,3,,unverifiable,no,
workable,allnet-dot-italia-spa,,4,,unverifiable,no,
workable,alloy-partners,,2,,unverifiable,no,
workable,allucent,,30,,unverifiable,no,
workable,allwynnorthamerica,,2,,unverifiable,no,
workable,allwynuk,,14,,unverifiable,no,
workable,almaadvisorygroup,,1,,unverifiable,no,
workable,alongside-team,,16,,unverifiable,no,
workable,alpaca-vc,,0,,unverifiable,no,
workable,alpinehomeair,,2,,unverifiable,no,
workable,altalink,,11,,unverifiable,no,
workable,alten-mexico-1,ALTEN MÉXICO,243,,unverifiable,no,
workable,altom-transport,,51,,unverifiable,no,
workable,altoros,,3,,unverifiable,no,
workable,alumil,,24,,unverifiable,no,
workable,alvariumbeer,,1,,unverifiable,no,
workable,amartha,Amartha,565,,unverifiable,no,
workable,amazing-athletes-2,Amazing Athletes,247,,unverifiable,no,
workable,amazingcarecareers,Amazing Care Home Health Services,228,,unverifiable,no,
workable,amazingcareoutpatient,,25,,unverifiable,no,
workable,amcon-industrial,,1,,unverifiable,no,
workable,american-concrete,,12,,unverifiable,no,
workable,american-hoteland-lodging-association,,3,,unverifiable,no,
workable,american-institute-of-chemical-engineers,,4,,unverifiable,no,
workable,americanbatterytechnologycompany,,18,,unverifiable,no,
workable,amerilux-international,,24,,unverifiable,no,
workable,amexio,,5,,unverifiable,no,
workable,ammortal,,3,,unverifiable,no,
workable,amoda,,10,,unverifiable,no,
workable,amplio,,1,,unverifiable,no,
workable,amprius,,4,,unverifiable,no,
workable,ampthink,,5,,unverifiable,no,
workable,analytic-solutions-group,,9,,unverifiable,no,
workable,anatomage,,18,,unverifiable,no,
workable,and-digital,,17,,unverifiable,no,
workable,andy-transport,,2,,unverifiable,no,
workable,antenna,,37,,unverifiable,no,
workable,anthro,,3,,unverifiable,no,
workable,anvilogic-inc,,3,,unverifiable,no,
workable,anypear,,0,,unverifiable,no,
workable,anza-xyz,,2,,unverifiable,no,
workable,aoc-global-services,,6,,unverifiable,no,
workable,aosense,,5,,unverifiable,no,
workable,aperture-london,,9,,unverifiable,no,
workable,apex-network-1,,7,,unverifiable,no,
workable,apexwheels,,2,,unverifiable,no,
workable,apivita,,7,,unverifiable,no,
workable,apm-monaco,APM Monaco,175,,unverifiable,no,
workable,apna,Apna,113,,unverifiable,no,
workable,apothekary,,0,,unverifiable,no,
workable,appgate,,9,,unverifiable,no,
workable,applause-4,,0,,unverifiable,no,
workable,applied-physics-1,,8,,unverifiable,no,
workable,appliedblockchain,,0,,unverifiable,no,
workable,apply-superstaffjobs,,11,,unverifiable,no,
workable,apt-2026,,1,,unverifiable,no,
workable,apt-resources,Apt Resources,129,,unverifiable,no,
workable,aptihealth,,4,,unverifiable,no,
workable,aptus-health-care,,19,,unverifiable,no,
workable,aquaria,,4,,unverifiable,no,
workable,arabicai,,15,,unverifiable,no,
workable,araic,,14,,unverifiable,no,
workable,arch-aerial-llc,,3,,unverifiable,no,
workable,archimed,,11,,unverifiable,no,
workable,archistar,,6,,unverifiable,no,
workable,architus,,7,,unverifiable,no,
workable,arcos,,1,,unverifiable,no,
workable,arcsen,,14,,unverifiable,no,
workable,arcsite,,4,,unverifiable,no,
workable,arena-investors-lp,,24,,unverifiable,no,
workable,aretum,,25,,unverifiable,no,
workable,aristotle,,12,,unverifiable,no,
workable,arkham-technologies,,11,,unverifiable,no,
workable,arondite,,18,,unverifiable,no,
workable,arvo,,34,,unverifiable,no,
workable,ascendis-pharma,,52,,unverifiable,no,
workable,asco-equipment,ASCO Equipment,95,,unverifiable,no,
workable,asi-student-government,,1,,unverifiable,no,
workable,assala-energy,,16,,unverifiable,no,
workable,assist-rx,,1,,unverifiable,no,
workable,assistant-launch,,4,,unverifiable,no,
workable,assistiq,,7,,unverifiable,no,
workable,associacanada,,18,,unverifiable,no,
workable,associated-students-inc,,11,,unverifiable,no,
workable,associated-veterinary-partners,,38,,unverifiable,no,
workable,assurasource,,10,,unverifiable,no,
workable,assurity-trusted-solutions,,42,,unverifiable,no,
workable,astorandsanders,,20,,unverifiable,no,
workable,astrome-technologies,,10,,unverifiable,no,
workable,atec-spine,,30,,unverifiable,no,
workable,atheer-act,,0,,unverifiable,no,
workable,athenacloud,,6,,unverifiable,no,
workable,athens-technology-center-1,,0,,unverifiable,no,
workable,atlantbh,,2,,unverifiable,no,
workable,atleanworld,Atlean World,179,,unverifiable,no,
workable,atmio,,2,,unverifiable,no,
workable,atria-health,Atria Health and Research Institute,94,,unverifiable,no,
workable,atum-ventures,,8,,unverifiable,no,
workable,audiostack,,1,,unverifiable,no,
workable,aurora-3,,10,,unverifiable,no,
workable,aurora-behavioral-charter-oak,,14,,unverifiable,no,
workable,australian-christian-college,,71,,unverifiable,no,
workable,autofleet,,10,,unverifiable,no,
workable,autoleap,,7,,unverifiable,no,
workable,automotive-modus-group,,6,,unverifiable,no,
workable,autorentals,,2,,unverifiable,no,
workable,avint,,11,,unverifiable,no,
workable,avis-greece,,13,,unverifiable,no,
workable,avk-seg-uk-ltd,,17,,unverifiable,no,
workable,avomind,Avomind,250,,unverifiable,no,
workable,awesomemotive,,1,,unverifiable,no,
workable,axesinmotion,,1,,unverifiable,no,
workable,axur,,0,,unverifiable,no,
workable,ayana,AYANA Hospitality,122,,unverifiable,no,
workable,azeus-convene,,34,,unverifiable,no,
workable,azumo,,10,,unverifiable,no,
workable,backtotheroots,,0,,unverifiable,no,
workable,bacr,,0,,unverifiable,no,
workable,baesman-group-inc,,8,,unverifiable,no,
workable,bairnsdale-christian-college,,4,,unverifiable,no,
workable,ballingerco,,13,,unverifiable,no,
workable,ballotpedia,,5,,unverifiable,no,
workable,bank-al-etihad,,13,,unverifiable,no,
workable,banksvaluation,,25,,unverifiable,no,
workable,bardel-entertainment,,6,,unverifiable,no,
workable,barfoots-of-botley-2,,9,,unverifiable,no,
workable,barre3,,3,,unverifiable,no,
workable,bartlett-and-co-dot-llc,,4,,unverifiable,no,
workable,basetwo,,6,,unverifiable,no,
workable,basis-health-1,,4,,unverifiable,no,
workable,bask-health-1,,27,,unverifiable,no,
workable,bauermediaoutdoor,,18,,unverifiable,no,
workable,bayutdubizzle,,48,,unverifiable,no,
workable,bband-e-1,,41,,unverifiable,no,
workable,bbgc,,20,,unverifiable,no,
workable,bce,,21,,unverifiable,no,
workable,be-love,,2,,unverifiable,no,
workable,beamng,,5,,unverifiable,no,
workable,beeflow,,0,,unreachable,no,HTTP 404
workable,behavioral-health-works,,23,,unverifiable,no,
workable,belmond-uk-ltd,Belmond,255,,unverifiable,no,
workable,belmont-lavan-ltd,,14,,unverifiable,no,
workable,belong-3,,63,,unverifiable,no,
workable,belong-6,,6,,unverifiable,no,
workable,benivo,,2,,unverifiable,no,
workable,beond,,9,,unverifiable,no,
workable,berry-street,,60,,unverifiable,no,
workable,berryvirtual,Berry Virtual,0,,unreachable,no,HTTP 404
workable,betabox,,2,,unverifiable,no,
workable,bethel-music-5,,2,,unverifiable,no,
workable,beyondco,,5,,unverifiable,no,
workable,bezos,,5,,unverifiable,no,
workable,biffa,Biffa Waste Services,132,,unverifiable,no,
workable,bigdatacorp,,9,,unverifiable,no,
workable,billings-flying-service,,6,,unverifiable,no,
workable,biocytogen,,20,,unverifiable,no,
workable,bipventures,,3,,unverifiable,no,
workable,bizee,,1,,unverifiable,no,
workable,biztory,,4,,unverifiable,no,
workable,black-futures-lab,,4,,unverifiable,no,
workable,blacklinesafety,,18,,unverifiable,no,
workable,blackspectacles,,1,,unverifiable,no,
workable,blackstone,,5,,unverifiable,no,
workable,blackstone-eit-2,BlackStone eIT,106,,unverifiable,no,
workable,blast,,4,,unverifiable,no,
workable,blew,"Blew & Associates, P.A.",50,,unverifiable,no,
workable,bloomlife,,4,,unverifiable,no,
workable,blue-altair,,12,,unverifiable,no,
workable,blue-raster,,1,,unverifiable,no,
workable,blue-sky-plumbingand-heating,,10,,unverifiable,no,
workable,blue-sky-utility,,3,,unverifiable,no,
workable,blue-united-sourcing,Blue United Sourcing,149,,unverifiable,no,
workable,blueapache-pty-ltd,,4,,unverifiable,no,
workable,blueflag,,2,,unverifiable,no,
workable,blueground,,9,,unverifiable,no,
workable,blueprint-health,,2,,unverifiable,no,
workable,bluetuskr,,6,,unverifiable,no,
workable,bmat,,2,,unverifiable,no,
workable,bme-strategies,,14,,unverifiable,no,
workable,bmgt,,11,,unverifiable,no,
workable,bnberry,,10,,unverifiable,no,
workable,boilertubes,,16,,unverifiable,no,
workable,boldr-1,,49,,unverifiable,no,
workable,booknook-inc,,7,,unverifiable,no,
workable,booksy-1,,8,,unverifiable,no,
workable,boost,,1,,unverifiable,no,
workable,boostdraft,,6,,unverifiable,no,
workable,borrowell,,3,,unverifiable,no,
workable,botpress,,6,,unverifiable,no,
workable,botsync-1,,26,,unverifiable,no,
workable,boulder-housing-partners,,5,,unverifiable,no,
workable,braven,,26,,unverifiable,no,
workable,breakaway,,1,,unverifiable,no,
workable,bremer-whyte-brownand-omeara-llp,,21,,unverifiable,no,
workable,bridewell,,14,,unverifiable,no,
workable,bridge33capital,,19,,unverifiable,no,
workable,bridgit,,3,,unverifiable,no,
workable,brightorder,,2,,unverifiable,no,
workable,briljent,,11,,unverifiable,no,
workable,brilliant-corners,,15,,unverifiable,no,
workable,brooklyn-waldorf-school,,5,,unverifiable,no,
workable,bswarena,,5,,unverifiable,no,
workable,bully-pulpit-international-1,,19,,unverifiable,no,
workable,burkes,,0,,unverifiable,no,
workable,burq,,15,,unverifiable,no,
workable,bushand-bush-law-group,Bush & Bush Law Group,38,,unverifiable,no,
workable,busplanner,,6,,unverifiable,no,
workable,busright,,2,,unverifiable,no,
workable,buzz-oates,,1,,unverifiable,no,
workable,bw-energy,,15,,unverifiable,no,
workable,bwise-media-ag,,1,,unverifiable,no,
workable,bystadium,,11,,unverifiable,no,
workable,c-serv,,14,,unverifiable,no,
workable,c-the-signs,,5,,unverifiable,no,
workable,cache,Cache Ventures,20,,unverifiable,no,
workable,cachefly,,0,,unverifiable,no,
workable,caddi,,16,,unverifiable,no,
workable,cadillacf1team,,13,,unverifiable,no,
workable,cadmus-io,,5,,unverifiable,no,
workable,cairn-partners-1,,6,,unverifiable,no,
workable,cal-farleys-boys-ranch,,23,,unverifiable,no,
workable,calibrant-energy,,5,,unverifiable,no,
workable,callminer,,6,,unverifiable,no,
workable,calvary-hospital,,43,,unverifiable,no,
workable,cambridge-gan-devices,,5,,unverifiable,no,
workable,cambridge-healthcare-research,,6,,unverifiable,no,
workable,camino-partners-1,,2,,unverifiable,no,
workable,camtran,,10,,unverifiable,no,
workable,cand-m-dredging-inc,,5,,unverifiable,no,
workable,candyai,,1,,unverifiable,no,
workable,canopie,,0,,unverifiable,no,
workable,canopy-7,,2,,unverifiable,no,
workable,capgemini-insurance,Capgemini,188,,unverifiable,no,
workable,capital-economics,,3,,unverifiable,no,
workable,capital-factory,,8,,unverifiable,no,
workable,capitex,Capitex,112,,unverifiable,no,
workable,capula-investment-management-ltd,,7,,unverifiable,no,
workable,care-harmony,,67,,unverifiable,no,
workable,careacross,,1,,unverifiable,no,
workable,careers-at-sleek,,33,,unverifiable,no,
workable,careers-sixflags-and-aquarabia,,16,,unverifiable,no,
workable,carefound-home-care,,9,,unverifiable,no,
workable,carewell,,12,,unverifiable,no,
workable,carmoola-1,,6,,unverifiable,no,
workable,carrie-rikonand-associates,Carrie Rikon & Associates,110,,unverifiable,no,
workable,catilas-resources-limited,,23,,unverifiable,no,
workable,caxton,,23,,unverifiable,no,
workable,cbh-homes,,28,,unverifiable,no,
workable,ccres,"CCRES, Educational & Behavioral Health Services",80,,unverifiable,no,
workable,cdp,,5,,unverifiable,no,
workable,celestino,,21,,unverifiable,no,
workable,cellply,,1,,unverifiable,no,
workable,celsius,,56,,unverifiable,no,
workable,centorrino-technologies,,35,,unverifiable,no,
workable,central-houston-inc,,0,,unverifiable,no,
workable,centralapp,,2,,unverifiable,no,
workable,centre-for-information-resilience,,4,,unverifiable,no,
workable,centric-services,,7,,unverifiable,no,
workable,cepal,,15,,unverifiable,no,
workable,cequens,,8,,unverifiable,no,
workable,cesna-group-2,Cesna Recruitment,278,,unverifiable,no,
workable,chain-reaction-1,,44,,unverifiable,no,
workable,chaingpt,ChainGPT,19,,unverifiable,no,
workable,chandonau,,5,,unverifiable,no,
workable,channel-factory,,11,,unverifiable,no,
workable,chaos-theory,,2,,unverifiable,no,
workable,charger-logistics-inc,Charger Logistics Inc,84,,unverifiable,no,
workable,charterhouse-2,,6,,unverifiable,no,
workable,chase-design-group,,7,,unverifiable,no,
workable,cheer-home-care,Cheer Home Care,115,,unverifiable,no,
workable,chemin,,21,,unverifiable,no,
workable,chirocat,,0,,unverifiable,no,
workable,choice,,3,,unverifiable,no,
workable,chuva-inc,,0,,unverifiable,no,
workable,cimmyt-1,,46,,unverifiable,no,
workable,circit-limited,,2,,unverifiable,no,
workable,circlelink-health,,5,,unverifiable,no,
workable,circles,,1,,unverifiable,no,
workable,circonomit,,6,,unverifiable,no,
workable,cirrusmd,,1,,unverifiable,no,
workable,citylitics,,3,,unverifiable,no,
workable,citywide,City Wide Facility Solutions,465,,unverifiable,no,
workable,claritasrx,,10,,unverifiable,no,
workable,classet,Classet,51,,unverifiable,no,
workable,classwallet,,7,,unverifiable,no,
workable,cleantec,,55,,unverifiable,no,
workable,clearcourse-1,,7,,unverifiable,no,
workable,clearlyagile,,11,,unverifiable,no,
workable,clearsite-industrial,,13,,unverifiable,no,
workable,clearstory,,13,,unverifiable,no,
workable,clearwaters-dot-i-t,,1,,unverifiable,no,
workable,cledara,,8,,unverifiable,no,
workable,cleeng-1,,3,,unverifiable,no,
workable,clickmechanic,,1,,unverifiable,no,
workable,clients-blackbox-inc,,142,,unverifiable,no,
workable,climate-catalyst-1,,0,,unverifiable,no,
workable,climateworks-foundation-1,,2,,unverifiable,no,
workable,climax-studios,,9,,unverifiable,no,
workable,clinigen,,24,,unverifiable,no,
workable,clipperton,,5,,unverifiable,no,
workable,clipt,,7,,unverifiable,no,
workable,cloudfactory,CloudFactory,40,,unverifiable,no,
workable,cloudlinux-1,,14,,unverifiable,no,
workable,cloudshare,,4,,unverifiable,no,
workable,cloudtalk,,5,,unverifiable,no,
workable,club-24-concept-gyms,,3,,unverifiable,no,
workable,cmicareers,,11,,unverifiable,no,
workable,cnc-agency,,1,,unverifiable,no,
workable,coconutva,,34,,unverifiable,no,
workable,codehunter,,2,,unverifiable,no,
workable,cogna,,3,,unverifiable,no,
workable,coldquanta,Infleqtion,57,,unverifiable,no,
workable,collectiveresidential,,8,,unverifiable,no,
workable,comate,,3,,unverifiable,no,
workable,commercial-lending,,19,,unverifiable,no,
workable,commify,,15,,unverifiable,no,
workable,community-foodbank-of-new-jersey,,5,,unverifiable,no,
workable,community-sports-partners,Community Sports Partners,100,,unverifiable,no,
workable,concept3d-dot-c-om,,3,,unverifiable,no,
workable,concord-servicing,,8,,unverifiable,no,
workable,conflux,,0,,unverifiable,no,
workable,conjointly,,0,,unverifiable,no,
workable,connelly-school-of-the-holy-child,,3,,unverifiable,no,
workable,connexity,,7,,unverifiable,no,
workable,consigli-construction-1,Consigli Construction,217,,unverifiable,no,
workable,contact,,31,,unverifiable,no,
workable,contactpigeon,,2,,unverifiable,no,
workable,continuity-global-solutions,,43,,unverifiable,no,
workable,control-risks-6,Control Risks,141,,unverifiable,no,
workable,convergent-careers,,1,,unverifiable,no,
workable,convosphere,,1,,unverifiable,no,
workable,cooperidge-consulting-firm,,7,,unverifiable,no,
workable,cordx,,58,,unverifiable,no,
workable,core-va-solutions,,4,,unverifiable,no,
workable,coretek-services,,12,,unverifiable,no,
workable,cosmo,,0,,unverifiable,no,
workable,cosmos-sport-s-dot-a,Cosmos Sport S.A.,119,,unverifiable,no,
workable,cosmote-global-solutions-nv,,0,,unreachable,no,HTTP 404
workable,costa-navarino,,23,,unverifiable,no,
workable,cover-whale,,2,,unverifiable,no,
workable,covergo,CoverGo,87,,unverifiable,no,
workable,cowboy,,21,,unverifiable,no,
workable,cpm-ireland,,36,,unverifiable,no,
workable,cps-4,,4,,unverifiable,no,
workable,cqs,,74,,unverifiable,no,
workable,crazymaplestudio,,10,,unverifiable,no,
workable,createq-space,,1,,unverifiable,no,
workable,creativechaos,Creative Chaos,166,,unverifiable,no,
workable,credence,Credence,115,,unverifiable,no,
workable,creditorwatch,,8,,unverifiable,no,
workable,crewai,,6,,unverifiable,no,
workable,crewbloom,,61,,unverifiable,no,
workable,crewlinkltd,,5,,unverifiable,no,
workable,creyos,,2,,unverifiable,no,
workable,crop-photo-at-evolphin,,3,,unverifiable,no,
workable,cropx,,7,,unverifiable,no,
workable,crossbordertalents,Cross Border Talents,616,,unverifiable,no,
workable,crown-equipment,,49,,unverifiable,no,
workable,crown-equipment-limited-nz,,14,,unverifiable,no,
workable,crown-equipment-sdn-bhd-malaysia,,5,,unverifiable,no,
workable,crypto-finance,,7,,unverifiable,no,
workable,cryptonext-security,,4,,unverifiable,no,
workable,crystalia-glass,Crystalia Glass,25,,unverifiable,no,
workable,csbio,,0,,unverifiable,no,
workable,cubx,,6,,unverifiable,no,
workable,curbwaste,,2,,unverifiable,no,
workable,curewiki-1,,8,,unverifiable,no,
workable,curology,,2,,unverifiable,no,
workable,cuso-international,,44,,unverifiable,no,
workable,cvector,,4,,unverifiable,no,
workable,cvnl,,2,,unverifiable,no,
workable,cwcpcn,,3,,unverifiable,no,
workable,cxg,CXG,556,,unverifiable,no,
workable,cynet-corp,,15,,unverifiable,no,
workable,d-one,,9,,unverifiable,no,
workable,d-ploy,D-ploy,74,,unverifiable,no,
workable,d2b-1,D2B,306,,unverifiable,no,
workable,dacodes-mx,DaCodes,20,,unverifiable,no,
workable,dane-street-llc,"Dane Street, LLC",417,,unverifiable,no,
workable,daniels-solutions,,1,,unverifiable,no,
workable,datamark-inc,,79,,unverifiable,no,
workable,datavisor-jobs,,30,,unverifiable,no,
workable,datawow,,8,,unverifiable,no,
workable,dave-jones-llc,,14,,unverifiable,no,
workable,david-protein,,38,,unverifiable,no,
workable,davy,,27,,unverifiable,no,
workable,day30,,0,,unverifiable,no,
workable,dayshape,,5,,unverifiable,no,
workable,daystar-power-group,,3,,unverifiable,no,
workable,dc-enterprises-career,,1,,unverifiable,no,
workable,dcoh,,20,,unverifiable,no,
workable,dcthomson,,6,,unverifiable,no,
workable,debenhamsgroup,,12,,unverifiable,no,
workable,debiopharm,,8,,unverifiable,no,
workable,deblock,,15,,unverifiable,no,
workable,decentralized-masters,,9,,unverifiable,no,
workable,decision-foundry,,0,,unverifiable,no,
workable,deep-science-ventures,,9,,unverifiable,no,
workable,deeplab,,2,,unverifiable,no,
workable,deeproute-dot-a-i,,4,,unverifiable,no,
workable,defiancellc,,3,,unverifiable,no,
workable,deltaexchange,,6,,unverifiable,no,
workable,democracy-alliance,,0,,unverifiable,no,
workable,dentons-europe,,54,,unverifiable,no,
workable,dentopedia-group,,5,,unverifiable,no,
workable,dephy,,1,,unverifiable,no,
workable,desert-parkway,,10,,unverifiable,no,
workable,designer-group-1,,58,,unverifiable,no,
workable,desilva-gates,,6,,unverifiable,no,
workable,destinusgroup,Destinus,111,,unverifiable,no,
workable,devoted-studios-1,,6,,unverifiable,no,
workable,devpro,Dev.Pro,33,,unverifiable,no,
workable,devsu,,26,,unverifiable,no,
workable,dfdl,,16,,unverifiable,no,
workable,digifycareers,,4,,unverifiable,no,
workable,digital-368,Digital,48,,unverifiable,no,
workable,digitalgenius,,5,,unverifiable,no,
workable,dimeo,,6,,unverifiable,no,
workable,disa-technologies,,14,,unverifiable,no,
workable,disco,,3,,unverifiable,no,
workable,dispel,,0,,unverifiable,no,
workable,distalmotion,,7,,unverifiable,no,
workable,distillersr-inc,,4,,unverifiable,no,
workable,division50,,23,,unverifiable,no,
workable,dnigov,,37,,unverifiable,no,
workable,docmatter-inc-2,,0,,unverifiable,no,
workable,docorto,,10,,unverifiable,no,
workable,docyt,,4,,unverifiable,no,
workable,dodge-construction-network,,16,,unverifiable,no,
workable,dof,DOF,83,,unverifiable,no,
workable,domain-tools,,8,,unverifiable,no,
workable,domes-resorts,Domes Resorts & Reserves,151,,unverifiable,no,
workable,donna,,0,,unverifiable,no,
workable,dossier,,1,,unverifiable,no,
workable,dotactiv,,14,,unverifiable,no,
workable,double-eleven,,5,,unverifiable,no,
workable,drakecooper,,3,,unverifiable,no,
workable,dreamix-ltd,,10,,unverifiable,no,
workable,dreamscape-learn,,7,,unverifiable,no,
workable,driftrock,,1,,unverifiable,no,
workable,drug-hunter,,8,,unverifiable,no,
workable,dry-farm-wines-1,,1,,unverifiable,no,
workable,dstillery,,0,,unverifiable,no,
workable,duke-corporate-education,,0,,unverifiable,no,
workable,dunlop,,1,,unverifiable,no,
workable,dvi-solution,,9,,unverifiable,no,
workable,dyania-health,,7,,unverifiable,no,
workable,eagle-seven,,5,,unverifiable,no,
workable,eandd,,43,,unverifiable,no,
workable,eatclub,,28,,unverifiable,no,
workable,ec-electric,,40,,unverifiable,no,
workable,echo360-inc,,0,,unverifiable,no,
workable,ecocem,,5,,unverifiable,no,
workable,ecp-123,,10,,unverifiable,no,
workable,education-perfect,,2,,unverifiable,no,
workable,eed,,2,,unverifiable,no,
workable,effective-direct-solutions,,1,,unverifiable,no,
workable,efm-logistics,,8,,unverifiable,no,
workable,eight-and-four,,6,,unverifiable,no,
workable,ejam,,10,,unverifiable,no,
workable,elasticstage,,6,,unverifiable,no,
workable,eldoradogold,,35,,unverifiable,no,
workable,elementlpower,,0,,unverifiable,no,
workable,elevate-47,,4,,unverifiable,no,
workable,elevation-autism-center,,13,,unverifiable,no,
workable,elevation-capital-3,,23,,unverifiable,no,
workable,ella-hotels-and-resorts,Ella Hotels and Resorts,76,,unverifiable,no,
workable,ellaexecutivesearch,,2,,unverifiable,no,
workable,ellison-institute-of-technology,,49,,unverifiable,no,
workable,elmhurst-edu,,14,,unverifiable,no,
workable,elmwood,,2,,unverifiable,no,
workable,elorus,,2,,unverifiable,no,
workable,eluvio,,2,,unverifiable,no,
workable,elvtrcom,ELVTR,21,,unverifiable,no,
workable,emaratech-2,,4,,unverifiable,no,
workable,emerchantpay,,14,,unverifiable,no,
workable,emerging-travel-group,Emerging Travel Group,26,,unverifiable,no,
workable,emirates-investment-authority,,6,,unverifiable,no,
workable,empiria-s-dot-a-hotelsand-resorts,,1,,unverifiable,no,
workable,ems-group,,8,,unverifiable,no,
workable,emw,,61,,unverifiable,no,
workable,enable-data,,4,,unverifiable,no,
workable,endo-networks,,1,,unverifiable,no,
workable,energysciences,,12,,unverifiable,no,
workable,enexor,,9,,unverifiable,no,
workable,enjins,,6,,unverifiable,no,
workable,enoiagr,,1,,unverifiable,no,
workable,enroute,,5,,unverifiable,no,
workable,ensodata,,2,,unverifiable,no,
workable,entaingroup,,14,,unverifiable,no,
workable,enterfusion,,1,,unverifiable,no,
workable,enterprise-precast,,16,,unverifiable,no,
workable,enterprise-properties,,1,,unverifiable,no,
workable,entouragevc,,6,,unverifiable,no,
workable,envalior,,43,,unverifiable,no,
workable,envirogen-group-uk-limited,,35,,unverifiable,no,
workable,enviromedica,,4,,unverifiable,no,
workable,envisiones,,51,,unverifiable,no,
workable,eopae,,3,,unverifiable,no,
workable,epay,,20,,unverifiable,no,
workable,epignosis,,8,,unverifiable,no,
workable,epos,EPOS,107,,unverifiable,no,
workable,eqltech,,36,,unverifiable,no,
workable,equal-parts,,2,,unverifiable,no,
workable,equipment-experts-inc,,3,,unverifiable,no,
workable,eramtalent-1,Eram Talent,443,,unverifiable,no,
workable,erg-recruiting,,19,,unverifiable,no,
workable,ergonia,,1,,unverifiable,no,
workable,esalon,,2,,unverifiable,no,
workable,escuela-popular,,1,,unverifiable,no,
workable,esgusa,,3,,unverifiable,no,
workable,espresso-services-inc,,4,,unverifiable,no,
workable,esselenvironmental,Essel,442,,unverifiable,no,
workable,etnz,,0,,unverifiable,no,
workable,eupry-aps,,4,,unverifiable,no,
workable,euromonitor,,55,,unverifiable,no,
workable,european-dynamics,EUROPEAN DYNAMICS,161,,unverifiable,no,
workable,evalion-shl-greeceand-cyprus,,1,,unverifiable,no,
workable,eventellect,,1,,unverifiable,no,
workable,everservice,,0,,unverifiable,no,
workable,everwest,,15,,unverifiable,no,
workable,everyday-dose-inc,,15,,unverifiable,no,
workable,evidence-action,,30,,unverifiable,no,
workable,evisit,,3,,unverifiable,no,
workable,evolv-technology,,17,,unverifiable,no,
workable,evolve-security,,2,,unverifiable,no,
workable,evolving-web,,12,,unverifiable,no,
workable,exec,,4,,unverifiable,no,
workable,exely,,9,,unverifiable,no,
workable,exoticca,,37,,unverifiable,no,
workable,experience-sl-co,Experience Senior Living,136,,unverifiable,no,
workable,experts-plus,Experts Plus Recruitment Services,146,,unverifiable,no,
workable,exponent-energy,,45,,unverifiable,no,
workable,export-development-canada,,55,,unverifiable,no,
workable,extremereach,,11,,unverifiable,no,
workable,exus,,7,,unverifiable,no,
workable,f-dot-h-paschen-1,,71,,unverifiable,no,
workable,fabulousco,,15,,unverifiable,no,
workable,facetwealth,,19,,unverifiable,no,
workable,faircom,,2,,unverifiable,no,
workable,fairmoney,,20,,unverifiable,no,
workable,falcomm,,19,,unverifiable,no,
workable,farmacy,,3,,unverifiable,no,
workable,farohealth,,10,,unverifiable,no,
workable,fastbreak-ai,,3,,unverifiable,no,
workable,fatcat-strategies,,0,,unverifiable,no,
workable,fawkes-idm,,7,,unverifiable,no,
workable,fccn,,7,,unverifiable,no,
workable,fe-fundinfo,,14,,unverifiable,no,
workable,feeldco,,3,,unverifiable,no,
workable,felsburg-holt-and-ullevig,,27,,unverifiable,no,
workable,fenergocareers,,17,,unverifiable,no,
workable,fengate,,4,,unverifiable,no,
workable,fernandez,,6,,unverifiable,no,
workable,ferryhopper,,4,,unverifiable,no,
workable,fetch-veterinary,,30,,unverifiable,no,
workable,fibraconsulting,,12,,unverifiable,no,
workable,fidus,,13,,unverifiable,no,
workable,fifth-element-2,,7,,unverifiable,no,
workable,fifty-five,,30,,unverifiable,no,
workable,filtronic,,11,,unverifiable,no,
workable,financeit,,15,,unverifiable,no,
workable,findevcanada,,2,,unverifiable,no,
workable,finexio,,1,,unverifiable,no,
workable,fioneer,SAP Fioneer,99,,unverifiable,no,
workable,firetrol,Firetrol Protection Systems,93,,unverifiable,no,
workable,first-circle,,28,,unverifiable,no,
workable,firsthelpfinancial,,5,,unverifiable,no,
workable,fiscal-ai,,7,,unverifiable,no,
workable,fitmate-coach,,3,,unverifiable,no,
workable,fleetpartners,,8,,unverifiable,no,
workable,flexcarcareers,,9,,unverifiable,no,
workable,flexcompute,,20,,unverifiable,no,
workable,flexion-robotics,,7,,unverifiable,no,
workable,flexxon-1,,11,,unverifiable,no,
workable,flip,,0,,unverifiable,no,
workable,flo-addenergie,,9,,unverifiable,no,
workable,flooid,,3,,unverifiable,no,
workable,flosum,Flosum,148,,unverifiable,no,
workable,flowxai,,18,,unverifiable,no,
workable,fluent,,10,,unverifiable,no,
workable,flusso-ltd,,1,,unverifiable,no,
workable,fme-romania,,4,,unverifiable,no,
workable,fmx,,13,,unverifiable,no,
workable,focusrite,,19,,unverifiable,no,
workable,foodics,,25,,unverifiable,no,
workable,foodsysteminnovations,,1,,unverifiable,no,
workable,footprint,,22,,unverifiable,no,
workable,forager,,2,,unverifiable,no,
workable,forcemetrics,,2,,unverifiable,no,
workable,forefront-rf,,5,,unverifiable,no,
workable,forgotten-empires,,6,,unverifiable,no,
workable,formassembly,,1,,unverifiable,no,
workable,fortanix,,20,,unverifiable,no,
workable,fortifycompanies,,44,,unverifiable,no,
workable,fortytwo,,2,,unverifiable,no,
workable,foundations-early-learning-center,,18,,unverifiable,no,
workable,foundersforum,,10,,unverifiable,no,
workable,fp1-strategies,,1,,unverifiable,no,
workable,fpmarkets,,18,,unverifiable,no,
workable,freedom-leisure,Freedom Leisure,91,,unverifiable,no,
workable,freedup,FreedUp,37,,unverifiable,no,
workable,freedx,,4,,unverifiable,no,
workable,freelance-latin-america,,22,,unverifiable,no,
workable,fridababy,,22,,unverifiable,no,
workable,friends-from-the-city,,0,,unverifiable,no,
workable,fromdayone,,11,,unverifiable,no,
workable,fuku,Fuku,678,,unverifiable,no,
workable,fulkers-bailey-russell,,8,,unverifiable,no,
workable,fullstackacademy,,20,,unverifiable,no,
workable,fundcraft,,18,,unverifiable,no,
workable,fundingsocieties,Funding Societies | Modalku Group,77,,unverifiable,no,
workable,funnel-leasing,,4,,unverifiable,no,
workable,fuseenergy,Fuse Energy,72,,unverifiable,no,
workable,fusionhitjobs,,3,,unverifiable,no,
workable,futurecaucus,,3,,unverifiable,no,
workable,futureplc,,42,,unverifiable,no,
workable,futuresight,FutureSight,0,,unverifiable,no,
workable,futurex-1,,26,,unverifiable,no,
workable,futurpreneur,,1,,unverifiable,no,
workable,g-20-advisors-ag,,14,,unverifiable,no,
workable,g-mass,G MASS,105,,unverifiable,no,
workable,gables-of-fitchburg,,0,,unverifiable,no,
workable,gadge-usa,,6,,unverifiable,no,
workable,galois,,3,,unverifiable,no,
workable,gamigo,,1,,unverifiable,no,
workable,gatekeeper-3,,10,,unverifiable,no,
workable,gateway-trailer-repair,,1,,unverifiable,no,
workable,gbg,,19,,unverifiable,no,
workable,gearup2success-1,GearUp2Success,39,,unverifiable,no,
workable,geeks-on-site,Geeks on Site,157,,unverifiable,no,
workable,gek-terna,ΟΜΙΛΟΣ ΓΕΚ ΤΕΡΝΑ / GEK TERNA GROUP,107,,unverifiable,no,
workable,gemmo,,3,,unverifiable,no,
workable,genetec-inc,Genetec,141,,unverifiable,no,
workable,genplusgroup,,11,,unverifiable,no,
workable,genus-ai,,0,,unverifiable,no,
workable,genz-ryan,,5,,unverifiable,no,
workable,geo-technology-associates-inc,,59,,unverifiable,no,
workable,geoprobe,,16,,unverifiable,no,
workable,get-reliance-health,,52,,unverifiable,no,
workable,getbits,,0,,unverifiable,no,
workable,getfpv,,3,,unverifiable,no,
workable,getolo,,11,,unverifiable,no,
workable,getresponse,,7,,unverifiable,no,
workable,getsubstance,,5,,unverifiable,no,
workable,getvocal-ai,,3,,unverifiable,no,
workable,ghgsat,,0,,unverifiable,no,
workable,gigmos,,3,,unverifiable,no,
workable,giskard,,0,,unverifiable,no,
workable,glass-research,,0,,unverifiable,no,
workable,globaldevgroup,,13,,unverifiable,no,
workable,gmva,,18,,unverifiable,no,
workable,gobi-technologies-inc,,1,,unverifiable,no,
workable,godotcg,,5,,unverifiable,no,
workable,goglobal,,37,,unverifiable,no,
workable,goldair-handling-s-dot-a,,20,,unverifiable,no,
workable,gomining,GoMining,25,,unverifiable,no,
workable,goodhabitz,,5,,unverifiable,no,
workable,goreel,,3,,unverifiable,no,
workable,gotymex,,29,,unverifiable,no,
workable,grahamand-brown,,0,,unverifiable,no,
workable,gramian,Gramian Consulting Group,76,,unverifiable,no,
workable,grapevine-msp-technology-services,,4,,unverifiable,no,
workable,grassrootscarbon,,3,,unverifiable,no,
workable,greater-iowa-credit-union,,4,,unverifiable,no,
workable,green-led-lighting-solutions,,0,,unverifiable,no,
workable,greenberg-larraby-inc-gli,"Greenberg-Larraby, Inc. (GLI)",50,,unverifiable,no,
workable,greenearth,,11,,unverifiable,no,
workable,greenlife-healthcare-staffing-1,Greenlife Healthcare Staffing,914,,unverifiable,no,
workable,gresb,,4,,unverifiable,no,
workable,gridcog,,5,,unverifiable,no,
workable,gritter-francona,,4,,unverifiable,no,
workable,groundtruth,,3,,unverifiable,no,
workable,gsstech-group,,53,,unverifiable,no,
workable,gtech,,3,,unverifiable,no,
workable,guess-europe-sagl,Guess Europe Sagl,153,,unverifiable,no,
workable,guidantfinancial,,1,,unverifiable,no,
workable,gunner,,1,,unverifiable,no,
workable,gypsy,,9,,unverifiable,no,
workable,h2-health,H2 Health,328,,unverifiable,no,
workable,habitat-learn-inc,,11,,unverifiable,no,
workable,hack-the-box-ltd,,21,,unverifiable,no,
workable,hadley-designs,,48,,unverifiable,no,
workable,haiqu-inc,,0,,unverifiable,no,
workable,halo-industries,,18,,unverifiable,no,
workable,hampr,,0,,unverifiable,no,
workable,hanna-interpreting-services-llc,,2,,unverifiable,no,
workable,harlem-childrens-zone,Harlem Children's Zone,116,,unverifiable,no,
workable,harriett-buhai-center-for-family-law,,2,,unverifiable,no,
workable,haus,,5,,unverifiable,no,
workable,hayfin-capital-management,,2,,unverifiable,no,
workable,headquarters,,4,,unverifiable,no,
workable,headworks-inc,,5,,unverifiable,no,
workable,healthcarerecruiter,,158,,unverifiable,no,
workable,healthcorpsorg,,24,,unverifiable,no,
workable,healthop-solutions,HealthOp Solutions,137,,unverifiable,no,
workable,healwell-ai,,2,,unverifiable,no,
workable,hedepy,,5,,unverifiable,no,
workable,helical,,4,,unverifiable,no,
workable,hello-sunshine,,0,,unverifiable,no,
workable,helloaoa,,3,,unverifiable,no,
workable,hellogov,,3,,unverifiable,no,
workable,helprise-1,,44,,unverifiable,no,
workable,heor,,3,,unverifiable,no,
workable,heritage-exposition-services,,5,,unverifiable,no,
workable,heritage-healthcare-services,,21,,unverifiable,no,
workable,hero-software,,6,,unverifiable,no,
workable,hextrust,,17,,unverifiable,no,
workable,hi-auto,,1,,unverifiable,no,
workable,hi-jobs,,51,,unverifiable,no,
workable,hialtitudebrands,,7,,unverifiable,no,
workable,hicx-solutions,,0,,unverifiable,no,
workable,higher-learning-commission,,0,,unverifiable,no,
workable,highland-spring-group,,8,,unverifiable,no,
workable,hilobyaktiia,,2,,unverifiable,no,
workable,hire-resolve-the-top-recruitment-agency,Hire Resolve.com,396,,unverifiable,no,
workable,hireframe,,57,,unverifiable,no,
workable,hiregroundtalent,,5,,unverifiable,no,
workable,hirehawk,HireHawk,132,,unverifiable,no,
workable,hirotec-america,,15,,unverifiable,no,
workable,hja,,2,,unverifiable,no,
workable,hoa-talent,,41,,unverifiable,no,
workable,hoffmann-brothers,,22,,unverifiable,no,
workable,hokali,HOKALI,14,,unverifiable,no,
workable,homa-games,,13,,unverifiable,no,
workable,hometown-urgent-care,,23,,unverifiable,no,
workable,hometrack,,4,,unverifiable,no,
workable,hospitable,,13,,unverifiable,no,
workable,hpdcareers,,26,,unverifiable,no,
workable,hr-one,,33,,unverifiable,no,
workable,hrfactory-lithuania,,32,,unverifiable,no,
workable,hsi-1,,9,,unverifiable,no,
workable,hudabeauty,,30,,unverifiable,no,
workable,huggingface,,8,,unverifiable,no,
workable,human-intelligence,,9,,unverifiable,no,
workable,humanintelligence,,45,,unverifiable,no,
workable,humanmade,,7,,unverifiable,no,
workable,humanz,,10,,unverifiable,no,
workable,hunt-st,Hunt St,128,,unverifiable,no,
workable,hustler-marketing,,28,,unverifiable,no,
workable,huzzle,Huzzle,640,,unverifiable,no,
workable,hy-studio-gmbh-1,,0,,unverifiable,no,
workable,hyperiondev,,16,,unverifiable,no,
workable,hyperlight,,17,,unverifiable,no,
workable,i-5-design-build-inc,,0,,unverifiable,no,
workable,iapwe,,1,,unverifiable,no,
workable,ibhs,,4,,unverifiable,no,
workable,ibmcid,IBMC,79,,unverifiable,no,
workable,icbd-holdings,ICBD,203,,unverifiable,no,
workable,icmp-6,,26,,unverifiable,no,
workable,icorp,,40,,unverifiable,no,
workable,ict-protect,,2,,unverifiable,no,
workable,identiv,,1,,unverifiable,no,
workable,idoven,,2,,unverifiable,no,
workable,ifeelonline,,4,,unverifiable,no,
workable,iglooinsure,,40,,unverifiable,no,
workable,ignite-33,,32,,unverifiable,no,
workable,ihateironing,,1,,unverifiable,no,
workable,ihrseattle,,4,,unverifiable,no,
workable,iita,,23,,unverifiable,no,
workable,imachines,,16,,unverifiable,no,
workable,imagine-black,,1,,unverifiable,no,
workable,imitheamg,,57,,unverifiable,no,
workable,immediate-media-co,,6,,unverifiable,no,
workable,impact-clients,,15,,unverifiable,no,
workable,impactperformanceteam,,14,,unverifiable,no,
workable,impactplus,,3,,unverifiable,no,
workable,improvedcf,,3,,unverifiable,no,
workable,inatai,,1,,unverifiable,no,
workable,inautalent,,20,,unverifiable,no,
workable,incentfit,,2,,unverifiable,no,
workable,indiancreekschool,,4,,unverifiable,no,
workable,indice,,1,,unverifiable,no,
workable,indico,,9,,unverifiable,no,
workable,indra-uk,,62,,unverifiable,no,
workable,ineos-automotive,,12,,unverifiable,no,
workable,infatica-dot-i-o,,0,,unverifiable,no,
workable,infopro-digital,,17,,unverifiable,no,
workable,infoquest,,5,,unverifiable,no,
workable,informed-solutions,,16,,unverifiable,no,
workable,infosys-consulting-europe,Infosys Consulting - Europe,161,,unverifiable,no,
workable,infotrack-us,,11,,unverifiable,no,
workable,infuse-it,,2,,unverifiable,no,
workable,inkomoko,,6,,unverifiable,no,
workable,innerplant,,5,,unverifiable,no,
workable,innocence-project,,4,,unverifiable,no,
workable,innovaccer-analytics,Innovaccer Analytics,72,,unverifiable,no,
workable,innovationteam,,44,,unverifiable,no,
workable,innovatrics,,11,,unverifiable,no,
workable,inproduction,InProduction,34,,unverifiable,no,
workable,insight-investment,,9,,unverifiable,no,
workable,insight-network-inc,,4,,unverifiable,no,
workable,inspiroz1,,7,,unverifiable,no,
workable,installation-made-easy,,2,,unverifiable,no,
workable,intale,,4,,unverifiable,no,
workable,integrant,,29,,unverifiable,no,
workable,integritym,,0,,unverifiable,no,
workable,intellatriage,,33,,unverifiable,no,
workable,intellecthq,Intellect,274,,unverifiable,no,
workable,intellectsoft,,7,,unverifiable,no,
workable,interactivestrategies,,4,,unverifiable,no,
workable,interface-1,Interface,170,,unverifiable,no,
workable,interlaced,,4,,unverifiable,no,
workable,international-water-management-institute,,1,,unverifiable,no,
workable,interpath-advisory,Interpath Advisory,79,,unverifiable,no,
workable,interpolitan-money,,4,,unverifiable,no,
workable,interweave,,7,,unverifiable,no,
workable,intetics-2,Intetics,124,,unverifiable,no,
workable,inventyou-ab,,11,,unverifiable,no,
workable,invest-lithuania,,8,,unverifiable,no,
workable,invygo,,2,,unverifiable,no,
workable,io-global,,2,,unverifiable,no,
workable,ionate,,4,,unverifiable,no,
workable,iosh,,3,,unverifiable,no,
workable,ipullrank,,1,,unverifiable,no,
workable,irth,,18,,unverifiable,no,
workable,irth-solutions,,19,,unverifiable,no,
workable,is-international-services,,41,,unverifiable,no,
workable,ischool,,5,,unverifiable,no,
workable,ista-2,ISTA Personnel Solutions,43,,unverifiable,no,
workable,it1,,22,,unverifiable,no,
workable,itecor,,16,,unverifiable,no,
workable,itg,,26,,unverifiable,no,
workable,itrs,,19,,unverifiable,no,
workable,itsacheckmate-dot-com,,1,,unverifiable,no,
workable,ivyhill-technologies-llc,,7,,unverifiable,no,
workable,izix,,1,,unverifiable,no,
workable,jacuzzi-group,,46,,unverifiable,no,
workable,jaded-london-2,,16,,unverifiable,no,
workable,jagex-limited,,13,,unverifiable,no,
workable,jalasoft,,15,,unverifiable,no,
workable,jam-4,,1,,unverifiable,no,
workable,james-a-wheat-and-sons,,2,,unverifiable,no,
workable,jasarapmc,JASARA PMC,201,,unverifiable,no,
workable,jcc-greater-boston,JCC Greater Boston,26,,unverifiable,no,
workable,jenzabar1,,7,,unverifiable,no,
workable,job-bridge-global-1,Job Bridge Global,177,,unverifiable,no,
workable,jobhire,,8,,unverifiable,no,
workable,jobicompany,,35,,unverifiable,no,
workable,jobrack,JobRack,10,,unverifiable,no,
workable,jobsxillium,,5,,unverifiable,no,
workable,joey-restaurants-1,JOEY Restaurants,245,,unverifiable,no,
workable,joinbeam,,9,,unverifiable,no,
workable,joinblink,,13,,unverifiable,no,
workable,joindelta,,1,,unverifiable,no,
workable,jon-ossoff-for-senate,,7,,unverifiable,no,
workable,jones-knowles-ritchie,,5,,unverifiable,no,
workable,jove,JoVE,35,,unverifiable,no,
workable,joymemories,,204,,unverifiable,no,
workable,justpark,,5,,unverifiable,no,
workable,justvision,,1,,unverifiable,no,
workable,kahoot,,5,,unverifiable,no,
workable,kanopi,,4,,unverifiable,no,
workable,kantox,,5,,unverifiable,no,
workable,karohealthcare,,19,,unverifiable,no,
workable,kaseware-inc,,0,,unverifiable,no,
workable,kaynecapital,,9,,unverifiable,no,
workable,kda-consulting,,10,,unverifiable,no,
workable,keen,,18,,unverifiable,no,
workable,keepsafe,,1,,unverifiable,no,
workable,keller-executive-search,Keller Executive Search,138,,unverifiable,no,
workable,kepak,,64,,unverifiable,no,
workable,kettle-2,,0,,unverifiable,no,
workable,kettle-and-fire,,2,,unverifiable,no,
workable,key-mortgage,,3,,unverifiable,no,
workable,keycafe,,7,,unverifiable,no,
workable,keywords-intl1,Keywords Studios,202,,unverifiable,no,
workable,ki-insurance,,19,,unverifiable,no,
workable,kiavets,Kia Veterans Technician Apprenticeship Program (VTAP),564,,unverifiable,no,
workable,kickupcareers,,2,,unverifiable,no,
workable,kids-science-labs,,3,,unverifiable,no,
workable,kitt,,3,,unverifiable,no,
workable,klass-capital,,0,,unverifiable,no,
workable,knorex,,5,,unverifiable,no,
workable,kognitive-sales-solutions,Kognitive Sales Solutions,119,,unverifiable,no,
workable,koin-limited,,7,,unverifiable,no,
workable,komodo-co-dot-ltd,,10,,unverifiable,no,
workable,konew-fintech,,14,,unverifiable,no,
workable,kooku,,23,,unverifiable,no,
workable,kooner-fleet-management-solutions,,40,,unverifiable,no,
workable,koothjobs,,8,,unverifiable,no,
workable,koracareers,,2,,unverifiable,no,
workable,korres-sa-natural-products,,2,,unverifiable,no,
workable,koru,,2,,unverifiable,no,
workable,kpmg-ukraine,,19,,unverifiable,no,
workable,kroo,,20,,unverifiable,no,
workable,krushlabs,,12,,unverifiable,no,
workable,ksm-hr,KSM,102,,unverifiable,no,
workable,kuda,,14,,unverifiable,no,
workable,kueckerpulseintegration,,22,,unverifiable,no,
workable,kyn,,12,,unverifiable,no,
workable,laba,,17,,unverifiable,no,
workable,labella-associates,LaBella Associates,232,,unverifiable,no,
workable,labelyourdata,,22,,unverifiable,no,
workable,lafrance-hospitality,,18,,unverifiable,no,
workable,lago-1,Lago,126,,unverifiable,no,
workable,laka,,0,,unverifiable,no,
workable,lakeside-software,,5,,unverifiable,no,
workable,lakshyadigitalglobal,,31,,unverifiable,no,
workable,lamdax,,7,,unverifiable,no,
workable,landcare-1,,63,,unverifiable,no,
workable,lapoflovejobs,Lap of Love,222,,unverifiable,no,
workable,laravel,,6,,unverifiable,no,
workable,lastcallmedia,,0,,unverifiable,no,
workable,laterite,,2,,unverifiable,no,
workable,laundryheap-2,,14,,unverifiable,no,
workable,lawnstarter,,17,,unverifiable,no,
workable,lawofficesofsabrinali,,12,,unverifiable,no,
workable,lawyer,,2,,unverifiable,no,
workable,ldms,,0,,unverifiable,no,
workable,leadfeeder,,3,,unverifiable,no,
workable,leap-legal-software,,20,,unverifiable,no,
workable,learner-education,,1,,unverifiable,no,
workable,learnlight,,2,,unverifiable,no,
workable,legacypeople,,1,,unverifiable,no,
workable,legalvision,,27,,unverifiable,no,
workable,legatics,,3,,unverifiable,no,
workable,lengow,,7,,unverifiable,no,
workable,levelagency,,7,,unverifiable,no,
workable,lex-diagnostics,,1,,unverifiable,no,
workable,lgbt-great,,6,,unverifiable,no,
workable,liberty-bay-credit-union-1,,2,,unverifiable,no,
workable,liberum,,5,,unverifiable,no,
workable,lifebytesystems,,3,,unverifiable,no,
workable,lifely,,8,,unverifiable,no,
workable,lifemdcareers,,9,,unverifiable,no,
workable,liferaft,,0,,unverifiable,no,
workable,lincolnavenue,,6,,unverifiable,no,
workable,lithos,,1,,unverifiable,no,
workable,livedata,,0,,unverifiable,no,
workable,livesnap,,1,,unverifiable,no,
workable,lmg-staffing-solutions,,37,,unverifiable,no,
workable,loggi,,0,,unverifiable,no,
workable,lokal-app,,68,,unverifiable,no,
workable,lonerockpoint,,2,,unverifiable,no,
workable,longdue-games,,3,,unverifiable,no,
workable,longislandspeech,,13,,unverifiable,no,
workable,longshot-systems-ltd,,4,,unverifiable,no,
workable,loopme,,24,,unverifiable,no,
workable,love-strategies-inc,,0,,unverifiable,no,
workable,lovebonito,,71,,unverifiable,no,
workable,lovey,,7,,unverifiable,no,
workable,lovingly,,8,,unverifiable,no,
workable,lrn-corporation,,16,,unverifiable,no,
workable,lsh-auto-1,,26,,unverifiable,no,
workable,lucidya,,24,,unverifiable,no,
workable,luke-recruitment,,29,,unverifiable,no,
workable,luminance-1,,52,,unverifiable,no,
workable,luxasia,LUXASIA,162,,unverifiable,no,
workable,lyka,,13,,unverifiable,no,
workable,lyst,,7,,unverifiable,no,
workable,m-files,,9,,unverifiable,no,
workable,macdonald-miller,,36,,unverifiable,no,
workable,mag-international,,9,,unverifiable,no,
workable,magic-media,,2,,unverifiable,no,
workable,magicspoon,,4,,unverifiable,no,
workable,magnetic-london-creative-services-ltd,,0,,unverifiable,no,
workable,maharahjobs,,1,,unverifiable,no,
workable,main-street-anesthesia-1,,9,,unverifiable,no,
workable,maker-lab,,17,,unverifiable,no,
workable,manac,,6,,unverifiable,no,
workable,mangonelawfirm,,12,,unverifiable,no,
workable,manifest-services,,18,,unverifiable,no,
workable,manilarecruitment,Manila Recruitment,99,,unverifiable,no,
workable,manna-1,,12,,unverifiable,no,
workable,marabu,,6,,unverifiable,no,
workable,march-networks,,11,,unverifiable,no,
workable,marchay-1,,5,,unverifiable,no,
workable,massmedia,,3,,unverifiable,no,
workable,mat3ra,,11,,unverifiable,no,
workable,mathspace,,10,,unverifiable,no,
workable,maviance,,2,,unverifiable,no,
workable,mavtek,,0,,unverifiable,no,
workable,max-accelerate,MaxAccelerate,50,,unverifiable,no,
workable,max-borges-agency,,4,,unverifiable,no,
workable,maxwellenergy,,17,,unverifiable,no,
workable,mayest-arts-collective,,2,,unverifiable,no,
workable,mclane-global,,7,,unverifiable,no,
workable,mcs,,11,,unverifiable,no,
workable,mealsuite,,1,,unverifiable,no,
workable,meanpug,,8,,unverifiable,no,
workable,medecins-du-monde,,27,,unverifiable,no,
workable,mediacube,,1,,unverifiable,no,
workable,mediaradar,,14,,unverifiable,no,
workable,medical-guardian,,12,,unverifiable,no,
workable,mediix-recruitment,Mediix,354,,unverifiable,no,
workable,mercari,"Mercari, inc.",142,,unverifiable,no,
workable,mercari-india,,11,,unverifiable,no,
workable,mercier-consultancy-group,Mercier Consultancy Group,342,,unverifiable,no,
workable,meritrestorations,,28,,unverifiable,no,
workable,meshsystems,,2,,unverifiable,no,
workable,meteor-education,,8,,unverifiable,no,
workable,metova,,44,,unverifiable,no,
workable,mi-forums,,3,,unverifiable,no,
workable,michaelandassociates,,23,,unverifiable,no,
workable,micro-bit-educational-foundation,,1,,unverifiable,no,
workable,middle-seat,,2,,unverifiable,no,
workable,middleburycollege,Middlebury College,136,,unverifiable,no,
workable,mikinok,,3,,unverifiable,no,
workable,milanicosmetics,,4,,unverifiable,no,
workable,milend-inc,,1,,unverifiable,no,
workable,miller-transportation-group-1,,18,,unverifiable,no,
workable,million-dollar-sellers,,0,,unverifiable,no,
workable,mind-friend,,1,,unverifiable,no,
workable,minderacraft,Mindera,46,,unverifiable,no,
workable,mindex,,9,,unverifiable,no,
workable,mint-studios,,4,,unverifiable,no,
workable,mira-construction-l-dot-l-c-1,MIRA CONSTRUCTION L.L.C,118,,unverifiable,no,
workable,missionbit,,1,,unverifiable,no,
workable,mitchell-construction-group-llc,,1,,unverifiable,no,
workable,mitsis-group,Mitsis Group,38,,unverifiable,no,
workable,mitti-labs,,6,,unverifiable,no,
workable,mixcloud-limited,,1,,unverifiable,no,
workable,mlabs,,15,,unverifiable,no,
workable,modash,,6,,unverifiable,no,
workable,modern-family-law-1,Modern Family Law,90,,unverifiable,no,
workable,modifi,,4,,unverifiable,no,
workable,momos,,3,,unverifiable,no,
workable,monadnock-construction,,2,,unverifiable,no,
workable,moneyhub,,0,,unverifiable,no,
workable,monterail,,8,,unverifiable,no,
workable,moomoo,moomoo,141,,unverifiable,no,
workable,moonbug-entertainment,,14,,unverifiable,no,
workable,moonshot,,10,,unverifiable,no,
workable,more-com,,6,,unverifiable,no,
workable,moreton-capital-partners,,9,,unverifiable,no,
workable,morrow-health,,30,,unverifiable,no,
workable,moss-holding-company,,25,,unverifiable,no,
workable,motabilityfoundation,,1,,unverifiable,no,
workable,movement-labs,,2,,unverifiable,no,
workable,moving-doors,,4,,unverifiable,no,
workable,mpf-federal-4,,7,,unverifiable,no,
workable,mpsolutions,MP Solutions Ltd.,77,,unverifiable,no,
workable,mr-blue,,27,,unverifiable,no,
workable,mrg-exams,MRG Exams,119,,unverifiable,no,
workable,mrsalice,,0,,unverifiable,no,
workable,mrsool-3,,13,,unverifiable,no,
workable,msps,,60,,unverifiable,no,
workable,msr-fsr,,75,,unverifiable,no,
workable,muchbetteradventures,,0,,unverifiable,no,
workable,multimediallc,,7,,unverifiable,no,
workable,murmuration,,11,,unverifiable,no,
workable,murphy-research,,5,,unverifiable,no,
workable,mursion-inc,,2,,unverifiable,no,
workable,museumoficecream,,10,,unverifiable,no,
workable,mweb-6,,0,,unverifiable,no,
workable,mwresource-inc,,12,,unverifiable,no,
workable,myaccord,,9,,unverifiable,no,
workable,mydbsync,,16,,unverifiable,no,
workable,myforce,MyForce,67,,unverifiable,no,
workable,mygbi,,31,,unverifiable,no,
workable,mysigrid,,5,,unverifiable,no,
workable,mysociety,,0,,unverifiable,no,
workable,naehas,,1,,unverifiable,no,
workable,naked-wines,,1,,unverifiable,no,
workable,nakedmd,NakedMD,104,,unverifiable,no,
workable,nalamoney,,4,,unverifiable,no,
workable,nasoft-eg,,13,,unverifiable,no,
workable,natilus,,5,,unverifiable,no,
workable,national-network-logistics,,33,,unverifiable,no,
workable,national-western-center,,4,,unverifiable,no,
workable,nautilus-solar-energy,,6,,unverifiable,no,
workable,navarino,,24,,unverifiable,no,
workable,navarro-inc,,40,,unverifiable,no,
workable,navionsl,Navion Senior Solutions,113,,unverifiable,no,
workable,nawy-real-estate,Nawy Real Estate,51,,unverifiable,no,
workable,ndax,,10,,unverifiable,no,
workable,nelson-education,,2,,unverifiable,no,
workable,neo-gg,,18,,unverifiable,no,
workable,neowork,,25,,unverifiable,no,
workable,netcetera,,5,,unverifiable,no,
workable,netguru,,37,,unverifiable,no,
workable,neutreeno-1,,6,,unverifiable,no,
workable,neville-and-sons,,0,,unverifiable,no,
workable,new-flyer,,72,,unverifiable,no,
workable,newcode,,11,,unverifiable,no,
workable,newenergynexus,,8,,unverifiable,no,
workable,newrich-network,,5,,unverifiable,no,
workable,newton-media-group,,0,,unverifiable,no,
workable,next-doorand-window,,10,,unverifiable,no,
workable,nextep-2,,8,,unverifiable,no,
workable,nexuscareservices,,3,,unverifiable,no,
workable,nexvelsolutions,,5,,unverifiable,no,
workable,nfi-group-inc,,13,,unverifiable,no,
workable,nhfca,,10,,unverifiable,no,
workable,nile-fresh-pty-ltd,,5,,unverifiable,no,
workable,nipponexpress,,24,,unverifiable,no,
workable,niva-health-2,NIVA Health,62,,unverifiable,no,
workable,nobox-hr-outsourcing-solutions,,5,,unverifiable,no,
workable,nogigiddy,NoGigiddy,366,,unverifiable,no,
workable,nomad-atomics,,7,,unverifiable,no,
workable,norfolk-county,,7,,unverifiable,no,
workable,norgine-2,,24,,unverifiable,no,
workable,norit,,8,,unverifiable,no,
workable,north-coast-seafoods,,15,,unverifiable,no,
workable,northramp,,2,,unverifiable,no,
workable,northstrat,,22,,unverifiable,no,
workable,northzone,,0,,unverifiable,no,
workable,nova-wealth,,8,,unverifiable,no,
workable,novasign,,0,,unverifiable,no,
workable,novemberfive,,10,,unverifiable,no,
workable,novibet,,12,,unverifiable,no,
workable,novoholdings,,1,,unverifiable,no,
workable,novonordiskfoundation,,6,,unverifiable,no,
workable,novoville,,0,,unverifiable,no,
workable,nrgco,,32,,unverifiable,no,
workable,nu-quantum,,8,,unverifiable,no,
workable,numi,,5,,unverifiable,no,
workable,nutritionintl,,3,,unverifiable,no,
workable,nuvei,,56,,unverifiable,no,
workable,nuview,,1,,unverifiable,no,
workable,nyzc,,1,,unverifiable,no,
workable,oasis-ascent,,5,,unverifiable,no,
workable,obdeleven,,10,,unverifiable,no,
workable,obrela-security-industries-sa,,13,,unverifiable,no,
workable,oceansxyz,,27,,unverifiable,no,
workable,odk-media,,10,,unverifiable,no,
workable,ohalo,,1,,unverifiable,no,
workable,ohara-corporation,,4,,unverifiable,no,
workable,ohm-advisors,OHM Advisors,70,,unverifiable,no,
workable,old-south-carriage-co,,10,,unverifiable,no,
workable,oldmill,,7,,unverifiable,no,
workable,omilia-natural-language-solutions-ua-ltd,Omilia,52,,unverifiable,no,
workable,on-hire-1,,19,,unverifiable,no,
workable,one-of-us,,19,,unverifiable,no,
workable,onetrack,,0,,unverifiable,no,
workable,onlogic-inc,,33,,unverifiable,no,
workable,onside,,3,,unverifiable,no,
workable,onyx-capital-group,,7,,unverifiable,no,
workable,opal-autism,,43,,unverifiable,no,
workable,openfn,,6,,unverifiable,no,
workable,openlane-europe,,8,,unverifiable,no,
workable,openmined,,3,,unverifiable,no,
workable,openworks-engineering,,9,,unverifiable,no,
workable,optimal-hr,,87,,unverifiable,no,
workable,optisigns-inc,,16,,unverifiable,no,
workable,optitrack,,4,,unverifiable,no,
workable,orchard-therapeutics,,10,,unverifiable,no,
workable,ordr-2,,2,,unverifiable,no,
workable,oredata,,6,,unverifiable,no,
workable,orfium,,8,,unverifiable,no,
workable,origin-10x,,36,,unverifiable,no,
workable,orion-health,,4,,unverifiable,no,
workable,osa,Outsourcing Advantage,34,,unverifiable,no,
workable,ottimate,,11,,unverifiable,no,
workable,oue-restaurants-pte-ltd,,39,,unverifiable,no,
workable,our-future-health,,20,,unverifiable,no,
workable,ourhomesnacks,,13,,unverifiable,no,
workable,outperform-2,,0,,unverifiable,no,
workable,outward,,4,,unverifiable,no,
workable,oversee-1,,6,,unverifiable,no,
workable,overwatchcm,,4,,unverifiable,no,
workable,owlet-baby-care-1,,3,,unverifiable,no,
workable,pacific-health-group,Pacific Health Group,53,,unverifiable,no,
workable,pacificaviation,,31,,unverifiable,no,
workable,page-vault,,1,,unverifiable,no,
workable,pairedrecruiting,Paired,71,,unverifiable,no,
workable,pakistan-mobile-communication-limited-pmcl,,29,,unverifiable,no,
workable,pakistan-single-window,,3,,unverifiable,no,
workable,paleovalley-wildpastures,,14,,unverifiable,no,
workable,palona,,6,,unverifiable,no,
workable,panelmatic-inc,Panelmatic,178,,unverifiable,no,
workable,panorama-education,,7,,unverifiable,no,
workable,papoutsanis-1,,10,,unverifiable,no,
workable,paradigm-pd,,26,,unverifiable,no,
workable,paragraf-1,,1,,unverifiable,no,
workable,parallelemployment,,36,,unverifiable,no,
workable,parallelz,,1,,unverifiable,no,
workable,paramount-commerce,,1,,unverifiable,no,
workable,parrot-analytics-4,,1,,unverifiable,no,
workable,partner-one-capital,Partner One Capital,35,,unverifiable,no,
workable,passionio,,0,,unverifiable,no,
workable,patchstack,,1,,unverifiable,no,
workable,pathfinder-home-health,,2,,unverifiable,no,
workable,pathlight,,23,,unverifiable,no,
workable,pathwaycom,,5,,unverifiable,no,
workable,pavago,Pavago,923,,unverifiable,no,
workable,payfuture,,0,,unreachable,no,HTTP 404
workable,peak-management,,10,,unverifiable,no,
workable,peaksware,,4,,unverifiable,no,
workable,pearlabyss-europe,,7,,unverifiable,no,
workable,pearltalent,Pearl,49,,unverifiable,no,
workable,peasy,,14,,unverifiable,no,
workable,pension-services-corporation-limited,,17,,unverifiable,no,
workable,people-in-need-2,,0,,unverifiable,no,
workable,peoplepowered,,0,,unverifiable,no,
workable,peopleworth,peopleworth,13,,unverifiable,no,
workable,pepperbodyinc,,2,,unverifiable,no,
workable,performyard,,8,,unverifiable,no,
workable,perryhomes,Perry Homes,105,,unverifiable,no,
workable,petes-rv-center,,9,,unverifiable,no,
workable,petlab-co,,7,,unverifiable,no,
workable,pfm-global-fzco,,3,,unverifiable,no,
workable,pgtek,,18,,unverifiable,no,
workable,phaea,,8,,unverifiable,no,
workable,pharmacierge,,0,,unverifiable,no,
workable,phasorengineering,,26,,unverifiable,no,
workable,phillips-corporation,,24,,unverifiable,no,
workable,phoenix-software,,23,,unverifiable,no,
workable,pineapple-staffing,,3,,unverifiable,no,
workable,pinkston,,5,,unverifiable,no,
workable,pinson,Pinson TM Limited,319,,unverifiable,no,
workable,piraeus-bank,,5,,unverifiable,no,
workable,pivot-agency,,6,,unverifiable,no,
workable,pixelogicmedia,,31,,unverifiable,no,
workable,pixlrgroup,,18,,unverifiable,no,
workable,plainconcepts,,18,,unverifiable,no,
workable,plaisio-careers,,45,,unverifiable,no,
workable,planet-sa-international,,1,,unverifiable,no,
workable,planetart,,22,,unverifiable,no,
workable,platinum-list,,1,,unverifiable,no,
workable,plej,,0,,unverifiable,no,
workable,plum-inc,,5,,unverifiable,no,
workable,plus-communications,,10,,unverifiable,no,
workable,pmkconsult,,2,,unverifiable,no,
workable,polaron,,0,,unverifiable,no,
workable,pony-dot-ai,,10,,unverifiable,no,
workable,poolhouse,,1,,unverifiable,no,
workable,popmenu,,8,,unverifiable,no,
workable,portswigger,,5,,unverifiable,no,
workable,povio,,7,,unverifiable,no,
workable,practiv,,4,,unverifiable,no,
workable,praytell,,3,,unverifiable,no,
workable,precoa,,53,,unverifiable,no,
workable,premium-merchant-funding-3,,30,,unverifiable,no,
workable,prime-robotics-1,,5,,unverifiable,no,
workable,primeglobalpeople-join-us,,12,,unverifiable,no,
workable,printivitysd,,3,,unverifiable,no,
workable,prismplus,,66,,unverifiable,no,
workable,privateluxuryevents,,2,,unverifiable,no,
workable,proactive-technology-management,,2,,unverifiable,no,
workable,proarch-3,,7,,unverifiable,no,
workable,procook-1,,48,,unverifiable,no,
workable,proficio-inc,,5,,unverifiable,no,
workable,profitcoach,,2,,unverifiable,no,
workable,progressoft,,32,,unverifiable,no,
workable,prominence-advisors,,19,,unverifiable,no,
workable,pronexus-1,,0,,unverifiable,no,
workable,propeller,,24,,unverifiable,no,
workable,prosci,,8,,unverifiable,no,
workable,prosperitysolutions,,1,,unverifiable,no,
workable,protera,,13,,unverifiable,no,
workable,proxymity,,1,,unverifiable,no,
workable,pt-link-net-tbk-1,,12,,unverifiable,no,
workable,pubgenius-1,,4,,unverifiable,no,
workable,public-cy,,7,,unverifiable,no,
workable,publicgroup,Public Group,102,,unverifiable,no,
workable,pulse-labs,,4,,unverifiable,no,
workable,pure-yoga,,1,,unverifiable,no,
workable,puulse-marketing,,8,,unverifiable,no,
workable,q-energy,,13,,unverifiable,no,
workable,q5-partners,,10,,unverifiable,no,
workable,qbdvision,,3,,unverifiable,no,
workable,qcp-group,,16,,unverifiable,no,
workable,qiddiya-investment-company-1,Qiddiya Investment Company,282,,unverifiable,no,
workable,qodea,,26,,unverifiable,no,
workable,qodeworld,,43,,unverifiable,no,
workable,qry,,4,,unverifiable,no,
workable,quadric-dot-i-o-inc,,0,,unverifiable,no,
workable,quaestus-1,,11,,unverifiable,no,
workable,qualcogroup,,42,,unverifiable,no,
workable,quality-care-llc,,5,,unverifiable,no,
workable,quality-people,,53,,unverifiable,no,
workable,quandela,,24,,unverifiable,no,
workable,quanthub,,3,,unverifiable,no,
workable,quantumloopai,,23,,unverifiable,no,
workable,queueco,,1,,unverifiable,no,
workable,quickrelease,,8,,unverifiable,no,
workable,quickteam,,29,,unverifiable,no,
workable,quikefoods,,1,,unverifiable,no,
workable,quistor,,31,,unverifiable,no,
workable,quonticbank,,2,,unverifiable,no,
workable,racecommunications,,23,,unverifiable,no,
workable,radiant-vision-systems,,0,,unverifiable,no,
workable,rafarm,,13,,unverifiable,no,
workable,rail-delivery-group,,7,,unverifiable,no,
workable,rand-europe,,5,,unverifiable,no,
workable,rapsodo,,33,,unverifiable,no,
workable,rapyuta-robotics,,36,,unverifiable,no,
workable,raspberrypi,,4,,unverifiable,no,
workable,raspberrypifoundation,,6,,unverifiable,no,
workable,ratehawk,,17,,unverifiable,no,
workable,raths-raths-and-johnson,,3,,unverifiable,no,
workable,rditrials,,0,,unverifiable,no,
workable,re-act-marketing-ltd,,2,,unverifiable,no,
workable,re7-capital,,2,,unverifiable,no,
workable,real-dev-inc,,7,,unverifiable,no,
workable,realadvisor,,17,,unverifiable,no,
workable,reallygreatteachers,,10,,unverifiable,no,
workable,realpython,,2,,unverifiable,no,
workable,reasonable,,6,,unverifiable,no,
workable,rebellion,,19,,unverifiable,no,
workable,recargapay,,16,,unverifiable,no,
workable,recite-me,,9,,unverifiable,no,
workable,redox,,23,,unverifiable,no,
workable,redspace,,1,,unverifiable,no,
workable,relationship-therapy-center,,1,,unverifiable,no,
workable,releaf-uk,,10,,unverifiable,no,
workable,remindermedia,ReminderMedia,17,,unverifiable,no,
workable,remote-raven,,38,,unverifiable,no,
workable,remote-recruitment,Remote Recruitment,94,,unverifiable,no,
workable,remote-talent-latam,,24,,unverifiable,no,
workable,remotebase,,7,,unverifiable,no,
workable,remotepass,,18,,unverifiable,no,
workable,renewhome,,6,,unverifiable,no,
workable,rentokil-initial,Rentokil Initial,642,,unverifiable,no,
workable,res-consultant-group,,30,,unverifiable,no,
workable,resethealth,,1,,unverifiable,no,
workable,residents-medical,,6,,unverifiable,no,
workable,resiliv,,7,,unverifiable,no,
workable,resonant-link-medical,,3,,unverifiable,no,
workable,resource-guru,,1,,unverifiable,no,
workable,resource-innovations,Resource Innovations,47,,unverifiable,no,
workable,respiris,,2,,unverifiable,no,
workable,respro-health,,3,,unverifiable,no,
workable,retinai,,5,,unverifiable,no,
workable,reversinglabs,,8,,unverifiable,no,
workable,revive-media,,2,,unverifiable,no,
workable,reworkssolutions,ReWorks Solutions,69,,unverifiable,no,
workable,rezilient,,19,,unverifiable,no,
workable,rfiglobal,,1,,unverifiable,no,
workable,rhoworld,,9,,unverifiable,no,
workable,rhythm-management,,3,,unverifiable,no,
workable,richpanel-1,,12,,unverifiable,no,
workable,righthookdigital,,11,,unverifiable,no,
workable,rise-robotics,,5,,unverifiable,no,
workable,rising-academies,,4,,unverifiable,no,
workable,river-cleanup,,5,,unverifiable,no,
workable,riverside-insights,,6,,unverifiable,no,
workable,rmf-engineering-inc,,24,,unverifiable,no,
workable,rmkble,,4,,unverifiable,no,
workable,roadpass-digital-1,,1,,unverifiable,no,
workable,roarington,,3,,unverifiable,no,
workable,robeaute,,12,,unverifiable,no,
workable,robusta,robusta,65,,unverifiable,no,
workable,rockstar-3,Rockstar,88,,unverifiable,no,
workable,roi-hunter,,0,,unverifiable,no,
workable,rokt,,14,,unverifiable,no,
workable,rollingarrays-tech,,4,,unverifiable,no,
workable,roundtable-on-sustainable-biomaterials,,1,,unverifiable,no,
workable,rovex-technologies-corporation,,3,,unverifiable,no,
workable,rpmltd,,1,,unverifiable,no,
workable,rtm-business-group,,7,,unverifiable,no,
workable,rubikal,,2,,unverifiable,no,
workable,runware,,11,,unverifiable,no,
workable,rwinvest,,3,,unverifiable,no,
workable,rystad-energy,,14,,unverifiable,no,
workable,salescaptain,,5,,unverifiable,no,
workable,saleshub,,41,,unverifiable,no,
workable,salla,,27,,unverifiable,no,
workable,samsung-sds-america,,23,,unverifiable,no,
workable,sanantoniobehavioral,,24,,unverifiable,no,
workable,sanction-scanner,,0,,unreachable,no,HTTP 404
workable,sand-cherry-associates-1,,20,,unverifiable,no,
workable,sandpiper-productions,Sandpiper Productions,331,,unverifiable,no,
workable,sangoma-3,,1,,unverifiable,no,
workable,sans-2,,5,,unverifiable,no,
workable,santikos-collection-1,,2,,unverifiable,no,
workable,sapigroup,,3,,unverifiable,no,
workable,sapsol-technologies-inc-7,Sapsol Technologies Inc,318,,unverifiable,no,
workable,satellitevu,,1,,unverifiable,no,
workable,satori-analytics-1,,12,,unverifiable,no,
workable,satoshi-energy,,0,,unverifiable,no,
workable,sawhorse-productions,,10,,unverifiable,no,
workable,scalepex,,48,,unverifiable,no,
workable,scalesource-1,Scalesource,38,,unverifiable,no,
workable,school-of-coding,,7,,unverifiable,no,
workable,schoolinks,,8,,unverifiable,no,
workable,schoox,,0,,unverifiable,no,
workable,scout-clean-energy,,29,,unverifiable,no,
workable,scrambly,,0,,unverifiable,no,
workable,sdfgroup,,6,,unverifiable,no,
workable,sdms,,34,,unverifiable,no,
workable,sdo,,10,,unverifiable,no,
workable,seaborne-shipbrokers-sa,,7,,unverifiable,no,
workable,seadev,,1,,unverifiable,no,
workable,seatedapp,,10,,unverifiable,no,
workable,secheron-s-dot-a,Sécheron Hasler Group,90,,unverifiable,no,
workable,secondnature,,9,,unverifiable,no,
workable,securityriskadvisors,,6,,unverifiable,no,
workable,seeq,,24,,unverifiable,no,
workable,seezcareers,,1,,unverifiable,no,
workable,semios,,14,,unverifiable,no,
workable,sense,,2,,unverifiable,no,
workable,senseon,,1,,unverifiable,no,
workable,sentec,,18,,unverifiable,no,
workable,seosherpa,,4,,unverifiable,no,
workable,sequel-tech,,2,,unverifiable,no,
workable,servant,,3,,unverifiable,no,
workable,shadow-light-studios,Shadow Light Studios,48,,unverifiable,no,
workable,shapeways-25,,4,,unverifiable,no,
workable,sharetru,,1,,unverifiable,no,
workable,she-hr-consulting,,1,,unverifiable,no,
workable,shelter-house,,25,,unverifiable,no,
workable,shiftcare,,3,,unverifiable,no,
workable,shiftmove,,16,,unverifiable,no,
workable,shinesty,,7,,unverifiable,no,
workable,sideinc,Side,151,,unverifiable,no,
workable,sidekicktool,,8,,unverifiable,no,
workable,sidetrade,,20,,unverifiable,no,
workable,sierra-fp,,10,,unverifiable,no,
workable,sierra-interactive,,2,,unverifiable,no,
workable,sigmadefense,,46,,unverifiable,no,
workable,silencershop,,2,,unverifiable,no,
workable,silvur,,5,,unverifiable,no,
workable,simple-mills-9,,3,,unverifiable,no,
workable,simpleciti,,11,,unverifiable,no,
workable,simprints,,9,,unverifiable,no,
workable,singletonconstruction22,,8,,unverifiable,no,
workable,singulier,,12,,unverifiable,no,
workable,situationgroup,,5,,unverifiable,no,
workable,skeletontech,,37,,unverifiable,no,
workable,sketchdeck,,1,,unverifiable,no,
workable,skinandme,,8,,unverifiable,no,
workable,skroutz,,11,,unverifiable,no,
workable,skylight-frame,,7,,unverifiable,no,
workable,slapendrijkbv,,5,,unverifiable,no,
workable,slip-robotics,,32,,unverifiable,no,
workable,slp,,19,,unverifiable,no,
workable,smappee,,9,,unverifiable,no,
workable,smartlogic,,3,,unverifiable,no,
workable,smartnews,,26,,unverifiable,no,
workable,smb-team,,19,,unverifiable,no,
workable,smokerand-company-llc,,9,,unverifiable,no,
workable,snk,,7,,unverifiable,no,
workable,snowed-in-studios-3,,2,,unverifiable,no,
workable,social-impact-partners,,3,,unverifiable,no,
workable,soda-data-nv,,10,,unverifiable,no,
workable,sogeclair,SOGECLAIR,134,,unverifiable,no,
workable,sokol-gxp-serivces,,4,,unverifiable,no,
workable,solaimpact,,12,,unverifiable,no,
workable,solamerica-energy,,2,,unverifiable,no,
workable,solid-sealing-technology,,2,,unverifiable,no,
workable,solidarmed-1,,2,,unverifiable,no,
workable,solirius-consulting-1,,33,,unverifiable,no,
workable,somerce,,5,,unverifiable,no,
workable,soracom,,11,,unverifiable,no,
workable,soulhouse,,22,,unverifiable,no,
workable,sp-associates,,14,,unverifiable,no,
workable,space-forge-ltd,,0,,unverifiable,no,
workable,sparkschools,,39,,unverifiable,no,
workable,spartech,,52,,unverifiable,no,
workable,sparx-engineering,,3,,unverifiable,no,
workable,spd-technology,,9,,unverifiable,no,
workable,speakitjobs,speakit,276,,unverifiable,no,
workable,sperasoft,,75,,unverifiable,no,
workable,sphynx,,6,,unverifiable,no,
workable,spiderware,,0,,unverifiable,no,
workable,spindrift,,12,,unverifiable,no,
workable,spitogatos-gr,,2,,unverifiable,no,
workable,spotawheel,,33,,unverifiable,no,
workable,spotlightsportsgroup,,9,,unverifiable,no,
workable,spt-labtech,,14,,unverifiable,no,
workable,squadio23,,33,,unverifiable,no,
workable,square-enix,,4,,unverifiable,no,
workable,squareone,,10,,unverifiable,no,
workable,squiz,,10,,unverifiable,no,
workable,ss-tech-holdings-limited,,0,,unverifiable,no,
workable,staff4me,,24,,unverifiable,no,
workable,staffing-for-doctors,Staffing for Doctors,31,,unverifiable,no,
workable,staffright-1,,6,,unverifiable,no,
workable,stafi,,0,,unreachable,no,HTTP 404
workable,starling-bank,Starling,46,,unverifiable,no,
workable,starlink-aviation,,15,,unverifiable,no,
workable,stay-group,,12,,unverifiable,no,
workable,staygenki,,2,,unverifiable,no,
workable,steadymd,,5,,unverifiable,no,
workable,steadyvision,,3,,unverifiable,no,
workable,steamship-mutual-1,,4,,unverifiable,no,
workable,steer-group,,29,,unverifiable,no,
workable,steer-health,,6,,unverifiable,no,
workable,stellar-cyber,,15,,unverifiable,no,
workable,stio,,23,,unverifiable,no,
workable,story-homes,,4,,unverifiable,no,
workable,storyteq,,3,,unverifiable,no,
workable,straight-edge-technology-inc,,3,,unverifiable,no,
workable,stream-dc,,13,,unverifiable,no,
workable,strise,,2,,unverifiable,no,
workable,stronger-consulting,,1,,unverifiable,no,
workable,stsmiddleeast,,6,,unverifiable,no,
workable,studyportals,,3,,unverifiable,no,
workable,success-tutoring,,0,,unverifiable,no,
workable,sumble-inc,,5,,unverifiable,no,
workable,sumerge-1,,16,,unverifiable,no,
workable,sun-home-saunas,,0,,unverifiable,no,
workable,super-soccer-stars,Super Soccer Stars,473,,unverifiable,no,
workable,super-speciosa,,3,,unverifiable,no,
workable,supercritical,,6,,unverifiable,no,
workable,supermedic,,1,,unverifiable,no,
workable,supersummary,,1,,unverifiable,no,
workable,supplycore-1,,4,,unverifiable,no,
workable,supportyourapp,SupportYourApp,28,,unverifiable,no,
workable,surglobal,Sur,23,,unverifiable,no,
workable,survey-solutions-2,,21,,unverifiable,no,
workable,sv-academy-1,,19,,unverifiable,no,
workable,sweat-pants-agency,,20,,unverifiable,no,
workable,sweep360,,4,,unverifiable,no,
workable,swiftx-express,SwiftX Inc.,69,,unverifiable,no,
workable,swimply,,9,,unverifiable,no,
workable,swk-tech,,4,,unverifiable,no,
workable,syarah,,6,,unverifiable,no,
workable,symsoft-solutions,,1,,unverifiable,no,
workable,syntiant,,10,,unverifiable,no,
workable,tactiq,,2,,unverifiable,no,
workable,talarico-for-texas,,1,,unverifiable,no,
workable,talent-engine,,7,,unverifiable,no,
workable,talent-trader-group,Talent Trader Group,861,,unverifiable,no,
workable,talent3600,,0,,unreachable,no,HTTP 404
workable,talentgratorjobs,Talentgrator,1,,unverifiable,no,
workable,talentpluto,talentpluto,87,,unverifiable,no,
workable,talk-straight,,2,,unverifiable,no,
workable,tapouts,,6,,unverifiable,no,
workable,target-group,,1,,unverifiable,no,
workable,tarte-inc,,57,,unverifiable,no,
workable,tasq-work,"Tasq Staffing Solutions, Inc.",270,,unverifiable,no,
workable,tatucity,Tatu City,103,,unverifiable,no,
workable,tds-global-solutions,,8,,unverifiable,no,
workable,team-17-digital,,1,,unverifiable,no,
workable,teamavoq,,6,,unverifiable,no,
workable,teamified,,29,,unverifiable,no,
workable,techflow,,38,,unverifiable,no,
workable,techop-solutions-international,,29,,unverifiable,no,
workable,tehora,TEHORA,411,,unverifiable,no,
workable,telegraph,,2,,unverifiable,no,
workable,telemedi,Telemedi,84,,unverifiable,no,
workable,telestream,,1,,unverifiable,no,
workable,teltonika,Teltonika,183,,unverifiable,no,
workable,ten-group,Ten Group,65,,unverifiable,no,
workable,tenchi-security,,8,,unverifiable,no,
workable,tentree,,1,,unverifiable,no,
workable,terabase-energy,,37,,unverifiable,no,
workable,tesae-sa,,2,,unverifiable,no,
workable,tesla-labs,,36,,unverifiable,no,
workable,testrigor,,0,,unverifiable,no,
workable,tetrascience,,18,,unverifiable,no,
workable,texas-sports-academy-main,,27,,unverifiable,no,
workable,texashealthaction,,11,,unverifiable,no,
workable,thaloz,,1,,unverifiable,no,
workable,thanks-co,,1,,unverifiable,no,
workable,the-arc-of-ocean-county,,17,,unverifiable,no,
workable,the-blue-rock,,10,,unverifiable,no,
workable,the-boutique-coo,,58,,unverifiable,no,
workable,the-brydon-group,,8,,unverifiable,no,
workable,the-canadian-press,,0,,unverifiable,no,
workable,the-common-market,,8,,unverifiable,no,
workable,the-flowery-ny,,9,,unverifiable,no,
workable,the-halo-trust,,8,,unverifiable,no,
workable,the-investigo-group,,5,,unverifiable,no,
workable,the-local-project-tlp,,5,,unverifiable,no,
workable,the-marketing-practice,,7,,unverifiable,no,
workable,the-metaplex-foundation,,1,,unverifiable,no,
workable,the-mill-adventure,,3,,unverifiable,no,
workable,the-proactive-technology-group,,7,,unverifiable,no,
workable,the-recap-group-inc,,2,,unverifiable,no,
workable,the-ripple-way,,22,,unverifiable,no,
workable,the-very-group,,36,,unverifiable,no,
workable,thebeautytechgroup,,8,,unverifiable,no,
workable,thehighline,,5,,unverifiable,no,
workable,theinclab,,6,,unverifiable,no,
workable,theoceanac,,29,,unverifiable,no,
workable,theouai,,3,,unverifiable,no,
workable,theproductionteam,,13,,unverifiable,no,
workable,thepurplecarrot,,1,,unverifiable,no,
workable,therapynotes,,5,,unverifiable,no,
workable,thermalengint,,20,,unverifiable,no,
workable,theshipyard,,5,,unverifiable,no,
workable,thesignalgroup,,9,,unverifiable,no,
workable,thesoul-publishing-1,,15,,unverifiable,no,
workable,thespecialistworks,,5,,unverifiable,no,
workable,theta-systems-ltd,,7,,unverifiable,no,
workable,thetie,,4,,unverifiable,no,
workable,thetrustees,,24,,unverifiable,no,
workable,thinkshout,,0,,unverifiable,no,
workable,thisisgain,,8,,unverifiable,no,
workable,thisway,,17,,unverifiable,no,
workable,thrivemetrics,,1,,unverifiable,no,
workable,tiger-analytics,Tiger Analytics Inc.,161,,unverifiable,no,
workable,tilt-creative-production,,1,,unverifiable,no,
workable,timescapes-co,,4,,unverifiable,no,
workable,tint,,1,,unverifiable,no,
workable,titos-handmade-vodka,,6,,unverifiable,no,
workable,tjm-labs-1,,6,,unverifiable,no,
workable,tmeic-corporation-americas,,33,,unverifiable,no,
workable,today,,2,,unverifiable,no,
workable,tokamak-energy,,3,,unverifiable,no,
workable,toloka-ai,Mindrift,92,,unverifiable,no,
workable,toloka-annotators,Mindrift - Data annotation,289,,unverifiable,no,
workable,tomoro-ai,,1,,unverifiable,no,
workable,topoteretes-ug-haftungsbeschrankt,,4,,unverifiable,no,
workable,town-web,,5,,unverifiable,no,
workable,toyota-financial-services,,4,,unverifiable,no,
workable,tp-link-usa-corp,TP-Link Systems Inc.,82,,unverifiable,no,
workable,tpapt,,19,,unverifiable,no,
workable,trailofbits,,8,,unverifiable,no,
workable,treatwell,Treatwell,88,,unverifiable,no,
workable,tresata,,1,,unverifiable,no,
workable,trexquant,,36,,unverifiable,no,
workable,triagestaffing,Triage Staffing,2,,unverifiable,no,
workable,triathlon-group,,22,,unverifiable,no,
workable,trinetix,,13,,unverifiable,no,
workable,trinnylondon,,30,,unverifiable,no,
workable,trio-scs,,0,,unreachable,no,HTTP 404
workable,triptease,,5,,unverifiable,no,
workable,triskele-labs,,5,,unverifiable,no,
workable,trivium,Trivium,14,,unverifiable,no,
workable,trocaire,,9,,unverifiable,no,
workable,trueloyal,,3,,unverifiable,no,
workable,trybe-2,,1,,unverifiable,no,
workable,tryzensglobal,,13,,unverifiable,no,
workable,tutor-me-education-1,Tutor Me Education,142,,unverifiable,no,
workable,tutoredbyteachers,,22,,unverifiable,no,
workable,tvg-hospitality,,1,,unverifiable,no,
workable,two95-international-inc-3,Two95 International Inc.,660,,unverifiable,no,
workable,twocircles,,31,,unverifiable,no,
workable,twoconnect-careers,,52,,unverifiable,no,
workable,twosense,,1,,unverifiable,no,
workable,tyk-technologies,,8,,unverifiable,no,
workable,u-drive,,10,,unverifiable,no,
workable,u-value-insulation,,14,,unverifiable,no,
workable,ucfp,,4,,unverifiable,no,
workable,uk-private-capital,,2,,unverifiable,no,
workable,ultimate-knowledge,,2,,unverifiable,no,
workable,ultimateperformance,,16,,unverifiable,no,
workable,umed,,1,,unverifiable,no,
workable,umoja-community-education-foundation,,0,,unverifiable,no,
workable,umpisa-inc,,30,,unverifiable,no,
workable,unblu,,1,,unverifiable,no,
workable,uncapped,,5,,unverifiable,no,
workable,uni-systems,,24,,unverifiable,no,
workable,unifiedpatents,,3,,unverifiable,no,
workable,unifize,,7,,unverifiable,no,
workable,unilabs,,28,,unverifiable,no,
workable,union-of-concerned-scientists,,0,,unverifiable,no,
workable,unit8,,16,,unverifiable,no,
workable,unitary,,7,,unverifiable,no,
workable,uniteamerica,,5,,unverifiable,no,
workable,unitedplacementgroup,United Placement Group,34,,unverifiable,no,
workable,unum-1,,1,,unverifiable,no,
workable,updraft,,4,,unverifiable,no,
workable,upkoi-inc,,1,,unverifiable,no,
workable,upsmith-1,,5,,unverifiable,no,
workable,upstream,,11,,unverifiable,no,
workable,uptalent-dot-i-o,Uptalent.io,689,,unverifiable,no,
workable,urban-grid-solar-projects,,9,,unverifiable,no,
workable,urgent-action-fund-fa,,0,,unverifiable,no,
workable,usercentrics,,24,,unverifiable,no,
workable,ustapnw,,13,,unverifiable,no,
workable,utopia-life-worth-living,Utopia,44,,unverifiable,no,
workable,uworld,,44,,unverifiable,no,
workable,v2-ai,,4,,unverifiable,no,
workable,valard-construction-lp,,33,,unverifiable,no,
workable,valatam,,16,,unverifiable,no,
workable,validus-risk-management,,8,,unverifiable,no,
workable,valneva,,8,,unverifiable,no,
workable,valsoft-corp,Valsoft Corporation,222,,unverifiable,no,
workable,valutico-2,,9,,unverifiable,no,
workable,vatica-health,,15,,unverifiable,no,
workable,vault-consulting-1,,1,,unverifiable,no,
workable,vbp,,23,,unverifiable,no,
workable,vecten,,7,,unverifiable,no,
workable,vectoratomic,,17,,unverifiable,no,
workable,vectornav,,1,,unverifiable,no,
workable,vego-garden-1,,5,,unverifiable,no,
workable,velanstudios,,3,,unverifiable,no,
workable,velociti-solutions,,2,,unverifiable,no,
workable,velsera,,8,,unverifiable,no,
workable,ventrata,,3,,unverifiable,no,
workable,veracross,,10,,unverifiable,no,
workable,veritree,,10,,unverifiable,no,
workable,vero-hr-ltd,,37,,unverifiable,no,
workable,ververica,,2,,unverifiable,no,
workable,vessev,,5,,unverifiable,no,
workable,vestahome,,32,,unverifiable,no,
workable,viasun,,7,,unverifiable,no,
workable,victory-home-remodeling,,15,,unverifiable,no,
workable,vikos,,13,,unverifiable,no,
workable,villagechurch,,1,,unverifiable,no,
workable,villagereachcareers,,10,,unverifiable,no,
workable,vinmar-international,,15,,unverifiable,no,
workable,vironix-ai,,7,,unverifiable,no,
workable,virtual-staff-365,,29,,unverifiable,no,
workable,virtuestaff,,7,,unverifiable,no,
workable,virtuhire,VirtuHire,105,,unverifiable,no,
workable,visioneers,,29,,unverifiable,no,
workable,visit,,47,,unverifiable,no,
workable,visium,,21,,unverifiable,no,
workable,vista-group,,23,,unverifiable,no,
workable,vita-green,,10,,unverifiable,no,
workable,vitabiotics,,6,,unverifiable,no,
workable,viva,,40,,unverifiable,no,
workable,vivo-energy,,29,,unverifiable,no,
workable,vix-technology,,27,,unverifiable,no,
workable,vizrt,,8,,unverifiable,no,
workable,vogelsang,,4,,unverifiable,no,
workable,volga-partners,Volga Partners,79,,unverifiable,no,
workable,vomela,,43,,unverifiable,no,
workable,vortexa,,7,,unverifiable,no,
workable,vouched,,4,,unverifiable,no,
workable,voyago,,42,,unverifiable,no,
workable,waad-education,,23,,unverifiable,no,
workable,walaris,,4,,unverifiable,no,
workable,walletconnect,,0,,unverifiable,no,
workable,warden-ai,,3,,unverifiable,no,
workable,wateraid,,3,,unverifiable,no,
workable,wati-dot-i-o,WATI.io,68,,unverifiable,no,
workable,we-are-nature,,0,,unverifiable,no,
workable,we-are-social-1,,55,,unverifiable,no,
workable,we-planet,,0,,unverifiable,no,
workable,wearenoble,,1,,unverifiable,no,
workable,wearewqa,,1,,unverifiable,no,
workable,webitservices,,2,,unverifiable,no,
workable,webprops,,3,,unverifiable,no,
workable,webranking,,10,,unverifiable,no,
workable,wecloneyou,We Clone You,11,,unverifiable,no,
workable,weekday-1,Weekday AI,755,,unverifiable,no,
workable,wellscoleman,,3,,unverifiable,no,
workable,werkenbijcpm,CPM Benelux,29,,unverifiable,no,
workable,west-wing-writers,,1,,unverifiable,no,
workable,westborough-behavioral-healthcare-hospital-1,,15,,unverifiable,no,
workable,westfalia-fruit,,7,,unverifiable,no,
workable,whiteboardadvisors,,0,,unverifiable,no,
workable,whitecollarshrm,,33,,unverifiable,no,
workable,whiteshield,,8,,unverifiable,no,
workable,whizz,Whizz,79,,unverifiable,no,
workable,wider-circle,,31,,unverifiable,no,
workable,wifinity-4,,7,,unverifiable,no,
workable,wildlife-works,,1,,unverifiable,no,
workable,willett-distillery,,4,,unverifiable,no,
workable,wilmington-design,,3,,unverifiable,no,
workable,winning-assistants,,28,,unverifiable,no,
workable,winnow,,1,,unverifiable,no,
workable,wintech,,3,,unverifiable,no,
workable,winthrop-technologies,Winthrop Technologies,213,,unverifiable,no,
workable,wisedocs-ai,,0,,unverifiable,no,
workable,with-intelligence,,1,,unverifiable,no,
workable,withings,,30,,unverifiable,no,
workable,withplum,,18,,unverifiable,no,
workable,wmpcompanies,,11,,unverifiable,no,
workable,wolfandbadger,,6,,unverifiable,no,
workable,wonderbly,,3,,unverifiable,no,
workable,woodfibre-management-limited,,36,,unverifiable,no,
workable,worcestershire-county-cricket-club,,1,,unverifiable,no,
workable,word-is-bond,,0,,unverifiable,no,
workable,work-at-golf-ranch,,16,,unverifiable,no,
workable,workana-premium,Workana,142,,unverifiable,no,
workable,workbox-company,,1,,unverifiable,no,
workable,workman-llp,,31,,unverifiable,no,
workable,workmotion,,9,,unverifiable,no,
workable,worknomads,,12,,unverifiable,no,
workable,workstate,,3,,unverifiable,no,
workable,world-central-kitchen,,4,,unverifiable,no,
workable,worldfish,,6,,unverifiable,no,
workable,worldwide-machinery,,10,,unverifiable,no,
workable,worthai,,9,,unverifiable,no,
workable,worthen-industries,,2,,unverifiable,no,
workable,woundlocalcareers,,13,,unverifiable,no,
workable,wowza-media-systems,,3,,unverifiable,no,
workable,wpt-global,,1,,unverifiable,no,
workable,writesonic,,12,,unverifiable,no,
workable,xcelirate,,1,,unverifiable,no,
workable,xcellink,Xcellink Pte Ltd,199,,unverifiable,no,
workable,xenon7,,13,,unverifiable,no,
workable,xolo-careers,,8,,unverifiable,no,
workable,xora-innovation,,7,,unverifiable,no,
workable,xponentiate,,35,,unverifiable,no,
workable,xtm,,8,,unverifiable,no,
workable,yelm-us-associates,,12,,unverifiable,no,
workable,yodeck,,10,,unverifiable,no,
workable,yourhero-douleutaras,,3,,unverifiable,no,
workable,zaelab,,12,,unverifiable,no,
workable,zaintech,,28,,unverifiable,no,
workable,zealgroup,Zeal Group,59,,unverifiable,no,
workable,zego,,0,,unverifiable,no,
workable,zen-sherpa-llc,,7,,unverifiable,no,
workable,zendbox,,10,,unverifiable,no,
workable,zeptolab,,2,,unverifiable,no,
workable,zero100,,2,,unverifiable,no,
workable,zeroavia,,11,,unverifiable,no,
workable,zeya,,4,,unverifiable,no,
workable,zicasso,,5,,unverifiable,no,
workable,zifo,,37,,unverifiable,no,
workable,zincnetwork,,7,,unverifiable,no,
workable,zipdev,,15,,unverifiable,no,
workable,zirtual-llc,,6,,unverifiable,no,
workable,zoomo,,3,,unverifiable,no,
workable,zyte,,9,,unverifiable,no,
workday,wd1/2020companies/External_Careers,,1317,1317,complete,yes,
workday,wd1/3m/Search,,695,695,complete,yes,
workday,wd1/aba/ABA,,11,11,complete,yes,
workday,wd1/abglobal/alliancebernsteincareers,,102,102,complete,yes,
workday,wd1/academy/Careers,,890,890,complete,yes,
workday,wd1/acehardware/External,,168,168,complete,yes,
workday,wd1/acelero/ShineEarlyLearningCareers,,31,31,complete,yes,
workday,wd1/acrisure/Acrisure,,242,242,complete,yes,
workday,wd1/acrt/ACRT_Careers,,43,43,complete,yes,
workday,wd1/adventisthealthcare/AdventistHealthCareCareers,,440,440,complete,yes,
workday,wd1/advisorgroup/Advisor_Career_Site,,72,72,complete,yes,
workday,wd1/aenetworks/AE-Careers,,14,14,complete,yes,
workday,wd1/aep/AEPCareerSite,,282,282,complete,yes,
workday,wd1/aes/AES_US,,156,156,complete,yes,
workday,wd1/agilonhealth/External,,8,8,complete,yes,
workday,wd1/aig/aig,,475,475,complete,yes,
workday,wd1/alcority/TraditionsHealth,,23,23,complete,yes,
workday,wd1/alliantenergy/alliant,,37,37,complete,yes,
workday,wd1/alpinephysicians/External,,99,99,complete,yes,
workday,wd1/alsacstjude/careersalsacstjude,,28,28,complete,yes,
workday,wd1/altamed/Careers,,275,275,complete,yes,
workday,wd1/altera/Altera,,219,219,complete,yes,
workday,wd1/alterra/MammothMountain,,84,84,complete,yes,
workday,wd1/amat/External,,2000,,unverifiable,yes,
workday,wd1/ambgroup/AMBSE,,12,12,complete,yes,
workday,wd1/ameren/External,,81,81,complete,yes,
workday,wd1/american/AU,,109,109,complete,yes,
workday,wd1/americanredcross/American_Red_Cross_Careers,,385,385,complete,yes,
workday,wd1/americanregent/American_Regent_Careers,,87,87,complete,yes,
workday,wd1/amfam/Agent-Staff,,88,88,complete,yes,
workday,wd1/amgen/Careers,,1724,1724,complete,yes,
workday,wd1/amlrightsource/amlrightsource,,83,83,complete,yes,
workday,wd1/analogdevices/External,,835,835,complete,yes,
workday,wd1/andersonsinc/TheAndersonsCareers,,99,99,complete,yes,
workday,wd1/ansira/Ansira_Careers,,16,16,complete,yes,
workday,wd1/archgroup/careers,,193,193,complete,yes,
workday,wd1/archildrens/External_Career_Site,,256,256,complete,yes,
workday,wd1/arcticwolf/External,,119,119,complete,yes,
workday,wd1/aresmgmt/External,,264,264,complete,yes,
workday,wd1/argonne/Argonne_Careers,,91,91,complete,yes,
workday,wd1/arkbluecross/ABCBS_External_Careers,,23,23,complete,yes,
workday,wd1/armaninollp/Armanino,,147,147,complete,yes,
workday,wd1/arrow/AC,,471,471,complete,yes,
workday,wd1/asmglobal/careers,,2071,,unverifiable,yes,
workday,wd1/aspca/ASPCAWebsite,,55,55,complete,yes,
workday,wd1/associatedbank/external_careers,,145,145,complete,yes,
workday,wd1/assurant/Assurant_Careers,,115,115,complete,yes,
workday,wd1/asu/ASUStaffCareers,,111,111,complete,yes,
workday,wd1/athenahealth/External,,88,88,complete,yes,
workday,wd1/athensservices/Athens_Services,,48,48,complete,yes,
workday,wd1/atlanticmedia/Careers,,25,25,complete,yes,
workday,wd1/att/ATTGeneral,,1132,1151,count mismatch,yes,
workday,wd1/auroragov/Careers,,48,48,complete,yes,
workday,wd1/austincc/External,,68,68,complete,yes,
workday,wd1/autodesk/Ext,,373,373,complete,yes,
workday,wd1/availity/Availity_Careers_US,,13,13,complete,yes,
workday,wd1/avav/AVAV,,361,361,complete,yes,
workday,wd1/avisbudget/ABG_Careers,,590,590,complete,yes,
workday,wd1/aviva/External,,136,136,complete,yes,
workday,wd1/awe/Art_and_Wellness,,42,42,complete,yes,
workday,wd1/axcelis/Axcelis,,88,88,complete,yes,
workday,wd1/axiscapital/axiscareers,,63,63,complete,yes,
workday,wd1/bah/BAH_Jobs,,2000,,unverifiable,yes,
workday,wd1/baincapital/External_Public,,30,30,complete,yes,
workday,wd1/baldwin/Baldwin,,112,112,complete,yes,
workday,wd1/baltimorecity/External,,122,122,complete,yes,
workday,wd1/barings/Barings,,41,41,complete,yes,
workday,wd1/barnard/Staff,,45,45,complete,yes,
workday,wd1/barrywehmiller/BWCareers,,393,393,complete,yes,
workday,wd1/basecamp/ECMC,,14,14,complete,yes,
workday,wd1/basspro/careers,,2716,,unverifiable,yes,
workday,wd1/baxter/baxter,,498,498,complete,yes,
workday,wd1/bbinsurance/Careers,,293,293,complete,yes,
workday,wd1/bcbsa/Careers,,23,23,complete,yes,
workday,wd1/bcbskc/BCBS_External_Career_Site,,4,4,complete,yes,
workday,wd1/bcbst/external,,22,22,complete,yes,
workday,wd1/bdgrowers/External,,18,18,complete,yes,
workday,wd1/bdx/EXTERNAL_CAREER_SITE_USA,,661,661,complete,yes,
workday,wd1/becu/External,,28,28,complete,yes,
workday,wd1/benchmark/PGH_Careers,,1283,1283,complete,yes,
workday,wd1/berklee/BerkleeCareers,,57,57,complete,yes,
workday,wd1/bernco/berncocareers,,41,41,complete,yes,
workday,wd1/bestwestern/careers,,19,19,complete,yes,
workday,wd1/beyondmeat/External_Careers,,16,16,complete,yes,
workday,wd1/bgfoods/BG_Foods_Careers,,47,47,complete,yes,
workday,wd1/bhs/careers,,1421,1421,complete,yes,
workday,wd1/bilh/External,,2000,,unverifiable,yes,
workday,wd1/bitsight/Bitsight,,21,21,complete,yes,
workday,wd1/bjswholesaleclub/BJsCareers,,1370,1370,complete,yes,
workday,wd1/blackbaud/ExternalCareers,,82,82,complete,yes,
workday,wd1/blackrock/BlackRock_Professional,,301,301,complete,yes,
workday,wd1/blackstone/Blackstone_Careers,,164,164,complete,yes,
workday,wd1/bloomberg/Bloombergindustrygroup_External_Career_Site,,75,75,complete,yes,
workday,wd1/bloomenergy/BloomEnergyCareers,,169,169,complete,yes,
workday,wd1/bmc/BMC,,824,824,complete,yes,
workday,wd1/bnl/Externa,,56,56,complete,yes,
workday,wd1/boeing/EXTERNAL_CAREERS,,757,757,complete,yes,
workday,wd1/bonterra/bonterratech,,10,10,complete,yes,
workday,wd1/bostondynamics/Boston_Dynamics,,72,72,complete,yes,
workday,wd1/boydgroup/boydcareers,,1373,1373,complete,yes,
workday,wd1/boystown/boystowncareers,,160,160,complete,yes,
workday,wd1/bozemanhealth/BozemanHealthCareers,,0,,unreachable,yes,HTTP 403
workday,wd1/bristow/Careers,,24,24,complete,yes,
workday,wd1/broadcom/External_Career,,359,359,complete,yes,
workday,wd1/broadviewfcu/broadviewfcucareers,,58,58,complete,yes,
workday,wd1/brooksauto/Brooks_External_Site,,110,110,complete,yes,
workday,wd1/brunswick/search,,422,422,complete,yes,
workday,wd1/bucks/BCCC,,54,54,complete,yes,
workday,wd1/bullhorn/bullhorncareers,,14,14,complete,yes,
workday,wd1/byu/faculty-careers,,53,53,complete,yes,
workday,wd1/caa/Careers,,97,97,complete,yes,
workday,wd1/cabinetworksgroup/cabinetworksgroupcareers,,80,80,complete,yes,
workday,wd1/cableone/Cable_One_External_Careers,,142,142,complete,yes,
workday,wd1/caci/external,,1790,1790,complete,yes,
workday,wd1/cadence/External_Careers,,615,615,complete,yes,
workday,wd1/calibercollision/Caliber,,1499,1499,complete,yes,
workday,wd1/calix/External,,13,13,complete,yes,
workday,wd1/calyx/Perceptive,,21,21,complete,yes,
workday,wd1/cambiumlearning/camb,,39,39,complete,yes,
workday,wd1/capefearvalley/CFV,,309,309,complete,yes,
workday,wd1/capgroup/capitalgroupcareers,,198,198,complete,yes,
workday,wd1/capri/Michael_Kors,,506,506,complete,yes,
workday,wd1/cardinalhealth/EXT,,821,821,complete,yes,
workday,wd1/caresource/CareSource,,104,104,complete,yes,
workday,wd1/carleton/CarletonCareers,,26,26,complete,yes,
workday,wd1/carmax/External,,1178,1178,complete,yes,
workday,wd1/catalent/External,,286,286,complete,yes,
workday,wd1/cboe/External_Career_CBOE,,105,105,complete,yes,
workday,wd1/ccf/ClevelandClinicCareers,,2174,,unverifiable,yes,
workday,wd1/ccrcca/Careers,,23,23,complete,yes,
workday,wd1/centific/Centific_Global,,131,131,complete,yes,
workday,wd1/cfindustries/careers,,62,62,complete,yes,
workday,wd1/chamberlain/Chamberlain_Group,,59,59,complete,yes,
workday,wd1/chess/SJC,,32,32,complete,yes,
workday,wd1/chghealthcare/External,,31,31,complete,yes,
workday,wd1/churchdwight/chdcareers,,87,87,complete,yes,
workday,wd1/churchs/Field,,702,702,complete,yes,
workday,wd1/cinemark/cinemark,,735,735,complete,yes,
workday,wd1/circle/circle,,48,48,complete,yes,
workday,wd1/cityblockhealth/CityblockExternalCareerSite,,31,31,complete,yes,
workday,wd1/clarioclinical/clarioclinical_careers,,70,70,complete,yes,
workday,wd1/clarkcountywashington/ClarkCountyJobs,,23,23,complete,yes,
workday,wd1/claytonhomes/ClaytonCareers,,0,,unreachable,yes,HTTP 500
workday,wd1/clearesult/CLEAResult_External_Careers,,112,112,complete,yes,
workday,wd1/clearwateranalytics/Clearwater_Analytics_Careers,,274,274,complete,yes,
workday,wd1/clorox/Clorox,,194,194,complete,yes,
workday,wd1/cmegroup/cme_careers,,53,53,complete,yes,
workday,wd1/cna/cna_careers,,144,144,complete,yes,
workday,wd1/cnx/external_global,,1623,1623,complete,yes,
workday,wd1/coffeeandbagelbrands/coffeeandbagelbrands,,626,626,complete,yes,
workday,wd1/coke/coca-cola-careers,,187,187,complete,yes,
workday,wd1/collectorsuniverse/collectors,,221,221,complete,yes,
workday,wd1/collegeboard/Careers,,43,43,complete,yes,
workday,wd1/collin/ExternalFacultyCareerSite,,44,44,complete,yes,
workday,wd1/comfortsystemsusa/CUSASW,,39,39,complete,yes,
workday,wd1/comporium/Comporium_Careers,,8,8,complete,yes,
workday,wd1/conagrabrands/Careers_US,,268,268,complete,yes,
workday,wd1/connect/ztsystemscareers,,157,157,complete,yes,
workday,wd1/conocophillips/External,,51,51,complete,yes,
workday,wd1/convatec/convatec,,113,113,complete,yes,
workday,wd1/cookchildrens/Cook_Childrens_Careers,,238,238,complete,yes,
workday,wd1/cooley/Cooley_US_LLP,,94,94,complete,yes,
workday,wd1/coorstek/CoorsTekCareers,,98,98,complete,yes,
workday,wd1/corebridgefinancial/CorebridgeFinancial,,174,174,complete,yes,
workday,wd1/corespecialtyinsurance/Core_Specialty,,59,59,complete,yes,
workday,wd1/cornell/CCECareerPage,,59,59,complete,yes,
workday,wd1/corrohealth/Corro,,44,44,complete,yes,
workday,wd1/costar/CoStarCareers,,427,427,complete,yes,
workday,wd1/cox/Cox_External_Career_Site_1,,741,741,complete,yes,
workday,wd1/cpsi/CPSI,,33,33,complete,yes,
workday,wd1/creationtech/Creation,,67,67,complete,yes,
workday,wd1/crossagency/CrossFinancialCareers,,48,48,complete,yes,
workday,wd1/crosscountrymortgage/CCMCareers,,120,120,complete,yes,
workday,wd1/crossoverhealth/Careers,,70,70,complete,yes,
workday,wd1/csl/CSL_External,,183,183,complete,yes,
workday,wd1/cubic/cubic_USA_careers,,61,61,complete,yes,
workday,wd1/cumminggroup/CGC,,154,154,complete,yes,
workday,wd1/cvshealth/CVS_Health_Careers,,10020,,unverifiable,yes,
workday,wd1/cw/External,,2000,,unverifiable,yes,
workday,wd1/cwi/CW_Careers,,323,323,complete,yes,
workday,wd1/dallascollege/Dallas_College_Careers,,48,48,complete,yes,
workday,wd1/danaher/DanaherJobs,,1417,1417,complete,yes,
workday,wd1/datarobot/DataRobot_External_Careers,,13,13,complete,yes,
workday,wd1/datasite/datasite,,41,41,complete,yes,
workday,wd1/davidyurman/DavidYurmanCareers,,24,24,complete,yes,
workday,wd1/davita/DKC_External,,3389,,unverifiable,yes,
workday,wd1/deepwater/AustraliaExternalCareerSite,,0,,unverifiable,yes,
workday,wd1/denver/CCD-denver-denvergov-CSC_Jobs-Civil_service_jobs-Police_Jobs-Fire_Jobs,,89,89,complete,yes,
workday,wd1/denverhealth/dhha-main,,359,359,complete,yes,
workday,wd1/deseretmanagement/BonSacramento,,3,3,complete,yes,
workday,wd1/devoted/Devoted,,77,77,complete,yes,
workday,wd1/dexcom/Dexcom,,277,277,complete,yes,
workday,wd1/dickssportinggoods/DSG,,2000,,unverifiable,yes,
workday,wd1/dlapiper/dlapiper,,132,132,complete,yes,
workday,wd1/docgo/DocGo,,59,59,complete,yes,
workday,wd1/doterra/doTERRACareers,,14,14,complete,yes,
workday,wd1/dow/ExternalCareers,,193,193,complete,yes,
workday,wd1/dowjones/New_York_Post_Careers,,48,48,complete,yes,
workday,wd1/draftkings/DraftKings,,77,77,complete,yes,
workday,wd1/drivetime/DriveTime,,160,160,complete,yes,
workday,wd1/dukeenergy/search,,101,101,complete,yes,
workday,wd1/dulyhealthandcare/Duly,,407,407,complete,yes,
workday,wd1/dxctechnology/DXCJobs,,1151,1151,complete,yes,
workday,wd1/ebnhc/EBNHC,,93,93,complete,yes,
workday,wd1/echo/Echo_Logistics,,43,43,complete,yes,
workday,wd1/ecolab/Ecolab_External,,1015,1015,complete,yes,
workday,wd1/eisneramper/EisnerAmper_External,,144,144,complete,yes,
workday,wd1/elevancehealth/ANT,,232,232,complete,yes,
workday,wd1/embryriddle/External,,122,122,complete,yes,
workday,wd1/encore/externalnew,,42,42,complete,yes,
workday,wd1/ensign/AtchisonSeniorVillageCareerSite,,8,8,complete,yes,
workday,wd1/entegris/EntegrisCareers,,610,610,complete,yes,
workday,wd1/entrust/EntrustCareers,,84,84,complete,yes,
workday,wd1/envista/envistacareers,,248,248,complete,yes,
workday,wd1/ercot/ercot_careers,,75,75,complete,yes,
workday,wd1/essentiahealth/Essentia_Health,,801,801,complete,yes,
workday,wd1/evercommerce/EverCommerce_Careers,,39,39,complete,yes,
workday,wd1/evolent/External,,27,27,complete,yes,
workday,wd1/exactcare/anewhealth_career_site,,83,83,complete,yes,
workday,wd1/faro/FARO,,3,3,complete,yes,
workday,wd1/fau/FAU,,61,61,complete,yes,
workday,wd1/fedex/FXE-EU_External,,843,843,complete,yes,
workday,wd1/ferguson/Ferguson_Experienced,,438,438,complete,yes,
workday,wd1/ffd/EmploymentOpportunities,,30,30,complete,yes,
workday,wd1/ffin/First_Financial_Bank,,70,70,complete,yes,
workday,wd1/fhi/FHI_360_External_Career_Portal,,60,60,complete,yes,
workday,wd1/fico/External,,78,78,complete,yes,
workday,wd1/finra/FINRA,,49,49,complete,yes,
workday,wd1/firstam/firstamericancareers,,221,221,complete,yes,
workday,wd1/firststudent/firststudent,,1148,1148,complete,yes,
workday,wd1/fivebelow/fivebelowcareers,,2000,,unverifiable,yes,
workday,wd1/flcancer/FLCancer_Careers,,321,321,complete,yes,
workday,wd1/fleetpride/fleetpridecareer,,372,372,complete,yes,
workday,wd1/flexerasoftware/FlexeraSoftware,,23,23,complete,yes,
workday,wd1/flextronics/Careers,,0,,unreachable,yes,JSONDecodeError: Expecting value: line 1 column 1 (char 0
workday,wd1/flir/flircareers,,762,762,complete,yes,
workday,wd1/flowserve/applied,,334,336,count mismatch,yes,
workday,wd1/fmr/fidelitycareers,,800,800,complete,yes,
workday,wd1/forcepoint/external-careers,,19,19,complete,yes,
workday,wd1/fordfoundation/FordFoundationCareerPage,,3,3,complete,yes,
workday,wd1/fortrea/Fortrea,,331,331,complete,yes,
workday,wd1/foundationccc/fccc-careers,,20,20,complete,yes,
workday,wd1/fox/Domestic,,361,361,complete,yes,
workday,wd1/fractal/Careers,,114,114,complete,yes,
workday,wd1/freese/Freese_Nichols_External,,113,113,complete,yes,
workday,wd1/fullsteam/External,,15,15,complete,yes,
workday,wd1/gaig/National_Interstate_External,,22,22,complete,yes,
workday,wd1/gapinc/GAPINC,,247,247,complete,yes,
workday,wd1/gatesfoundation/Gates,,9,9,complete,yes,
workday,wd1/gcu/GCU,,222,222,complete,yes,
workday,wd1/geico/External,,312,312,complete,yes,
workday,wd1/gellerco/GellerCareers,,6,6,complete,yes,
workday,wd1/gen/careers,,0,,unverifiable,yes,
workday,wd1/genesiscare/Genesiscare_Careers,,61,61,complete,yes,
workday,wd1/genesys/Genesys,,201,201,complete,yes,
workday,wd1/genmills/GMI_External_Careers,,360,360,complete,yes,
workday,wd1/genpt/Careers,,2000,,unverifiable,yes,
workday,wd1/gensler/genslercareers,,1,1,complete,yes,
workday,wd1/georgetown/Georgetown_Admin_Careers,,151,151,complete,yes,
workday,wd1/ghc/AHN_Careers,,72,72,complete,yes,
workday,wd1/ghr/Lateral-US,,1974,1974,complete,yes,
workday,wd1/gi/Global_Infrastructure,,205,205,complete,yes,
workday,wd1/gia/GIA,,17,17,complete,yes,
workday,wd1/gilead/gileadcareers,,505,505,complete,yes,
workday,wd1/global/globalpartnerscareers,,1846,1846,complete,yes,
workday,wd1/globalfoundries/External,,708,708,complete,yes,
workday,wd1/gnw/GNW,,55,55,complete,yes,
workday,wd1/gobeacon/beaconmobilitycareers,,380,380,complete,yes,
workday,wd1/golimitless/Staff_External_career_site,,7,7,complete,yes,
workday,wd1/goodrx/Careers,,11,11,complete,yes,
workday,wd1/goodwillaz/GoodwillAZ,,510,510,complete,yes,
workday,wd1/goucher/Goucher_Careers,,5,5,complete,yes,
workday,wd1/granite/careers,,265,265,complete,yes,
workday,wd1/graybar/Careers,,433,433,complete,yes,
workday,wd1/greendotcorp/gdc,,36,36,complete,yes,
workday,wd1/greystar/confidentialexternal,,19,19,complete,yes,
workday,wd1/gtlaw/gtlaw,,244,244,complete,yes,
workday,wd1/guggenheim/Guggenheim_Careers_Campus,,12,12,complete,yes,
workday,wd1/guidehouse/External,,827,827,complete,yes,
workday,wd1/guilford/Guilford_Careers,,17,17,complete,yes,
workday,wd1/gvsu/careers,,29,29,complete,yes,
workday,wd1/hcsc/HCSC_External,,177,177,complete,yes,
workday,wd1/hcso/External,,25,25,complete,yes,
workday,wd1/healthcare/Search,,410,410,complete,yes,
workday,wd1/hedgeserv/HedgeServ,,68,68,complete,yes,
workday,wd1/heinz/KraftHeinz_Careers,,890,890,complete,yes,
workday,wd1/henryschein/External_Careers,,241,241,complete,yes,
workday,wd1/hhmi/External,,48,48,complete,yes,
workday,wd1/highmarkhealth/highmark,,1887,1887,complete,yes,
workday,wd1/hitachi/hitachi,,2000,,unverifiable,yes,
workday,wd1/hklaw/Holland_Knight,,64,64,complete,yes,
workday,wd1/hollandhospital/External,,63,63,complete,yes,
workday,wd1/holmanautogroup/HolmanEnterprisesCareers,,184,184,complete,yes,
workday,wd1/holmesmurphy/HolmesMurphyCareers,,56,56,complete,yes,
workday,wd1/howard/HU,,167,167,complete,yes,
workday,wd1/hrone/TRG,,4,4,complete,yes,
workday,wd1/hshs/hshscareers,,403,403,complete,yes,
workday,wd1/hubinternational/HUBInternational,,560,560,complete,yes,
workday,wd1/huntsman/Huntsman,,150,150,complete,yes,
workday,wd1/huron/huroncareers,,261,261,complete,yes,
workday,wd1/hyvee/HyVeeCareers,,1778,1778,complete,yes,
workday,wd1/ielfreight/external,,20,20,complete,yes,
workday,wd1/illumina/illumina-careers,,154,154,complete,yes,
workday,wd1/ingredion/IngredionCareers,,241,241,complete,yes,
workday,wd1/inmar/inmarcareers,,53,53,complete,yes,
workday,wd1/integer/External,,226,226,complete,yes,
workday,wd1/integralads/IAScareers,,11,11,complete,yes,
workday,wd1/intel/External,,606,606,complete,yes,
workday,wd1/intelliatx/intelliatxcareers,,17,17,complete,yes,
workday,wd1/intervarsity/intervarsitychristianfellowshipcareers,,229,229,complete,yes,
workday,wd1/invenergyllc/invenergycareers,,193,193,complete,yes,
workday,wd1/invesco/IVZ,,246,246,complete,yes,
workday,wd1/iqvia/IQVIA,,1878,1878,complete,yes,
workday,wd1/issgovernance/ISScareers,,77,77,complete,yes,
workday,wd1/isu/IowaStateJobs,,79,79,complete,yes,
workday,wd1/ivytech/Ivy_Tech_Careers,,517,517,complete,yes,
workday,wd1/jacksonhealthcare/careers-jacksonhealthcare,,36,36,complete,yes,
workday,wd1/jcrew/JCrewCareers,,1169,1169,complete,yes,
workday,wd1/jdgroupnam/HSPRETAIL,,2000,,unverifiable,yes,
workday,wd1/jerrys/jerrysfoods,,60,60,complete,yes,
workday,wd1/jll/jllcareers,,2000,,unverifiable,yes,
workday,wd1/jscfcu/JSC,,44,44,complete,yes,
workday,wd1/kauffman/External,,1,1,complete,yes,
workday,wd1/kcura/External_Career_Site,,73,73,complete,yes,
workday,wd1/kidsii/KidsII_Career_Site,,33,33,complete,yes,
workday,wd1/kimberlyclark/GLOBAL,,157,157,complete,yes,
workday,wd1/kla/Search,,1079,1079,complete,yes,
workday,wd1/labcorp/External,,1831,1831,complete,yes,
workday,wd1/lambweston/External_Vacancies,,46,46,complete,yes,
workday,wd1/landolakes/LandOLakes,,193,193,complete,yes,
workday,wd1/lendingclub/External,,40,40,complete,yes,
workday,wd1/lennar/Lennar_Jobs,,318,318,complete,yes,
workday,wd1/lexmark/Lexmark,,0,,unverifiable,yes,
workday,wd1/lifefitness/searchLFN,,75,75,complete,yes,
workday,wd1/llbean/LLBean_Careers,,118,118,complete,yes,
workday,wd1/lmu/Careers,,110,110,complete,yes,
workday,wd1/loewscorp/loewscorp,,2,2,complete,yes,
workday,wd1/looprecruiting/External,,1,1,complete,yes,
workday,wd1/lplfinancial/External,,312,312,complete,yes,
workday,wd1/lsu/LSU,,279,279,complete,yes,
workday,wd1/lumeris/LC,,12,12,complete,yes,
workday,wd1/macfound/MAC_FOUND_EXT_CAREERS,,3,3,complete,yes,
workday,wd1/maricopa/MC_External,,72,72,complete,yes,
workday,wd1/maritz/Maritz,,23,23,complete,yes,
workday,wd1/martin/MPHC,,28,28,complete,yes,
workday,wd1/marvell/MarvellCareers,,277,277,complete,yes,
workday,wd1/marylandconnect/SU_Careers,,45,45,complete,yes,
workday,wd1/masco/Masco,,178,178,complete,yes,
workday,wd1/massgeneralbrigham/MGBExternal,,2000,,unverifiable,yes,
workday,wd1/massmutual/MMAscendCareers,,1,1,complete,yes,
workday,wd1/mastercard/CorporateCareers,,1037,1037,complete,yes,
workday,wd1/mattressfirm/mattressfirmcareers,,238,238,complete,yes,
workday,wd1/mavenir/Mavenir_Careers,,14,14,complete,yes,
workday,wd1/maxar/Vantor,,150,150,complete,yes,
workday,wd1/mc/external,,35,35,complete,yes,
workday,wd1/mccowngordon/MGC,,27,27,complete,yes,
workday,wd1/medtronic/MedtronicCareers,,1070,1070,complete,yes,
workday,wd1/meowwolf/MeowWolf,,18,18,complete,yes,
workday,wd1/merceruniversity/external,,95,95,complete,yes,
workday,wd1/mercy/mercycareers,,2000,,unverifiable,yes,
workday,wd1/methodisthealthsystem/MHS_Careers,,789,789,complete,yes,
workday,wd1/micron/External,,3080,,unverifiable,yes,
workday,wd1/midtown/Midtown_Careers,,104,104,complete,yes,
workday,wd1/millerknoll/MillerKnoll,,228,228,complete,yes,
workday,wd1/mines/Mines_Careers,,28,28,complete,yes,
workday,wd1/mizuho/mizuhoamericas,,122,122,complete,yes,
workday,wd1/mksinst/MKSCareersAmericas,,179,179,complete,yes,
workday,wd1/mmc/mmc,,1940,1940,complete,yes,
workday,wd1/modernatx/M_tx,,234,234,complete,yes,
workday,wd1/mohegan/Mohegan,,183,183,complete,yes,
workday,wd1/momentive/MC,,122,122,complete,yes,
workday,wd1/monotype/Monotype,,45,45,complete,yes,
workday,wd1/montage/Montage_International,,443,443,complete,yes,
workday,wd1/montclair/JobOpportunities,,36,36,complete,yes,
workday,wd1/motiva/MotivaCareers,,16,16,complete,yes,
workday,wd1/mpc/MPCCareers,,140,140,complete,yes,
workday,wd1/msudenver/MSUDenver,,120,120,complete,yes,
workday,wd1/multco/Multco_Jobs,,40,40,complete,yes,
workday,wd1/multicare/multicare,,1335,1335,complete,yes,
workday,wd1/nabancard/nab,,32,32,complete,yes,
workday,wd1/nas/NAS_Careers,,32,32,complete,yes,
workday,wd1/nascar/NASCAR,,112,112,complete,yes,
workday,wd1/nasdaq/Global_External_Site,,180,180,complete,yes,
workday,wd1/nationwide/Nationwide_Career,,148,148,complete,yes,
workday,wd1/nb/NBCareers,,87,87,complete,yes,
workday,wd1/ncr/ext_us,,178,178,complete,yes,
workday,wd1/ncratleos/ext_non_usalteos,,120,120,complete,yes,
workday,wd1/nebraskablue/BCBSNE,,10,10,complete,yes,
workday,wd1/neighborlybrands/neighborly,,20,20,complete,yes,
workday,wd1/nelnet/MyNelnet,,67,67,complete,yes,
workday,wd1/newrez/nrz,,111,111,complete,yes,
workday,wd1/newschool/External,,201,201,complete,yes,
workday,wd1/ngc/Northrop_Grumman_External_Site,,3714,,unverifiable,yes,
workday,wd1/nike/nke,,811,811,complete,yes,
workday,wd1/nike/nke2,,421,421,complete,yes,
workday,wd1/nisource/NiSource,,47,47,complete,yes,
workday,wd1/ntrs/northerntrust,,575,575,complete,yes,
workday,wd1/odfl/ODFL_Careers,,210,210,complete,yes,
workday,wd1/oneok/ONEOK,,81,81,complete,yes,
workday,wd1/osu/OSUCareers,,1016,1016,complete,yes,
workday,wd1/outfrontmedia/outfrontmedia,,76,76,complete,yes,
workday,wd1/owensminor/OMCareers,,153,153,complete,yes,
workday,wd1/pae/amentum_careers,,2762,,unverifiable,yes,
workday,wd1/palmbeachstate/external,,270,270,complete,yes,
workday,wd1/park/ParkUniversityCareers,,12,12,complete,yes,
workday,wd1/path/External,,58,58,complete,yes,
workday,wd1/pciservices/External,,287,287,complete,yes,
workday,wd1/peak6group/apexfintechsolutions,,47,47,complete,yes,
workday,wd1/pfizer/PfizerCareers,,511,511,complete,yes,
workday,wd1/phsorg/Careers,,577,577,complete,yes,
workday,wd1/pimco/pimco-careers,,186,186,complete,yes,
workday,wd1/plantemoran/pmexternalcareers,,154,154,complete,yes,
workday,wd1/pluralsight/Careers,,15,15,complete,yes,
workday,wd1/poet/POET,,116,116,complete,yes,
workday,wd1/pretiumenterpriseservices/PR,,66,66,complete,yes,
workday,wd1/priceline/Priceline,,56,56,complete,yes,
workday,wd1/primetherapeutics/PrimeTherapeuticsCareers,,16,16,complete,yes,
workday,wd1/propharmagroup/ppgcareers,,69,69,complete,yes,
workday,wd1/psu/PSU_Academic,,416,416,complete,yes,
workday,wd1/ptc/PTC,,170,170,complete,yes,
workday,wd1/pultegroup/PGI,,142,142,complete,yes,
workday,wd1/r1rcm/R1RCM,,458,458,complete,yes,
workday,wd1/rakuten/RakutenInc,,710,710,complete,yes,
workday,wd1/raymondjames/RaymondJamesCareers,,319,319,complete,yes,
workday,wd1/redrobin/RedRobin_Careers,,1300,1300,complete,yes,
workday,wd1/regalrexnord/Careers,,508,508,complete,yes,
workday,wd1/regeneron/Careers,,542,542,complete,yes,
workday,wd1/revantage/April_Housing,,5,5,complete,yes,
workday,wd1/riministreet/RiminiStreet,,95,95,complete,yes,
workday,wd1/ringcentral/RingCentral_Careers,,84,84,complete,yes,
workday,wd1/ringling/RinglingExternalCareers,,4,4,complete,yes,
workday,wd1/roberthalf/RobertHalfStaffingCareers,,252,252,complete,yes,
workday,wd1/rockwellautomation/External_Rockwell_Automation,,387,387,complete,yes,
workday,wd1/rockymountain/RMI,,6,6,complete,yes,
workday,wd1/rogersbh/RBHCareer,,229,229,complete,yes,
workday,wd1/rsm/RSMCareers,,742,742,complete,yes,
workday,wd1/ryan/ryancareers,,180,180,complete,yes,
workday,wd1/sailpoint/SailPoint,,114,114,complete,yes,
workday,wd1/saks/careers_at_saks,,802,802,complete,yes,
workday,wd1/sbdinc/Stanley_Black_Decker_Career_Site,,630,630,complete,yes,
workday,wd1/sedgwick/Sedgwick,,573,573,complete,yes,
workday,wd1/selinc/SEL,,307,307,complete,yes,
workday,wd1/semtech/SemtechCareers,,113,113,complete,yes,
workday,wd1/sentara/scs,,2000,,unverifiable,yes,
workday,wd1/servicetitan/ServiceTitan,,63,63,complete,yes,
workday,wd1/sharecare/Sharecare_Careers,,43,43,complete,yes,
workday,wd1/shipt/Shipt_External,,8,8,complete,yes,
workday,wd1/sierraspace/Sierra_Space_External_Career_Site,,186,186,complete,yes,
workday,wd1/sifive/sifivecareers,,124,124,complete,yes,
workday,wd1/signetjewelers/signetjeweleryretailsales,,1591,1591,complete,yes,
workday,wd1/silabs/SiliconlabsCareers,,85,85,complete,yes,
workday,wd1/silgancontainers/silgan,,228,228,complete,yes,
workday,wd1/simon/Simon,,174,174,complete,yes,
workday,wd1/simonsfoundation/simonsfoundationcareers,,12,12,complete,yes,
workday,wd1/sju/sju,,67,67,complete,yes,
workday,wd1/slcgov/SLC,,49,49,complete,yes,
workday,wd1/sluhn/SLUHN,,960,960,complete,yes,
workday,wd1/snapchat/snap,,193,193,complete,yes,
workday,wd1/snapfinance/Snap_External_Careers,,14,14,complete,yes,
workday,wd1/snc/SNC_External_Career_Site,,381,381,complete,yes,
workday,wd1/solenis/Solenis,,446,446,complete,yes,
workday,wd1/sonder/Join_Sonder,,39,39,complete,yes,
workday,wd1/sonoco/CorporateCareers,,249,249,complete,yes,
workday,wd1/sonos/Sonos,,52,52,complete,yes,
workday,wd1/sonyglobal/SonyGlobalCareers,,111,111,complete,yes,
workday,wd1/sou/Southern_Oregon_University,,32,32,complete,yes,
workday,wd1/sphera/careers,,15,15,complete,yes,
workday,wd1/sprinklr/careers,,74,74,complete,yes,
workday,wd1/standard/Search,,31,31,complete,yes,
workday,wd1/standardmeat/SMC,,7,7,complete,yes,
workday,wd1/starrcompanies/careers,,168,168,complete,yes,
workday,wd1/statestreet/Global,,1011,1011,complete,yes,
workday,wd1/stewart/External,,74,74,complete,yes,
workday,wd1/stjude/stjude,,207,207,complete,yes,
workday,wd1/stormontvail/SVH,,261,261,complete,yes,
workday,wd1/strayer/CAREERS,,7,7,complete,yes,
workday,wd1/strideinc/SK,,143,143,complete,yes,
workday,wd1/stryker/StrykerCareers,,1466,1466,complete,yes,
workday,wd1/suffolkcountyny/Suffolkcounty1,,72,72,complete,yes,
workday,wd1/swbc/swbccareers,,71,71,complete,yes,
workday,wd1/swinerton/Swinerton_External_Career,,225,225,complete,yes,
workday,wd1/synechron/SynechronCareers,,155,155,complete,yes,
workday,wd1/syniverse/SyniverseCareers,,9,9,complete,yes,
workday,wd1/tamus/TAMU_External,,112,112,complete,yes,
workday,wd1/taskus/Careers,,426,426,complete,yes,
workday,wd1/taylormorrison/TaylorMorrisonCareers,,51,51,complete,yes,
workday,wd1/tcsedsystem/TCSPP,,69,69,complete,yes,
workday,wd1/teachforamerica/TFA_Careers,,12,12,complete,yes,
workday,wd1/tealium/Careers,,10,10,complete,yes,
workday,wd1/tencent/tencent_careers,,288,288,complete,yes,
workday,wd1/terex/terexcareers,,189,189,complete,yes,
workday,wd1/theirc/External_Careers,,343,343,complete,yes,
workday,wd1/tiaa/Search,,200,200,complete,yes,
workday,wd1/tihinsurance/CRC_Careers,,104,104,complete,yes,
workday,wd1/tjx/TJX_EXTERNAL,,10020,,unverifiable,yes,
workday,wd1/tmobile/External,,2000,,unverifiable,yes,
workday,wd1/toryburch/toryburchcareers,,352,352,complete,yes,
workday,wd1/trellix/EnterpriseCareers,,66,66,complete,yes,
workday,wd1/tricentis/Tricentis_Careers,,19,19,complete,yes,
workday,wd1/trimble/TrimbleCareers,,211,211,complete,yes,
workday,wd1/truist/Careers,,1134,1134,complete,yes,
workday,wd1/tsys/TSYS,,314,314,complete,yes,
workday,wd1/tti/Milwaukee,,315,315,complete,yes,
workday,wd1/uhaul/UhaulJobs,,2000,,unverifiable,yes,
workday,wd1/uline/Uline_Careers,,427,427,complete,yes,
workday,wd1/ulsuno/UniversityOfNewOrleans,,97,97,complete,yes,
workday,wd1/umd/UMCP,,198,198,complete,yes,
workday,wd1/umgc/UMGC_Careers,,177,177,complete,yes,
workday,wd1/umiami/UMCareerStaff,,1751,1751,complete,yes,
workday,wd1/ummh/Careers,,1093,1093,complete,yes,
workday,wd1/umphysicians/umpcareers,,104,104,complete,yes,
workday,wd1/uofl/UofLCareerSite,,142,142,complete,yes,
workday,wd1/ur/URcareers,,1331,1331,complete,yes,
workday,wd1/usaa/USAAJOBSWD,,211,211,complete,yes,
workday,wd1/usbank/US_Bank_Careers,,1182,1182,complete,yes,
workday,wd1/usfoods/usfoodscareersExternal,,663,663,complete,yes,
workday,wd1/utahcounty/Utah_County_Careers,,28,28,complete,yes,
workday,wd1/utaustin/UTstaff,,612,612,complete,yes,
workday,wd1/vai/VAICareers,,18,18,complete,yes,
workday,wd1/valmont/ValmontCareers,,282,282,complete,yes,
workday,wd1/vassar/Vassar-External,,33,33,complete,yes,
workday,wd1/veralto/HachJobs,,109,109,complete,yes,
workday,wd1/veralto/X-RiteJobs,,15,15,complete,yes,
workday,wd1/verawholehealth/External,,8,8,complete,yes,
workday,wd1/virtua/Virtua_Health_External_Career_Site,,764,764,complete,yes,
workday,wd1/vizient/Vizient_Careers,,230,230,complete,yes,
workday,wd1/vsp/VSPVisionCareers,,33,33,complete,yes,
workday,wd1/vumc/vumccareers,,857,857,complete,yes,
workday,wd1/vwr/avantorJobs,,256,256,complete,yes,
workday,wd1/vystarcu/Careers,,43,43,complete,yes,
workday,wd1/wasteconnections/Careers,,698,698,complete,yes,
workday,wd1/waynefarms/WayneFarms,,224,224,complete,yes,
workday,wd1/waystar/Waystar,,51,51,complete,yes,
workday,wd1/weareeverise/EveriseCareers,,37,37,complete,yes,
workday,wd1/web/ExternalCareerSite,,81,81,complete,yes,
workday,wd1/wellsky/WellSkyCareers,,44,44,complete,yes,
workday,wd1/wellstar/wellstarcareers,,1026,1026,complete,yes,
workday,wd1/wf/wellsfargojobs,,1564,1564,complete,yes,
workday,wd1/wfu/Staff_Career_Website_live,,72,72,complete,yes,
workday,wd1/wiley/wiley_careers,,63,63,complete,yes,
workday,wd1/wisconsin/UW_Madison,,349,349,complete,yes,
workday,wd1/wje/Careers,,38,38,complete,yes,
workday,wd1/wmeimg/WME,,43,43,complete,yes,
workday,wd1/wmg/WMGUS,,48,48,complete,yes,
workday,wd1/wonder/WG,,72,72,complete,yes,
workday,wd1/worldvision/WorldVisionInternational,,288,288,complete,yes,
workday,wd1/wustl/External,,677,677,complete,yes,
workday,wd1/wvumedicine/WVUH,,2000,,unverifiable,yes,
workday,wd1/xboxgaming/Blizzard_External_Careers,,39,39,complete,yes,
workday,wd1/xcelenergy/External,,254,254,complete,yes,
workday,wd1/youthvillages/youthvillagescareers,,187,187,complete,yes,
workday,wd1/zendesk/zendesk,,129,129,complete,yes,
workday,wd10/agecare/AgeCare_Careers_External,,753,753,complete,yes,
workday,wd10/bdc/BDC_Careers,,51,51,complete,yes,
workday,wd10/bowvalleycollege/BowValleyCollege,,20,20,complete,yes,
workday,wd10/caatpension/Careers,,12,12,complete,yes,
workday,wd10/cheo/External_Site,,43,43,complete,yes,
workday,wd10/consignaction/Consignaction_carrieres,,253,253,complete,yes,
workday,wd10/desjardins/Desjardins,,280,280,complete,yes,
workday,wd10/extendicare/Extendicare2023,,469,469,complete,yes,
workday,wd10/inlandgroup/inlandgroup,,94,94,complete,yes,
workday,wd10/langara/External_Employment_Opportunities,,14,14,complete,yes,
workday,wd10/navcanada/NAV_Careers,,27,27,complete,yes,
workday,wd10/oanda/External,,26,26,complete,yes,
workday,wd10/publichealthontario/PHOCareerSite,,5,5,complete,yes,
workday,wd10/quadreal/QuadReal,,43,43,complete,yes,
workday,wd10/sgico/sgi,,9,9,complete,yes,
workday,wd10/simons/Simons_Site,,72,72,complete,yes,
workday,wd10/strathconaresources/Careers,,10,10,complete,yes,
workday,wd10/triumf/careers-at-triumf-job-postings,,6,6,complete,yes,
workday,wd10/ubc/ubcfacultyjobs,,34,34,complete,yes,
workday,wd10/vhaca/VHA,,46,46,complete,yes,
workday,wd102/acquireai/Acquire,,110,110,complete,yes,
workday,wd102/jiostar/JioStar,,222,222,complete,yes,
workday,wd102/marinabaysands/External,,348,348,complete,yes,
workday,wd102/minor/Careers,,2000,,unverifiable,yes,
workday,wd102/sggovterp/PublicServiceCareers,,1027,1027,complete,yes,
workday,wd103/accellglobal/careers,,10,10,complete,yes,
workday,wd103/accenture/AccentureCareers,,2000,,unverifiable,yes,
workday,wd103/alsglobal/External,,554,554,complete,yes,
workday,wd103/alvotech/Alvotech_Careers,,8,8,complete,yes,
workday,wd103/apobank/apobank_careers,,134,134,complete,yes,
workday,wd103/asda/AsdaJobs,,503,503,complete,yes,
workday,wd103/aztecgroup/External,,27,27,complete,yes,
workday,wd103/bracco/braccocareers,,142,142,complete,yes,
workday,wd103/carharttwip/CarharttWIP,,45,45,complete,yes,
workday,wd103/cloudflight/external_career_site,,7,7,complete,yes,
workday,wd103/constructoruniversity/Careers,,14,14,complete,yes,
workday,wd103/corpay/Ext_001,,113,113,complete,yes,
workday,wd103/dbaudio/dbaudiotechnik-careers-de,,4,4,complete,yes,
workday,wd103/delo/DELO-Jobs,,68,68,complete,yes,
workday,wd103/dover/Dover,,622,622,complete,yes,
workday,wd103/eduservices/Carrieres,,28,28,complete,yes,
workday,wd103/embl/EMBL,,18,18,complete,yes,
workday,wd103/enzazaden/Enza-Careers,,70,70,complete,yes,
workday,wd103/europcar/EuropcarCareerPage,,632,632,complete,yes,
workday,wd103/europeanenergy/European_Energy,,5,5,complete,yes,
workday,wd103/fina/DeloitteRecrute,,549,549,complete,yes,
workday,wd103/georgfischer/GeorgFischer_Careers,,329,329,complete,yes,
workday,wd103/ggwgroup/GGWGroup,,93,93,complete,yes,
workday,wd103/gide/GIDE,,12,12,complete,yes,
workday,wd103/goldbeck/goldbeck-jobs,,805,805,complete,yes,
workday,wd103/hellmann/hellmannexternaljobs,,342,342,complete,yes,
workday,wd103/hoedlmayr/External,,28,28,complete,yes,
workday,wd103/howdenjoinerylimited/howdenscareers,,42,42,complete,yes,
workday,wd103/hull/HCC,,30,30,complete,yes,
workday,wd103/ilb/ilb_karriere,,6,6,complete,yes,
workday,wd103/knightfrank/KF,,89,89,complete,yes,
workday,wd103/lego/LEGO_External,,498,498,complete,yes,
workday,wd103/medimarketgroup/MMG,,185,185,complete,yes,
workday,wd103/mesalvo/Mesalvo,,10,10,complete,yes,
workday,wd103/mouvrh/External_Career_Site_GRAND_FRAIS,,282,282,complete,yes,
workday,wd103/neuroth/External_Careers,,25,25,complete,yes,
workday,wd103/revvity/External,,125,125,complete,yes,
workday,wd103/rohlig/Rohlig_Careers,,51,51,complete,yes,
workday,wd103/rosennxt/rosenxt,,47,47,complete,yes,
workday,wd103/royalihc/External_Career,,86,86,complete,yes,
workday,wd103/sagales/Sagales_Sitio_Carrera_Externo,,9,9,complete,yes,
workday,wd103/sandoz/sandoz_careers,,316,316,complete,yes,
workday,wd103/sanger/WellcomeSangerInstitute,,4,4,complete,yes,
workday,wd103/snyk/External,,19,19,complete,yes,
workday,wd103/teamsystem/TeamSystem,,36,36,complete,yes,
workday,wd103/uoh/University_of_Hull_Careers,,10,10,complete,yes,
workday,wd103/upm/Careers,,57,57,complete,yes,
workday,wd103/wto/External,,1,1,complete,yes,
workday,wd105/anglicare/Anglicare_Careers,,59,59,complete,yes,
workday,wd105/argonr/External,,31,31,complete,yes,
workday,wd105/ausvenueco/AVC,,172,172,complete,yes,
workday,wd105/callaghaninnovation/External,,0,,unverifiable,yes,
workday,wd105/eml/EML,,47,47,complete,yes,
workday,wd105/eosaus/EOS_External_Career_Site,,31,31,complete,yes,
workday,wd105/estiahealth/Estia_Health_Careers,,440,440,complete,yes,
workday,wd105/flg/FLG,,10,10,complete,yes,
workday,wd105/flindersports/FPH_Current_Opportunities,,2,2,complete,yes,
workday,wd105/rba/RBA_Careers,,44,44,complete,yes,
workday,wd105/unimelb/UoM_External_Career,,45,45,complete,yes,
workday,wd105/usyd/USYD_EXTERNAL_CAREER_SITE,,97,98,complete,yes,
workday,wd108/abercrombie/anf,,2569,,unverifiable,yes,
workday,wd108/acu/ACUCareers,,62,62,complete,yes,
workday,wd108/aesseal/aesseal_careers,,15,15,complete,yes,
workday,wd108/afs/AFS_Career_Site,,14,14,complete,yes,
workday,wd108/altaishealthsolutions/External,,41,41,complete,yes,
workday,wd108/alteryx/AlteryxCareers,,74,74,complete,yes,
workday,wd108/athenago/athena,,26,26,complete,yes,
workday,wd108/bannerhealth/Careers,,1321,1321,complete,yes,
workday,wd108/brookshires/BGC,,1802,1802,complete,yes,
workday,wd108/childrensnational/CN_Careers,,364,364,complete,yes,
workday,wd108/csdautismservices/CSD_Careers,,267,267,complete,yes,
workday,wd108/ellsworth/ellsworth_careers,,34,34,complete,yes,
workday,wd108/expedia/search,,164,164,complete,yes,
workday,wd108/expresswashconcepts/Express_Wash_Concepts_External_Careers,,122,122,complete,yes,
workday,wd108/icmarc/MissionSquare,,8,8,complete,yes,
workday,wd108/imh/IntermountainCareers,,1417,1417,complete,yes,
workday,wd108/inari/Inari_Careers,,3,3,complete,yes,
workday,wd108/jbtm/JBT_Marel_Career_Site,,259,259,complete,yes,
workday,wd108/lendistry/Careers_Join_Us,,23,23,complete,yes,
workday,wd108/lighthouseelectric/LEC_Careers,,27,27,complete,yes,
workday,wd108/marcusmillichap/MarcusMillichap,,210,210,complete,yes,
workday,wd108/nature/ExternalCareers,,81,81,complete,yes,
workday,wd108/nc/NC_Careers,,796,796,complete,yes,
workday,wd108/northmark/NMS,,42,42,complete,yes,
workday,wd108/ntta/NTTA_Careers,,49,49,complete,yes,
workday,wd108/nwmissouri/External,,25,25,complete,yes,
workday,wd108/oxfordcorp/Oxford_Careers,,19,19,complete,yes,
workday,wd108/pointquestgroup/Nyman_Careers,,85,85,complete,yes,
workday,wd108/prim/Primoris,,765,765,complete,yes,
workday,wd108/realtyincome/realty_income_careers,,11,11,complete,yes,
workday,wd108/rfcuny/RFCUNY,,191,191,complete,yes,
workday,wd108/sbmmanagement/SBM,,1509,1509,complete,yes,
workday,wd108/stackinfra/STACK_AMER,,49,49,complete,yes,
workday,wd108/tapestry/Tapestry_Careers,,2000,,unverifiable,yes,
workday,wd108/teamapellis/ApellisCareers,,24,24,complete,yes,
workday,wd108/weis/Careers,,981,981,complete,yes,
workday,wd108/xavier/XavierCareers,,36,36,complete,yes,
workday,wd115/donaldson/DonaldsonCareers,,176,176,complete,yes,
workday,wd115/idexx/IDEXX,,177,177,complete,yes,
workday,wd115/lilly/LLY,,662,662,complete,yes,
workday,wd115/mvh/VeNCarreers,,48,48,complete,yes,
workday,wd115/mypath/mypathcareers,,103,103,complete,yes,
workday,wd115/saintfrancis/External,,560,560,complete,yes,
workday,wd115/scripps/Scripps_Careers,,68,68,complete,yes,
workday,wd115/theshieldco/external_careers,,114,114,complete,yes,
workday,wd12/adventhealth/AH_External_Career_Site,,2000,,unverifiable,yes,
workday,wd12/alignmenthealthcare/ahc_external,,65,65,complete,yes,
workday,wd12/alkami/alkami,,65,65,complete,yes,
workday,wd12/andersen/Andersen_External_Career_Site,,140,140,complete,yes,
workday,wd12/aoncology/Aoncology_Careers,,171,171,complete,yes,
workday,wd12/arcis/extNa,,466,466,complete,yes,
workday,wd12/baystatehealth/External_Careers,,396,396,complete,yes,
workday,wd12/bigcommerce/Commerce,,20,20,complete,yes,
workday,wd12/brownhealth/External_Careers,,1531,1531,complete,yes,
workday,wd12/bsu/External,,60,60,complete,yes,
workday,wd12/carilionclinic/External_Careers,,334,334,complete,yes,
workday,wd12/cars/cars,,28,28,complete,yes,
workday,wd12/chatham/chathamuniversitystudent,,75,75,complete,yes,
workday,wd12/claires/Claires,,12,12,complete,yes,
workday,wd12/copart/Copart,,387,389,complete,yes,
workday,wd12/crowe/external_careers,,174,174,complete,yes,
workday,wd12/csusystem/fortcollins_careers,,275,275,complete,yes,
workday,wd12/dataminr/Dataminr,,24,24,complete,yes,
workday,wd12/firstnational/fnbocareers,,102,102,complete,yes,
workday,wd12/greatamerica/greatamericacareers,,33,33,complete,yes,
workday,wd12/hhs/HHS1Jobs,,136,136,complete,yes,
workday,wd12/hmhw/HMH_Careers,,61,61,complete,yes,
workday,wd12/honorhealth/HonorHealth_careers,,532,532,complete,yes,
workday,wd12/huntington/HNBcareers,,691,691,complete,yes,
workday,wd12/insperity/NSP,,76,76,complete,yes,
workday,wd12/ioaging/IOA,,53,53,complete,yes,
workday,wd12/kissusa/KISS_Careers_External,,78,78,complete,yes,
workday,wd12/litera/Litera_Careers,,39,39,complete,yes,
workday,wd12/menasha/menashacorp,,217,217,complete,yes,
workday,wd12/merative/External_Career_Site,,24,24,complete,yes,
workday,wd12/monolithicpower/MPS_Careers,,234,234,complete,yes,
workday,wd12/nbtbancorp/NBT-B,,69,69,complete,yes,
workday,wd12/newchartertech/CTSI,,5,5,complete,yes,
workday,wd12/nwis/NW,,351,351,complete,yes,
workday,wd12/promedica/external_careers,,552,552,complete,yes,
workday,wd12/rappi/Rappi_jobs,,11,11,complete,yes,
workday,wd12/rembrandtfoods/Rembrandt_Foods,,10,10,complete,yes,
workday,wd12/stem/StemInc,,1,1,complete,yes,
workday,wd12/sunriseseniorliving/SUNRISE_EXT_CAREERS,,1897,1897,complete,yes,
workday,wd12/syneoshealth/Syneos_Health_External_Site,,740,740,complete,yes,
workday,wd12/tandemdiabetes/tandemdiabetes,,37,37,complete,yes,
workday,wd12/texascapitalbank/Careers,,112,112,complete,yes,
workday,wd12/tidelandshealth/Tidelands,,132,132,complete,yes,
workday,wd12/tranetechnologies/Trane_Technologies_Careers,,1683,1683,complete,yes,
workday,wd12/turo/Turo_careers,,44,44,complete,yes,
workday,wd12/usertesting/UserTesting,,14,14,complete,yes,
workday,wd12/valleychildrens/VCH_External,,81,81,complete,yes,
workday,wd12/valleyhealth/Valley_Health_System_Careers_,,293,293,complete,yes,
workday,wd12/verizon/verizon-careers,,1031,1031,complete,yes,
workday,wd12/waukeshacounty/Careers,,42,42,complete,yes,
workday,wd12/williammary/WM,,107,107,complete,yes,
workday,wd3/4flow/4flow,,78,78,complete,yes,
workday,wd3/7eleven/7eleven,,70,70,complete,yes,
workday,wd3/a1group/A1_Jobs_bg,,98,98,complete,yes,
workday,wd3/aalto/aalto,,26,26,complete,yes,
workday,wd3/abb/external_career_page,,2000,,unverifiable,yes,
workday,wd3/absa/ABSAcareersite,,61,61,complete,yes,
workday,wd3/acciona/ACCIONA_Employment_Channel,,538,538,complete,yes,
workday,wd3/adient/External,,183,183,complete,yes,
workday,wd3/adtran/ADTRAN,,92,92,complete,yes,
workday,wd3/ag/Airbus,,2000,,unverifiable,yes,
workday,wd3/aggreko/Aggreko_Careers_1,,213,213,complete,yes,
workday,wd3/agrana/Careers,,70,70,complete,yes,
workday,wd3/ahri/AHRI1,,1,1,complete,yes,
workday,wd3/aia/AIA-Digital,,73,73,complete,yes,
workday,wd3/airliquidehr/AirgasExternalCareer,,404,404,complete,yes,
workday,wd3/alantra/Alantra,,47,47,complete,yes,
workday,wd3/alfalaval/Alfa_Laval_jobs,,341,341,complete,yes,
workday,wd3/aliaxis/Aliaxis,,245,245,complete,yes,
workday,wd3/alleima/alleima-jobs,,43,43,complete,yes,
workday,wd3/allens/Allens,,52,52,complete,yes,
workday,wd3/alliance/nissanjobs,,241,241,complete,yes,
workday,wd3/alliancewd/renault-group-careers,,429,429,complete,yes,
workday,wd3/altusgroup/AltusGroup,,42,42,complete,yes,
workday,wd3/applyboard/ApplyBoardNH,,65,65,complete,yes,
workday,wd3/arabellesolutions/Arabelle_Solutions,,368,368,complete,yes,
workday,wd3/argenx/External_Careers,,86,86,complete,yes,
workday,wd3/aristocrat/AristocratExternalCareersSite,,207,207,complete,yes,
workday,wd3/aritzia/External,,525,525,complete,yes,
workday,wd3/astrazeneca/Careers,,1010,1010,complete,yes,
workday,wd3/averis/RGE,,142,142,complete,yes,
workday,wd3/aveva/AVEVA_careers,,254,254,complete,yes,
workday,wd3/awg/AW,,64,64,complete,yes,
workday,wd3/ayvens/AyvensCareers,,235,235,complete,yes,
workday,wd3/azelis/Azelis_Careers,,55,55,complete,yes,
workday,wd3/barclays/External_Career_Site_Barclays,,758,758,complete,yes,
workday,wd3/bayware/jobsatbayware,,18,18,complete,yes,
workday,wd3/bb/BlackBerry,,22,22,complete,yes,
workday,wd3/bbva/BBVA,,554,554,complete,yes,
workday,wd3/begacheese/Bega_Careers,,43,43,complete,yes,
workday,wd3/belron/Safelite_Careers,,547,547,complete,yes,
workday,wd3/bernergroup/Careers_Berner_Group,,301,301,complete,yes,
workday,wd3/bestbuycanada/BestBuyCA_Career,,147,147,complete,yes,
workday,wd3/biibhr/external,,254,254,complete,yes,
workday,wd3/bmo/External,,865,865,complete,yes,
workday,wd3/boliden/BolidenJobs,,40,40,complete,yes,
workday,wd3/bpinternational/bpCareers,,306,306,complete,yes,
workday,wd3/brenntag/brenntag_jobs,,378,378,complete,yes,
workday,wd3/browserstack/External,,31,31,complete,yes,
workday,wd3/bullish/Bullish,,27,27,complete,yes,
workday,wd3/bupa/EXT_CAREER,,635,635,complete,yes,
workday,wd3/cae/career,,348,348,complete,yes,
workday,wd3/canadiantirecorporation/Enterprise_External_Careers_Site,,133,133,complete,yes,
workday,wd3/cancerresearchuk/External_Careers,,40,40,complete,yes,
workday,wd3/capita/CapitaGlobal,,91,91,complete,yes,
workday,wd3/cba/CommBank_Careers,,162,162,complete,yes,
workday,wd3/cbcrc/CBC_Radio-Canada_Jobs,,81,81,complete,yes,
workday,wd3/cc/ChanelCareers,,1119,1119,complete,yes,
workday,wd3/centrica/Centrica,,47,47,complete,yes,
workday,wd3/cgm/cgm,,270,270,complete,yes,
workday,wd3/charleskeith/External,,66,66,complete,yes,
workday,wd3/cibc/search,,510,510,complete,yes,
workday,wd3/cineplex/Cineplex,,148,148,complete,yes,
workday,wd3/circlek/CircleKStoreJobs,,2000,,unverifiable,yes,
workday,wd3/clarivate/Clarivate_Careers,,188,188,complete,yes,
workday,wd3/claytonutz/Claytonutz1,,42,42,complete,yes,
workday,wd3/clio/ClioCareerSite,,136,136,complete,yes,
workday,wd3/colliers/Colliers-External-Career-Site,,249,249,complete,yes,
workday,wd3/covestro/cov_external,,180,180,complete,yes,
workday,wd3/ctbcholding/External,,625,625,complete,yes,
workday,wd3/cultura/Cultura,,142,142,complete,yes,
workday,wd3/damen/Damen_Careers,,142,142,complete,yes,
workday,wd3/darktrace/DarktaceExternal,,76,76,complete,yes,
workday,wd3/datev/Datev_Careers,,56,56,complete,yes,
workday,wd3/db/DBWebsite,,1159,1159,complete,yes,
workday,wd3/dbs/DBS_Careers,,1395,1395,complete,yes,
workday,wd3/deloitteie/Experienced_Professionals,,53,53,complete,yes,
workday,wd3/demegroup/careers_external,,130,130,complete,yes,
workday,wd3/dentsuaegis/DAN_GLOBAL,,863,863,complete,yes,
workday,wd3/diageo/Diageo_Careers,,282,282,complete,yes,
workday,wd3/dssmith/careers,,194,194,complete,yes,
workday,wd3/dyson/dyson_careers,,459,459,complete,yes,
workday,wd3/elementfleet/External_Career_Site,,40,40,complete,yes,
workday,wd3/elringklinger/External,,109,109,complete,yes,
workday,wd3/enbridge/enbridge_careers,,47,47,complete,yes,
workday,wd3/enercity/enercity_extern,,54,54,complete,yes,
workday,wd3/enmax/ENMAXCareers,,3,3,complete,yes,
workday,wd3/erm/ERM_Careers,,510,510,complete,yes,
workday,wd3/eset/ESET_External,,88,88,complete,yes,
workday,wd3/eventimgroup/kess-berlin,,2,2,complete,yes,
workday,wd3/evonik/External_Careers,,329,329,complete,yes,
workday,wd3/fastretailing/headquarters_eu_Uniqlo,,17,17,complete,yes,
workday,wd3/fca/FCA_Careers,,16,16,complete,yes,
workday,wd3/fccfac/careers-carrieres,,41,41,complete,yes,
workday,wd3/ferrovial/Ferrovial_Career_Site,,521,521,complete,yes,
workday,wd3/fil/fidelitycanada,,155,155,complete,yes,
workday,wd3/financialombudsman/FinancialOmbudsmanService,,11,11,complete,yes,
workday,wd3/firstquantum/First_Quantum_Careers,,107,107,complete,yes,
workday,wd3/firstrand/FRB,,134,134,complete,yes,
workday,wd3/fiskars/FiskarsGroup,,21,21,complete,yes,
workday,wd3/formulaone/F1,,13,13,complete,yes,
workday,wd3/fourseasons/search,,1871,1871,complete,yes,
workday,wd3/freseniusglobal/LinkedIn,,74,74,complete,yes,
workday,wd3/freseniusmedicalcare/fme,,2000,,unverifiable,yes,
workday,wd3/freshfields/FBD_101,,178,178,complete,yes,
workday,wd3/fronius/Job_Board,,136,136,complete,yes,
workday,wd3/frontiereconomics/Frontier_Economics_Careers,,6,6,complete,yes,
workday,wd3/fugro/Careers,,140,140,complete,yes,
workday,wd3/gategroup/GateGroup_External_Careers,,209,209,complete,yes,
workday,wd3/gea/GEACareers,,366,366,complete,yes,
workday,wd3/gianttiger/gianttiger,,520,520,complete,yes,
workday,wd3/gn/GN-Careers,,0,,unverifiable,yes,
workday,wd3/grpr/palace_jobs,,1,1,complete,yes,
workday,wd3/gsknch/GSKCareers,,328,328,complete,yes,
workday,wd3/haier/HaierEurope_Professional_Careers,,31,31,complete,yes,
workday,wd3/harman/HARMAN,,519,519,complete,yes,
workday,wd3/harriscomputer/SIV,,18,18,complete,yes,
workday,wd3/heidelbergmaterials/Global_HM_Career_Site,,859,859,complete,yes,
workday,wd3/hoganlovells/Search,,235,235,complete,yes,
workday,wd3/hydroottawa/hydro_ottawa_careersite,,6,6,complete,yes,
workday,wd3/ia/Professional,,99,99,complete,yes,
workday,wd3/iberdrola/Iberdrola,,218,218,complete,yes,
workday,wd3/ico/ICO,,2,2,complete,yes,
workday,wd3/icon/broadbean_external,,926,926,complete,yes,
workday,wd3/if/Careers,,0,,unreachable,yes,HTTP 422
workday,wd3/iko/IKO_Careers,,226,226,complete,yes,
workday,wd3/iliad/Iliad,,24,24,complete,yes,
workday,wd3/ing/ICSGBLCOR,,735,735,complete,yes,
workday,wd3/intelcomgroup/Intelcom,,107,107,complete,yes,
workday,wd3/johnsonelectric/Career_JE,,274,274,complete,yes,
workday,wd3/juliusbaer/External,,186,186,complete,yes,
workday,wd3/kantar/KANTAR,,27,27,complete,yes,
workday,wd3/kantonsspitalbaden/ksb-careers,,103,103,complete,yes,
workday,wd3/kapsch/onestepahead-Spain,,4,4,complete,yes,
workday,wd3/kiongroup/KIONGroup,,984,984,complete,yes,
workday,wd3/kone/Careers,,890,890,complete,yes,
workday,wd3/kpluss/Career-KplusS,,79,79,complete,yes,
workday,wd3/latitudefinancial/careers,,17,17,complete,yes,
workday,wd3/lbg/LBG_Careers,,82,82,complete,yes,
workday,wd3/leonardocompany/LeonardoCareerSite,,730,730,complete,yes,
workday,wd3/lgigroup/LGI,,74,74,complete,yes,
workday,wd3/lgroup/L-Acoustics_Group_career,,45,45,complete,yes,
workday,wd3/lgt/lgtcurrentvacancies,,55,55,complete,yes,
workday,wd3/lhoist/Careers,,93,93,complete,yes,
workday,wd3/libertyglobal/Liberty_Global_Careers,,40,40,complete,yes,
workday,wd3/linklaters/DE_Linklaters,,72,72,complete,yes,
workday,wd3/lonza/Lonza_Careers,,600,600,complete,yes,
workday,wd3/lowell/LowellGroup_Careers2,,26,26,complete,yes,
workday,wd3/lseg/Careers,,664,664,complete,yes,
workday,wd3/maersk/Maersk_Careers,,1299,1299,complete,yes,
workday,wd3/mango/Mango_Work_Your_Passion,,1644,1644,complete,yes,
workday,wd3/manulife/MFCJH_Jobs,,650,650,complete,yes,
workday,wd3/marquardbahls/Advario,,18,18,complete,yes,
workday,wd3/mars/External,,819,819,complete,yes,
workday,wd3/mcgill/mcgill_careers,,564,564,complete,yes,
workday,wd3/mckesson/External_Careers,,630,630,complete,yes,
workday,wd3/mdlz/External,,1238,1238,complete,yes,
workday,wd3/michelinhr/Michelin,,745,745,complete,yes,
workday,wd3/miele/miele-jobs,,278,278,complete,yes,
workday,wd3/mlse/MLSE,,59,59,complete,yes,
workday,wd3/modaxo/Trellint,,24,24,complete,yes,
workday,wd3/mq/CareersatMQ,,36,36,complete,yes,
workday,wd3/msamlin/MSAmlinCareers,,20,20,complete,yes,
workday,wd3/msfg/Careers,,6,6,complete,yes,
workday,wd3/mufgub/MUFG-Careers,,694,694,complete,yes,
workday,wd3/murdoch/MurdochCareers,,11,11,complete,yes,
workday,wd3/murex/MurexCareerPage1,,63,63,complete,yes,
workday,wd3/myhr/PlanseeGroup_Career,,198,198,complete,yes,
workday,wd3/myview/sdm_careers,,0,,unverifiable,yes,
workday,wd3/nab/bnz_careers,,18,18,complete,yes,
workday,wd3/nadara/External,,68,68,complete,yes,
workday,wd3/nandos/Nandos,,441,442,count mismatch,yes,
workday,wd3/nanfung/NF_Career,,7,7,complete,yes,
workday,wd3/newcastle/NBSCareers,,12,12,complete,yes,
workday,wd3/nngroup/WDExternal,,193,193,complete,yes,
workday,wd3/noerr/Careers_Legal_Tax_Advisory,,62,62,complete,yes,
workday,wd3/norconsult/Norconsult_Career_Site,,54,54,complete,yes,
workday,wd3/norgesgruppen/karriere,,159,159,complete,yes,
workday,wd3/novartis/Novartis_Careers,,823,823,complete,yes,
workday,wd3/nrf/External,,116,116,complete,yes,
workday,wd3/nttlimited/ntt_careers,,841,841,complete,yes,
workday,wd3/ntu/Careers,,738,738,complete,yes,
workday,wd3/nutreco/Nutreco_External,,176,176,complete,yes,
workday,wd3/nxp/careers,,784,784,complete,yes,
workday,wd3/ofcom/Ofcom_Careers,,10,10,complete,yes,
workday,wd3/oh/OH,,15,15,complete,yes,
workday,wd3/oldmutual/Old_Mutual_Careers,,533,533,complete,yes,
workday,wd3/onehealthineers/SHSJB,,510,510,complete,yes,
workday,wd3/optiva/Qvantel_external_career_site,,26,26,complete,yes,
workday,wd3/ossur/OssurCareersGlobal,,24,24,complete,yes,
workday,wd3/otppb/OntarioTeachers_Careers,,30,30,complete,yes,
workday,wd3/pauliggroup/paulig,,15,15,complete,yes,
workday,wd3/peopleplus/SCB_Careers,,67,67,complete,yes,
workday,wd3/pernodricard/pernod-ricard,,294,295,complete,yes,
workday,wd3/pfg/SaveonfoodsCareers,,328,328,complete,yes,
workday,wd3/philips/jobs-and-careers,,845,845,complete,yes,
workday,wd3/pierrefabre/External_Career_Site,,247,247,complete,yes,
workday,wd3/pladis/pladis_Careers,,116,116,complete,yes,
workday,wd3/pluxee/Pluxee_Career_Site,,173,173,complete,yes,
workday,wd3/polpharma/Polpharma,,133,133,complete,yes,
workday,wd3/ponsse/PonsseCareers,,3,3,complete,yes,
workday,wd3/promutuel/promutuel_carrieres,,99,99,complete,yes,
workday,wd3/prudential/prudential,,477,477,complete,yes,
workday,wd3/prysmiangroup/Careers,,598,598,complete,yes,
workday,wd3/pwc/Global_Experienced_Careers,,3894,,unverifiable,yes,
workday,wd3/pzcussons/CareersPZCussons,,26,26,complete,yes,
workday,wd3/q8hcm/External_KPNWE,,27,27,complete,yes,
workday,wd3/ratp/RATP_Externe,,126,126,complete,yes,
workday,wd3/rbc/RBCEARLYTALENT1,,44,44,complete,yes,
workday,wd3/rbnz/RBNZ,,4,4,complete,yes,
workday,wd3/reagroup/reacareers,,27,27,complete,yes,
workday,wd3/recoveryfocus/Recovery_Focus_Careers,,187,187,complete,yes,
workday,wd3/redbulltechnology/RB_Racing,,0,,unreachable,yes,HTTP 422
workday,wd3/relx/RiskSolutions,,194,194,complete,yes,
workday,wd3/repsol/Repsol,,66,66,complete,yes,
workday,wd3/resmed/ResMed_External_Careers,,242,242,complete,yes,
workday,wd3/richardson/Richardson_Our_Careers,,114,114,complete,yes,
workday,wd3/rmit/RMIT_Careers,,47,47,complete,yes,
workday,wd3/roche/roche-ext,,1178,1178,complete,yes,
workday,wd3/rockwoolgroup/ROCKWOOL,,245,245,complete,yes,
workday,wd3/rollsroyce/professional,,481,481,complete,yes,
workday,wd3/roquette/External,,94,94,complete,yes,
workday,wd3/rothschildandco/RothschildAndCo_Lateral,,120,120,complete,yes,
workday,wd3/rsllc/rsllc,,47,47,complete,yes,
workday,wd3/safeguardglobal/External_Careers,,20,20,complete,yes,
workday,wd3/saintsfc/SFC001,,8,8,complete,yes,
workday,wd3/salvationarmy/Volunteer,,527,527,complete,yes,
workday,wd3/sandvik/sandvik-jobs,,404,404,complete,yes,
workday,wd3/sanoma/Sanoma_Learning,,17,17,complete,yes,
workday,wd3/santander/SantanderCareers,,930,930,complete,yes,
workday,wd3/saxobank/CareeratSaxoBank,,53,53,complete,yes,
workday,wd3/sec/Samsung_Careers,,661,661,complete,yes,
workday,wd3/sellagroup/ID01,,29,29,complete,yes,
workday,wd3/shell/ShellCareers,,129,129,complete,yes,
workday,wd3/simcorp/SimCorp_Jobs,,264,264,complete,yes,
workday,wd3/simpro/Simpro_External_Careers,,46,46,complete,yes,
workday,wd3/singpost/externalCareersSite,,21,21,complete,yes,
workday,wd3/sky/sky_careers,,37,37,complete,yes,
workday,wd3/slc/SLC_Careers,,2,2,complete,yes,
workday,wd3/slihrms/Careers,,2000,,unverifiable,yes,
workday,wd3/springernature/SpringerNatureCareers,,72,72,complete,yes,
workday,wd3/stark/Beijer-Karriaer,,18,18,complete,yes,
workday,wd3/sunlife/Experienced-Jobs,,275,275,complete,yes,
workday,wd3/surbanajurong/careersatsmec,,217,217,complete,yes,
workday,wd3/suse/Jobsatsuse,,26,26,complete,yes,
workday,wd3/svha/SVHA_SVHA,,227,227,complete,yes,
workday,wd3/swarovski/swarovski,,784,784,complete,yes,
workday,wd3/swift/Join-Swift,,85,85,complete,yes,
workday,wd3/swisslife/Swiss_Life_International_Division_Career_Site,,29,29,complete,yes,
workday,wd3/talentmanagementsolution/JonasSoftwareUSA,,25,25,complete,yes,
workday,wd3/td/TD_Bank_Careers,,1515,1515,complete,yes,
workday,wd3/techem/TechemGermanyExternalCareerSiteAllJobs,,55,55,complete,yes,
workday,wd3/teliacompany/Telia_careers,,71,71,complete,yes,
workday,wd3/thales/Careers,,2000,,unverifiable,yes,
workday,wd3/theapexgroup/apexgroupcareers,,1036,1036,complete,yes,
workday,wd5/abbott/abbottcareers,,2000,,unverifiable,yes,
workday,wd5/adobe/external_experienced,,526,526,complete,yes,
workday,wd5/agilent/Agilent_Careers,,346,346,complete,yes,
workday,wd5/agilent/Agilent_Student_Careers,,37,37,complete,yes,
workday,wd5/albemarle/External,,55,55,complete,yes,
workday,wd5/allegion/careers,,330,330,complete,yes,
workday,wd5/ameriprise/Ameriprise,,191,191,complete,yes,
workday,wd5/athene/Apollo_Careers,,66,66,complete,yes,
workday,wd5/bakerhughes/BakerHughes,,663,663,complete,yes,
workday,wd5/bf/USA_Canada,,28,28,complete,yes,
workday,wd5/bristolmyerssquibb/BMS,,677,677,complete,yes,
workday,wd5/broadridge/Careers,,284,284,complete,yes,
workday,wd5/carrier/jobs,,1053,1053,complete,yes,
workday,wd5/cat/CaterpillarCareers,,886,886,complete,yes,
workday,wd5/cbrands/CBI_External_Careers,,86,86,complete,yes,
workday,wd5/centene/centene_external,,327,327,complete,yes,
workday,wd5/chevron/jobs,,123,123,complete,yes,
workday,wd5/cigna/cignacareers,,561,561,complete,yes,
workday,wd5/cisco/Cisco_Careers,,1338,1338,complete,yes,
workday,wd5/citi/2,,2000,,unverifiable,yes,
workday,wd5/corteva/Corteva,,115,115,complete,yes,
workday,wd5/crowdstrike/crowdstrikecareers,,356,356,complete,yes,
workday,wd5/deckers/Deckers,,418,418,complete,yes,
workday,wd5/devonenergy/Careers,,48,48,complete,yes,
workday,wd5/disney/disneycareer,,601,601,complete,yes,
workday,wd5/dollartree/dollartreeus,,10020,,unverifiable,yes,
workday,wd5/dupont/Jobs,,201,201,complete,yes,
workday,wd5/ebay/apply,,294,294,complete,yes,
workday,wd5/everestre/careers,,51,51,complete,yes,
workday,wd5/ffive/f5jobs,,210,210,complete,yes,
workday,wd5/fis/SearchJobs,,503,503,complete,yes,
workday,wd5/fiserv/EXT,,275,275,complete,yes,
workday,wd5/flagshipinc/flagshipinc,,147,147,complete,yes,
workday,wd5/flagstar/flagstar,,244,244,complete,yes,
workday,wd5/floridatech/FloridaTechCareers,,40,40,complete,yes,
workday,wd5/franklintempleton/Primary-External-1,,0,,unverifiable,yes,
workday,wd5/frostbank/External,,168,168,complete,yes,
workday,wd5/gartner/EXT,,757,757,complete,yes,
workday,wd5/gdit/External_Career_Site,,1250,1250,complete,yes,
workday,wd5/geaerospace/ge_externalsite,,523,523,complete,yes,
workday,wd5/geha/GEHACareers,,11,11,complete,yes,
workday,wd5/gehc/GEHC_ExternalSite,,957,957,complete,yes,
workday,wd5/generac/External,,451,451,complete,yes,
workday,wd5/generac/ExternalCareers,,55,55,complete,yes,
workday,wd5/generalmotors/Careers_GM,,790,790,complete,yes,
workday,wd5/georgesinc/JoinGeorges,,127,127,complete,yes,
workday,wd5/georgia/TGC,,1453,1453,complete,yes,
workday,wd5/gevernova/Vernova_ExternalSite,,2123,,unverifiable,yes,
workday,wd5/gfs/usjobs-gen-gfs,,667,667,complete,yes,
workday,wd5/globalhr/REC_RTX_Ext_Gateway,,4807,,unverifiable,yes,
workday,wd5/globelife/Globe-Life-Careers,,34,34,complete,yes,
workday,wd5/globusmedical/GMED_Careers,,345,345,complete,yes,
workday,wd5/goddardenterprisesltd/goddardenteterprisesltd,,143,143,complete,yes,
workday,wd5/goto/GoToCareers,,14,14,complete,yes,
workday,wd5/greif/Greif,,281,281,complete,yes,
workday,wd5/gsk/GSKCareers,,699,699,complete,yes,
workday,wd5/guardianlife/Guardian-Life-Careers,,124,124,complete,yes,
workday,wd5/guardianpharmacy/Guardian_Pharmacy,,177,177,complete,yes,
workday,wd5/guestservices/GSI,,306,306,complete,yes,
workday,wd5/gundersenhealth/gundersen,,420,420,complete,yes,
workday,wd5/hagerty/hagerty,,14,14,complete,yes,
workday,wd5/hamline/Default_Career_Site,,12,12,complete,yes,
workday,wd5/hcmportal/Search,,1481,1481,complete,yes,
workday,wd5/healthcatalyst/healthcatalystcareers,,8,8,complete,yes,
workday,wd5/hexcel/HexcelCareers,,152,152,complete,yes,
workday,wd5/hffoodsgroup/HFFoodsCareers,,57,57,complete,yes,
workday,wd5/hhc/HHC,,85,85,complete,yes,
workday,wd5/hmfp/HMFP,,213,213,complete,yes,
workday,wd5/hntb/HNTB_University_Careers,,177,177,complete,yes,
workday,wd5/homedepot/careerdepot,,985,985,complete,yes,
workday,wd5/hornbeckoffshore/Hornbeck,,11,11,complete,yes,
workday,wd5/hospicecom/Volunteer,,175,175,complete,yes,
workday,wd5/hp/ExternalCareerSite,,923,923,complete,yes,
workday,wd5/hpe/Jobsathpe,,1427,1427,complete,yes,
workday,wd5/hpinc/hpinc,,74,74,complete,yes,
workday,wd5/humana/Humana_External_Career_Site,,293,293,complete,yes,
workday,wd5/huntingtonhospital/HuntingtonHospitalCareers,,31,31,complete,yes,
workday,wd5/icf/ICFExternal_Career_Site,,397,397,complete,yes,
workday,wd5/idexcorp/Abel,,13,13,complete,yes,
workday,wd5/iff/IFF_Careers,,329,329,complete,yes,
workday,wd5/iheartmedia/External_iHM,,301,301,complete,yes,
workday,wd5/ilitch/LC,,987,987,complete,yes,
workday,wd5/imf/IMF,,16,16,complete,yes,
workday,wd5/ingrammicro/IngramMicro,,505,505,complete,yes,
workday,wd5/interiorlogicgroup/CareersatILG,,50,50,complete,yes,
workday,wd5/irhythmtech/irhythm,,59,59,complete,yes,
workday,wd5/ironmountain/iron-mountain-jobs,,329,329,complete,yes,
workday,wd5/irsc/External,,114,114,complete,yes,
workday,wd5/itron/Itron,,61,61,complete,yes,
workday,wd5/itw/external,,771,771,complete,yes,
workday,wd5/ivyrehab/Ivy_Rehab,,1002,1002,complete,yes,
workday,wd5/jabil/Jabil_Careers,,2000,,unverifiable,yes,
workday,wd5/jci/JCI,,2601,,unverifiable,yes,
workday,wd5/jeffersonhealth/ThomasJeffersonExternal,,1418,1418,complete,yes,
workday,wd5/jj/JJ,,1782,1782,complete,yes,
workday,wd5/johnsonbrothers/JohnsonBrothers,,176,176,complete,yes,
workday,wd5/kbr/KBR_Careers,,1797,1797,complete,yes,
workday,wd5/keybank/External_Career_Site,,570,570,complete,yes,
workday,wd5/kyndryl/KyndrylProfessionalCareers,,883,883,complete,yes,
workday,wd5/languageline/LLS_Careers,,158,158,complete,yes,
workday,wd5/learfield/Amplify,,5,5,complete,yes,
workday,wd5/leidos/External,,2000,,unverifiable,yes,
workday,wd5/levistraussandco/External,,1297,1297,complete,yes,
workday,wd5/lgi/LGI_Careers,,60,60,complete,yes,
workday,wd5/liberty/lu_job_board_staff,,65,65,complete,yes,
workday,wd5/lifestance/Careers,,111,111,complete,yes,
workday,wd5/liveramp/LiveRampCareers,,0,,unreachable,yes,HTTP 403
workday,wd5/lnw/LightWonderExternalCareers,,113,113,complete,yes,
workday,wd5/loewshotels/loewshotels,,316,316,complete,yes,
workday,wd5/logitech/Logitech,,216,216,complete,yes,
workday,wd5/lowes/lws_external_cs,,10020,,unverifiable,yes,
workday,wd5/loyola/External,,50,50,complete,yes,
workday,wd5/lumentum/LITE,,257,257,complete,yes,
workday,wd5/magellanhealth/magellan_health_careers,,403,403,complete,yes,
workday,wd5/maine/Executive,,201,201,complete,yes,
workday,wd5/mainsailhotels/Mainsail_Property_Management,,46,46,complete,yes,
workday,wd5/manh/External,,29,29,complete,yes,
workday,wd5/markelcorp/GlobalCareers,,142,142,complete,yes,
workday,wd5/masseyservices/masseyservices,,343,343,complete,yes,
workday,wd5/medline/Medline,,616,616,complete,yes,
workday,wd5/meijer/Meijer_Stores_Hourly,,1419,1420,complete,yes,
workday,wd5/mercycare/Mercy_Cedar_Rapids_Careers,,205,205,complete,yes,
workday,wd5/meredith/EXT,,39,39,complete,yes,
workday,wd5/mes/Careers,,24,24,complete,yes,
workday,wd5/metmuseum/metmuseumcareers,,17,17,complete,yes,
workday,wd5/mgmresorts/MGMCareers,,442,442,complete,yes,
workday,wd5/miamioh/miamioh-faculty,,59,59,complete,yes,
workday,wd5/mica/Student,,31,31,complete,yes,
workday,wd5/michaels/External,,2000,,unverifiable,yes,
workday,wd5/montagehealth/Montage_Health,,83,83,complete,yes,
workday,wd5/moog/MOOG_External_Career_Site,,456,456,complete,yes,
workday,wd5/morningstar/Americas,,33,33,complete,yes,
workday,wd5/mosaic/mosaic,,130,130,complete,yes,
workday,wd5/motorolasolutions/Careers,,894,894,complete,yes,
workday,wd5/ms/External,,1355,1355,complete,yes,
workday,wd5/msd/SearchJobs,,990,990,complete,yes,
workday,wd5/mtb/MTB,,788,788,complete,yes,
workday,wd5/mtmus/ExternalCareers,,11,11,complete,yes,
workday,wd5/muellerwaterproducts/Mueller,,65,65,complete,yes,
workday,wd5/mydpr/11212017,,444,444,complete,yes,
workday,wd5/myhrabc/Global,,994,994,complete,yes,
workday,wd5/mymvw/MVW,,540,540,complete,yes,
workday,wd5/myworkdaycenter/TPCO,,3,3,complete,yes,
workday,wd5/nacoal/nacoal,,11,11,complete,yes,
workday,wd5/nationwidechildrens/NCHCareers,,561,561,complete,yes,
workday,wd5/neurocrine/Neurocrinecareers,,161,161,complete,yes,
workday,wd5/nexstar/nexstar,,608,608,complete,yes,
workday,wd5/niagarawater/Niagara,,344,344,complete,yes,
workday,wd5/northwesternmutual/corporate-careers,,80,80,complete,yes,
workday,wd5/nphosting/CC_Careers,,88,88,complete,yes,
workday,wd5/nvent/nVent,,572,572,complete,yes,
workday,wd5/nvidia/NVIDIAExternalCareerSite,,1999,,unverifiable,yes,
workday,wd5/obama/Careers,,9,9,complete,yes,
workday,wd5/odl/robover,,2,2,complete,yes,
workday,wd5/oregon/SOR_External_Career_Site,,243,243,complete,yes,
workday,wd5/orionsteel/externalcareers,,83,83,complete,yes,
workday,wd5/osfglobal/OSF,,5,5,complete,yes,
workday,wd5/oshkoshcorporation/Oshkosh,,551,551,complete,yes,
workday,wd5/ouryahoo/careers,,105,105,complete,yes,
workday,wd5/ovationhealthcare/ovationhealthcare,,60,60,complete,yes,
workday,wd5/oxford/TommyBahamaUS,,347,347,complete,yes,
workday,wd5/oxy/Corporate,,46,46,complete,yes,
workday,wd5/oxy/UniversityRelations,,26,26,complete,yes,
workday,wd5/paho/pahocareers,,15,15,complete,yes,
workday,wd5/paloaltonetworks/panwexternalcareers,,1513,1513,complete,yes,
workday,wd5/parsons/Search,,1931,1934,count mismatch,yes,
workday,wd5/pentair/Pentair_Careers,,124,124,complete,yes,
workday,wd5/pewtrusts/TrustsExternal,,13,13,complete,yes,
workday,wd5/pg/1000,,825,825,complete,yes,
workday,wd5/pimacounty/pimacareers,,122,122,complete,yes,
workday,wd5/pinebridge/PineBridge_Career_Site,,13,13,complete,yes,
workday,wd5/plugpower/Plug_Power_Inc,,78,78,complete,yes,
workday,wd5/pmpediatrics/Corporate,,5,5,complete,yes,
workday,wd5/pnc/External,,2000,,unverifiable,yes,
workday,wd5/polaris/PolarisJobs,,147,147,complete,yes,
workday,wd5/polly/polly,,8,8,complete,yes,
workday,wd5/portlandgeneral/pgn,,28,28,complete,yes,
workday,wd5/proassurance/ProAssurance,,7,7,complete,yes,
workday,wd5/progyny/progyny,,18,18,complete,yes,
workday,wd5/prologis/Prologis_External_Careers,,67,67,complete,yes,
workday,wd5/proofpoint/proofpointcareers,,119,119,complete,yes,
workday,wd5/pru/Careers,,165,165,complete,yes,
workday,wd5/qualifacts/Qualifacts_External_Careers,,32,32,complete,yes,
workday,wd5/qualys/Careers,,152,152,complete,yes,
workday,wd5/quickenloans/rocket_careers,,381,381,complete,yes,
workday,wd5/qvc/QRG,,139,139,complete,yes,
workday,wd5/rand/External_Career_Site,,9,9,complete,yes,
workday,wd5/rb/FRS,,176,176,complete,yes,
workday,wd5/reddyice/ReddyIceExternal,,87,87,complete,yes,
workday,wd5/regions/Regions_Careers,,468,468,complete,yes,
workday,wd5/remitly/Remitly_Careers,,163,163,complete,yes,
workday,wd5/republic/Republic,,1721,1721,complete,yes,
workday,wd5/rhsc/Delta_Dental_of_Michigan,,31,31,complete,yes,
workday,wd5/ri/RI,,79,79,complete,yes,
workday,wd5/richmond/student,,51,51,complete,yes,
workday,wd5/rochester/UR_Staff,,1396,1396,complete,yes,
workday,wd5/rocket/rocket_careers,,56,56,complete,yes,
workday,wd5/rrhs/RRH,,1378,1378,complete,yes,
workday,wd5/russell/russellinvestments,,30,30,complete,yes,
workday,wd5/saputo/Saputo_External_Careers,,283,283,complete,yes,
workday,wd5/sarepta/sarepta_external,,22,22,complete,yes,
workday,wd5/scholastic/External,,104,104,complete,yes,
workday,wd5/scj/External_Career_Site,,118,118,complete,yes,
workday,wd5/sevencounties/SevenCountiesCareers,,123,123,complete,yes,
workday,wd5/sfcollege/SFcareers,,97,97,complete,yes,
workday,wd5/skadden/skadden_careers,,59,59,complete,yes,
workday,wd5/skechers/One-career-site,,1670,1670,complete,yes,
workday,wd5/slu/Careers,,71,71,complete,yes,
workday,wd5/smithcollege/smithcollege,,37,37,complete,yes,
workday,wd5/smithnephew/External,,308,308,complete,yes,
workday,wd5/solera/Global_Career_Site,,173,173,complete,yes,
workday,wd5/southstatebank/external,,181,181,complete,yes,
workday,wd5/spgi/SPGI_Careers,,264,264,complete,yes,
workday,wd5/sterlingmets/mets,,19,19,complete,yes,
workday,wd5/stevens/External,,30,30,complete,yes,
workday,wd5/stvinc/stv,,390,390,complete,yes,
workday,wd5/synchronyfinancial/careers,,36,36,complete,yes,
workday,wd5/synnex/tdsynnexcareers,,804,804,complete,yes,
workday,wd5/sysco/syscocareers,,2000,,unverifiable,yes,
workday,wd5/target/targetcareers,,2000,,unverifiable,yes,
workday,wd5/taylormadegolf/taylormadegolf,,53,53,complete,yes,
workday,wd5/teamwass/WassermanCareers,,108,108,complete,yes,
workday,wd5/tempus/Tempus_Careers,,153,153,complete,yes,
workday,wd5/thehartford/Careers_External,,231,231,complete,yes,
workday,wd5/theocc/careers,,76,76,complete,yes,
workday,wd5/thermofisher/ThermoFisherCareers,,2941,,unverifiable,yes,
workday,wd5/thinkbrg/BRG_External_Career_Site,,135,135,complete,yes,
workday,wd5/thomsonreuters/External_Career_Site,,427,427,complete,yes,
workday,wd5/tollgroup/TollGroup,,244,244,complete,yes,
workday,wd5/topbloc/TopBloc_Careers,,46,46,complete,yes,
workday,wd5/townepark/ext,,512,512,complete,yes,
workday,wd5/transamerica/US,,161,161,complete,yes,
workday,wd5/transperfect/transperfect,,321,321,complete,yes,
workday,wd5/transunion/TransUnion,,230,230,complete,yes,
workday,wd5/travelers/External,,377,377,complete,yes,
workday,wd5/troweprice/TRowePrice,,141,141,complete,yes,
workday,wd5/tysonfoods/TSN,,618,618,complete,yes,
workday,wd5/uasys/UASYS,,721,721,complete,yes,
workday,wd5/ucar/UCAR_Careers,,10,10,complete,yes,
workday,wd5/uchicago/External,,402,402,complete,yes,
workday,wd5/umassglobal/UMassGlobalCareers,,6,6,complete,yes,
workday,wd5/umusic/UMGUS,,29,29,complete,yes,
workday,wd5/unisys/External,,417,417,complete,yes,
workday,wd5/usc/ExternalUSCCareers,,733,733,complete,yes,
workday,wd5/usfca/USF_Full-Time_Faculty,,5,5,complete,yes,
workday,wd5/usnh/Careers,,265,265,complete,yes,
workday,wd5/vanguard/vanguard_external,,344,344,complete,yes,
workday,wd5/velera/VeleraCareers,,27,27,complete,yes,
workday,wd5/vfc/vfc_careers,,1327,1327,complete,yes,
workday,wd5/viatris/External,,363,363,complete,yes,
workday,wd5/visa/Visa,,785,785,complete,yes,
workday,wd5/vst/vistra_careers,,163,163,complete,yes,
workday,wd5/warnerbros/global,,283,283,complete,yes,
workday,wd5/washpost/washingtonpostcareers,,59,59,complete,yes,
workday,wd5/wattswater/External,,217,217,complete,yes,
workday,wd5/wellington/External,,124,124,complete,yes,
workday,wd5/wesleyan/careers,,27,27,complete,yes,
workday,wd5/westernalliancebank/WAB,,180,180,complete,yes,
workday,wd5/wexinc/WEXInc,,86,86,complete,yes,
workday,wd5/wgl/altagas,,42,42,complete,yes,
workday,wd5/wgu/External,,97,97,complete,yes,
workday,wd5/williams/External,,125,125,complete,yes,
workday,wd5/williams/PowerExternal,,40,40,complete,yes,
workday,wd5/woodruffcenter/woodruffcenter,,27,27,complete,yes,
workday,wd5/workday/Workday,,372,372,complete,yes,
workday,wd5/wpi/WPI_External_Career_Site,,84,84,complete,yes,
workday,wd5/wsu/WSU_Jobs,,80,80,complete,yes,
workday,wd5/wwecorp/IMG,,26,26,complete,yes,
workday,wd5/wynd/External,,854,854,complete,yes,
workday,wd5/xylem/xylem-careers,,516,516,complete,yes,
workday,wd5/yakimacounty/YakimaCountyWA,,14,14,complete,yes,
workday,wd5/younglife/YoungLife_Careers,,297,297,complete,yes,
workday,wd5/zillow/Zillow_Group_External,,121,121,complete,yes,
workday,wd5/zoetis/zoetis,,111,111,complete,yes,
workday,wd5/zoll/zollmedicalcorp,,237,237,complete,yes,
workday,wd5/zoom/Zoom,,93,93,complete,yes,
workday,wd501/artbrew/Art_Brew_Ventures,,78,78,complete,yes,
workday,wd501/bacr/BACR,,43,43,complete,yes,
workday,wd501/candescent/Hiring,,73,73,complete,yes,
workday,wd501/claylacy/Clay_Lacy_Aviation_Careers,,12,12,complete,yes,
workday,wd501/ddcdine/DDC_Careers,,87,87,complete,yes,
workday,wd501/directsupply/direct-supply-careers,,54,54,complete,yes,
workday,wd501/emerysapp/ESS,,99,99,complete,yes,
workday,wd501/employeeownedbrands/Crystal,,26,26,complete,yes,
workday,wd501/entandallergy/Careers,,99,99,complete,yes,
workday,wd501/essc/ESSC_Careers,,142,142,complete,yes,
workday,wd501/gorbel/gorbelcareers,,22,22,complete,yes,
workday,wd501/hebrewseniorlife/HebrewSeniorLifeCareers,,157,157,complete,yes,
workday,wd501/jbhunt/Careers,,504,504,complete,yes,
workday,wd501/madrigalpharma/Madrigal,,61,61,complete,yes,
workday,wd501/marathonhealth/Marathon-Health-Careers,,529,529,complete,yes,
workday,wd501/modmed/ModMed12,,70,70,complete,yes,
workday,wd501/nordsonhcm/nordsoncareers,,250,250,complete,yes,
workday,wd501/nordstrom/nordstrom_careers,,1351,1351,complete,yes,
workday,wd501/nttglobaldatacenters/External,,230,230,complete,yes,
workday,wd501/pensions/BOP,,4,4,complete,yes,
workday,wd501/pipersandler/Piper_Sandler_Careers,,52,52,complete,yes,
workday,wd501/pursuitcollection/pursuit,,100,100,complete,yes,
workday,wd501/seaportdevelopmentholdings/Seaport_External_Careers,,28,28,complete,yes,
workday,wd501/topgolf/TopgolfCareers,,730,730,complete,yes,
workday,wd501/wri/WRI_India,,1,1,complete,yes,
workday,wd501/zebra/Zebra_careers,,239,239,complete,yes,
workday,wd502/acronis/acronis_careers,,30,30,complete,yes,
workday,wd502/hengeler/HM-Candidate_Events,,7,7,complete,yes,
workday,wd502/sulzer/SulzerJobs,,349,349,complete,yes,
workday,wd503/9dot/OFL_Careers,,14,14,complete,yes,
workday,wd503/audubon/Audubon,,35,35,complete,yes,
workday,wd503/avant/External_Careers,,10,10,complete,yes,
workday,wd503/bonadio/Bonadio_Careers,,44,44,complete,yes,
workday,wd503/boseallaboutme/Bose_Careers,,84,84,complete,yes,
workday,wd503/busey/busey,,118,118,complete,yes,
workday,wd503/cni/CNI,,82,82,complete,yes,
workday,wd503/fhsu/CAREERS,,18,18,complete,yes,
workday,wd503/fortress/Careers,,9,9,complete,yes,
workday,wd503/greathearts/GreatHearts_Careers,,186,186,complete,yes,
workday,wd503/hfecorp/palace_jobs,,114,114,complete,yes,
workday,wd503/hypertherm/hypertherm-careers,,39,39,complete,yes,
workday,wd503/invitationhomes/INVH,,62,62,complete,yes,
workday,wd503/livenation/LNExternalSite,,1423,1423,complete,yes,
workday,wd503/medable/explore-career-opportunities,,4,4,complete,yes,
workday,wd503/mfainc/MFA,,117,117,complete,yes,
workday,wd503/nutexhealth/nutexhealthcareers,,108,108,complete,yes,
workday,wd503/outsystems/OutSystems,,89,89,complete,yes,
workday,wd503/parr/PARR,,55,55,complete,yes,
workday,wd503/qnity/Jobs,,425,425,complete,yes,
workday,wd503/relatedgroup/relatedgroupcareers,,7,7,complete,yes,
workday,wd503/risepoint/Risepoint,,26,26,complete,yes,
workday,wd503/saintleo/SLU,,83,83,complete,yes,
workday,wd503/toyota/TLAC,,124,124,complete,yes,
workday,wd503/ufpi/ufpi,,408,408,complete,yes,
workday,wd503/ulsselu/SLU,,21,21,complete,yes,
workday,wd503/uniphore/Uniphore,,35,35,complete,yes,
workday,wd503/ventas/ventas_careers,,6,6,complete,yes,
workday,wd504/accendra/AccendraCareers,,283,283,complete,yes,
workday,wd504/cff/explore-career-opportunities,,14,14,complete,yes,
workday,wd504/insmed/EXTERNAL,,103,103,complete,yes,
workday,wd504/kohls/kohlscareers,,2000,,unverifiable,yes,
workday,wd504/otis/REC_Ext_Gateway,,1389,1389,complete,yes,
workday,wd504/paqinc/paq_careers,,86,86,complete,yes,
