day,event,company,company_display,name_review,employer_type,ats,title,role_family,seniority,is_management,location,department,first_seen,last_seen,same_role_elsewhere,coverage,confidence,basis,vendor_updated,vendor_lag_days,url
2026-10-05,closed,j,j,token,unverified,workable,Freelance Clinical Research Associate (Lithuania),other,junior,False,Lithuania,Commercial Operations,2026-09-16,2026-10-04,False,,medium,workable publishes no count; whole board returned in one call,,,https://apply.workable.com/j/B42A669003
2026-10-05,closed,j,j,token,unverified,workable,Front Office Support Manager,support,manager,True,"Redhill, England, United Kingdom",Mobility,2026-09-16,2026-10-04,False,,medium,workable publishes no count; whole board returned in one call,,,https://apply.workable.com/j/FAD8F323B4
2026-10-05,closed,j,j,token,unverified,workable,GAIN- Central Finance- Senior Finance Data Analyst,data,senior,False,"Mumbai, Maharashtra, India",Central Finance,2026-10-01,2026-10-04,False,,medium,workable publishes no count; whole board returned in one call,,,https://apply.workable.com/j/9AED925DCA
2026-10-05,closed,j,j,token,unverified,workable,Global Key Account Programme Manager,other,manager,True,"san Jose, Costa Rica",Business Services Professionals,2026-09-16,2026-10-04,False,,medium,workable publishes no count; whole board returned in one call,,,https://apply.workable.com/j/70CF654FFC
2026-10-05,closed,j,j,token,unverified,workable,Global Key Account Programme Manager,other,manager,True,"Ottawa, Ontario, Canada; Toronto, Ontario, Canada; Montreal, Quebec, Canada",Business Services Professionals,2026-09-16,2026-10-04,False,,medium,workable publishes no count; whole board returned in one call,,,https://apply.workable.com/j/DB1FA2E43B
2026-10-05,closed,j,j,token,unverified,workable,Graduate Client Success Co-ordinator - Wallpaper - 12 Month FTC,support,junior,False,"London, England, United Kingdom",Revenue - Commercial,2026-10-02,2026-10-04,False,,medium,workable publishes no count; whole board returned in one call,,,https://apply.workable.com/j/B183804B97
2026-10-05,closed,j,j,token,unverified,workable,Graphic Designer / Sr. Graphic Designer,design,senior,False,"Gurugram, Haryana, India",Lakshya India,2026-09-22,2026-10-04,False,,medium,workable publishes no count; whole board returned in one call,,,https://apply.workable.com/j/76C43A0709
2026-10-05,closed,j,j,token,unverified,workable,Growth Associate,marketing,junior,False,"Dallas, Texas, United States",,2026-09-16,2026-10-04,False,,medium,workable publishes no count; whole board returned in one call,,,https://apply.workable.com/j/8CFA17AC8A
2026-10-05,closed,j,j,token,unverified,workable,HR Admin Associate,people,junior,False,"General Santos, Soccsksargen (Region XII), Philippines",,2026-09-28,2026-10-04,False,,medium,workable publishes no count; whole board returned in one call,,,https://apply.workable.com/j/F91E335560
2026-10-05,closed,j,j,token,unverified,workable,Head of Growth Marketing,marketing,lead,True,United States,,2026-09-16,2026-10-04,False,,medium,workable publishes no count; whole board returned in one call,,,https://apply.workable.com/j/074D6093B5
2026-10-05,closed,j,j,token,unverified,workable,Head of IT and Systems,other,lead,True,"Cambridge, England, United Kingdom",,2026-10-01,2026-10-04,False,,medium,workable publishes no count; whole board returned in one call,,,https://apply.workable.com/j/B2D4A6C2DB
2026-10-05,closed,j,j,token,unverified,workable,Health and Safety (EHS) Lead,other,lead,False,"Dresden, Saxony, Germany",Data Centre,2026-09-16,2026-10-04,False,,medium,workable publishes no count; whole board returned in one call,,,https://apply.workable.com/j/E238890F6A
2026-10-05,closed,j,j,token,unverified,workable,Health and Safety (EHS) Lead - Data Centre Projects in Europe,other,lead,False,"Hessen, Hessen, Germany",Data Centre,2026-09-16,2026-10-04,False,,medium,workable publishes no count; whole board returned in one call,,,https://apply.workable.com/j/5C0100B2E0
2026-10-05,closed,j,j,token,unverified,workable,"Health, Safety and Compliance Specialist",legal,unspecified,False,"London, England, United Kingdom",,2026-09-16,2026-10-04,False,,medium,workable publishes no count; whole board returned in one call,,,https://apply.workable.com/j/7AAD27CFFB
2026-10-05,closed,j,j,token,unverified,workable,IT Support Manager,support,manager,True,"Gurugram, Haryana, India",,2026-09-30,2026-10-04,False,,medium,workable publishes no count; whole board returned in one call,,,https://apply.workable.com/j/5BE81768A2
2026-10-05,closed,j,j,token,unverified,workable,Intern: Engineering,engineering,intern,False,"Windhoek, Khomas Region, Namibia",Commercial,2026-09-30,2026-10-04,False,,medium,workable publishes no count; whole board returned in one call,,,https://apply.workable.com/j/99B3E921DA
2026-10-05,closed,j,j,token,unverified,workable,Junior Comercial de Mercado,other,junior,False,"Madrid, Community of Madrid, Spain",,2026-09-16,2026-10-04,False,,medium,workable publishes no count; whole board returned in one call,,,https://apply.workable.com/j/69C4B8D2E3
2026-10-05,closed,j,j,token,unverified,workable,Lead Consultant (Marketing),marketing,lead,False,"London, England, United Kingdom",Marketing and Consulting,2026-09-16,2026-10-04,False,,medium,workable publishes no count; whole board returned in one call,,,https://apply.workable.com/j/9E0896E817
2026-10-05,closed,j,j,token,unverified,workable,"Lead, CEO’s Office",other,c-level,False,"Shibuya, Tokyo, Japan",Direct to CEO,2026-09-16,2026-10-04,False,,medium,workable publishes no count; whole board returned in one call,,,https://apply.workable.com/j/6175754C37
2026-10-05,closed,j,j,token,unverified,workable,Learning Manager (Professional Development),other,manager,True,United Kingdom,Professional Development,2026-09-16,2026-10-04,False,,medium,workable publishes no count; whole board returned in one call,,,https://apply.workable.com/j/D55A5A2506
2026-10-05,closed,j,j,token,unverified,workable,Leistungsbearbeiter Zahnzusatzversicherung (Claims Manager) (all genders),other,manager,True,"Berlin, Berlin, Germany",Operations,2026-09-16,2026-10-04,False,,medium,workable publishes no count; whole board returned in one call,,,https://apply.workable.com/j/1EDC97170B
2026-10-05,closed,j,j,token,unverified,workable,Leistungsbearbeiter Zahnzusatzversicherung (Claims Manager) (all genders)-remote,other,manager,True,Germany,Operations,2026-09-16,2026-10-04,False,,medium,workable publishes no count; whole board returned in one call,,,https://apply.workable.com/j/575AD0E9A8
2026-10-05,closed,j,j,token,unverified,workable,Life Enrichment & Wellbeing Coordinator (Zero Hour Contract),other,unspecified,False,"Bickley, England, United Kingdom",KYN Bickley,2026-09-16,2026-10-04,False,,medium,workable publishes no count; whole board returned in one call,,,https://apply.workable.com/j/62A5374007
2026-10-05,closed,j,j,token,unverified,workable,Logistics and Administration Officer( Temporary Cover),operations,unspecified,False,"Kauda, South Kordofan, Sudan",International Division,2026-09-18,2026-10-04,False,,medium,workable publishes no count; whole board returned in one call,,,https://apply.workable.com/j/01CA07684A
2026-10-05,closed,j,j,token,unverified,workable,MSP Trainer,other,unspecified,False,"General Santos City (Dadiangas), SOCCSKSARGEN, Philippines",,2026-09-16,2026-10-04,False,,medium,workable publishes no count; whole board returned in one call,,,https://apply.workable.com/j/D36FF9C4DB
2026-10-05,closed,j,j,token,unverified,workable,Marketing Manager ZIIP,marketing,manager,True,"Manchester, England, United Kingdom",Marketing,2026-09-16,2026-10-04,False,,medium,workable publishes no count; whole board returned in one call,,,https://apply.workable.com/j/26C33E548C
2026-10-05,closed,j,j,token,unverified,workable,Marketing Senior Manager - Brazil,marketing,senior,True,Brazil,,2026-09-17,2026-10-04,False,,medium,workable publishes no count; whole board returned in one call,,,https://apply.workable.com/j/7A2C3A7930
2026-10-05,closed,j,j,token,unverified,workable,Mastering Operator / Video Editor,other,unspecified,False,"Cairo, Cairo Governorate, Egypt",,2026-09-22,2026-10-04,False,,medium,workable publishes no count; whole board returned in one call,,,https://apply.workable.com/j/93421B30F3
2026-10-05,closed,j,j,token,unverified,workable,Media Planner,other,unspecified,False,United States,B2B,2026-09-28,2026-10-04,False,,medium,workable publishes no count; whole board returned in one call,,,https://apply.workable.com/j/41EA2F45EF
2026-10-05,closed,j,j,token,unverified,workable,"Monitoring, Evaluation, Accountability and Learning (MEAL) Officer",other,unspecified,False,"Kauda, South Kordofan, Sudan",International Division,2026-09-18,2026-10-04,False,,medium,workable publishes no count; whole board returned in one call,,,https://apply.workable.com/j/D0CB38712A
2026-10-05,closed,j,j,token,unverified,workable,"NCISG-0013 Services for Finance, Accounting and Travel Section (NS) - FRI 2 Oct",finance,unspecified,False,"Wesel, North Rhine-Westphalia, Germany",AAS,2026-09-22,2026-10-04,False,,medium,workable publishes no count; whole board returned in one call,,,https://apply.workable.com/j/11477482E4
2026-10-05,closed,j,j,token,unverified,workable,NCISG-0015 Staff Assistant (Personnel Administration) (NS) - FRI 2 Oct,other,staff,False,"Bydgoszcz, Kuyavian-Pomeranian Voivodeship, Poland",AAS,2026-09-22,2026-10-04,False,,medium,workable publishes no count; whole board returned in one call,,,https://apply.workable.com/j/EF5F13129C
2026-10-05,closed,j,j,token,unverified,workable,NCISG-0016 Staff Assistant (Security) (CTS) - FRI 2 Oct,other,staff,False,"Bydgoszcz, Kuyavian-Pomeranian Voivodeship, Poland",AAS,2026-09-22,2026-10-04,False,,medium,workable publishes no count; whole board returned in one call,,,https://apply.workable.com/j/330914F98A
2026-10-05,closed,j,j,token,unverified,workable,NCISG-0017 Comms Operations and Maintenance (NS) - FRI 2 Oct,operations,unspecified,False,"Bydgoszcz, Kuyavian-Pomeranian Voivodeship, Poland",AAS,2026-09-22,2026-10-04,False,,medium,workable publishes no count; whole board returned in one call,,,https://apply.workable.com/j/F9F6E61AAD
2026-10-05,closed,j,j,token,unverified,workable,NCISG-0018 Staff Assistant (Movements) (NS) - FRI 2 Oct,other,staff,False,"Bydgoszcz, Kuyavian-Pomeranian Voivodeship, Poland",AAS,2026-09-22,2026-10-04,False,,medium,workable publishes no count; whole board returned in one call,,,https://apply.workable.com/j/97D55B5399
2026-10-05,closed,j,j,token,unverified,workable,NCISG-0019 Staff Assistant (Ground Logistics) (NS) - FRI 2 Oct,operations,staff,False,"Bydgoszcz, Kuyavian-Pomeranian Voivodeship, Poland",AAS,2026-09-22,2026-10-04,False,,medium,workable publishes no count; whole board returned in one call,,,https://apply.workable.com/j/77B9954C57
2026-10-05,closed,j,j,token,unverified,workable,Newsletters Editor,other,unspecified,False,"London, England, United Kingdom",Editorial,2026-09-16,2026-10-04,False,,medium,workable publishes no count; whole board returned in one call,,,https://apply.workable.com/j/CB358C0587
2026-10-05,closed,j,j,token,unverified,workable,"Office Manager, Dubai (Part-time)",other,manager,True,"Dubai, Dubai, United Arab Emirates",Administration,2026-09-30,2026-10-04,False,,medium,workable publishes no count; whole board returned in one call,,,https://apply.workable.com/j/11FFC13BC9
2026-10-05,closed,j,j,token,unverified,workable,Operations Support Executive - dubizzle Cars (Arabic Speaker),support,unspecified,False,"Dubai, Dubai, United Arab Emirates",UAE,2026-09-30,2026-10-04,False,,medium,workable publishes no count; whole board returned in one call,,,https://apply.workable.com/j/9069A40049
2026-10-05,closed,j,j,token,unverified,workable,Part Time SDR/BDR (Marketing background),sales,unspecified,False,Egypt; Jordan,Operations Department,2026-09-16,2026-10-04,False,,medium,workable publishes no count; whole board returned in one call,,,https://apply.workable.com/j/32C6783CD8
2026-10-05,closed,j,j,token,unverified,workable,Part-time Retail Ambassador - Sunway Pyramid,other,unspecified,False,"Bandar Sunway, Selangor, Malaysia",Retail,2026-09-16,2026-10-04,False,,medium,workable publishes no count; whole board returned in one call,,,https://apply.workable.com/j/6AEA606E0D
2026-10-05,closed,j,j,token,unverified,workable,Partner Finance Officer,finance,unspecified,False,"Kauda, South Kordofan, Sudan",International Division,2026-09-18,2026-10-04,False,,medium,workable publishes no count; whole board returned in one call,,,https://apply.workable.com/j/A7625B95D0
2026-10-05,closed,j,j,token,unverified,workable,Pharmacien Assurance Qualité PRI (H/F),other,unspecified,False,"Dreux, Centre-Val de Loire, France",Operations,2026-09-16,2026-10-04,False,,medium,workable publishes no count; whole board returned in one call,,,https://apply.workable.com/j/C4DC352542
2026-10-05,closed,j,j,token,unverified,workable,Porsche detalių ir sandėlio praktikantas (-ė),other,unspecified,False,"Vilnius, Vilnius City Municipality, Lithuania",Porsche,2026-09-16,2026-10-04,False,,medium,workable publishes no count; whole board returned in one call,,,https://apply.workable.com/j/EE592D71AA
2026-10-05,closed,j,j,token,unverified,workable,Presales Consulting Manager,other,manager,True,"Riyadh, Riyadh Province, Saudi Arabia",Commercial,2026-09-29,2026-10-04,False,,medium,workable publishes no count; whole board returned in one call,,,https://apply.workable.com/j/63C5150703
2026-10-05,closed,j,j,token,unverified,workable,Principal Data Architect,engineering,principal,False,"Salt Lake City, Utah, United States",Cloud,2026-09-27,2026-10-04,False,,medium,workable publishes no count; whole board returned in one call,,,https://apply.workable.com/j/AA3D4C98B2
2026-10-05,closed,j,j,token,unverified,workable,Procurement Officer (Hydraulic & Engineering) - Work from Home/Dayshift,engineering,unspecified,False,"Metro Manila, Philippines",Twoconnect,2026-09-16,2026-10-04,False,,medium,workable publishes no count; whole board returned in one call,,,https://apply.workable.com/j/EDE86E68FD
2026-10-05,closed,j,j,token,unverified,workable,Product Engineer (Accounting and Ledger),engineering,unspecified,False,Estonia; Spain,Xolo Product,2026-09-16,2026-10-04,False,,medium,workable publishes no count; whole board returned in one call,,,https://apply.workable.com/j/6B548247FC
2026-10-05,closed,j,j,token,unverified,workable,Product Support Agent,support,unspecified,False,Mexico,Customer Success,2026-09-16,2026-10-04,False,,medium,workable publishes no count; whole board returned in one call,,,https://apply.workable.com/j/221FC72DA0
2026-10-05,closed,j,j,token,unverified,workable,Production Shift Manager,operations,manager,True,"Boston, England, United Kingdom",Operations,2026-10-02,2026-10-04,False,,medium,workable publishes no count; whole board returned in one call,,,https://apply.workable.com/j/57687B0AC5
2026-10-05,closed,j,j,token,unverified,workable,Project Associate - Mandarin,other,junior,False,"Kuala Lumpur, Federal Territory of Kuala Lumpur, Malaysia",Delivery,2026-09-16,2026-10-04,False,,medium,workable publishes no count; whole board returned in one call,,,https://apply.workable.com/j/2BED6B0090
2026-10-05,closed,j,j,token,unverified,workable,Project Manager - Freelancer,other,manager,True,"Wrocław, Lower Silesian Voivodeship, Poland; Warsaw, Masovian Voivodeship, Poland; Kraków, Lesser Poland Voivodeship, Poland; Gdańsk, Pomeranian Voivodeship, Poland; Poznań, Greater Poland Voivodeship, Poland",PM,2026-09-16,2026-10-04,False,,medium,workable publishes no count; whole board returned in one call,,,https://apply.workable.com/j/4C9D8D377A
2026-10-05,closed,j,j,token,unverified,workable,Property Manager,other,manager,True,"Limassol, Limassol, Cyprus",Technical,2026-09-16,2026-10-04,False,,medium,workable publishes no count; whole board returned in one call,,,https://apply.workable.com/j/FA785D391B
2026-10-05,closed,j,j,token,unverified,workable,Protection Officer (2),other,unspecified,False,"Kauda, South Kordofan, Sudan",International Division,2026-09-18,2026-10-04,False,,medium,workable publishes no count; whole board returned in one call,,,https://apply.workable.com/j/3D5DD58B91
2026-10-05,closed,j,j,token,unverified,workable,Purchasing Associate,other,junior,False,"Marousi, Attica, Greece",Operations,2026-09-16,2026-10-04,False,,medium,workable publishes no count; whole board returned in one call,,,https://apply.workable.com/j/0C34E34E11
2026-10-05,closed,j,j,token,unverified,workable,QHSE Engineer,engineering,unspecified,False,"Dresden, Saxony, Germany",MSR-FSR EU,2026-09-16,2026-10-04,False,,medium,workable publishes no count; whole board returned in one call,,,https://apply.workable.com/j/55B8E31CDE
2026-10-05,closed,j,j,token,unverified,workable,RISE School Bus Driver,operations,unspecified,False,"Weija, Greater Accra Region, Ghana",Private Schools,2026-09-16,2026-10-04,False,,medium,workable publishes no count; whole board returned in one call,,,https://apply.workable.com/j/90E806CA02
2026-10-05,closed,j,j,token,unverified,workable,Real Estate Controller,finance,unspecified,False,"Garden City, New York, United States",,2026-09-16,2026-10-04,False,,medium,workable publishes no count; whole board returned in one call,,,https://apply.workable.com/j/DF483791C1
2026-10-05,closed,j,j,token,unverified,workable,Recruitment Business Partner (FTC),people,unspecified,False,"Cambridge, England, United Kingdom",People and Culture,2026-09-16,2026-10-04,False,,medium,workable publishes no count; whole board returned in one call,,,https://apply.workable.com/j/0A0ADD4ED9
2026-10-05,closed,j,j,token,unverified,workable,"Regional Director, K12 Academic Partnerships",other,director,True,"New York, New York, United States",Sales,2026-09-16,2026-10-04,False,,medium,workable publishes no count; whole board returned in one call,,,https://apply.workable.com/j/290AAB4991
2026-10-05,closed,j,j,token,unverified,workable,Reisų planuotojas (-a),other,unspecified,False,"Vilnius, Vilnius City Municipality, Lithuania",,2026-09-29,2026-10-04,False,,medium,workable publishes no count; whole board returned in one call,,,https://apply.workable.com/j/02A4237AFC
2026-10-05,closed,j,j,token,unverified,workable,Research & Insights Director,other,director,True,"London, England, United Kingdom",Research & Insights,2026-09-29,2026-10-04,False,,medium,workable publishes no count; whole board returned in one call,,,https://apply.workable.com/j/F87F57A3FE
2026-10-05,closed,j,j,token,unverified,workable,Research Assistant - Breeding Data Management,other,unspecified,False,"Ibadan, Oyo, Nigeria",NRS,2026-09-18,2026-10-04,False,,medium,workable publishes no count; whole board returned in one call,,,https://apply.workable.com/j/2032E5653C
2026-10-05,closed,j,j,token,unverified,workable,Research Data Scientist - Dashboards & Applications,data,unspecified,False,"Cambridge, England, United Kingdom",Data Science Lab,2026-09-16,2026-10-04,False,,medium,workable publishes no count; whole board returned in one call,,,https://apply.workable.com/j/270B052F88
2026-10-05,closed,j,j,token,unverified,workable,Responsable Logistique Pays - Tchad,other,unspecified,False,"N'Djamena, N'Djamena, Chad",Logistics & Facility Management,2026-09-21,2026-10-04,False,,medium,workable publishes no count; whole board returned in one call,,,https://apply.workable.com/j/335F7CA68A
2026-10-05,closed,j,j,token,unverified,workable,Responsable d'Equipe Production (H/F),operations,unspecified,False,"Dreux, Centre-Val de Loire, France",Operations,2026-09-16,2026-10-04,False,,medium,workable publishes no count; whole board returned in one call,,,https://apply.workable.com/j/EA0C3E6232
2026-10-05,closed,j,j,token,unverified,workable,Reverse Circulation Driller | Χειριστής/τρια Διατρητικού Αντίστροφης Κυκλοφορίας,other,unspecified,False,"Chalkidiki, Central Macedonia, Greece",Skouries,2026-09-16,2026-10-04,False,,medium,workable publishes no count; whole board returned in one call,,,https://apply.workable.com/j/E7927F2A42
2026-10-05,closed,j,j,token,unverified,workable,Safety Officer- Fixed Term Contract,other,unspecified,False,"Karibib, Erongo Region, Namibia",HSSE,2026-09-29,2026-10-04,False,,medium,workable publishes no count; whole board returned in one call,,,https://apply.workable.com/j/47BCC813A9
2026-10-05,closed,j,j,token,unverified,workable,Sales Development Intern,sales,intern,False,"Garden City, New York, United States",,2026-09-24,2026-10-04,False,,medium,workable publishes no count; whole board returned in one call,,,https://apply.workable.com/j/584323B59E
2026-10-05,closed,j,j,token,unverified,workable,Sales Development Representative (Creative agency Background),sales,unspecified,False,Egypt; Jordan; Lebanon; Syrian Arab Republic,Operations Department,2026-09-16,2026-10-04,False,,medium,workable publishes no count; whole board returned in one call,,,https://apply.workable.com/j/4ECE037C38
2026-10-05,closed,j,j,token,unverified,workable,Sales Manager | Empiria Group,sales,manager,True,"Athens, Attica, Greece",Sales,2026-09-16,2026-10-04,False,,medium,workable publishes no count; whole board returned in one call,,,https://apply.workable.com/j/79D2BA404E
2026-10-05,closed,j,j,token,unverified,workable,Salesforce Administrator and Implementor,sales,unspecified,False,"Sofia, Sofia City Province, Bulgaria",,2026-09-16,2026-10-04,False,,medium,workable publishes no count; whole board returned in one call,,,https://apply.workable.com/j/ED1C0CB792
2026-10-05,closed,j,j,token,unverified,workable,Senior AI Sales Development Representative (Hybrid),sales,senior,False,"Sydney, New South Wales, Australia",,2026-09-16,2026-10-04,False,,medium,workable publishes no count; whole board returned in one call,,,https://apply.workable.com/j/E4D24E6C8A
2026-10-05,closed,j,j,token,unverified,workable,Senior Automation Consultant,other,senior,False,"Auckland CBD, Auckland, New Zealand",Project Delivery,2026-09-16,2026-10-04,False,,medium,workable publishes no count; whole board returned in one call,,,https://apply.workable.com/j/FC5AAFD9E0
2026-10-05,closed,j,j,token,unverified,workable,Senior CRM & Automation Specialist (SCAS 0926),other,senior,False,"Athens, Attica, Greece",Marketing,2026-09-16,2026-10-04,False,,medium,workable publishes no count; whole board returned in one call,,,https://apply.workable.com/j/8640DC52CA
2026-10-05,closed,j,j,token,unverified,workable,Senior Customer Advocate (Project based),other,senior,False,South Africa,Client Experience,2026-09-18,2026-10-04,False,,medium,workable publishes no count; whole board returned in one call,,,https://apply.workable.com/j/D0EAEB5E83
2026-10-05,closed,j,j,token,unverified,workable,Senior Data Engineer - Azure & Databricks,data,senior,False,"Athens, Attica, Greece",,2026-09-27,2026-10-04,False,,medium,workable publishes no count; whole board returned in one call,,,https://apply.workable.com/j/9F4785CBC2
2026-10-05,closed,j,j,token,unverified,workable,Senior Data Governance Specialist,other,senior,False,"Athens, Attica, Greece",,2026-09-27,2026-10-04,False,,medium,workable publishes no count; whole board returned in one call,,,https://apply.workable.com/j/AE15C6C5AF
2026-10-05,closed,j,j,token,unverified,workable,Senior DevOps Engineer (AWS),engineering,senior,False,Poland,Netguru,2026-09-16,2026-10-04,False,,medium,workable publishes no count; whole board returned in one call,,,https://apply.workable.com/j/ADE4421CF6
2026-10-05,closed,j,j,token,unverified,workable,Senior Enterprise Architect,other,senior,False,"Tel Aviv-Yafo, Tel Aviv District, Israel",Product & Technology,2026-09-16,2026-10-04,False,,medium,workable publishes no count; whole board returned in one call,,,https://apply.workable.com/j/EFAAA98160
2026-10-05,closed,j,j,token,unverified,workable,Senior Motion Graphics Artist (Night Shift),other,senior,False,"Cairo, Cairo Governorate, Egypt",Creative Services,2026-09-16,2026-10-04,False,,medium,workable publishes no count; whole board returned in one call,,,https://apply.workable.com/j/86D7C3C086
2026-10-05,closed,j,j,token,unverified,workable,Senior PR Account Manager,sales,senior,True,"Jeddah, Makkah Province, Saudi Arabia",PRM,2026-09-16,2026-10-04,False,,medium,workable publishes no count; whole board returned in one call,,,https://apply.workable.com/j/8DA0B1E4F8
2026-10-05,closed,j,j,token,unverified,workable,Senior Product Designer & Builder,product,senior,False,"Athens, Attica, Greece",Shared Services,2026-09-16,2026-10-04,False,,medium,workable publishes no count; whole board returned in one call,,,https://apply.workable.com/j/08717EF2F6
2026-10-05,closed,j,j,token,unverified,workable,Senior Product Manager - Platform & AI,product,senior,True,"London, England, United Kingdom",Product & Engineering,2026-09-16,2026-10-04,False,,medium,workable publishes no count; whole board returned in one call,,,https://apply.workable.com/j/1500029B14
2026-10-05,closed,j,j,token,unverified,workable,Senior Program manager,other,senior,True,"London, England, United Kingdom",,2026-10-02,2026-10-04,False,,medium,workable publishes no count; whole board returned in one call,,,https://apply.workable.com/j/5B365B7F01
2026-10-05,closed,j,j,token,unverified,workable,Senior Project Manager - 12 month FTC,other,senior,True,"Nottingham, England, United Kingdom",D17 - Programme Management,2026-09-16,2026-10-04,False,,medium,workable publishes no count; whole board returned in one call,,,https://apply.workable.com/j/65540C3AAD
2026-10-05,closed,j,j,token,unverified,workable,Senior or Staff Software Engineer,engineering,staff,False,India,,2026-09-16,2026-10-04,False,,medium,workable publishes no count; whole board returned in one call,,,https://apply.workable.com/j/2305DADD57
2026-10-05,closed,j,j,token,unverified,workable,Shipping Coordinator,other,unspecified,False,Philippines,,2026-09-16,2026-10-04,False,,medium,workable publishes no count; whole board returned in one call,,,https://apply.workable.com/j/2500ABA728
2026-10-05,closed,j,j,token,unverified,workable,Site Operator- Shifts - Fixed Term Contract,other,unspecified,False,"Karibib, Erongo, Namibia",Supply & Distribution,2026-09-29,2026-10-04,False,,medium,workable publishes no count; whole board returned in one call,,,https://apply.workable.com/j/FE8CAE0C18
2026-10-05,closed,j,j,token,unverified,workable,Software Test Engineer Specialist (Contract),engineering,unspecified,False,"Mumbai, Maharashtra, India",Product/IT,2026-09-16,2026-10-04,False,,medium,workable publishes no count; whole board returned in one call,,,https://apply.workable.com/j/50D016A474
2026-10-05,closed,j,j,token,unverified,workable,Spanish Remote B2B Sales Executive - PropTech & Real Estate Market | Freelance,sales,unspecified,False,Spain; Germany; Portugal; Greece; Bulgaria; United Kingdom,BDR ES,2026-09-16,2026-10-04,False,,medium,workable publishes no count; whole board returned in one call,,,https://apply.workable.com/j/D8ABF824A8
2026-10-05,closed,j,j,token,unverified,workable,"Strategic Account Manager - Enterprise, US",sales,manager,True,"New York, New York, United States",Commercial,2026-09-25,2026-10-04,False,,medium,workable publishes no count; whole board returned in one call,,,https://apply.workable.com/j/8B18260218
2026-10-05,closed,j,j,token,unverified,workable,Studios & Creative Operations Coordinator,operations,unspecified,False,"New York, New York, United States",Revenue Sales Enablement,2026-10-02,2026-10-04,False,,medium,workable publishes no count; whole board returned in one call,,,https://apply.workable.com/j/6D1A511C0A
2026-10-05,closed,j,j,token,unverified,workable,System Manufacturing Junior Engineer,engineering,junior,False,"Kilkis, Central Macedonia, Greece",Alumil Subs,2026-09-19,2026-10-04,False,,medium,workable publishes no count; whole board returned in one call,,,https://apply.workable.com/j/F18ACB5904
2026-10-05,closed,j,j,token,unverified,workable,Tech Lead - 12 month FTC,other,lead,False,"Reading, England, United Kingdom",,2026-10-02,2026-10-04,False,,medium,workable publishes no count; whole board returned in one call,,,https://apply.workable.com/j/6593DDCBFE
2026-10-05,closed,j,j,token,unverified,workable,Technical Architect - Lead (UC & CC),other,lead,False,"London, England, United Kingdom; Liverpool, England, United Kingdom",Charterhouse Group,2026-09-16,2026-10-04,False,,medium,workable publishes no count; whole board returned in one call,,,https://apply.workable.com/j/27DEF2CB27
2026-10-05,closed,j,j,token,unverified,workable,Technical Delivery Manager,other,manager,True,"Madrid, Community of Madrid, Spain; Lisbon, Lisbon, Portugal; Berlin, Berlin, Germany; Warsaw, Masovian Voivodeship, Poland; Sofia, Sofia City Province, Bulgaria; Bucharest, Bucharest, Romania",,2026-09-24,2026-10-04,False,,medium,workable publishes no count; whole board returned in one call,,,https://apply.workable.com/j/7345D4D35C
2026-10-05,closed,j,j,token,unverified,workable,Technical Engagement Lead - Data & AI (Zurich / Lausanne Switzerland),other,lead,False,"Zürich, Zurich, Switzerland; Lausanne, Vaud, Switzerland",Engineering,2026-09-28,2026-10-04,False,,medium,workable publishes no count; whole board returned in one call,,,https://apply.workable.com/j/2FA384D52A
2026-10-05,closed,j,j,token,unverified,workable,"Technical Field Manager - Standards and Training, Syria",other,manager,True,"Damascus, Damascus Governorate, Syrian Arab Republic",Country Programmes,2026-09-19,2026-10-04,False,,medium,workable publishes no count; whole board returned in one call,,,https://apply.workable.com/j/6E16D39A12
2026-10-05,closed,j,j,token,unverified,workable,Technical Lead Full-Stack,other,lead,False,Philippines,Wobbit,2026-09-16,2026-10-04,False,,medium,workable publishes no count; whole board returned in one call,,,https://apply.workable.com/j/A9A9F0B858
2026-10-05,closed,j,j,token,unverified,workable,Towson University Fall 2026 CBE Career Fair,other,unspecified,False,"Frederick, Maryland, United States",Corporate,2026-10-02,2026-10-04,False,,medium,workable publishes no count; whole board returned in one call,,,https://apply.workable.com/j/318B3843BE
2026-10-05,closed,j,j,token,unverified,workable,"VP, People",other,vp,True,United States,Human Resources,2026-10-03,2026-10-04,False,,medium,workable publishes no count; whole board returned in one call,,,https://apply.workable.com/j/F1D6917813
2026-10-05,closed,j,j,token,unverified,workable,WASH Officer,other,unspecified,False,"Kauda, South Kordofan, Sudan",International Division,2026-09-18,2026-10-04,False,,medium,workable publishes no count; whole board returned in one call,,,https://apply.workable.com/j/F1755D26C5
2026-10-05,closed,j,j,token,unverified,workable,Web Engineer - EMEA,engineering,unspecified,False,Bulgaria; Nigeria; Zimbabwe; United Kingdom; North Macedonia,Engineering,2026-09-16,2026-10-04,False,,medium,workable publishes no count; whole board returned in one call,,,https://apply.workable.com/j/B4F04C9F4E
2026-10-05,closed,j,j,token,unverified,workable,responsable RH Urgence - RDC - Bunia,other,unspecified,False,"Bunia, Ituri, Congo, The Democratic Republic of the",Human Resources,2026-09-19,2026-10-04,False,,medium,workable publishes no count; whole board returned in one call,,,https://apply.workable.com/j/384A8070DA
2026-10-05,closed,j,j,token,unverified,workable,Μηχανικός Εγκατάστασης Εξορυκτικών Αποβλήτων |TSF Engineer,engineering,unspecified,False,"Chalkidiki, Central Macedonia, Greece",Olympias,2026-09-16,2026-10-04,False,,medium,workable publishes no count; whole board returned in one call,,,https://apply.workable.com/j/C5FDE9B317
2026-10-05,closed,jacquemus,jacquemus,token,unverified,lever,CDD - COORDINATEUR ADV WHOLESALE & RETAIL (H/F),other,unspecified,False,"Paris HQ, Île de France",Supply Chain,2026-09-15,2026-10-04,False,,medium,lever publishes no count; whole board returned in one call,,,https://jobs.eu.lever.co/jacquemus/c57db987-13e8-4570-b784-66456737f5f3
2026-10-05,closed,jacquemus,jacquemus,token,unverified,lever,CDI - 7H – CONSEILLER DE VENTE (H/F) – MONTAIGNE,other,unspecified,False,"Boutique Montaigne, Paris, Île de France",Retail Magasins,2026-09-15,2026-10-04,False,,medium,lever publishes no count; whole board returned in one call,,,https://jobs.eu.lever.co/jacquemus/e69c5aa0-eb43-4178-abc7-fb2725e86f61
2026-10-05,closed,jacquemus,jacquemus,token,unverified,lever,CDI - DESIGNER MAROQUINERIE (H/F),design,unspecified,False,Paris,Produit Accessoires,2026-09-15,2026-10-04,False,,medium,lever publishes no count; whole board returned in one call,,,https://jobs.eu.lever.co/jacquemus/0855d17c-c27c-4ae9-a75f-1f106570a57d
2026-10-05,closed,jacquemus,jacquemus,token,unverified,lever,CDI 35H - CONSEILLER DE VENTE (H/F) - GALERIES LAFAYETTE HAUSSMANN,other,unspecified,False,"Grands Magasins, Paris, Île de France",Retail Magasins,2026-09-15,2026-10-04,False,,medium,lever publishes no count; whole board returned in one call,,,https://jobs.eu.lever.co/jacquemus/5e94ce3a-0efd-48b0-a815-f7738850fd22
2026-10-05,closed,jeranexbp,jeranexbp,token,unverified,recruitee,Senior HR Officer (International Payroll & HR Operations),people,senior,False,"Leuven, Vlaams-Brabant, Belgium",HR,2026-09-17,2026-10-04,False,,medium,recruitee publishes no count; whole board returned in one call,,,https://jeranexbp.recruitee.com/o/senior-hr-officer-international-payroll-hr-operations
2026-10-05,closed,johannes-lefeld-gmbh-co-kg,johannes-lefeld-gmbh-co-kg,token,unverified,personio,E-Commerce Manager (m/w/d) – weiße Ware & Haushaltsgeräte,other,manager,True,Konrad-Adenauer-Str. 11,Einkauf/Vertrieb/Marketing,2026-09-15,2026-10-04,False,,medium,personio publishes no count; whole board returned in one call,,,https://johannes-lefeld-gmbh-co-kg.jobs.personio.de/job/2688510
2026-10-05,closed,johannes-lefeld-gmbh-co-kg,johannes-lefeld-gmbh-co-kg,token,unverified,personio,Vertriebsmitarbeiter im Innendienst (m/w/d),other,unspecified,False,Konrad-Adenauer-Str. 11,Vertrieb Innendienst,2026-09-15,2026-10-04,False,,medium,personio publishes no count; whole board returned in one call,,,https://johannes-lefeld-gmbh-co-kg.jobs.personio.de/job/2444640
2026-10-05,closed,kaiserwetter,kaiserwetter,token,unverified,personio,Barista (m/w/d) im Kaiserwetter Deli,other,unspecified,False,"Deli Bleichenbrücke, Hamburg",Service,2026-09-15,2026-10-04,False,,medium,personio publishes no count; whole board returned in one call,,,https://kaiserwetter.jobs.personio.de/job/2770295
2026-10-05,closed,karriere,karriere,token,unverified,recruitee,Servicemitarbeiter Freizeitbranche Teilzeit (m/w/d) Frankfurt,other,unspecified,False,"Frankfurt am Main, Hessen, Deutschland",FunZone Frankfurt Borsigalle,2026-10-02,2026-10-04,False,,medium,recruitee publishes no count; whole board returned in one call,,,https://karriere.fun-zone.de/o/servicemitarbeiter-freizeitbranche-teilzeit-mwd-frankfurt
2026-10-05,closed,kdci1,kdci1,token,unverified,recruitee,Senior Customer Support Specialist,support,senior,False,"Pasig City, National Capital Region, Philippines",Contact Support,2026-09-15,2026-10-04,False,,medium,recruitee publishes no count; whole board returned in one call,,,https://kdci1.recruitee.com/o/senior-customer-support-specialist
2026-10-05,closed,kiesertrainingag,kiesertrainingag,token,unverified,recruitee,Fitnesstrainer (m/w/d),other,unspecified,False,"Graz, Steiermark, Österreich",Studios,2026-09-15,2026-10-04,False,,medium,recruitee publishes no count; whole board returned in one call,,,https://kiesertrainingag.recruitee.com/o/fitnesstrainer-mwd-7
2026-10-05,closed,kinetic,kinetic,token,unverified,rippling,Customer Experience Specialist,other,unspecified,False,"Tempe, AZ",Customer Success,2026-09-15,2026-10-04,False,,medium,rippling publishes no count; whole board returned in one call,,,https://ats.rippling.com/kinetic/jobs/ffd0d36c-e825-43b6-b41d-f07c5e9c9be0
2026-10-05,closed,knime,knime,token,unverified,personio,Senior Software Engineer (m/f/d) in Berlin or Konstanz,engineering,senior,False,Berlin,Technology,2026-09-15,2026-10-04,False,,medium,personio publishes no count; whole board returned in one call,,,https://knime.jobs.personio.de/job/2707842
2026-10-05,closed,kopfsachen,kopfsachen,token,unverified,personio,Workshopleitung Köln (m/w/d),other,unspecified,False,Köln,Standorte,2026-09-15,2026-10-04,False,,medium,personio publishes no count; whole board returned in one call,,,https://kopfsachen.jobs.personio.de/job/1862963
2026-10-05,closed,ladder,ladder,token,unverified,ashby,Team Manager | Female-Led Gym Programs,other,manager,True,United States / Remote,Operations,2026-09-15,2026-10-04,False,,medium,ashby publishes no count; whole board returned in one call,,,https://jobs.ashbyhq.com/ladder/59a6b054-9efe-4f8d-ac64-efde8def30d4
2026-10-05,closed,ladder,ladder,token,unverified,ashby,Team Manager | Female-Led Home Programs,other,manager,True,United States / Remote,Operations,2026-09-15,2026-10-04,False,,medium,ashby publishes no count; whole board returned in one call,,,https://jobs.ashbyhq.com/ladder/38d41dbe-b866-42e2-877c-18fcbb2048ee
2026-10-05,closed,lawhive,lawhive,token,unverified,ashby,Civil Litigation Solicitor 4+ PQE,other,unspecified,False,London,In-House Legal (UK),2026-09-25,2026-10-04,False,,medium,ashby publishes no count; whole board returned in one call,,,https://jobs.ashbyhq.com/lawhive/62995bb0-c5c6-4e65-a5fd-2f8e3cbfae94
2026-10-05,closed,lawpilots,lawpilots,token,unverified,personio,Head of Finance (all genders),finance,lead,True,Berlin,Finance,2026-09-15,2026-10-04,False,,medium,personio publishes no count; whole board returned in one call,,,https://lawpilots.jobs.personio.de/job/2797627
2026-10-05,closed,lcacareers,lcacareers,token,unverified,rippling,Senior Client Relations Advisor,other,senior,False,"Dobbs Ferry, NY; Stamford, CT; White Plains, NY",Operations,2026-09-27,2026-10-04,False,,medium,rippling publishes no count; whole board returned in one call,,,https://ats.rippling.com/lcacareers/jobs/71322cb4-00a2-4dce-bf5f-f20ec6e6546c
2026-10-05,closed,lcacareers,lcacareers,token,unverified,rippling,Senior Client Relations Advisor,other,senior,False,MA,Operations,2026-09-23,2026-10-04,False,,medium,rippling publishes no count; whole board returned in one call,,,https://ats.rippling.com/lcacareers/jobs/8c87aaa2-7a95-4212-9dfb-79c497d20485
2026-10-05,closed,leaseabike,leaseabike,token,unverified,recruitee,Inside Sales Support,sales,unspecified,False,"Amersfoort, Utrecht, Nederland",Administratie,2026-09-15,2026-10-04,False,,medium,recruitee publishes no count; whole board returned in one call,,,https://leaseabike.recruitee.com/o/inside-sales-support
2026-10-05,closed,leaseabike,leaseabike,token,unverified,recruitee,Werkstudent Sales Support,sales,unspecified,False,"Amersfoort, Utrecht, Nederland",Administratie,2026-09-15,2026-10-04,False,,medium,recruitee publishes no count; whole board returned in one call,,,https://leaseabike.recruitee.com/o/werkstudent-sales-support-1
2026-10-05,closed,lendable,lendable,token,unverified,ashby,Senior Product Engineer (Product Manager),engineering,senior,True,London,Engineering & Product,2026-09-15,2026-10-04,False,,medium,ashby publishes no count; whole board returned in one call,,,https://jobs.ashbyhq.com/lendable/bd20e1a3-bc89-41f4-a0ad-faa2496b707f
2026-10-05,closed,lendable,lendable,token,unverified,ashby,Technical Product Manager (Superapp),product,manager,True,London,Engineering & Product,2026-09-15,2026-10-04,False,,medium,ashby publishes no count; whole board returned in one call,,,https://jobs.ashbyhq.com/lendable/50004e7b-3de1-4268-9359-3786db51d43f
2026-10-05,closed,lio,lio,token,unverified,ashby,AI Deployment Strategist (all genders),other,unspecified,False,Munich Office,Implementation,2026-10-01,2026-10-04,False,,medium,ashby publishes no count; whole board returned in one call,,,https://jobs.ashbyhq.com/lio/22c84f9e-1a2d-45e4-bb90-2055bf9834bd
2026-10-05,closed,lio,lio,token,unverified,ashby,Forward Deployed Engineer (all genders),engineering,unspecified,False,Munich Office,Implementation,2026-09-15,2026-10-04,False,,medium,ashby publishes no count; whole board returned in one call,,,https://jobs.ashbyhq.com/lio/8e037444-9a05-4470-b1a1-eeeee26c8815
2026-10-05,closed,lio,lio,token,unverified,ashby,Founders Associate Internship - CEO Office (all genders),other,c-level,False,Munich Office,Go-To-Market,2026-09-15,2026-10-04,False,,medium,ashby publishes no count; whole board returned in one call,,,https://jobs.ashbyhq.com/lio/0878198a-6899-4a3c-9558-dedddeac14aa
2026-10-05,closed,lio,lio,token,unverified,ashby,Founders Associate Internship - COO Office (all genders),other,c-level,False,Munich Office,Implementation,2026-09-15,2026-10-04,False,,medium,ashby publishes no count; whole board returned in one call,,,https://jobs.ashbyhq.com/lio/d50849fb-c9e6-441f-b50a-73cdeddf03e1
2026-10-05,closed,lio,lio,token,unverified,ashby,Founders Associate Internship - Talent & People Strategy (all genders),people,intern,False,Munich Office,Business Operations,2026-09-15,2026-10-04,False,,medium,ashby publishes no count; whole board returned in one call,,,https://jobs.ashbyhq.com/lio/8dcd86c2-2c37-42d5-a643-e4ef68504015
2026-10-05,closed,lio,lio,token,unverified,ashby,Founders Associate – COO Office  -Product Communication & Change Management (all genders),other,c-level,False,Munich Office,Implementation,2026-09-15,2026-10-04,False,,medium,ashby publishes no count; whole board returned in one call,,,https://jobs.ashbyhq.com/lio/94d1639a-e50f-40c0-9981-2474e8084076
2026-10-05,closed,lio,lio,token,unverified,ashby,IT Administration & Automation Manager (all genders),other,manager,True,Munich Office,Business Operations,2026-09-15,2026-10-04,False,,medium,ashby publishes no count; whole board returned in one call,,,https://jobs.ashbyhq.com/lio/f79d4405-c784-4953-98cd-826e217fda1d
2026-10-05,closed,lio,lio,token,unverified,ashby,Sales Development Representative (all genders),sales,unspecified,False,Munich Office,Go-To-Market,2026-09-15,2026-10-04,False,,medium,ashby publishes no count; whole board returned in one call,,,https://jobs.ashbyhq.com/lio/02d110a7-4ffa-4234-a451-158971d1b30a
2026-10-05,closed,lio,lio,token,unverified,ashby,Talent Acquisition Intern (all genders),people,intern,False,Munich Office,Business Operations,2026-09-15,2026-10-04,False,,medium,ashby publishes no count; whole board returned in one call,,,https://jobs.ashbyhq.com/lio/52509a0f-8f1c-4c71-9931-b8ef38b7b742
2026-10-05,closed,lio,lio,token,unverified,ashby,Talent Acquisition Partner (all genders),people,unspecified,False,Munich Office,Business Operations,2026-09-27,2026-10-04,False,,medium,ashby publishes no count; whole board returned in one call,,,https://jobs.ashbyhq.com/lio/69ae608c-98c2-491b-b7c3-42733d974512
2026-10-05,closed,lio,lio,token,unverified,ashby,Web & Visual Design Internship (all genders),design,intern,False,Munich Office,Go-To-Market,2026-10-01,2026-10-04,False,,medium,ashby publishes no count; whole board returned in one call,,,https://jobs.ashbyhq.com/lio/59403571-96e3-4b07-ad97-9ca4973009bf
2026-10-05,closed,livinghr,livinghr,token,unverified,ashby,Chief Financial Officer (Non-Profit),other,c-level,True,"Tampa, FL",Client Opportunities,2026-09-15,2026-10-04,False,,medium,ashby publishes no count; whole board returned in one call,,,https://jobs.ashbyhq.com/livinghr/0e50cd02-bd00-4bfa-9941-5a9ab32d2330
2026-10-05,closed,logex,logex,token,unverified,recruitee,Lead Data Architect,engineering,lead,False,"Hamburg, Hamburg, Germany",,2026-09-15,2026-10-04,False,,medium,recruitee publishes no count; whole board returned in one call,,,https://logex.recruitee.com/o/lead-data-architect-1
2026-10-05,closed,loot-labs,loot-labs,token,unverified,ashby,Product Manager,product,manager,True,Remote ,Product,2026-09-15,2026-10-04,False,,medium,ashby publishes no count; whole board returned in one call,,,https://jobs.ashbyhq.com/loot-labs/5f2365dd-fbb7-47b0-9591-027ec4c1d3f2
2026-10-05,closed,loot-labs,loot-labs,token,unverified,ashby,Staff Product Manager (U.S.) ,product,staff,True,Remote ,Product,2026-09-15,2026-10-04,False,,medium,ashby publishes no count; whole board returned in one call,,,https://jobs.ashbyhq.com/loot-labs/dc5cf6f6-da41-4bf9-a31a-19a979643434
2026-10-05,closed,lovable,lovable,token,unverified,ashby,"Solutions Architect, San Francisco",engineering,unspecified,False,San Francisco ,GTM,2026-09-15,2026-10-04,False,,medium,ashby publishes no count; whole board returned in one call,,,https://jobs.ashbyhq.com/lovable/ac61dda2-bff0-4f22-adca-a48b0b2f560c
2026-10-05,closed,loveholidays,loveholidays,token,unverified,ashby,Senior IT Systems Administrator ,other,senior,False,London,Business IT,2026-09-15,2026-10-04,False,,medium,ashby publishes no count; whole board returned in one call,,,https://jobs.ashbyhq.com/loveholidays/5e5b0bdb-0c44-4253-b0c1-a26ba2adf482
2026-10-05,closed,luscii,luscii,token,unverified,recruitee,Customer Success Manager UK,support,manager,True,Remote job,Other,2026-09-15,2026-10-04,False,,medium,recruitee publishes no count; whole board returned in one call,,,https://luscii.recruitee.com/o/customer-success-manager-uk
2026-10-05,closed,lush,lush,token,unverified,personio,Lush Mannheim sucht Weihnachtsaushilfen (m/w/d) für die festlichste Zeit des Jahres (20h),other,unspecified,False,Mannheim,Sales,2026-09-15,2026-10-04,False,,medium,personio publishes no count; whole board returned in one call,,,https://lush.jobs.personio.de/job/2708059
2026-10-05,closed,lush,lush,token,unverified,personio,Sales Assistant (m/w/d) Nürnberg (15 - 20h),sales,unspecified,False,Nürnberg,Sales,2026-09-21,2026-10-04,False,,medium,personio publishes no count; whole board returned in one call,,,https://lush.jobs.personio.de/job/2683521
2026-10-05,closed,maincode,maincode,token,unverified,ashby,"Forward-Deployed AI Engineer, Government and National Security",engineering,unspecified,False,Canberra,Forward Deployed Engineering,2026-09-15,2026-10-04,False,,medium,ashby publishes no count; whole board returned in one call,,,https://jobs.ashbyhq.com/maincode/c529cab5-4bdd-43f2-bd18-b4c77bdf8fdd
2026-10-05,closed,mapbox,mapbox,token,unverified,ashby,"Software Development Engineer, II, 3DLN",engineering,unspecified,False,Mapbox Helsinki,Navigation ,2026-10-01,2026-10-04,False,,medium,ashby publishes no count; whole board returned in one call,,,https://jobs.ashbyhq.com/mapbox/b736d7e8-3c37-4c46-8829-ec691b1ca581
2026-10-05,closed,mapbox,mapbox,token,unverified,ashby,"Software Development Engineer, II, 3DLN",engineering,unspecified,False,Mapbox Germany,Navigation ,2026-10-01,2026-10-04,False,,medium,ashby publishes no count; whole board returned in one call,,,https://jobs.ashbyhq.com/mapbox/fb0ded9e-de00-4511-a442-8ba27fbe630e
2026-10-05,closed,mecka.ai,mecka.ai,token,unverified,ashby,Senior Full Stack Software Developer,engineering,senior,False,Toronto GTA,Engineering,2026-09-30,2026-10-04,False,,medium,ashby publishes no count; whole board returned in one call,,,https://jobs.ashbyhq.com/mecka.ai/737be260-7ade-48b3-a117-f6f03f9fc2ee
2026-10-05,closed,mediatech,mediatech,token,unverified,ashby,Mid-Sr PPC Specialist (Google Search) | Kaunas,other,senior,False,Kaunas,Digital Marketing,2026-09-15,2026-10-04,False,,medium,ashby publishes no count; whole board returned in one call,,,https://jobs.ashbyhq.com/mediatech/df237b72-543c-40d8-a95c-ec161af2ef17
2026-10-05,closed,mediatech,mediatech,token,unverified,ashby,YouTube Creative Lead (Finance),design,lead,False,Vilnius,YouTube,2026-09-15,2026-10-04,False,,medium,ashby publishes no count; whole board returned in one call,,,https://jobs.ashbyhq.com/mediatech/01948822-65d3-422a-98c4-f450cca7c228
2026-10-05,closed,meltandmarble,meltandmarble,token,unverified,recruitee,Manufacturing Operations Specialist,operations,unspecified,False,"Gothenburg, Västra Götalands län, Sweden",,2026-09-15,2026-10-04,False,,medium,recruitee publishes no count; whole board returned in one call,,,https://meltandmarble.recruitee.com/o/manufacturing-operations-specialist
2026-10-05,closed,merantix,merantix,token,unverified,personio,CTO / Chief Photonics Officer (Stealth Photonic Bio-sensing Venture),other,c-level,True,London,Entrepreneurs-In-Residence,2026-09-15,2026-10-04,False,,medium,personio publishes no count; whole board returned in one call,,,https://merantix.jobs.personio.de/job/2677923
2026-10-05,closed,merantix,merantix,token,unverified,personio,Chief Scientific / Medical Officer (Stealth Photonic Bio-sensing Venture),clinical,c-level,True,London,Entrepreneurs-In-Residence,2026-09-15,2026-10-04,False,,medium,personio publishes no count; whole board returned in one call,,,https://merantix.jobs.personio.de/job/2678201
2026-10-05,closed,mercesbv,mercesbv,token,unverified,recruitee,AFAS Finance Consultant,finance,unspecified,False,"Ede, Gelderland, Nederland",FA advies,2026-09-15,2026-10-04,False,,medium,recruitee publishes no count; whole board returned in one call,,,https://mercesbv.recruitee.com/o/afas-finance-consultant-1
2026-10-05,closed,mercesbv,mercesbv,token,unverified,recruitee,AFAS HR CONSULTANT,people,unspecified,False,"Ede, Gelderland, Nederland",HR advies,2026-09-15,2026-10-04,False,,medium,recruitee publishes no count; whole board returned in one call,,,https://mercesbv.recruitee.com/o/afas-hr-consultant
2026-10-05,closed,mercesbv,mercesbv,token,unverified,recruitee,Interim AFAS HR Consultant,people,unspecified,False,"Ede, Gelderland, Nederland",IT/digitalisatie,2026-09-15,2026-10-04,False,,medium,recruitee publishes no count; whole board returned in one call,,,https://mercesbv.recruitee.com/o/interim-afas-hr-consultant
2026-10-05,closed,mercesbv,mercesbv,token,unverified,recruitee,"Optimalisatieconsultant HR2day 24-38,5 uur | €4.250 – €6.250",other,unspecified,False,"Ede, Gelderland, Nederland",HR advies,2026-09-15,2026-10-04,False,,medium,recruitee publishes no count; whole board returned in one call,,,https://mercesbv.recruitee.com/o/optimalisatieconsultant-hr2day-24-385-uur-4250-6250
2026-10-05,closed,merkurzavarovalnica,merkurzavarovalnica,token,unverified,recruitee,Celje - Zavarovalni agent (m/ž),other,unspecified,False,"Celje, Celje, Slovenia",Sales (PPM),2026-09-15,2026-10-04,False,,medium,recruitee publishes no count; whole board returned in one call,,,https://merkurzavarovalnica.recruitee.com/o/celje-zavarovalni-agent-mz
2026-10-05,closed,merkurzavarovalnica,merkurzavarovalnica,token,unverified,recruitee,Dolenjska - Zavarovalni agent (m/ž),other,unspecified,False,"Novo mesto, Novo Mesto, Slovenia",Sales (PPM),2026-09-15,2026-10-04,False,,medium,recruitee publishes no count; whole board returned in one call,,,https://merkurzavarovalnica.recruitee.com/o/dolenjska-zavarovalni-agent-mz
2026-10-05,closed,merkurzavarovalnica,merkurzavarovalnica,token,unverified,recruitee,Gorenjska - Zavarovalni agent (m/ž),other,unspecified,False,"Kranj, Kranj, Slovenia",Sales (PPM),2026-09-15,2026-10-04,False,,medium,recruitee publishes no count; whole board returned in one call,,,https://merkurzavarovalnica.recruitee.com/o/gorenjska-zavarovalni-agent-mz
2026-10-05,closed,merkurzavarovalnica,merkurzavarovalnica,token,unverified,recruitee,Ljubljana - Zavarovalni agent (m/ž),other,unspecified,False,"Ljubljana, Ljubljana, Slovenia",Sales (PPM),2026-09-15,2026-10-04,False,,medium,recruitee publishes no count; whole board returned in one call,,,https://merkurzavarovalnica.recruitee.com/o/ljubljana-zavarovalni-agent-mz
2026-10-05,closed,merkurzavarovalnica,merkurzavarovalnica,token,unverified,recruitee,Maribor - Zavarovalni agent (m/ž),other,unspecified,False,"Maribor, Maribor, Slovenia",Sales (PPM),2026-09-15,2026-10-04,False,,medium,recruitee publishes no count; whole board returned in one call,,,https://merkurzavarovalnica.recruitee.com/o/maribor-zavarovalni-agent-mz
2026-10-05,closed,merkurzavarovalnica,merkurzavarovalnica,token,unverified,recruitee,Prekmurje - Zavarovalni agent (m/ž),other,unspecified,False,"Murska Sobota, Murska Sobota, Slovenia",Sales (PPM),2026-09-15,2026-10-04,False,,medium,recruitee publishes no count; whole board returned in one call,,,https://merkurzavarovalnica.recruitee.com/o/prekmurje-zavarovalni-agent-mz
2026-10-05,closed,merkurzavarovalnica,merkurzavarovalnica,token,unverified,recruitee,Primorska - Zavarovalni agent (m/ž),other,unspecified,False,"Koper, Koper, Slovenia",Sales (PPM),2026-09-15,2026-10-04,False,,medium,recruitee publishes no count; whole board returned in one call,,,https://merkurzavarovalnica.recruitee.com/o/primorska-zavarovalni-agent-mz
2026-10-05,closed,meroka,meroka,token,unverified,rippling,Data Engineer / Architect,data,unspecified,False,"Montréal, Canada",Ops Enablement,2026-09-15,2026-10-04,False,,medium,rippling publishes no count; whole board returned in one call,,,https://ats.rippling.com/meroka/jobs/074479f0-6d1a-4f01-b74e-cbf9e52c17cb
2026-10-05,closed,meroka,meroka,token,unverified,rippling,Software Engineer,engineering,unspecified,False,"Montréal, Canada",Ops Enablement,2026-09-15,2026-10-04,False,,medium,rippling publishes no count; whole board returned in one call,,,https://ats.rippling.com/meroka/jobs/34ed3849-0103-43ec-bd5c-a40949739b0d
2026-10-05,closed,meroka,meroka,token,unverified,rippling,Special Projects Analyst,data,unspecified,False,"Montréal, Canada",Office of CEO,2026-09-15,2026-10-04,False,,medium,rippling publishes no count; whole board returned in one call,,,https://ats.rippling.com/meroka/jobs/7d222918-1e91-4fb7-8dfd-e7ef7510a29b
2026-10-05,closed,micronova,micronova,token,unverified,personio,Principal Architect Virtual Embedded Systems (m/w/x),other,principal,False,Braunschweig,Virtual Solutions (VxS),2026-09-15,2026-10-04,False,,medium,personio publishes no count; whole board returned in one call,,,https://micronova.jobs.personio.de/job/2780094
2026-10-05,closed,mobilexpense,mobilexpense,token,unverified,recruitee,Junior AI Engineer,engineering,junior,False,"Brussels, Brussels, Belgium",Engineering,2026-10-02,2026-10-04,False,,medium,recruitee publishes no count; whole board returned in one call,,,https://mobilexpense.recruitee.com/o/junior-ai-engineer
2026-10-05,closed,mobileye,mobileye,token,unverified,lever,Experienced Deep Learning Software Engineer - Algorithms & Data,engineering,unspecified,False,"Ramat Gan, Israel",Software,2026-09-15,2026-10-04,False,,medium,lever publishes no count; whole board returned in one call,,,https://jobs.eu.lever.co/mobileye/7ae498b0-6d23-4346-87df-0f97a82b53e0
2026-10-05,closed,mobileye,mobileye,token,unverified,lever,HW R&D Director,other,director,True,"Ramat Gan, Israel",Hardware,2026-10-01,2026-10-04,False,,medium,lever publishes no count; whole board returned in one call,,,https://jobs.eu.lever.co/mobileye/e2ee0c35-3025-490e-9918-e44cfb937907
2026-10-05,closed,mobileye,mobileye,token,unverified,lever,Junior-Mid Content & Digital Marketing Professional- Temporary Position,marketing,junior,False,"Jerusalem, Israel",Marketing,2026-09-27,2026-10-04,False,,medium,lever publishes no count; whole board returned in one call,,,https://jobs.eu.lever.co/mobileye/ba443a6c-1d5a-41a0-9fde-3bc60af20484
2026-10-05,closed,mobileye,mobileye,token,unverified,lever,Junior-Mid Content & Digital Marketing Professional- Temporary Position,marketing,junior,False,"Ramat Gan, Israel",Marketing,2026-09-30,2026-10-04,False,,medium,lever publishes no count; whole board returned in one call,,,https://jobs.eu.lever.co/mobileye/0ed51c78-c71a-4bff-a2d0-f7d64bf2d60b
2026-10-05,closed,mobileye,mobileye,token,unverified,lever,Machine Learning Software Engineer,data,unspecified,False,"Ramat Gan, Israel",Software,2026-09-18,2026-10-04,False,,medium,lever publishes no count; whole board returned in one call,,,https://jobs.eu.lever.co/mobileye/72e986e2-94b4-49f6-be5f-74a48de8a71d
2026-10-05,closed,mobileye,mobileye,token,unverified,lever,Machine Learning Software Engineer,data,unspecified,False,"Jerusalem, Israel",Software,2026-09-18,2026-10-04,False,,medium,lever publishes no count; whole board returned in one call,,,https://jobs.eu.lever.co/mobileye/1b3f71b9-fe39-41d3-bd43-4ae7ad18f92e
2026-10-05,closed,mobileye,mobileye,token,unverified,lever,Talent Acquisition Partner - Temporary (1 year),people,unspecified,False,"Jerusalem, Israel",Recruitment,2026-09-15,2026-10-04,False,,medium,lever publishes no count; whole board returned in one call,,,https://jobs.eu.lever.co/mobileye/35d41f76-5f20-4fc8-b108-f761582083f2
2026-10-05,closed,mollie,mollie,token,unverified,ashby,Sales Engineer I,engineering,unspecified,False,Amsterdam,Go To Market,2026-09-15,2026-10-04,False,,medium,ashby publishes no count; whole board returned in one call,,,https://jobs.ashbyhq.com/mollie/97255d06-2847-4579-b1fc-1aebaadc1ec5
2026-10-05,closed,mondaymerch,mondaymerch,token,unverified,recruitee,Traineeship | Operations & Warehouse Supervisor,operations,manager,True,"Rotterdam, Zuid-Holland, Netherlands",Warehouse,2026-09-15,2026-10-04,False,,medium,recruitee publishes no count; whole board returned in one call,,,https://mondaymerch.recruitee.com/o/traineeship-operations-warehouse-supervisor-1
2026-10-05,closed,monumental,monumental,token,unverified,ashby,Junior Recruiter,people,junior,False,Amsterdam,Company Operations,2026-09-15,2026-10-04,False,,medium,ashby publishes no count; whole board returned in one call,,,https://jobs.ashbyhq.com/monumental/84fc4cb4-a80b-414b-b882-64caee412836
2026-10-05,closed,msf,msf,token,unverified,recruitee,Antimicrobial Resistance Platform Leader,other,unspecified,False,Remote job,,2026-09-16,2026-10-04,False,,medium,recruitee publishes no count; whole board returned in one call,,,https://msf.recruitee.com/o/antimicrobial-resistance-platform-leader
2026-10-05,closed,neos,neos,token,unverified,personio,KI Manager:in (m/w/d) - Schwerpunkt Transformation & Automatisierung,other,manager,True,Bundesbüro,Bundesgeschäftsführung,2026-09-22,2026-10-04,False,,medium,personio publishes no count; whole board returned in one call,,,https://neos.jobs.personio.de/job/2806185
2026-10-05,closed,netgear,netgear,token,unverified,ashby,"Senior Manager, People Operations and Total Rewards",operations,senior,True,"Cork, Ireland",Human Resources,2026-09-15,2026-10-04,False,,medium,ashby publishes no count; whole board returned in one call,,,https://jobs.ashbyhq.com/netgear/6378f870-27e1-4b76-a55c-379bb870eef3
2026-10-05,closed,netwealth,netwealth,token,unverified,ashby,Revenue Operations Analyst,data,unspecified,False,Melbourne Office,Finance,2026-09-18,2026-10-04,False,,medium,ashby publishes no count; whole board returned in one call,,,https://jobs.ashbyhq.com/netwealth/dab81f40-a27e-4cce-a1ff-36762dc4e739
2026-10-05,closed,netwealth,netwealth,token,unverified,ashby,Senior Training & Relationship Manager – Strategic Accounts,other,senior,True,Melbourne Office,"Distribution, Product and Marketing",2026-09-15,2026-10-04,False,,medium,ashby publishes no count; whole board returned in one call,,,https://jobs.ashbyhq.com/netwealth/618af911-f124-4993-acdb-c318adc25b0b
2026-10-05,closed,netwealth,netwealth,token,unverified,ashby,Senior Training & Relationship Manager – Wealth Management & Broking,other,senior,True,Melbourne Office,"Distribution, Product and Marketing",2026-09-15,2026-10-04,False,,medium,ashby publishes no count; whole board returned in one call,,,https://jobs.ashbyhq.com/netwealth/f0072b91-9a77-4109-8334-187dce2ea97d
2026-10-05,closed,netwealth,netwealth,token,unverified,ashby,Service Desk Analyst,data,unspecified,False,Melbourne Office,Information Technology,2026-09-15,2026-10-04,False,,medium,ashby publishes no count; whole board returned in one call,,,https://jobs.ashbyhq.com/netwealth/155b7259-a14b-439d-9099-0ff86f33b70a
2026-10-05,closed,neumeier-ag,neumeier-ag,token,unverified,personio,Full Stack Developer (m/w/d),engineering,unspecified,False,Mallersdorf-Pfaffenberg,SAP-Software,2026-09-15,2026-10-04,False,,medium,personio publishes no count; whole board returned in one call,,,https://neumeier-ag.jobs.personio.de/job/2461657
2026-10-05,closed,nfon,nfon,token,unverified,personio,IT Systemadministrator (all genders),other,unspecified,False,München,Business IT & Systems,2026-09-15,2026-10-04,False,,medium,personio publishes no count; whole board returned in one call,,,https://nfon.jobs.personio.de/job/2775090
2026-10-05,closed,normecfcnl,normecfcnl,token,unverified,recruitee,Koerier/Monsternemer - Regio Delfgauw,other,unspecified,False,"Delfgauw, Zuid-Holland, Nederland",Normec Foodcare,2026-09-24,2026-10-04,False,,medium,recruitee publishes no count; whole board returned in one call,,,https://normecfcnl.recruitee.com/o/koeriermonsternemer-regio-delfgauw
2026-10-05,closed,normecsunl,normecsunl,token,unverified,recruitee,Back Office Medewerker,other,unspecified,False,"Beverwijk, Noord-Holland, Nederland",Normec,2026-09-15,2026-10-04,False,,medium,recruitee publishes no count; whole board returned in one call,,,https://normecsunl.recruitee.com/o/back-office-medewerker
2026-10-05,closed,ntm,ntm,token,unverified,recruitee,ARBETSLEDARE,other,unspecified,False,"Närpes, Österbotten, Finland",Produktion,2026-09-17,2026-10-04,False,,medium,recruitee publishes no count; whole board returned in one call,,,https://ntm.recruitee.com/o/arbetsledare-2
2026-10-05,closed,nts,nts,token,unverified,recruitee,Supplier Quality Assurance | NTS Eindhoven - Mechatronics Assembly,other,unspecified,False,"Eindhoven, Noord-Brabant, Netherlands",NTS Eindhoven - Mechatronic Assembly,2026-09-15,2026-10-04,False,,medium,recruitee publishes no count; whole board returned in one call,,,https://nts.recruitee.com/o/supplier-quality-assurance-nts-eindhoven
2026-10-05,closed,omeris,omeris,token,unverified,recruitee,Juriste en droit social F/H,other,unspecified,False,"Caluire et Cuire, Auvergne-Rhône-Alpes, France",Direction Ressources Humaines,2026-09-15,2026-10-04,False,,medium,recruitee publishes no count; whole board returned in one call,,,https://omeris.recruitee.com/o/juriste-en-droit-social-fh
2026-10-05,closed,omeris,omeris,token,unverified,recruitee,Psychologue F/H à temps partiel,other,unspecified,False,"Marseille, Provence-Alpes-Côte d'Azur, France",Résidence Domaine de Fontfrède,2026-09-15,2026-10-04,False,,medium,recruitee publishes no count; whole board returned in one call,,,https://omeris.recruitee.com/o/psychologue-fh-a-temps-partiel
2026-10-05,closed,onhires,onhires,token,unverified,ashby,International Tax Counsel,legal,unspecified,False,Europe (remote),Finance / Legal,2026-09-15,2026-10-04,False,,medium,ashby publishes no count; whole board returned in one call,,,https://jobs.ashbyhq.com/onhires/b2e919e8-507b-403e-9d6d-2610cf9dd2ee
2026-10-05,closed,onhires,onhires,token,unverified,ashby,Sales Development Representative (Industrial IoT / Deep Tech),sales,unspecified,False,USA,Sales/marketing,2026-09-15,2026-10-04,False,,medium,ashby publishes no count; whole board returned in one call,,,https://jobs.ashbyhq.com/onhires/6632e549-7b97-4c59-a151-884fd5ac8ac0
2026-10-05,closed,onhires,onhires,token,unverified,ashby,Senior Private PA & Lifestyle Manager to Founder,other,senior,True,Remote - Bulgaria,Administrative & Operations,2026-09-15,2026-10-04,False,,medium,ashby publishes no count; whole board returned in one call,,,https://jobs.ashbyhq.com/onhires/ba00c788-9ac9-493e-b260-1c8642e0182a
2026-10-05,closed,outersignal,outersignal,token,unverified,ashby,Business Operations Manager,operations,manager,True,United States,Operations,2026-09-15,2026-10-04,False,,medium,ashby publishes no count; whole board returned in one call,,,https://jobs.ashbyhq.com/outersignal/d73ad611-9f3d-4546-8737-f9c996fd4fbe
2026-10-05,closed,owkin,owkin,token,unverified,ashby,Computational Biologist,other,unspecified,False,France,BIOMEDICAL,2026-09-25,2026-10-04,False,,medium,ashby publishes no count; whole board returned in one call,,,https://jobs.ashbyhq.com/owkin/c45862ea-891a-425d-9e7b-4e9aee6e4951
2026-10-05,closed,oyster,oyster,token,unverified,ashby,Customer Success Manager (EMEA),support,manager,True,EMEA,Operations,2026-09-15,2026-10-04,False,,medium,ashby publishes no count; whole board returned in one call,,,https://jobs.ashbyhq.com/oyster/e926bced-b09b-4f2b-a3da-37b2a634ac91
2026-10-05,closed,oyster,oyster,token,unverified,ashby,Offboard Operations Expert,operations,unspecified,False,Brazil,Operations,2026-09-15,2026-10-04,False,,medium,ashby publishes no count; whole board returned in one call,,,https://jobs.ashbyhq.com/oyster/2787e757-6496-42b6-a3bb-b8798507feb5
2026-10-05,closed,paperandtea,paperandtea,token,unverified,personio,"Weihnachtsaushilfe (m/w/d), Berlin",other,unspecified,False,"Berlin, Mitte",Sales,2026-09-15,2026-10-04,False,,medium,personio publishes no count; whole board returned in one call,,,https://paperandtea.jobs.personio.de/job/818980
2026-10-05,closed,paperandtea,paperandtea,token,unverified,personio,"Weihnachtsaushilfe (m/w/d), Düsseldorf",other,unspecified,False,Düsseldorf,Sales,2026-09-15,2026-10-04,False,,medium,personio publishes no count; whole board returned in one call,,,https://paperandtea.jobs.personio.de/job/818968
2026-10-05,closed,paperandtea,paperandtea,token,unverified,personio,"Weihnachtsaushilfe (m/w/d), München Viktualienmarkt",other,unspecified,False,"München, Viktualienmarkt",Sales,2026-09-15,2026-10-04,False,,medium,personio publishes no count; whole board returned in one call,,,https://paperandtea.jobs.personio.de/job/1776834
2026-10-05,closed,parasail,parasail,token,unverified,ashby,"Software Engineer, Forward Deploy -- New Graduate '27",engineering,junior,False,San Mateo,Sales,2026-10-03,2026-10-04,False,,medium,ashby publishes no count; whole board returned in one call,,,https://jobs.ashbyhq.com/parasail/da595923-4e35-4ba1-875d-383276069cf7
2026-10-05,closed,passport,passport,token,unverified,ashby,Freight Operations Specialist,operations,unspecified,False,United States,Operations,2026-09-17,2026-10-04,False,,medium,ashby publishes no count; whole board returned in one call,,,https://jobs.ashbyhq.com/passport/4481acac-8d0d-475f-86d0-80dd3f071a61
2026-10-05,closed,patrianna,patrianna,token,unverified,ashby,Middle Manual QA Engineer,engineering,unspecified,False,Ukraine,Technology,2026-10-03,2026-10-04,False,,medium,ashby publishes no count; whole board returned in one call,,,https://jobs.ashbyhq.com/patrianna/b4a2a006-427c-4270-923b-9d68ed00d1a3
2026-10-05,closed,pavebank,pavebank,token,unverified,ashby,Junior Software Engineer,engineering,junior,False,"Singapore, Singapore",Engineering,2026-09-15,2026-10-04,False,,medium,ashby publishes no count; whole board returned in one call,,,https://jobs.ashbyhq.com/pavebank/302c077c-c214-4ee5-9ebf-20f15172b447
2026-10-05,closed,payrails,payrails,token,unverified,ashby,Compliance Specialist ,legal,unspecified,False,Cairo,Legal,2026-09-15,2026-10-04,False,,medium,ashby publishes no count; whole board returned in one call,,,https://jobs.ashbyhq.com/payrails/82a6b313-f429-4a17-8df3-686ccf8d64f8
2026-10-05,closed,pergolux,pergolux,token,unverified,ashby,Associate Inbound Sales UK,sales,junior,False,Chalgrove Office UK,Sales,2026-09-15,2026-10-04,False,,medium,ashby publishes no count; whole board returned in one call,,,https://jobs.ashbyhq.com/pergolux/01158bf7-e28f-4e85-8070-a3a1dd6d5836
2026-10-05,closed,pergolux,pergolux,token,unverified,ashby,Working Student Analytics Engineer (m/w/d),data,unspecified,False,Berlin | Global Team,Data & BI ,2026-09-27,2026-10-04,False,,medium,ashby publishes no count; whole board returned in one call,,,https://jobs.ashbyhq.com/pergolux/922d83a2-7a29-4267-8b9f-5ad68144c0df
2026-10-05,closed,permitflow,permitflow,token,unverified,ashby,Video & Content Producer,marketing,unspecified,False,"New York City, NY",Marketing,2026-09-15,2026-10-04,False,,medium,ashby publishes no count; whole board returned in one call,,,https://jobs.ashbyhq.com/permitflow/480bc993-60b1-4b4d-83fa-599ef650729c
2026-10-05,closed,pivotal-health,pivotal-health,token,unverified,ashby,"Rev Ops Analyst, Pro Formas",data,unspecified,False,"Santa Monica, CA",Revenue,2026-09-15,2026-10-04,False,,medium,ashby publishes no count; whole board returned in one call,,,https://jobs.ashbyhq.com/pivotal-health/5d2af17c-6401-47a2-8318-8d1673751f20
2026-10-05,closed,plaud,plaud,token,unverified,ashby,Integrated Marketing Manager - Australia,marketing,manager,True,Singapore,JP & APAC & CN Business,2026-09-15,2026-10-04,False,,medium,ashby publishes no count; whole board returned in one call,,,https://jobs.ashbyhq.com/plaud/1344d420-1561-4327-84e2-7255432523a8
2026-10-05,closed,pleo,pleo,token,unverified,ashby,Deputy Head of Financial Crime,other,lead,True,United Kingdom,Business Operations,2026-09-16,2026-10-04,False,,medium,ashby publishes no count; whole board returned in one call,,,https://jobs.ashbyhq.com/pleo/d77a779e-825d-476e-85a1-92b0326f2c46
2026-10-05,closed,pleo,pleo,token,unverified,ashby,Deputy Head of Financial Crime,other,lead,True,London,Business Operations,2026-09-16,2026-10-04,False,,medium,ashby publishes no count; whole board returned in one call,,,https://jobs.ashbyhq.com/pleo/fa9f1ddf-85bc-4cb9-94ad-36669ac33a64
2026-10-05,closed,pliant,pliant,token,unverified,ashby,Senior Product Operations Manager (AI Workflows) *EU/UK remote* (m/f/d),operations,senior,True,Remote,Product,2026-09-15,2026-10-04,False,,medium,ashby publishes no count; whole board returned in one call,,,https://jobs.ashbyhq.com/pliant/cd30c786-9df6-4e34-abf0-ed71b7031377
2026-10-05,closed,possible-finance,possible-finance,token,unverified,ashby,Tier 1 Customer Success Agent (Philippines),support,unspecified,False,"Remote, Philippines",Data & Operations,2026-10-01,2026-10-04,False,,medium,ashby publishes no count; whole board returned in one call,,,https://jobs.ashbyhq.com/possible-finance/d33db597-0b1f-4170-9095-9c32b6b18443
2026-10-05,closed,predium,predium,token,unverified,personio,Associate Data Scientist (f/m/d),data,junior,False,Munich,Technology,2026-09-22,2026-10-04,False,,medium,personio publishes no count; whole board returned in one call,,,https://predium.jobs.personio.de/job/2807400
2026-10-05,closed,prima,prima,token,unverified,lever,Junior Software Engineer,engineering,junior,False,Milan,Engineering,2026-10-03,2026-10-04,False,,medium,lever publishes no count; whole board returned in one call,,,https://jobs.eu.lever.co/prima/8fdcea19-8d0d-4d68-a348-429c13f692f8
2026-10-05,closed,prima,prima,token,unverified,lever,Junior Software Engineer,engineering,junior,False,London,Engineering,2026-09-18,2026-10-04,False,,medium,lever publishes no count; whole board returned in one call,,,https://jobs.eu.lever.co/prima/84e32198-04ec-478c-801f-d0aa97b28a7d
2026-10-05,closed,proteindistillery,proteindistillery,token,unverified,personio,Pflichtpraktikant (m/w/d) in der Produktentwicklung,other,unspecified,False,Ostfildern - Office,Application & Product Development,2026-09-15,2026-10-04,False,,medium,personio publishes no count; whole board returned in one call,,,https://proteindistillery.jobs.personio.de/job/1491368
2026-10-05,closed,puregymswiss,puregymswiss,token,unverified,recruitee,Manager Fitness Club (m/w/d) Leitungsposition für Quereinsteiger (ohne Fitness-Background),other,manager,True,"Altdorf, Uri, Schweiz",Praktikanten,2026-09-15,2026-10-04,False,,medium,recruitee publishes no count; whole board returned in one call,,,https://puregymswiss.recruitee.com/o/manager-fitness-club-mwd-leitungsposition-fur-quereinsteiger-ohne-fitness-background-3
2026-10-05,closed,quarks-tech,quarks-tech,token,unverified,ashby,User Acquisition Manager,other,manager,True,Remote,Social Discovery ,2026-09-15,2026-10-04,False,,medium,ashby publishes no count; whole board returned in one call,,,https://jobs.ashbyhq.com/quarks-tech/593cecf6-d45f-4cd4-90ed-57e1dc7f7edf
2026-10-05,closed,reonic,reonic,token,unverified,ashby,Software Engineering Intern (AI x Greentech) (m/f/d),engineering,intern,False,Berlin,Engineering,2026-09-15,2026-10-04,False,,medium,ashby publishes no count; whole board returned in one call,,,https://jobs.ashbyhq.com/reonic/dd26ab09-62de-4d27-9e11-64eccb2e33df
2026-10-05,closed,revenuecat,revenuecat,token,unverified,ashby,People Operations Generalist,operations,unspecified,False,Americas,Operations,2026-09-27,2026-10-04,False,,medium,ashby publishes no count; whole board returned in one call,,,https://jobs.ashbyhq.com/revenuecat/b1a6df6b-652c-44fb-bce0-1cca6652ac9f
2026-10-05,closed,rippling,rippling,token,unverified,rippling,Customer Support Manager - Docs and Work Auth,support,manager,True,"Bangalore, India",Customer Support,2026-10-03,2026-10-04,False,,medium,rippling publishes no count; whole board returned in one call,,,https://ats.rippling.com/rippling/jobs/6d89ab45-dc18-465b-97ad-9ac6d40aad4c
2026-10-05,closed,rippling,rippling,token,unverified,rippling,Customer Support Specialist - Payroll Integration,support,unspecified,False,"Bangalore, India",Customer Support,2026-09-15,2026-10-04,False,,medium,rippling publishes no count; whole board returned in one call,,,https://ats.rippling.com/rippling/jobs/fff572a7-4700-4253-a663-8e02c4a750d7
2026-10-05,closed,rippling,rippling,token,unverified,rippling,Software Engineer II - Tax Platform ,engineering,unspecified,False,"Bangalore, India",Engineering,2026-10-01,2026-10-04,False,,medium,rippling publishes no count; whole board returned in one call,,,https://ats.rippling.com/rippling/jobs/7e609a7f-bce4-4613-9153-513fbe383631
2026-10-05,closed,robin-radar,robin-radar,token,unverified,ashby,Logistics Planner,operations,unspecified,False,Delft,Operations,2026-09-29,2026-10-04,False,,medium,ashby publishes no count; whole board returned in one call,,,https://jobs.ashbyhq.com/robin-radar/7071ae79-13fa-49e9-b8d0-6f41805fe612
2026-10-05,closed,rocketsciencegg,rocketsciencegg,token,unverified,ashby,General Application,other,unspecified,False,"Cardiff, Wales, UK",Corporate,2026-09-15,2026-10-04,False,,medium,ashby publishes no count; whole board returned in one call,,,https://jobs.ashbyhq.com/rocketsciencegg/a91ed09c-a7e5-4b22-971c-456083a6ecd6
2026-10-05,closed,roompricegenie,roompricegenie,token,unverified,ashby,Remote Engineering Manager (Algorithms Team) (m/f/d),engineering,manager,True,Remote Germany,Product & Engineering,2026-09-24,2026-10-04,False,,medium,ashby publishes no count; whole board returned in one call,,,https://jobs.ashbyhq.com/roompricegenie/d45cb4a8-3add-46fd-b5f3-1e1dceea1284
2026-10-05,closed,rosebelgoldmines,rosebelgoldmines,token,unverified,recruitee,Assistant Superintendent Supply Chain,operations,unspecified,False,"Rosebel Gold Mines Site, Brokopondo, Suriname",HR Management,2026-09-15,2026-10-04,False,,medium,recruitee publishes no count; whole board returned in one call,,,https://rosebelgoldmines.recruitee.com/o/assistant-superintendent-supply-chain
2026-10-05,closed,rosebelgoldmines,rosebelgoldmines,token,unverified,recruitee,Finance Specialist,finance,unspecified,False,"Rosebel Gold Mines Site, Brokopondo, Suriname",HR Management,2026-09-15,2026-10-04,False,,medium,recruitee publishes no count; whole board returned in one call,,,https://rosebelgoldmines.recruitee.com/o/finance-specialist-1
2026-10-05,closed,rosebelgoldmines,rosebelgoldmines,token,unverified,recruitee,Reliability Coordinator,other,unspecified,False,"Rosebel Gold Mines Site, Brokopondo, Suriname",Mine Maintenance,2026-09-15,2026-10-04,False,,medium,recruitee publishes no count; whole board returned in one call,,,https://rosebelgoldmines.recruitee.com/o/reliability-coordinator-3
2026-10-05,closed,rosengarten-gmbh,rosengarten-gmbh,token,unverified,personio,Versandmitarbeiter (m/w/d) Willebadessen,other,unspecified,False,Tierkrematorium Willebadessen,Technik & Betrieb,2026-09-15,2026-10-04,False,,medium,personio publishes no count; whole board returned in one call,,,https://rosengarten-gmbh.jobs.personio.de/job/2633604
2026-10-05,closed,rts-careers,rts-careers,token,unverified,rippling,Accounts Receivable Specialist ,other,unspecified,False,"AZ; CO; FL; GA; KS; MD; MA; MN; NJ; New York, NY; NC; OH; PA; UT; VA; WA; TX",Finance,2026-10-03,2026-10-04,False,,medium,rippling publishes no count; whole board returned in one call,,,https://ats.rippling.com/rts-careers/jobs/c72a6a95-684d-42a2-8f3b-2233e1859371
2026-10-05,closed,safetonet-family-store,safetonet-family-store,token,unverified,personio,Langenfeld - Sales Manager/Verkäufer im Vodafone Shop (m/w/d),sales,manager,True,5027 Mobilfunkshop Langenfeld,85060 Gebiet 6,2026-09-15,2026-10-04,False,,medium,personio publishes no count; whole board returned in one call,,,https://safetonet-family-store.jobs.personio.de/job/2744598
2026-10-05,closed,safetonet-family-store,safetonet-family-store,token,unverified,personio,Michelstadt - Sales Manager/Verkäufer Mobilfunk (m/w/d),sales,manager,True,5507 Telekom Partnershop Michelstadt,85070 Gebiet 7,2026-09-15,2026-10-04,False,,medium,personio publishes no count; whole board returned in one call,,,https://safetonet-family-store.jobs.personio.de/job/2694353
2026-10-05,closed,saffier,saffier,token,unverified,recruitee,Teamleider Zorg - 32 tot 36 uur,other,unspecified,False,"Den Haag, Zuid-Holland, Nederland",Management en ondersteuning,2026-09-20,2026-10-04,False,,medium,recruitee publishes no count; whole board returned in one call,,,https://saffier.recruitee.com/o/teamleider-zorg-32-tot-36-uur-4
2026-10-05,closed,scan-com,scan-com,token,unverified,ashby,Product Operations Manager,operations,manager,True,New York City,Engineering,2026-09-15,2026-10-04,False,,medium,ashby publishes no count; whole board returned in one call,,,https://jobs.ashbyhq.com/scan-com/8f60ea2d-ce13-4f85-9112-f395651d80fb
2026-10-05,closed,scentbird,scentbird,token,unverified,rippling,Senior Financial Systems Analyst,data,senior,False,Remote (Outside the US),46 Technology,2026-09-15,2026-10-04,False,,medium,rippling publishes no count; whole board returned in one call,,,https://ats.rippling.com/scentbird/jobs/55b2ecfa-81f1-4b8c-84ae-d1179fed5e79
2026-10-05,closed,seb,seb,token,unverified,lever,"Cloud Engineer with a passion for Data Engineering and AI-Data enablers | SEB, Solna",data,unspecified,False,Solna,Investor Services,2026-09-22,2026-10-04,False,,medium,lever publishes no count; whole board returned in one call,,,https://jobs.eu.lever.co/seb/7eb71ed1-deab-46d7-882d-289ae7900435
2026-10-05,closed,seb,seb,token,unverified,lever,"IT analyst (BI & Data Solutions) for Business Reporting Solutions team | SEB, Tallinn",data,unspecified,False,Tallinn,Product Development & Technology,2026-09-22,2026-10-04,False,,medium,lever publishes no count; whole board returned in one call,,,https://jobs.eu.lever.co/seb/9a47d96f-7524-4f03-bfbe-57f10608c485
2026-10-05,closed,seb,seb,token,unverified,lever,"IT analyst (BI & Data Solutions) for Business Reporting Solutions team | SEB, Vilnius",data,unspecified,False,Vilnius,Product Development & Technology,2026-09-22,2026-10-04,False,,medium,lever publishes no count; whole board returned in one call,,,https://jobs.eu.lever.co/seb/54edd429-da99-414b-b22d-e21c8cad788e
2026-10-05,closed,seb,seb,token,unverified,lever,"IT analyst (IT analītiķis) for Business Reporting Solutions team | SEB, Riga",data,unspecified,False,Rīga,Product Development & Technology,2026-09-22,2026-10-04,False,,medium,lever publishes no count; whole board returned in one call,,,https://jobs.eu.lever.co/seb/b97b7472-d2cb-4745-a9da-7b34f398a8e5
2026-10-05,closed,seb,seb,token,unverified,lever,"Ikdienas pakalpojumu konsultants/-e | SEB, Rīga",other,unspecified,False,Rīga,Retail Banking,2026-09-18,2026-10-04,False,,medium,lever publishes no count; whole board returned in one call,,,https://jobs.eu.lever.co/seb/c497d4ac-09a1-4211-82e6-5e71f80f2285
2026-10-05,closed,seb,seb,token,unverified,lever,"Key Account Manager, Nordic Corporate Sales at SEB Kort | SEB, Helsinki",sales,manager,True,Helsinki,SEB Card,2026-09-22,2026-10-04,False,,medium,lever publishes no count; whole board returned in one call,,,https://jobs.eu.lever.co/seb/0ca79acb-67cf-4a79-9ed7-f15bb6e109cd
2026-10-05,closed,seb,seb,token,unverified,lever,"Senior Financial Controller - Trading Accounting to Parent Bank Accounting & Reporting at SEB, Solna",finance,senior,False,Solna,Group Chief Financial Officer,2026-09-15,2026-10-04,False,,medium,lever publishes no count; whole board returned in one call,,,https://jobs.eu.lever.co/seb/647aaaee-881d-439c-8702-651da445ac73
2026-10-05,closed,seccl,seccl,token,unverified,ashby,Head of client asset oversight,other,lead,True,Dublin,Ireland,2026-09-15,2026-10-04,False,,medium,ashby publishes no count; whole board returned in one call,,,https://jobs.ashbyhq.com/seccl/40e95478-ed34-4991-9ed7-3999c47877d4
2026-10-05,closed,sedgwick,sedgwick,token,unverified,workday,Ervaren Letselschadebehandelaar,other,unspecified,False,Hoogeveen,,2026-09-15,2026-10-04,False,board went empty,low,the company's whole board came back empty this day -- a failed fetch or a moved board is indistinguishable from closing everything,,,https://sedgwick.wd1.myworkdayjobs.com/Sedgwick/job/Hoogeveen/Ervaren-Letselschadebehandelaar_R70780
2026-10-05,closed,sedgwick,sedgwick,token,unverified,workday,Ervaren Letselschadebehandelaar,other,unspecified,False,Rotterdam,,2026-09-15,2026-10-04,False,board went empty,low,the company's whole board came back empty this day -- a failed fetch or a moved board is indistinguishable from closing everything,,,https://sedgwick.wd1.myworkdayjobs.com/Sedgwick/job/Rotterdam/Ervaren-Letselschadebehandelaar_R70777
2026-10-05,closed,sedgwick,sedgwick,token,unverified,workday,Ervaren Schade-Expert Goederen,other,unspecified,False,Rotterdam,,2026-09-15,2026-10-04,False,board went empty,low,the company's whole board came back empty this day -- a failed fetch or a moved board is indistinguishable from closing everything,,,https://sedgwick.wd1.myworkdayjobs.com/Sedgwick/job/Rotterdam/Ervaren-Schade-Expert-Goederen_R78381
2026-10-05,closed,sedgwick,sedgwick,token,unverified,workday,Executive General Adjuster,other,unspecified,False,"Miami, FL",,2026-09-15,2026-10-04,False,board went empty,low,the company's whole board came back empty this day -- a failed fetch or a moved board is indistinguishable from closing everything,,,https://sedgwick.wd1.myworkdayjobs.com/Sedgwick/job/Miami-FL/Executive-General-Adjuster_R76842-1
2026-10-05,closed,sedgwick,sedgwick,token,unverified,workday,Executive MCL Adjuster,other,unspecified,False,London,,2026-09-15,2026-10-04,False,board went empty,low,the company's whole board came back empty this day -- a failed fetch or a moved board is indistinguishable from closing everything,,,https://sedgwick.wd1.myworkdayjobs.com/Sedgwick/job/London/Executive-MCL-Adjuster_R78512
2026-10-05,closed,sedgwick,sedgwick,token,unverified,workday,Executive MCL Adjuster / Surveyor,other,unspecified,False,2 Locations,,2026-10-02,2026-10-04,False,board went empty,low,the company's whole board came back empty this day -- a failed fetch or a moved board is indistinguishable from closing everything,,,https://sedgwick.wd1.myworkdayjobs.com/Sedgwick/job/UK-Home-Worker-Scotland/Executive-MCL-Adjuster---Surveyor_R78515
2026-10-05,closed,sedgwick,sedgwick,token,unverified,workday,Experienced Motor Claims Handler,other,unspecified,False,3 Locations,,2026-09-15,2026-10-04,False,board went empty,low,the company's whole board came back empty this day -- a failed fetch or a moved board is indistinguishable from closing everything,,,https://sedgwick.wd1.myworkdayjobs.com/Sedgwick/job/Ireland-Home-Worker/Experienced-Motor-Claims-Handler_R77477
2026-10-05,closed,sedgwick,sedgwick,token,unverified,workday,Expert Fort Enjeux IDF-EST H/F,other,unspecified,False,Nanterre,,2026-09-15,2026-10-04,False,board went empty,low,the company's whole board came back empty this day -- a failed fetch or a moved board is indistinguishable from closing everything,,,https://sedgwick.wd1.myworkdayjobs.com/Sedgwick/job/Nanterre/Expert-Fort-Enjeux-Paris-IDF-H-F_R75771
2026-10-05,closed,sedgwick,sedgwick,token,unverified,workday,Expert Médian IDF-Est H/F,other,unspecified,False,Nanterre,,2026-10-01,2026-10-04,False,board went empty,low,the company's whole board came back empty this day -- a failed fetch or a moved board is indistinguishable from closing everything,,,https://sedgwick.wd1.myworkdayjobs.com/Sedgwick/job/Nanterre/Expert-Mdian-IDF-Est-H-F_R75772-1
2026-10-05,closed,sedgwick,sedgwick,token,unverified,workday,Expert Personenschade,other,unspecified,False,4 Locations,,2026-09-15,2026-10-04,False,board went empty,low,the company's whole board came back empty this day -- a failed fetch or a moved board is indistinguishable from closing everything,,,https://sedgwick.wd1.myworkdayjobs.com/Sedgwick/job/Rotterdam/Expert-Personenschade_R32624
2026-10-05,closed,sedgwick,sedgwick,token,unverified,workday,Expert Sinistres Responsabilité Civile Entreprise Confirmé H/F,other,unspecified,False,Marseille,,2026-09-15,2026-10-04,False,board went empty,low,the company's whole board came back empty this day -- a failed fetch or a moved board is indistinguishable from closing everything,,,https://sedgwick.wd1.myworkdayjobs.com/Sedgwick/job/Marseille/Expert-Sinistres-Responsabilit-Civile-Entreprise-Confirm-H-F_R76879
2026-10-05,closed,sedgwick,sedgwick,token,unverified,workday,Expert de Sinistres Junior IDF - F/H,other,junior,False,Nanterre,,2026-09-15,2026-10-04,False,board went empty,low,the company's whole board came back empty this day -- a failed fetch or a moved board is indistinguishable from closing everything,,,https://sedgwick.wd1.myworkdayjobs.com/Sedgwick/job/Nanterre/Expert-Sinistres-H-F_R57216-1
2026-10-05,closed,sedgwick,sedgwick,token,unverified,workday,"Expert de sinistres Médian, forts enjeux, sécheresse - Bordeaux - F/H",other,unspecified,False,Bordeaux,,2026-09-15,2026-10-04,False,board went empty,low,the company's whole board came back empty this day -- a failed fetch or a moved board is indistinguishable from closing everything,,,https://sedgwick.wd1.myworkdayjobs.com/Sedgwick/job/Bordeaux/Expert-de-sinistres-Entreprise-Risques-industriels---Bordeaux---F-H_R73186
2026-10-05,closed,sedgwick,sedgwick,token,unverified,workday,Expert d’Assurance Responsabilité Civile Entreprises (RCE) H/F,other,unspecified,False,Nanterre,,2026-09-15,2026-10-04,False,board went empty,low,the company's whole board came back empty this day -- a failed fetch or a moved board is indistinguishable from closing everything,,,https://sedgwick.wd1.myworkdayjobs.com/Sedgwick/job/Nanterre/Expert-d-Assurance-Responsabilit-Civile-Entreprises--RCE--H-F_R75649
2026-10-05,closed,sedgwick,sedgwick,token,unverified,workday,Expert(e) en sinistres - Assurance de biens / Claims Adjuster - Property,other,unspecified,False,CAN-Telecommute-QC,,2026-09-15,2026-10-04,False,board went empty,low,the company's whole board came back empty this day -- a failed fetch or a moved board is indistinguishable from closing everything,,,https://sedgwick.wd1.myworkdayjobs.com/Sedgwick/job/CAN-Telecommute-QC/Claims-Adjuster---Property-Expert-e--en-sinistres---Assurance-de-biens_R69334
2026-10-05,closed,sedgwick,sedgwick,token,unverified,workday,Expert(e) en sinistres - Camionnage et cargaisons / Claims Adjuster - Transportation/Cargo,other,unspecified,False,Montreal,,2026-09-15,2026-10-04,False,board went empty,low,the company's whole board came back empty this day -- a failed fetch or a moved board is indistinguishable from closing everything,,,https://sedgwick.wd1.myworkdayjobs.com/Sedgwick/job/Montreal/Expert-e--en-sinistres---Camionnage-et-cargaisons---Claims-Adjuster---Transportation-Cargo_R77745
2026-10-05,closed,sedgwick,sedgwick,token,unverified,workday,Expert(e) en sinistres principal(e) / Sr. Adjuster,other,principal,False,CAN-Telecommute-QC,,2026-09-15,2026-10-04,False,board went empty,low,the company's whole board came back empty this day -- a failed fetch or a moved board is indistinguishable from closing everything,,,https://sedgwick.wd1.myworkdayjobs.com/Sedgwick/job/CAN-Telecommute-QC/Expert-e--en-sinistres-principal-e----Sr-Adjuster_R75421
2026-10-05,closed,sedgwick,sedgwick,token,unverified,workday,Expert(e) en sinistres/Adjuster,other,unspecified,False,CAN-Montreal,,2026-09-15,2026-10-04,False,board went empty,low,the company's whole board came back empty this day -- a failed fetch or a moved board is indistinguishable from closing everything,,,https://sedgwick.wd1.myworkdayjobs.com/Sedgwick/job/CAN-Montreal/Expert-e--en-sinistres-Adjuster_R76160
2026-10-05,closed,sedgwick,sedgwick,token,unverified,workday,Expert(e) général(e) exécutif(ve)/ Adjuster General Executive,other,unspecified,False,2 Locations,,2026-09-15,2026-10-04,False,board went empty,low,the company's whole board came back empty this day -- a failed fetch or a moved board is indistinguishable from closing everything,,,https://sedgwick.wd1.myworkdayjobs.com/Sedgwick/job/Calgary/Expert-e--gnral-e--excutif-ve---Adjuster-General-Executive_R74979
2026-10-05,closed,sedgwick,sedgwick,token,unverified,workday,Field Adjuster General - Property,other,unspecified,False,2 Locations,,2026-09-15,2026-10-04,False,board went empty,low,the company's whole board came back empty this day -- a failed fetch or a moved board is indistinguishable from closing everything,,,https://sedgwick.wd1.myworkdayjobs.com/Sedgwick/job/Little-Rock-AR/Field-Adjuster-General---Property_R74966
2026-10-05,closed,sedgwick,sedgwick,token,unverified,workday,Field Auto Appraiser - Catastrophic Loss,other,unspecified,False,US Telecommuter,,2026-09-15,2026-10-04,False,board went empty,low,the company's whole board came back empty this day -- a failed fetch or a moved board is indistinguishable from closing everything,,,https://sedgwick.wd1.myworkdayjobs.com/Sedgwick/job/US-Telecommuter/Field-Auto-Appraiser---Catastrophic-Loss_R78056
2026-10-05,closed,sedgwick,sedgwick,token,unverified,workday,"Field Auto Appraiser - Columbus, Ohio",other,unspecified,False,Telecommuter OH,,2026-09-15,2026-10-04,False,board went empty,low,the company's whole board came back empty this day -- a failed fetch or a moved board is indistinguishable from closing everything,,,https://sedgwick.wd1.myworkdayjobs.com/Sedgwick/job/Telecommuter-OH/Field-Auto-Appraiser---Columbus--Ohio_R77255
2026-10-05,closed,sedgwick,sedgwick,token,unverified,workday,"Field Auto Appraiser - Minneapolis, MN",other,unspecified,False,Telecommuter MN,,2026-09-17,2026-10-04,False,board went empty,low,the company's whole board came back empty this day -- a failed fetch or a moved board is indistinguishable from closing everything,,,https://sedgwick.wd1.myworkdayjobs.com/Sedgwick/job/Telecommuter-MN/Field-Auto-Appraiser---Rhode-Island_R77254
2026-10-05,closed,sedgwick,sedgwick,token,unverified,workday,"Field Auto Appraiser - St. Louis, MO",other,unspecified,False,Telecommuter MO,,2026-09-17,2026-10-04,False,board went empty,low,the company's whole board came back empty this day -- a failed fetch or a moved board is indistinguishable from closing everything,,,https://sedgwick.wd1.myworkdayjobs.com/Sedgwick/job/Telecommuter-MO/Field-Auto-Appraiser---East-Lancing--Michigan_R77252
2026-10-05,closed,sedgwick,sedgwick,token,unverified,workday,Field Case Management,other,unspecified,False,"Salt Lake City, UT",,2026-09-15,2026-10-04,False,board went empty,low,the company's whole board came back empty this day -- a failed fetch or a moved board is indistinguishable from closing everything,,,https://sedgwick.wd1.myworkdayjobs.com/Sedgwick/job/Salt-Lake-City-UT/Field-Case-Management_R76750
2026-10-05,closed,sedgwick,sedgwick,token,unverified,workday,Field Case Manager,other,manager,True,"Orlando, FL",,2026-09-22,2026-10-04,False,board went empty,low,the company's whole board came back empty this day -- a failed fetch or a moved board is indistinguishable from closing everything,,,https://sedgwick.wd1.myworkdayjobs.com/Sedgwick/job/Orlando-FL/Field-Case-Manager_R78256
2026-10-05,closed,sedgwick,sedgwick,token,unverified,workday,Field Case Manager,other,manager,True,"Boston, MA",,2026-09-15,2026-10-04,False,board went empty,low,the company's whole board came back empty this day -- a failed fetch or a moved board is indistinguishable from closing everything,,,https://sedgwick.wd1.myworkdayjobs.com/Sedgwick/job/Boston-MA/Field-Case-Manager_R59848
2026-10-05,closed,sedgwick,sedgwick,token,unverified,workday,Field Case Manager,other,manager,True,Telecommuter GA,,2026-09-19,2026-10-04,False,board went empty,low,the company's whole board came back empty this day -- a failed fetch or a moved board is indistinguishable from closing everything,,,https://sedgwick.wd1.myworkdayjobs.com/Sedgwick/job/Telecommuter-GA/Field-Case-Manager_R78266
2026-10-05,closed,sedgwick,sedgwick,token,unverified,workday,Field Case Manager,other,manager,True,"Rock Hill, CT",,2026-10-03,2026-10-04,False,board went empty,low,the company's whole board came back empty this day -- a failed fetch or a moved board is indistinguishable from closing everything,,,https://sedgwick.wd1.myworkdayjobs.com/Sedgwick/job/Rock-Hill-CT/Field-Case-Manager_R76716
2026-10-05,closed,sedgwick,sedgwick,token,unverified,workday,Field Case Manager,other,manager,True,"Charlotte, NC",,2026-09-15,2026-10-04,False,board went empty,low,the company's whole board came back empty this day -- a failed fetch or a moved board is indistinguishable from closing everything,,,https://sedgwick.wd1.myworkdayjobs.com/Sedgwick/job/Charlotte-NC/Field-Case-Manager_R78124
2026-10-05,closed,sedgwick,sedgwick,token,unverified,workday,Field Case Manager,other,manager,True,2 Locations,,2026-09-15,2026-10-04,False,board went empty,low,the company's whole board came back empty this day -- a failed fetch or a moved board is indistinguishable from closing everything,,,https://sedgwick.wd1.myworkdayjobs.com/Sedgwick/job/Philadelphia-PA/Field-Case-Manager_R76713
2026-10-05,closed,sedgwick,sedgwick,token,unverified,workday,Field Case Manager - Vocational,other,manager,True,"Toledo, OH",,2026-09-15,2026-10-04,False,board went empty,low,the company's whole board came back empty this day -- a failed fetch or a moved board is indistinguishable from closing everything,,,https://sedgwick.wd1.myworkdayjobs.com/Sedgwick/job/Toledo-OH/Field-Case-Manager---Vocational_R76100
2026-10-05,closed,sedgwick,sedgwick,token,unverified,workday,Field Case Mangager,other,unspecified,False,"Baltimore, MD",,2026-09-16,2026-10-04,False,board went empty,low,the company's whole board came back empty this day -- a failed fetch or a moved board is indistinguishable from closing everything,,,https://sedgwick.wd1.myworkdayjobs.com/Sedgwick/job/Baltimore-MD/Field-Case-Mangager_R77933
2026-10-05,closed,sedgwick,sedgwick,token,unverified,workday,Field Property Adjuster- Barrie/North GTA,other,unspecified,False,2 Locations,,2026-09-15,2026-10-04,False,board went empty,low,the company's whole board came back empty this day -- a failed fetch or a moved board is indistinguishable from closing everything,,,https://sedgwick.wd1.myworkdayjobs.com/Sedgwick/job/Barrie/Field-Property-Adjuster--Barrie-North-GTA_R68865
2026-10-05,closed,sedgwick,sedgwick,token,unverified,workday,Financial Representative Part-Time,other,unspecified,False,2 Locations,,2026-09-15,2026-10-04,False,board went empty,low,the company's whole board came back empty this day -- a failed fetch or a moved board is indistinguishable from closing everything,,,https://sedgwick.wd1.myworkdayjobs.com/Sedgwick/job/Eden-Prairie-MN/Financial-Representative-Part-Time_R76739
2026-10-05,closed,sedgwick,sedgwick,token,unverified,workday,Forensic Accountant - Senior Manager/Director,finance,director,True,UK-Manchester,,2026-09-23,2026-10-04,False,board went empty,low,the company's whole board came back empty this day -- a failed fetch or a moved board is indistinguishable from closing everything,,,https://sedgwick.wd1.myworkdayjobs.com/Sedgwick/job/UK-Manchester/Forensic-Accountant---Senior-Manager-Director_R78385-2
2026-10-05,closed,sedgwick,sedgwick,token,unverified,workday,Forensic Accountant - Supervisor,finance,manager,True,UK-Manchester,,2026-09-25,2026-10-04,False,board went empty,low,the company's whole board came back empty this day -- a failed fetch or a moved board is indistinguishable from closing everything,,,https://sedgwick.wd1.myworkdayjobs.com/Sedgwick/job/UK-Manchester/Forensic-Accountant---Supervisor_R78499-1
2026-10-05,closed,sedgwick,sedgwick,token,unverified,workday,General Adjuster,other,unspecified,False,Telecommuter AK,,2026-09-15,2026-10-04,False,board went empty,low,the company's whole board came back empty this day -- a failed fetch or a moved board is indistinguishable from closing everything,,,https://sedgwick.wd1.myworkdayjobs.com/Sedgwick/job/Telecommuter-AK/General-Adjuster_R76794
2026-10-05,closed,sedgwick,sedgwick,token,unverified,workday,General Adjuster,other,unspecified,False,Telecommuter OK,,2026-09-24,2026-10-04,False,board went empty,low,the company's whole board came back empty this day -- a failed fetch or a moved board is indistinguishable from closing everything,,,https://sedgwick.wd1.myworkdayjobs.com/Sedgwick/job/Telecommuter-OK/General-Adjuster_R78149
2026-10-05,closed,sedgwick,sedgwick,token,unverified,workday,General Adjuster,other,unspecified,False,Telecommuter NJ,,2026-09-15,2026-10-04,False,board went empty,low,the company's whole board came back empty this day -- a failed fetch or a moved board is indistinguishable from closing everything,,,https://sedgwick.wd1.myworkdayjobs.com/Sedgwick/job/Telecommuter-NJ/General-Adjuster_R76939
2026-10-05,closed,sedgwick,sedgwick,token,unverified,workday,General Adjuster,other,unspecified,False,Telecommuter NV,,2026-09-23,2026-10-04,False,board went empty,low,the company's whole board came back empty this day -- a failed fetch or a moved board is indistinguishable from closing everything,,,https://sedgwick.wd1.myworkdayjobs.com/Sedgwick/job/Telecommuter-NV/General-Adjuster_R78366
2026-10-05,closed,sedgwick,sedgwick,token,unverified,workday,General Adjuster - Property,other,unspecified,False,6 Locations,,2026-09-15,2026-10-04,False,board went empty,low,the company's whole board came back empty this day -- a failed fetch or a moved board is indistinguishable from closing everything,,,https://sedgwick.wd1.myworkdayjobs.com/Sedgwick/job/Concord-CA/General-Adjuster---Property_R76837
2026-10-05,closed,sedgwick,sedgwick,token,unverified,workday,General Counsel Outside Litigation | Public Entity Pooling | Northern California,legal,unspecified,False,"Sacramento, CA",,2026-09-15,2026-10-04,False,board went empty,low,the company's whole board came back empty this day -- a failed fetch or a moved board is indistinguishable from closing everything,,,https://sedgwick.wd1.myworkdayjobs.com/Sedgwick/job/Sacramento-CA/Litigated-Claims-Manager---Public-Entity---Hybrid-in-Sacramento_R66987
2026-10-05,closed,sedgwick,sedgwick,token,unverified,workday,General Liability Adjuster,other,unspecified,False,Telecommuter FL,,2026-09-15,2026-10-04,False,board went empty,low,the company's whole board came back empty this day -- a failed fetch or a moved board is indistinguishable from closing everything,,,https://sedgwick.wd1.myworkdayjobs.com/Sedgwick/job/Telecommuter-FL/General-Liability-Adjuster_R76241
2026-10-05,closed,sedgwick,sedgwick,token,unverified,workday,General Liability Adjuster,other,unspecified,False,Telecommuter GA,,2026-09-15,2026-10-04,False,board went empty,low,the company's whole board came back empty this day -- a failed fetch or a moved board is indistinguishable from closing everything,,,https://sedgwick.wd1.myworkdayjobs.com/Sedgwick/job/Telecommuter-GA/General-Liability-Adjuster_R76244
2026-10-05,closed,sedgwick,sedgwick,token,unverified,workday,General Liability Adjuster,other,unspecified,False,Telecommuter TX,,2026-09-15,2026-10-04,False,board went empty,low,the company's whole board came back empty this day -- a failed fetch or a moved board is indistinguishable from closing everything,,,https://sedgwick.wd1.myworkdayjobs.com/Sedgwick/job/Telecommuter-TX/General-Liability-Adjuster_R76243
2026-10-05,closed,sedgwick,sedgwick,token,unverified,workday,General Liability Adjuster,other,unspecified,False,3 Locations,,2026-09-15,2026-10-04,False,board went empty,low,the company's whole board came back empty this day -- a failed fetch or a moved board is indistinguishable from closing everything,,,https://sedgwick.wd1.myworkdayjobs.com/Sedgwick/job/Telecommuter-FL/General-Liability-Adjuster_R74546
2026-10-05,closed,sedgwick,sedgwick,token,unverified,workday,General Liability Adjuster,other,unspecified,False,Telecommuter AZ,,2026-09-15,2026-10-04,False,board went empty,low,the company's whole board came back empty this day -- a failed fetch or a moved board is indistinguishable from closing everything,,,https://sedgwick.wd1.myworkdayjobs.com/Sedgwick/job/Telecommuter-AZ/General-Liability-Adjuster_R76239
2026-10-05,closed,sedgwick,sedgwick,token,unverified,workday,General Liability Claims Examiner - Public Entity,other,unspecified,False,3 Locations,,2026-09-15,2026-10-04,False,board went empty,low,the company's whole board came back empty this day -- a failed fetch or a moved board is indistinguishable from closing everything,,,https://sedgwick.wd1.myworkdayjobs.com/Sedgwick/job/Roseville-CA/General-Liability-Claims-Examiner---Public-Entity_R77635
2026-10-05,closed,sedgwick,sedgwick,token,unverified,workday,Gestionnaire de sinistres Auto Corporel - F/H,other,unspecified,False,Nanterre,,2026-09-15,2026-10-04,False,board went empty,low,the company's whole board came back empty this day -- a failed fetch or a moved board is indistinguishable from closing everything,,,https://sedgwick.wd1.myworkdayjobs.com/Sedgwick/job/Nanterre/Gestionnaire-de-sinistres-Auto-Corporel---F-H_R77993
2026-10-05,closed,sedgwick,sedgwick,token,unverified,workday,Gestionnaire de sinistres DAB confirmé - F/H,other,unspecified,False,2 Locations,,2026-09-15,2026-10-04,False,board went empty,low,the company's whole board came back empty this day -- a failed fetch or a moved board is indistinguishable from closing everything,,,https://sedgwick.wd1.myworkdayjobs.com/Sedgwick/job/Nanterre/Gestionnaire-de-sinistres-DAB-confirm---F-H_R75227
2026-10-05,closed,sedgwick,sedgwick,token,unverified,workday,Gestionnaire de sinistres RC Matériel confirmé - F/H,other,unspecified,False,3 Locations,,2026-10-02,2026-10-04,False,board went empty,low,the company's whole board came back empty this day -- a failed fetch or a moved board is indistinguishable from closing everything,,,https://sedgwick.wd1.myworkdayjobs.com/Sedgwick/job/Nanterre/Gestionnaire-de-sinistres-RC-Matriel-confirm---F-H_R78692-1
2026-10-05,closed,sedgwick,sedgwick,token,unverified,workday,Gestionnaire de sinistres RC/DAB confirmé - F/H,other,unspecified,False,2 Locations,,2026-09-15,2026-10-04,False,board went empty,low,the company's whole board came back empty this day -- a failed fetch or a moved board is indistinguishable from closing everything,,,https://sedgwick.wd1.myworkdayjobs.com/Sedgwick/job/Nanterre/Gestionnaire-de-sinistres-RC-DAB-confirm---F-H_R78033-1
2026-10-05,closed,sedgwick,sedgwick,token,unverified,workday,Gestor/a de siniestros - viaje y tarjetas de crédito,other,unspecified,False,Madrid,,2026-09-15,2026-10-04,False,board went empty,low,the company's whole board came back empty this day -- a failed fetch or a moved board is indistinguishable from closing everything,,,https://sedgwick.wd1.myworkdayjobs.com/Sedgwick/job/Madrid/Gestor-a-de-siniestros---viaje-y-tarjetas-de-crdito_R75407
2026-10-05,closed,sedgwick,sedgwick,token,unverified,workday,Heavy Equipment/Specialty Desk Appraiser,other,unspecified,False,Telecommuter NM,,2026-09-15,2026-10-04,False,board went empty,low,the company's whole board came back empty this day -- a failed fetch or a moved board is indistinguishable from closing everything,,,https://sedgwick.wd1.myworkdayjobs.com/Sedgwick/job/Telecommuter-NM/Quality-Control-Representative---Heavy-Equipment-Specialty_R76419
2026-10-05,closed,sedgwick,sedgwick,token,unverified,workday,Housing Support Specialist,support,unspecified,False,21 Locations,,2026-09-19,2026-10-04,False,board went empty,low,the company's whole board came back empty this day -- a failed fetch or a moved board is indistinguishable from closing everything,,,https://sedgwick.wd1.myworkdayjobs.com/Sedgwick/job/Telecommuter-GA/Housing-Support-Specialist_R78226
2026-10-05,closed,sedgwick,sedgwick,token,unverified,workday,IT Software Developer Advisor SR.,engineering,senior,False,Telecommuter OH,,2026-09-24,2026-10-04,False,board went empty,low,the company's whole board came back empty this day -- a failed fetch or a moved board is indistinguishable from closing everything,,,https://sedgwick.wd1.myworkdayjobs.com/Sedgwick/job/Telecommuter-OH/IT-Software-Developer-Advisor-SR_R77647
2026-10-05,closed,sedgwick,sedgwick,token,unverified,workday,IT Software Development Advisor Sr,other,senior,False,Telecommuter TN,,2026-09-15,2026-10-04,False,board went empty,low,the company's whole board came back empty this day -- a failed fetch or a moved board is indistinguishable from closing everything,,,https://sedgwick.wd1.myworkdayjobs.com/Sedgwick/job/Telecommuter-TN/IT-Software-Development-Advisor-Sr_R72714-1
2026-10-05,closed,sedgwick,sedgwick,token,unverified,workday,IT Software Development Specialist Sr,other,senior,False,Telecommuter TN,,2026-09-15,2026-10-04,False,board went empty,low,the company's whole board came back empty this day -- a failed fetch or a moved board is indistinguishable from closing everything,,,https://sedgwick.wd1.myworkdayjobs.com/Sedgwick/job/Telecommuter-TN/IT-Software-Development-Specialist-Sr_R72712
2026-10-05,closed,sedgwick,sedgwick,token,unverified,workday,IT Systems Analyst Specialist,data,unspecified,False,Telecommuter MI,,2026-09-24,2026-10-04,False,board went empty,low,the company's whole board came back empty this day -- a failed fetch or a moved board is indistinguishable from closing everything,,,https://sedgwick.wd1.myworkdayjobs.com/Sedgwick/job/Telecommuter-MI/IT-Systems-Analyst-Specialist_R78392
2026-10-05,closed,sedgwick,sedgwick,token,unverified,workday,IT Systems Analyst Specialist Sr,data,senior,False,"Memphis, TN",,2026-09-24,2026-10-04,False,board went empty,low,the company's whole board came back empty this day -- a failed fetch or a moved board is indistinguishable from closing everything,,,https://sedgwick.wd1.myworkdayjobs.com/Sedgwick/job/Memphis-TN/IT-Systems-Analyst-Specialist-Sr_R78458
2026-10-05,closed,sedgwick,sedgwick,token,unverified,workday,International Business Development Director,sales,director,True,London,,2026-09-17,2026-10-04,False,board went empty,low,the company's whole board came back empty this day -- a failed fetch or a moved board is indistinguishable from closing everything,,,https://sedgwick.wd1.myworkdayjobs.com/Sedgwick/job/London/International-Business-Development-Director_R78437
2026-10-05,closed,sedgwick,sedgwick,token,unverified,workday,Junior Adjuster,other,junior,False,Ottawa,,2026-10-03,2026-10-04,False,board went empty,low,the company's whole board came back empty this day -- a failed fetch or a moved board is indistinguishable from closing everything,,,https://sedgwick.wd1.myworkdayjobs.com/Sedgwick/job/Ottawa/Junior-Adjuster_R78871
2026-10-05,closed,sedgwick,sedgwick,token,unverified,workday,Junior UX Prototype Specialist,design,junior,False,28 Locations,,2026-09-27,2026-10-04,False,board went empty,low,the company's whole board came back empty this day -- a failed fetch or a moved board is indistinguishable from closing everything,,,https://sedgwick.wd1.myworkdayjobs.com/Sedgwick/job/Telecommuter-TX/UX-Prototype-Specialist_R78595-1
2026-10-05,closed,sedgwick,sedgwick,token,unverified,workday,"Junior/Intermediate Field Property Adjuster- Sudbury, ON",other,junior,False,2 Locations,,2026-09-15,2026-10-04,False,board went empty,low,the company's whole board came back empty this day -- a failed fetch or a moved board is indistinguishable from closing everything,,,https://sedgwick.wd1.myworkdayjobs.com/Sedgwick/job/CAN-Sudbury/Junior-Intermediate-Field-Property-Adjuster--Sudbury--ON_R76075
2026-10-05,closed,sedgwick,sedgwick,token,unverified,workday,KFZ Schadenregulierer (w/m/d) - 100% Home Office,other,unspecified,False,4 Locations,,2026-09-15,2026-10-04,False,board went empty,low,the company's whole board came back empty this day -- a failed fetch or a moved board is indistinguishable from closing everything,,,https://sedgwick.wd1.myworkdayjobs.com/Sedgwick/job/Duesseldorf/KFZ-Schadenregulierer--w-m-d----100--Home-Office_R67704-1
2026-10-05,closed,sedgwick,sedgwick,token,unverified,workday,LTD Case Specialist,other,unspecified,False,"West Hills, CA",,2026-09-15,2026-10-04,False,board went empty,low,the company's whole board came back empty this day -- a failed fetch or a moved board is indistinguishable from closing everything,,,https://sedgwick.wd1.myworkdayjobs.com/Sedgwick/job/West-Hills-CA/LTD-Case-Specialist_R74316
2026-10-05,closed,sedgwick,sedgwick,token,unverified,workday,Leave of Absence Coordinator,other,unspecified,False,"West Hills, CA",,2026-09-15,2026-10-04,False,board went empty,low,the company's whole board came back empty this day -- a failed fetch or a moved board is indistinguishable from closing everything,,,https://sedgwick.wd1.myworkdayjobs.com/Sedgwick/job/West-Hills-CA/Leave-of-Absence-Coordinator_R62328-1
2026-10-05,closed,sedgwick,sedgwick,token,unverified,workday,Leave of Absence Coordinator,other,unspecified,False,"Chicago, IL",,2026-09-15,2026-10-04,False,board went empty,low,the company's whole board came back empty this day -- a failed fetch or a moved board is indistinguishable from closing everything,,,https://sedgwick.wd1.myworkdayjobs.com/Sedgwick/job/Chicago-IL/Leave-of-Absence-Coordinator_R75920
2026-10-05,closed,sedgwick,sedgwick,token,unverified,workday,Leave of Absence Coordinator,other,unspecified,False,"Coralville, IA",,2026-09-15,2026-10-04,False,board went empty,low,the company's whole board came back empty this day -- a failed fetch or a moved board is indistinguishable from closing everything,,,https://sedgwick.wd1.myworkdayjobs.com/Sedgwick/job/Coralville-IA/Leave-of-Absence-Coordinator_R75936
2026-10-05,closed,sedgwick,sedgwick,token,unverified,workday,Leave of Absence Coordinator,other,unspecified,False,"Irving, TX",,2026-09-15,2026-10-04,False,board went empty,low,the company's whole board came back empty this day -- a failed fetch or a moved board is indistinguishable from closing everything,,,https://sedgwick.wd1.myworkdayjobs.com/Sedgwick/job/Irving-TX/Leave-of-Absence-Coordinator_R75941
2026-10-05,closed,sedgwick,sedgwick,token,unverified,workday,Leave of Absence Coordinator,other,unspecified,False,3 Locations,,2026-09-15,2026-10-04,False,board went empty,low,the company's whole board came back empty this day -- a failed fetch or a moved board is indistinguishable from closing everything,,,https://sedgwick.wd1.myworkdayjobs.com/Sedgwick/job/Orlando-FL/Leave-of-Absence-Coordinator_R75926
2026-10-05,closed,sedgwick,sedgwick,token,unverified,workday,Leave of Absence Coordinator,other,unspecified,False,4 Locations,,2026-09-15,2026-10-04,False,board went empty,low,the company's whole board came back empty this day -- a failed fetch or a moved board is indistinguishable from closing everything,,,https://sedgwick.wd1.myworkdayjobs.com/Sedgwick/job/New-Albany-OH/Leave-of-Absence-Coordinator_R72481
2026-10-05,closed,sedgwick,sedgwick,token,unverified,workday,Leave of Absence Coordinator,other,unspecified,False,"Dublin, OH",,2026-09-15,2026-10-04,False,board went empty,low,the company's whole board came back empty this day -- a failed fetch or a moved board is indistinguishable from closing everything,,,https://sedgwick.wd1.myworkdayjobs.com/Sedgwick/job/Dublin-OH/Leave-of-Absence-Coordinator_R78377
2026-10-05,closed,sedgwick,sedgwick,token,unverified,workday,Leave of Absence Coordinator,other,unspecified,False,"Eden Prairie, MN",,2026-09-15,2026-10-04,False,board went empty,low,the company's whole board came back empty this day -- a failed fetch or a moved board is indistinguishable from closing everything,,,https://sedgwick.wd1.myworkdayjobs.com/Sedgwick/job/Eden-Prairie-MN/Leave-of-Absence-Coordinator_R76079
2026-10-05,closed,sedgwick,sedgwick,token,unverified,workday,Leave of Absence Coordinator,other,unspecified,False,"Cedar Rapids, IA",,2026-09-15,2026-10-04,False,board went empty,low,the company's whole board came back empty this day -- a failed fetch or a moved board is indistinguishable from closing everything,,,https://sedgwick.wd1.myworkdayjobs.com/Sedgwick/job/Cedar-Rapids-IA/Leave-of-Absence-Coordinator_R75940
2026-10-05,closed,sedgwick,sedgwick,token,unverified,workday,Leave of Absence Coordinator,other,unspecified,False,"Southfield, MI",,2026-09-15,2026-10-04,False,board went empty,low,the company's whole board came back empty this day -- a failed fetch or a moved board is indistinguishable from closing everything,,,https://sedgwick.wd1.myworkdayjobs.com/Sedgwick/job/Southfield-MI/Leave-of-Absence-Coordinator_R75918
2026-10-05,closed,sedgwick,sedgwick,token,unverified,workday,Leave of Absence Coordinator,other,unspecified,False,"Indianapolis, IN",,2026-09-15,2026-10-04,False,board went empty,low,the company's whole board came back empty this day -- a failed fetch or a moved board is indistinguishable from closing everything,,,https://sedgwick.wd1.myworkdayjobs.com/Sedgwick/job/Indianapolis-IN/Leave-of-Absence-Coordinator_R75923
2026-10-05,closed,sedgwick,sedgwick,token,unverified,workday,Leave of Absence Coordinator,other,unspecified,False,"Dubuque, IA",,2026-09-15,2026-10-04,False,board went empty,low,the company's whole board came back empty this day -- a failed fetch or a moved board is indistinguishable from closing everything,,,https://sedgwick.wd1.myworkdayjobs.com/Sedgwick/job/Dubuque-IA/Leave-of-Absence-Coordinator_R75724
2026-10-05,closed,sedgwick,sedgwick,token,unverified,workday,Leave of Absence Coordinator,other,unspecified,False,"West Hills, CA - Fallbrook",,2026-09-15,2026-10-04,False,board went empty,low,the company's whole board came back empty this day -- a failed fetch or a moved board is indistinguishable from closing everything,,,https://sedgwick.wd1.myworkdayjobs.com/Sedgwick/job/West-Hills-CA---Fallbrook/Leave-of-Absence-Coordinator_R75942
2026-10-05,closed,sedgwick,sedgwick,token,unverified,workday,Leave of Absence Coordinator,other,unspecified,False,"South Portland, ME",,2026-09-15,2026-10-04,False,board went empty,low,the company's whole board came back empty this day -- a failed fetch or a moved board is indistinguishable from closing everything,,,https://sedgwick.wd1.myworkdayjobs.com/Sedgwick/job/South-Portland-ME/Leave-of-Absence-Coordinator_R77211
2026-10-05,closed,sedgwick,sedgwick,token,unverified,workday,Liability Claims Representative | Auto Property Damage | Nationwide Jurisdictions | Remote,other,unspecified,False,Telecommuter NJ,,2026-09-30,2026-10-04,False,board went empty,low,the company's whole board came back empty this day -- a failed fetch or a moved board is indistinguishable from closing everything,,,https://sedgwick.wd1.myworkdayjobs.com/Sedgwick/job/Telecommuter-NJ/Liability-Claims-Representative---Auto-Property-Damage---Nationwide-Jurisdictions---Remote_R78707-1
2026-10-05,closed,sedgwick,sedgwick,token,unverified,workday,Liability Claims Representative | BI Premises Experience Required | TX License,data,unspecified,False,2 Locations,,2026-09-16,2026-10-04,False,board went empty,low,the company's whole board came back empty this day -- a failed fetch or a moved board is indistinguishable from closing everything,,,https://sedgwick.wd1.myworkdayjobs.com/Sedgwick/job/Cincinnati-OH/Liability-Claims-Examiner---BI-Premises-Experience-Required---TX-License_R78086
2026-10-05,closed,sedgwick,sedgwick,token,unverified,workday,Liability Claims Technician,operations,unspecified,False,United Kingdom,,2026-09-24,2026-10-04,False,board went empty,low,the company's whole board came back empty this day -- a failed fetch or a moved board is indistinguishable from closing everything,,,https://sedgwick.wd1.myworkdayjobs.com/Sedgwick/job/United-Kingdom/Liability-Claims-Technician_R78439
2026-10-05,closed,sedgwick,sedgwick,token,unverified,workday,Liability Desktop Adjuster,other,unspecified,False,United Kingdom,,2026-09-15,2026-10-04,False,board went empty,low,the company's whole board came back empty this day -- a failed fetch or a moved board is indistinguishable from closing everything,,,https://sedgwick.wd1.myworkdayjobs.com/Sedgwick/job/United-Kingdom/Liability-Desktop-Adjuster_R75456-1
2026-10-05,closed,sedgwick,sedgwick,token,unverified,workday,Liability Loss Adjuster,other,unspecified,False,2 Locations,,2026-10-02,2026-10-04,False,board went empty,low,the company's whole board came back empty this day -- a failed fetch or a moved board is indistinguishable from closing everything,,,https://sedgwick.wd1.myworkdayjobs.com/Sedgwick/job/Stockholm/Liability-Loss-Adjuster_R78625
2026-10-05,closed,sedgwick,sedgwick,token,unverified,workday,Litigation Consultant - General Liability | Jurisdiction: All States,other,unspecified,False,6 Locations,,2026-09-18,2026-10-04,False,board went empty,low,the company's whole board came back empty this day -- a failed fetch or a moved board is indistinguishable from closing everything,,,https://sedgwick.wd1.myworkdayjobs.com/Sedgwick/job/Eden-Prairie-MN/Litigation-Consultant---General-Liability---Jurisdiction--All-States_R78253
2026-10-05,closed,sedgwick,sedgwick,token,unverified,workday,Litigation Consultant | Commercial Bodily Injury,other,unspecified,False,26 Locations,,2026-09-25,2026-10-04,False,board went empty,low,the company's whole board came back empty this day -- a failed fetch or a moved board is indistinguishable from closing everything,,,https://sedgwick.wd1.myworkdayjobs.com/Sedgwick/job/Sun-Prairie-WI/Litigation-Consultant---Commercial-Bodily-Injury_R78410
2026-10-05,closed,sedgwick,sedgwick,token,unverified,workday,Litigation Examiner- General Liability | Remote,other,unspecified,False,19 Locations,,2026-10-03,2026-10-04,False,board went empty,low,the company's whole board came back empty this day -- a failed fetch or a moved board is indistinguishable from closing everything,,,https://sedgwick.wd1.myworkdayjobs.com/Sedgwick/job/Telecommuter-CA/Litigation-Examiner---General-Liability---Must-Reside-in-CA_R72696
2026-10-05,closed,sedgwick,sedgwick,token,unverified,workday,Loss Adjuster - Invercargill,other,unspecified,False,Invercargill,,2026-10-01,2026-10-04,False,board went empty,low,the company's whole board came back empty this day -- a failed fetch or a moved board is indistinguishable from closing everything,,,https://sedgwick.wd1.myworkdayjobs.com/Sedgwick/job/Invercargill/Loss-Adjuster---Invercargill_R71848
2026-10-05,closed,sedgwick,sedgwick,token,unverified,workday,Loss Adjuster - Rockhampton,other,unspecified,False,AU Telecommuter,,2026-09-15,2026-10-04,False,board went empty,low,the company's whole board came back empty this day -- a failed fetch or a moved board is indistinguishable from closing everything,,,https://sedgwick.wd1.myworkdayjobs.com/Sedgwick/job/AU-Telecommuter/Loss-Adjuster---Rockhampton_R77949
2026-10-05,closed,sedgwick,sedgwick,token,unverified,workday,Loss Adjuster - Technical and Special Risks,other,unspecified,False,London,,2026-09-15,2026-10-04,False,board went empty,low,the company's whole board came back empty this day -- a failed fetch or a moved board is indistinguishable from closing everything,,,https://sedgwick.wd1.myworkdayjobs.com/Sedgwick/job/London/Loss-Adjuster---Technical-and-Special-Risks_R70040
2026-10-05,closed,sedgwick,sedgwick,token,unverified,workday,Loss Adjuster / Insurance Claims Specialist,other,unspecified,False,Japan,,2026-09-15,2026-10-04,False,board went empty,low,the company's whole board came back empty this day -- a failed fetch or a moved board is indistinguishable from closing everything,,,https://sedgwick.wd1.myworkdayjobs.com/Sedgwick/job/Japan/Loss-Adjuster---Insurance-Claims-Specialist_R77476
2026-10-05,closed,sedgwick,sedgwick,token,unverified,workday,MCL Operations Director,operations,director,True,UK-Manchester,,2026-10-03,2026-10-04,False,board went empty,low,the company's whole board came back empty this day -- a failed fetch or a moved board is indistinguishable from closing everything,,,https://sedgwick.wd1.myworkdayjobs.com/Sedgwick/job/UK-Manchester/MCL-Operations-Director_R78801
2026-10-05,closed,sedgwick,sedgwick,token,unverified,workday,ML Architect,data,unspecified,False,Telecommuter IA,,2026-09-15,2026-10-04,False,board went empty,low,the company's whole board came back empty this day -- a failed fetch or a moved board is indistinguishable from closing everything,,,https://sedgwick.wd1.myworkdayjobs.com/Sedgwick/job/Telecommuter-IA/ML-Architect_R75751
2026-10-05,closed,sedgwick,sedgwick,token,unverified,workday,Major Loss Adjuster,other,unspecified,False,United Kingdom,,2026-09-15,2026-10-04,False,board went empty,low,the company's whole board came back empty this day -- a failed fetch or a moved board is indistinguishable from closing everything,,,https://sedgwick.wd1.myworkdayjobs.com/Sedgwick/job/United-Kingdom/Major-Loss-Adjuster_R74467
2026-10-05,closed,sedgwick,sedgwick,token,unverified,workday,Manager (Loss Adjusting Services),other,manager,True,Singapore,,2026-09-15,2026-10-04,False,board went empty,low,the company's whole board came back empty this day -- a failed fetch or a moved board is indistinguishable from closing everything,,,https://sedgwick.wd1.myworkdayjobs.com/Sedgwick/job/Singapore/Manager--Loss-Adjusting-Services-_R76592
2026-10-05,closed,sedgwick,sedgwick,token,unverified,workday,Manager Opérationnel de Région – Equipe d’Experts Construction (H/F),other,manager,True,10 Locations,,2026-09-15,2026-10-04,False,board went empty,low,the company's whole board came back empty this day -- a failed fetch or a moved board is indistinguishable from closing everything,,,https://sedgwick.wd1.myworkdayjobs.com/Sedgwick/job/FR---Nanterre/Manager-Oprationnel-de-Rgion---Equipe-d-Experts-Construction--H-F-_R75214
2026-10-05,closed,sedgwick,sedgwick,token,unverified,workday,Manager d'Experts en Assurance IDF H/F,other,manager,True,Nanterre,,2026-09-15,2026-10-04,False,board went empty,low,the company's whole board came back empty this day -- a failed fetch or a moved board is indistinguishable from closing everything,,,https://sedgwick.wd1.myworkdayjobs.com/Sedgwick/job/Nanterre/Manager-d-Experts-en-Assurance-IDF-H-F_R77618
2026-10-05,closed,sedgwick,sedgwick,token,unverified,workday,Manager de Proximité  H/F,other,manager,True,Lyon,,2026-09-16,2026-10-04,False,board went empty,low,the company's whole board came back empty this day -- a failed fetch or a moved board is indistinguishable from closing everything,,,https://sedgwick.wd1.myworkdayjobs.com/Sedgwick/job/Lyon/Manager-de-Proximit--H-F_R78106
2026-10-05,closed,sedgwick,sedgwick,token,unverified,workday,Marine Surveyor,other,unspecified,False,2 Locations,,2026-09-15,2026-10-04,False,board went empty,low,the company's whole board came back empty this day -- a failed fetch or a moved board is indistinguishable from closing everything,,,https://sedgwick.wd1.myworkdayjobs.com/Sedgwick/job/UK-Home-Worker-England/Marine-Surveyor_R76663
2026-10-05,closed,sedgwick,sedgwick,token,unverified,workday,Marine Surveyor,other,unspecified,False,"San Diego, CA",,2026-09-15,2026-10-04,False,board went empty,low,the company's whole board came back empty this day -- a failed fetch or a moved board is indistinguishable from closing everything,,,https://sedgwick.wd1.myworkdayjobs.com/Sedgwick/job/San-Diego-CA/Marine-Surveyor_R77674
2026-10-05,closed,sedgwick,sedgwick,token,unverified,workday,Marine Surveyor in Los Angeles,other,unspecified,False,Telecommuter CA,,2026-09-15,2026-10-04,False,board went empty,low,the company's whole board came back empty this day -- a failed fetch or a moved board is indistinguishable from closing everything,,,https://sedgwick.wd1.myworkdayjobs.com/Sedgwick/job/Telecommuter-CA/Marine-Surveyor-in-Los-Angeles_R77675-1
2026-10-05,closed,sedgwick,sedgwick,token,unverified,workday,Medewerker Claim Support,support,unspecified,False,Rotterdam,,2026-09-24,2026-10-04,False,board went empty,low,the company's whole board came back empty this day -- a failed fetch or a moved board is indistinguishable from closing everything,,,https://sedgwick.wd1.myworkdayjobs.com/Sedgwick/job/Rotterdam/Medewerker-Claim-Support_R78451-1
2026-10-05,closed,sedgwick,sedgwick,token,unverified,workday,Medewerker Incasso,other,unspecified,False,Hoogeveen,,2026-09-15,2026-10-04,False,board went empty,low,the company's whole board came back empty this day -- a failed fetch or a moved board is indistinguishable from closing everything,,,https://sedgwick.wd1.myworkdayjobs.com/Sedgwick/job/Hoogeveen/Medewerker-Incasso_R67108
2026-10-05,closed,sedgwick,sedgwick,token,unverified,workday,Medewerker Incasso,other,unspecified,False,Rotterdam,,2026-09-15,2026-10-04,False,board went empty,low,the company's whole board came back empty this day -- a failed fetch or a moved board is indistinguishable from closing everything,,,https://sedgwick.wd1.myworkdayjobs.com/Sedgwick/job/Rotterdam/Medewerker-Incasso_R66145-1
2026-10-05,closed,sedgwick,sedgwick,token,unverified,workday,Medewerker Schadeonderzoek & Verhaal (Dader Onbekend),other,unspecified,False,Rotterdam,,2026-09-15,2026-10-04,False,board went empty,low,the company's whole board came back empty this day -- a failed fetch or a moved board is indistinguishable from closing everything,,,https://sedgwick.wd1.myworkdayjobs.com/Sedgwick/job/Rotterdam/Medewerker-Schadeonderzoek---Verhaal--Dader-Onbekend-_R77697
2026-10-05,closed,sedgwick,sedgwick,token,unverified,workday,Medical Bill Coordinator,clinical,unspecified,False,Telecommuter FL,,2026-09-15,2026-10-04,False,board went empty,low,the company's whole board came back empty this day -- a failed fetch or a moved board is indistinguishable from closing everything,,,https://sedgwick.wd1.myworkdayjobs.com/Sedgwick/job/Telecommuter-FL/Medical-Bill-Coordinator_R78047
2026-10-05,closed,sedgwick,sedgwick,token,unverified,workday,"Medical Director, Occupational Health & Workers’ Compensation Managed Care",clinical,director,True,US Telecommuter,,2026-10-01,2026-10-04,False,board went empty,low,the company's whole board came back empty this day -- a failed fetch or a moved board is indistinguishable from closing everything,,,https://sedgwick.wd1.myworkdayjobs.com/Sedgwick/job/US-Telecommuter/SVP-Medical-Director_R74438
2026-10-05,closed,sedgwick,sedgwick,token,unverified,workday,Medisch Acceptant,other,unspecified,False,Amstelveen,,2026-09-15,2026-10-04,False,board went empty,low,the company's whole board came back empty this day -- a failed fetch or a moved board is indistinguishable from closing everything,,,https://sedgwick.wd1.myworkdayjobs.com/Sedgwick/job/Amstelveen/Medisch-Acceptant_R76328
2026-10-05,closed,sedgwick,sedgwick,token,unverified,workday,Motor Claims Advisor,other,unspecified,False,6 Locations,,2026-09-22,2026-10-04,False,board went empty,low,the company's whole board came back empty this day -- a failed fetch or a moved board is indistinguishable from closing everything,,,https://sedgwick.wd1.myworkdayjobs.com/Sedgwick/job/Melbourne/Motor-Claims-Advisor_R77131-1
2026-10-05,closed,sedgwick,sedgwick,token,unverified,workday,Motor Claims FNOL Agent,other,unspecified,False,2 Locations,,2026-09-15,2026-10-04,False,board went empty,low,the company's whole board came back empty this day -- a failed fetch or a moved board is indistinguishable from closing everything,,,https://sedgwick.wd1.myworkdayjobs.com/Sedgwick/job/IE-Dublin/Motor-Claims-FNOL-Agent_R77186
2026-10-05,closed,sedgwick,sedgwick,token,unverified,workday,Motor Claims Handler,other,unspecified,False,3 Locations,,2026-09-15,2026-10-04,False,board went empty,low,the company's whole board came back empty this day -- a failed fetch or a moved board is indistinguishable from closing everything,,,https://sedgwick.wd1.myworkdayjobs.com/Sedgwick/job/Ireland-Home-Worker/Motor-Claims-Handler_R77645
2026-10-05,closed,sedgwick,sedgwick,token,unverified,workday,Motor Claims Team Leader,other,unspecified,False,3 Locations,,2026-09-15,2026-10-04,False,board went empty,low,the company's whole board came back empty this day -- a failed fetch or a moved board is indistinguishable from closing everything,,,https://sedgwick.wd1.myworkdayjobs.com/Sedgwick/job/Ireland-Home-Worker/Motor-Claims-Team-Leader_R77533-1
2026-10-05,closed,sedgwick,sedgwick,token,unverified,workday,Nautisch Schade Expert,other,unspecified,False,Rotterdam,,2026-09-15,2026-10-04,False,board went empty,low,the company's whole board came back empty this day -- a failed fetch or a moved board is indistinguishable from closing everything,,,https://sedgwick.wd1.myworkdayjobs.com/Sedgwick/job/Rotterdam/Nautisch-Schade-Expert_R75773
2026-10-05,closed,sedgwick,sedgwick,token,unverified,workday,Office Assistant,other,unspecified,False,"Bay City, MI",,2026-09-15,2026-10-04,False,board went empty,low,the company's whole board came back empty this day -- a failed fetch or a moved board is indistinguishable from closing everything,,,https://sedgwick.wd1.myworkdayjobs.com/Sedgwick/job/Bay-City-MI/Office-Assistant_R76936
2026-10-05,closed,sedgwick,sedgwick,token,unverified,workday,Operations Manager,operations,manager,True,United Kingdom,,2026-09-30,2026-10-04,False,board went empty,low,the company's whole board came back empty this day -- a failed fetch or a moved board is indistinguishable from closing everything,,,https://sedgwick.wd1.myworkdayjobs.com/Sedgwick/job/United-Kingdom/Operations-Manager_R77288
2026-10-05,closed,sedgwick,sedgwick,token,unverified,workday,Operations Manager,operations,manager,True,2 Locations,,2026-09-15,2026-10-04,False,board went empty,low,the company's whole board came back empty this day -- a failed fetch or a moved board is indistinguishable from closing everything,,,https://sedgwick.wd1.myworkdayjobs.com/Sedgwick/job/BE-Waregem/Operational-Manager_R77951-1
2026-10-05,closed,sedgwick,sedgwick,token,unverified,workday,Operations Manager – Commercial Property Adjusting,operations,manager,True,London,,2026-09-15,2026-10-04,False,board went empty,low,the company's whole board came back empty this day -- a failed fetch or a moved board is indistinguishable from closing everything,,,https://sedgwick.wd1.myworkdayjobs.com/Sedgwick/job/London/Operations-Manager---Commercial-Property-Adjusting_R77534
2026-10-05,closed,sedgwick,sedgwick,token,unverified,workday,Outside Contents Evaluator Assistant,marketing,unspecified,False,"Bay City, MI",,2026-09-15,2026-10-04,False,board went empty,low,the company's whole board came back empty this day -- a failed fetch or a moved board is indistinguishable from closing everything,,,https://sedgwick.wd1.myworkdayjobs.com/Sedgwick/job/Bay-City-MI/Outside-Contents-Evaluator-Assistant_R75697
2026-10-05,closed,sedgwick,sedgwick,token,unverified,workday,Outside Contents Evaluator Assistant,marketing,unspecified,False,4 Locations,,2026-09-15,2026-10-04,False,board went empty,low,the company's whole board came back empty this day -- a failed fetch or a moved board is indistinguishable from closing everything,,,https://sedgwick.wd1.myworkdayjobs.com/Sedgwick/job/Telecommuter-NC/Outside-Contents-Evaluator-Assistant_R77557
2026-10-05,closed,sedgwick,sedgwick,token,unverified,workday,Outside Contents Evaluator Assistant,marketing,unspecified,False,5 Locations,,2026-09-15,2026-10-04,False,board went empty,low,the company's whole board came back empty this day -- a failed fetch or a moved board is indistinguishable from closing everything,,,https://sedgwick.wd1.myworkdayjobs.com/Sedgwick/job/Telecommuter-MI/Outside-Contents-Evaluator-Assistant_R77553
2026-10-05,closed,sedgwick,sedgwick,token,unverified,workday,Paralegal,legal,unspecified,False,Cardiff,,2026-09-15,2026-10-04,False,board went empty,low,the company's whole board came back empty this day -- a failed fetch or a moved board is indistinguishable from closing everything,,,https://sedgwick.wd1.myworkdayjobs.com/Sedgwick/job/Cardiff/Paralegal_R78865
2026-10-05,closed,sedgwick,sedgwick,token,unverified,workday,Patient Care Coordinator,clinical,unspecified,False,Telecommuter FL,,2026-09-15,2026-10-04,False,board went empty,low,the company's whole board came back empty this day -- a failed fetch or a moved board is indistinguishable from closing everything,,,https://sedgwick.wd1.myworkdayjobs.com/Sedgwick/job/Telecommuter-FL/Patient-Care-Coordinator_R78501-1
2026-10-05,closed,sedgwick,sedgwick,token,unverified,workday,Patient Care Coordinator-Bilingual Preferred,clinical,unspecified,False,Telecommuter FL,,2026-09-15,2026-10-04,False,board went empty,low,the company's whole board came back empty this day -- a failed fetch or a moved board is indistinguishable from closing everything,,,https://sedgwick.wd1.myworkdayjobs.com/Sedgwick/job/Telecommuter-FL/Patient-Care-Coordinator_R75734
2026-10-05,closed,sedgwick,sedgwick,token,unverified,workday,Per Diem General Liability Adjuster,other,unspecified,False,4 Locations,,2026-09-15,2026-10-04,False,board went empty,low,the company's whole board came back empty this day -- a failed fetch or a moved board is indistinguishable from closing everything,,,https://sedgwick.wd1.myworkdayjobs.com/Sedgwick/job/Telecommuter-TX/Per-Diem-General-Liability-Adjuster_R76450
2026-10-05,closed,sedgwick,sedgwick,token,unverified,workday,Performance Assurance Analyst,data,unspecified,False,5 Locations,,2026-10-03,2026-10-04,False,board went empty,low,the company's whole board came back empty this day -- a failed fetch or a moved board is indistinguishable from closing everything,,,https://sedgwick.wd1.myworkdayjobs.com/Sedgwick/job/Telecommuter-TX/Performance-Assurance-Analyst_R78749
2026-10-05,closed,sedgwick,sedgwick,token,unverified,workday,Perito de riesgos técnicos,other,unspecified,False,4 Locations,,2026-09-15,2026-10-04,False,board went empty,low,the company's whole board came back empty this day -- a failed fetch or a moved board is indistinguishable from closing everything,,,https://sedgwick.wd1.myworkdayjobs.com/Sedgwick/job/Madrid/Perito-de-riesgos-tcnicos_R74482
2026-10-05,closed,sedgwick,sedgwick,token,unverified,workday,Perito em riscos técnicos (zona de Lisboa),other,unspecified,False,PT-Lisbon Telecommuter,,2026-09-15,2026-10-04,False,board went empty,low,the company's whole board came back empty this day -- a failed fetch or a moved board is indistinguishable from closing everything,,,https://sedgwick.wd1.myworkdayjobs.com/Sedgwick/job/PT-Lisbon-Telecommuter/Perito-em-riscos-tcnicos--zona-de-Lisboa-_R74487-2
2026-10-05,closed,sedgwick,sedgwick,token,unverified,workday,Power Platform Architect - AI,other,unspecified,False,Telecommuter FL,,2026-09-27,2026-10-04,False,board went empty,low,the company's whole board came back empty this day -- a failed fetch or a moved board is indistinguishable from closing everything,,,https://sedgwick.wd1.myworkdayjobs.com/Sedgwick/job/Telecommuter-FL/Power-Platform-Architect---AI_R78583-1
2026-10-05,closed,sedgwick,sedgwick,token,unverified,workday,Principal Architect - Gen AI,other,principal,False,Telecommuter TN,,2026-09-22,2026-10-04,False,board went empty,low,the company's whole board came back empty this day -- a failed fetch or a moved board is indistinguishable from closing everything,,,https://sedgwick.wd1.myworkdayjobs.com/Sedgwick/job/Telecommuter-TN/Principal-Architect---Gen-AI_R78346
2026-10-05,closed,sedgwick,sedgwick,token,unverified,workday,Principal Data Scientist,data,principal,False,27 Locations,,2026-09-15,2026-10-04,False,board went empty,low,the company's whole board came back empty this day -- a failed fetch or a moved board is indistinguishable from closing everything,,,https://sedgwick.wd1.myworkdayjobs.com/Sedgwick/job/Telecommuter-TN/Director-Data-Science_R71412
2026-10-05,closed,sedgwick,sedgwick,token,unverified,workday,Private Clients Loss Adjuster - Birmingham/London & South East,other,unspecified,False,2 Locations,,2026-09-15,2026-10-04,False,board went empty,low,the company's whole board came back empty this day -- a failed fetch or a moved board is indistinguishable from closing everything,,,https://sedgwick.wd1.myworkdayjobs.com/Sedgwick/job/Birmingham/Private-Clients-Loss-Adjuster---Birmingham-London---South-East_R77814
2026-10-05,closed,sedgwick,sedgwick,token,unverified,workday,Private Clients Loss Adjuster - London & South East,other,unspecified,False,London,,2026-09-15,2026-10-04,False,board went empty,low,the company's whole board came back empty this day -- a failed fetch or a moved board is indistinguishable from closing everything,,,https://sedgwick.wd1.myworkdayjobs.com/Sedgwick/job/London/Private-Clients-Loss-Adjuster---London---South-East_R76337
2026-10-05,closed,sedgwick,sedgwick,token,unverified,workday,Product Manager - Resource Platform,product,manager,True,Telecommuter TN,,2026-10-03,2026-10-04,False,board went empty,low,the company's whole board came back empty this day -- a failed fetch or a moved board is indistinguishable from closing everything,,,https://sedgwick.wd1.myworkdayjobs.com/Sedgwick/job/Telecommuter-TN/Product-Manager---Resource-Platform_R78918
2026-10-05,closed,sedgwick,sedgwick,token,unverified,workday,Product Manager AI,product,manager,True,28 Locations,,2026-09-22,2026-10-04,False,board went empty,low,the company's whole board came back empty this day -- a failed fetch or a moved board is indistinguishable from closing everything,,,https://sedgwick.wd1.myworkdayjobs.com/Sedgwick/job/Telecommuter-TN/Product-Manager-Owner-AI_R71417
2026-10-05,closed,sedgwick,sedgwick,token,unverified,workday,Product Owner - AI,product,unspecified,False,Telecommuter TN,,2026-09-22,2026-10-04,False,board went empty,low,the company's whole board came back empty this day -- a failed fetch or a moved board is indistinguishable from closing everything,,,https://sedgwick.wd1.myworkdayjobs.com/Sedgwick/job/Telecommuter-TN/Product-Owner---AI_R78320
2026-10-05,closed,sedgwick,sedgwick,token,unverified,workday,Professional Liability Claims Advisor (Remote),other,unspecified,False,6 Locations,,2026-09-15,2026-10-04,False,board went empty,low,the company's whole board came back empty this day -- a failed fetch or a moved board is indistinguishable from closing everything,,,https://sedgwick.wd1.myworkdayjobs.com/Sedgwick/job/Telecommuter-CA/Professional-Liability-Claims-Advisor--Remote-_R77519
2026-10-05,closed,sedgwick,sedgwick,token,unverified,workday,Project Managed Claims Coordinator,other,unspecified,False,United Kingdom,,2026-09-25,2026-10-04,False,board went empty,low,the company's whole board came back empty this day -- a failed fetch or a moved board is indistinguishable from closing everything,,,https://sedgwick.wd1.myworkdayjobs.com/Sedgwick/job/United-Kingdom/Project-Managed-Claims-Coordinator_R76819
2026-10-05,closed,sedgwick,sedgwick,token,unverified,workday,Property Adjuster - Berkshire/Guilford,other,unspecified,False,United Kingdom,,2026-09-15,2026-10-04,False,board went empty,low,the company's whole board came back empty this day -- a failed fetch or a moved board is indistinguishable from closing everything,,,https://sedgwick.wd1.myworkdayjobs.com/Sedgwick/job/United-Kingdom/Property-Adjuster---Berkshire-Guilford_R76338-1
2026-10-05,closed,sedgwick,sedgwick,token,unverified,workday,Property Adjuster - Essex,other,unspecified,False,London,,2026-09-15,2026-10-04,False,board went empty,low,the company's whole board came back empty this day -- a failed fetch or a moved board is indistinguishable from closing everything,,,https://sedgwick.wd1.myworkdayjobs.com/Sedgwick/job/London/Property-Adjuster---Essex_R78567
2026-10-05,closed,sedgwick,sedgwick,token,unverified,workday,Property Adjuster - North/North West London,other,unspecified,False,London,,2026-09-15,2026-10-04,False,board went empty,low,the company's whole board came back empty this day -- a failed fetch or a moved board is indistinguishable from closing everything,,,https://sedgwick.wd1.myworkdayjobs.com/Sedgwick/job/London/Property-Adjuster---North-North-West-London_R77247
2026-10-05,closed,sedgwick,sedgwick,token,unverified,workday,Property Adjuster - Redhill/Dartford/Tunbridge,other,unspecified,False,London,,2026-09-15,2026-10-04,False,board went empty,low,the company's whole board came back empty this day -- a failed fetch or a moved board is indistinguishable from closing everything,,,https://sedgwick.wd1.myworkdayjobs.com/Sedgwick/job/London/Property-Adjuster---Redhill-Dartford-Tunbridge_R76352
2026-10-05,closed,sedgwick,sedgwick,token,unverified,workday,Property Adjuster - Solent,other,unspecified,False,Solent,,2026-09-15,2026-10-04,False,board went empty,low,the company's whole board came back empty this day -- a failed fetch or a moved board is indistinguishable from closing everything,,,https://sedgwick.wd1.myworkdayjobs.com/Sedgwick/job/Solent/Property-Adjuster---Solent_R73481
2026-10-05,closed,sedgwick,sedgwick,token,unverified,workday,Property Adjuster - South East,other,unspecified,False,2 Locations,,2026-09-15,2026-10-04,False,board went empty,low,the company's whole board came back empty this day -- a failed fetch or a moved board is indistinguishable from closing everything,,,https://sedgwick.wd1.myworkdayjobs.com/Sedgwick/job/London/Property-Adjuster---Redhill-Reigate-Tunbridge-Wells-Kingston-upon-Thames_R76985
2026-10-05,closed,sedgwick,sedgwick,token,unverified,workday,"Property Desk Adjuster - Dallas, TX.",other,unspecified,False,2 Locations,,2026-09-15,2026-10-04,False,board went empty,low,the company's whole board came back empty this day -- a failed fetch or a moved board is indistinguishable from closing everything,,,https://sedgwick.wd1.myworkdayjobs.com/Sedgwick/job/Farmers-Branch-TX/Property-Desk-Adjuster---Dallas--TX_R75065
2026-10-05,closed,sedgwick,sedgwick,token,unverified,workday,Quality Assurance Specialist,other,unspecified,False,Telecommuter GA,,2026-09-27,2026-10-04,False,board went empty,low,the company's whole board came back empty this day -- a failed fetch or a moved board is indistinguishable from closing everything,,,https://sedgwick.wd1.myworkdayjobs.com/Sedgwick/job/Telecommuter-GA/Quality-Assurance-Specialist_R71200
2026-10-05,closed,sedgwick,sedgwick,token,unverified,workday,"R76445 Claims Assistant (Onsite - Eden Prairie, MN)",other,unspecified,False,"Eden Prairie, MN",,2026-09-15,2026-10-04,False,board went empty,low,the company's whole board came back empty this day -- a failed fetch or a moved board is indistinguishable from closing everything,,,https://sedgwick.wd1.myworkdayjobs.com/Sedgwick/job/Eden-Prairie-MN/R76445-Claims-Assistant--Onsite---Eden-Prairie--MN-_R77973
2026-10-05,closed,sedgwick,sedgwick,token,unverified,workday,RN Field Case Manager,clinical,manager,True,"Boston, MA",,2026-09-15,2026-10-04,False,board went empty,low,the company's whole board came back empty this day -- a failed fetch or a moved board is indistinguishable from closing everything,,,https://sedgwick.wd1.myworkdayjobs.com/Sedgwick/job/Boston-MA/Field-Case-Manager_R72396
2026-10-05,closed,sedgwick,sedgwick,token,unverified,workday,RN Field Case Manager,clinical,manager,True,US Telecommuter,,2026-09-15,2026-10-04,False,board went empty,low,the company's whole board came back empty this day -- a failed fetch or a moved board is indistinguishable from closing everything,,,https://sedgwick.wd1.myworkdayjobs.com/Sedgwick/job/US-Telecommuter/Field-Case-Manager-Sign-On-Bonus-Eligible_R62650
2026-10-05,closed,sedgwick,sedgwick,token,unverified,workday,RN Field Case Manager,clinical,manager,True,"Miami, FL",,2026-09-15,2026-10-04,False,board went empty,low,the company's whole board came back empty this day -- a failed fetch or a moved board is indistinguishable from closing everything,,,https://sedgwick.wd1.myworkdayjobs.com/Sedgwick/job/Miami-FL/Field-Case-Manager_R57642
2026-10-05,closed,sedgwick,sedgwick,token,unverified,workday,RN Field Case Manager,clinical,manager,True,2 Locations,,2026-09-15,2026-10-04,False,board went empty,low,the company's whole board came back empty this day -- a failed fetch or a moved board is indistinguishable from closing everything,,,https://sedgwick.wd1.myworkdayjobs.com/Sedgwick/job/Atlanta-GA/RN-Field-Case-Manager_R74202
2026-10-05,closed,sedgwick,sedgwick,token,unverified,workday,RN Field Case Manager,clinical,manager,True,3 Locations,,2026-09-15,2026-10-04,False,board went empty,low,the company's whole board came back empty this day -- a failed fetch or a moved board is indistinguishable from closing everything,,,https://sedgwick.wd1.myworkdayjobs.com/Sedgwick/job/Denver-CO/RN-Field-Case-Manager_R74265
2026-10-05,closed,sedgwick,sedgwick,token,unverified,workday,RN Field Case Manager,clinical,manager,True,"Raleigh, NC",,2026-09-15,2026-10-04,False,board went empty,low,the company's whole board came back empty this day -- a failed fetch or a moved board is indistinguishable from closing everything,,,https://sedgwick.wd1.myworkdayjobs.com/Sedgwick/job/Raleigh-NC/RN-Field-Case-Manager_R74682
2026-10-05,closed,sedgwick,sedgwick,token,unverified,workday,Reconciliation Officer,other,unspecified,False,Cardiff,,2026-09-15,2026-10-04,False,board went empty,low,the company's whole board came back empty this day -- a failed fetch or a moved board is indistinguishable from closing everything,,,https://sedgwick.wd1.myworkdayjobs.com/Sedgwick/job/Cardiff/Reconciliation-Officer_R76479
2026-10-05,closed,sedgwick,sedgwick,token,unverified,workday,Regional Manager,other,manager,True,"Chicago, IL",,2026-09-15,2026-10-04,False,board went empty,low,the company's whole board came back empty this day -- a failed fetch or a moved board is indistinguishable from closing everything,,,https://sedgwick.wd1.myworkdayjobs.com/Sedgwick/job/Chicago-IL/Regional-Manager_R72536
2026-10-05,closed,sedgwick,sedgwick,token,unverified,workday,Regional Manager,other,manager,True,"New York, NY",,2026-09-15,2026-10-04,False,board went empty,low,the company's whole board came back empty this day -- a failed fetch or a moved board is indistinguishable from closing everything,,,https://sedgwick.wd1.myworkdayjobs.com/Sedgwick/job/New-York-NY/Regional-Manager_R72538
2026-10-05,closed,sedgwick,sedgwick,token,unverified,workday,Regional Property Claims Manager NYC,other,manager,True,Telecommuter NY,,2026-09-15,2026-10-04,False,board went empty,low,the company's whole board came back empty this day -- a failed fetch or a moved board is indistinguishable from closing everything,,,https://sedgwick.wd1.myworkdayjobs.com/Sedgwick/job/Telecommuter-NY/Regional-Manager-in-the-Northeast_R77264
2026-10-05,closed,sedgwick,sedgwick,token,unverified,workday,"Regional Vice President, Property",other,vp,True,"Dallas, TX",,2026-09-15,2026-10-04,False,board went empty,low,the company's whole board came back empty this day -- a failed fetch or a moved board is indistinguishable from closing everything,,,https://sedgwick.wd1.myworkdayjobs.com/Sedgwick/job/Dallas-TX/Regional-Vice-President_R75268
2026-10-05,closed,sedgwick,sedgwick,token,unverified,workday,Rekenkundig Expert,other,unspecified,False,Rotterdam,,2026-09-15,2026-10-04,False,board went empty,low,the company's whole board came back empty this day -- a failed fetch or a moved board is indistinguishable from closing everything,,,https://sedgwick.wd1.myworkdayjobs.com/Sedgwick/job/Rotterdam/Rekenkundig-Expert_R65324
2026-10-05,closed,sedgwick,sedgwick,token,unverified,workday,Remote Customer Service Team Lead,support,lead,False,11 Locations,,2026-09-19,2026-10-04,False,board went empty,low,the company's whole board came back empty this day -- a failed fetch or a moved board is indistinguishable from closing everything,,,https://sedgwick.wd1.myworkdayjobs.com/Sedgwick/job/Telecommuter-TX/Remote-Customer-Service-Team-Lead_R78221
2026-10-05,closed,sedgwick,sedgwick,token,unverified,workday,Remote Operations Dispatch Coordinator,operations,unspecified,False,11 Locations,,2026-09-15,2026-10-04,False,board went empty,low,the company's whole board came back empty this day -- a failed fetch or a moved board is indistinguishable from closing everything,,,https://sedgwick.wd1.myworkdayjobs.com/Sedgwick/job/Telecommuter-GA/Remote-Operations-Dispatch-Coordinator_R76549
2026-10-05,closed,sedgwick,sedgwick,token,unverified,workday,Remote Workers Compensation Claims Examiner | CA Jurisdiction,other,unspecified,False,50 Locations,,2026-09-27,2026-10-04,False,board went empty,low,the company's whole board came back empty this day -- a failed fetch or a moved board is indistinguishable from closing everything,,,https://sedgwick.wd1.myworkdayjobs.com/Sedgwick/job/Telecommuter-CA/Remote-Workers-Compensation-Claims-Examiner---CA-Jurisdiction_R78588
2026-10-05,closed,sedgwick,sedgwick,token,unverified,workday,Return To Work Associate,other,junior,False,"Orlando, FL - Ingenuity",,2026-10-01,2026-10-04,False,board went empty,low,the company's whole board came back empty this day -- a failed fetch or a moved board is indistinguishable from closing everything,,,https://sedgwick.wd1.myworkdayjobs.com/Sedgwick/job/Orlando-FL---Ingenuity/Return-To-Work-Associate_R78569-1
2026-10-05,closed,sedgwick,sedgwick,token,unverified,workday,Return-to-Work Representative,other,unspecified,False,3 Locations,,2026-09-29,2026-10-04,False,board went empty,low,the company's whole board came back empty this day -- a failed fetch or a moved board is indistinguishable from closing everything,,,https://sedgwick.wd1.myworkdayjobs.com/Sedgwick/job/Coralville-IA/Return-to-Work-Representative_R78232-1
2026-10-05,closed,sedgwick,sedgwick,token,unverified,workday,Risk Control Associate,other,junior,False,"Sacramento, CA",,2026-10-02,2026-10-04,False,board went empty,low,the company's whole board came back empty this day -- a failed fetch or a moved board is indistinguishable from closing everything,,,https://sedgwick.wd1.myworkdayjobs.com/Sedgwick/job/Sacramento-CA/Rick-Control-Associate_R78568-1
2026-10-05,closed,sedgwick,sedgwick,token,unverified,workday,"Risk Service Consultant | Remote - Must be local to Richmond, VA",other,unspecified,False,2 Locations,,2026-09-17,2026-10-04,False,board went empty,low,the company's whole board came back empty this day -- a failed fetch or a moved board is indistinguishable from closing everything,,,https://sedgwick.wd1.myworkdayjobs.com/Sedgwick/job/Telecommuter-VA/Risk-Service-Consultant---Remote---Must-be-local-to-Richmond--VA_R78103
2026-10-05,closed,sedgwick,sedgwick,token,unverified,workday,SOC Manager,other,manager,True,2 Locations,,2026-10-01,2026-10-04,False,board went empty,low,the company's whole board came back empty this day -- a failed fetch or a moved board is indistinguishable from closing everything,,,https://sedgwick.wd1.myworkdayjobs.com/Sedgwick/job/Sydney-AU/SOC-Manager_R78795
2026-10-05,closed,sedgwick,sedgwick,token,unverified,workday,Sacharbeiter (w/m/d) Schadenregulierung Gebäudeschäden - 100% Home Office,other,unspecified,False,4 Locations,,2026-09-15,2026-10-04,False,board went empty,low,the company's whole board came back empty this day -- a failed fetch or a moved board is indistinguishable from closing everything,,,https://sedgwick.wd1.myworkdayjobs.com/Sedgwick/job/Duesseldorf/Sacharbeiter--w-m-d--Schadenregulierung-Gebudeschden_R70437
2026-10-05,closed,sedgwick,sedgwick,token,unverified,workday,Sachbearbeiter Versicherungsschäden (m/w/d) – Gewerbeimmobilien | 100% Home-Office,other,unspecified,False,4 Locations,,2026-09-15,2026-10-04,False,board went empty,low,the company's whole board came back empty this day -- a failed fetch or a moved board is indistinguishable from closing everything,,,https://sedgwick.wd1.myworkdayjobs.com/Sedgwick/job/Duesseldorf/Sachbearbeiter-Versicherungsschden--m-w-d----Gewerbeimmobilien---100--Home-Office_R75111
2026-10-05,closed,sedgwick,sedgwick,token,unverified,workday,Schade Expert Tele,other,unspecified,False,Amstelveen,,2026-09-15,2026-10-04,False,board went empty,low,the company's whole board came back empty this day -- a failed fetch or a moved board is indistinguishable from closing everything,,,https://sedgwick.wd1.myworkdayjobs.com/Sedgwick/job/Amstelveen/Schade-Expert-Tele_R78500
2026-10-05,closed,sedgwick,sedgwick,token,unverified,workday,Schade-Expert Elektrotechniek,other,unspecified,False,4 Locations,,2026-09-27,2026-10-04,False,board went empty,low,the company's whole board came back empty this day -- a failed fetch or a moved board is indistinguishable from closing everything,,,https://sedgwick.wd1.myworkdayjobs.com/Sedgwick/job/Rotterdam/Schade-Expert-Elektrotechniek_R78566
2026-10-05,closed,sedgwick,sedgwick,token,unverified,workday,Schadebehandelaar Kabel & Infra,other,unspecified,False,Rotterdam,,2026-09-15,2026-10-04,False,board went empty,low,the company's whole board came back empty this day -- a failed fetch or a moved board is indistinguishable from closing everything,,,https://sedgwick.wd1.myworkdayjobs.com/Sedgwick/job/Rotterdam/Schadebehandelaar-Kabel---Infra_R70450
2026-10-05,closed,sedgwick,sedgwick,token,unverified,workday,Schadensachbearbeiter (m/w/d) Gruppenunfallversicherung - 100% Home-Office,other,unspecified,False,8 Locations,,2026-09-15,2026-10-04,False,board went empty,low,the company's whole board came back empty this day -- a failed fetch or a moved board is indistinguishable from closing everything,,,https://sedgwick.wd1.myworkdayjobs.com/Sedgwick/job/Duesseldorf/Schadensachbearbeiter--m-w-d--Unfallversicherung---100--Home-Office_R75106
2026-10-05,closed,sedgwick,sedgwick,token,unverified,workday,Schadensachbearbeiter (w/m/d) Haftpflicht - 100% Home Office,other,unspecified,False,4 Locations,,2026-09-15,2026-10-04,False,board went empty,low,the company's whole board came back empty this day -- a failed fetch or a moved board is indistinguishable from closing everything,,,https://sedgwick.wd1.myworkdayjobs.com/Sedgwick/job/DE-Muenchen/Sacharbeiter--w-m-d--Haftpflicht---100--Home-Office_R73108
2026-10-05,closed,sedgwick,sedgwick,token,unverified,workday,Secretaresse,other,unspecified,False,2 Locations,,2026-09-23,2026-10-04,False,board went empty,low,the company's whole board came back empty this day -- a failed fetch or a moved board is indistinguishable from closing everything,,,https://sedgwick.wd1.myworkdayjobs.com/Sedgwick/job/Rotterdam/Secretaresse_R78447
2026-10-05,closed,sedgwick,sedgwick,token,unverified,workday,Senior Adjuster,other,senior,False,Telecommuter FL,,2026-09-22,2026-10-04,False,board went empty,low,the company's whole board came back empty this day -- a failed fetch or a moved board is indistinguishable from closing everything,,,https://sedgwick.wd1.myworkdayjobs.com/Sedgwick/job/Telecommuter-FL/Senior-Adjuster_R78323
2026-10-05,closed,sedgwick,sedgwick,token,unverified,workday,Senior Adjuster Property,other,senior,False,"Toledo, OH",,2026-09-15,2026-10-04,False,board went empty,low,the company's whole board came back empty this day -- a failed fetch or a moved board is indistinguishable from closing everything,,,https://sedgwick.wd1.myworkdayjobs.com/Sedgwick/job/Toledo-OH/Senior-Adjuster-Property_R73661
2026-10-05,closed,sedgwick,sedgwick,token,unverified,workday,Senior Data Scientist,data,senior,False,Kuala Lumpur,,2026-09-15,2026-10-04,False,board went empty,low,the company's whole board came back empty this day -- a failed fetch or a moved board is indistinguishable from closing everything,,,https://sedgwick.wd1.myworkdayjobs.com/Sedgwick/job/Kuala-Lumpur/Senior-Data-Scientist_R75646
2026-10-05,closed,sedgwick,sedgwick,token,unverified,workday,Senior Data Scientist,data,senior,False,Telecommuter TN,,2026-10-03,2026-10-04,False,board went empty,low,the company's whole board came back empty this day -- a failed fetch or a moved board is indistinguishable from closing everything,,,https://sedgwick.wd1.myworkdayjobs.com/Sedgwick/job/Telecommuter-TN/Senior-Data-Scientist_R74975
2026-10-05,closed,sedgwick,sedgwick,token,unverified,workday,Senior Desktop Liability Adjuster,other,senior,False,2 Locations,,2026-09-15,2026-10-04,False,board went empty,low,the company's whole board came back empty this day -- a failed fetch or a moved board is indistinguishable from closing everything,,,https://sedgwick.wd1.myworkdayjobs.com/Sedgwick/job/United-Kingdom/Senior-Desktop-Liability-Adjuster_R71685-1
2026-10-05,closed,sedgwick,sedgwick,token,unverified,workday,Senior Forensic Investigator (Mechanical),other,senior,False,United Kingdom,,2026-09-15,2026-10-04,False,board went empty,low,the company's whole board came back empty this day -- a failed fetch or a moved board is indistinguishable from closing everything,,,https://sedgwick.wd1.myworkdayjobs.com/Sedgwick/job/United-Kingdom/Principal-Forensic-Investigator--Mechanical-_R74355
2026-10-05,closed,sedgwick,sedgwick,token,unverified,workday,Senior Geotechnisch Ingenieur & Teamcoördinator,other,senior,False,2 Locations,,2026-09-15,2026-10-04,False,board went empty,low,the company's whole board came back empty this day -- a failed fetch or a moved board is indistinguishable from closing everything,,,https://sedgwick.wd1.myworkdayjobs.com/Sedgwick/job/Antwerp/Senior-Geotechnisch-Ingenieur---Teamcordinator_R77284-1
2026-10-05,closed,sedgwick,sedgwick,token,unverified,workday,Senior Loss Adjuster,other,senior,False,Geelong,,2026-09-15,2026-10-04,False,board went empty,low,the company's whole board came back empty this day -- a failed fetch or a moved board is indistinguishable from closing everything,,,https://sedgwick.wd1.myworkdayjobs.com/Sedgwick/job/Geelong/Senior-Loss-Adjuster_R75714
2026-10-05,closed,sedgwick,sedgwick,token,unverified,workday,Senior Loss Adjuster - Technical and Special Risk,other,senior,False,UK Home Worker,,2026-09-15,2026-10-04,False,board went empty,low,the company's whole board came back empty this day -- a failed fetch or a moved board is indistinguishable from closing everything,,,https://sedgwick.wd1.myworkdayjobs.com/Sedgwick/job/UK-Home-Worker/Senior-Loss-Adjuster---Technical-and-Special-Risk_R70041
2026-10-05,closed,sedgwick,sedgwick,token,unverified,workday,Senior Marine Surveyor,other,senior,False,Telecommuter PA,,2026-09-15,2026-10-04,False,board went empty,low,the company's whole board came back empty this day -- a failed fetch or a moved board is indistinguishable from closing everything,,,https://sedgwick.wd1.myworkdayjobs.com/Sedgwick/job/Telecommuter-PA/Senior-Marine-Surveyor_R76973
2026-10-05,closed,sedgwick,sedgwick,token,unverified,workday,Senior Marine Surveyor,other,senior,False,Shanghai,,2026-09-15,2026-10-04,False,board went empty,low,the company's whole board came back empty this day -- a failed fetch or a moved board is indistinguishable from closing everything,,,https://sedgwick.wd1.myworkdayjobs.com/Sedgwick/job/Shanghai/Senior-Marine-Surveyor_R66411
2026-10-05,closed,sedgwick,sedgwick,token,unverified,workday,Senior Schade-Expert Bouw & CAR,other,senior,False,Amstelveen,,2026-09-22,2026-10-04,False,board went empty,low,the company's whole board came back empty this day -- a failed fetch or a moved board is indistinguishable from closing everything,,,https://sedgwick.wd1.myworkdayjobs.com/Sedgwick/job/Amstelveen/Senior-Schade-Expert-Bouw---CAR_R78371
2026-10-05,closed,sedgwick,sedgwick,token,unverified,workday,Senior Secretaresse,other,senior,False,Eindhoven,,2026-09-15,2026-10-04,False,board went empty,low,the company's whole board came back empty this day -- a failed fetch or a moved board is indistinguishable from closing everything,,,https://sedgwick.wd1.myworkdayjobs.com/Sedgwick/job/Eindhoven/Senior-Secretaresse_R78367
2026-10-05,closed,sedgwick,sedgwick,token,unverified,workday,Senior Vice President Business Development Casualty,sales,vp,True,19 Locations,,2026-09-15,2026-10-04,False,board went empty,low,the company's whole board came back empty this day -- a failed fetch or a moved board is indistinguishable from closing everything,,,https://sedgwick.wd1.myworkdayjobs.com/Sedgwick/job/Telecommuter-TX/Senior-Vice-President-Business-Development-Casualty_R76791
2026-10-05,closed,sedgwick,sedgwick,token,unverified,workday,"Service Center Representative - Bartlesville, OK ON-SITE",other,unspecified,False,"Bartlesville, OK",,2026-09-15,2026-10-04,False,board went empty,low,the company's whole board came back empty this day -- a failed fetch or a moved board is indistinguishable from closing everything,,,https://sedgwick.wd1.myworkdayjobs.com/Sedgwick/job/Bartlesville-OK/Service-Center-Representative---Bartlesville--OK-ON-SITE_R77035
2026-10-05,closed,sedgwick,sedgwick,token,unverified,workday,Service Center Team Lead,other,lead,False,"Bartlesville, OK",,2026-09-15,2026-10-04,False,board went empty,low,the company's whole board came back empty this day -- a failed fetch or a moved board is indistinguishable from closing everything,,,https://sedgwick.wd1.myworkdayjobs.com/Sedgwick/job/Bartlesville-OK/Service-Center-Team-Lead_R76897
2026-10-05,closed,sedgwick,sedgwick,token,unverified,workday,ServiceNow HR Application Analyst,data,unspecified,False,11 Locations,,2026-09-15,2026-10-04,False,board went empty,low,the company's whole board came back empty this day -- a failed fetch or a moved board is indistinguishable from closing everything,,,https://sedgwick.wd1.myworkdayjobs.com/Sedgwick/job/Telecommuter-TN/ServiceNow-HR-Application-Analyst_R76903
2026-10-05,closed,sedgwick,sedgwick,token,unverified,workday,Skadebehandler,other,unspecified,False,DK-Ballerup,,2026-09-23,2026-10-04,False,board went empty,low,the company's whole board came back empty this day -- a failed fetch or a moved board is indistinguishable from closing everything,,,https://sedgwick.wd1.myworkdayjobs.com/Sedgwick/job/DK-Ballerup/Skadebehandler_R78658
2026-10-05,closed,sedgwick,sedgwick,token,unverified,workday,Specialty - Credit Control Team Leader,other,unspecified,False,Leeds,,2026-09-15,2026-10-04,False,board went empty,low,the company's whole board came back empty this day -- a failed fetch or a moved board is indistinguishable from closing everything,,,https://sedgwick.wd1.myworkdayjobs.com/Sedgwick/job/Leeds/Specialty---Credit-Control-Team-Leader_R75618
2026-10-05,closed,sedgwick,sedgwick,token,unverified,workday,Specialty Loss Adjuster,other,unspecified,False,United Kingdom,,2026-09-15,2026-10-04,False,board went empty,low,the company's whole board came back empty this day -- a failed fetch or a moved board is indistinguishable from closing everything,,,https://sedgwick.wd1.myworkdayjobs.com/Sedgwick/job/United-Kingdom/Specialty-Loss-Adjuster_R58642
2026-10-05,closed,sedgwick,sedgwick,token,unverified,workday,Sr Adjuster,other,senior,False,"Addison, TX",,2026-09-15,2026-10-04,False,board went empty,low,the company's whole board came back empty this day -- a failed fetch or a moved board is indistinguishable from closing everything,,,https://sedgwick.wd1.myworkdayjobs.com/Sedgwick/job/Addison-TX/Sr-Adjuster_R69993
2026-10-05,closed,sedgwick,sedgwick,token,unverified,workday,Sr Adjuster/Marine Surveyor,other,senior,False,Telecommuter OH,,2026-09-15,2026-10-04,False,board went empty,low,the company's whole board came back empty this day -- a failed fetch or a moved board is indistinguishable from closing everything,,,https://sedgwick.wd1.myworkdayjobs.com/Sedgwick/job/Telecommuter-OH/Sr-Adjuster-Marine-Surveyor_R76587
2026-10-05,closed,sedgwick,sedgwick,token,unverified,workday,"Sr Desk Adjuster - Seattle, Washington - Property and Casualty Claims",other,senior,False,"Seattle, WA",,2026-09-24,2026-10-04,False,board went empty,low,the company's whole board came back empty this day -- a failed fetch or a moved board is indistinguishable from closing everything,,,https://sedgwick.wd1.myworkdayjobs.com/Sedgwick/job/Seattle-WA/Sr-Adjuster_R77009
2026-10-05,closed,sedgwick,sedgwick,token,unverified,workday,"Sr. Claims Specialist, Medical Malpractice | Professional Liability",clinical,senior,False,Telecommuter AL,,2026-09-15,2026-10-04,False,board went empty,low,the company's whole board came back empty this day -- a failed fetch or a moved board is indistinguishable from closing everything,,,https://sedgwick.wd1.myworkdayjobs.com/Sedgwick/job/Telecommuter-AL/Sr-Claims-Specialist--Medical-Malpractice---Professional-Liability_R76323
2026-10-05,closed,sedgwick,sedgwick,token,unverified,workday,"Sr. Claims Specialist, Professional Liability | E&O, D&O, EPL | Remote",other,senior,False,US Telecommuter,,2026-09-15,2026-10-04,False,board went empty,low,the company's whole board came back empty this day -- a failed fetch or a moved board is indistinguishable from closing everything,,,https://sedgwick.wd1.myworkdayjobs.com/Sedgwick/job/US-Telecommuter/Sr-Claims-Specialist--Professional-Liability---E-O--D-O--EPL---Remote_R72074
2026-10-05,closed,sedgwick,sedgwick,token,unverified,workday,"Sr. Claims Specialist, Professional Liability | Medical Malpractice | California",clinical,senior,False,2 Locations,,2026-09-15,2026-10-04,False,board went empty,low,the company's whole board came back empty this day -- a failed fetch or a moved board is indistinguishable from closing everything,,,https://sedgwick.wd1.myworkdayjobs.com/Sedgwick/job/Long-Beach-CA/Sr-Claims-Specialist--Professional-Liability---Medical-Malpractice---California_R76543
2026-10-05,closed,sedgwick,sedgwick,token,unverified,workday,"Sr. Claims Specialist, Professional Liability | Medical Malpractice | Long Term Care",clinical,senior,False,Telecommuter NY,,2026-09-17,2026-10-04,False,board went empty,low,the company's whole board came back empty this day -- a failed fetch or a moved board is indistinguishable from closing everything,,,https://sedgwick.wd1.myworkdayjobs.com/Sedgwick/job/Telecommuter-NY/Sr-Claims-Specialist--Professional-Liability---Medical-Malpractice---Long-Term-Care_R77052
2026-10-05,closed,sedgwick,sedgwick,token,unverified,workday,Sr. Pricing Analyst,data,senior,False,50 Locations,,2026-09-15,2026-10-04,False,board went empty,low,the company's whole board came back empty this day -- a failed fetch or a moved board is indistinguishable from closing everything,,,https://sedgwick.wd1.myworkdayjobs.com/Sedgwick/job/Telecommuter-OH/Sr-Pricing-Analyst_R76421
2026-10-05,closed,sedgwick,sedgwick,token,unverified,workday,Stage Ingénieur - Parcours Expert Assurance H/F (6 mois),other,unspecified,False,Nanterre,,2026-09-15,2026-10-04,False,board went empty,low,the company's whole board came back empty this day -- a failed fetch or a moved board is indistinguishable from closing everything,,,https://sedgwick.wd1.myworkdayjobs.com/Sedgwick/job/Nanterre/Stage-Ingnieur---Parcours-Expert-Assurance-H-F--6-mois-_R78030
2026-10-05,closed,sedgwick,sedgwick,token,unverified,workday,Subsidence Claims Consultant,other,unspecified,False,United Kingdom,,2026-09-15,2026-10-04,False,board went empty,low,the company's whole board came back empty this day -- a failed fetch or a moved board is indistinguishable from closing everything,,,https://sedgwick.wd1.myworkdayjobs.com/Sedgwick/job/United-Kingdom/Subsidence-Claims-Consultant_R76225
2026-10-05,closed,sedgwick,sedgwick,token,unverified,workday,Subsidence Technical Manager,other,manager,True,8 Locations,,2026-09-15,2026-10-04,False,board went empty,low,the company's whole board came back empty this day -- a failed fetch or a moved board is indistinguishable from closing everything,,,https://sedgwick.wd1.myworkdayjobs.com/Sedgwick/job/United-Kingdom/Subsidence-Technical-Manager_R77038
2026-10-05,closed,sedgwick,sedgwick,token,unverified,workday,TPA Claims Consultant - 6 month Contract,other,unspecified,False,Auckland,,2026-10-01,2026-10-04,False,board went empty,low,the company's whole board came back empty this day -- a failed fetch or a moved board is indistinguishable from closing everything,,,https://sedgwick.wd1.myworkdayjobs.com/Sedgwick/job/Auckland/TPA-Claims-Consultant---6-month-Contract_R78735
2026-10-05,closed,sedgwick,sedgwick,token,unverified,workday,Talent Acquisition Specialist | Contractor | Remote OR Hybrid,people,unspecified,False,26 Locations,,2026-09-25,2026-10-04,False,board went empty,low,the company's whole board came back empty this day -- a failed fetch or a moved board is indistinguishable from closing everything,,,https://sedgwick.wd1.myworkdayjobs.com/Sedgwick/job/Telecommuter-UT/Talent-Acquisition-Specialist---Contractor---Remote-OR-Hybrid_R78509
2026-10-05,closed,sedgwick,sedgwick,token,unverified,workday,Team Leader - Subsidence Claims,other,unspecified,False,UK-Glasgow,,2026-09-15,2026-10-04,False,board went empty,low,the company's whole board came back empty this day -- a failed fetch or a moved board is indistinguishable from closing everything,,,https://sedgwick.wd1.myworkdayjobs.com/Sedgwick/job/UK-Glasgow/Team-Leader---Subsidence_R76660-1
2026-10-05,closed,sedgwick,sedgwick,token,unverified,workday,Team Leader Motor,other,unspecified,False,Madrid,,2026-10-01,2026-10-04,False,board went empty,low,the company's whole board came back empty this day -- a failed fetch or a moved board is indistinguishable from closing everything,,,https://sedgwick.wd1.myworkdayjobs.com/Sedgwick/job/Madrid/Team-Leader-Motor_R78739
2026-10-05,closed,sedgwick,sedgwick,token,unverified,workday,Teamleider AOV / verzuim,other,unspecified,False,Hoogeveen,,2026-09-15,2026-10-04,False,board went empty,low,the company's whole board came back empty this day -- a failed fetch or a moved board is indistinguishable from closing everything,,,https://sedgwick.wd1.myworkdayjobs.com/Sedgwick/job/Hoogeveen/Teamleider-AOV---verzuim_R77855
2026-10-05,closed,sedgwick,sedgwick,token,unverified,workday,Technisch - Juridisch Adviseur Milieu & Bodemsanering,other,unspecified,False,2 Locations,,2026-09-15,2026-10-04,False,board went empty,low,the company's whole board came back empty this day -- a failed fetch or a moved board is indistinguishable from closing everything,,,https://sedgwick.wd1.myworkdayjobs.com/Sedgwick/job/BE-Waregem/Technisch---Juridisch-Adviseur-Milieu---Bodemsanering_R77283-1
2026-10-05,closed,sedgwick,sedgwick,token,unverified,workday,Technisch veldmedewerker bodemonderzoek,other,unspecified,False,BE-Waregem,,2026-09-15,2026-10-04,False,board went empty,low,the company's whole board came back empty this day -- a failed fetch or a moved board is indistinguishable from closing everything,,,https://sedgwick.wd1.myworkdayjobs.com/Sedgwick/job/BE-Waregem/Technisch-veldmedewerker-bodemonderzoek_R77281-1
2026-10-05,closed,sedgwick,sedgwick,token,unverified,workday,Technische Sachverständige (m/w/d) Schaden / Versicherung im Großraum Stuttgart-Ulm-München gesucht! – 100% Home-Office,other,unspecified,False,6 Locations,,2026-09-15,2026-10-04,False,board went empty,low,the company's whole board came back empty this day -- a failed fetch or a moved board is indistinguishable from closing everything,,,https://sedgwick.wd1.myworkdayjobs.com/Sedgwick/job/Ulm/Technische-Sachverstndige--m-w-d--Schaden---Versicherung-im-Groraum-Stuttgart-Ulm-Mnchen-gesucht----100--Home-Office_R75033
2026-10-05,closed,sedgwick,sedgwick,token,unverified,workday,Technische Sachverständige (m/w/d) Schaden / Versicherungen im Großraum Berlin - 100% Home-Office,other,unspecified,False,4 Locations,,2026-09-15,2026-10-04,False,board went empty,low,the company's whole board came back empty this day -- a failed fetch or a moved board is indistinguishable from closing everything,,,https://sedgwick.wd1.myworkdayjobs.com/Sedgwick/job/Berlin/Technische-Sachverstndige--m-w-d--Schaden---Versicherungen-im-Groraum-Berlin---100--Home-Office_R75032
2026-10-05,closed,sedgwick,sedgwick,token,unverified,workday,Telephonic Case Manager,other,manager,True,US Telecommuter,,2026-09-19,2026-10-04,False,board went empty,low,the company's whole board came back empty this day -- a failed fetch or a moved board is indistinguishable from closing everything,,,https://sedgwick.wd1.myworkdayjobs.com/Sedgwick/job/US-Telecommuter/Telephonic-Case-Manager_R78714-1
2026-10-05,closed,sedgwick,sedgwick,token,unverified,workday,Tow and Storage Negotiation Specialist,other,unspecified,False,Telecommuter FL,,2026-09-15,2026-10-04,False,board went empty,low,the company's whole board came back empty this day -- a failed fetch or a moved board is indistinguishable from closing everything,,,https://sedgwick.wd1.myworkdayjobs.com/Sedgwick/job/Telecommuter-FL/Tow-and-Storage-Negotiation-Specialist_R76800
2026-10-05,closed,sedgwick,sedgwick,token,unverified,workday,Trainee Average Adjuster,other,unspecified,False,Taipei,,2026-09-15,2026-10-04,False,board went empty,low,the company's whole board came back empty this day -- a failed fetch or a moved board is indistinguishable from closing everything,,,https://sedgwick.wd1.myworkdayjobs.com/Sedgwick/job/Taipei/Trainee-Average-Adjuster_R68099
2026-10-05,closed,sedgwick,sedgwick,token,unverified,workday,Tramitador/a Senior de Siniestros de Transportes/Mercancías (Marine & Cargo) y/o Responsabilidad Civil (RC),other,senior,False,Madrid,,2026-09-15,2026-10-04,False,board went empty,low,the company's whole board came back empty this day -- a failed fetch or a moved board is indistinguishable from closing everything,,,https://sedgwick.wd1.myworkdayjobs.com/Sedgwick/job/Madrid/Tramitador-a-Senior-de-Siniestros-de-Transportes-Mercancas--Marine---Cargo--y-o-Responsabilidad-Civil--RC-_R75411
2026-10-05,closed,sedgwick,sedgwick,token,unverified,workday,UX Designer – Sedgwick AI,design,unspecified,False,28 Locations,,2026-09-17,2026-10-04,False,board went empty,low,the company's whole board came back empty this day -- a failed fetch or a moved board is indistinguishable from closing everything,,,https://sedgwick.wd1.myworkdayjobs.com/Sedgwick/job/Telecommuter-TN/UX-Designer---Sedgwick-AI_R78185
2026-10-05,closed,sedgwick,sedgwick,token,unverified,workday,Utilization Review Coordinator,other,unspecified,False,US Telecommuter,,2026-09-15,2026-10-04,False,board went empty,low,the company's whole board came back empty this day -- a failed fetch or a moved board is indistinguishable from closing everything,,,https://sedgwick.wd1.myworkdayjobs.com/Sedgwick/job/US-Telecommuter/Utilization-Review-Coordinator_R77683
2026-10-05,closed,sedgwick,sedgwick,token,unverified,workday,Utilization Review RN,clinical,unspecified,False,US Telecommuter,,2026-10-03,2026-10-04,False,board went empty,low,the company's whole board came back empty this day -- a failed fetch or a moved board is indistinguishable from closing everything,,,https://sedgwick.wd1.myworkdayjobs.com/Sedgwick/job/US-Telecommuter/Utilization-Review-RN_R78360
2026-10-05,closed,sedgwick,sedgwick,token,unverified,workday,VMO Manager,other,manager,True,29 Locations,,2026-09-15,2026-10-04,False,board went empty,low,the company's whole board came back empty this day -- a failed fetch or a moved board is indistinguishable from closing everything,,,https://sedgwick.wd1.myworkdayjobs.com/Sedgwick/job/Telecommuter-TX/VMO-Manager_R76568
2026-10-05,closed,sedgwick,sedgwick,token,unverified,workday,VOC Field Case Manager,other,manager,True,"Akron, OH",,2026-09-15,2026-10-04,False,board went empty,low,the company's whole board came back empty this day -- a failed fetch or a moved board is indistinguishable from closing everything,,,https://sedgwick.wd1.myworkdayjobs.com/Sedgwick/job/Akron-OH/VOC-Field-Case-Manager_R76308
2026-10-05,closed,sedgwick,sedgwick,token,unverified,workday,VP Business Transformation,other,vp,True,51 Locations,,2026-10-01,2026-10-04,False,board went empty,low,the company's whole board came back empty this day -- a failed fetch or a moved board is indistinguishable from closing everything,,,https://sedgwick.wd1.myworkdayjobs.com/Sedgwick/job/Telecommuter-TX/VP-Business-Transformation_R78766
2026-10-05,closed,sedgwick,sedgwick,token,unverified,workday,VP Carrier and Captive Analytics,data,vp,True,28 Locations,,2026-10-01,2026-10-04,False,board went empty,low,the company's whole board came back empty this day -- a failed fetch or a moved board is indistinguishable from closing everything,,,https://sedgwick.wd1.myworkdayjobs.com/Sedgwick/job/Telecommuter-TX/VP-Carrier-and-Captive_R78776
2026-10-05,closed,sedgwick,sedgwick,token,unverified,workday,VP Internal Audit,finance,vp,True,25 Locations,,2026-09-17,2026-10-04,False,board went empty,low,the company's whole board came back empty this day -- a failed fetch or a moved board is indistinguishable from closing everything,,,https://sedgwick.wd1.myworkdayjobs.com/Sedgwick/job/Telecommuter-TX/VP-Internal-Audit_R75652
2026-10-05,closed,sedgwick,sedgwick,token,unverified,workday,VP National Sales,sales,vp,True,CAN-Telecommute-ON,,2026-09-15,2026-10-04,False,board went empty,low,the company's whole board came back empty this day -- a failed fetch or a moved board is indistinguishable from closing everything,,,https://sedgwick.wd1.myworkdayjobs.com/Sedgwick/job/CAN-Telecommute-ON/VP-National-Sales_R77825
2026-10-05,closed,sedgwick,sedgwick,token,unverified,workday,VP OmniAnalyst Product Manager,product,vp,True,27 Locations,,2026-10-02,2026-10-04,False,board went empty,low,the company's whole board came back empty this day -- a failed fetch or a moved board is indistinguishable from closing everything,,,https://sedgwick.wd1.myworkdayjobs.com/Sedgwick/job/Telecommuter-TX/Director-Product-Management---AI_R76271
2026-10-05,closed,sedgwick,sedgwick,token,unverified,workday,VP Program Management,other,vp,True,Telecommuter IA,,2026-09-29,2026-10-04,False,board went empty,low,the company's whole board came back empty this day -- a failed fetch or a moved board is indistinguishable from closing everything,,,https://sedgwick.wd1.myworkdayjobs.com/Sedgwick/job/Telecommuter-IA/VP-Program-Management_R77485
2026-10-05,closed,sedgwick,sedgwick,token,unverified,workday,VP Workforce Absence Operations,operations,vp,True,,,2026-09-15,2026-10-04,False,board went empty,low,the company's whole board came back empty this day -- a failed fetch or a moved board is indistinguishable from closing everything,,,https://sedgwick.wd1.myworkdayjobs.com/Sedgwick/job/VP-Workforce-Absence-Operations_R77668
2026-10-05,closed,sedgwick,sedgwick,token,unverified,workday,Vice President I Workers Compensation I East Coast,other,vp,True,9 Locations,,2026-10-03,2026-10-04,False,board went empty,low,the company's whole board came back empty this day -- a failed fetch or a moved board is indistinguishable from closing everything,,,https://sedgwick.wd1.myworkdayjobs.com/Sedgwick/job/Telecommuter-FL/Vice-President-I-Workers-Compensation-I-East-Coast_R78493-1
2026-10-05,closed,sedgwick,sedgwick,token,unverified,workday,Workday Analyst - Cross Application - Full Remote Spain or Portugal,data,unspecified,False,9 Locations,,2026-09-17,2026-10-04,False,board went empty,low,the company's whole board came back empty this day -- a failed fetch or a moved board is indistinguishable from closing everything,,,https://sedgwick.wd1.myworkdayjobs.com/Sedgwick/job/Madrid/Workday-Analyst---Cross-Application_R77982
2026-10-05,closed,sedgwick,sedgwick,token,unverified,workday,Workday Reporting Data Analyst - Full remote Spain or Portugal,data,unspecified,False,9 Locations,,2026-09-15,2026-10-04,False,board went empty,low,the company's whole board came back empty this day -- a failed fetch or a moved board is indistinguishable from closing everything,,,https://sedgwick.wd1.myworkdayjobs.com/Sedgwick/job/Madrid/Workday-Reporting-Data-Analyst_R77809
2026-10-05,closed,sedgwick,sedgwick,token,unverified,workday,Workers Compensation - Claims Adjuster,other,unspecified,False,Telecommuter CA,,2026-09-15,2026-10-04,False,board went empty,low,the company's whole board came back empty this day -- a failed fetch or a moved board is indistinguishable from closing everything,,,https://sedgwick.wd1.myworkdayjobs.com/Sedgwick/job/Telecommuter-CA/Workers-Compensation---Claims-Adjuster_R77882
2026-10-05,closed,sedgwick,sedgwick,token,unverified,workday,"Workers Compensation - Claims Adjuster | HYBRID | Riverside, CA",other,unspecified,False,"Riverside, CA",,2026-09-15,2026-10-04,False,board went empty,low,the company's whole board came back empty this day -- a failed fetch or a moved board is indistinguishable from closing everything,,,https://sedgwick.wd1.myworkdayjobs.com/Sedgwick/job/Riverside-CA/Workers-Compensation---Claims-Adjuster---HYBRID---Riverside--CA_R74615
2026-10-05,closed,sedgwick,sedgwick,token,unverified,workday,"Workers Compensation - Claims Representative | Jurisdiction: TX, OK, LA | Licensing: TX Required (Hybrid)",other,unspecified,False,"Plano, TX",,2026-10-02,2026-10-04,False,board went empty,low,the company's whole board came back empty this day -- a failed fetch or a moved board is indistinguishable from closing everything,,,https://sedgwick.wd1.myworkdayjobs.com/Sedgwick/job/Plano-TX/Workers-Compensation---Claims-Representative---Jurisdiction--TX--OK--LA---Licensing--TX-Required--Hybrid-_R78438-1
2026-10-05,closed,sedgwick,sedgwick,token,unverified,workday,Workers Compensation - Claims Team Lead,other,lead,False,2 Locations,,2026-09-15,2026-10-04,False,board went empty,low,the company's whole board came back empty this day -- a failed fetch or a moved board is indistinguishable from closing everything,,,https://sedgwick.wd1.myworkdayjobs.com/Sedgwick/job/Orange-CA/Workers-Compensation---Claims-Team-Lead_R77881
2026-10-05,closed,sedgwick,sedgwick,token,unverified,workday,Workers Compensation Claims Adjuster | NY Jurisdiction Experience Required | Dedicated Client,other,unspecified,False,2 Locations,,2026-09-15,2026-10-04,False,board went empty,low,the company's whole board came back empty this day -- a failed fetch or a moved board is indistinguishable from closing everything,,,https://sedgwick.wd1.myworkdayjobs.com/Sedgwick/job/Syracuse-NY/Workers-Compensation-Claims-Adjuster---NY-Jurisdiction-Experience-Required---Dedicated-Client_R77676
2026-10-05,closed,sedgwick,sedgwick,token,unverified,workday,"Workers Compensation Claims Adjuster | Ontario, California",other,unspecified,False,"Ontario, CA",,2026-09-15,2026-10-04,False,board went empty,low,the company's whole board came back empty this day -- a failed fetch or a moved board is indistinguishable from closing everything,,,https://sedgwick.wd1.myworkdayjobs.com/Sedgwick/job/Ontario-CA/Workers-Compensation-Claims-Adjuster---Ontario--California_R72626
2026-10-05,closed,sedgwick,sedgwick,token,unverified,workday,Workers Compensation Claims Examiner,other,unspecified,False,Telecommuter CA,,2026-09-27,2026-10-04,False,board went empty,low,the company's whole board came back empty this day -- a failed fetch or a moved board is indistinguishable from closing everything,,,https://sedgwick.wd1.myworkdayjobs.com/Sedgwick/job/Telecommuter-CA/Workers-Compensation-Claims-Examiner_R78901
2026-10-05,closed,sedgwick,sedgwick,token,unverified,workday,Workers Compensation Claims Examiner - CA or NV license required (Remote),other,unspecified,False,4 Locations,,2026-09-15,2026-10-04,False,board went empty,low,the company's whole board came back empty this day -- a failed fetch or a moved board is indistinguishable from closing everything,,,https://sedgwick.wd1.myworkdayjobs.com/Sedgwick/job/Salt-Lake-City-UT---4800/Workers-Compensation-Claims-Examiner---CA-or-NV-license-required_R77230
2026-10-05,closed,sedgwick,sedgwick,token,unverified,workday,Workers Compensation Claims Examiner - CA | On-Site or Remote,other,unspecified,False,5 Locations,,2026-09-17,2026-10-04,False,board went empty,low,the company's whole board came back empty this day -- a failed fetch or a moved board is indistinguishable from closing everything,,,https://sedgwick.wd1.myworkdayjobs.com/Sedgwick/job/Riverside-CA/Workers-Compensation-Claims-Examiner---CA---On-Site-or-Remote_R78146
2026-10-05,closed,sedgwick,sedgwick,token,unverified,workday,"Workers Compensation Claims Examiner | Brea, CA | Sign-On Bonus Eligible",other,unspecified,False,"Brea, CA",,2026-09-15,2026-10-04,False,board went empty,low,the company's whole board came back empty this day -- a failed fetch or a moved board is indistinguishable from closing everything,,,https://sedgwick.wd1.myworkdayjobs.com/Sedgwick/job/Brea-CA/Claims-Examiner---Workers-Compensation---Brea--CA--Hybrid-_R52447
2026-10-05,closed,sedgwick,sedgwick,token,unverified,workday,Workers Compensation Claims Examiner | CA Jurisdiction,other,unspecified,False,3 Locations,,2026-09-30,2026-10-04,False,board went empty,low,the company's whole board came back empty this day -- a failed fetch or a moved board is indistinguishable from closing everything,,,https://sedgwick.wd1.myworkdayjobs.com/Sedgwick/job/Rancho-Cordova-CA/Workers-Compensation-Claims-Examiner_R71970
2026-10-05,closed,sedgwick,sedgwick,token,unverified,workday,Workers Compensation Claims Examiner | Dedicated Account | 3 Days Remote,other,unspecified,False,2 Locations,,2026-09-15,2026-10-04,False,board went empty,low,the company's whole board came back empty this day -- a failed fetch or a moved board is indistinguishable from closing everything,,,https://sedgwick.wd1.myworkdayjobs.com/Sedgwick/job/Roseville-CA/Workers-Compensation-Claims-Examiner---San-Diego-or-Roseville--CA_R65403-1
2026-10-05,closed,sedgwick,sedgwick,token,unverified,workday,"Workers Compensation Claims Examiner | Dedicated Client & Capped Caseloads |  CT, MA, NJ, VT Jurisdiction Experience | VT & CT Licensing",other,unspecified,False,5 Locations,,2026-09-15,2026-10-04,False,board went empty,low,the company's whole board came back empty this day -- a failed fetch or a moved board is indistinguishable from closing everything,,,https://sedgwick.wd1.myworkdayjobs.com/Sedgwick/job/Telecommuter-CT/Workers-Compensation-Claims-Examiner---Dedicated-Client---Capped-Caseloads----CT--MA--NJ--VT-Jurisdiction-Experience---VT---CT-Licensing_R78014
2026-10-05,closed,sedgwick,sedgwick,token,unverified,workday,"Workers Compensation Claims Examiner | HYBRID | Orange, CA",other,unspecified,False,"Orange, CA",,2026-09-15,2026-10-04,False,board went empty,low,the company's whole board came back empty this day -- a failed fetch or a moved board is indistinguishable from closing everything,,,https://sedgwick.wd1.myworkdayjobs.com/Sedgwick/job/Orange-CA/Workers-Compensation-Claims-Examiner---HYBRID---Orange--CA_R74903
2026-10-05,closed,sedgwick,sedgwick,token,unverified,workday,"Workers Compensation Claims Examiner | Hybrid | Brea, CA",other,unspecified,False,2 Locations,,2026-09-23,2026-10-04,False,board went empty,low,the company's whole board came back empty this day -- a failed fetch or a moved board is indistinguishable from closing everything,,,https://sedgwick.wd1.myworkdayjobs.com/Sedgwick/job/Brea-CA/Workers-Compensation---Claims-Adjuster---Brea--CA_R75905
2026-10-05,closed,sedgwick,sedgwick,token,unverified,workday,"Workers Compensation Claims Examiner | Long Beach or Roseville, CA",other,unspecified,False,3 Locations,,2026-09-15,2026-10-04,False,board went empty,low,the company's whole board came back empty this day -- a failed fetch or a moved board is indistinguishable from closing everything,,,https://sedgwick.wd1.myworkdayjobs.com/Sedgwick/job/Long-Beach-CA/Workers-Compensation-Claims-Examiner---Long-Beach-or-Roseville--CA_R73749
2026-10-05,closed,sedgwick,sedgwick,token,unverified,workday,"Workers Compensation Claims Examiner | Long Beach or Roseville, CA (Hybrid)",other,unspecified,False,"Roseville, CA - Creekside Ridge",,2026-09-15,2026-10-04,False,board went empty,low,the company's whole board came back empty this day -- a failed fetch or a moved board is indistinguishable from closing everything,,,https://sedgwick.wd1.myworkdayjobs.com/Sedgwick/job/Roseville-CA---Creekside-Ridge/Workers-Compensation-Claims-Examiner---Long-Beach-or-Roseville--CA--Hybrid-_R75968
2026-10-05,closed,sedgwick,sedgwick,token,unverified,workday,"Workers Compensation Claims Examiner | Long Beach, CA or Roseville, CA",other,unspecified,False,"Roseville, CA",,2026-09-15,2026-10-04,False,board went empty,low,the company's whole board came back empty this day -- a failed fetch or a moved board is indistinguishable from closing everything,,,https://sedgwick.wd1.myworkdayjobs.com/Sedgwick/job/Roseville-CA/Workers-Compensation-Claims-Examiner---Long-Beach--CA-or-Roseville--CA_R75024
2026-10-05,closed,sedgwick,sedgwick,token,unverified,workday,Workers Compensation Claims Examiner | NJ & PA Jurisdictional Experience | Open to Remote,other,unspecified,False,Telecommuter NJ,,2026-09-24,2026-10-04,False,board went empty,low,the company's whole board came back empty this day -- a failed fetch or a moved board is indistinguishable from closing everything,,,https://sedgwick.wd1.myworkdayjobs.com/Sedgwick/job/Telecommuter-NJ/Workers-Compensation-Claims-Examiner_R77828-1
2026-10-05,closed,sedgwick,sedgwick,token,unverified,workday,Workers Compensation Claims Examiner | NY Jurisdiction & Subrogation Experience & NY Licensing Required,other,unspecified,False,US Telecommuter,,2026-09-15,2026-10-04,False,board went empty,low,the company's whole board came back empty this day -- a failed fetch or a moved board is indistinguishable from closing everything,,,https://sedgwick.wd1.myworkdayjobs.com/Sedgwick/job/US-Telecommuter/Workers-Compensation-Claims-Examiner---NY-Jurisdiction-Experience---NY-Licensing-Required_R73030
2026-10-05,closed,sedgwick,sedgwick,token,unverified,workday,Workers Compensation Claims Examiner | NY Jurisdiction Experience & NY License Required | Dedicated Client,other,unspecified,False,2 Locations,,2026-09-30,2026-10-04,False,board went empty,low,the company's whole board came back empty this day -- a failed fetch or a moved board is indistinguishable from closing everything,,,https://sedgwick.wd1.myworkdayjobs.com/Sedgwick/job/Syracuse-NY/Workers-Compensation-Claims-Examiner---NY-Jurisdiction-Experience---NY-License-Required---Dedicated-Client_R78715
2026-10-05,closed,sedgwick,sedgwick,token,unverified,workday,Workers Compensation Claims Examiner | NY Jurisdiction | NY Licensing | Remote,other,unspecified,False,2 Locations,,2026-09-15,2026-10-04,False,board went empty,low,the company's whole board came back empty this day -- a failed fetch or a moved board is indistinguishable from closing everything,,,https://sedgwick.wd1.myworkdayjobs.com/Sedgwick/job/Telecommuter-NY/Workers-Compensation-Claims-Examiner---NY-Jurisdiction---NY-Licensing---Remote_R73507
2026-10-05,closed,sedgwick,sedgwick,token,unverified,workday,Workers Compensation Claims Examiner | NY Jurisdictional and Licensing Required | Public Entity,other,unspecified,False,US Telecommuter,,2026-09-15,2026-10-04,False,board went empty,low,the company's whole board came back empty this day -- a failed fetch or a moved board is indistinguishable from closing everything,,,https://sedgwick.wd1.myworkdayjobs.com/Sedgwick/job/US-Telecommuter/Workers-Compensation-Claims-Examiner---NY-Jurisdictional-and-Licensing-Required---Public-Entity_R76508
2026-10-05,closed,sedgwick,sedgwick,token,unverified,workday,"Workers Compensation Claims Examiner | Ontario, California",other,unspecified,False,"Ontario, CA",,2026-09-15,2026-10-04,False,board went empty,low,the company's whole board came back empty this day -- a failed fetch or a moved board is indistinguishable from closing everything,,,https://sedgwick.wd1.myworkdayjobs.com/Sedgwick/job/Ontario-CA/Workers-Compensation-Claims-Examiner---Ontario--California_R70394
2026-10-05,closed,sedgwick,sedgwick,token,unverified,workday,Workers Compensation Claims Examiner | REMOTE | Must Live in CA,other,unspecified,False,2 Locations,,2026-09-15,2026-10-04,False,board went empty,low,the company's whole board came back empty this day -- a failed fetch or a moved board is indistinguishable from closing everything,,,https://sedgwick.wd1.myworkdayjobs.com/Sedgwick/job/Brea-CA/Workers-Compensation-Claims-Examiner---REMOTE---Must-Live-in-CA_R76684
2026-10-05,closed,sedgwick,sedgwick,token,unverified,workday,"Workers Compensation Claims Examiner | Strong VT Jurisdictional Experience & VT Licensing Required | Additional Jurisdictions: CT, MA, NH, RI",other,unspecified,False,8 Locations,,2026-09-15,2026-10-04,False,board went empty,low,the company's whole board came back empty this day -- a failed fetch or a moved board is indistinguishable from closing everything,,,https://sedgwick.wd1.myworkdayjobs.com/Sedgwick/job/Telecommuter-CT/Workers-Compensation-Claims-Examiner---Strong-VT-Jurisdictional-Experience---VT-Licensing-Required---Additional-Jurisdictions--CT--MA--NH--RI_R77788
2026-10-05,closed,sedgwick,sedgwick,token,unverified,workday,Workers Compensation Claims Examiner | VA Jurisdiction Experience Required | Remote,other,unspecified,False,Telecommuter VA,,2026-09-15,2026-10-04,False,board went empty,low,the company's whole board came back empty this day -- a failed fetch or a moved board is indistinguishable from closing everything,,,https://sedgwick.wd1.myworkdayjobs.com/Sedgwick/job/Telecommuter-VA/Workers-Compensation-Claims-Examiner---VA-Jurisdiction-Experience-Required---Remote_R76575
2026-10-05,closed,sedgwick,sedgwick,token,unverified,workday,Workers Compensation Claims Representative | AZ & TN Jurisdictions | Licensing Preferred | Dedicated Client,other,unspecified,False,"Cincinnati, OH",,2026-09-30,2026-10-04,False,board went empty,low,the company's whole board came back empty this day -- a failed fetch or a moved board is indistinguishable from closing everything,,,https://sedgwick.wd1.myworkdayjobs.com/Sedgwick/job/Cincinnati-OH/Workers-Compensation-Claims-Representative---AZ---TN-Jurisdictions---Licensing-Preferred---Dedicated-Client_R78704
2026-10-05,closed,sedgwick,sedgwick,token,unverified,workday,Workers Compensation Claims Representative | Medical Only Workers Compensation | VA Jurisdiction,clinical,unspecified,False,Telecommuter VA,,2026-09-15,2026-10-04,False,board went empty,low,the company's whole board came back empty this day -- a failed fetch or a moved board is indistinguishable from closing everything,,,https://sedgwick.wd1.myworkdayjobs.com/Sedgwick/job/Telecommuter-VA/Workers-Compensation-Claims-Representative---Medical-Only-Workers-Compensation---VA-Jurisdiction_R77436
2026-10-05,closed,sedgwick,sedgwick,token,unverified,workday,Workers Compensation Claims Team Lead | CA or NV license (Remote),other,lead,False,4 Locations,,2026-09-16,2026-10-04,False,board went empty,low,the company's whole board came back empty this day -- a failed fetch or a moved board is indistinguishable from closing everything,,,https://sedgwick.wd1.myworkdayjobs.com/Sedgwick/job/Salt-Lake-City-UT---4800/Workers-Compensation-Claims-Team-Lead---CA-or-NV-license_R77232
2026-10-05,closed,sedgwick,sedgwick,token,unverified,workday,"Workers Compensation Claims Team Lead | Hybrid |Brea, CA",other,lead,False,"Brea, CA",,2026-09-15,2026-10-04,False,board went empty,low,the company's whole board came back empty this day -- a failed fetch or a moved board is indistinguishable from closing everything,,,https://sedgwick.wd1.myworkdayjobs.com/Sedgwick/job/Brea-CA/Workers-Compensation-Claims-Team-Lead---Hybrid--Brea--CA_R76420
2026-10-05,closed,sedgwick,sedgwick,token,unverified,workday,"Workers Compensation Claims Team Lead | Roseville, CA or Long Beach, CA,",other,lead,False,2 Locations,,2026-09-15,2026-10-04,False,board went empty,low,the company's whole board came back empty this day -- a failed fetch or a moved board is indistinguishable from closing everything,,,https://sedgwick.wd1.myworkdayjobs.com/Sedgwick/job/Roseville-CA/Workers-Compensation-Claims-Team-Lead---Roseville--CA-or-Long-Beach--CA-_R75045
2026-10-05,closed,sedgwick,sedgwick,token,unverified,workday,"Workers Compensation Liaison | Phoenix, AZ",other,unspecified,False,"Phoenix, AZ",,2026-09-25,2026-10-04,False,board went empty,low,the company's whole board came back empty this day -- a failed fetch or a moved board is indistinguishable from closing everything,,,https://sedgwick.wd1.myworkdayjobs.com/Sedgwick/job/Phoenix-AZ/Workers-Compensation-Liaison---Phoenix--AZ_R78516
2026-10-05,closed,sedgwick,sedgwick,token,unverified,workday,Workers Compensation Team Lead,other,lead,False,CAN-Telecommute-ON,,2026-10-03,2026-10-04,False,board went empty,low,the company's whole board came back empty this day -- a failed fetch or a moved board is indistinguishable from closing everything,,,https://sedgwick.wd1.myworkdayjobs.com/Sedgwick/job/CAN-Telecommute-ON/Workers-Compensation-Team-Lead_R78851
2026-10-05,closed,sedgwick,sedgwick,token,unverified,workday,Workforce Absence AVP Operations,operations,unspecified,False,"Chicago, IL",,2026-09-15,2026-10-04,False,board went empty,low,the company's whole board came back empty this day -- a failed fetch or a moved board is indistinguishable from closing everything,,,https://sedgwick.wd1.myworkdayjobs.com/Sedgwick/job/Chicago-IL/AVP-Operations_R76401
2026-10-05,closed,sedgwick,sedgwick,token,unverified,workday,Workforce Absence Client Services,other,unspecified,False,,,2026-09-15,2026-10-04,False,board went empty,low,the company's whole board came back empty this day -- a failed fetch or a moved board is indistinguishable from closing everything,,,https://sedgwick.wd1.myworkdayjobs.com/Sedgwick/job/Dir-Client-Services---Workforce-Absence_R76623
2026-10-05,closed,sedgwick,sedgwick,token,unverified,workday,Workforce Absence Operations Manager,operations,manager,True,,,2026-09-15,2026-10-04,False,board went empty,low,the company's whole board came back empty this day -- a failed fetch or a moved board is indistinguishable from closing everything,,,https://sedgwick.wd1.myworkdayjobs.com/Sedgwick/job/Workforce-Absence-Operations-Manager_R77516-1
2026-10-05,closed,sedgwick,sedgwick,token,unverified,workday,Workforce Absence Operations Manager,operations,manager,True,2 Locations,,2026-09-15,2026-10-04,False,board went empty,low,the company's whole board came back empty this day -- a failed fetch or a moved board is indistinguishable from closing everything,,,https://sedgwick.wd1.myworkdayjobs.com/Sedgwick/job/Chicago-IL---Jackson/Operations-Manager_R74797
2026-10-05,closed,sedgwick,sedgwick,token,unverified,workday,Workforce Absence Operations Manager,operations,manager,True,"West Hills, CA",,2026-09-15,2026-10-04,False,board went empty,low,the company's whole board came back empty this day -- a failed fetch or a moved board is indistinguishable from closing everything,,,https://sedgwick.wd1.myworkdayjobs.com/Sedgwick/job/West-Hills-CA/Workforce-Absence-Operations-Manager_R78201
2026-10-05,closed,sedgwick,sedgwick,token,unverified,workday,Workforce Absence Payroll Coordinator,other,unspecified,False,3 Locations,,2026-09-15,2026-10-04,False,board went empty,low,the company's whole board came back empty this day -- a failed fetch or a moved board is indistinguishable from closing everything,,,https://sedgwick.wd1.myworkdayjobs.com/Sedgwick/job/Dubuque-IA/Workforce-Absence-Payroll-Coordinator_R78049
2026-10-05,closed,sedgwick,sedgwick,token,unverified,workday,Workforce Absence Team Lead,other,lead,False,5 Locations,,2026-09-15,2026-10-04,False,board went empty,low,the company's whole board came back empty this day -- a failed fetch or a moved board is indistinguishable from closing everything,,,https://sedgwick.wd1.myworkdayjobs.com/Sedgwick/job/Dublin-OH/Workforce-Absence-Team-Lead_R76858
2026-10-05,closed,sedgwick,sedgwick,token,unverified,workday,Workforce Absence Team Lead,other,lead,False,"Eden Prairie, MN",,2026-09-25,2026-10-04,False,board went empty,low,the company's whole board came back empty this day -- a failed fetch or a moved board is indistinguishable from closing everything,,,https://sedgwick.wd1.myworkdayjobs.com/Sedgwick/job/Eden-Prairie-MN/Workforce-Absence-Team-Lead_R78467
2026-10-05,closed,sedgwick,sedgwick,token,unverified,workday,Workforce Absence Team Lead,other,lead,False,"Dublin, OH",,2026-09-15,2026-10-04,False,board went empty,low,the company's whole board came back empty this day -- a failed fetch or a moved board is indistinguishable from closing everything,,,https://sedgwick.wd1.myworkdayjobs.com/Sedgwick/job/Dublin-OH/Workforce-Absence-Team-Lead_R78453-1
2026-10-05,closed,sedgwick,sedgwick,token,unverified,workday,Workforce Absence Team Lead - Claims Assistant Team,other,lead,False,"Dubuque, IA",,2026-10-01,2026-10-04,False,board went empty,low,the company's whole board came back empty this day -- a failed fetch or a moved board is indistinguishable from closing everything,,,https://sedgwick.wd1.myworkdayjobs.com/Sedgwick/job/Dubuque-IA/Workforce-Absence-Team-Lead---Claims-Assistant-Team_R78402
2026-10-05,closed,sedgwick,sedgwick,token,unverified,workday,Workforce Absence Team Lead Sr,other,senior,False,3 Locations,,2026-09-15,2026-10-04,False,board went empty,low,the company's whole board came back empty this day -- a failed fetch or a moved board is indistinguishable from closing everything,,,https://sedgwick.wd1.myworkdayjobs.com/Sedgwick/job/Dublin-OH/Workforce-Absence-Team-Lead-Sr_R77063
2026-10-05,closed,sedgwick,sedgwick,token,unverified,workday,Workforce Absence Team Lead Sr,other,senior,False,"Dublin, OH",,2026-09-25,2026-10-04,False,board went empty,low,the company's whole board came back empty this day -- a failed fetch or a moved board is indistinguishable from closing everything,,,https://sedgwick.wd1.myworkdayjobs.com/Sedgwick/job/Dublin-OH/Workforce-Absence-Team-Lead-Sr_R78273-1
2026-10-05,closed,sedgwick,sedgwick,token,unverified,workday,Workforce Absence Team Lead Sr,other,senior,False,"West Hills, CA",,2026-09-22,2026-10-04,False,board went empty,low,the company's whole board came back empty this day -- a failed fetch or a moved board is indistinguishable from closing everything,,,https://sedgwick.wd1.myworkdayjobs.com/Sedgwick/job/West-Hills-CA/Workforce-Absence-Team-Lead-Sr_R78197
2026-10-05,closed,sedgwick,sedgwick,token,unverified,workday,"⭐ Discover Your Future at Sedgwick: Open House Hiring Event -Dublin,  Oct, 14th🌟",other,unspecified,False,"Dublin, OH",,2026-10-02,2026-10-04,False,board went empty,low,the company's whole board came back empty this day -- a failed fetch or a moved board is indistinguishable from closing everything,,,https://sedgwick.wd1.myworkdayjobs.com/Sedgwick/job/Dublin-OH/XMLNAME---Discover-Your-Future-at-Sedgwick--Open-House-Hiring-Event--Dublin---Oct--14th--_R78862
2026-10-05,closed,sedgwick,sedgwick,token,unverified,workday,"🌟 Kirkwood Center Career Event | Meet, Interview, and Grow with Sedgwick",other,unspecified,False,2 Locations,,2026-09-16,2026-10-04,False,board went empty,low,the company's whole board came back empty this day -- a failed fetch or a moved board is indistinguishable from closing everything,,,https://sedgwick.wd1.myworkdayjobs.com/Sedgwick/job/Coralville-IA---Ridgeway/XMLNAME----Kirkwood-Center-Career-Event---Meet--Interview--and-Grow-with-Sedgwick_R78151
2026-10-05,closed,sedgwick,sedgwick,token,unverified,workday,🌟 Sedgwick Dubuque Open House Hiring Event: Meet Your Future Team & Launch Your Career! 🌟,other,unspecified,False,"Dubuque, IA",,2026-09-18,2026-10-04,False,board went empty,low,the company's whole board came back empty this day -- a failed fetch or a moved board is indistinguishable from closing everything,,,https://sedgwick.wd1.myworkdayjobs.com/Sedgwick/job/Dubuque-IA/XMLNAME----Sedgwick-Dubuque-Open-House-Hiring-Event--Meet-Your-Future-Team---Launch-Your-Career----_R78258
2026-10-05,closed,sedgwick,sedgwick,token,unverified,workday,🌟 Sedgwick Irving Open House Hiring Event: Meet Your Future Team & Launch Your Career! 🌟,other,unspecified,False,"Irving, TX",,2026-09-22,2026-10-04,False,board went empty,low,the company's whole board came back empty this day -- a failed fetch or a moved board is indistinguishable from closing everything,,,https://sedgwick.wd1.myworkdayjobs.com/Sedgwick/job/Irving-TX/XMLNAME----Sedgwick-Irving-Open-House-Hiring-Event--Meet-Your-Future-Team---Launch-Your-Career----_R78384
2026-10-05,closed,sedgwick,sedgwick,token,unverified,workday,🌟 Sedgwick Orlando Open House Hiring Event: Meet Your Future Team & Launch Your Career! 🌟,other,unspecified,False,"Orlando, FL",,2026-09-23,2026-10-04,False,board went empty,low,the company's whole board came back empty this day -- a failed fetch or a moved board is indistinguishable from closing everything,,,https://sedgwick.wd1.myworkdayjobs.com/Sedgwick/job/Orlando-FL/XMLNAME----Sedgwick-Orlando-Open-House-Hiring-Event--Meet-Your-Future-Team---Launch-Your-Career----_R78432
2026-10-05,closed,sedgwick,sedgwick,token,unverified,workday,🌟 Your Next Career Starts Here! Join Sedgwick's Eden Prairie Open House Hiring Event 🌟,other,unspecified,False,"Eden Prairie, MN",,2026-09-24,2026-10-04,False,board went empty,low,the company's whole board came back empty this day -- a failed fetch or a moved board is indistinguishable from closing everything,,,https://sedgwick.wd1.myworkdayjobs.com/Sedgwick/job/Eden-Prairie-MN/XMLNAME----Your-Next-Career-Starts-Here--Join-Sedgwick-s-Eden-Prairie-Open-House-Hiring-Event---_R78498
2026-10-05,closed,semperis,semperis,token,unverified,ashby,"Associate VP, Customer Success - Americas ",support,vp,True,USA,Customer Success,2026-09-15,2026-10-04,False,,medium,ashby publishes no count; whole board returned in one call,,,https://jobs.ashbyhq.com/semperis/f9d94abc-6bf3-45da-8995-d41b09db5342
2026-10-05,closed,seon,seon,token,unverified,ashby,Workplace Front Desk Coordinator (Part -Time),other,unspecified,False,Budapest,Operations,2026-09-15,2026-10-04,False,,medium,ashby publishes no count; whole board returned in one call,,,https://jobs.ashbyhq.com/seon/bd77dc2f-e4ef-4403-98a9-fb1eb04c39a5
2026-10-05,closed,seqera.io,seqera.io,token,unverified,ashby,Senior DevOps Engineer,engineering,senior,False,Barcelona (Spain),Engineering,2026-09-15,2026-10-04,False,,medium,ashby publishes no count; whole board returned in one call,,,https://jobs.ashbyhq.com/seqera.io/9fc52e7a-e843-4b82-a573-b4280dd3c6f9
2026-10-05,closed,sfg20,sfg20,token,unverified,ashby,Product Business Analyst,data,unspecified,False,Remote UK - North,Technology ,2026-10-02,2026-10-04,False,,medium,ashby publishes no count; whole board returned in one call,,,https://jobs.ashbyhq.com/sfg20/7c3cb93f-6b52-4741-a065-819aa5d9a5ae
2026-10-05,closed,skylo,skylo,token,unverified,ashby,Staff Wireless Systems Engineer,engineering,staff,False,"Espoo, Finland",Engineering,2026-09-15,2026-10-04,False,,medium,ashby publishes no count; whole board returned in one call,,,https://jobs.ashbyhq.com/skylo/42edf57b-f8b3-4657-af92-788597458fb6
2026-10-05,closed,skyportsdeliveries-limited,skyportsdeliveries-limited,token,unverified,rippling,Tech Ops Lead - GIS & Data,other,lead,False,"London, United Kingdom; Aylesbury, United Kingdom",Technology (Drones),2026-09-16,2026-10-04,False,,medium,rippling publishes no count; whole board returned in one call,,,https://ats.rippling.com/skyportsdeliveries-limited/jobs/087d2e1c-2594-4b71-b799-ec16d9f2f516
2026-10-05,closed,skyportsdeliveries-limited,skyportsdeliveries-limited,token,unverified,rippling,flight Operations Manager - Drone Services,operations,manager,True,"Aylesbury, United Kingdom",Flight Operations (Drones),2026-09-15,2026-10-04,False,,medium,rippling publishes no count; whole board returned in one call,,,https://ats.rippling.com/skyportsdeliveries-limited/jobs/e1e4b94f-14c1-4e44-8179-a643d3d53b99
2026-10-05,closed,somnia,somnia,token,unverified,ashby,Head of Marketing,marketing,lead,True,Remote,Marketing,2026-09-15,2026-10-04,False,,medium,ashby publishes no count; whole board returned in one call,,,https://jobs.ashbyhq.com/somnia/bc633266-3ac1-43c5-b15d-46145cff766c
2026-10-05,closed,spaitial,spaitial,token,unverified,ashby,Technical Artist,other,unspecified,False,London,Engineering,2026-09-15,2026-10-04,False,,medium,ashby publishes no count; whole board returned in one call,,,https://jobs.ashbyhq.com/spaitial/0ad57fb1-3181-4428-afa1-ef64fb5581fc
2026-10-05,closed,span,span,token,unverified,ashby,QA Engineer,engineering,unspecified,False,Bengaluru,Software Engineering,2026-09-15,2026-10-04,False,,medium,ashby publishes no count; whole board returned in one call,,,https://jobs.ashbyhq.com/span/54713b31-a4cb-47a7-952f-f13f6418b9bf
2026-10-05,closed,span,span,token,unverified,ashby,Test Architect,other,unspecified,False,Bengaluru,Software Engineering,2026-09-15,2026-10-04,False,,medium,ashby publishes no count; whole board returned in one call,,,https://jobs.ashbyhq.com/span/52fddd51-484e-4cd8-b4e4-c428ea5d61bd
2026-10-05,closed,speedlinehub,speedlinehub,token,unverified,recruitee,B2B Sales Executive,sales,unspecified,False,Remote job,,2026-09-15,2026-10-04,False,,medium,recruitee publishes no count; whole board returned in one call,,,https://speedlinehub.recruitee.com/o/b2b-sales-executive
2026-10-05,closed,sproutsocial,sproutsocial,token,unverified,unknown,Senior Software Engineer (Platform/Scala) ,engineering,senior,False,Remote Poland,Engineering,2026-09-15,2026-10-04,False,,low,"source platform could not be identified from the posting URL, so completeness cannot be assessed",,,https://sproutsocial.com/careers/open-positions/8164041?gh_jid=8164041
2026-10-05,closed,stelz,stelz,token,unverified,recruitee,Procurement Manager,operations,manager,True,"Amsterdam, Noord-Holland, Nederland",Sales,2026-09-15,2026-10-04,False,,medium,recruitee publishes no count; whole board returned in one call,,,https://stelz.recruitee.com/o/procurement-manager
2026-10-05,closed,stem-inc,stem-inc,token,unverified,rippling,"Working Student, People & Talent Operations (m/f/d)",people,unspecified,False,"Berlin, Germany",Human Resources,2026-09-15,2026-10-04,False,,medium,rippling publishes no count; whole board returned in one call,,,https://ats.rippling.com/stem-inc/jobs/55a8f43a-226d-4961-9beb-3044736c06d6
2026-10-05,closed,stepful,stepful,token,unverified,ashby,Senior Product Engineer 1,engineering,senior,False,New York City,Engineering,2026-09-15,2026-10-04,False,,medium,ashby publishes no count; whole board returned in one call,,,https://jobs.ashbyhq.com/stepful/06376db3-9192-4ff4-bcbc-6635a878ed81
2026-10-05,closed,stepful,stepful,token,unverified,ashby,Senior Product Engineer 2,engineering,senior,False,New York City,Engineering,2026-09-15,2026-10-04,False,,medium,ashby publishes no count; whole board returned in one call,,,https://jobs.ashbyhq.com/stepful/128da2c1-041e-41ab-a82a-5bb95e766f76
2026-10-05,closed,stepful,stepful,token,unverified,ashby,Senior Software Engineer 1,engineering,senior,False,New York City,Engineering,2026-09-15,2026-10-04,False,,medium,ashby publishes no count; whole board returned in one call,,,https://jobs.ashbyhq.com/stepful/0441f421-a1b2-4561-9284-50e0621db3ba
2026-10-05,closed,stepful,stepful,token,unverified,ashby,Senior Software Engineer 2,engineering,senior,False,New York City,Engineering,2026-09-15,2026-10-04,False,,medium,ashby publishes no count; whole board returned in one call,,,https://jobs.ashbyhq.com/stepful/227ebf1e-4d95-46cb-9b52-f7e6677db180
2026-10-05,closed,stepful,stepful,token,unverified,ashby,Staff Product Engineer 1,engineering,staff,False,New York City,Engineering,2026-09-15,2026-10-04,False,,medium,ashby publishes no count; whole board returned in one call,,,https://jobs.ashbyhq.com/stepful/10cb2e4c-acb5-43d2-b3ae-56fa296a1125
2026-10-05,closed,stepful,stepful,token,unverified,ashby,Staff Software Engineer 1,engineering,staff,False,New York City,Engineering,2026-09-15,2026-10-04,False,,medium,ashby publishes no count; whole board returned in one call,,,https://jobs.ashbyhq.com/stepful/1bcc5add-aebd-46c8-8bcc-3bcf60dda70e
2026-10-05,closed,stercom-power-solutions-gmbh,stercom-power-solutions-gmbh,token,unverified,personio,Ausbildung Elektroniker f. Geräte und Systeme (m/w/d),other,unspecified,False,Weyarn,E-Mobility,2026-09-15,2026-10-04,False,,medium,personio publishes no count; whole board returned in one call,,,https://stercom-power-solutions-gmbh.jobs.personio.de/job/1325596
2026-10-05,closed,stvdbrink,stvdbrink,token,unverified,recruitee,Chef werkplaats Apeldoorn,operations,unspecified,False,"Apeldoorn, Gelderland, Nederland",Wagenpark / Werkplaats / Wasstraat,2026-10-02,2026-10-04,False,,medium,recruitee publishes no count; whole board returned in one call,,,https://stvdbrink.recruitee.com/o/chef-werkplaats-apeldoorn
2026-10-05,closed,sunday-natural,sunday-natural,token,unverified,ashby,Influencer Marketing & Partnerships Lead (all genders) - Yoshi en,marketing,lead,False,Berlin,Marketing,2026-09-15,2026-10-04,False,,medium,ashby publishes no count; whole board returned in one call,,,https://jobs.ashbyhq.com/sunday-natural/676dac92-22e6-4ec2-980f-d05023502ea1
2026-10-05,closed,sunday-natural,sunday-natural,token,unverified,ashby,Packaging Designer (all genders),design,unspecified,False,Berlin,Marketing,2026-09-15,2026-10-04,False,,medium,ashby publishes no count; whole board returned in one call,,,https://jobs.ashbyhq.com/sunday-natural/e8cae221-9f88-41b3-9e7e-055d7c85c8e6
2026-10-05,closed,sunday-natural,sunday-natural,token,unverified,ashby,Senior Cosmetics Regulatory Manager (all genders),other,senior,True,Berlin,Legal,2026-09-15,2026-10-04,False,,medium,ashby publishes no count; whole board returned in one call,,,https://jobs.ashbyhq.com/sunday-natural/ab7a71ca-44b0-49a5-a56d-cc0306726c1a
2026-10-05,closed,sunday-natural,sunday-natural,token,unverified,ashby,Working Student Supply Planning (all genders),other,unspecified,False,Berlin,Operations,2026-09-15,2026-10-04,False,,medium,ashby publishes no count; whole board returned in one call,,,https://jobs.ashbyhq.com/sunday-natural/0d3835b0-8f93-4352-9028-b5f4c380bf9e
2026-10-05,closed,supercell,supercell,token,unverified,ashby,Feature Lead,other,lead,False,Helsinki,Live Games,2026-09-15,2026-10-04,False,,medium,ashby publishes no count; whole board returned in one call,,,https://jobs.ashbyhq.com/supercell/8d605b68-a90c-472a-837f-697e319fdcb9
2026-10-05,closed,supermetrics,supermetrics,token,unverified,unknown,Senior Web Engineer,engineering,senior,False,Amsterdam; Dublin; Helsinki HQ; United Kingdom,Marketing,2026-09-15,2026-10-04,False,,low,"source platform could not be identified from the posting URL, so completeness cannot be assessed",,,https://supermetrics.com/careers/jobs/4846943101?gh_jid=4846943101
2026-10-05,closed,surgimate,surgimate,token,unverified,ashby,Account Executive,sales,unspecified,False,USA - Remote,Growth,2026-09-15,2026-10-04,False,,medium,ashby publishes no count; whole board returned in one call,,,https://jobs.ashbyhq.com/surgimate/4264e1ca-1e19-4e77-a467-376748b6ab6a
2026-10-05,closed,swissbit,swissbit,token,unverified,personio,Process Engineer Packaging (m/f/d),engineering,unspecified,False,DE-Berlin,APATS,2026-09-15,2026-10-04,False,,medium,personio publishes no count; whole board returned in one call,,,https://swissbit.jobs.personio.de/job/2676184
2026-10-05,closed,synapseanalytics,synapseanalytics,token,unverified,recruitee,Product Owner - Azka Vision,product,unspecified,False,"Maadi, Al Qāhirah, Egypt",Product,2026-09-15,2026-10-04,False,,medium,recruitee publishes no count; whole board returned in one call,,,https://synapseanalytics.recruitee.com/o/product-owner-azka-vision-3
2026-10-05,closed,tandler,tandler,token,unverified,personio,Fachkraft Getriebemontage (m/w/d),other,unspecified,False,Bremen Tandler,Montage,2026-09-15,2026-10-04,False,,medium,personio publishes no count; whole board returned in one call,,,https://tandler.jobs.personio.de/job/2781636
2026-10-05,closed,taxfix.com,taxfix.com,token,unverified,ashby,Head of Financial Systems Transformation,other,lead,True,Berlin,Finance,2026-09-15,2026-10-04,False,,medium,ashby publishes no count; whole board returned in one call,,,https://jobs.ashbyhq.com/taxfix.com/c76c0851-9b46-4e84-88e3-234c632bdc50
2026-10-05,closed,televic,televic,token,unverified,recruitee,IT Support Specialist,support,unspecified,False,"Izegem, West-Vlaanderen, Belgium",IT,2026-09-15,2026-10-04,False,,medium,recruitee publishes no count; whole board returned in one call,,,https://televic.recruitee.com/o/it-support-specialist
2026-10-05,closed,telluride,telluride,token,unverified,personio,Kommunikationsstarke:r Akquise Manager:in,other,manager,True,Berlin,Marketing,2026-09-15,2026-10-04,False,,medium,personio publishes no count; whole board returned in one call,,,https://telluride.jobs.personio.de/job/1166865
2026-10-05,closed,tem,tem,token,unverified,ashby,Video Lead ,other,lead,False,United Kingdom,Design,2026-09-25,2026-10-04,False,,medium,ashby publishes no count; whole board returned in one call,,,https://jobs.ashbyhq.com/tem/432f7c76-a032-43da-8c6e-49025d790d61
2026-10-05,closed,the-global-talent-co,the-global-talent-co,token,unverified,ashby,German-Speaking Affiliate & Partnerships Manager,other,manager,True,Kenya,Business Development & More,2026-09-25,2026-10-04,False,,medium,ashby publishes no count; whole board returned in one call,,,https://jobs.ashbyhq.com/the-global-talent-co/84df7024-a492-4d8b-ab24-9c6cb69ae980
2026-10-05,closed,the-global-talent-co,the-global-talent-co,token,unverified,ashby,German-Speaking Business Development Agent (Partnerships & Affiliate),sales,unspecified,False,Kenya,Business Development & More,2026-09-25,2026-10-04,False,,medium,ashby publishes no count; whole board returned in one call,,,https://jobs.ashbyhq.com/the-global-talent-co/60156028-57dd-4313-9254-9ffb84b02109
2026-10-05,closed,theaterbremen,theaterbremen,token,unverified,personio,Technische:n Leiter:in für das Junge Theater (m/w/d),other,unspecified,False,Bremen,Junge Akteure,2026-09-15,2026-10-04,False,,medium,personio publishes no count; whole board returned in one call,,,https://theaterbremen.jobs.personio.de/job/2788917
2026-10-05,closed,thedoulanetwork,thedoulanetwork,token,unverified,greenhouse,Doula (Arizona),other,unspecified,False,"Arizona, USA",Doula Network (1099 Contract),2026-09-15,2026-10-04,False,board went empty,low,the company's whole board came back empty this day -- a failed fetch or a moved board is indistinguishable from closing everything,,,https://job-boards.greenhouse.io/thedoulanetwork/jobs/6146580004
2026-10-05,closed,thedoulanetwork,thedoulanetwork,token,unverified,greenhouse,Doula (California),other,unspecified,False,"California, USA",Doula Network (1099 Contract),2026-09-15,2026-10-04,False,board went empty,low,the company's whole board came back empty this day -- a failed fetch or a moved board is indistinguishable from closing everything,,,https://job-boards.greenhouse.io/thedoulanetwork/jobs/5972746004
2026-10-05,closed,thedoulanetwork,thedoulanetwork,token,unverified,greenhouse,Doula (Florida),other,unspecified,False,"Florida, USA",Doula Network (1099 Contract),2026-09-15,2026-10-04,False,board went empty,low,the company's whole board came back empty this day -- a failed fetch or a moved board is indistinguishable from closing everything,,,https://job-boards.greenhouse.io/thedoulanetwork/jobs/5973595004
2026-10-05,closed,thedoulanetwork,thedoulanetwork,token,unverified,greenhouse,Doula (Future Opportunities),other,unspecified,False,United States,Doula Network (1099 Contract),2026-09-15,2026-10-04,False,board went empty,low,the company's whole board came back empty this day -- a failed fetch or a moved board is indistinguishable from closing everything,,,https://job-boards.greenhouse.io/thedoulanetwork/jobs/5978166004
2026-10-05,closed,thedoulanetwork,thedoulanetwork,token,unverified,greenhouse,Doula (Georgia),other,unspecified,False,"Georgia, USA",Doula Network (1099 Contract),2026-09-15,2026-10-04,False,board went empty,low,the company's whole board came back empty this day -- a failed fetch or a moved board is indistinguishable from closing everything,,,https://job-boards.greenhouse.io/thedoulanetwork/jobs/6146582004
2026-10-05,closed,thedoulanetwork,thedoulanetwork,token,unverified,greenhouse,Doula (Kansas),other,unspecified,False,"Kansas, USA",Doula Network (1099 Contract),2026-09-15,2026-10-04,False,board went empty,low,the company's whole board came back empty this day -- a failed fetch or a moved board is indistinguishable from closing everything,,,https://job-boards.greenhouse.io/thedoulanetwork/jobs/5973808004
2026-10-05,closed,thedoulanetwork,thedoulanetwork,token,unverified,greenhouse,Doula (Missouri),other,unspecified,False,"Missouri, USA",Doula Network (1099 Contract),2026-09-15,2026-10-04,False,board went empty,low,the company's whole board came back empty this day -- a failed fetch or a moved board is indistinguishable from closing everything,,,https://job-boards.greenhouse.io/thedoulanetwork/jobs/5972836004
2026-10-05,closed,thedoulanetwork,thedoulanetwork,token,unverified,greenhouse,Doula (Nevada),other,unspecified,False,"Nevada, USA",Doula Network (1099 Contract),2026-09-16,2026-10-04,False,board went empty,low,the company's whole board came back empty this day -- a failed fetch or a moved board is indistinguishable from closing everything,,,https://job-boards.greenhouse.io/thedoulanetwork/jobs/6193661004
2026-10-05,closed,thedoulanetwork,thedoulanetwork,token,unverified,greenhouse,Doula (New York),other,unspecified,False,"New York, USA",Doula Network (1099 Contract),2026-09-15,2026-10-04,False,board went empty,low,the company's whole board came back empty this day -- a failed fetch or a moved board is indistinguishable from closing everything,,,https://job-boards.greenhouse.io/thedoulanetwork/jobs/5920337004
2026-10-05,closed,thedoulanetwork,thedoulanetwork,token,unverified,greenhouse,Doula (Oklahoma),other,unspecified,False,"Oklahoma, USA",Doula Network (1099 Contract),2026-09-15,2026-10-04,False,board went empty,low,the company's whole board came back empty this day -- a failed fetch or a moved board is indistinguishable from closing everything,,,https://job-boards.greenhouse.io/thedoulanetwork/jobs/5993236004
2026-10-05,closed,thedoulanetwork,thedoulanetwork,token,unverified,greenhouse,Doula (Pennsylvania),other,unspecified,False,"Pennsylvania, USA",Doula Network (1099 Contract),2026-09-15,2026-10-04,False,board went empty,low,the company's whole board came back empty this day -- a failed fetch or a moved board is indistinguishable from closing everything,,,https://job-boards.greenhouse.io/thedoulanetwork/jobs/5972808004
2026-10-05,closed,thedoulanetwork,thedoulanetwork,token,unverified,greenhouse,Doula (South Carolina),other,unspecified,False,South Carolina,Doula Network (1099 Contract),2026-09-15,2026-10-04,False,board went empty,low,the company's whole board came back empty this day -- a failed fetch or a moved board is indistinguishable from closing everything,,,https://job-boards.greenhouse.io/thedoulanetwork/jobs/6139978004
2026-10-05,closed,thedoulanetwork,thedoulanetwork,token,unverified,greenhouse,Doula (Virginia),other,unspecified,False,"Virginia, USA",Doula Network (1099 Contract),2026-09-15,2026-10-04,False,board went empty,low,the company's whole board came back empty this day -- a failed fetch or a moved board is indistinguishable from closing everything,,,https://job-boards.greenhouse.io/thedoulanetwork/jobs/5919921004
2026-10-05,closed,thought-machine,thought-machine,token,unverified,ashby,Sales Director (Spanish Speaking),sales,director,True,"United States, Florida, Miami",Commercial,2026-09-15,2026-10-04,False,,medium,ashby publishes no count; whole board returned in one call,,,https://jobs.ashbyhq.com/thought-machine/d415ae62-6449-42ea-8434-5db003b3a2b8
2026-10-05,closed,thrill-labs,thrill-labs,token,unverified,ashby,Data Warehouse Engineer,engineering,unspecified,False,Remote from EU,Engineering,2026-09-15,2026-10-04,False,,medium,ashby publishes no count; whole board returned in one call,,,https://jobs.ashbyhq.com/thrill-labs/3770eb24-2499-4974-8e40-c3e76c35e456
2026-10-05,closed,tipalti,tipalti,token,unverified,unknown,Applied AI Scientist   ,other,unspecified,False,"Tel Aviv District, Israel",Finance,2026-09-15,2026-10-04,False,,low,"source platform could not be identified from the posting URL, so completeness cannot be assessed",,,https://tipalti.com/jobs/?gh_jid=6201950004
2026-10-05,closed,tomtom,tomtom,token,unverified,lever,Customer Program Manager,other,manager,True,"Shanghai, China",PP Customer Experience,2026-09-15,2026-10-04,False,,medium,lever publishes no count; whole board returned in one call,,,https://jobs.eu.lever.co/tomtom/ce9edf99-cdba-440c-9dd3-53e0b92caf75
2026-10-05,closed,tonies,tonies,token,unverified,personio,Senior Strategic Direct Procurement Buyer (all genders),operations,senior,False,Düsseldorf,Global Procurement,2026-09-15,2026-10-04,False,,medium,personio publishes no count; whole board returned in one call,,,https://tonies.jobs.personio.de/job/2712125
2026-10-05,closed,traderepublic,traderepublic,token,unverified,unknown,Legal Working Student,legal,unspecified,False,Headquarter,Legal,2026-09-15,2026-10-04,False,,low,"source platform could not be identified from the posting URL, so completeness cannot be assessed",,,https://traderepublic.com/en-de/about?jobId=7728234003&gh_jid=7728234003
2026-10-05,closed,trimetis,trimetis,token,unverified,recruitee,SAP Consultant,other,unspecified,False,Remote job,Application Services Egypt,2026-09-15,2026-10-04,False,,medium,recruitee publishes no count; whole board returned in one call,,,https://trimetis.recruitee.com/o/sap-consultant
2026-10-05,closed,triumph-arcade,triumph-arcade,token,unverified,ashby,Head of Real Estate & Facilities,other,lead,True,Mountain View,Operations,2026-09-15,2026-10-04,False,,medium,ashby publishes no count; whole board returned in one call,,,https://jobs.ashbyhq.com/triumph-arcade/04798d45-cd47-4b05-b660-9c0bdd1d0aff
2026-10-05,closed,trustedshops,trustedshops,token,unverified,recruitee,Senior Product Performance Analyst (m/f/d),data,senior,False,Remote job,Tech,2026-09-15,2026-10-04,False,,medium,recruitee publishes no count; whole board returned in one call,,,https://trustedshops.recruitee.com/o/senior-product-performance-analyst-mfd
2026-10-05,closed,trustedshops,trustedshops,token,unverified,recruitee,Technical Project Manager (m/f/d),other,manager,True,"Cologne, Nordrhein-Westfalen, Germany",Tech,2026-09-17,2026-10-04,False,,medium,recruitee publishes no count; whole board returned in one call,,,https://trustedshops.recruitee.com/o/technical-project-manager-mfd
2026-10-05,closed,turquoise-health,turquoise-health,token,unverified,ashby,"Senior Enterprise Account Executive, Provider Sales",sales,senior,False,Remote,Sales,2026-09-15,2026-10-04,False,,medium,ashby publishes no count; whole board returned in one call,,,https://jobs.ashbyhq.com/turquoise-health/44caa92a-0481-411e-8fbc-94cb68d0208e
2026-10-05,closed,unitedalsaqergroup,unitedalsaqergroup,token,unverified,recruitee,Carpenter - ASPM,other,unspecified,False,"Abu Dhabi, Abu Dhabi, United Arab Emirates",Al Saqr Property Management,2026-09-17,2026-10-04,False,,medium,recruitee publishes no count; whole board returned in one call,,,https://unitedalsaqergroup.recruitee.com/o/carpenter-6
2026-10-05,closed,unlimited-tech-solutions,unlimited-tech-solutions,token,unverified,rippling,Project Delivery Manager,other,manager,True,"Tarpon Springs, FL",Delivery Management,2026-09-15,2026-10-04,False,,medium,rippling publishes no count; whole board returned in one call,,,https://ats.rippling.com/unlimited-tech-solutions/jobs/5b464a89-df77-4f7b-a20e-41da34bc2bea
2026-10-05,closed,vacatures,vacatures,token,unverified,unknown,Fine dining | Gastvrouw/Gastheer | Huisje James (24-38 uur),other,unspecified,False,"Ugchelen, Gelderland, Nederland",Huisje James,2026-09-15,2026-10-04,False,,low,"source platform could not be identified from the posting URL, so completeness cannot be assessed",,,https://vacatures.vandervalkapeldoorn.nl/o/fine-dining-gastvrouwgastheer-huisje-james-24-38-uur
2026-10-05,closed,vacatures,vacatures,token,unverified,unknown,Restaurantmedewerker | Fine dining Huisje James | Full time,operations,unspecified,False,"Ugchelen, Gelderland, Nederland",Huisje James,2026-09-15,2026-10-04,False,,low,"source platform could not be identified from the posting URL, so completeness cannot be assessed",,,https://vacatures.vandervalkapeldoorn.nl/o/restaurantmedewerker-fine-dining-huisje-james-full-time
2026-10-05,closed,vacatures,vacatures,token,unverified,unknown,Restaurantmedewerker | Fine dining Huisje James | Weekendkracht,operations,unspecified,False,"Ugchelen, Gelderland, Nederland",Huisje James,2026-09-15,2026-10-04,False,,low,"source platform could not be identified from the posting URL, so completeness cannot be assessed",,,https://vacatures.vandervalkapeldoorn.nl/o/restaurantmedewerker-fine-dining-huisje-james-weekendkracht
2026-10-05,closed,vacatures,vacatures,token,unverified,unknown,Sous-chefkok - Van der Valk Theaterhotel Almelo,operations,unspecified,False,"Almelo, Overijssel, Nederland",Keuken,2026-09-15,2026-10-04,False,,low,"source platform could not be identified from the posting URL, so completeness cannot be assessed",,,https://vacatures.theaterhotel.nl/o/sous-chefkok-van-der-valk-theaterhotel-almelo
2026-10-05,closed,vacatures,vacatures,token,unverified,unknown,Verzorgende IG of verpleegkundige (ELV),other,unspecified,False,"Dronten, Flevoland, Nederland",Welzijn & zorg,2026-09-15,2026-10-04,False,,low,"source platform could not be identified from the posting URL, so completeness cannot be assessed",,,https://vacatures.coloriet.nl/o/verzorgende-ig-of-verpleegkundige-elv
2026-10-05,closed,vacatures,vacatures,token,unverified,unknown,Wijkverpleegkundige wijkteam Lelystad,other,unspecified,False,"Lelystad, Flevoland, Nederland",Welzijn & zorg,2026-09-15,2026-10-04,False,,low,"source platform could not be identified from the posting URL, so completeness cannot be assessed",,,https://vacatures.coloriet.nl/o/wijkverpleegkundige-wijkteam-lelystad
2026-10-05,closed,vertice,vertice,token,unverified,ashby,Enterprise Account Executive - France,sales,unspecified,False,Paris ,Sales,2026-09-15,2026-10-04,False,,medium,ashby publishes no count; whole board returned in one call,,,https://jobs.ashbyhq.com/vertice/6d711f8e-df17-4a65-ae9b-8c14a344bd83
2026-10-05,closed,vertigis,vertigis,token,unverified,recruitee,Verksamhetskonsult inom ekonomi och VA,other,unspecified,False,"Staffanstorp, Skåne län, Schweden",Professional Service,2026-09-17,2026-10-04,False,,medium,recruitee publishes no count; whole board returned in one call,,,https://vertigis.recruitee.com/o/verksamhetskonsult-inom-ekonomi-och-va
2026-10-05,closed,videa.ai,videa.ai,token,unverified,ashby,People Ops Generalist,people,unspecified,False,Boston or Remote,People & Talent,2026-09-21,2026-10-04,False,,medium,ashby publishes no count; whole board returned in one call,,,https://jobs.ashbyhq.com/videa.ai/29185049-cacd-4681-ba81-eaa9a827b049
2026-10-05,closed,vilgain,vilgain,token,unverified,recruitee,Senior Product Designer — Consumer Mobile & Commerce,product,senior,False,Remote job,DEV,2026-09-16,2026-10-04,False,,medium,recruitee publishes no count; whole board returned in one call,,,https://vilgain.recruitee.com/o/senior-product-designer-consumer-mobile-commerce
2026-10-05,closed,vistar,vistar,token,unverified,ashby,"Country Manager, DACH",other,manager,True,Hamburg,Sales,2026-09-15,2026-10-04,False,,medium,ashby publishes no count; whole board returned in one call,,,https://jobs.ashbyhq.com/vistar/971e65b6-bce8-4053-bd04-d94e32ecf113
2026-10-05,closed,vistar,vistar,token,unverified,ashby,"Sales Manager, Benelux ",sales,manager,True,Amsterdam,Sales,2026-09-15,2026-10-04,False,,medium,ashby publishes no count; whole board returned in one call,,,https://jobs.ashbyhq.com/vistar/b56ad07e-1c5d-4c8a-8680-f2b1b522c82b
2026-10-05,closed,vsquadrat,vsquadrat,token,unverified,personio,Werkstudent:in Projektmanagement (m/w/d),other,unspecified,False,Hamburg,Projekte & Prozesse,2026-09-15,2026-10-04,False,,medium,personio publishes no count; whole board returned in one call,,,https://vsquadrat.jobs.personio.de/job/2216062
2026-10-05,closed,waardeburgh,waardeburgh,token,unverified,recruitee,Huishoudelijk Medewerker - Overslydrecht (oproepkracht),other,unspecified,False,"Sliedrecht, Zuid-Holland, Nederland",Overslydrecht,2026-09-22,2026-10-04,False,,medium,recruitee publishes no count; whole board returned in one call,,,https://waardeburgh.recruitee.com/o/huishoudelijk-medewerker-overslydrecht-oproepkracht
2026-10-05,closed,waardeburgh,waardeburgh,token,unverified,recruitee,Medewerker ICT,other,unspecified,False,"Sliedrecht, Zuid-Holland, Nederland",Staf,2026-09-17,2026-10-04,False,,medium,recruitee publishes no count; whole board returned in one call,,,https://waardeburgh.recruitee.com/o/medewerker-ict
2026-10-05,closed,webgo-gmbh,webgo-gmbh,token,unverified,personio,Kundenbetreuer (m/w/d) im technical Support – Webhosting / Plesk & cPanel,support,unspecified,False,Hamburg,Kundenbetreuung,2026-09-15,2026-10-04,False,,medium,personio publishes no count; whole board returned in one call,,,https://webgo-gmbh.jobs.personio.de/job/2632043
2026-10-05,closed,werkenbij,werkenbij,token,unverified,unknown,Software Developer (Java),engineering,unspecified,False,"Amersfoort, Utrecht, Nederland",Software Development,2026-09-15,2026-10-04,False,,low,"source platform could not be identified from the posting URL, so completeness cannot be assessed",,,https://werkenbij.khonraad.nl/o/java-developer-2-3
2026-10-05,closed,werkenbijbasalt,werkenbijbasalt,token,unverified,unknown,(Dieet)kok,other,unspecified,False,"Den Haag, Zuid-Holland, Nederland",Services & Huisvesting,2026-09-15,2026-10-04,False,,low,"source platform could not be identified from the posting URL, so completeness cannot be assessed",,,https://werkenbijbasalt.nl/o/dieetkok-1
2026-10-05,closed,werkenbijbasalt,werkenbijbasalt,token,unverified,unknown,Personeelsplanner Catering,other,unspecified,False,"Den Haag, Zuid-Holland, Nederland",Services & Huisvesting,2026-09-15,2026-10-04,False,,low,"source platform could not be identified from the posting URL, so completeness cannot be assessed",,,https://werkenbijbasalt.nl/o/personeelsplanner-catering-1
2026-10-05,closed,werkenbijbasalt,werkenbijbasalt,token,unverified,unknown,Teammanager Capaciteitsplanning en Zorgondersteuning,other,unspecified,False,"Den Haag, Leiden, Zoetermeer, Gouda, Delft, Alphen a/d Rijn, Zuid-Holland, Nederland",Raad van Bestuur,2026-09-18,2026-10-04,False,,low,"source platform could not be identified from the posting URL, so completeness cannot be assessed",,,https://werkenbijbasalt.nl/o/teammanager-capaciteitsplanning-en-zorgondersteuning-1
2026-10-05,closed,werkenbijdeafm,werkenbijdeafm,token,unverified,recruitee,Junior business & proces analist,other,junior,False,"Amsterdam, Noord-Holland, Nederland",IT & Data,2026-09-22,2026-10-04,False,,medium,recruitee publishes no count; whole board returned in one call,,,https://werkenbijdeafm.recruitee.com/o/junior-business-proces-analist
2026-10-05,closed,werkenbijnlr,werkenbijnlr,token,unverified,recruitee,Divisie secretaresse Aerospace Systems,other,unspecified,False,"Amsterdam, Noord-Holland, Nederland",Aerospace Systems,2026-09-15,2026-10-04,False,,medium,recruitee publishes no count; whole board returned in one call,,,https://werkenbijnlr.recruitee.com/o/divisie-secretaresse-aerospace-systems
2026-10-05,closed,werkenbijqterminals,werkenbijqterminals,token,unverified,recruitee,Magazijnmedewerker m/v,other,unspecified,False,"Rotterdam Maasvlakte, Zuid-Holland, Nederland",Seamark,2026-09-22,2026-10-04,False,,medium,recruitee publishes no count; whole board returned in one call,,,https://werkenbijqterminals.recruitee.com/o/magazijnmedewerker-mv
2026-10-05,closed,werkenbijvnoncwmkb,werkenbijvnoncwmkb,token,unverified,recruitee,Strategisch Communicatieadviseur,other,unspecified,False,"Den Haag, Zuid-Holland, Nederland",Communicatie,2026-09-15,2026-10-04,False,,medium,recruitee publishes no count; whole board returned in one call,,,https://werkenbijvnoncwmkb.recruitee.com/o/strategisch-communicatieadviseur-3
2026-10-05,closed,werkenbijvrr,werkenbijvrr,token,unverified,recruitee,Adviseur Industriele Veiligheid,other,unspecified,False,"Rotterdam-Rijnmond, Zuid-Holland, Nederland",Risico & Crisisbeheersing,2026-09-15,2026-10-04,False,,medium,recruitee publishes no count; whole board returned in one call,,,https://werkenbijvrr.nl/o/adviseur-industriele-veiligheid-4
2026-10-05,closed,westernacher,westernacher,token,unverified,lever,Senior IBP Consultant with French,other,senior,False,"Cluj-Napoca, Romania",Europe,2026-09-15,2026-10-04,False,,medium,lever publishes no count; whole board returned in one call,,,https://jobs.eu.lever.co/westernacher/4ca336ee-ac79-4c79-8345-e8f245d7ad20
2026-10-05,closed,wf,wf,token,unverified,workday,Lead Software Enigineer (Oracle Essbase Data Engineer),data,lead,False,2 Locations,,2026-10-02,2026-10-04,False,,high,workday published a record count and the fetch matched it,,,https://wf.wd1.myworkdayjobs.com/wellsfargojobs/job/CHARLOTTE-NC/Lead-Software-Enigineer--Oracle-Essbase-Data-Engineer-_R-570186
2026-10-05,closed,wf,wf,token,unverified,workday,Lead Test Design & Planning Consultant,design,lead,False,3 Locations,,2026-09-29,2026-10-04,False,,high,workday published a record count and the fetch matched it,,,https://wf.wd1.myworkdayjobs.com/wellsfargojobs/job/CHARLOTTE-NC/Lead-Test-Design---Planning-Consultant_R-576515
2026-10-05,opened,wf,wf,token,unverified,workday,Loan Servicing Representative,other,unspecified,False,"Bengaluru, India",,2026-09-18,2026-10-05,False,,high,posting was directly observed on the board,,,https://wf.wd1.myworkdayjobs.com/wellsfargojobs/job/Bengaluru-India/Loan-Servicing-Representative_R-576541
2026-10-05,closed,wf,wf,token,unverified,workday,Part Time Client Associate,other,junior,False,"COLONIAL HEIGHTS, VA",,2026-09-27,2026-10-04,False,,high,workday published a record count and the fetch matched it,,,https://wf.wd1.myworkdayjobs.com/wellsfargojobs/job/COLONIAL-HEIGHTS-VA/Part-Time-Client-Associate_R-578256
2026-10-05,closed,wf,wf,token,unverified,workday,Personal Banker (SAFE) Cherry Hill Short Hills Branch,other,unspecified,False,"CHERRY HILL, NJ",,2026-09-29,2026-10-04,False,,high,workday published a record count and the fetch matched it,,,https://wf.wd1.myworkdayjobs.com/wellsfargojobs/job/CHERRY-HILL-NJ/Personal-Banker--SAFE--Cherry-Hill-Short-Hills-Branch_R-578203-1
2026-10-05,closed,wf,wf,token,unverified,workday,Personal Banker (SAFE)Medford Branch,other,unspecified,False,"MEDFORD, NJ",,2026-09-29,2026-10-04,False,,high,workday published a record count and the fetch matched it,,,https://wf.wd1.myworkdayjobs.com/wellsfargojobs/job/MEDFORD-NJ/Personal-Banker--SAFE-Medford-Branch_R-578212-1
2026-10-05,closed,wf,wf,token,unverified,workday,Personal Banker Berry Blvd,other,unspecified,False,"ROME, GA",,2026-09-29,2026-10-04,False,,high,workday published a record count and the fetch matched it,,,https://wf.wd1.myworkdayjobs.com/wellsfargojobs/job/ROME-GA/Personal-Banker-Berry-Blvd_R-578386
2026-10-05,closed,wf,wf,token,unverified,workday,Personal Banker Bilingual Spanish San Luis Obispo,other,unspecified,False,"SAN LUIS OBISPO, CA",,2026-10-01,2026-10-04,False,,high,workday published a record count and the fetch matched it,,,https://wf.wd1.myworkdayjobs.com/wellsfargojobs/job/SAN-LUIS-OBISPO-CA/Personal-Banker-Bilingual-Spanish-San-Luis-Obispo_R-579017
2026-10-05,closed,wf,wf,token,unverified,workday,Personal Banker Bridgeport Chicago IL,other,unspecified,False,"CHICAGO, IL",,2026-10-01,2026-10-04,False,,high,workday published a record count and the fetch matched it,,,https://wf.wd1.myworkdayjobs.com/wellsfargojobs/job/CHICAGO-IL/Personal-Banker-Bridgeport-Chicago-IL_R-578349-1
2026-10-05,closed,wf,wf,token,unverified,workday,Personal Banker Bulverde Crossing,other,unspecified,False,"BULVERDE, TX",,2026-09-24,2026-10-04,False,,high,workday published a record count and the fetch matched it,,,https://wf.wd1.myworkdayjobs.com/wellsfargojobs/job/BULVERDE-TX/Personal-Banker-Bulverde-Crossing_R-577807
2026-10-05,closed,wf,wf,token,unverified,workday,Personal Banker Burlington Main in Burlington NC,other,unspecified,False,"BURLINGTON, NC",,2026-09-27,2026-10-04,False,,high,workday published a record count and the fetch matched it,,,https://wf.wd1.myworkdayjobs.com/wellsfargojobs/job/BURLINGTON-NC/Personal-Banker-Burlington-Main-in-Burlington-NC_R-577749
2026-10-05,closed,wf,wf,token,unverified,workday,Personal Banker Camden Main,other,unspecified,False,"CAMDEN, SC",,2026-09-22,2026-10-04,False,,high,workday published a record count and the fetch matched it,,,https://wf.wd1.myworkdayjobs.com/wellsfargojobs/job/CAMDEN-SC/Personal-Banker-Camden-Main_R-577041-1
2026-10-05,closed,wf,wf,token,unverified,workday,Personal Banker Central Virginia District,other,unspecified,False,"FARMVILLE, VA",,2026-09-16,2026-10-04,False,,high,workday published a record count and the fetch matched it,,,https://wf.wd1.myworkdayjobs.com/wellsfargojobs/job/FARMVILLE-VA/Personal-Banker-Central-Virginia-District_R-575880
2026-10-05,closed,wf,wf,token,unverified,workday,Personal Banker China Grove,other,unspecified,False,"CHINA GROVE, TX",,2026-09-15,2026-10-04,False,,high,workday published a record count and the fetch matched it,,,https://wf.wd1.myworkdayjobs.com/wellsfargojobs/job/CHINA-GROVE-TX/Personal-Banker-China-Grove_R-572764
2026-10-05,closed,wf,wf,token,unverified,workday,Personal Banker Corpus Christi Calallen,other,unspecified,False,"CORPUS CHRISTI, TX",,2026-10-01,2026-10-04,False,,high,workday published a record count and the fetch matched it,,,https://wf.wd1.myworkdayjobs.com/wellsfargojobs/job/CORPUS-CHRISTI-TX/Personal-Banker-Corpus-Christi-Calallen_R-566848
2026-10-05,closed,wf,wf,token,unverified,workday,Personal Banker Crossroads,other,unspecified,False,"HOUSTON, TX",,2026-09-22,2026-10-04,False,,high,workday published a record count and the fetch matched it,,,https://wf.wd1.myworkdayjobs.com/wellsfargojobs/job/HOUSTON-TX/Personal-Banker-Crossroads_R-576974
2026-10-05,closed,wf,wf,token,unverified,workday,Personal Banker Desert Ridge,other,unspecified,False,"PHOENIX, AZ",,2026-09-19,2026-10-04,False,,high,workday published a record count and the fetch matched it,,,https://wf.wd1.myworkdayjobs.com/wellsfargojobs/job/PHOENIX-AZ/Personal-Banker-Desert-Ridge_R-576411
2026-10-05,closed,wf,wf,token,unverified,workday,"Personal Banker Durham, Chapel Hill, Graham or Mebane NC",other,unspecified,False,4 Locations,,2026-09-17,2026-10-04,False,,high,workday published a record count and the fetch matched it,,,https://wf.wd1.myworkdayjobs.com/wellsfargojobs/job/DURHAM-NC/Personal-Banker-Durham--Chapel-Hill--Graham-or-Mebane-NC_R-576106
2026-10-05,closed,wf,wf,token,unverified,workday,Personal Banker East Ahwatukee,other,unspecified,False,"PHOENIX, AZ",,2026-09-16,2026-10-04,False,,high,workday published a record count and the fetch matched it,,,https://wf.wd1.myworkdayjobs.com/wellsfargojobs/job/PHOENIX-AZ/Personal-Banker-East-Ahwatukee_R-575416
2026-10-05,closed,wf,wf,token,unverified,workday,Personal Banker East Houston,other,unspecified,False,"HOUSTON, TX",,2026-09-27,2026-10-04,False,,high,workday published a record count and the fetch matched it,,,https://wf.wd1.myworkdayjobs.com/wellsfargojobs/job/HOUSTON-TX/Personal-Banker-East-Houston_R-578026
2026-10-05,closed,wf,wf,token,unverified,workday,Personal Banker East San Diego,other,unspecified,False,2 Locations,,2026-09-30,2026-10-04,False,,high,workday published a record count and the fetch matched it,,,https://wf.wd1.myworkdayjobs.com/wellsfargojobs/job/ALPINE-CA/Personal-Banker-East-San-Diego_R-578861
2026-10-05,closed,wf,wf,token,unverified,workday,Personal Banker Greater Roanoke District,other,unspecified,False,"ROANOKE, VA",,2026-09-15,2026-10-04,False,,high,workday published a record count and the fetch matched it,,,https://wf.wd1.myworkdayjobs.com/wellsfargojobs/job/ROANOKE-VA/Personal-Banker-Greater-Roanoke-District_R-574894
2026-10-05,closed,wf,wf,token,unverified,workday,Personal Banker Lighthouse Point FL,other,unspecified,False,"LIGHTHOUSE POINT, FL",,2026-09-22,2026-10-04,False,,high,workday published a record count and the fetch matched it,,,https://wf.wd1.myworkdayjobs.com/wellsfargojobs/job/LIGHTHOUSE-POINT-FL/Personal-Banker-Lighthouse-Point-FL_R-575106-1
2026-10-05,closed,wf,wf,token,unverified,workday,Personal Banker Louetta,other,unspecified,False,"SPRING, TX",,2026-09-27,2026-10-04,False,,high,workday published a record count and the fetch matched it,,,https://wf.wd1.myworkdayjobs.com/wellsfargojobs/job/SPRING-TX/Personal-Banker-Louetta_R-577949
2026-10-05,opened,wf,wf,token,unverified,workday,Personal Banker Menomonee Falls,other,unspecified,False,"MENOMONEE FALLS, WI",,2026-09-15,2026-10-05,False,,high,posting was directly observed on the board,,,https://wf.wd1.myworkdayjobs.com/wellsfargojobs/job/MENOMONEE-FALLS-WI/Personal-Banker-Menomonee-Falls_R-579225
2026-10-05,closed,wf,wf,token,unverified,workday,Personal Banker Neenah WI,other,unspecified,False,"NEENAH, WI",,2026-09-29,2026-10-04,False,,high,workday published a record count and the fetch matched it,,,https://wf.wd1.myworkdayjobs.com/wellsfargojobs/job/NEENAH-WI/Personal-Banker-Neenah-WI_R-578144
2026-10-05,closed,wf,wf,token,unverified,workday,Personal Banker North County Coastal,other,unspecified,False,"SAN DIEGO, CA",,2026-10-01,2026-10-04,False,,high,workday published a record count and the fetch matched it,,,https://wf.wd1.myworkdayjobs.com/wellsfargojobs/job/SAN-DIEGO-CA/Personal-Banker-North-County-Coastal_R-579273-1
2026-10-05,closed,wf,wf,token,unverified,workday,Personal Banker Oakleaf Jacksonville FL,other,unspecified,False,"JACKSONVILLE, FL",,2026-10-01,2026-10-04,False,,high,workday published a record count and the fetch matched it,,,https://wf.wd1.myworkdayjobs.com/wellsfargojobs/job/JACKSONVILLE-FL/Personal-Banker-Oakleaf-Jacksonville-FL_R-578841
2026-10-05,closed,wf,wf,token,unverified,workday,Personal Banker Pantops,other,unspecified,False,"CHARLOTTESVILLE, VA",,2026-10-01,2026-10-04,False,,high,workday published a record count and the fetch matched it,,,https://wf.wd1.myworkdayjobs.com/wellsfargojobs/job/CHARLOTTESVILLE-VA/Personal-Banker-Pantops_R-574019
2026-10-05,closed,wf,wf,token,unverified,workday,Personal Banker Powhatan Branch,other,unspecified,False,"POWHATAN, VA",,2026-09-27,2026-10-04,False,,high,workday published a record count and the fetch matched it,,,https://wf.wd1.myworkdayjobs.com/wellsfargojobs/job/POWHATAN-VA/Personal-Banker-Powhatan-Branch_R-577295
2026-10-05,closed,wf,wf,token,unverified,workday,Personal Banker Reidsville Main Branch in Reidsville NC,other,unspecified,False,"REIDSVILLE, NC",,2026-09-27,2026-10-04,False,,high,workday published a record count and the fetch matched it,,,https://wf.wd1.myworkdayjobs.com/wellsfargojobs/job/REIDSVILLE-NC/Personal-Banker-Reidsville-Main-Branch-in-Reidsville-NC_R-572806
2026-10-05,closed,wf,wf,token,unverified,workday,Personal Banker Sanford Branch in Sanford NC,other,unspecified,False,"SANFORD, NC",,2026-09-27,2026-10-04,False,,high,workday published a record count and the fetch matched it,,,https://wf.wd1.myworkdayjobs.com/wellsfargojobs/job/SANFORD-NC/Personal-Banker-Sanford-Branch-in-Sanford-NC_R-570356
2026-10-05,closed,wf,wf,token,unverified,workday,Personal Banker Woodruff East,other,unspecified,False,"GREENVILLE, SC",,2026-09-30,2026-10-04,False,,high,workday published a record count and the fetch matched it,,,https://wf.wd1.myworkdayjobs.com/wellsfargojobs/job/GREENVILLE-SC/Personal-Banker-Woodruff-East_R-578645-1
2026-10-05,closed,wf,wf,token,unverified,workday,"Personal Banker, Catalina & Bear Canyon Branch, Tucson, AZ",other,unspecified,False,"TUCSON, AZ",,2026-09-24,2026-10-04,False,,high,workday published a record count and the fetch matched it,,,https://wf.wd1.myworkdayjobs.com/wellsfargojobs/job/TUCSON-AZ/Personal-Banker--Catalina---Bear-Canyons-Branch--Tucson--AZ_R-577145
2026-10-05,closed,wf,wf,token,unverified,workday,"Personal Banker, El Paseo Branch, Las Cruces, NM",other,unspecified,False,"LAS CRUCES, NM",,2026-09-24,2026-10-04,False,,high,workday published a record count and the fetch matched it,,,https://wf.wd1.myworkdayjobs.com/wellsfargojobs/job/LAS-CRUCES-NM/Personal-Banker--El-Paseo-Branch--Las-Cruces--NM_R-577618
2026-10-05,closed,wf,wf,token,unverified,workday,"Personal Banker, Moab, UT",other,unspecified,False,"MOAB, UT",,2026-09-15,2026-10-04,False,,high,workday published a record count and the fetch matched it,,,https://wf.wd1.myworkdayjobs.com/wellsfargojobs/job/MOAB-UT/Personal-Banker--Moab--UT_R-573896
2026-10-05,closed,wf,wf,token,unverified,workday,Personal Banker- Coastal OC District,other,unspecified,False,6 Locations,,2026-09-15,2026-10-04,False,,high,workday published a record count and the fetch matched it,,,https://wf.wd1.myworkdayjobs.com/wellsfargojobs/job/NEWPORT-BEACH-CA/Personal-Banker--Coastal-OC-District_R-575072
2026-10-05,closed,wf,wf,token,unverified,workday,"Personal Banker-Broward Boulevard I-95 Branch Ft. Lauderdale, FL",other,unspecified,False,"FORT LAUDERDALE, FL",,2026-09-27,2026-10-04,False,,high,workday published a record count and the fetch matched it,,,https://wf.wd1.myworkdayjobs.com/wellsfargojobs/job/FORT-LAUDERDALE-FL/Personal-Banker-Broward-Boulevard-I-95-Branch-Ft-Lauderdale--FL_R-578329
2026-10-05,closed,wf,wf,token,unverified,workday,Personal Banker-Route 66 District,other,unspecified,False,11 Locations,,2026-09-29,2026-10-04,False,,high,workday published a record count and the fetch matched it,,,https://wf.wd1.myworkdayjobs.com/wellsfargojobs/job/POMONA-CA/Personal-Banker-Route-66-District_R-578705
2026-10-05,closed,wf,wf,token,unverified,workday,Personal Banker-Universal Branch Format Madison & 55th St.,other,unspecified,False,"NEW YORK, NY",,2026-09-29,2026-10-04,False,,high,workday published a record count and the fetch matched it,,,https://wf.wd1.myworkdayjobs.com/wellsfargojobs/job/NEW-YORK-NY/Personal-Banker-Universal-Branch-Format-Madison---55th-St_R-578401-1
2026-10-05,closed,wf,wf,token,unverified,workday,Principal Systems Architect - Application Security,engineering,principal,False,4 Locations,,2026-09-22,2026-10-04,False,,high,workday published a record count and the fetch matched it,,,https://wf.wd1.myworkdayjobs.com/wellsfargojobs/job/CHARLOTTE-NC/Principal-Systems-Architect---Application-Security_R-573476
2026-10-05,closed,wf,wf,token,unverified,workday,Relationship Banker East Park,other,unspecified,False,"LINCOLN, NE",,2026-09-15,2026-10-04,False,,high,workday published a record count and the fetch matched it,,,https://wf.wd1.myworkdayjobs.com/wellsfargojobs/job/LINCOLN-NE/Relationship-Banker-East-Park_R-574190
2026-10-05,closed,wf,wf,token,unverified,workday,Relationship Banker Harbour Place,other,unspecified,False,"JACKSONVILLE, FL",,2026-10-01,2026-10-04,False,,high,workday published a record count and the fetch matched it,,,https://wf.wd1.myworkdayjobs.com/wellsfargojobs/job/JACKSONVILLE-FL/Relationship-Banker-Harbour-Place_R-578847
2026-10-05,opened,wf,wf,token,unverified,workday,Relationship Banker Miami Shores FL,other,unspecified,False,"MIAMI SHORES, FL",,2026-10-05,2026-10-05,False,,high,posting was directly observed on the board,,,https://wf.wd1.myworkdayjobs.com/wellsfargojobs/job/MIAMI-SHORES-FL/Relationship-Banker-Miami-Shores-FL_R-579863
2026-10-05,closed,wf,wf,token,unverified,workday,Relationship Banker North Meck,other,unspecified,False,"CORNELIUS, NC",,2026-09-15,2026-10-04,False,,high,workday published a record count and the fetch matched it,,,https://wf.wd1.myworkdayjobs.com/wellsfargojobs/job/CORNELIUS-NC/Relationship-Banker-North-Meck_R-574497
2026-10-05,opened,wf,wf,token,unverified,workday,Relationship Banker Saint Cloud,other,unspecified,False,"SAINT CLOUD, MN",,2026-09-15,2026-10-05,False,,high,posting was directly observed on the board,,,https://wf.wd1.myworkdayjobs.com/wellsfargojobs/job/SAINT-CLOUD-MN/Relationship-Banker-Saint-Cloud_R-574301
2026-10-05,closed,wf,wf,token,unverified,workday,Relationship Banker Towne Crossing Grand Prairie TX,other,unspecified,False,"GRAND PRAIRIE, TX",,2026-09-19,2026-10-04,False,,high,workday published a record count and the fetch matched it,,,https://wf.wd1.myworkdayjobs.com/wellsfargojobs/job/GRAND-PRAIRIE-TX/Relationship-Banker-Towne-Crossing-Grand-Prairie-TX_R-576296
2026-10-05,closed,wf,wf,token,unverified,workday,Relationship Banker Twin Lakes Branch,other,unspecified,False,"LAS VEGAS, NV",,2026-09-16,2026-10-04,False,,high,workday published a record count and the fetch matched it,,,https://wf.wd1.myworkdayjobs.com/wellsfargojobs/job/LAS-VEGAS-NV/Relationship-Banker-Twin-Lakes-Branch_R-575923
2026-10-05,closed,wf,wf,token,unverified,workday,Relationship Banker University Village,other,unspecified,False,"LOGAN, UT",,2026-09-17,2026-10-04,False,,high,workday published a record count and the fetch matched it,,,https://wf.wd1.myworkdayjobs.com/wellsfargojobs/job/LOGAN-UT/Relationship-Banker-University-Village_R-575497
2026-10-05,closed,wf,wf,token,unverified,workday,Relationship Banker- Sonora,other,unspecified,False,"SONORA, CA",,2026-09-15,2026-10-04,False,,high,workday published a record count and the fetch matched it,,,https://wf.wd1.myworkdayjobs.com/wellsfargojobs/job/SONORA-CA/Relationship-Banker--Sonora_R-573114-1
2026-10-05,closed,wf,wf,token,unverified,workday,Relationship Banker-Serramonte,other,unspecified,False,"DALY CITY, CA",,2026-09-15,2026-10-04,False,,high,workday published a record count and the fetch matched it,,,https://wf.wd1.myworkdayjobs.com/wellsfargojobs/job/DALY-CITY-CA/Relationship-Banker-Serramonte_R-569513
2026-10-05,closed,wf,wf,token,unverified,workday,Retail Auto Relationship Manager,other,manager,True,"BOSTON, MA",,2026-09-27,2026-10-04,False,,high,workday published a record count and the fetch matched it,,,https://wf.wd1.myworkdayjobs.com/wellsfargojobs/job/BOSTON-MA/Retail-Auto-Relationship-Manager_R-576311
2026-10-05,closed,wf,wf,token,unverified,workday,Roving Personal Banker - Tempe/Scottsdale,other,unspecified,False,4 Locations,,2026-09-22,2026-10-04,False,,high,workday published a record count and the fetch matched it,,,https://wf.wd1.myworkdayjobs.com/wellsfargojobs/job/MESA-AZ/Roving-Personal-Banker---Tempe-Scottsdale_R-577126
2026-10-05,closed,wf,wf,token,unverified,workday,Roving Personal Banker ROVING Dade Central District,other,unspecified,False,4 Locations,,2026-09-15,2026-10-04,False,,high,workday published a record count and the fetch matched it,,,https://wf.wd1.myworkdayjobs.com/wellsfargojobs/job/MIAMI-FL/Roving-Personal-Banker-ROVING-Dade-Central-District_R-572118
2026-10-05,closed,wf,wf,token,unverified,workday,Roving Personal Banker ROVING Naples District,other,unspecified,False,3 Locations,,2026-09-19,2026-10-04,False,,high,workday published a record count and the fetch matched it,,,https://wf.wd1.myworkdayjobs.com/wellsfargojobs/job/NAPLES-FL/Roving-Personal-Banker-ROVING-Naples-District_R-573038-1
2026-10-05,closed,wf,wf,token,unverified,workday,Roving Personal Banker SE Alaska District,other,unspecified,False,"JUNEAU, AK",,2026-09-15,2026-10-04,False,,high,workday published a record count and the fetch matched it,,,https://wf.wd1.myworkdayjobs.com/wellsfargojobs/job/JUNEAU-AK/Roving-Personal-Banker-SE-Alaska-District_R-561250
2026-10-05,closed,wf,wf,token,unverified,workday,Securities Operations Associate - Client Onboarding,operations,junior,False,"Hyderabad, India",,2026-10-01,2026-10-04,False,,high,workday published a record count and the fetch matched it,,,https://wf.wd1.myworkdayjobs.com/wellsfargojobs/job/Hyderabad-India/Securities-Operations-Associate---Client-Onboarding_R-575960
2026-10-05,opened,wf,wf,token,unverified,workday,Securities Operations Associate-Account Opening & Client Onboarding,operations,junior,False,"Bengaluru, India",,2026-10-05,2026-10-05,False,,high,posting was directly observed on the board,,,https://wf.wd1.myworkdayjobs.com/wellsfargojobs/job/Bengaluru-India/Securities-Operations-Associate-Account-Opening---Client-Onboarding_R-568756
2026-10-05,opened,wf,wf,token,unverified,workday,Securities Operations Specialist,operations,unspecified,False,"Bengaluru, India",,2026-09-18,2026-10-05,False,,high,posting was directly observed on the board,,,https://wf.wd1.myworkdayjobs.com/wellsfargojobs/job/Bengaluru-India/Securities-Operations-Specialist_R-567453
2026-10-05,opened,wf,wf,token,unverified,workday,Senior Analytics Consultant – CDO Analytic Engineering,data,senior,False,2 Locations,,2026-09-30,2026-10-05,False,,high,posting was directly observed on the board,,,https://wf.wd1.myworkdayjobs.com/wellsfargojobs/job/CHARLOTTE-NC/Senior-Analytics-Consultant---CDO-Analytic-Engineering_R-579581
2026-10-05,closed,wf,wf,token,unverified,workday,Senior Branch Premier Banker - Sachse,other,senior,False,"Sachse, TX",,2026-09-29,2026-10-04,False,,high,workday published a record count and the fetch matched it,,,https://wf.wd1.myworkdayjobs.com/wellsfargojobs/job/Sachse-TX/Senior-Branch-Premier-Banker---Sachse_R-578332
2026-10-05,closed,wf,wf,token,unverified,workday,"Senior Branch Premier Banker Eagle, ID",other,senior,False,"EAGLE, ID",,2026-09-15,2026-10-04,False,,high,workday published a record count and the fetch matched it,,,https://wf.wd1.myworkdayjobs.com/wellsfargojobs/job/EAGLE-ID/Senior-Branch-Premier-Banker-Eagle--ID_R-574767
2026-10-05,closed,wf,wf,token,unverified,workday,Senior Business Banking Relationship Manager (LO) Wall Township,other,senior,True,"WALL TOWNSHIP, NJ",,2026-09-22,2026-10-04,False,,high,workday published a record count and the fetch matched it,,,https://wf.wd1.myworkdayjobs.com/wellsfargojobs/job/WALL-TOWNSHIP-NJ/Senior-Business-Banking-Relationship-Manager--LO--Wall-Township_R-577058
2026-10-05,opened,wf,wf,token,unverified,workday,Senior Business Execution Administrator,other,senior,False,"CHARLOTTE, NC",,2026-10-05,2026-10-05,False,,high,posting was directly observed on the board,,,https://wf.wd1.myworkdayjobs.com/wellsfargojobs/job/CHARLOTTE-NC/Senior-Business-Execution-Administrator_R-579235
2026-10-05,opened,wf,wf,token,unverified,workday,Senior Business Execution Consultant,other,senior,False,"Bengaluru, India",,2026-09-15,2026-10-05,False,,high,posting was directly observed on the board,,,https://wf.wd1.myworkdayjobs.com/wellsfargojobs/job/Bengaluru-India/Senior-Business-Execution-Consultant_R-534831
2026-10-05,opened,wf,wf,token,unverified,workday,Senior Business Execution Consultant - Interior Design,design,senior,False,"CHARLOTTE, NC",,2026-09-24,2026-10-05,False,,high,posting was directly observed on the board,,,https://wf.wd1.myworkdayjobs.com/wellsfargojobs/job/CHARLOTTE-NC/Senior-Business-Execution-Consultant---Interior-Design_R-573632
2026-10-05,opened,wf,wf,token,unverified,workday,Senior Digital Product Manager,product,senior,True,"Hyderabad, India",,2026-09-21,2026-10-05,False,,high,posting was directly observed on the board,,,https://wf.wd1.myworkdayjobs.com/wellsfargojobs/job/Hyderabad-India/Senior-Digital-Product-Manager_R-567333
2026-10-05,closed,wf,wf,token,unverified,workday,Senior Financial Relationship Advisor - Growth,marketing,senior,False,3 Locations,,2026-09-22,2026-10-04,False,,high,workday published a record count and the fetch matched it,,,https://wf.wd1.myworkdayjobs.com/wellsfargojobs/job/CHANDLER-AZ/Senior-Financial-Relationship-Advisor---Growth_R-577033
2026-10-05,closed,wf,wf,token,unverified,workday,Senior Infrastructure Engineer - Data Center,engineering,senior,False,"STERLING, VA",,2026-09-17,2026-10-04,False,,high,workday published a record count and the fetch matched it,,,https://wf.wd1.myworkdayjobs.com/wellsfargojobs/job/STERLING-VA/Senior-Infrastructure-Engineer---Data-Center_R-560387-1
2026-10-05,opened,wf,wf,token,unverified,workday,Senior Lead Business Execution Consultant - Branch Customer Intelligence & Insights Lead,other,senior,False,"CHARLOTTE, NC",,2026-09-23,2026-10-05,False,,high,posting was directly observed on the board,,,https://wf.wd1.myworkdayjobs.com/wellsfargojobs/job/CHARLOTTE-NC/Senior-Lead-Business-Execution-Consultant---Branch-Formats---Experience-Strategy_R-575728
2026-10-05,opened,wf,wf,token,unverified,workday,Senior Lead Business Execution Consultant - Branch Formats & Experience Strategy,other,senior,False,"CHARLOTTE, NC",,2026-09-19,2026-10-05,False,,high,posting was directly observed on the board,,,https://wf.wd1.myworkdayjobs.com/wellsfargojobs/job/CHARLOTTE-NC/Senior-Lead-Business-Execution-Consultant---Branch-Formats---Experience-Strategy_R-572792
2026-10-05,closed,wf,wf,token,unverified,workday,Senior Lead Credit Risk & Approval Officer,other,senior,False,"NEW YORK, NY",,2026-09-29,2026-10-04,False,,high,workday published a record count and the fetch matched it,,,https://wf.wd1.myworkdayjobs.com/wellsfargojobs/job/NEW-YORK-NY/Senior-Lead-Credit-Risk---Approval-Officer_R-578554
2026-10-05,closed,wf,wf,token,unverified,workday,"Senior Lead Credit Risk & Approval Officer, Multifamily Capital",other,senior,False,6 Locations,,2026-09-29,2026-10-04,False,,high,workday published a record count and the fetch matched it,,,https://wf.wd1.myworkdayjobs.com/wellsfargojobs/job/CHARLOTTE-NC/Senior-Lead-Credit-Risk---Approval-Officer--Multifamily-Capital_R-567935
2026-10-05,opened,wf,wf,token,unverified,workday,Senior Lead Technology Business Services Consultant - Executive Data Story Telling,other,senior,False,"Bengaluru, India",,2026-10-05,2026-10-05,False,,high,posting was directly observed on the board,,,https://wf.wd1.myworkdayjobs.com/wellsfargojobs/job/Bengaluru-India/Senior-Lead-Technology-Business-Services-Consultant---Executive-Data-Story-Telling_R-578490
2026-10-05,closed,wf,wf,token,unverified,workday,Senior Lead Treasury Management Consultant,finance,senior,False,"NASHVILLE, TN",,2026-09-22,2026-10-04,False,,high,workday published a record count and the fetch matched it,,,https://wf.wd1.myworkdayjobs.com/wellsfargojobs/job/NASHVILLE-TN/Senior-Treasury-Management-Sales-Consultant_R-567635
2026-10-05,closed,wf,wf,token,unverified,workday,Senior Premier Banker - Camelback & 32nd,other,senior,False,"PHOENIX, AZ",,2026-09-15,2026-10-04,False,,high,workday published a record count and the fetch matched it,,,https://wf.wd1.myworkdayjobs.com/wellsfargojobs/job/PHOENIX-AZ/Senior-Premier-Banker---Camelback---32nd_R-574655-1
2026-10-05,closed,wf,wf,token,unverified,workday,Senior Premier Banker - Ojai Branch,other,senior,False,"OJAI, CA",,2026-09-15,2026-10-04,False,,high,workday published a record count and the fetch matched it,,,https://wf.wd1.myworkdayjobs.com/wellsfargojobs/job/OJAI-CA/Senior-Premier-Banker---Ojai-Branch_R-572784
2026-10-05,closed,wf,wf,token,unverified,workday,Senior Premier Banker - Southeast Phoenix,other,senior,False,3 Locations,,2026-09-22,2026-10-04,False,,high,workday published a record count and the fetch matched it,,,https://wf.wd1.myworkdayjobs.com/wellsfargojobs/job/MESA-AZ/Senior-Premier-Banker---Southeast-Phoenix_R-576953
2026-10-05,closed,wf,wf,token,unverified,workday,"Senior Premier Banker Crossing at Katy, DeNovo",other,senior,False,"KATY, TX",,2026-09-27,2026-10-04,False,,high,workday published a record count and the fetch matched it,,,https://wf.wd1.myworkdayjobs.com/wellsfargojobs/job/KATY-TX/Senior-Premier-Banker-Katy-Fulshear--DeNovo_R-574725
2026-10-05,closed,wf,wf,token,unverified,workday,Senior Premier Banker Fremont Irvington,other,senior,False,"FREMONT, CA",,2026-09-15,2026-10-04,False,,high,workday published a record count and the fetch matched it,,,https://wf.wd1.myworkdayjobs.com/wellsfargojobs/job/FREMONT-CA/Senior-Premier-Banker-Fremont-Irvington_R-574790
2026-10-05,closed,wf,wf,token,unverified,workday,Senior Premier Banker Hebron Crossing Carrollton TX,other,senior,False,"CARROLLTON, TX",,2026-09-15,2026-10-04,False,,high,workday published a record count and the fetch matched it,,,https://wf.wd1.myworkdayjobs.com/wellsfargojobs/job/CARROLLTON-TX/Senior-Premier-Banker-Hebron-Crossing-Carrollton-TX_R-574309
2026-10-05,closed,wf,wf,token,unverified,workday,Senior Premier Banker Kings Highway,other,senior,False,"PORT CHARLOTTE, FL",,2026-09-19,2026-10-04,False,,high,workday published a record count and the fetch matched it,,,https://wf.wd1.myworkdayjobs.com/wellsfargojobs/job/PORT-CHARLOTTE-FL/Senior-Premier-Banker-Kings-Highway_R-573528
2026-10-05,closed,wf,wf,token,unverified,workday,Senior Premier Banker Melrose Park IL,other,senior,False,2 Locations,,2026-10-01,2026-10-04,False,,high,workday published a record count and the fetch matched it,,,https://wf.wd1.myworkdayjobs.com/wellsfargojobs/job/HODGKINS-IL/Senior-Premier-Banker-Melrose-Park-IL_R-578406
2026-10-05,closed,wf,wf,token,unverified,workday,Senior Premier Banker Tatum and Cactus,other,senior,False,"PHOENIX, AZ",,2026-09-27,2026-10-04,False,,high,workday published a record count and the fetch matched it,,,https://wf.wd1.myworkdayjobs.com/wellsfargojobs/job/PHOENIX-AZ/Senior-Premier-Banker-Tatum-and-Cactus_R-578096
2026-10-05,closed,wf,wf,token,unverified,workday,Senior Premier Banker Westlake,other,senior,False,"THOUSAND OAKS, CA",,2026-09-18,2026-10-04,False,,high,workday published a record count and the fetch matched it,,,https://wf.wd1.myworkdayjobs.com/wellsfargojobs/job/THOUSAND-OAKS-CA/Senior-Premier-Banker-Westlake_R-574764
2026-10-05,closed,wf,wf,token,unverified,workday,Senior Product Manager,product,senior,True,"Bengaluru, India",,2026-10-02,2026-10-04,False,,high,workday published a record count and the fetch matched it,,,https://wf.wd1.myworkdayjobs.com/wellsfargojobs/job/Bengaluru-India/Senior-Product-Manager_R-575518-1
2026-10-05,opened,wf,wf,token,unverified,workday,"Software Engineering Senior Manager (Ab initio ETL, Hadoop, OCP, AI Automation)",engineering,senior,True,"Hyderabad, India",,2026-09-24,2026-10-05,False,,high,posting was directly observed on the board,,,https://wf.wd1.myworkdayjobs.com/wellsfargojobs/job/Hyderabad-India/Software-Engineering-Senior-Manager--Ab-initio-ETL--Hadoop--OCP--AI-Automation-_R-577536-1
2026-10-05,closed,wf,wf,token,unverified,workday,Supervisory Control Specialist - Annuities and Insurance,other,unspecified,False,3 Locations,,2026-09-27,2026-10-04,False,,high,workday published a record count and the fetch matched it,,,https://wf.wd1.myworkdayjobs.com/wellsfargojobs/job/SAINT-LOUIS-MO/Supervisory-Control-Specialist---Annuities-and-Insurance_R-576970
2026-10-05,closed,wf,wf,token,unverified,workday,Tax Associate,other,junior,False,"Hyderabad, India",,2026-10-01,2026-10-04,False,,high,workday published a record count and the fetch matched it,,,https://wf.wd1.myworkdayjobs.com/wellsfargojobs/job/Hyderabad-India/Tax-Associate_R-578541-1
2026-10-05,opened,wf,wf,token,unverified,workday,Technology Director - Financial Crimes Risk Management Technology,other,director,True,"Hyderabad, India",,2026-09-15,2026-10-05,False,,high,posting was directly observed on the board,,,https://wf.wd1.myworkdayjobs.com/wellsfargojobs/job/Hyderabad-India/Technology-Director---Financial-Crimes-Risk-Management-Technology_R-570921
2026-10-05,closed,wf,wf,token,unverified,workday,Teller Antioch,other,unspecified,False,"ANTIOCH, CA",,2026-10-02,2026-10-04,False,,high,workday published a record count and the fetch matched it,,,https://wf.wd1.myworkdayjobs.com/wellsfargojobs/job/ANTIOCH-CA/Teller-Antioch_R-578838
2026-10-05,closed,wf,wf,token,unverified,workday,Teller Bee Cave Galleria,other,unspecified,False,"BEE CAVE, TX",,2026-09-15,2026-10-04,False,,high,workday published a record count and the fetch matched it,,,https://wf.wd1.myworkdayjobs.com/wellsfargojobs/job/BEE-CAVE-TX/Teller-Bee-Cave-Galleria_R-575604
2026-10-05,closed,wf,wf,token,unverified,workday,Teller Belleview,other,unspecified,False,"BELLEVIEW, FL",,2026-10-03,2026-10-04,False,,high,workday published a record count and the fetch matched it,,,https://wf.wd1.myworkdayjobs.com/wellsfargojobs/job/BELLEVIEW-FL/Teller-Belleview_R-579463
2026-10-05,closed,wf,wf,token,unverified,workday,Teller Bilingual East Lebanon,other,unspecified,False,"LEBANON, PA",,2026-09-16,2026-10-04,False,,high,workday published a record count and the fetch matched it,,,https://wf.wd1.myworkdayjobs.com/wellsfargojobs/job/LEBANON-PA/Teller-Bilingual-East-Lebanon_R-575459
2026-10-05,closed,wf,wf,token,unverified,workday,Teller Bilingual North Brunswick Georges Rd,other,unspecified,False,"NORTH BRUNSWICK, NJ",,2026-09-27,2026-10-04,False,,high,workday published a record count and the fetch matched it,,,https://wf.wd1.myworkdayjobs.com/wellsfargojobs/job/NORTH-BRUNSWICK-NJ/Teller-Bilingual-North-Brunswick-Georges-Rd_R-577861
2026-10-05,closed,wf,wf,token,unverified,workday,Teller Bilingual Northside,other,unspecified,False,"MIAMI, FL",,2026-09-30,2026-10-04,False,,high,workday published a record count and the fetch matched it,,,https://wf.wd1.myworkdayjobs.com/wellsfargojobs/job/MIAMI-FL/Teller-Bilingual-Northside_R-578726-1
2026-10-05,closed,wf,wf,token,unverified,workday,Teller Bilingual Part Time 13th and Barbur,other,unspecified,False,"PORTLAND, OR",,2026-09-15,2026-10-04,False,,high,workday published a record count and the fetch matched it,,,https://wf.wd1.myworkdayjobs.com/wellsfargojobs/job/PORTLAND-OR/Teller-Bilingual-Part-Time-13th-and-Barbur_R-570910
2026-10-05,closed,wf,wf,token,unverified,workday,Teller Bilingual Part Time Little River,other,unspecified,False,"ANNANDALE, VA",,2026-09-29,2026-10-04,False,,high,workday published a record count and the fetch matched it,,,https://wf.wd1.myworkdayjobs.com/wellsfargojobs/job/ANNANDALE-VA/Teller-Bilingual-Part-Time-Little-River_R-578701
2026-10-05,closed,wf,wf,token,unverified,workday,Teller Concord,other,unspecified,False,"CONCORD, CA",,2026-10-03,2026-10-04,False,,high,workday published a record count and the fetch matched it,,,https://wf.wd1.myworkdayjobs.com/wellsfargojobs/job/CONCORD-CA/Teller-Concord_R-579327-1
2026-10-05,closed,wf,wf,token,unverified,workday,Teller Mount Olive,other,unspecified,False,"MOUNT OLIVE, NC",,2026-10-02,2026-10-04,False,,high,workday published a record count and the fetch matched it,,,https://wf.wd1.myworkdayjobs.com/wellsfargojobs/job/MOUNT-OLIVE-NC/Teller-Mount-Olive_R-579241-1
2026-10-05,closed,wf,wf,token,unverified,workday,Teller Part Time,other,unspecified,False,"BUENA PARK, CA",,2026-09-19,2026-10-04,False,,high,workday published a record count and the fetch matched it,,,https://wf.wd1.myworkdayjobs.com/wellsfargojobs/job/BUENA-PARK-CA/Teller-Part-Time_R-576509
2026-10-05,closed,wf,wf,token,unverified,workday,Teller Part Time 6th and 45th St,other,unspecified,False,"NEW YORK, NY",,2026-09-22,2026-10-04,False,,high,workday published a record count and the fetch matched it,,,https://wf.wd1.myworkdayjobs.com/wellsfargojobs/job/NEW-YORK-NY/Teller-Part-Time-6th-and-45th-St_R-562249
2026-10-05,closed,wf,wf,token,unverified,workday,Teller Part Time Belleview and Federal,other,unspecified,False,"ENGLEWOOD, CO",,2026-09-15,2026-10-04,False,,high,workday published a record count and the fetch matched it,,,https://wf.wd1.myworkdayjobs.com/wellsfargojobs/job/ENGLEWOOD-CO/Teller-Part-Time-Belleview-and-Federal_R-574929
2026-10-05,closed,wf,wf,token,unverified,workday,Teller Part Time Belmont,other,unspecified,False,"BELMONT, CA",,2026-09-27,2026-10-04,False,,high,workday published a record count and the fetch matched it,,,https://wf.wd1.myworkdayjobs.com/wellsfargojobs/job/BELMONT-CA/Teller-Part-Time-Belmont_R-568025-1
2026-10-05,closed,wf,wf,token,unverified,workday,Teller Part Time Bilingual Crossridge Branch,other,unspecified,False,"GLEN ALLEN, VA",,2026-09-18,2026-10-04,False,,high,workday published a record count and the fetch matched it,,,https://wf.wd1.myworkdayjobs.com/wellsfargojobs/job/GLEN-ALLEN-VA/Teller-Part-Time-Bilingual-Crossridge-Branch_R-568827
2026-10-05,closed,wf,wf,token,unverified,workday,Teller Part Time Bilingual Fullerton CA,other,unspecified,False,"FULLERTON, CA",,2026-09-29,2026-10-04,False,,high,workday published a record count and the fetch matched it,,,https://wf.wd1.myworkdayjobs.com/wellsfargojobs/job/FULLERTON-CA/Teller-Part-Time-Bilingual-Fullerton-CA_R-578398
2026-10-05,closed,wf,wf,token,unverified,workday,Teller Part Time Biltmore,other,unspecified,False,"PHOENIX, AZ",,2026-09-15,2026-10-04,False,,high,workday published a record count and the fetch matched it,,,https://wf.wd1.myworkdayjobs.com/wellsfargojobs/job/PHOENIX-AZ/Teller-Part-Time-Biltmore_R-578272
2026-10-05,closed,wf,wf,token,unverified,workday,Teller Part Time College Station,other,unspecified,False,"COLLEGE STATION, TX",,2026-09-15,2026-10-04,False,,high,workday published a record count and the fetch matched it,,,https://wf.wd1.myworkdayjobs.com/wellsfargojobs/job/COLLEGE-STATION-TX/Teller-Part-Time-College-Station_R-573310
2026-10-05,closed,wf,wf,token,unverified,workday,Teller Part Time East Boulder,other,unspecified,False,"BOULDER, CO",,2026-09-15,2026-10-04,False,,high,workday published a record count and the fetch matched it,,,https://wf.wd1.myworkdayjobs.com/wellsfargojobs/job/BOULDER-CO/Teller-Part-Time-East-Boulder_R-578627
2026-10-05,closed,wf,wf,token,unverified,workday,Teller Part Time Foster City,other,unspecified,False,"FOSTER CITY, CA",,2026-09-16,2026-10-04,False,,high,workday published a record count and the fetch matched it,,,https://wf.wd1.myworkdayjobs.com/wellsfargojobs/job/FOSTER-CITY-CA/Teller-Part-Time-Foster-City_R-570234
2026-10-05,closed,wf,wf,token,unverified,workday,Teller Part Time Hill Country District,other,unspecified,False,4 Locations,,2026-10-01,2026-10-04,False,,high,workday published a record count and the fetch matched it,,,https://wf.wd1.myworkdayjobs.com/wellsfargojobs/job/SAN-ANTONIO-TX/Teller-Part-Time-Hill-Country-District_R-579022-1
2026-10-05,closed,wf,wf,token,unverified,workday,Teller Part Time Hillsdale,other,unspecified,False,"SAN MATEO, CA",,2026-09-16,2026-10-04,False,,high,workday published a record count and the fetch matched it,,,https://wf.wd1.myworkdayjobs.com/wellsfargojobs/job/SAN-MATEO-CA/Teller-Part-Time-Hillsdale_R-572396
2026-10-05,closed,wf,wf,token,unverified,workday,Teller Part Time Houston Commercial and MB,other,unspecified,False,"HOUSTON, TX",,2026-09-29,2026-10-04,False,,high,workday published a record count and the fetch matched it,,,https://wf.wd1.myworkdayjobs.com/wellsfargojobs/job/HOUSTON-TX/Teller-Part-Time-Houston-Commercial-and-MB_R-577717
2026-10-05,closed,wf,wf,token,unverified,workday,Teller Part Time La Verne,other,unspecified,False,"LA VERNE, CA",,2026-09-27,2026-10-04,False,,high,workday published a record count and the fetch matched it,,,https://wf.wd1.myworkdayjobs.com/wellsfargojobs/job/LA-VERNE-CA/Teller-Part-Time-La-Verne_R-576063
2026-10-05,closed,wf,wf,token,unverified,workday,Teller Part Time MINNEAPOLIS MN,other,unspecified,False,"MINNEAPOLIS, MN",,2026-09-29,2026-10-04,False,,high,workday published a record count and the fetch matched it,,,https://wf.wd1.myworkdayjobs.com/wellsfargojobs/job/MINNEAPOLIS-MN/Teller-Part-Time-MINNEAPOLIS-MN_R-578221
2026-10-05,closed,wf,wf,token,unverified,workday,Teller Part Time Marion,other,unspecified,False,"MARION, IA",,2026-09-22,2026-10-04,False,,high,workday published a record count and the fetch matched it,,,https://wf.wd1.myworkdayjobs.com/wellsfargojobs/job/MARION-IA/Teller-Part-Time-Marion_R-576314
2026-10-05,closed,wf,wf,token,unverified,workday,Teller Part Time Medford OR,other,unspecified,False,"MEDFORD, OR",,2026-09-23,2026-10-04,False,,high,workday published a record count and the fetch matched it,,,https://wf.wd1.myworkdayjobs.com/wellsfargojobs/job/MEDFORD-OR/Teller-Part-Time-Medford-OR_R-576834
2026-10-05,closed,wf,wf,token,unverified,workday,Teller Part Time Pittsburg,other,unspecified,False,"PITTSBURG, CA",,2026-09-18,2026-10-04,False,,high,workday published a record count and the fetch matched it,,,https://wf.wd1.myworkdayjobs.com/wellsfargojobs/job/PITTSBURG-CA/Teller-Part-Time-Pittsburg_R-578548
2026-10-05,closed,wf,wf,token,unverified,workday,Teller Part Time Preston and Forest,other,unspecified,False,"DALLAS, TX",,2026-10-01,2026-10-04,False,,high,workday published a record count and the fetch matched it,,,https://wf.wd1.myworkdayjobs.com/wellsfargojobs/job/DALLAS-TX/Teller-Part-Time-Preston-and-Forest_R-578636-1
2026-10-05,closed,wf,wf,token,unverified,workday,Teller Part Time ROCHESTER MN,other,unspecified,False,"ROCHESTER, MN",,2026-09-29,2026-10-04,False,,high,workday published a record count and the fetch matched it,,,https://wf.wd1.myworkdayjobs.com/wellsfargojobs/job/ROCHESTER-MN/Teller-Part-Time-ROCHESTER-MN_R-577920
2026-10-05,closed,wf,wf,token,unverified,workday,Teller Part Time Roebuck,other,unspecified,False,"BIRMINGHAM, AL",,2026-09-15,2026-10-04,False,,high,workday published a record count and the fetch matched it,,,https://wf.wd1.myworkdayjobs.com/wellsfargojobs/job/BIRMINGHAM-AL/Teller-Part-Time-Roebuck_R-578306
2026-10-05,closed,wf,wf,token,unverified,workday,Teller Part Time Sauk Rapids,other,unspecified,False,"SAUK RAPIDS, MN",,2026-09-17,2026-10-04,False,,high,workday published a record count and the fetch matched it,,,https://wf.wd1.myworkdayjobs.com/wellsfargojobs/job/SAUK-RAPIDS-MN/Teller-Part-Time-Sauk-Rapids_R-573423
2026-10-05,closed,wf,wf,token,unverified,workday,Teller Part Time Sioux Falls Colonial,other,unspecified,False,"SIOUX FALLS, SD",,2026-09-29,2026-10-04,False,,high,workday published a record count and the fetch matched it,,,https://wf.wd1.myworkdayjobs.com/wellsfargojobs/job/SIOUX-FALLS-SD/Teller-Part-Time-Sioux-Falls-Colonial_R-578085
2026-10-05,closed,wf,wf,token,unverified,workday,Teller Part Time South Crater Branch,other,unspecified,False,"PETERSBURG, VA",,2026-09-29,2026-10-04,False,,high,workday published a record count and the fetch matched it,,,https://wf.wd1.myworkdayjobs.com/wellsfargojobs/job/PETERSBURG-VA/Teller-Part-Time-South-Crater-Branch_R-578204
2026-10-05,closed,wf,wf,token,unverified,workday,Teller Part Time Southern Pines,other,unspecified,False,"SOUTHERN PINES, NC",,2026-09-16,2026-10-04,False,,high,workday published a record count and the fetch matched it,,,https://wf.wd1.myworkdayjobs.com/wellsfargojobs/job/SOUTHERN-PINES-NC/Teller-Part-Time-Southern-Pines_R-574910-1
2026-10-05,closed,wf,wf,token,unverified,workday,Teller Part Time Valley Forge,other,unspecified,False,"DEVON, PA",,2026-09-29,2026-10-04,False,,high,workday published a record count and the fetch matched it,,,https://wf.wd1.myworkdayjobs.com/wellsfargojobs/job/DEVON-PA/Teller-Part-Time-Valley-Forge_R-578579
2026-10-05,closed,wf,wf,token,unverified,workday,Teller Part Time Victory Lakes,other,unspecified,False,"LEAGUE CITY, TX",,2026-09-24,2026-10-04,False,,high,workday published a record count and the fetch matched it,,,https://wf.wd1.myworkdayjobs.com/wellsfargojobs/job/LEAGUE-CITY-TX/Teller-Part-Time-Victory-Lakes_R-564029
2026-10-05,closed,wf,wf,token,unverified,workday,Teller Part Time West Des Moines,other,unspecified,False,"WEST DES MOINES, IA",,2026-09-16,2026-10-04,False,,high,workday published a record count and the fetch matched it,,,https://wf.wd1.myworkdayjobs.com/wellsfargojobs/job/WEST-DES-MOINES-IA/Teller-Part-Time-West-Des-Moines_R-567692
2026-10-05,closed,wf,wf,token,unverified,workday,Teller Part Time Woodlands Branch,other,unspecified,False,"THE WOODLANDS, TX",,2026-09-19,2026-10-04,False,,high,workday published a record count and the fetch matched it,,,https://wf.wd1.myworkdayjobs.com/wellsfargojobs/job/THE-WOODLANDS-TX/Teller-Part-Time-Woodlands-Branch_R-566239
2026-10-05,closed,wf,wf,token,unverified,workday,Teller ROSEVILLE MN,other,unspecified,False,"ROSEVILLE, MN",,2026-09-30,2026-10-04,False,,high,workday published a record count and the fetch matched it,,,https://wf.wd1.myworkdayjobs.com/wellsfargojobs/job/ROSEVILLE-MN/Teller-ROSEVILLE-MN_R-578249
2026-10-05,closed,wf,wf,token,unverified,workday,Teller Santa Ana,other,unspecified,False,"SANTA ANA, CA",,2026-10-03,2026-10-04,False,,high,workday published a record count and the fetch matched it,,,https://wf.wd1.myworkdayjobs.com/wellsfargojobs/job/SANTA-ANA-CA/Teller-Santa-Ana-CA_R-578949
2026-10-05,closed,wf,wf,token,unverified,workday,Teller Stanford Industrial Park,other,unspecified,False,"PALO ALTO, CA",,2026-09-15,2026-10-04,False,,high,workday published a record count and the fetch matched it,,,https://wf.wd1.myworkdayjobs.com/wellsfargojobs/job/PALO-ALTO-CA/Teller-Stanford-Industrial-Park_R-569970
2026-10-05,closed,wf,wf,token,unverified,workday,Teller Summerville Main,other,unspecified,False,"SUMMERVILLE, SC",,2026-09-30,2026-10-04,False,,high,workday published a record count and the fetch matched it,,,https://wf.wd1.myworkdayjobs.com/wellsfargojobs/job/SUMMERVILLE-SC/Teller-Summerville-Main_R-577735
2026-10-05,closed,wf,wf,token,unverified,workday,Treasury Management Support Analyst,data,unspecified,False,5 Locations,,2026-09-30,2026-10-04,False,,high,workday published a record count and the fetch matched it,,,https://wf.wd1.myworkdayjobs.com/wellsfargojobs/job/CHARLOTTE-NC/Treasury-Management-Support-Analyst_R-563748-1
2026-10-05,closed,wf,wf,token,unverified,workday,"Vice President, Macro Trading Business Manager",other,vp,True,"NEW YORK, NY",,2026-09-23,2026-10-04,False,,high,workday published a record count and the fetch matched it,,,https://wf.wd1.myworkdayjobs.com/wellsfargojobs/job/NEW-YORK-NY/Vice-President--Macro-Trading-Business-Manager_R-558449
2026-10-05,opened,wfu,wfu,token,unverified,workday,"Senior Compensation & Benefits Analyst, Human Resources",data,senior,False,"Winston Salem, NC",,2026-10-05,2026-10-05,False,,high,posting was directly observed on the board,,,https://wfu.wd1.myworkdayjobs.com/Staff_Career_Website_live/job/Winston-Salem-NC/Senior-Compensation---Benefits-Analyst--Human-Resources_R0009185
2026-10-05,closed,wgl,wgl,token,unverified,workday,"WGL - Content Advisor, Communications",marketing,unspecified,False,"Washington, DC",,2026-09-24,2026-10-04,False,,high,workday published a record count and the fetch matched it,,,https://wgl.wd5.myworkdayjobs.com/altagas/job/Washington-DC/WGL---Content-Advisor--Communications_R7271
2026-10-05,closed,wgl,wgl,token,unverified,workday,"WGL - Senior Advisor, Communications",marketing,senior,False,"Washington, DC",,2026-09-24,2026-10-04,False,,high,workday published a record count and the fetch matched it,,,https://wgl.wd5.myworkdayjobs.com/altagas/job/Washington-DC/WGL---Senior-Advisor--Communications_R7280
2026-10-05,closed,wgu,wgu,token,unverified,workday,Assessment Strategist,other,unspecified,False,"Salt Lake City, UT",,2026-09-18,2026-10-04,False,,high,workday published a record count and the fetch matched it,,,https://wgu.wd5.myworkdayjobs.com/External/job/Salt-Lake-City-UT/Assessment-Strategist_JR-026179
2026-10-05,closed,wgu,wgu,token,unverified,workday,Content Specialist (Instructional Designer),design,unspecified,False,"Salt Lake City, UT",,2026-09-30,2026-10-04,False,,high,workday published a record count and the fetch matched it,,,https://wgu.wd5.myworkdayjobs.com/External/job/Salt-Lake-City-UT/Content-Specialist--Instructional-Designer-_JR-025443
2026-10-05,closed,wgu,wgu,token,unverified,workday,"Manager, Data Analytics",data,manager,True,"Salt Lake City, UT",,2026-09-15,2026-10-04,False,,high,workday published a record count and the fetch matched it,,,https://wgu.wd5.myworkdayjobs.com/External/job/Salt-Lake-City-UT/Manager--Data-Analytics_JR-026043-1
2026-10-05,closed,wgu,wgu,token,unverified,workday,"Manager, Software Engineering",engineering,manager,True,"Phoenix, AZ",,2026-09-22,2026-10-04,False,,high,workday published a record count and the fetch matched it,,,https://wgu.wd5.myworkdayjobs.com/External/job/Phoenix-AZ/Manager--Software-Engineering_JR-026174-1
2026-10-05,closed,wgu,wgu,token,unverified,workday,Senior AI / ML Product Manager,data,senior,True,"Salt Lake City, UT",,2026-09-17,2026-10-04,False,,high,workday published a record count and the fetch matched it,,,https://wgu.wd5.myworkdayjobs.com/External/job/Salt-Lake-City-UT/Senior-AI---ML-Product-Manager_JR-026164
2026-10-05,closed,wgu,wgu,token,unverified,workday,Senior Software Engineer - Salesforce,engineering,senior,False,"Salt Lake City, UT",,2026-10-03,2026-10-04,False,,high,workday published a record count and the fetch matched it,,,https://wgu.wd5.myworkdayjobs.com/External/job/Salt-Lake-City-UT/Senior-Software-Engineer---Salesforce_JR-025416
2026-10-05,closed,wgu,wgu,token,unverified,workday,Software Engineer II Full Stack (Java/Node.js/Angular),engineering,unspecified,False,"Salt Lake City, UT",,2026-09-17,2026-10-04,False,,high,workday published a record count and the fetch matched it,,,https://wgu.wd5.myworkdayjobs.com/External/job/Salt-Lake-City-UT/Software-Engineer-II-Full-Stack--Java-Nodejs-Angular-_JR-026126
2026-10-05,closed,wgu,wgu,token,unverified,workday,Software Engineer- Salesforce,engineering,unspecified,False,"Salt Lake City, UT",,2026-09-22,2026-10-04,False,,high,workday published a record count and the fetch matched it,,,https://wgu.wd5.myworkdayjobs.com/External/job/Salt-Lake-City-UT/Software-Engineer--Salesforce_JR-025757
2026-10-05,closed,wgu,wgu,token,unverified,workday,"Staff Product Manager, Marketing Optimization",product,staff,True,"Salt Lake City, UT",,2026-09-24,2026-10-04,False,,high,workday published a record count and the fetch matched it,,,https://wgu.wd5.myworkdayjobs.com/External/job/Salt-Lake-City-UT/Staff-Product-Manager--Marketing-Automation_JR-026183
2026-10-05,opened,what3words,what3words,token,unverified,ashby,Staff Backend Engineer,engineering,staff,False,Vietnam Office ,Technology,2026-10-05,2026-10-05,False,,high,posting was directly observed on the board,2026-10-05,0,https://jobs.ashbyhq.com/what3words/a18113e1-c554-4bd6-a5c7-53a41c9c085d
2026-10-05,opened,wheely,wheely,token,unverified,greenhouse,"GM, Wheely for Business",other,unspecified,False,"London, England, United Kingdom; New York, New York, United States",Executive,2026-10-05,2026-10-05,False,,high,posting was directly observed on the board,2026-10-05,0,https://boards.greenhouse.io/wheely/jobs/8011693003?gh_jid=8011693003
2026-10-05,opened,whippy,whippy,token,unverified,ashby,Head of Operations,operations,lead,True,Remote- United States,Operations,2026-10-05,2026-10-05,False,,high,posting was directly observed on the board,2026-10-04,1,https://jobs.ashbyhq.com/whippy/c776d73c-ffcf-46a1-a839-107d016b6a59
2026-10-05,opened,whippy,whippy,token,unverified,ashby,Operations Associate (LATAM),operations,junior,False,Remote - Latin America,Operations,2026-10-05,2026-10-05,False,,high,posting was directly observed on the board,2026-10-04,1,https://jobs.ashbyhq.com/whippy/fff7402a-1b71-4bbc-8620-ee120e8d57b4
2026-10-05,closed,whippy,whippy,token,unverified,ashby,Head of Marketing,marketing,lead,True,Remote- United States,Marketing,2026-09-15,2026-10-04,False,,medium,ashby publishes no count; whole board returned in one call,,,https://jobs.ashbyhq.com/whippy/53e74d42-57f1-4285-a5e2-c38e04c46a0b
2026-10-05,opened,whitecircle,whitecircle,token,unverified,ashby,Communications Designer,design,unspecified,False,NY,Creative,2026-10-05,2026-10-05,False,,high,posting was directly observed on the board,2026-10-05,0,https://jobs.ashbyhq.com/whitecircle/0c241cb5-7405-4dc5-a1b8-849b3e135a6f
2026-10-05,opened,whop,whop,token,unverified,ashby,"Account Manager, Education (US)",sales,manager,True,"Brooklyn, NY",Growth,2026-10-05,2026-10-05,False,,high,posting was directly observed on the board,2026-10-04,1,https://jobs.ashbyhq.com/whop/09a40d97-7a2c-43aa-a6f6-6a7b1a6bdedd
2026-10-05,opened,whop,whop,token,unverified,ashby,Finance Systems Engineer,engineering,unspecified,False,"Palo Alto, CA",Finance,2026-10-05,2026-10-05,False,,high,posting was directly observed on the board,2026-10-05,0,https://jobs.ashbyhq.com/whop/456e1dde-3902-475f-b4f1-7b192535c6b8
2026-10-05,closed,wingmangroup,wingmangroup,token,unverified,recruitee,Executive Assistant - WMG00574,other,unspecified,False,Remote job,Administration,2026-09-18,2026-10-04,False,,medium,recruitee publishes no count; whole board returned in one call,,,https://wingmangroup.recruitee.com/o/executive-assistant-wmg00574
2026-10-05,closed,wisconsin,wisconsin,token,unverified,workday,Associate Dean of Operations & External Relations,operations,junior,False,University of Wisconsin Madison,,2026-09-15,2026-10-04,False,,high,workday published a record count and the fetch matched it,,,https://wisconsin.wd1.myworkdayjobs.com/UW_Madison/job/Madison-WI/Associate-Dean-of-Operations---External-Relations_JR10014973
2026-10-05,closed,wisconsin,wisconsin,token,unverified,workday,Business Analyst,data,unspecified,False,University of Wisconsin Madison,,2026-09-19,2026-10-04,False,,high,workday published a record count and the fetch matched it,,,https://wisconsin.wd1.myworkdayjobs.com/UW_Madison/job/Madison-WI/Business-Analyst_JR10014513
2026-10-05,closed,wisconsin,wisconsin,token,unverified,workday,Catering Supervisor -  Union South,other,manager,True,University of Wisconsin Madison,,2026-09-19,2026-10-04,False,,high,workday published a record count and the fetch matched it,,,https://wisconsin.wd1.myworkdayjobs.com/UW_Madison/job/Madison-WI/Catering-Supervisor----Union-South_JR10015211
2026-10-05,closed,wisconsin,wisconsin,token,unverified,workday,Cook - TE,other,unspecified,False,University of Wisconsin Madison,,2026-09-15,2026-10-04,False,,high,workday published a record count and the fetch matched it,,,https://wisconsin.wd1.myworkdayjobs.com/UW_Madison/job/Madison-WI/Cook---TE_JR10014313
2026-10-05,closed,wisconsin,wisconsin,token,unverified,workday,Employee Accommodation Specialist,other,unspecified,False,University of Wisconsin Madison,,2026-09-15,2026-10-04,False,,high,workday published a record count and the fetch matched it,,,https://wisconsin.wd1.myworkdayjobs.com/UW_Madison/job/Madison-WI/Employee-Accommodation-Specialist_JR10013167
2026-10-05,closed,wisconsin,wisconsin,token,unverified,workday,Engineering Student Engagement Coordinator,engineering,unspecified,False,University of Wisconsin Madison,,2026-09-15,2026-10-04,False,,high,workday published a record count and the fetch matched it,,,https://wisconsin.wd1.myworkdayjobs.com/UW_Madison/job/Madison-WI/Engineering-Student-Engagement-Coordinator_JR10014842
2026-10-05,closed,wisconsin,wisconsin,token,unverified,workday,Financial Coordinator,other,unspecified,False,University of Wisconsin Madison,,2026-09-17,2026-10-04,False,,high,workday published a record count and the fetch matched it,,,https://wisconsin.wd1.myworkdayjobs.com/UW_Madison/job/Madison-WI/Financial-Coordinator_JR10015117
2026-10-05,closed,wisconsin,wisconsin,token,unverified,workday,Non-Profit Financial Manager,other,manager,True,University of Wisconsin Madison,,2026-09-15,2026-10-04,False,,high,workday published a record count and the fetch matched it,,,https://wisconsin.wd1.myworkdayjobs.com/UW_Madison/job/Madison-WI/Non-Profit-Financial-Manager_JR10014854
2026-10-05,closed,wisconsin,wisconsin,token,unverified,workday,"Program & Recruitment Coordinator, Office of Career & Professional Development",people,unspecified,False,University of Wisconsin Madison,,2026-09-15,2026-10-04,False,,high,workday published a record count and the fetch matched it,,,https://wisconsin.wd1.myworkdayjobs.com/UW_Madison/job/Madison-WI/Program---Recruitment-Coordinator--Office-of-Career---Professional-Development_JR10014902
2026-10-05,closed,wisconsin,wisconsin,token,unverified,workday,Student Success Coach,other,unspecified,False,University of Wisconsin Madison,,2026-09-16,2026-10-04,False,,high,workday published a record count and the fetch matched it,,,https://wisconsin.wd1.myworkdayjobs.com/UW_Madison/job/Madison-WI/Student-Success-Coach_JR10014972
2026-10-05,closed,wisconsin,wisconsin,token,unverified,workday,Windows System Administrator,other,unspecified,False,University of Wisconsin Madison,,2026-09-15,2026-10-04,False,,high,workday published a record count and the fetch matched it,,,https://wisconsin.wd1.myworkdayjobs.com/UW_Madison/job/Madison-WI/Windows-System-Administrator_JR10014955
2026-10-05,closed,wisconsin,wisconsin,token,unverified,workday,Wisconsin Singers Program Manager,other,manager,True,University of Wisconsin Madison,,2026-09-18,2026-10-04,False,,high,workday published a record count and the fetch matched it,,,https://wisconsin.wd1.myworkdayjobs.com/UW_Madison/job/Madison-WI/WI-Singers-Program-Manager_JR10015124
2026-10-05,closed,wisconsin,wisconsin,token,unverified,workday,Wisconsin Union Chief Operating Officer,other,c-level,True,University of Wisconsin Madison,,2026-09-15,2026-10-04,False,,high,workday published a record count and the fetch matched it,,,https://wisconsin.wd1.myworkdayjobs.com/UW_Madison/job/Madison-WI/Wisconsin-Union-Chief-Operating-Officer_JR10014296
2026-10-05,closed,wkt,wkt,token,unverified,unknown,Internal Only- Construction Lineman,other,unspecified,False,"Mayfield, Kentucky",Construction,2026-09-24,2026-10-04,False,,low,"source platform could not be identified from the posting URL, so completeness cannot be assessed",,,https://wkt.bamboohr.com/careers/160
2026-10-05,closed,workday,workday,token,unverified,workday,"AD, Azure AD and PKI Architect",other,unspecified,False,IND.Pune,,2026-09-25,2026-10-04,False,,high,workday published a record count and the fetch matched it,,,https://workday.wd5.myworkdayjobs.com/Workday/job/INDPune/AD--Azure-AD-and-PKI-Architect_JR-0108937-1
2026-10-05,closed,workday,workday,token,unverified,workday,Data Platform Engineer - Cybersecurity,engineering,unspecified,False,"Ireland, Dublin",,2026-09-15,2026-10-04,False,,high,workday published a record count and the fetch matched it,,,https://workday.wd5.myworkdayjobs.com/Workday/job/Ireland-Dublin/Data-Platform-Engineer---Cybersecurity_JR-0108816
2026-10-05,opened,workday,workday,token,unverified,workday,"Principal, Workday Finance Technical Architect",finance,principal,False,2 Locations,,2026-10-05,2026-10-05,False,,high,posting was directly observed on the board,,,https://workday.wd5.myworkdayjobs.com/Workday/job/USA-CA-Pleasanton/Principal--Workday-Finance-Technical-Architect_JR-0110105-1
2026-10-05,closed,workday,workday,token,unverified,workday,Project Director - UKI,other,director,True,"United Kingdom, London",,2026-09-24,2026-10-04,False,,high,workday published a record count and the fetch matched it,,,https://workday.wd5.myworkdayjobs.com/Workday/job/United-Kingdom-London/Project-Director---UKI_JR-0110415
2026-10-05,closed,workday,workday,token,unverified,workday,"Regional Sales Director - Federal Systems Integrators, DOD and IC",sales,director,True,5 Locations,,2026-09-16,2026-10-04,False,,high,workday published a record count and the fetch matched it,,,https://workday.wd5.myworkdayjobs.com/Workday/job/USAVAReston/Regional-Sales-Director---Federal-Systems-Integrators--DOD-and-IC_JR-0105160
2026-10-05,opened,workday,workday,token,unverified,workday,Senior Account Executive - Philippines,sales,senior,False,Singapore,,2026-10-05,2026-10-05,False,,high,posting was directly observed on the board,,,https://workday.wd5.myworkdayjobs.com/Workday/job/Singapore/Senior-Account-Executive---Philippines_JR-0110646-1
2026-10-05,closed,workday,workday,token,unverified,workday,Senior Payroll and Absence Enterprise Applications Analyst,data,senior,False,2 Locations,,2026-09-24,2026-10-04,False,,high,workday published a record count and the fetch matched it,,,https://workday.wd5.myworkdayjobs.com/Workday/job/USA-CA-Pleasanton/Senior-Payroll-and-Absence-Enterprise-Applications-Analyst_JR-0110177
2026-10-05,closed,workday,workday,token,unverified,workday,Senior Software Development Engineer - Product Development Tools,engineering,senior,False,"Ireland, Dublin",,2026-09-15,2026-10-04,False,,high,workday published a record count and the fetch matched it,,,https://workday.wd5.myworkdayjobs.com/Workday/job/Ireland-Dublin/Senior-Software-Development-Engineer---Product-Development-Tools_JR-0107869
2026-10-05,closed,workday,workday,token,unverified,workday,Senior Sourcing Manager,other,senior,True,2 Locations,,2026-10-03,2026-10-04,False,,high,workday published a record count and the fetch matched it,,,https://workday.wd5.myworkdayjobs.com/Workday/job/USA-UT-Salt-Lake-City/Senior-Sourcing-Manager_JR-0109813
2026-10-05,closed,workday,workday,token,unverified,workday,Sr Product Manager - Development Tools,product,senior,True,"USA, CA, Pleasanton",,2026-09-17,2026-10-04,False,,high,workday published a record count and the fetch matched it,,,https://workday.wd5.myworkdayjobs.com/Workday/job/USA-CA-Pleasanton/Sr-Product-Manager---Development-Tools_JR-0107813
2026-10-05,closed,workday,workday,token,unverified,workday,Sr Software Development Engineer (Full Stack) - Evisort AI,engineering,senior,False,3 Locations,,2026-09-15,2026-10-04,False,,high,workday published a record count and the fetch matched it,,,https://workday.wd5.myworkdayjobs.com/Workday/job/USA-CA-Pleasanton/Sr-Software-Development-Engineer--Full-Stack----Evisort-AI_JR-0108840
2026-10-05,closed,workday,workday,token,unverified,workday,Sr. Software Development Engineer,engineering,senior,False,2 Locations,,2026-09-22,2026-10-04,False,,high,workday published a record count and the fetch matched it,,,https://workday.wd5.myworkdayjobs.com/Workday/job/USA-CO-Boulder/Sr-Software-Development-Engineer_JR-0109804
2026-10-05,closed,workday,workday,token,unverified,workday,"Sr. Software Development Engineer / Principal, Software Development Engineer",engineering,principal,False,2 Locations,,2026-09-22,2026-10-04,False,,high,workday published a record count and the fetch matched it,,,https://workday.wd5.myworkdayjobs.com/Workday/job/Canada-BC-Vancouver/Principal--Software-Development-Engineer_JR-0108059
2026-10-05,closed,world4822stri986des,world4822stri986des,token,unverified,greenhouse,Outside Sales Representative - FL,sales,unspecified,False,Orlando - Florida,Group - K12 Domestic Sales ,2026-09-15,2026-10-04,False,,high,greenhouse published a record count and the fetch matched it,,,https://job-boards.greenhouse.io/world4822stri986des/jobs/5397157008
2026-10-05,opened,worldvision,worldvision,token,unverified,bamboohr,Accountability Officer,other,unspecified,False,"Amhara Regional Office, Ethiopia",,2026-10-05,2026-10-05,False,,high,posting was directly observed on the board,,,https://worldvision.wd1.myworkdayjobs.com/WorldVisionInternational/job/Amhara-Regional-Office-Ethiopia/Accountability-Officer_JR53020
2026-10-05,closed,worldvision,worldvision,token,unverified,bamboohr,CORDINATEUR FINANCE,finance,unspecified,False,"Bangui, Central African Republic",,2026-09-22,2026-10-04,False,,high,bamboohr published a record count and the fetch matched it,,,https://worldvision.wd1.myworkdayjobs.com/WorldVisionInternational/job/Bangui-Central-African-Republic/CORDINATEUR-FINANCE_JR52823
2026-10-05,opened,worldvision,worldvision,token,unverified,bamboohr,Child Protection and Violence  Against Women  and Girls Coordinator,other,unspecified,False,"Gazgibla, Ethiopia",,2026-10-05,2026-10-05,False,,high,posting was directly observed on the board,,,https://worldvision.wd1.myworkdayjobs.com/WorldVisionInternational/job/Gazgibla-Ethiopia/Child-Protection-and-Violence--Against-Women--and-Girls-Coordinator_JR53012
2026-10-05,closed,worldvision,worldvision,token,unverified,bamboohr,Communications Coordinator,marketing,unspecified,False,"Western Highlands Province, Papua New Guinea",,2026-09-21,2026-10-04,False,,high,bamboohr published a record count and the fetch matched it,,,https://worldvision.wd1.myworkdayjobs.com/WorldVisionInternational/job/Western-Highlands-Province-Papua-New-Guinea/Communications-Coordinator_JR52784
2026-10-05,closed,worldvision,worldvision,token,unverified,bamboohr,DMEAL Officer - Faith For Every Child Project,other,unspecified,False,Mokhotlong,,2026-09-24,2026-10-04,False,,high,bamboohr published a record count and the fetch matched it,,,https://worldvision.wd1.myworkdayjobs.com/WorldVisionInternational/job/Mokhotlong/DMEAL-Officer---Faith-For-Every-Child-Project_JR52888
2026-10-05,closed,worldvision,worldvision,token,unverified,bamboohr,Development Field Officer,other,unspecified,False,"Bilin ADP, Myanmar",,2026-09-28,2026-10-04,False,,high,bamboohr published a record count and the fetch matched it,,,https://worldvision.wd1.myworkdayjobs.com/WorldVisionInternational/job/Bilin-ADP-Myanmar/Development-Field-Officer_JR52919
2026-10-05,closed,worldvision,worldvision,token,unverified,bamboohr,Driver cum Logistics Assistant,operations,unspecified,False,"Tada-U Area Program, Myanmar",,2026-09-28,2026-10-04,False,,high,bamboohr published a record count and the fetch matched it,,,https://worldvision.wd1.myworkdayjobs.com/WorldVisionInternational/job/Tada-U-Area-Program-Myanmar/Driver-cum-Logistics-Assistant_JR52626
2026-10-05,opened,worldvision,worldvision,token,unverified,bamboohr,Emergency Agriculture Officer,other,unspecified,False,"Eastern Amhara, Ethiopia",,2026-10-05,2026-10-05,False,,high,posting was directly observed on the board,,,https://worldvision.wd1.myworkdayjobs.com/WorldVisionInternational/job/Eastern-Amhara-Ethiopia/Emergency-Agriculture-Officer_JR53024-1
2026-10-05,opened,worldvision,worldvision,token,unverified,bamboohr,Emergency WASH Officer/Engineer,engineering,unspecified,False,"Goncha, Ethiopia",,2026-10-05,2026-10-05,False,,high,posting was directly observed on the board,,,https://worldvision.wd1.myworkdayjobs.com/WorldVisionInternational/job/Goncha-Ethiopia/Emergency-WASH-Officer-Engineer_JR53033
2026-10-05,closed,worldvision,worldvision,token,unverified,bamboohr,Facilitador/a Proyecto Iglesias que Transforman,other,unspecified,False,"PDA Haina, Dominican Republic",,2026-09-22,2026-10-04,False,,high,bamboohr published a record count and the fetch matched it,,,https://worldvision.wd1.myworkdayjobs.com/WorldVisionInternational/job/PDA-Haina-Dominican-Republic/Facilitador-a-Proyecto-Iglesias-que-Transforman_JR52825
2026-10-05,opened,worldvision,worldvision,token,unverified,bamboohr,Health Offcier,other,unspecified,False,"Goncha, Ethiopia",,2026-10-05,2026-10-05,False,,high,posting was directly observed on the board,,,https://worldvision.wd1.myworkdayjobs.com/WorldVisionInternational/job/Goncha-Ethiopia/Health-Offcier_JR53021
2026-10-05,opened,worldvision,worldvision,token,unverified,bamboohr,Health and Nutrition Coordinator,other,unspecified,False,"Gazgibla, Ethiopia",,2026-10-05,2026-10-05,False,,high,posting was directly observed on the board,,,https://worldvision.wd1.myworkdayjobs.com/WorldVisionInternational/job/Gazgibla-Ethiopia/Health-and-Nutrition-Coordinator_JR53022
2026-10-05,opened,worldvision,worldvision,token,unverified,bamboohr,Mental Health and Psycho-Social Support Officer,support,unspecified,False,"Goncha, Ethiopia",,2026-10-05,2026-10-05,False,,high,posting was directly observed on the board,,,https://worldvision.wd1.myworkdayjobs.com/WorldVisionInternational/job/Goncha-Ethiopia/Mental-Health-and-Psycho-Social-Support-Officer_JR53042
2026-10-05,closed,worldvision,worldvision,token,unverified,bamboohr,Monitoring & Evaluation Coordinator,other,unspecified,False,"Western Highlands Province, Papua New Guinea",,2026-09-21,2026-10-04,False,,high,bamboohr published a record count and the fetch matched it,,,https://worldvision.wd1.myworkdayjobs.com/WorldVisionInternational/job/Western-Highlands-Province-Papua-New-Guinea/Monitoring---Evaluation-Coordinator_JR52786
2026-10-05,opened,worldvision,worldvision,token,unverified,bamboohr,"Monitoring, Evaluation, Accountability and Learning Officer",other,unspecified,False,"Goncha, Ethiopia",,2026-10-05,2026-10-05,False,,high,posting was directly observed on the board,,,https://worldvision.wd1.myworkdayjobs.com/WorldVisionInternational/job/Goncha-Ethiopia/Monitoring--Evaluation--Accountability-and-Learning-Officer_JR53019
2026-10-05,opened,worldvision,worldvision,token,unverified,bamboohr,Multi Sectoral Coordinator (District Level),other,unspecified,False,"Gazgibla, Ethiopia",,2026-10-05,2026-10-05,False,,high,posting was directly observed on the board,,,https://worldvision.wd1.myworkdayjobs.com/WorldVisionInternational/job/Gazgibla-Ethiopia/Multi-Sectoral-Coordinator--District-Level-_JR53031
2026-10-05,opened,worldvision,worldvision,token,unverified,bamboohr,Multi-Purpose Cash Assistance Officer,other,unspecified,False,"Goncha, Ethiopia",,2026-10-05,2026-10-05,False,,high,posting was directly observed on the board,,,https://worldvision.wd1.myworkdayjobs.com/WorldVisionInternational/job/Goncha-Ethiopia/Multi-Purpose-Cash-Assistance-Officer_JR53049-1
2026-10-05,closed,worldvision,worldvision,token,unverified,bamboohr,Pasante(Virtual) de Apoyo en Diseño y Comunicaciones para External Engagement,other,unspecified,False,"San José, Costa Rica",,2026-09-19,2026-10-04,False,,high,bamboohr published a record count and the fetch matched it,,,https://worldvision.wd1.myworkdayjobs.com/WorldVisionInternational/job/San-Jos-Costa-Rica/Pasante-Virtual--de-Apoyo-en-Diseo-y-Comunicaciones-para-External-Engagement_JR52748
2026-10-05,closed,worldvision,worldvision,token,unverified,bamboohr,Program Data Analyst,data,unspecified,False,"Quezon City, Philippines",,2026-09-15,2026-10-04,False,,high,bamboohr published a record count and the fetch matched it,,,https://worldvision.wd1.myworkdayjobs.com/WorldVisionInternational/job/Quezon-City-Philippines/Program-Data-Analyst_JR51650
2026-10-05,closed,worldvision,worldvision,token,unverified,bamboohr,Program Director,other,director,True,"Yangon, Myanmar",,2026-09-21,2026-10-04,False,,high,bamboohr published a record count and the fetch matched it,,,https://worldvision.wd1.myworkdayjobs.com/WorldVisionInternational/job/Yangon-Myanmar/Program-Director_JR51020
2026-10-05,closed,worldvision,worldvision,token,unverified,bamboohr,Project Assistants (2) Faith For Every Child Project,other,unspecified,False,2 Locations,,2026-09-24,2026-10-04,False,,high,bamboohr published a record count and the fetch matched it,,,https://worldvision.wd1.myworkdayjobs.com/WorldVisionInternational/job/Mokhotlong/Project-Assistants--2--Faith-For-Every-Child-Project_JR52887
2026-10-05,closed,worldvision,worldvision,token,unverified,bamboohr,Project Officer (Resilience & Livelihoods),other,unspecified,False,"Babati, Tanzania, United Republic Of",,2026-09-21,2026-10-04,False,,high,bamboohr published a record count and the fetch matched it,,,https://worldvision.wd1.myworkdayjobs.com/WorldVisionInternational/job/Babati-Tanzania-United-Republic-Of/Project-Officer--Resilience---Livelihoods-_JR52800
2026-10-05,closed,worldvision,worldvision,token,unverified,bamboohr,Project Officer - Faith For Every Child Project,other,unspecified,False,Mokhotlong,,2026-09-24,2026-10-04,False,,high,bamboohr published a record count and the fetch matched it,,,https://worldvision.wd1.myworkdayjobs.com/WorldVisionInternational/job/Mokhotlong/Project-Officer---Faith-For-Every-Child-Project_JR52877
2026-10-05,closed,worldvision,worldvision,token,unverified,bamboohr,Senior Programs Finance Officer,finance,senior,False,"Kagera, Tanzania, United Republic Of",,2026-09-21,2026-10-04,False,,high,bamboohr published a record count and the fetch matched it,,,https://worldvision.wd1.myworkdayjobs.com/WorldVisionInternational/job/Kagera-Tanzania-United-Republic-Of/Senior-Programs-Finance-Officer_JR52801
2026-10-05,opened,worldvision,worldvision,token,unverified,bamboohr,Social Worker,other,unspecified,False,"Eastern Amhara, Ethiopia",,2026-10-05,2026-10-05,False,,high,posting was directly observed on the board,,,https://worldvision.wd1.myworkdayjobs.com/WorldVisionInternational/job/Eastern-Amhara-Ethiopia/Social-Worker_JR53004
2026-10-05,closed,worldvision,worldvision,token,unverified,bamboohr,South East Area Manager,other,manager,True,"Home Working, United Kingdom",,2026-09-15,2026-10-04,False,,high,bamboohr published a record count and the fetch matched it,,,https://worldvision.wd1.myworkdayjobs.com/WorldVisionInternational/job/Home-Working-United-Kingdom/South-East-Area-Manager_JR52394
2026-10-05,opened,worldvision,worldvision,token,unverified,bamboohr,Sponsorship Officer,other,unspecified,False,"Ambassel, Ethiopia",,2026-10-05,2026-10-05,False,,high,posting was directly observed on the board,,,https://worldvision.wd1.myworkdayjobs.com/WorldVisionInternational/job/Ambassel-Ethiopia/Sponsorship-Officer_JR53064
2026-10-05,opened,worldvision,worldvision,token,unverified,bamboohr,Technical Advisor (Health),other,unspecified,False,"Yangon, Myanmar",,2026-10-05,2026-10-05,False,,high,posting was directly observed on the board,,,https://worldvision.wd1.myworkdayjobs.com/WorldVisionInternational/job/Yangon-Myanmar/Technical-Advisor--Health-_JR53037
2026-10-05,closed,worldvision,worldvision,token,unverified,bamboohr,Two (2) Community Coordinators for Songinokhairkhan ADP,other,unspecified,False,"Songinokhairkhan ADP, Mongolia",,2026-09-15,2026-10-04,False,,high,bamboohr published a record count and the fetch matched it,,,https://worldvision.wd1.myworkdayjobs.com/WorldVisionInternational/job/Songinokhairkhan-ADP-Mongolia/Two--2--Community-Coordinators-for-Songinokhairkhan-ADP_JR51827
2026-10-05,opened,wri,wri,token,unverified,workday,Junior Program Associate - Urban Development,other,junior,False,"Bangalore, India",,2026-10-05,2026-10-05,False,,high,posting was directly observed on the board,,,https://wri.wd501.myworkdayjobs.com/WRI_India/job/Bangalore-India/Junior-Program-Associate---Urban-Development_2026-JR100499
2026-10-05,opened,wri,wri,token,unverified,workday,Program Associate - Urban Development,other,junior,False,"Bangalore, India",,2026-10-05,2026-10-05,False,,high,posting was directly observed on the board,,,https://wri.wd501.myworkdayjobs.com/WRI_India/job/Bangalore-India/Program-Associate---Urban-Development_2026-JR100500
2026-10-05,opened,wri,wri,token,unverified,workday,Senior Program Specialist - Agriculture Finance Research,finance,senior,False,"New Delhi, India",,2026-10-05,2026-10-05,False,,high,posting was directly observed on the board,,,https://wri.wd501.myworkdayjobs.com/WRI_India/job/New-Delhi-India/Senior-Program-Specialist---Agriculture-Finance-Research_2026-JR100501
2026-10-05,opened,wrike,wrike,token,unverified,greenhouse, Scale Customer Success Manager ,support,manager,True,Bangalore,Confidential,2026-10-05,2026-10-05,False,,high,posting was directly observed on the board,2026-10-05,0,https://job-boards.greenhouse.io/wrike/jobs/4520878005
2026-10-05,closed,wrike,wrike,token,unverified,greenhouse,Mid SOC Analyst,data,unspecified,False,Bangalore,4400 Security,2026-09-18,2026-10-04,False,,high,greenhouse published a record count and the fetch matched it,,,https://job-boards.greenhouse.io/wrike/jobs/4565020005
2026-10-05,opened,writer,writer,token,unverified,ashby,Enterprise AI transformation lead (UK),other,lead,False,"London, UK",Delivery & customer success,2026-09-15,2026-10-05,False,,high,posting was directly observed on the board,2026-10-05,0,https://jobs.ashbyhq.com/writer/da607c2c-0d6d-4bc7-b86e-a05859370ea2
2026-10-05,opened,writer,writer,token,unverified,ashby,Strategic AI transformation lead (UK),other,lead,False,"London, UK",Delivery & customer success,2026-09-15,2026-10-05,False,,high,posting was directly observed on the board,2026-10-05,0,https://jobs.ashbyhq.com/writer/3b600a0b-3b65-4973-8346-9763360a0dea
2026-10-05,closed,wsu,wsu,token,unverified,workday,"Business Services Manager | Office of Academic Engagement (Pullman, WA)",other,manager,True,"Pullman, WA",,2026-09-15,2026-10-04,False,,high,workday published a record count and the fetch matched it,,,https://wsu.wd5.myworkdayjobs.com/WSU_Jobs/job/Pullman-WA/Business-Services-Manager---Office-of-Academic-Engagement--Pullman--WA-_R-15358
2026-10-05,closed,wsu,wsu,token,unverified,workday,"Campus Event Coordinator | WSU Tri-Cities (Richland, WA)",other,unspecified,False,"Richland, WA",,2026-09-18,2026-10-04,False,,high,workday published a record count and the fetch matched it,,,https://wsu.wd5.myworkdayjobs.com/WSU_Jobs/job/Richland-WA/Campus-Event-Coordinator---WSU-Tri-Cities--Richland--WA-_R-15444
2026-10-05,closed,wsu,wsu,token,unverified,workday,Clinical Pathology | Clinical Career Track | Open Rank,other,unspecified,False,"Pullman, WA",,2026-09-15,2026-10-04,False,,high,workday published a record count and the fetch matched it,,,https://wsu.wd5.myworkdayjobs.com/WSU_Jobs/job/Pullman-WA/Clinical-Pathology---Clinical-Career-Track---Open-Rank_R-15325
2026-10-05,closed,wsu,wsu,token,unverified,workday,Grants & Contracts Administrator,other,unspecified,False,6 Locations,,2026-09-19,2026-10-04,False,,high,workday published a record count and the fetch matched it,,,https://wsu.wd5.myworkdayjobs.com/WSU_Jobs/job/Spokane-WA/Grants---Contracts-Administrator_R-15457
2026-10-05,closed,wsu,wsu,token,unverified,workday,Microbiologist 2,other,unspecified,False,"Puyallup, WA",,2026-09-16,2026-10-04,False,,high,workday published a record count and the fetch matched it,,,https://wsu.wd5.myworkdayjobs.com/WSU_Jobs/job/Puyallup-WA/Microbiologist-2_R-15429
2026-10-05,closed,wsu,wsu,token,unverified,workday,Postdoctoral Research Associate | College of Medicine,other,junior,False,"Spokane, WA",,2026-09-15,2026-10-04,False,,high,workday published a record count and the fetch matched it,,,https://wsu.wd5.myworkdayjobs.com/WSU_Jobs/job/Spokane-WA/Postdoctoral-Research-Associate---College-of-Medicine_R-15349
2026-10-05,closed,wsu,wsu,token,unverified,workday,Radiochemist,other,unspecified,False,"Pullman, WA",,2026-09-15,2026-10-04,False,,high,workday published a record count and the fetch matched it,,,https://wsu.wd5.myworkdayjobs.com/WSU_Jobs/job/Pullman-WA/Radiochemist_R-15314
2026-10-05,closed,wsu,wsu,token,unverified,workday,Veterinary Technician Assistant,operations,unspecified,False,"Pullman, WA",,2026-09-15,2026-10-04,False,,high,workday published a record count and the fetch matched it,,,https://wsu.wd5.myworkdayjobs.com/WSU_Jobs/job/Pullman-WA/Veterinary-Technician-Assistant_R-15093
2026-10-05,closed,wsu,wsu,token,unverified,workday,Veterinary Technician Assistant - Large Animal Hospital,operations,unspecified,False,"Pullman, WA",,2026-09-17,2026-10-04,False,,high,workday published a record count and the fetch matched it,,,https://wsu.wd5.myworkdayjobs.com/WSU_Jobs/job/Pullman-WA/Animal-Technician-3---Large-Animal-Hospital_R-15428
2026-10-05,opened,wusc,wusc,token,unverified,bamboohr,Consultant(s) - Community Engagement and Communication (CEC) to promote inclusive youth participation in TVET through campaigning,other,unspecified,False,"East   (Batticaloa &Trincomalee),  North (Kilinochchi, Vavuniya & Mullaitivu), Sri Lanka",Sri Lanka,2026-10-05,2026-10-05,False,,high,posting was directly observed on the board,,,https://wusc.bamboohr.com/careers/398
2026-10-05,opened,wusc,wusc,token,unverified,bamboohr,DREEM Youth RDP Inclusion Advisors/ Youth Expert Pool,other,unspecified,False,Kenya,WUSC - Multiple locations,2026-10-05,2026-10-05,False,,high,posting was directly observed on the board,,,https://wusc.bamboohr.com/careers/401
2026-10-05,opened,wvumedicine,wvumedicine,token,unverified,workday,Associate Technical Support Analyst,data,junior,False,Information Technology Center,,2026-10-05,2026-10-05,False,,high,posting was directly observed on the board,,,https://wvumedicine.wd1.myworkdayjobs.com/WVUH/job/Information-Technology-Center/Associate-Technical-Support-Analyst_JR26-46385
2026-10-05,opened,wvumedicine,wvumedicine,token,unverified,workday,Dietetic Assistant,other,unspecified,False,Ruby Memorial Hospital (WVUH),,2026-09-15,2026-10-05,False,,high,posting was directly observed on the board,,,https://wvumedicine.wd1.myworkdayjobs.com/WVUH/job/Ruby-Memorial-Hospital-WVUH/Dietetic-Assistant_JR26-46164
2026-10-05,closed,wvumedicine,wvumedicine,token,unverified,workday,Director - RNI Service Line Development,other,director,True,WVUHS Innovation Center,,2026-10-01,2026-10-04,False,,high,workday published a record count and the fetch matched it,,,https://wvumedicine.wd1.myworkdayjobs.com/WVUH/job/WVUHS-Innovation-Center/Director---RNI-Service-Line-Development_JR26-46216
2026-10-05,opened,wvumedicine,wvumedicine,token,unverified,workday,Facilities Tech I,other,unspecified,False,Princeton Community Hospital (PCH),,2026-10-05,2026-10-05,False,,high,posting was directly observed on the board,,,https://wvumedicine.wd1.myworkdayjobs.com/WVUH/job/Princeton-Community-Hospital-PCH/Facilities-Tech-III_JR26-39918
2026-10-05,opened,wvumedicine,wvumedicine,token,unverified,workday,Faculty Physician - URPS,clinical,unspecified,False,Ruby Memorial Hospital (WVUH),,2026-10-05,2026-10-05,False,,high,posting was directly observed on the board,,,https://wvumedicine.wd1.myworkdayjobs.com/WVUH/job/Ruby-Memorial-Hospital-WVUH/Faculty-Physician---URPS_JR26-46803
2026-10-05,closed,wvumedicine,wvumedicine,token,unverified,workday,Information Technology Summer 2027 Internship,other,intern,False,Information Technology Center,,2026-09-18,2026-10-04,False,,high,workday published a record count and the fetch matched it,,,https://wvumedicine.wd1.myworkdayjobs.com/WVUH/job/Information-Technology-Center/Information-Technology-Summer-2027-Internship_JR26-45490
2026-10-05,opened,wvumedicine,wvumedicine,token,unverified,workday,Nutrition Care Asst-28,other,unspecified,False,Ruby Memorial Hospital (WVUH),,2026-10-05,2026-10-05,False,,high,posting was directly observed on the board,,,https://wvumedicine.wd1.myworkdayjobs.com/WVUH/job/Ruby-Memorial-Hospital-WVUH/Nutrition-Care-Asst-28_JR26-46287
2026-10-05,closed,wvumedicine,wvumedicine,token,unverified,workday,"Physician, Acute Care Surgeon (ACS) / Trauma Surgeon",clinical,unspecified,False,Berkeley Medical Center (BMC),,2026-09-15,2026-10-04,False,,high,workday published a record count and the fetch matched it,,,https://wvumedicine.wd1.myworkdayjobs.com/WVUH/job/Berkeley-Medical-Center-BMC/Physician--Acute-Care-Surgeon--ACS----Trauma-Surgeon_JR26-42308
2026-10-05,closed,wvumedicine,wvumedicine,token,unverified,workday,"Physician, Endocrinology - Weirton Medical Center",clinical,unspecified,False,Weirton Medical Center (WMCH),,2026-09-15,2026-10-04,False,,high,workday published a record count and the fetch matched it,,,https://wvumedicine.wd1.myworkdayjobs.com/WVUH/job/Weirton-Medical-Center-WMCH/Physician--Endocrinology---Weirton-Medical-Center_JR26-42298-1
2026-10-05,closed,wvumedicine,wvumedicine,token,unverified,workday,Radiology Nurse-casual,clinical,unspecified,False,Camden Clark Medical Center (CCMC),,2026-09-15,2026-10-04,False,,high,workday published a record count and the fetch matched it,,,https://wvumedicine.wd1.myworkdayjobs.com/WVUH/job/Camden-Clark-Medical-Center-CCMC/Radiology-Nurse-casual_JR26-43021
2026-10-05,opened,wvumedicine,wvumedicine,token,unverified,workday,Therapists-PT PRN,clinical,unspecified,False,Ohio Valley Health Care,,2026-09-15,2026-10-05,False,,high,posting was directly observed on the board,,,https://wvumedicine.wd1.myworkdayjobs.com/WVUH/job/Ohio-Valley-Health-Care/Therapists-PT-PRN_JR26-26552-1
2026-10-05,opened,wvumedicine,wvumedicine,token,unverified,workday,UHC - Occupational Therapist,clinical,unspecified,False,United Hospital Center (UHC),,2026-10-05,2026-10-05,False,,high,posting was directly observed on the board,,,https://wvumedicine.wd1.myworkdayjobs.com/WVUH/job/United-Hospital-Center-UHC/UHC---Occupational-Therapist_JR26-46419
2026-10-05,closed,wvumedicine,wvumedicine,token,unverified,workday,UHC - Surgical Endoscopy Tech,other,unspecified,False,United Hospital Center (UHC),,2026-09-15,2026-10-04,False,,high,workday published a record count and the fetch matched it,,,https://wvumedicine.wd1.myworkdayjobs.com/WVUH/job/United-Hospital-Center-UHC/UHC---Surgical-Endoscopy-Tech_JR26-44916
2026-10-05,closed,wvumedicine,wvumedicine,token,unverified,workday,UHC- Emergency Department Associate,other,junior,False,United Hospital Center (UHC),,2026-09-15,2026-10-04,False,,high,workday published a record count and the fetch matched it,,,https://wvumedicine.wd1.myworkdayjobs.com/WVUH/job/United-Hospital-Center-UHC/UHC--Emergency-Department-Associate-6pm-6-30am-Shift_JR26-43876
2026-10-05,closed,wwecorp,wwecorp,token,unverified,workday,International Financial Controller,finance,unspecified,False,"London, UK",,2026-09-15,2026-10-04,False,,high,workday published a record count and the fetch matched it,,,https://wwecorp.wd5.myworkdayjobs.com/IMG/job/London-UK/International-Financial-Controller_R0008174
2026-10-05,opened,www,www,token,unverified,unknown,Account Manager French Market,sales,manager,True,"Dublin, Ireland",AMA Quota Carriers - EMEA,2026-10-05,2026-10-05,False,,high,posting was directly observed on the board,2026-10-05,0,https://www.kaseya.com/careers/jobs/id/6216653004/?gh_jid=6216653004
2026-10-05,opened,www,www,token,unverified,unknown,Data & AI Strategist,other,unspecified,False,"London, United Kingdom; Manchester, United Kingdom; Newcastle, United Kingdom",1Y_UKSTH SL DATA,2026-09-16,2026-10-05,False,,high,posting was directly observed on the board,2026-10-05,0,https://www.thoughtworks.com/careers/jobs/8156364?gh_jid=8156364
2026-10-05,opened,www,www,token,unverified,unknown,"Data Analyst, GTM Analytics",data,unspecified,False,"Provo, Utah, United States",GTM Strategic Programs,2026-10-05,2026-10-05,False,,high,posting was directly observed on the board,2026-10-05,0,https://www.qualtrics.com/careers/us/en/job/8247259?gh_jid=8247259
2026-10-05,opened,www,www,token,unverified,unknown,Director Schools (m/w/d),other,director,True,Germany Remote,Management / Office Support,2026-10-05,2026-10-05,False,,high,posting was directly observed on the board,2026-10-05,0,https://www.gostudent.org/en-gb/job-position/?gh_jid=4997367101
2026-10-05,opened,www,www,token,unverified,unknown,"Director, Global Services, Consultancy ",other,director,True,Kuala Lumpur,Consulting ,2026-10-05,2026-10-05,False,,high,posting was directly observed on the board,2026-10-05,0,https://www.mintel.com/job/8184767?gh_jid=8184767
2026-10-05,opened,www,www,token,unverified,unknown,Enterprise Sales Development Representative (SDR),sales,unspecified,False,"Germany ; München, Bavaria, Germany",Sales - Sales Development - Enterprise,2026-10-05,2026-10-05,False,,high,posting was directly observed on the board,2026-10-05,0,https://www.lanes-planes.com/offenestellen/4997079101?gh_jid=4997079101
2026-10-05,opened,www,www,token,unverified,unknown,Inbound Sales Executive (Helsinki),sales,unspecified,False,"Helsinki, Uusimaa, Finland",Inbound Sales,2026-10-05,2026-10-05,False,,high,posting was directly observed on the board,2026-10-04,1,https://www.lenusehealth.com/careers/apply?gh_jid=4996988101
2026-10-05,opened,www,www,token,unverified,unknown,People Partner (Product & Engineering) ,engineering,unspecified,False,"Spain (Remote), Tallinn",People,2026-10-05,2026-10-05,False,,high,posting was directly observed on the board,2026-10-05,0,https://www.veriff.com/careers/position/8719539002?gh_jid=8719539002
2026-10-05,opened,www,www,token,unverified,unknown,Principal Engagement Lead (Technology Advisory) ,other,principal,False,"London, United Kingdom",11_TWUKD PS - Tech Advisory Service Development,2026-10-05,2026-10-05,False,,high,posting was directly observed on the board,2026-10-05,0,https://www.thoughtworks.com/careers/jobs/7995201?gh_jid=7995201
2026-10-05,opened,www,www,token,unverified,unknown,Principal Solutions Architect/Engineer (pre-sales),engineering,principal,False,"Bangkok, Thailand",1S_TWTHA DEC Region,2026-10-05,2026-10-05,False,,high,posting was directly observed on the board,2026-10-05,0,https://www.thoughtworks.com/careers/jobs/7893065?gh_jid=7893065
2026-10-05,opened,www,www,token,unverified,unknown,Scaled Retention Customer Success Manager,support,manager,True,United States,Revenue,2026-10-05,2026-10-05,False,,high,posting was directly observed on the board,2026-10-04,1,https://www.bill.com/job?6208055004&gh_jid=6208055004
2026-10-05,opened,www,www,token,unverified,unknown,Senior Account Executive / USA,sales,senior,False,New York ,Sales - North America,2026-10-05,2026-10-05,False,,high,posting was directly observed on the board,2026-10-05,0,https://www.veriff.com/careers/position/8827396002?gh_jid=8827396002
2026-10-05,opened,www,www,token,unverified,unknown,"Senior Agentic AI Engineer, AI Automation ",engineering,senior,False,Kuala Lumpur,Business Transformation (4027),2026-09-16,2026-10-05,False,,high,posting was directly observed on the board,2026-10-05,0,https://www.mintel.com/job/7959858?gh_jid=7959858
2026-10-05,opened,www,www,token,unverified,unknown,Senior Director and Head of Quality,other,director,True,United States,Operations,2026-10-05,2026-10-05,False,,high,posting was directly observed on the board,2026-10-05,0,https://www.universaldx.com/careers?gh_jid=4997466101#grnhse_app
2026-10-05,opened,www,www,token,unverified,unknown,Senior Salesforce Product Owner,product,senior,False,Germany,IT,2026-10-05,2026-10-05,False,,high,posting was directly observed on the board,2026-10-05,0,https://www.lucanet.com/en/careers/jobs/?gh_jid=4987517101
2026-10-05,opened,www,www,token,unverified,unknown,Senior Salesforce Product Owner,product,senior,False,Spain,IT,2026-10-05,2026-10-05,False,,high,posting was directly observed on the board,2026-10-05,0,https://www.lucanet.com/en/careers/jobs/?gh_jid=4997113101
2026-10-05,opened,www,www,token,unverified,unknown,"Software Engineer (Agentic AI), AI Automation ",engineering,unspecified,False,Kuala Lumpur,Business Transformation (4027),2026-09-30,2026-10-05,False,,high,posting was directly observed on the board,2026-10-05,0,https://www.mintel.com/job/8239409?gh_jid=8239409
2026-10-05,opened,www,www,token,unverified,unknown,Software Procurement Intern,operations,intern,False,"Gurgaon, India; Pune, India",72_TWRKS Business Services,2026-10-05,2026-10-05,False,,high,posting was directly observed on the board,2026-10-05,0,https://www.thoughtworks.com/careers/jobs/8236673?gh_jid=8236673
2026-10-05,closed,www,www,token,unverified,unknown,Assistant Manager of University Relationships,other,manager,True,"Delhi, India","Kaaiser, Partnerships",2026-09-15,2026-10-04,False,,low,"source platform could not be identified from the posting URL, so completeness cannot be assessed",,,http://www.cialfo.co/careers?gh_jid=5890328004
2026-10-05,closed,www,www,token,unverified,unknown,Contract Manager,other,manager,True,London; United Kingdom,Legal & Compliance,2026-09-15,2026-10-04,False,,low,"source platform could not be identified from the posting URL, so completeness cannot be assessed",,,https://www.fireblocks.com/careers/position?gh_jid=4702038006
2026-10-05,closed,www,www,token,unverified,unknown,Enterprise Applications Developer,engineering,unspecified,False,"Bielsko-Biała, Poland",IT,2026-09-15,2026-10-04,False,,low,"source platform could not be identified from the posting URL, so completeness cannot be assessed",,,https://www.precisely.com/careers-and-culture/international-jobs/job/4728652005?gh_jid=4728652005
2026-10-05,closed,www,www,token,unverified,unknown,Executive Assistant ,other,unspecified,False,Gurugram,Executive Support,2026-10-02,2026-10-04,False,,low,"source platform could not be identified from the posting URL, so completeness cannot be assessed",,,https://www.kkr.com/careers/career-opportunities/post?gh_jid=5994147004
2026-10-05,closed,www,www,token,unverified,unknown,Head of AI Transformation,other,lead,True,"Prague, Czechia",Operations,2026-09-15,2026-10-04,False,,low,"source platform could not be identified from the posting URL, so completeness cannot be assessed",,,https://www.make.com/en/careers-detail?gh_jid=7987790003
2026-10-05,closed,www,www,token,unverified,unknown,Head of AI Transformation,other,lead,True,"Madrid, Spain",Operations,2026-09-15,2026-10-04,False,,low,"source platform could not be identified from the posting URL, so completeness cannot be assessed",,,https://www.make.com/en/careers-detail?gh_jid=7987792003
2026-10-05,closed,www,www,token,unverified,unknown,Implementation Architect,other,unspecified,False,Bengaluru,Implementation Architecture,2026-09-28,2026-10-04,False,,low,"source platform could not be identified from the posting URL, so completeness cannot be assessed",,,https://www.appviewx.com/current-openings/?gh_jid=6173245004
2026-10-05,closed,www,www,token,unverified,unknown,Junior DevOps Engineer,engineering,junior,False,Sofia,R&D,2026-09-15,2026-10-04,False,,low,"source platform could not be identified from the posting URL, so completeness cannot be assessed",,,https://www.yotpo.com/careers/gid-8152786?gh_jid=8152786
2026-10-05,closed,www,www,token,unverified,unknown,Junior Security Engineer - Cloud Foundation,engineering,junior,False,Sofia,Information & Security,2026-09-15,2026-10-04,False,,low,"source platform could not be identified from the posting URL, so completeness cannot be assessed",,,https://www.yotpo.com/careers/gid-8161185?gh_jid=8161185
2026-10-05,closed,www,www,token,unverified,unknown,Lead Developer,engineering,lead,False,"Bangalore, India",1S_TWIND DEC Region,2026-09-29,2026-10-04,False,,low,"source platform could not be identified from the posting URL, so completeness cannot be assessed",,,https://www.thoughtworks.com/careers/jobs/8096110?gh_jid=8096110
2026-10-05,closed,www,www,token,unverified,unknown,LernQuadrat - Center Manager (w/m/d) in Schwechat (2320),other,manager,True,"Schwechat, Lower Austria, Austria",Lernquadrat,2026-09-15,2026-10-04,False,,low,"source platform could not be identified from the posting URL, so completeness cannot be assessed",,,https://www.gostudent.org/en-gb/job-position/?gh_jid=4966645101
2026-10-05,closed,www,www,token,unverified,unknown,Office & Welfare Manager,other,manager,True,"Tel Aviv-Yafo, Gush Dan, Israel",General & Administrative,2026-09-15,2026-10-04,False,,low,"source platform could not be identified from the posting URL, so completeness cannot be assessed",,,https://www.transmitsecurity.com/about/careers/job?gh_jid=8785158002
2026-10-05,closed,www,www,token,unverified,unknown,Operations Specialist,operations,unspecified,False,"Delhi, India",Student Placements,2026-09-15,2026-10-04,False,,low,"source platform could not be identified from the posting URL, so completeness cannot be assessed",,,http://www.cialfo.co/careers?gh_jid=6187881004
2026-10-05,closed,www,www,token,unverified,unknown,Quality Assurance Manager (Sales),sales,manager,True,"Delhi, India","Kaaiser, Operations",2026-09-15,2026-10-04,False,,low,"source platform could not be identified from the posting URL, so completeness cannot be assessed",,,http://www.cialfo.co/careers?gh_jid=5797505004
2026-10-05,closed,www,www,token,unverified,unknown,Senior Paid Media & Search Marketing Manager,marketing,senior,True,"Bengaluru, Karnataka, India",Marketing,2026-09-29,2026-10-04,False,,low,"source platform could not be identified from the posting URL, so completeness cannot be assessed",,,https://www.vectra.ai/about/jobs?gh_jid=8163734
2026-10-05,closed,www,www,token,unverified,unknown,ServiceNow Senior Software Engineer - AI,engineering,senior,False,Remote,Delivery,2026-09-15,2026-10-04,False,,low,"source platform could not be identified from the posting URL, so completeness cannot be assessed",,,https://www.newrocket.com/careers/job?gh_jid=6210397004&gh_jid=6210397004
2026-10-05,closed,www,www,token,unverified,unknown,Sr. DevOps Engineer- Terraform/Pulumi,engineering,senior,False,"Pune, India",IT Complete,2026-09-28,2026-10-04,False,,low,"source platform could not be identified from the posting URL, so completeness cannot be assessed",,,https://www.kaseya.com/careers/jobs/id/6179755004/?gh_jid=6179755004
2026-10-05,closed,wynd,wynd,token,unverified,workday,"Analyst, Club Compliance/Operations II",data,unspecified,False,"Florida, USA (work from home)",,2026-09-25,2026-10-04,False,,high,workday published a record count and the fetch matched it,,,https://wynd.wd5.myworkdayjobs.com/External/job/Florida-USA-work-from-home/Analyst--Club-Compliance-Operations-II_R-129388
2026-10-05,opened,wynd,wynd,token,unverified,workday,Food & Beverage / Functions Supervisor,other,manager,True,Seven Mile Beach,,2026-10-05,2026-10-05,False,,high,posting was directly observed on the board,,,https://wynd.wd5.myworkdayjobs.com/External/job/Seven-Mile-Beach/Food---Beverage---Functions-Supervisor_R-129756
2026-10-05,opened,wynd,wynd,token,unverified,workday,Hostess,other,unspecified,False,Club Wyndham Dreamland,,2026-10-05,2026-10-05,False,,high,posting was directly observed on the board,,,https://wynd.wd5.myworkdayjobs.com/External/job/Club-Wyndham-Dreamland/Hostess_R-129928
2026-10-05,opened,wynd,wynd,token,unverified,workday,Quality Assurance Representative,other,unspecified,False,Novotel Nusa Dua,,2026-10-05,2026-10-05,False,,high,posting was directly observed on the board,,,https://wynd.wd5.myworkdayjobs.com/External/job/Novotel-Nusa-Dua/Quality-Assurance-Representative_R-129921
2026-10-05,opened,wynd,wynd,token,unverified,workday,Quality Assurance Representative,other,unspecified,False,Club Wyndham Dreamland,,2026-10-05,2026-10-05,False,,high,posting was directly observed on the board,,,https://wynd.wd5.myworkdayjobs.com/External/job/Club-Wyndham-Dreamland/Quality-Assurance-Representative_R-129923
2026-10-05,closed,xcelenergy,xcelenergy,token,unverified,workday,Associate Portfolio Manager - Power Purchase,other,manager,True,3 Locations,,2026-09-22,2026-10-04,False,,high,workday published a record count and the fetch matched it,,,https://xcelenergy.wd1.myworkdayjobs.com/External/job/Denver-CO-80205/Associate-Portfolio-Manager---Power-Purchase_JR116089-1
2026-10-05,closed,xcelenergy,xcelenergy,token,unverified,workday,Change Management Analyst,data,unspecified,False,2 Locations,,2026-09-27,2026-10-04,False,,high,workday published a record count and the fetch matched it,,,https://xcelenergy.wd1.myworkdayjobs.com/External/job/Minneapolis-MN-55401/Change-Management-Analyst_JR116657
2026-10-05,closed,xcelenergy,xcelenergy,token,unverified,workday,"Communications Consultant, Product Marketing",marketing,unspecified,False,2 Locations,,2026-09-22,2026-10-04,False,,high,workday published a record count and the fetch matched it,,,https://xcelenergy.wd1.myworkdayjobs.com/External/job/Minneapolis-MN-55401/Communications-Consultant--Product-Marketing_JR116273-1
2026-10-05,closed,xcelenergy,xcelenergy,token,unverified,workday,Corporate Development Director,other,director,True,3 Locations,,2026-09-15,2026-10-04,False,,high,workday published a record count and the fetch matched it,,,https://xcelenergy.wd1.myworkdayjobs.com/External/job/Denver-CO-80205/Corp-Development-Director_JR116491-1
2026-10-05,closed,xcelenergy,xcelenergy,token,unverified,workday,Cyber Security IT Engineer,engineering,unspecified,False,"Monticello, MN, 55362",,2026-09-27,2026-10-04,False,,high,workday published a record count and the fetch matched it,,,https://xcelenergy.wd1.myworkdayjobs.com/External/job/Monticello-MN-55362/Cyber-Security-IT-Engineer_JR116309-1
2026-10-05,closed,xcelenergy,xcelenergy,token,unverified,workday,"Engineer, Gas Alternatives (Staff, Senior, or Principal) - Denver, CO",engineering,principal,False,"Denver, CO, 80223",,2026-10-01,2026-10-04,False,,high,workday published a record count and the fetch matched it,,,https://xcelenergy.wd1.myworkdayjobs.com/External/job/Denver-CO-80223/Engineer--Gas-Alternatives--Staff--Senior--or-Principal----Denver--CO_JR115475-1
2026-10-05,closed,xcelenergy,xcelenergy,token,unverified,workday,Material Operations Manager,operations,manager,True,"Amarillo, TX, 79101",,2026-09-25,2026-10-04,False,,high,workday published a record count and the fetch matched it,,,https://xcelenergy.wd1.myworkdayjobs.com/External/job/Amarillo-TX-79101/Material-Operations-Manager_JR115845-1
2026-10-05,closed,xcelenergy,xcelenergy,token,unverified,workday,"Material and Procurement Specialist - Welch, MN",operations,unspecified,False,"Welch, MN, 55089",,2026-09-23,2026-10-04,False,,high,workday published a record count and the fetch matched it,,,https://xcelenergy.wd1.myworkdayjobs.com/External/job/Welch-MN-55089/Material-and-Procurement-Specialist---Welch--MN_JR116477
2026-10-05,closed,xcelenergy,xcelenergy,token,unverified,workday,"Radiation Protection Specialist - Monticello, MN",other,unspecified,False,"Monticello, MN, 55362",,2026-09-23,2026-10-04,False,,high,workday published a record count and the fetch matched it,,,https://xcelenergy.wd1.myworkdayjobs.com/External/job/Monticello-MN-55362/Radiation-Protection-Specialist---Monticello--MN_JR116410-1
2026-10-05,opened,xcelenergy,xcelenergy,token,unverified,workday,Senior IT Engineer,engineering,senior,False,"Minneapolis, MN, 55401",,2026-10-05,2026-10-05,False,,high,posting was directly observed on the board,,,https://xcelenergy.wd1.myworkdayjobs.com/External/job/Minneapolis-MN-55401/Senior-IT-Engineer_JR116674-1
2026-10-05,closed,xflow,xflow,token,unverified,bamboohr,Lead Data Scientist,data,lead,False,,Happy Color,2026-09-15,2026-10-04,False,,high,bamboohr published a record count and the fetch matched it,,,https://xflow.bamboohr.com/careers/121
2026-10-05,closed,xtrm,xtrm,token,unverified,bamboohr,Senior Software Engineer - Angular & Next.js Developer,engineering,senior,False,India,Engineering,2026-10-01,2026-10-04,False,,high,bamboohr published a record count and the fetch matched it,,,https://xtrm.bamboohr.com/careers/98
2026-10-05,closed,xylem,xylem,token,unverified,workday,Key Account Manager,sales,manager,True,"Budapest, Hungary",,2026-09-15,2026-10-04,False,,high,workday published a record count and the fetch matched it,,,https://xylem.wd5.myworkdayjobs.com/xylem-careers/job/Budapest-Hungary/Key-Account-Manager_R48396
2026-10-05,closed,xylem,xylem,token,unverified,workday,Senior Accountant EU East and South West,finance,senior,False,Budapest,,2026-09-15,2026-10-04,False,,high,workday published a record count and the fetch matched it,,,https://xylem.wd5.myworkdayjobs.com/xylem-careers/job/Budapest/Senior-Accountant-EU-East-and-South-West_R50032
2026-10-05,closed,xylem,xylem,token,unverified,workday,Senior Electronics Design Engineer,engineering,senior,False,Sundbyberg,,2026-09-15,2026-10-04,False,,high,workday published a record count and the fetch matched it,,,https://xylem.wd5.myworkdayjobs.com/xylem-careers/job/Sundbyberg/Senior-Electronics-Design-Engineer_R50135
2026-10-05,opened,xylem,xylem,token,unverified,workday,Senior Project Manager (m/f/d) Commercial Excellence Global,other,senior,True,6 Locations,,2026-10-05,2026-10-05,False,,high,posting was directly observed on the board,,,https://xylem.wd5.myworkdayjobs.com/xylem-careers/job/Herford/Senior-Project-Manager--m-f-d--Commercial-Excellence-Global_R50584-1
2026-10-05,opened,xylem,xylem,token,unverified,workday,Service supervisor,other,manager,True,"Sanford, Florida",,2026-10-05,2026-10-05,False,,high,posting was directly observed on the board,,,https://xylem.wd5.myworkdayjobs.com/xylem-careers/job/Sanford-Florida/Service-supervisor_R50953
2026-10-05,closed,yepoda,yepoda,token,unverified,ashby,Field Sales & Training Executive (CDD) — Sephora France,sales,unspecified,False,Paris,Operations,2026-09-15,2026-10-04,False,,medium,ashby publishes no count; whole board returned in one call,,,https://jobs.ashbyhq.com/yepoda/4c97136e-a0a7-482b-abfb-bd57d61534db
2026-10-05,closed,yepoda,yepoda,token,unverified,ashby,Fixed-Term Field Sales & Training Executive — Sephora UK ,sales,unspecified,False,London,Operations,2026-09-15,2026-10-04,False,,medium,ashby publishes no count; whole board returned in one call,,,https://jobs.ashbyhq.com/yepoda/325d3c1b-c9e6-439d-9981-6b44107b6333
2026-10-05,closed,yepoda,yepoda,token,unverified,ashby,Performance Marketing Manager (m/f/d) ,marketing,manager,True,Berlin,Growth,2026-09-15,2026-10-04,False,,medium,ashby publishes no count; whole board returned in one call,,,https://jobs.ashbyhq.com/yepoda/89c11f23-0c9a-4652-8689-6421fdb666ee
2026-10-05,closed,ylabs,ylabs,token,unverified,bamboohr,Operations Specialist,operations,unspecified,False,,Operations & Finance,2026-09-23,2026-10-04,False,,high,bamboohr published a record count and the fetch matched it,,,https://ylabs.bamboohr.com/careers/54
2026-10-05,opened,ymcauk,ymcauk,token,unverified,bamboohr,Finance Assistant,finance,unspecified,False,"Milton Keynes, Buckinghamshire",Finance,2026-10-05,2026-10-05,False,,high,posting was directly observed on the board,,,https://ymcauk.bamboohr.com/careers/40
2026-10-05,opened,ymcauk,ymcauk,token,unverified,bamboohr,Supported Housing Coach,support,unspecified,False,"Northampton, Northamptonshire",Resident Support,2026-09-15,2026-10-05,False,,high,posting was directly observed on the board,,,https://ymcauk.bamboohr.com/careers/41
2026-10-05,closed,younglife,younglife,token,unverified,workday,Area Admin-Boston,other,unspecified,False,"Boston, MA",,2026-10-01,2026-10-04,False,,high,workday published a record count and the fetch matched it,,,https://younglife.wd5.myworkdayjobs.com/YoungLife_Careers/job/Boston-MA/Area-Admin-Boston_JR106297
2026-10-05,closed,youthvillages,youthvillages,token,unverified,workday,Food Service Worker,operations,unspecified,False,"Memphis, TN",,2026-10-01,2026-10-04,False,,high,workday published a record count and the fetch matched it,,,https://youthvillages.wd1.myworkdayjobs.com/youthvillagescareers/job/Memphis-TN/Food-Service-Worker_JR789
2026-10-05,closed,zafinlabsamericasinc,zafinlabsamericasinc,token,unverified,greenhouse,Principal Architect,other,principal,False,Toronto,Customer Enablement; Customer Enablement,2026-09-15,2026-10-04,False,,high,greenhouse published a record count and the fetch matched it,,,https://job-boards.greenhouse.io/zafinlabsamericasinc/jobs/5188867007
2026-10-05,closed,zahneinsgmbh,zahneinsgmbh,token,unverified,personio,Group Accountant (m/w/d) in Hamburg,finance,unspecified,False,Hamburg - Mühlenkamp,Holding,2026-09-23,2026-10-04,False,,medium,personio publishes no count; whole board returned in one call,,,https://zahneinsgmbh.jobs.personio.de/job/2797576
2026-10-05,closed,zahneinsgmbh,zahneinsgmbh,token,unverified,personio,Senior Regionalcontroller (m/w/d),other,senior,False,Hamburg - Mühlenkamp,Holding,2026-09-15,2026-10-04,False,,medium,personio publishes no count; whole board returned in one call,,,https://zahneinsgmbh.jobs.personio.de/job/2700100
2026-10-05,closed,zebra,zebra,token,unverified,workday,Business Analyst Senior Advisor,data,senior,False,"Bengaluru, India",,2026-10-02,2026-10-04,False,,high,workday published a record count and the fetch matched it,,,https://zebra.wd501.myworkdayjobs.com/Zebra_careers/job/Bengaluru-India/Business-Analyst-Senior-Advisor_JR103517
2026-10-05,opened,zebra,zebra,token,unverified,workday,Devops Engineer II-1,engineering,unspecified,False,"Pune, India",,2026-10-05,2026-10-05,False,,high,posting was directly observed on the board,,,https://zebra.wd501.myworkdayjobs.com/Zebra_careers/job/Pune-India/Devops-Engineer-II-1_JR103334
2026-10-05,opened,zebra,zebra,token,unverified,workday,Devops Engineer II-2,engineering,unspecified,False,"Pune, India",,2026-10-05,2026-10-05,False,,high,posting was directly observed on the board,,,https://zebra.wd501.myworkdayjobs.com/Zebra_careers/job/Pune-India/Devops-Engineer-II-2_JR103335
2026-10-05,opened,zebra,zebra,token,unverified,workday,Senior Commercial Finance Manager,finance,senior,True,"Bourne End, United Kingdom",,2026-09-15,2026-10-05,False,,high,posting was directly observed on the board,,,https://zebra.wd501.myworkdayjobs.com/Zebra_careers/job/Bourne-End-United-Kingdom/Senior-Commercial-Finance-Manager_JR103232
2026-10-05,closed,zebra,zebra,token,unverified,workday,Software Engineer II (IN) Senior,engineering,senior,False,India Offsite,,2026-09-15,2026-10-04,False,,high,workday published a record count and the fetch matched it,,,https://zebra.wd501.myworkdayjobs.com/Zebra_careers/job/India-Offsite/Software-Engineer-II--IN--Senior_JR102909
2026-10-05,closed,zebra,zebra,token,unverified,workday,"Software Engineer, Professional I",engineering,unspecified,False,"Bengaluru, India",,2026-09-24,2026-10-04,False,,high,workday published a record count and the fetch matched it,,,https://zebra.wd501.myworkdayjobs.com/Zebra_careers/job/Bengaluru-India/Software-Engineer--Professional-I_JR103367
2026-10-05,closed,zebra,zebra,token,unverified,workday,"Software Engineer, Professional II",engineering,unspecified,False,"Bengaluru, India",,2026-09-15,2026-10-04,False,,high,workday published a record count and the fetch matched it,,,https://zebra.wd501.myworkdayjobs.com/Zebra_careers/job/Bengaluru-India/Software-Engineer--Professional-II_JR103132
2026-10-05,opened,zebra,zebra,token,unverified,workday,"Supervisor, Software Engineering (IN)",engineering,manager,True,"IND - Pune, India",,2026-10-05,2026-10-05,False,,high,posting was directly observed on the board,,,https://zebra.wd501.myworkdayjobs.com/Zebra_careers/job/IND---Pune-India/Supervisor--Software-Engineering--IN-_JR102695
2026-10-05,opened,zeely,zeely,token,unverified,ashby,Security Engineer,engineering,unspecified,False,Remote,DevOps,2026-10-05,2026-10-05,False,,high,posting was directly observed on the board,2026-10-05,0,https://jobs.ashbyhq.com/zeely/ec13f026-11a0-47ab-ae1a-bc700e00b7b6
2026-10-05,opened,zeely,zeely,token,unverified,ashby,Security Officer,other,unspecified,False,Remote,Development,2026-10-05,2026-10-05,False,,high,posting was directly observed on the board,2026-10-05,0,https://jobs.ashbyhq.com/zeely/80fdabd2-3680-4c88-b138-d3785650c6bd
2026-10-05,opened,zeely,zeely,token,unverified,ashby,System Administrator (IT & Security Operations),operations,unspecified,False,Remote,DevOps,2026-10-05,2026-10-05,False,,high,posting was directly observed on the board,2026-10-05,0,https://jobs.ashbyhq.com/zeely/2c6e27dc-3156-4616-9200-40d55990cdb1
2026-10-05,closed,zeely,zeely,token,unverified,ashby,Email Marketing Specialist & CRM,marketing,unspecified,False,Remote,Marketing,2026-09-15,2026-10-04,False,,medium,ashby publishes no count; whole board returned in one call,,,https://jobs.ashbyhq.com/zeely/64b20b6c-ba8a-4f4e-8c70-147345b8579a
2026-10-05,closed,zerotothree,zerotothree,token,unverified,greenhouse,Sr. Program Associate,other,senior,False,Remote - DC Metro,Policy Admin,2026-09-15,2026-10-04,False,,high,greenhouse published a record count and the fetch matched it,,,https://job-boards.greenhouse.io/zerotothree/jobs/5387418008
2026-10-05,closed,zideris,zideris,token,unverified,recruitee,(Persoonlijk) Begeleider | Gehandicaptenzorg | Zeist & De Bilt | 1 - 32 uur,other,unspecified,False,"Zeist, Utrecht, Nederland",Cluster de Bilt/Zeist,2026-09-15,2026-10-04,False,,medium,recruitee publishes no count; whole board returned in one call,,,https://zideris.recruitee.com/o/persoonlijk-begeleider-gehandicaptenzorg-zeist-de-bilt-1-32-uur
2026-10-05,closed,zideris,zideris,token,unverified,recruitee,Begeleider Rembrandtlaan 22 | Gehandicaptenzorg | Jongvolwassenen LVB | Huis ter Heide |16 – 32 uur,other,unspecified,False,"Huis ter Heide, Utrecht, Nederland",Cluster de Bilt/Zeist,2026-09-15,2026-10-04,False,,medium,recruitee publishes no count; whole board returned in one call,,,https://zideris.recruitee.com/o/begeleider-rembrandtlaan-22-gehandicaptenzorg-jongvolwassenen-lvb-huis-ter-heide-16-32-uur
2026-10-05,closed,ziina,ziina,token,unverified,ashby,Finance Analyst,data,unspecified,False,Dubai,Finance,2026-09-27,2026-10-04,False,,medium,ashby publishes no count; whole board returned in one call,,,https://jobs.ashbyhq.com/ziina/067d59db-eb1e-444c-8105-20e5ccb5f4b7
2026-10-05,opened,zillow,zillow,token,unverified,workday,Content Creator,marketing,unspecified,False,Remote-USA,,2026-09-28,2026-10-05,False,,high,posting was directly observed on the board,,,https://zillow.wd5.myworkdayjobs.com/Zillow_Group_External/job/Remote-USA/Content-Creator_P751372-1
2026-10-05,opened,zillow,zillow,token,unverified,workday,Principal Product Manager,product,principal,True,Remote-CA,,2026-10-05,2026-10-05,False,,high,posting was directly observed on the board,,,https://zillow.wd5.myworkdayjobs.com/Zillow_Group_External/job/Remote-CA/Principal-Product-Manager_P750959
2026-10-05,opened,zillow,zillow,token,unverified,workday,Product Manager,product,manager,True,Mexico City,,2026-09-24,2026-10-05,False,,high,posting was directly observed on the board,,,https://zillow.wd5.myworkdayjobs.com/Zillow_Group_External/job/Mexico-City/Product-Manager_P751347-1
2026-10-05,opened,zillow,zillow,token,unverified,workday,Senior Technical Program Manager,other,senior,True,Bengaluru,,2026-10-05,2026-10-05,False,,high,posting was directly observed on the board,,,https://zillow.wd5.myworkdayjobs.com/Zillow_Group_External/job/Bengaluru/Senior-Technical-Program-Manager_P751305-1
2026-10-05,opened,zillow,zillow,token,unverified,workday,Sr. Technical Program Manager,other,senior,True,Bengaluru,,2026-10-05,2026-10-05,False,,high,posting was directly observed on the board,,,https://zillow.wd5.myworkdayjobs.com/Zillow_Group_External/job/Bengaluru/Sr-Technical-Program-Manager_P751127-1
2026-10-05,opened,zinnia,zinnia,token,unverified,greenhouse,Senior Manager FP&A,finance,senior,True,"Gurugram, Haryana, India","Selling, General, & Administration ",2026-10-05,2026-10-05,False,,high,posting was directly observed on the board,2026-10-05,0,https://job-boards.greenhouse.io/zinnia/jobs/4716564006
2026-10-05,closed,zinnov,zinnov,token,unverified,greenhouse,Analyst - People Success Partner,data,unspecified,False,"Koramangala, Bangalore, Karnataka, India",GE - PSP,2026-09-17,2026-10-04,False,,high,greenhouse published a record count and the fetch matched it,,,https://job-boards.greenhouse.io/zinnov/jobs/4407093009
2026-10-05,closed,zinnov,zinnov,token,unverified,greenhouse,Senior Associate - Operations,operations,senior,False,"Koramangala, Bangalore, Karnataka, India",GE - Corporate Services,2026-09-15,2026-10-04,False,,high,greenhouse published a record count and the fetch matched it,,,https://job-boards.greenhouse.io/zinnov/jobs/4224338009
2026-10-05,closed,zinnov,zinnov,token,unverified,greenhouse,Senior Manager – Research & Thought Leadership,other,senior,True,"Koramangala, Bangalore, Karnataka, India","MKT - Thought Leadership, Content, Social",2026-09-15,2026-10-04,False,,high,greenhouse published a record count and the fetch matched it,,,https://job-boards.greenhouse.io/zinnov/jobs/4258551009
2026-10-05,closed,ziptrekconz,ziptrekconz,token,unverified,bamboohr,Tour Guide - Spring/Summer 2026,other,unspecified,False,"Queenstown, Otago",Guiding,2026-09-24,2026-10-04,False,,high,bamboohr published a record count and the fetch matched it,,,https://ziptrekconz.bamboohr.com/careers/42
2026-10-05,opened,zira,zira,token,unverified,recruitee,ZIRA Scholarships Fund Zijah Rašidagić,other,unspecified,False,Remote job,,2026-10-05,2026-10-05,False,,high,posting was directly observed on the board,2026-10-05,0,https://zira.recruitee.com/o/zira-scholarships-fund-zijah-rasidagic
2026-10-05,closed,zivid,zivid,token,unverified,bamboohr,Japan Country Manager,other,manager,True,"Tokyo, Japan",Sales Japan,2026-09-15,2026-10-04,False,,high,bamboohr published a record count and the fetch matched it,,,https://zivid.bamboohr.com/careers/158
2026-10-05,closed,zoetis,zoetis,token,unverified,workday,"Account Manager - Green Bay, WI",sales,manager,True,US WI Remote,,2026-09-22,2026-10-04,False,,high,workday published a record count and the fetch matched it,,,https://zoetis.wd5.myworkdayjobs.com/zoetis/job/US-WI-Remote/Account-Manager---Green-Bay--WI_JR00021647-1
2026-10-05,closed,zoetis,zoetis,token,unverified,workday,"Account Manager - Stowe, VT",sales,manager,True,US VT Remote,,2026-09-19,2026-10-04,False,,high,workday published a record count and the fetch matched it,,,https://zoetis.wd5.myworkdayjobs.com/zoetis/job/US-VT-Remote/Account-Manager---Stowe--VT_JR00021650-1
2026-10-05,opened,zoetis,zoetis,token,unverified,workday,"Account Manager-Dayton, OH",sales,manager,True,US OH Remote,,2026-10-05,2026-10-05,False,,high,posting was directly observed on the board,,,https://zoetis.wd5.myworkdayjobs.com/zoetis/job/US-OH-Remote/Account-Manager_JR00021384-1
2026-10-05,closed,zoetis,zoetis,token,unverified,workday,GMP Training Lead,other,lead,False,Atlanta,,2026-09-15,2026-10-04,False,,high,workday published a record count and the fetch matched it,,,https://zoetis.wd5.myworkdayjobs.com/zoetis/job/Atlanta/GMP-Training-Lead_JR00021341-1
2026-10-05,closed,zoetis,zoetis,token,unverified,workday,"Global Hatchery, Commercial Support Lead",support,lead,False,US Remote,,2026-09-15,2026-10-04,False,,high,workday published a record count and the fetch matched it,,,https://zoetis.wd5.myworkdayjobs.com/zoetis/job/US-Remote/Global-Hatchery--Commercial-Support-Lead_JR00021444
2026-10-05,closed,zoetis,zoetis,token,unverified,workday,International Trade Compliance & Logistics Lead,legal,lead,False,US Remote,,2026-09-15,2026-10-04,False,,high,workday published a record count and the fetch matched it,,,https://zoetis.wd5.myworkdayjobs.com/zoetis/job/US-Remote/Logistics-Lead_JR00020664-2
2026-10-05,closed,zoetis,zoetis,token,unverified,workday,OpEx Process Specialist,other,unspecified,False,Charles City,,2026-09-15,2026-10-04,False,,high,workday published a record count and the fetch matched it,,,https://zoetis.wd5.myworkdayjobs.com/zoetis/job/Charles-City/OpEx-Process-Specialist_JR00021442-1
2026-10-05,closed,zoetis,zoetis,token,unverified,workday,"Scientist, Downstream Bioprocess Development",other,unspecified,False,2 Locations,,2026-09-22,2026-10-04,False,,high,workday published a record count and the fetch matched it,,,https://zoetis.wd5.myworkdayjobs.com/zoetis/job/Kalamazoo---Downtown-Portage-Street/Scientist--Downstream-Bioprocess-Development_JR00021563-1
2026-10-05,closed,zoetis,zoetis,token,unverified,workday,Senior Associate Scientist - Biopharmaceutical Pilot Registration Lab,other,senior,False,Lincoln,,2026-09-22,2026-10-04,False,,high,workday published a record count and the fetch matched it,,,https://zoetis.wd5.myworkdayjobs.com/zoetis/job/Lincoln/Senior-Associate-Scientist---Biopharmaceutical-Pilot-Registration-Lab_JR00021513-2
2026-10-05,closed,zoetis,zoetis,token,unverified,workday,"Senior Manager, EHS & Sustainability Site Leader",other,senior,True,Atlanta,,2026-09-15,2026-10-04,False,,high,workday published a record count and the fetch matched it,,,https://zoetis.wd5.myworkdayjobs.com/zoetis/job/Atlanta/Senior-Manager--EHS---Sustainability-Site-Leader_JR00021426-1
2026-10-05,opened,zoll,zoll,token,unverified,workday,Alternant(e)- Chargé(e) Assurance Qualité et Affaires Réglementaires,other,unspecified,False,"Voisins le Bretonneux, France",,2026-10-05,2026-10-05,False,,high,posting was directly observed on the board,,,https://zoll.wd5.myworkdayjobs.com/zollmedicalcorp/job/Voisins-le-Bretonneux-France/Alternant-e---Charg-e--Assurance-Qualit-et-Affaires-Rglementaires_R20434
2026-10-05,opened,zonnehuisgroepamstelland,zonnehuisgroepamstelland,token,unverified,recruitee,Logopedist Amstelveen,other,unspecified,False,"Amstelveen, Noord-Holland, Nederland",Zonnehuis Behandelcentrum,2026-10-05,2026-10-05,False,,high,posting was directly observed on the board,2026-10-05,0,https://zonnehuisgroepamstelland.recruitee.com/o/logopedist-amstelveen
2026-10-05,closed,zonnehuisgroepamstelland,zonnehuisgroepamstelland,token,unverified,recruitee,Thuisondersteuner in de wijk Amstelveen,other,unspecified,False,"Ouderkerk aan de Amstel, Noord-Holland, Nederland",Zonnehuis Wijkverpleging,2026-09-17,2026-10-04,False,,medium,recruitee publishes no count; whole board returned in one call,,,https://zonnehuisgroepamstelland.recruitee.com/o/thuisondersteuner-in-de-wijk-amstelveen-1
2026-10-05,closed,zoom,zoom,token,unverified,workday,Content Marketing Specialist,marketing,unspecified,False,Remote  (US),,2026-09-30,2026-10-04,False,,high,workday published a record count and the fetch matched it,,,https://zoom.wd5.myworkdayjobs.com/Zoom/job/Remote--US/Content-Marketing-Specialist_R19709
2026-10-05,closed,zoom,zoom,token,unverified,workday,Digital Experience Specialist,other,unspecified,False,Remote  (US),,2026-09-30,2026-10-04,False,,high,workday published a record count and the fetch matched it,,,https://zoom.wd5.myworkdayjobs.com/Zoom/job/Remote--US/Digital-Experience-Specialist_R19708-1
2026-10-05,closed,zoom,zoom,token,unverified,workday,IT Analyst II,data,unspecified,False,Seattle (WA),,2026-09-29,2026-10-04,False,,high,workday published a record count and the fetch matched it,,,https://zoom.wd5.myworkdayjobs.com/Zoom/job/Seattle-WA/IT-Analyst-II_R19487-1
2026-10-05,opened,zoom,zoom,token,unverified,workday,Marketing Data Operations Analyst,data,unspecified,False,Remote (IND),,2026-10-05,2026-10-05,False,,high,posting was directly observed on the board,,,https://zoom.wd5.myworkdayjobs.com/Zoom/job/Remote-IND/Marketing-Data-Operations-Analyst_R19724-1
2026-10-05,closed,zupinnovation,zupinnovation,token,unverified,greenhouse,Pessoa Analista Resposta a Incidentes Pleno (CSIRT),other,unspecified,False,Remoto,G&A,2026-10-03,2026-10-04,False,,high,greenhouse published a record count and the fetch matched it,,,https://job-boards.greenhouse.io/zupinnovation/jobs/7819117003
2026-10-05,closed,zupinnovation,zupinnovation,token,unverified,greenhouse,Pessoa Estagiária de Inteligência Artificial e Inovação,other,unspecified,False,Remoto,G&A,2026-10-03,2026-10-04,False,,high,greenhouse published a record count and the fetch matched it,,,https://job-boards.greenhouse.io/zupinnovation/jobs/8002413003
2026-10-05,closed,Ōura,Ōura,,unverified,greenhouse,Paid Search Specialist (UK),other,unspecified,False,"Hybrid - London, England",Marketing,2026-09-03,2026-10-04,False,,high,greenhouse published a record count and the fetch matched it,,,https://job-boards.greenhouse.io/oura/jobs/4312903009
2026-10-05,opened,ΟΜΙΛΟΣ ΓΕΚ ΤΕΡΝΑ / GEK TERNA GROUP,ΟΜΙΛΟΣ ΓΕΚ ΤΕΡΝΑ / GEK TERNA GROUP,,unverified,workable,Energy Markets Operator,other,unspecified,False,"Athens, Attica, Greece",OPTIMUS / TRADING,2026-09-16,2026-10-05,False,,high,posting was directly observed on the board,2026-10-05,0,https://apply.workable.com/j/931495553C
